# Fig 5c
# 0. time (h), 1. flux 0 g/kg, 2. flux 10 g/kg, 3. flux 20 g/kg, 4. flux 35 g/kg, 5. flux 70 g/kg, 6. flux 100 g/kg
0.000000000000000000e+00 -2.837204883259963548e-02 -2.837200136344471615e-02 -2.837195475736748601e-02 -2.837188757607031833e-02 -2.837174374194642926e-02 -2.837163712777451136e-02
1.666666666666571928e-02 1.831496052501246571e-02 1.831493402108366753e-02 1.831490805602800295e-02 1.831487061595740012e-02 1.831479048651639061e-02 2.298336737791031523e-02
3.333333333333143855e-02 -1.348391523349476255e-02 -1.348491152414428747e-02 -1.348573623822072777e-02 -1.348689877472399913e-02 -1.348892871481200198e-02 -1.578625083779027286e-02
4.999999999999715783e-02 8.833133640148569526e-03 8.801849227770620551e-03 8.775222781084845297e-03 8.737650087390035764e-03 8.671446637964496523e-03 9.798007028710217434e-03
6.666666666666998253e-02 -5.415109072585613283e-03 -5.521012399568096980e-03 -5.609029769469674361e-03 -5.732995827391049182e-03 -5.951376786128953142e-03 -6.555515538399324729e-03
8.333333333333570181e-02 3.198735718484006958e-03 3.018204434533277442e-03 2.867689656032180925e-03 2.654933702039040562e-03 2.281264155041849012e-03 2.504265409454443751e-03
1.000000000000014211e-01 -1.811809787559851915e-03 -2.072544537244152326e-03 -2.289374768066467034e-03 -2.595083752230942665e-03 -3.131008954506923816e-03 -3.362988189081905430e-03
1.166666666666671404e-01 1.032801709135373978e-03 6.923417432088400285e-04 4.087406988134834182e-04 7.504952580871538955e-06 -6.941876337843013800e-04 -7.332454085209023182e-04
1.333333333333328596e-01 -5.474850292079755636e-04 -9.378321589787829262e-04 -1.262109303719600659e-03 -1.723551081645922694e-03 -2.527008460065140356e-03 -2.686750500112385434e-03
1.499999999999985789e-01 3.171018736766259712e-04 -7.961233688580215539e-05 -4.072515627209398535e-04 -8.791141245651144754e-04 -1.693184124974850269e-03 -1.797011711550172783e-03
1.666666666666642982e-01 -1.515213041961697201e-04 -5.540487006333966961e-04 -8.869005334487271765e-04 -1.367570832645432014e-03 -2.196216336361492012e-03 -2.330703507393536416e-03
1.833333333333300175e-01 9.441792603553251768e-05 -3.120061946909376683e-04 -6.496619360319093707e-04 -1.132942085534020035e-03 -1.973435838490861325e-03 -2.091324219438144179e-03
2.000000000000028422e-01 -3.936421137429109467e-05 -4.514556825657877110e-04 -7.938486450911843477e-04 -1.281770024174035821e-03 -2.118007079534916723e-03 -2.242791627210785968e-03
2.166666666666685614e-01 2.314598037734136047e-05 -3.937149241957304483e-04 -7.404517955938624265e-04 -1.233145726401089614e-03 -2.092987290667366190e-03 -2.213075071439839399e-03
2.333333333333342807e-01 -1.364852898663363037e-06 -4.219111219950923792e-04 -7.728304663803559505e-04 -1.269779148815019945e-03 -2.132164156868311070e-03 -2.254378112359939953e-03
2.500000000000000000e-01 7.915156194907786553e-06 -4.159862940424185313e-04 -7.699797421818157421e-04 -1.272074991668102444e-03 -2.140596354602682539e-03 -2.265241761104821398e-03
2.666666666666657193e-01 3.695140408985001946e-06 -4.236791379389770744e-04 -7.797686899157582228e-04 -1.285374185907311832e-03 -2.159974680551493033e-03 -2.286199848096541389e-03
2.833333333333314386e-01 5.000741213652958783e-06 -4.251828194842724017e-04 -7.844999107791952517e-04 -1.291014368863692245e-03 -2.172538433022964174e-03 -2.300337444410944631e-03
2.999999999999971578e-01 3.972549245988336142e-06 -4.290672926456051131e-04 -7.905437922011033245e-04 -1.299262262212353422e-03 -2.183829421630114915e-03 -2.311588889493485649e-03
3.166666666666699825e-01 4.031641035639330685e-06 -4.321292382795529448e-04 -7.945888002192772782e-04 -1.306176532898160316e-03 -2.193507484677957413e-03 -2.323592858901440180e-03
3.333333333333357018e-01 3.549698501273040267e-06 -4.350690372377793796e-04 -7.991425427549798217e-04 -1.314432966024321010e-03 -2.204473990640750183e-03 -2.334693548914877625e-03
3.500000000000014211e-01 3.237426303120464108e-06 -4.371407199345855583e-04 -8.032981557376039439e-04 -1.320172457425484959e-03 -2.214494257999042714e-03 -2.343602557038239071e-03
3.666666666666671404e-01 2.804413810382285987e-06 -4.391537047546473964e-04 -8.068556182456122425e-04 -1.324909483055548886e-03 -2.226009700330244465e-03 -2.353513138833252839e-03
3.833333333333328596e-01 2.334786062610993789e-06 -4.414127638319757189e-04 -8.110967743496427578e-04 -1.329890143831181796e-03 -2.233025161033469139e-03 -2.362377255804627187e-03
3.999999999999985789e-01 1.754648478534284233e-06 -4.437894390731184557e-04 -8.141631384819093343e-04 -1.336345891648630865e-03 -2.238811249121275965e-03 -2.371370263173129805e-03
4.166666666666642982e-01 1.131014760982776141e-06 -4.463558604197194728e-04 -8.174076661244716923e-04 -1.341845689262795857e-03 -2.246060915673536804e-03 -2.380522615971002870e-03
4.333333333333300175e-01 4.860872644524891910e-07 -4.489623506672065509e-04 -8.210167350266351933e-04 -1.346377738774631695e-03 -2.254805506352274697e-03 -2.385359686037904960e-03
4.500000000000028422e-01 -1.881056603853224490e-07 -4.512426883914556828e-04 -8.248664190803666005e-04 -1.351465884713674761e-03 -2.263917128485242684e-03 -2.393587692446197141e-03
4.666666666666685614e-01 -8.726463202083023561e-07 -4.536470501058168501e-04 -8.296949993194264322e-04 -1.355724791645220072e-03 -2.271442308373825426e-03 -2.400123950364062286e-03
4.833333333333342807e-01 -1.579304235390163357e-06 -4.570017923312035338e-04 -8.336970004304606772e-04 -1.361025607938120066e-03 -2.277115793735919567e-03 -2.407060154993902624e-03
5.000000000000000000e-01 -2.305842758801193541e-06 -4.604655615406839236e-04 -8.389820734838551210e-04 -1.366449735447978608e-03 -2.285131058716811936e-03 -2.412085744362657894e-03
5.166666666666657193e-01 -2.969050309127289712e-06 -4.636075267357606892e-04 -8.425354310610235148e-04 -1.374517760888383780e-03 -2.292939855081315564e-03 -2.415854614877157702e-03
5.333333333333314386e-01 -3.657130996693990073e-06 -4.668634302842141078e-04 -8.452215061549295510e-04 -1.380439032661495919e-03 -2.298001064784299923e-03 -2.421993639336136005e-03
5.499999999999971578e-01 -4.384610997189844961e-06 -4.695546786076205199e-04 -8.498595365147330405e-04 -1.387272605668878273e-03 -2.303660420799929099e-03 -2.430599584765927388e-03
5.666666666666699825e-01 -5.196357712342520473e-06 -4.725790998368008711e-04 -8.546917834574853899e-04 -1.393241331135233524e-03 -2.311794580723463069e-03 -2.435817383757090619e-03
5.833333333333357018e-01 -5.976042342122787280e-06 -4.759456744318910017e-04 -8.597147373805506376e-04 -1.401256489170850557e-03 -2.321302313451518561e-03 -2.437699447192031438e-03
6.000000000000014211e-01 -6.713036370765965480e-06 -4.804069416780895716e-04 -8.664497437064550738e-04 -1.407615766951505858e-03 -2.328029566796948474e-03 -2.442718969185150510e-03
6.166666666666671404e-01 -7.508009530878298201e-06 -4.858313158062934332e-04 -8.739916999299239845e-04 -1.414985168330091083e-03 -2.332772444360683116e-03 -2.446453205200289395e-03
6.333333333333328596e-01 -8.292229385540555428e-06 -4.908289901212743679e-04 -8.817881682712985824e-04 -1.424738392626615944e-03 -2.339061690404473527e-03 -2.448256887381110216e-03
6.499999999999985789e-01 -9.046784044278668408e-06 -4.956249387309804915e-04 -8.900110884950375922e-04 -1.434664100500655532e-03 -2.349848761394708867e-03 -2.456389746595541695e-03
6.666666666666642982e-01 -9.735182996179887909e-06 -5.006327956353856870e-04 -8.989626791960828424e-04 -1.446170546032316245e-03 -2.358642870634650515e-03 -2.460034768751198381e-03
6.833333333333300175e-01 -1.033247296764663898e-05 -5.055458246018429023e-04 -9.063559012080789389e-04 -1.456879659656764442e-03 -2.366292643055818105e-03 -2.461820918123542451e-03
7.000000000000028422e-01 -1.087312520047459009e-05 -5.099682456550861916e-04 -9.127869447570884911e-04 -1.466805770063724437e-03 -2.378184015102549186e-03 -2.469777843345855213e-03
7.166666666666685614e-01 -1.135788098950830753e-05 -5.144507563572985791e-04 -9.195799258813742950e-04 -1.477596696656491466e-03 -2.392162118085222784e-03 -2.477427222146052783e-03
7.333333333333342807e-01 -1.181550815142991519e-05 -5.187612730034028320e-04 -9.268652473170511941e-04 -1.487838581107841108e-03 -2.402628459317131607e-03 -2.482937677432165650e-03
7.500000000000000000e-01 -1.224901603860196758e-05 -5.230113584937282848e-04 -9.337271516924742012e-04 -1.498245596717731696e-03 -2.415515211252110880e-03 -2.485645985616489334e-03
7.666666666666657193e-01 -1.263803470922890258e-05 -5.272401710264925561e-04 -9.405415304895629013e-04 -1.508898874122638475e-03 -2.429027662022427165e-03 -2.487237524160694664e-03
7.833333333333314386e-01 -1.298670710983466707e-05 -5.315183683015548650e-04 -9.477323971989984764e-04 -1.519340943125524609e-03 -2.443670773521456740e-03 -2.495500769110772787e-03
7.999999999999971578e-01 -1.331186502580200219e-05 -5.349330191597860855e-04 -9.548757728407305341e-04 -1.530811047056543535e-03 -2.456462137473040298e-03 -2.501171095673111744e-03
8.166666666666699825e-01 -1.361681040167776077e-05 -5.389536348187709026e-04 -9.616606220560810483e-04 -1.541310980099985708e-03 -2.464517337246729511e-03 -2.505745085996278002e-03
8.333333333333357018e-01 -1.390948710913677053e-05 -5.430213800904075839e-04 -9.681863618944107092e-04 -1.551231045440413289e-03 -2.471324126367372732e-03 -2.512266934943687986e-03
8.500000000000014211e-01 -1.419196408593420183e-05 -5.470172847550369439e-04 -9.752462002075693069e-04 -1.561771890187294313e-03 -2.482992565388818500e-03 -2.520072960151278733e-03
8.666666666666671404e-01 -1.445439669196486117e-05 -5.507818337263720903e-04 -9.817390906550530448e-04 -1.572626665492729645e-03 -2.495699227611315307e-03 -2.526979535450540621e-03
8.833333333333328596e-01 -1.470385078022739755e-05 -5.541955910669025100e-04 -9.880965955776535407e-04 -1.582993659740294934e-03 -2.512075716474577915e-03 -2.533686874841277383e-03
8.999999999999985789e-01 -1.494609907056902842e-05 -5.576224739035259273e-04 -9.944236368694169340e-04 -1.593322957571464927e-03 -2.528123807727873044e-03 -2.539852048161649143e-03
9.166666666666642982e-01 -1.517952868218822741e-05 -5.613548473512476730e-04 -1.000515427337084987e-03 -1.603251762490820898e-03 -2.537188693428634508e-03 -2.542929460810877933e-03
9.333333333333300175e-01 -1.540744553822206905e-05 -5.647832292512128651e-04 -1.006920586120057777e-03 -1.612809266260556342e-03 -2.546669507996124869e-03 -2.550766514641072697e-03
9.500000000000028422e-01 -1.562477912816319909e-05 -5.680602463896245293e-04 -1.012959998427693511e-03 -1.621894306249233681e-03 -2.558235748098595073e-03 -2.559451541970503112e-03
9.666666666666685614e-01 -1.583550400568567345e-05 -5.718255464123565314e-04 -1.017819550214254685e-03 -1.630809311414095674e-03 -2.569374423527675307e-03 -2.565724082858136714e-03
9.833333333333342807e-01 -1.603423397395495600e-05 -5.752776458549328092e-04 -1.023267067225340325e-03 -1.641165986945434000e-03 -2.581808542850187651e-03 -2.574281563700478968e-03
1.000000000000000000e+00 -1.623647785311588038e-05 -5.783646503907806683e-04 -1.027692532406308465e-03 -1.648796885031402230e-03 -2.592554673258974131e-03 -2.582940112858814457e-03
1.016666666666665719e+00 -1.645669208929135977e-05 -5.815441450712843319e-04 -1.032491846975569071e-03 -1.656623142450678286e-03 -2.600520873989049363e-03 -2.589010105224941270e-03
1.033333333333331439e+00 -1.666088931625888186e-05 -5.848166950504739281e-04 -1.036388173404815313e-03 -1.662864873639542012e-03 -2.610650633625216047e-03 -2.593806966280393523e-03
1.049999999999997158e+00 -1.684890196483618551e-05 -5.879147843996295961e-04 -1.038840063185674867e-03 -1.667838535748344172e-03 -2.623561606004959270e-03 -2.600649771424772168e-03
1.066666666666669983e+00 -1.704356553258359519e-05 -5.906227935027276747e-04 -1.043761236787779526e-03 -1.673376376717359421e-03 -2.634209150622759694e-03 -2.611706055619127022e-03
1.083333333333335702e+00 -1.723917779810911328e-05 -5.925388062676635115e-04 -1.048198287731557298e-03 -1.678635733918396478e-03 -2.643664387585572574e-03 -2.621304250044090116e-03
1.100000000000001421e+00 -1.741184148795303164e-05 -5.951854823468934663e-04 -1.054131227773671920e-03 -1.684937185097671415e-03 -2.655903207960226987e-03 -2.635061220927541626e-03
1.116666666666667140e+00 -1.757879471682578771e-05 -5.966583405046917360e-04 -1.056903050179677566e-03 -1.691044393093814281e-03 -2.669483807395828419e-03 -2.646642615090815786e-03
1.133333333333332860e+00 -1.775166125302439599e-05 -5.985992065590314956e-04 -1.060515609991164072e-03 -1.699727702408061238e-03 -2.685271544277265977e-03 -2.659253857322924335e-03
1.149999999999998579e+00 -1.789733764297079770e-05 -6.013347850390130976e-04 -1.066602605067463842e-03 -1.704881550743042205e-03 -2.693357871379638974e-03 -2.666398268728997767e-03
1.166666666666664298e+00 -1.803571910090600105e-05 -6.040642167683706910e-04 -1.070756635960596215e-03 -1.712196013840241700e-03 -2.701094491542055560e-03 -2.673925404705974635e-03
1.183333333333330017e+00 -1.818812364586781880e-05 -6.054983197306840897e-04 -1.074129055925798120e-03 -1.716990745407409027e-03 -2.709236557886384941e-03 -2.681451344614573917e-03
1.200000000000002842e+00 -1.832919946436247034e-05 -6.079965866197134961e-04 -1.079936338260923919e-03 -1.721985035608578898e-03 -2.718391842244504298e-03 -2.691109316000328024e-03
1.216666666666668561e+00 -1.845464359038015710e-05 -6.104070633335671086e-04 -1.083458444692188922e-03 -1.728792720408179337e-03 -2.736350106413066533e-03 -2.698019058504350087e-03
1.233333333333334281e+00 -1.857430658895858544e-05 -6.132081396540240911e-04 -1.086160016016180646e-03 -1.732775857347515882e-03 -2.744022654750183799e-03 -2.704075993578525672e-03
1.250000000000000000e+00 -1.869936687532097072e-05 -6.161611638888062244e-04 -1.090127548303153077e-03 -1.737698026873295666e-03 -2.749512528583337653e-03 -2.718882386724537532e-03
1.266666666666665719e+00 -1.882178698525733502e-05 -6.179471360839296993e-04 -1.096155273086638288e-03 -1.746478601877033332e-03 -2.759694226890626115e-03 -2.726585129710005877e-03
1.283333333333331439e+00 -1.893418531004571542e-05 -6.194669446149542310e-04 -1.099068997018062864e-03 -1.752159599998503233e-03 -2.773206084360303313e-03 -2.729664993951614292e-03
1.299999999999997158e+00 -1.904885676619846483e-05 -6.210977046358079606e-04 -1.101809573502140994e-03 -1.759725280126093940e-03 -2.781574786086888924e-03 -2.743375401873199802e-03
1.316666666666669983e+00 -1.916272742022740323e-05 -6.231366668973823070e-04 -1.106614454523463693e-03 -1.767026399130993981e-03 -2.795595479131853228e-03 -2.749691316494365725e-03
1.333333333333335702e+00 -1.927316224291176618e-05 -6.255945785570164643e-04 -1.110216563273028938e-03 -1.771996696106113798e-03 -2.798952138124829233e-03 -2.758059934052429357e-03
1.350000000000001421e+00 -1.938429189013800546e-05 -6.281460064279880242e-04 -1.113471201890439471e-03 -1.776953562759583244e-03 -2.802897404897051158e-03 -2.772910267302581503e-03
1.366666666666667140e+00 -1.948753804988575468e-05 -6.311207798581813843e-04 -1.118671279686147624e-03 -1.785113675191182109e-03 -2.823437034102246456e-03 -2.778066270074171402e-03
1.383333333333332860e+00 -1.957760611749238748e-05 -6.334331173037170649e-04 -1.122110886194970002e-03 -1.792595752086364449e-03 -2.835162124018336411e-03 -2.787292084541979128e-03
1.399999999999998579e+00 -1.966942870397254685e-05 -6.350565295736060496e-04 -1.125263471726974367e-03 -1.798597389620514757e-03 -2.843052883447039474e-03 -2.800859383971523141e-03
1.416666666666664298e+00 -1.975169361585891973e-05 -6.379821207751558724e-04 -1.128377435618003327e-03 -1.804859251004003844e-03 -2.848794483487121412e-03 -2.816843414742850171e-03
1.433333333333330017e+00 -1.981009227029384461e-05 -6.412763809622871927e-04 -1.131779538471921641e-03 -1.813082418922082719e-03 -2.858805994129903251e-03 -2.822908985126790313e-03
1.450000000000002842e+00 -1.984963365990584656e-05 -6.443411984829505506e-04 -1.137596652260105569e-03 -1.819211545959272197e-03 -2.866827283236361625e-03 -2.828585911724662127e-03
1.466666666666668561e+00 -1.988425868786050849e-05 -6.466346658543322724e-04 -1.140938246781869874e-03 -1.819965051232362747e-03 -2.874337009671031149e-03 -2.844279321230626205e-03
1.483333333333334281e+00 -1.992646699369630571e-05 -6.479408056536204840e-04 -1.144514597227814416e-03 -1.828016975144624353e-03 -2.886614741149776987e-03 -2.854608126065705850e-03
1.500000000000000000e+00 -1.999935289917093446e-05 -6.500806454592612717e-04 -1.147161577441479022e-03 -1.835618054164472619e-03 -2.900426595449024075e-03 -2.863645331699130568e-03
1.516666666666665719e+00 -2.008932203286616357e-05 -6.518020335671007503e-04 -1.151207297591781307e-03 -1.838152672483520057e-03 -2.908904509644093771e-03 -2.875561750033170556e-03
1.533333333333331439e+00 -2.020704329062120120e-05 -6.540798989106597853e-04 -1.154196620765134303e-03 -1.845284101149990931e-03 -2.920710319763272257e-03 -2.889522043953775352e-03
1.549999999999997158e+00 -2.030148392562632789e-05 -6.569055458925396676e-04 -1.157605659220038935e-03 -1.850986899198124808e-03 -2.930116042307135196e-03 -2.896975846804118130e-03
1.566666666666669983e+00 -2.039729141554099171e-05 -6.589818156474093122e-04 -1.163765282985888610e-03 -1.859741949389265379e-03 -2.937789259654842011e-03 -2.904018680744011038e-03
1.583333333333335702e+00 -2.048129542265152717e-05 -6.601844747695339828e-04 -1.166352150197733214e-03 -1.866182414290215716e-03 -2.947654501870073350e-03 -2.918692781484785812e-03
1.600000000000001421e+00 -2.057412146172883787e-05 -6.616290192411776114e-04 -1.169118809863834004e-03 -1.868748453105968915e-03 -2.955448462053856390e-03 -2.930426556118809721e-03
1.616666666666667140e+00 -2.066958344620417278e-05 -6.639563859387161496e-04 -1.172155737448998380e-03 -1.870578707798158319e-03 -2.963235151779389665e-03 -2.941972421348163121e-03
1.633333333333332860e+00 -2.075693914350233761e-05 -6.664492440391340091e-04 -1.175673664721668026e-03 -1.877932397107552262e-03 -2.976039988166889663e-03 -2.948548495520104604e-03
1.649999999999998579e+00 -2.083441260130882930e-05 -6.694857402564412599e-04 -1.179591094247591301e-03 -1.884171762722538362e-03 -2.983745518202938346e-03 -2.955467508382257115e-03
1.666666666666664298e+00 -2.091065568525065700e-05 -6.711958788494695174e-04 -1.186540564006865767e-03 -1.891591811630558310e-03 -2.994668744046242830e-03 -2.965903379692638644e-03
1.683333333333330017e+00 -2.098886288218170185e-05 -6.721034641659540034e-04 -1.189304322775457156e-03 -1.897160664321787416e-03 -3.007771330493868179e-03 -2.977309786380804256e-03
1.700000000000002842e+00 -2.106367360378325103e-05 -6.733702907184978444e-04 -1.190747690129024487e-03 -1.904704830168591325e-03 -3.017602247064720983e-03 -2.981955437042738046e-03
1.716666666666668561e+00 -2.112994682174525117e-05 -6.752706320236554751e-04 -1.194918086835205801e-03 -1.909558281348658999e-03 -3.023824527810148061e-03 -2.987425372050040665e-03
1.733333333333334281e+00 -2.120697599695429967e-05 -6.776749017140149423e-04 -1.199704098074553475e-03 -1.917646129428772018e-03 -3.034261744750319477e-03 -2.999517971665385026e-03
1.750000000000000000e+00 -2.127813683082766598e-05 -6.801744244884901178e-04 -1.203440715008531180e-03 -1.920882158352153930e-03 -3.043127906967247037e-03 -3.012029995798698109e-03
1.766666666666665719e+00 -2.134251720053451245e-05 -6.824126475675932691e-04 -1.208344379935024065e-03 -1.926672656454176107e-03 -3.049248802563568183e-03 -3.020032456073048870e-03
1.783333333333331439e+00 -2.140439276172027605e-05 -6.847176624944201597e-04 -1.211577630973344677e-03 -1.934063034179374580e-03 -3.057453732759633259e-03 -3.025298715192299530e-03
1.799999999999997158e+00 -2.147759434084405499e-05 -6.875564690640786772e-04 -1.214966074583222243e-03 -1.942088107334255867e-03 -3.070786451119078119e-03 -3.031300911140017394e-03
1.816666666666669983e+00 -2.154746845188921684e-05 -6.898732640259776488e-04 -1.216180936405041914e-03 -1.949162501135151332e-03 -3.084697558562683913e-03 -3.035755510849645795e-03
1.833333333333335702e+00 -2.161717465401833240e-05 -6.923678470234614002e-04 -1.219875894831293304e-03 -1.954477243716210445e-03 -3.092277941594087903e-03 -3.043880753738245973e-03
1.850000000000001421e+00 -2.168217681559367436e-05 -6.944317595787808609e-04 -1.221869935646202870e-03 -1.958180351828505035e-03 -3.100435543530926773e-03 -3.057094077323657243e-03
1.866666666666667140e+00 -2.174351326493680330e-05 -6.970288836596591530e-04 -1.224149719051332045e-03 -1.962775756555657034e-03 -3.108606097224996152e-03 -3.062802206109461415e-03
1.883333333333332860e+00 -2.179537796736613926e-05 -6.982714633487581077e-04 -1.228833227308639498e-03 -1.969734642045921531e-03 -3.117564792637233812e-03 -3.070602830171300594e-03
1.899999999999998579e+00 -2.184925398451094733e-05 -6.996412023498428060e-04 -1.233373844920339704e-03 -1.974695064075202879e-03 -3.125845939938989414e-03 -3.078886893415071387e-03
1.916666666666664298e+00 -2.190226141988793558e-05 -7.019543010437376490e-04 -1.235267693897280309e-03 -1.978779216522759746e-03 -3.131031760133538844e-03 -3.084403439408711992e-03
1.933333333333330017e+00 -2.195159705201547352e-05 -7.041418186047924922e-04 -1.236819451547465330e-03 -1.984173590680777394e-03 -3.139736346297150853e-03 -3.092935799816383911e-03
1.950000000000002842e+00 -2.200349256301567999e-05 -7.067183769009330492e-04 -1.240479190793590189e-03 -1.989382462082158604e-03 -3.150118164701667597e-03 -3.101113606693594194e-03
1.966666666666668561e+00 -2.204956313574309986e-05 -7.091634976023702920e-04 -1.245698122524376873e-03 -1.996348639004708308e-03 -3.161101001105567389e-03 -3.105494885966737784e-03
1.983333333333334281e+00 -2.209355155192115660e-05 -7.110567605450907221e-04 -1.249951664643798345e-03 -2.003360762580817540e-03 -3.172429472614739059e-03 -3.111134189758265299e-03
2.000000000000000000e+00 -2.213769414503702473e-05 -7.138060076021901339e-04 -1.254423804360906827e-03 -2.014711073859032364e-03 -3.180819988271576648e-03 -3.118216279266263803e-03
2.016666666666665719e+00 -2.219750827857797996e-05 -7.161260377365414112e-04 -1.256591336516154830e-03 -2.020188112924662261e-03 -3.187670469691086458e-03 -3.126015470891104972e-03
2.033333333333331439e+00 -2.224455392516939734e-05 -7.180641637244248882e-04 -1.258571369401850033e-03 -2.020780889664806901e-03 -3.202403484230402671e-03 -3.141824634674520930e-03
2.049999999999997158e+00 -2.229302510815813499e-05 -7.195020355313704995e-04 -1.260942629799502402e-03 -2.024545923186797398e-03 -3.207572111192362723e-03 -3.152794464176861440e-03
2.066666666666669983e+00 -2.233011694602798019e-05 -7.213127025966355969e-04 -1.264134184207896206e-03 -2.029417926083266002e-03 -3.214264983690061795e-03 -3.154211603237555908e-03
2.083333333333335702e+00 -2.237350723658670134e-05 -7.226012274259319438e-04 -1.267829013409192858e-03 -2.034691619097388736e-03 -3.223678636179001626e-03 -3.156038221451497663e-03
2.100000000000001421e+00 -2.240803540058807983e-05 -7.244730966691126026e-04 -1.271940141954271521e-03 -2.042154081614855083e-03 -3.234187798824796154e-03 -3.164439011101435970e-03
2.116666666666667140e+00 -2.245187354566542844e-05 -7.259746611079112523e-04 -1.276548582333293528e-03 -2.046744312271162134e-03 -3.239769750810636301e-03 -3.172920410057331487e-03
2.133333333333332860e+00 -2.248453573090343629e-05 -7.270642281788305700e-04 -1.281150210675857833e-03 -2.048268127403782626e-03 -3.240867705886004303e-03 -3.179188674889973226e-03
2.149999999999998579e+00 -2.251523478273198997e-05 -7.279795260852090508e-04 -1.283510755763160897e-03 -2.050822315355704979e-03 -3.250335885043994285e-03 -3.185634803442571709e-03
2.166666666666664298e+00 -2.255847461445237374e-05 -7.303738309442766924e-04 -1.287948533414129187e-03 -2.060947743370892659e-03 -3.263872931511768889e-03 -3.191684800218033084e-03
2.183333333333330017e+00 -2.259287800399813946e-05 -7.329577225513600079e-04 -1.291992720081133663e-03 -2.068261961117386256e-03 -3.278364838972046974e-03 -3.196953080609722230e-03
2.200000000000002842e+00 -2.263166430461277390e-05 -7.349940862371059881e-04 -1.295893854953057570e-03 -2.076585474690878334e-03 -3.280650174179773875e-03 -3.201279594923423476e-03
2.216666666666668561e+00 -2.267089496730890542e-05 -7.381669672872617424e-04 -1.297633078627795540e-03 -2.080439049494380282e-03 -3.281367299319866079e-03 -3.208043079717383568e-03
2.233333333333334281e+00 -2.270789104792119589e-05 -7.397410216342646151e-04 -1.301741404855292225e-03 -2.084762102763591460e-03 -3.293834152312225157e-03 -3.214312481093110213e-03
2.250000000000000000e+00 -2.274300568417290193e-05 -7.399653694834048981e-04 -1.305989622349794333e-03 -2.090300626467788466e-03 -3.307346190219659973e-03 -3.219622443039183140e-03
2.266666666666665719e+00 -2.277452234535826388e-05 -7.411887348448053863e-04 -1.308361600891614750e-03 -2.094856646976224739e-03 -3.318934238813433385e-03 -3.225413082686812150e-03
2.283333333333331439e+00 -2.280554714558095770e-05 -7.424487476255610049e-04 -1.311316215877405232e-03 -2.097468135014227131e-03 -3.329819375164767663e-03 -3.230902970086851466e-03
2.299999999999997158e+00 -2.283618425283595634e-05 -7.445929371749448284e-04 -1.314650005833609093e-03 -2.101684173844195046e-03 -3.336763193496719484e-03 -3.235362501294643690e-03
2.316666666666669983e+00 -2.286486546517845270e-05 -7.470461083259691965e-04 -1.318111275590163819e-03 -2.106769823744612542e-03 -3.342833552810262759e-03 -3.238996751181897130e-03
2.333333333333335702e+00 -2.289262674274866258e-05 -7.489144358079733062e-04 -1.322105040949013346e-03 -2.113532321345796324e-03 -3.348531508354250699e-03 -3.245090053278308802e-03
2.350000000000001421e+00 -2.291769746224399661e-05 -7.506368463775853683e-04 -1.325101600151568819e-03 -2.117525428772464892e-03 -3.356545317140719777e-03 -3.251202171209697806e-03
2.366666666666667140e+00 -2.294214041307185388e-05 -7.528452040245528195e-04 -1.327874701339087221e-03 -2.121549891667733490e-03 -3.369191308846438554e-03 -3.258681971970085398e-03
2.383333333333332860e+00 -2.296299501490301601e-05 -7.540777845912923502e-04 -1.332538898148843574e-03 -2.126140367663266906e-03 -3.384107824789484888e-03 -3.267468447425939115e-03
2.399999999999998579e+00 -2.299562705453169422e-05 -7.559563154093402581e-04 -1.338163109223975853e-03 -2.130970027293574778e-03 -3.391163703006143740e-03 -3.275003726691006704e-03
2.416666666666664298e+00 -2.302051439134606661e-05 -7.578802765310560302e-04 -1.341530409729522512e-03 -2.138503306444648668e-03 -3.393301669314451562e-03 -3.280852847922743638e-03
2.433333333333330017e+00 -2.305440626007558512e-05 -7.590714763001060695e-04 -1.344737350520435522e-03 -2.146110011486462073e-03 -3.400050422203773626e-03 -3.286714017974290501e-03
2.450000000000002842e+00 -2.307515316904969416e-05 -7.610828851917154480e-04 -1.346997265920155638e-03 -2.152430589810537965e-03 -3.408406933580337278e-03 -3.288875189004451111e-03
2.466666666666668561e+00 -2.310903877925741534e-05 -7.626848022189090500e-04 -1.350081757748674508e-03 -2.158148140639588007e-03 -3.413161093614791326e-03 -3.292049914855450527e-03
2.483333333333334281e+00 -2.312941016936239112e-05 -7.636853011898401622e-04 -1.353455981776919463e-03 -2.159410908113776513e-03 -3.420299710292354356e-03 -3.297373339117363241e-03
2.500000000000000000e+00 -2.315331703861736088e-05 -7.648805567679592193e-04 -1.357062327488762696e-03 -2.162539308431043073e-03 -3.424434088571792767e-03 -3.301790514067853149e-03
2.516666666666665719e+00 -2.316384709132351309e-05 -7.659632919736390983e-04 -1.359186981385350880e-03 -2.166357988151723906e-03 -3.427608114345555984e-03 -3.311258094930952505e-03
2.533333333333331439e+00 -2.318804298141053708e-05 -7.674740178418029907e-04 -1.360423050878839697e-03 -2.173038785174299242e-03 -3.434791974958723102e-03 -3.322319398482398781e-03
2.549999999999997158e+00 -2.319263391436596702e-05 -7.693436227881136381e-04 -1.363628364054718205e-03 -2.175987852668810878e-03 -3.441661114355464707e-03 -3.333674813088342327e-03
2.566666666666669983e+00 -2.321522066983108205e-05 -7.715268804935018114e-04 -1.367471025913159950e-03 -2.179856421749355472e-03 -3.454197706463152297e-03 -3.342240825833675110e-03
2.583333333333335702e+00 -2.322898074789642725e-05 -7.735891675455472969e-04 -1.371001966572101818e-03 -2.187072698751720522e-03 -3.461234921263275834e-03 -3.347259744670945131e-03
2.600000000000001421e+00 -2.324625999764267200e-05 -7.754925711060381335e-04 -1.376079919723467411e-03 -2.194687104087484145e-03 -3.474214262120618388e-03 -3.353666387344507536e-03
2.616666666666667140e+00 -2.326211816177410567e-05 -7.775393990431424393e-04 -1.378580572067267165e-03 -2.199572180265011584e-03 -3.477366451300909368e-03 -3.360468272482083473e-03
2.633333333333332860e+00 -2.328833972760517294e-05 -7.791541919554696412e-04 -1.381234951752748725e-03 -2.203146275717301865e-03 -3.482949056237909669e-03 -3.361742636537603038e-03
2.649999999999998579e+00 -2.332148685127587617e-05 -7.808419826156952999e-04 -1.383953455216859916e-03 -2.211330758096608992e-03 -3.493543914863801465e-03 -3.363175025598515860e-03
2.666666666666664298e+00 -2.332652576347927215e-05 -7.818348589223196848e-04 -1.384154923850312077e-03 -2.214514090230704745e-03 -3.504877221769662522e-03 -3.368992934994041299e-03
2.683333333333330017e+00 -2.332300774527626633e-05 -7.836403375890139793e-04 -1.390422799828830653e-03 -2.217325918686440748e-03 -3.516991526391605345e-03 -3.378867961481180071e-03
2.700000000000002842e+00 -2.333059477013225589e-05 -7.848881312413398146e-04 -1.392342645854401833e-03 -2.222189668623538329e-03 -3.520531243899006381e-03 -3.386779894377752766e-03
2.716666666666668561e+00 -2.333518819777137180e-05 -7.864671469860180873e-04 -1.390230967619171098e-03 -2.226262633993081677e-03 -3.526554650101554507e-03 -3.395657696994668854e-03
2.733333333333334281e+00 -2.334574341019955723e-05 -7.878232676136796928e-04 -1.395111418516269478e-03 -2.229802952297501185e-03 -3.533785984908391180e-03 -3.406935188000640487e-03
2.750000000000000000e+00 -2.334620059502612749e-05 -7.894198519447280602e-04 -1.399475273824919838e-03 -2.235298670416014516e-03 -3.547141241050648375e-03 -3.410306673990485052e-03
2.766666666666665719e+00 -2.335823554986247132e-05 -7.912960221479847615e-04 -1.402459915321653322e-03 -2.241690515749981526e-03 -3.547678658520203067e-03 -3.414119290554505984e-03
2.783333333333331439e+00 -2.336555757956927128e-05 -7.934135237149063770e-04 -1.406326219419147192e-03 -2.246396489065383140e-03 -3.554212572181734021e-03 -3.418759748783844771e-03
2.799999999999997158e+00 -2.337323907217818986e-05 -7.946695940759615105e-04 -1.409095702659292695e-03 -2.250274831403526344e-03 -3.559158974494918987e-03 -3.422181691752148452e-03
2.816666666666669983e+00 -2.340694186293436449e-05 -7.959306632307763200e-04 -1.411168470837082835e-03 -2.258214767044867434e-03 -3.562618566715830548e-03 -3.428064383794872383e-03
2.833333333333335702e+00 -2.342295570923930056e-05 -7.972540535034853409e-04 -1.413226676508880881e-03 -2.263007109152369040e-03 -3.575215814027090169e-03 -3.433805218805114495e-03
2.850000000000001421e+00 -2.342991371905344802e-05 -7.979076812529537236e-04 -1.415251647702548028e-03 -2.265326679080212867e-03 -3.587688175398085714e-03 -3.439200106858426084e-03
2.866666666666667140e+00 -2.342955425115671492e-05 -7.989956621188593500e-04 -1.418052856772950704e-03 -2.270602699834412680e-03 -3.596635541129185234e-03 -3.445589751129380686e-03
2.883333333333332860e+00 -2.343533611990799746e-05 -8.003880488514382701e-04 -1.419392529175185881e-03 -2.273505863104048185e-03 -3.599507625537997323e-03 -3.455431679504013948e-03
2.899999999999998579e+00 -2.344035201910145229e-05 -8.019171183244773590e-04 -1.422946046400988106e-03 -2.278111552882381135e-03 -3.602093698007222990e-03 -3.466937364323242812e-03
2.916666666666664298e+00 -2.345141600517223481e-05 -8.037891476269577078e-04 -1.424982924092257778e-03 -2.280330145159627925e-03 -3.607758464996947603e-03 -3.475356802095456218e-03
2.933333333333330017e+00 -2.345319460396738805e-05 -8.058853570210422869e-04 -1.427366103963191146e-03 -2.285039303457300948e-03 -3.616247150734198078e-03 -3.481269836008848029e-03
2.950000000000002842e+00 -2.346048239791024499e-05 -8.070440438538330338e-04 -1.430702417097227258e-03 -2.289160509213265457e-03 -3.624780107591605086e-03 -3.486958233369479628e-03
2.966666666666668561e+00 -2.345482078665054259e-05 -8.082809780277719217e-04 -1.437392978943395974e-03 -2.296899290609547093e-03 -3.631730036611022054e-03 -3.490388256227537535e-03
2.983333333333334281e+00 -2.345950852233594155e-05 -8.099997887308735224e-04 -1.438344410429477334e-03 -2.300649571202891507e-03 -3.632364610970505864e-03 -3.494408551331533441e-03
3.000000000000000000e+00 -2.345869481294975072e-05 -8.118202890880587110e-04 -1.437434042120756773e-03 -2.302163395849478062e-03 -3.633062763319970436e-03 -3.500720467263099874e-03
3.016666666666665719e+00 -2.345941566732150956e-05 -8.137813759352331049e-04 -1.441524502272886928e-03 -2.307470440907015159e-03 -3.635348496449028639e-03 -3.510838415096847152e-03
3.033333333333331439e+00 -2.345767245753392746e-05 -8.151756462045618799e-04 -1.445162388058443288e-03 -2.313204221784372679e-03 -3.639891526676543223e-03 -3.518124331244469431e-03
3.049999999999997158e+00 -2.346499402070256272e-05 -8.153287423932653903e-04 -1.448867245747445564e-03 -2.315386431858188539e-03 -3.644781132649441060e-03 -3.523357484689666405e-03
3.066666666666669983e+00 -2.346395192771510581e-05 -8.165497754173530126e-04 -1.450736018296364636e-03 -2.319294623140145343e-03 -3.650796963065532693e-03 -3.527235104202392467e-03
3.083333333333335702e+00 -2.346635842914978273e-05 -8.177166101935511933e-04 -1.453134821925112195e-03 -2.322751816011418662e-03 -3.657240047980553962e-03 -3.532520977422732526e-03
3.100000000000001421e+00 -2.346633334729111427e-05 -8.191737260104274207e-04 -1.456376681374373701e-03 -2.327689920893696775e-03 -3.667341772254143189e-03 -3.542494283766696103e-03
3.116666666666667140e+00 -2.346104496186552396e-05 -8.212597429618998662e-04 -1.458976435108280852e-03 -2.333485503327676139e-03 -3.672666329532136165e-03 -3.546408875752460159e-03
3.133333333333332860e+00 -2.345929417277270966e-05 -8.235545516078233248e-04 -1.461799236133519159e-03 -2.337178883221018976e-03 -3.675448844453664977e-03 -3.550980034955747086e-03
3.149999999999998579e+00 -2.345739997519637833e-05 -8.245269490091317087e-04 -1.466663203760268418e-03 -2.342685372614052627e-03 -3.679970114738769990e-03 -3.556775023912257024e-03
3.166666666666664298e+00 -2.346288675949548060e-05 -8.255569896646762409e-04 -1.468326228239127517e-03 -2.346377235993471911e-03 -3.686503655561719321e-03 -3.566978456618049523e-03
3.183333333333330017e+00 -2.345653742521302914e-05 -8.275307174452563481e-04 -1.468649035399944734e-03 -2.352550759530707986e-03 -3.690873611313875719e-03 -3.573549800523836539e-03
3.200000000000002842e+00 -2.345483937386617153e-05 -8.292871761319573843e-04 -1.471471589246349651e-03 -2.354338513618797323e-03 -3.693973062168313167e-03 -3.577941701879412077e-03
3.216666666666668561e+00 -2.344916241189148016e-05 -8.310257606717736095e-04 -1.475293302247903705e-03 -2.353976020998660521e-03 -3.699209763610941584e-03 -3.584467792047703067e-03
3.233333333333334281e+00 -2.344393820709895072e-05 -8.319935943408952395e-04 -1.476320395239512275e-03 -2.357006579476475950e-03 -3.705715309492830286e-03 -3.588675825236649353e-03
3.250000000000000000e+00 -2.343632251433822080e-05 -8.344308904804353120e-04 -1.477683837454840101e-03 -2.359084141739446142e-03 -3.711422380918614171e-03 -3.591620582775879866e-03
3.266666666666665719e+00 -2.342960164036498832e-05 -8.356276218074716426e-04 -1.478645357715590225e-03 -2.360902820396443714e-03 -3.718548474484422578e-03 -3.593607637846788806e-03
3.283333333333331439e+00 -2.342353376768467331e-05 -8.360560924736856704e-04 -1.481975867435543926e-03 -2.366817550814214344e-03 -3.727572714928883198e-03 -3.599628743130854711e-03
3.299999999999997158e+00 -2.340988416042382589e-05 -8.376458164956200646e-04 -1.483899573447373466e-03 -2.372752373322115516e-03 -3.740853577419354665e-03 -3.604264319620513468e-03
3.316666666666669983e+00 -2.340140203644648406e-05 -8.390473080689472970e-04 -1.485220253388538220e-03 -2.376491946537135237e-03 -3.747761736880255660e-03 -3.607355748563217512e-03
3.333333333333335702e+00 -2.338816359281489993e-05 -8.408886319123215448e-04 -1.490577312048304822e-03 -2.379636293041087567e-03 -3.747695831876857436e-03 -3.609977236065981757e-03
3.350000000000001421e+00 -2.338155675565740412e-05 -8.428602623091651291e-04 -1.494224412774336356e-03 -2.385333338235929614e-03 -3.751588231305989264e-03 -3.618988176351185023e-03
3.366666666666667140e+00 -2.337270417715748129e-05 -8.444247077002509181e-04 -1.496620295835419901e-03 -2.387975994359402190e-03 -3.758618884775392736e-03 -3.629043003778870211e-03
3.383333333333332860e+00 -2.336465748365882406e-05 -8.459953546259722443e-04 -1.499970561019197453e-03 -2.390884736167389439e-03 -3.764890244203128108e-03 -3.637462805241033735e-03
3.399999999999998579e+00 -2.335857120136203998e-05 -8.475702234972548469e-04 -1.502691671556668791e-03 -2.394912510382378196e-03 -3.768027689870117377e-03 -3.640241474337286686e-03
3.416666666666664298e+00 -2.335241865618127536e-05 -8.484698389700323596e-04 -1.504152246121583970e-03 -2.397554955235626367e-03 -3.773273708272912273e-03 -3.643574107379303050e-03
3.433333333333330017e+00 -2.335609571066474700e-05 -8.495880890163061243e-04 -1.505638599150318016e-03 -2.405559034542418227e-03 -3.779118738631585296e-03 -3.649548884077626065e-03
3.450000000000002842e+00 -2.335370650703145172e-05 -8.509977358278216723e-04 -1.508011811500210853e-03 -2.405403924123290880e-03 -3.783504427693725088e-03 -3.655558319763085092e-03
3.466666666666668561e+00 -2.334279850384637535e-05 -8.518906579658918439e-04 -1.510297425488640270e-03 -2.407564388785735001e-03 -3.791535931465711811e-03 -3.660030073543981115e-03
3.483333333333334281e+00 -2.333595917171919543e-05 -8.527536047812506181e-04 -1.512284977042783725e-03 -2.412368564841267746e-03 -3.795327005735842172e-03 -3.664181157419869970e-03
3.500000000000000000e+00 -2.332158138669449975e-05 -8.541213903048569056e-04 -1.514657283893426111e-03 -2.417380850826361411e-03 -3.794399067473311609e-03 -3.670913612540829731e-03
3.516666666666665719e+00 -2.331170020746964710e-05 -8.561094497846090520e-04 -1.517737994804242143e-03 -2.421405254699307823e-03 -3.794809589716500575e-03 -3.676852487618600864e-03
3.533333333333331439e+00 -2.329455989493216581e-05 -8.575825128640918692e-04 -1.520793817770580954e-03 -2.425979082666320386e-03 -3.796049074301953170e-03 -3.682889530791362206e-03
3.549999999999997158e+00 -2.328105702169179427e-05 -8.597255382972642792e-04 -1.520602461567294823e-03 -2.430986024988368577e-03 -3.799241506917265618e-03 -3.691047283354967779e-03
3.566666666666669983e+00 -2.326413898535032438e-05 -8.605162856432359243e-04 -1.523029228785935038e-03 -2.434936538396499216e-03 -3.805334052595041663e-03 -3.699637882674240534e-03
3.583333333333335702e+00 -2.325819384409887378e-05 -8.608865521697669923e-04 -1.525629992065321086e-03 -2.440451353004866389e-03 -3.812600011621944916e-03 -3.705997662265651978e-03
3.600000000000001421e+00 -2.323931770558173096e-05 -8.619044223888033297e-04 -1.527217727927460047e-03 -2.443463014098951058e-03 -3.819927076396032167e-03 -3.709683850501741161e-03
3.616666666666667140e+00 -2.323699166511955042e-05 -8.630388038976149253e-04 -1.529274273788897975e-03 -2.450259314671067619e-03 -3.824919407865194285e-03 -3.715468621921156483e-03
3.633333333333332860e+00 -2.323069793079794579e-05 -8.640144921287515670e-04 -1.531234675221044249e-03 -2.450495719340449203e-03 -3.828474711449715226e-03 -3.718727194825190065e-03
3.649999999999998579e+00 -2.321952975057286524e-05 -8.655832948306514934e-04 -1.531391484260984396e-03 -2.450744596196515260e-03 -3.833680070102191313e-03 -3.721086180350893693e-03
3.666666666666664298e+00 -2.319883808897048696e-05 -8.672260306429115150e-04 -1.533465512589434355e-03 -2.453727040946007167e-03 -3.839751176120332482e-03 -3.726698920923878031e-03
3.683333333333330017e+00 -2.318645139816023570e-05 -8.683471103147289219e-04 -1.536314970405483395e-03 -2.457464654817072443e-03 -3.844811412813129662e-03 -3.733251076113431894e-03
3.700000000000002842e+00 -2.316658273964575463e-05 -8.705682960458875153e-04 -1.541004539677561219e-03 -2.459252403043766209e-03 -3.851209656768039662e-03 -3.739677342559412539e-03
3.716666666666668561e+00 -2.315276734999545313e-05 -8.717996928814324923e-04 -1.542570332146500894e-03 -2.461028978146413779e-03 -3.856844617712882478e-03 -3.747823997383403251e-03
3.733333333333334281e+00 -2.313219868373933672e-05 -8.722495819669123405e-04 -1.545003802374792781e-03 -2.466519166200052335e-03 -3.863780910602805218e-03 -3.750015978752732279e-03
3.750000000000000000e+00 -2.312083627552185972e-05 -8.734822433765739632e-04 -1.545354705931254293e-03 -2.470764496060343703e-03 -3.866046077250095362e-03 -3.752449195454203752e-03
3.766666666666665719e+00 -2.310776708503817323e-05 -8.748018550567923267e-04 -1.544794572036552400e-03 -2.475648542000979686e-03 -3.873024758700716920e-03 -3.757706373210415677e-03
3.783333333333331439e+00 -2.309882104495883232e-05 -8.761457686623739258e-04 -1.548535229116762427e-03 -2.480987597661627256e-03 -3.876868630002471092e-03 -3.765373693540367741e-03
3.799999999999997158e+00 -2.308805874733143174e-05 -8.771872488854113876e-04 -1.551365616810065125e-03 -2.481511616308679485e-03 -3.881564123644438546e-03 -3.772837290438593554e-03
3.816666666666669983e+00 -2.309370862119353380e-05 -8.771168740563744202e-04 -1.553384323568401341e-03 -2.481136856146312804e-03 -3.889031633876307171e-03 -3.777249187320023526e-03
3.833333333333335702e+00 -2.308823801031473447e-05 -8.779237412335199470e-04 -1.555517602540861357e-03 -2.485676713908115381e-03 -3.892858942511812862e-03 -3.782337209476793315e-03
3.850000000000001421e+00 -2.307141440721822718e-05 -8.795855521358471362e-04 -1.558022793658641247e-03 -2.490710793493475499e-03 -3.902159027782162951e-03 -3.784558414781464750e-03
3.866666666666667140e+00 -2.304800771259874498e-05 -8.814970320615827387e-04 -1.561715405309616360e-03 -2.498287591359907734e-03 -3.907781443674145962e-03 -3.791209213998384796e-03
3.883333333333332860e+00 -2.302961354556156762e-05 -8.819551952163318369e-04 -1.565291177553586755e-03 -2.500968298674917812e-03 -3.913249453694540858e-03 -3.797731311077529124e-03
3.899999999999998579e+00 -2.301049622932747389e-05 -8.832048835515422152e-04 -1.566713720396819848e-03 -2.503117764865298283e-03 -3.920538738095189456e-03 -3.802389224871751631e-03
3.916666666666664298e+00 -2.298941731296602644e-05 -8.847714548560709023e-04 -1.567440036624685729e-03 -2.506330563704014212e-03 -3.927657703714041229e-03 -3.811319346658215666e-03
3.933333333333330017e+00 -2.297082061735346693e-05 -8.857449057900007800e-04 -1.568448340617841288e-03 -2.509705389028535176e-03 -3.933052100288499976e-03 -3.820741654314101492e-03
3.950000000000002842e+00 -2.296130208832760167e-05 -8.864616929415922988e-04 -1.570518786111845021e-03 -2.513798028492840713e-03 -3.940907553733519544e-03 -3.827870324114603789e-03
3.966666666666668561e+00 -2.295070167234920336e-05 -8.875396668916296075e-04 -1.572220063176140359e-03 -2.517216135151342012e-03 -3.946541231676837895e-03 -3.835542248969250109e-03
3.983333333333334281e+00 -2.293467349733398073e-05 -8.884139665686072770e-04 -1.576304084676583830e-03 -2.521518707726906530e-03 -3.948829613741346861e-03 -3.841534659373286188e-03
4.000000000000000000e+00 -2.291728651512635301e-05 -8.896084354412121245e-04 -1.576790097225503695e-03 -2.525879547774165842e-03 -3.959253859764479480e-03 -3.841668299725708134e-03
4.016666666666665719e+00 -2.290071443793097617e-05 -8.903860238532408438e-04 -1.577438381839653663e-03 -2.527660377075043215e-03 -3.966973749577671141e-03 -3.842462340670872202e-03
4.033333333333331439e+00 -2.287886469355027597e-05 -8.913204866254203227e-04 -1.580650148325283546e-03 -2.532709425478996395e-03 -3.968811255058039833e-03 -3.846360452430026226e-03
4.049999999999997158e+00 -2.286656513270513957e-05 -8.935140945824294372e-04 -1.583341079328528167e-03 -2.534708489541491645e-03 -3.973997006484294818e-03 -3.851203106260368218e-03
4.066666666666669983e+00 -2.285056457585521968e-05 -8.950959396188041444e-04 -1.585101729725136872e-03 -2.534432822950263148e-03 -3.980775275837239967e-03 -3.856427032934153180e-03
4.083333333333335702e+00 -2.284066908339748661e-05 -8.959382027879955832e-04 -1.588421141884737917e-03 -2.536688640286250285e-03 -3.987508123415579690e-03 -3.865869044330711487e-03
4.100000000000001421e+00 -2.281941830103512625e-05 -8.973749557648115233e-04 -1.590993527370220375e-03 -2.540901984048892209e-03 -3.989854999724754513e-03 -3.874300737823810955e-03
4.116666666666667140e+00 -2.279910738352724091e-05 -8.984466859780537761e-04 -1.592861463928317307e-03 -2.545081366450501273e-03 -3.993612992378438656e-03 -3.882816457953776335e-03
4.133333333333332860e+00 -2.279186727032439617e-05 -8.997209749754534651e-04 -1.593711292505873515e-03 -2.547109090231806493e-03 -3.998480822492754896e-03 -3.887397636136438999e-03
4.149999999999998579e+00 -2.278106188787260806e-05 -9.001936421676229837e-04 -1.595780422967421055e-03 -2.549420757272833141e-03 -4.003620285849372219e-03 -3.887434156112744635e-03
4.166666666666664298e+00 -2.277485036699725593e-05 -9.013860278822830767e-04 -1.597470541302906501e-03 -2.554983364021682843e-03 -4.009483355352149933e-03 -3.891520812083448973e-03
4.183333333333330017e+00 -2.275480521526361294e-05 -9.022202663056719772e-04 -1.599518117671811174e-03 -2.556027727035274644e-03 -4.016965963691884918e-03 -3.898741704982740860e-03
4.200000000000002842e+00 -2.274375688630989582e-05 -9.031535750406163247e-04 -1.600562942639762289e-03 -2.555232699025014684e-03 -4.025277309907385193e-03 -3.903174632836633930e-03
4.216666666666668561e+00 -2.273638259032587588e-05 -9.041858084081183912e-04 -1.602323959998929641e-03 -2.558453321658671516e-03 -4.032555505919542538e-03 -3.902605817483261168e-03
4.233333333333334281e+00 -2.272612830130443131e-05 -9.061182998678265609e-04 -1.605294691539735797e-03 -2.561086299834553631e-03 -4.036274535195488906e-03 -3.904948775163825589e-03
4.250000000000000000e+00 -2.271341801308206573e-05 -9.075269502347025263e-04 -1.608142975369267029e-03 -2.564252261091633494e-03 -4.039732155820351285e-03 -3.911734960135728779e-03
4.266666666666665719e+00 -2.269946055546436491e-05 -9.086113907196711678e-04 -1.609871147754767971e-03 -2.566587154340173402e-03 -4.042450021761627606e-03 -3.917910772488930604e-03
4.283333333333331439e+00 -2.267320547486255587e-05 -9.093678259873964366e-04 -1.611288641662203406e-03 -2.570905647357930781e-03 -4.046772737598187085e-03 -3.924543717528255517e-03
4.299999999999997158e+00 -2.265449556980873099e-05 -9.102775391455096218e-04 -1.613494528596828674e-03 -2.576789341570428528e-03 -4.051983205136969364e-03 -3.930316091340506010e-03
4.316666666666669983e+00 -2.263515370529595397e-05 -9.112795710357406934e-04 -1.615394099376238173e-03 -2.577263760859630284e-03 -4.057726607125127297e-03 -3.932078620035387058e-03
4.333333333333335702e+00 -2.262016913447310339e-05 -9.130348709358472722e-04 -1.618265332645939898e-03 -2.579133274556718886e-03 -4.064049992014400446e-03 -3.933011132015178449e-03
4.350000000000001421e+00 -2.259905044891943055e-05 -9.137911947014208452e-04 -1.620266912664948371e-03 -2.584686103210245573e-03 -4.068720113066844578e-03 -3.935667310479198239e-03
4.366666666666667140e+00 -2.257287287573026636e-05 -9.145681352007580759e-04 -1.621429477009895311e-03 -2.586399618365512951e-03 -4.074883346656929355e-03 -3.940382163884486796e-03
4.383333333333332860e+00 -2.255419795508211675e-05 -9.158753123893632062e-04 -1.624474462872242805e-03 -2.586878791570939792e-03 -4.079097127950534994e-03 -3.944897137461078271e-03
4.399999999999998579e+00 -2.254163656762411301e-05 -9.174238411516060518e-04 -1.627696806886926506e-03 -2.588725673707579795e-03 -4.084690635762657125e-03 -3.949165977677139908e-03
4.416666666666664298e+00 -2.252838778018055385e-05 -9.184371480119477796e-04 -1.631159371388307992e-03 -2.595528904017565825e-03 -4.085813045925873986e-03 -3.953073693821496440e-03
4.433333333333330017e+00 -2.251141644771458515e-05 -9.204405623458796230e-04 -1.632051237791340035e-03 -2.598948897697568854e-03 -4.084500794576267219e-03 -3.958167527249684299e-03
4.450000000000002842e+00 -2.249541655186828608e-05 -9.211114715122754697e-04 -1.632509980865629257e-03 -2.601667262579783219e-03 -4.088165937882230587e-03 -3.960645951096276006e-03
4.466666666666668561e+00 -2.248169950993936976e-05 -9.209569258890310363e-04 -1.633402670126721202e-03 -2.605397328473474296e-03 -4.094349549295091782e-03 -3.964618765908174171e-03
4.483333333333334281e+00 -2.245300365583887287e-05 -9.217002281519309564e-04 -1.636436908546382235e-03 -2.610435324967136025e-03 -4.097814960298390256e-03 -3.970578308990824895e-03
4.500000000000000000e+00 -2.243579300488299968e-05 -9.230489747300550142e-04 -1.637294935556217858e-03 -2.613441365965233579e-03 -4.102964392775809016e-03 -3.975899782846595461e-03
4.516666666666665719e+00 -2.242153455785314965e-05 -9.242341226756174005e-04 -1.637439394474814224e-03 -2.617417275966426281e-03 -4.110165860428828706e-03 -3.977985503062264443e-03
4.533333333333331439e+00 -2.239692790898636631e-05 -9.254742258383704887e-04 -1.639164707672488780e-03 -2.620605617102892901e-03 -4.119664302607110688e-03 -3.981953031692935484e-03
4.549999999999997158e+00 -2.238402531816087194e-05 -9.270586952271051874e-04 -1.641419041194057578e-03 -2.627120711074039210e-03 -4.125363714626478599e-03 -3.987522054299031705e-03
4.566666666666669983e+00 -2.236397218135915751e-05 -9.285793769714707638e-04 -1.645326542442159239e-03 -2.628660355742109926e-03 -4.121681254380300113e-03 -3.994780766744391795e-03
4.583333333333335702e+00 -2.234914586991705915e-05 -9.295450516646192431e-04 -1.646355652932457621e-03 -2.627373637174895433e-03 -4.124160495337612919e-03 -4.001342393666511461e-03
4.600000000000001421e+00 -2.233943247413302716e-05 -9.300774357222090383e-04 -1.646158512209165052e-03 -2.635116773981906191e-03 -4.130571903318191497e-03 -4.003879968854725732e-03
4.616666666666667140e+00 -2.231237271790988285e-05 -9.298654269101019844e-04 -1.649238933107157433e-03 -2.642364978661277796e-03 -4.135258170951801489e-03 -4.004738243086425863e-03
4.633333333333332860e+00 -2.229456532706731802e-05 -9.306637332541944268e-04 -1.651912214180406221e-03 -2.643621880127024724e-03 -4.138796372679279939e-03 -4.009999848286069195e-03
4.649999999999998579e+00 -2.228307855364845260e-05 -9.311729840320455941e-04 -1.654533977864319381e-03 -2.642985008358442883e-03 -4.141265545212290990e-03 -4.016453718713416596e-03
4.666666666666664298e+00 -2.227004532474457997e-05 -9.326135699743044044e-04 -1.656092209492952784e-03 -2.645589270580203916e-03 -4.145143222188066995e-03 -4.019746955984898271e-03
4.683333333333330017e+00 -2.225312386807479575e-05 -9.338305954133943381e-04 -1.656659542967028539e-03 -2.647743579644325305e-03 -4.152010550456948501e-03 -4.025321253060602962e-03
4.700000000000002842e+00 -2.223178411168564688e-05 -9.342686714228276351e-04 -1.656771827634481373e-03 -2.651236259219524709e-03 -4.156985227805615711e-03 -4.030699155404106684e-03
4.716666666666668561e+00 -2.221304944056481720e-05 -9.357394771215401868e-04 -1.659763778753957451e-03 -2.650864772405483495e-03 -4.159418840936760994e-03 -4.035973079414094215e-03
4.733333333333334281e+00 -2.220203933951687885e-05 -9.370280929341621165e-04 -1.662580615465265215e-03 -2.655412515523454010e-03 -4.165501581174135132e-03 -4.037305775545638707e-03
4.750000000000000000e+00 -2.217965253034666007e-05 -9.372776088287179414e-04 -1.664024399862266620e-03 -2.659200469342530137e-03 -4.172886999995604335e-03 -4.038171535711725102e-03
4.766666666666665719e+00 -2.217322989473838739e-05 -9.374537962377838072e-04 -1.666000202580272165e-03 -2.660337686384857403e-03 -4.178889291042048836e-03 -4.041078023478918493e-03
4.783333333333331439e+00 -2.216071870295879782e-05 -9.389879624177687031e-04 -1.667627047993083551e-03 -2.665706933312743387e-03 -4.184033901111492045e-03 -4.043377192630929345e-03
4.799999999999997158e+00 -2.214348739835873123e-05 -9.395537474768870080e-04 -1.669725149744448337e-03 -2.670083324660735540e-03 -4.186653538018042693e-03 -4.042707530398131216e-03
4.816666666666669983e+00 -2.212041725879897286e-05 -9.398833238409838413e-04 -1.671074499256559312e-03 -2.673466081351816553e-03 -4.190694383267540984e-03 -4.048850774402329260e-03
4.833333333333335702e+00 -2.209663636927622720e-05 -9.404996920576478648e-04 -1.672917197250114139e-03 -2.675246875760166256e-03 -4.194065660833192280e-03 -4.055164260618345472e-03
4.850000000000001421e+00 -2.208934707896557890e-05 -9.408414975650829801e-04 -1.672664326011507859e-03 -2.676445060719992355e-03 -4.197830167736760730e-03 -4.062794029948415923e-03
4.866666666666667140e+00 -2.208793071573660063e-05 -9.417209385726341662e-04 -1.674938392838248640e-03 -2.680480245913880680e-03 -4.206394923731321921e-03 -4.069515176812252451e-03
4.883333333333332860e+00 -2.207627786235567276e-05 -9.428797464671468667e-04 -1.675353520413729990e-03 -2.682720221658981951e-03 -4.215113754619061182e-03 -4.069423366171812453e-03
4.899999999999998579e+00 -2.204730008071099955e-05 -9.453134267658646521e-04 -1.676672041463665762e-03 -2.685546612234908630e-03 -4.221789159079136246e-03 -4.071288356948466608e-03
4.916666666666664298e+00 -2.203012096848437244e-05 -9.462833082602203211e-04 -1.678699199396307485e-03 -2.687652357780847059e-03 -4.226326014413843250e-03 -4.075797269164229027e-03
4.933333333333330017e+00 -2.202143829855297401e-05 -9.464946061946154275e-04 -1.680645127029686391e-03 -2.690635964513109386e-03 -4.231006389278709791e-03 -4.081771902644444963e-03
4.950000000000002842e+00 -2.200472226775210171e-05 -9.480573415452912692e-04 -1.683114695255157143e-03 -2.696093101251404497e-03 -4.233643553412747527e-03 -4.085524536127597278e-03
4.966666666666668561e+00 -2.199198244052503033e-05 -9.492072053747555938e-04 -1.686169927510655468e-03 -2.700553400758207070e-03 -4.234393007105107659e-03 -4.090802802306976217e-03
4.983333333333334281e+00 -2.197451260494791948e-05 -9.499976793066488602e-04 -1.686074638680058789e-03 -2.702545081653654965e-03 -4.236617787808354824e-03 -4.091728078435791054e-03
5.000000000000000000e+00 -2.197018585243180392e-05 -9.510154952005981255e-04 -1.685685300178379900e-03 -2.704857501857977232e-03 -4.240161680696542638e-03 -4.097230025188473151e-03
5.016666666666665719e+00 -2.196613610546499531e-05 -9.519120934002329310e-04 -1.687135712080156105e-03 -2.706487177824043293e-03 -4.244052525877308607e-03 -4.101075625374826610e-03
5.033333333333331439e+00 -2.195284512537810218e-05 -9.532762617589259210e-04 -1.689774032797358369e-03 -2.707488206149019378e-03 -4.248381389977540570e-03 -4.099754502585004588e-03
5.049999999999997158e+00 -2.193857196981310141e-05 -9.546411334131171388e-04 -1.691405674443037651e-03 -2.708084794333391956e-03 -4.251836602745355520e-03 -4.102309760408471596e-03
5.066666666666669983e+00 -2.192603161901753045e-05 -9.558921079533486955e-04 -1.692156753418231664e-03 -2.709790191625126472e-03 -4.256378640265480288e-03 -4.106099166682548179e-03
5.083333333333335702e+00 -2.190909980460328878e-05 -9.565512406701589697e-04 -1.695084247431162495e-03 -2.711759120791425691e-03 -4.261359202090616964e-03 -4.109676549616398007e-03
5.100000000000001421e+00 -2.189349324266997294e-05 -9.572632311681106678e-04 -1.697629801731698152e-03 -2.713842681146683925e-03 -4.267523713244401537e-03 -4.114995336675617704e-03
5.116666666666667140e+00 -2.188955543596448491e-05 -9.576103200323167431e-04 -1.697563647782148692e-03 -2.717183457951472501e-03 -4.275839787391066439e-03 -4.120862682603776764e-03
5.133333333333332860e+00 -2.186141315483138453e-05 -9.579010121529577199e-04 -1.699246951086263524e-03 -2.723091617002461242e-03 -4.279853273729628503e-03 -4.124319055038491548e-03
5.149999999999998579e+00 -2.186161073742356171e-05 -9.583575344049402893e-04 -1.700768611922525092e-03 -2.725932706133405142e-03 -4.282376121105715798e-03 -4.131749412807597666e-03
5.166666666666664298e+00 -2.186784140065924523e-05 -9.597219478673285403e-04 -1.702606347536463754e-03 -2.730161892674005508e-03 -4.287187862942234626e-03 -4.144504287418682847e-03
5.183333333333330017e+00 -2.185873301330191879e-05 -9.607383683227994952e-04 -1.703924177655369472e-03 -2.731363462980334299e-03 -4.292648046889056476e-03 -4.152988826227314682e-03
5.200000000000002842e+00 -2.182814531520317061e-05 -9.617373227639345549e-04 -1.706703062112791859e-03 -2.730501555130839062e-03 -4.298516842785625632e-03 -4.154716579705898874e-03
5.216666666666668561e+00 -2.181354955196429141e-05 -9.635934183467799626e-04 -1.709190477505612062e-03 -2.731398840567021702e-03 -4.303463059890819294e-03 -4.156113755812452029e-03
5.233333333333334281e+00 -2.180088306063048632e-05 -9.640923086332204867e-04 -1.711606791235529418e-03 -2.735581116702140089e-03 -4.305884334475183067e-03 -4.157901313693835102e-03
5.250000000000000000e+00 -2.178274197400730211e-05 -9.646258172053396272e-04 -1.713645988928735528e-03 -2.738480117651107340e-03 -4.307827936794050502e-03 -4.160201027354854149e-03
5.266666666666665719e+00 -2.178318656717932974e-05 -9.650641834701729344e-04 -1.715770058069259179e-03 -2.741503205332437854e-03 -4.313059643380793250e-03 -4.164876629035745882e-03
5.283333333333331439e+00 -2.178814839240475725e-05 -9.658907311816116326e-04 -1.717440461890513232e-03 -2.740843724652133623e-03 -4.313959900822176424e-03 -4.171318869191014550e-03
5.299999999999997158e+00 -2.176654807360417854e-05 -9.666532359534578791e-04 -1.719081426306241301e-03 -2.741966731178631725e-03 -4.315336745348447370e-03 -4.175483549839036079e-03
5.316666666666669983e+00 -2.176389411395739058e-05 -9.675669020348903575e-04 -1.721675247779121424e-03 -2.744107087429355826e-03 -4.321200061542537427e-03 -4.179298909039890798e-03
5.333333333333335702e+00 -2.176477439051091760e-05 -9.681194191707039303e-04 -1.722170100836119917e-03 -2.748115528521838033e-03 -4.322341449736102903e-03 -4.185569917065656148e-03
5.350000000000001421e+00 -2.175665807194044929e-05 -9.688194912856490934e-04 -1.723994410065455944e-03 -2.750365586492201867e-03 -4.323433302912274914e-03 -4.192212255159843623e-03
5.366666666666667140e+00 -2.174074994668283029e-05 -9.703167447709318142e-04 -1.725406146072362614e-03 -2.753482932707642696e-03 -4.328801471129385681e-03 -4.196534345274581523e-03
5.383333333333332860e+00 -2.171231293774658275e-05 -9.717050920290189620e-04 -1.726634309123384770e-03 -2.755035610790843546e-03 -4.331754023646564901e-03 -4.203182936259160229e-03
5.399999999999998579e+00 -2.170306141477544150e-05 -9.724342289019434005e-04 -1.728082338277637381e-03 -2.755190188722174850e-03 -4.333074164310005832e-03 -4.207691053185949950e-03
5.416666666666664298e+00 -2.170127009720007290e-05 -9.744383072013933353e-04 -1.729960503574054205e-03 -2.756103593435251659e-03 -4.335802893505384843e-03 -4.204998545491246513e-03
5.433333333333330017e+00 -2.169045023471741890e-05 -9.745062422628266450e-04 -1.732432242881637224e-03 -2.761254667985926867e-03 -4.341500812087973130e-03 -4.208987070198105113e-03
5.450000000000002842e+00 -2.168669642782296121e-05 -9.742993002136349613e-04 -1.735377159083431294e-03 -2.764513721262099218e-03 -4.345525540102524592e-03 -4.214473498515927154e-03
5.466666666666668561e+00 -2.168381819159036190e-05 -9.750522096100200029e-04 -1.736781577914240943e-03 -2.767080809369573419e-03 -4.348266095798892193e-03 -4.218397050837299246e-03
5.483333333333334281e+00 -2.168903555948604542e-05 -9.763120238838379544e-04 -1.737712173542501530e-03 -2.770909179230993547e-03 -4.352640356964902583e-03 -4.227459841475086043e-03
5.500000000000000000e+00 -2.169502679192094431e-05 -9.770238593367532726e-04 -1.737770158295275568e-03 -2.774885164633927523e-03 -4.357714817281461636e-03 -4.233381500910661510e-03
5.516666666666665719e+00 -2.168807680877343899e-05 -9.771610086497493648e-04 -1.739720595431173272e-03 -2.776385979528898668e-03 -4.362729124142469828e-03 -4.240641836281103250e-03
5.533333333333331439e+00 -2.167587636891123222e-05 -9.785924398243159902e-04 -1.739694977359106153e-03 -2.777941655087145471e-03 -4.366231658108172924e-03 -4.243101780516869009e-03
5.549999999999997158e+00 -2.165011977454684233e-05 -9.797604644662337957e-04 -1.739386072477222241e-03 -2.778487555317087510e-03 -4.370882604532774079e-03 -4.243126489755827749e-03
5.566666666666669983e+00 -2.163562458964372317e-05 -9.812122834303939247e-04 -1.741358399910403979e-03 -2.779973629450930867e-03 -4.380177156745468023e-03 -4.246211644598295483e-03
5.583333333333335702e+00 -2.162649231952564084e-05 -9.818952975179967742e-04 -1.744533882061530521e-03 -2.780995877684971224e-03 -4.386622896645355797e-03 -4.246138067600983834e-03
5.600000000000001421e+00 -2.161540327198748485e-05 -9.828690660864162175e-04 -1.747497183838408238e-03 -2.783156217469514356e-03 -4.388422773478187211e-03 -4.249251907833811494e-03
5.616666666666667140e+00 -2.160817228219335401e-05 -9.834185807408354213e-04 -1.749424437345883107e-03 -2.787356188765252943e-03 -4.388439485194867845e-03 -4.251801488543494219e-03
5.633333333333332860e+00 -2.160529281276954915e-05 -9.843319970344894393e-04 -1.751653506132859299e-03 -2.792069226206178676e-03 -4.393657407103883188e-03 -4.256373859312922829e-03
5.649999999999998579e+00 -2.160921875046312645e-05 -9.851387657266248883e-04 -1.751846132852832730e-03 -2.797470152344017861e-03 -4.397782589294798976e-03 -4.260523351210161215e-03
5.666666666666664298e+00 -2.161839878286675315e-05 -9.864746943878566644e-04 -1.752132875202116720e-03 -2.801068418204069339e-03 -4.401799221798148067e-03 -4.261662331866622987e-03
5.683333333333330017e+00 -1.635483016223721457e-05 -9.795531277331306907e-04 -1.749258966121501222e-03 -2.799117840174265934e-03 -4.403759059028686598e-03 -4.266841264739084337e-03
5.700000000000002842e+00 -1.119013206219952694e-06 -9.638272038347359821e-04 -1.734420195689005120e-03 -2.784981090897092979e-03 -4.397519868673752629e-03 -4.262990602234425878e-03
5.716666666666668561e+00 3.066737353216434958e-05 -9.360531385172826636e-04 -1.703183663850515181e-03 -2.764016940085968054e-03 -4.382160431376283180e-03 -4.250926937910222934e-03
5.733333333333334281e+00 9.499215719278015601e-05 -8.861542235694623137e-04 -1.673490560564345727e-03 -2.741640124704197538e-03 -4.376434662874208008e-03 -4.287756582267499179e-03
5.750000000000000000e+00 1.876016758540419431e-04 -8.498583733866264074e-04 -1.733017923641758887e-03 -2.848944938739404742e-03 -4.556754579323228811e-03 -4.772769662920909629e-03
5.766666666666665719e+00 3.155050583080377014e-04 -7.577867332341909051e-04 -1.670802045026579565e-03 -2.865911752854047832e-03 -4.642869338665164478e-03 -5.064914261579869098e-03
5.783333333333331439e+00 4.840146331852625814e-04 -6.071929112105936294e-04 -1.571026279319857714e-03 -2.857573728672889359e-03 -4.737030532821110730e-03 -5.431324550883563987e-03
5.799999999999997158e+00 7.065364899566829856e-04 -3.966629182974758662e-04 -1.384251222882629641e-03 -2.631671336643317313e-03 -4.730549543750251114e-03 -5.690719740649231514e-03
5.816666666666669983e+00 9.574887994794347400e-04 -1.331637556926869466e-04 -1.116858723037113992e-03 -2.419059933552626142e-03 -4.689704864469368753e-03 -5.890871583817547039e-03
5.833333333333335702e+00 1.290122608165912696e-03 1.827958722206523396e-04 -8.079862519319621749e-04 -2.151614018265819890e-03 -4.597763616076119310e-03 -5.979585544779721269e-03
5.850000000000001421e+00 1.689385658766000362e-03 5.784249733245687463e-04 -4.255954231833155590e-04 -1.845997136334333192e-03 -4.463192055013246937e-03 -5.801842127777681428e-03
5.866666666666667140e+00 2.163099564687103425e-03 1.043525726116000668e-03 8.930362391312563337e-06 -1.430717465241868437e-03 -4.265558642895794783e-03 -5.650553948079450883e-03
5.883333333333332860e+00 2.691833380774353700e-03 1.621896362027440419e-03 5.028795530290068334e-04 -9.681237513909250530e-04 -3.943611864305480129e-03 -5.406092209920612505e-03
5.899999999999998579e+00 3.312209405448037977e-03 2.247811074628318449e-03 1.082966578710496718e-03 -4.287388294875988477e-04 -3.524733845828434582e-03 -5.091203387454423454e-03
5.916666666666664298e+00 4.023339280942576403e-03 2.989931683350238300e-03 1.773430720586399246e-03 1.656898775232687633e-04 -2.959629129835229886e-03 -4.714520157072173666e-03
5.933333333333330017e+00 4.940431084022792532e-03 3.796328575531578414e-03 2.578612679964923868e-03 8.891937258572215870e-04 -2.254330299161375929e-03 -4.228035111177161874e-03
5.950000000000002842e+00 5.929061697933644265e-03 4.728745217186570288e-03 3.559522242167343763e-03 1.794977798960135582e-03 -1.457198700238889920e-03 -3.555463463992100410e-03
5.966666666666668561e+00 7.021788223463408529e-03 5.799234769712420003e-03 4.688445759485067137e-03 2.809680111640231945e-03 -4.844812725447718380e-04 -2.644840123434106117e-03
5.983333333333334281e+00 8.258355699984246123e-03 7.005988959417362716e-03 5.950175043910534319e-03 3.942774612639602695e-03 6.014922715128635366e-04 -1.731820253209636219e-03
6.000000000000000000e+00 9.638344464217154378e-03 8.360422111849197604e-03 7.272851334133636006e-03 5.275018717188098213e-03 1.711042215601460154e-03 -7.689981700101087593e-04
6.016666666666665719e+00 1.126119002652184280e-02 9.816824471068432562e-03 8.664497822703398633e-03 6.710325893197155618e-03 3.026728760816575770e-03 3.828558652028583387e-04
6.033333333333331439e+00 1.290436095015063539e-02 1.148838388696608176e-02 1.010217002445446162e-02 8.358401714043357106e-03 4.506144314513793603e-03 1.685479360307982379e-03
6.049999999999997158e+00 1.458263249153052971e-02 1.323308440398049055e-02 1.178647362502878090e-02 1.007354439616079539e-02 6.095227820378473424e-03 3.325317086237887000e-03
6.066666666666669983e+00 1.638744667824467913e-02 1.518225650514415381e-02 1.373977798240899086e-02 1.168623338116759822e-02 8.004164117656682384e-03 5.086903339234461092e-03
6.083333333333335702e+00 1.836284092242998489e-02 1.724167203079329802e-02 1.575105499150434435e-02 1.359329097056859864e-02 9.821283208025196124e-03 6.776372850433875356e-03
6.100000000000001421e+00 2.050218906679739800e-02 1.946532363087246503e-02 1.782290004078702222e-02 1.563427399520886732e-02 1.162083327411027496e-02 8.740587013306528805e-03
6.116666666666667140e+00 2.266486341868588494e-02 2.176881311147725942e-02 2.007333261845025210e-02 1.775501093641129041e-02 1.371266167534755664e-02 1.074845047298024665e-02
6.133333333333332860e+00 2.503547668553579228e-02 2.410898618553136002e-02 2.242238945854508475e-02 1.989842380983784104e-02 1.597314282363683502e-02 1.278388502817850644e-02
6.149999999999998579e+00 2.766754643159964611e-02 2.646482864410620514e-02 2.477537433836764572e-02 2.217221459067465761e-02 1.820995855295548180e-02 1.495135383292166449e-02
6.166666666666664298e+00 3.021954546893475604e-02 2.893133188287303273e-02 2.719277379645586301e-02 2.441172023056967927e-02 2.053924842712487320e-02 1.735193630430205067e-02
6.183333333333330017e+00 3.276708059176985932e-02 3.149536709970910536e-02 2.967967303519763664e-02 2.673836467054970661e-02 2.291697492471029066e-02 1.981635942508215564e-02
6.200000000000002842e+00 3.554363761983657388e-02 3.404102059709383787e-02 3.219857299200612477e-02 2.917427585349427477e-02 2.553529915558292590e-02 2.199048830256367798e-02
6.216666666666668561e+00 3.849695045707209745e-02 3.653837858468705208e-02 3.473982147692904199e-02 3.166554326723521051e-02 2.813334398728023142e-02 2.430666167425424989e-02
6.233333333333334281e+00 4.151144688630305224e-02 3.915401554059262657e-02 3.736653150420964770e-02 3.475822792069278855e-02 3.063135754940757988e-02 2.684151916291938750e-02
6.250000000000000000e+00 4.442303027926543246e-02 4.184133646800231032e-02 4.024377686180007074e-02 3.792667419825175579e-02 3.336769845581161187e-02 2.951772095432522725e-02
6.266666666666665719e+00 4.757914106725231324e-02 4.462514402515562612e-02 4.334080244785907393e-02 4.120823640841423524e-02 3.618900908569555597e-02 3.224286403819458940e-02
6.283333333333331439e+00 5.081915507236758889e-02 4.747648223963259889e-02 4.636468946287256032e-02 4.452852010001697586e-02 3.894979205375657949e-02 3.488390978377565316e-02
6.299999999999997158e+00 5.387639151595820936e-02 5.040468607586388872e-02 4.922344817098378567e-02 4.804670701528392790e-02 4.173813302756788912e-02 3.754433813112649510e-02
6.316666666666669983e+00 5.699969686748296294e-02 5.328209371415327383e-02 5.237072748876112765e-02 5.156099667575917561e-02 4.476244437750073052e-02 4.048057142561435617e-02
6.333333333333335702e+00 6.036675444922335459e-02 5.633516961733192607e-02 5.564010132714146406e-02 5.525986992444330975e-02 4.767410747021194606e-02 4.337254092564202246e-02
6.350000000000001421e+00 6.381109536744924982e-02 5.965949868130485806e-02 5.884901132481835245e-02 5.893317673410987390e-02 5.067556759205996131e-02 4.630740327725130917e-02
6.366666666666667140e+00 6.746069302772636500e-02 6.290650150930507389e-02 6.218155029121461702e-02 6.259066465745509455e-02 5.386248811422515020e-02 4.908956629186147363e-02
6.383333333333332860e+00 7.087121540842701573e-02 6.626505036488807010e-02 6.559121366621699367e-02 6.586197422710224347e-02 5.760950980864050497e-02 5.279051055396356829e-02
6.399999999999998579e+00 7.419141716131921749e-02 6.994709832026294039e-02 6.914189343014431888e-02 6.934407077812032583e-02 6.149635978065731701e-02 5.657109120723945866e-02
6.416666666666664298e+00 7.773913097763295033e-02 7.358305554578797869e-02 7.255096111401485026e-02 7.278947493250546852e-02 6.530562346029712695e-02 6.039473706752623156e-02
6.433333333333330017e+00 8.137017319696018824e-02 7.729359404439439807e-02 7.612002302463202752e-02 7.615099587471499398e-02 6.926561152309733405e-02 6.424592363683277740e-02
6.450000000000002842e+00 8.508073493790881126e-02 8.100118580845978855e-02 7.980899644668490445e-02 7.975229068720443570e-02 7.325918102821395161e-02 6.819674385410307016e-02
6.466666666666668561e+00 8.883783399360586919e-02 8.465842881111258766e-02 8.353146464691919848e-02 8.313463676115621925e-02 7.704631447882319406e-02 7.230199180873672637e-02
6.483333333333334281e+00 9.237358407772687519e-02 8.842572770750678490e-02 8.732591855189376917e-02 8.665418260042967447e-02 8.096218994126119783e-02 7.637785843282735021e-02
6.500000000000000000e+00 9.606708602065174019e-02 9.237349295433153196e-02 9.132452765265812455e-02 9.049571546888295070e-02 8.492450052520857107e-02 8.047494209435755719e-02
6.516666666666665719e+00 9.988874045926680878e-02 9.648186077044093589e-02 9.524899750372997631e-02 9.430808404132888512e-02 8.917997644631751875e-02 8.446705580419566761e-02
6.533333333333331439e+00 1.038222698284236578e-01 1.005445581768290436e-01 9.916048485569803339e-02 9.790311898970163740e-02 9.337174425578977088e-02 8.850799321358045202e-02
6.549999999999997158e+00 1.077464804392813807e-01 1.046070298772790591e-01 1.031678911628385459e-01 1.011968585254069686e-01 9.733801840297326424e-02 9.264442234447202440e-02
6.566666666666669983e+00 1.113906746309456519e-01 1.084117389265315951e-01 1.073896037567958067e-01 1.047058440364383586e-01 1.016191205327361402e-01 9.702717940396687890e-02
6.583333333333335702e+00 1.155705742022877514e-01 1.126185413433094390e-01 1.112518931093594982e-01 1.083483160372223780e-01 1.059430366456677319e-01 1.015326628956407934e-01
6.600000000000001421e+00 1.196937104214335218e-01 1.167843621467682808e-01 1.152419421319702680e-01 1.122898749583383649e-01 1.099561407158606563e-01 1.056603951984516898e-01
6.616666666666667140e+00 1.236487886475527431e-01 1.208299845832236652e-01 1.193436654077022624e-01 1.165990127097165235e-01 1.141724089043449908e-01 1.099662632675875579e-01
6.633333333333332860e+00 1.277360181943711648e-01 1.249427993060743397e-01 1.238449061524977829e-01 1.211498629078560652e-01 1.185429008920913657e-01 1.144328735792709689e-01
6.649999999999998579e+00 1.319980775402701811e-01 1.293190240223807685e-01 1.280932634652623969e-01 1.254574427502047063e-01 1.227794365686860484e-01 1.191285557065684397e-01
6.666666666666664298e+00 1.359456133064319561e-01 1.336514010274211517e-01 1.323306414334666226e-01 1.296605431961627142e-01 1.270325562828335808e-01 1.236215111986339599e-01
6.683333333333330017e+00 1.401879940578988071e-01 1.378589127301605710e-01 1.367444918734085635e-01 1.338192966814686358e-01 1.310792842970535388e-01 1.279239595055974010e-01
6.700000000000002842e+00 1.445621435442938918e-01 1.421887982310326426e-01 1.410291503690507264e-01 1.379554390526553098e-01 1.348178190868587756e-01 1.326044416574909679e-01
6.716666666666668561e+00 1.485751369785597853e-01 1.464238334777122619e-01 1.454300885691572898e-01 1.423766449430158010e-01 1.390373021823666511e-01 1.374843947603696936e-01
6.733333333333334281e+00 1.533098108719401775e-01 1.507639360234483694e-01 1.503290358741807831e-01 1.468396109776885783e-01 1.434005489352475349e-01 1.419233751640005814e-01
6.750000000000000000e+00 1.582095296157084996e-01 1.551607510851857608e-01 1.549553773105107335e-01 1.510941118317806753e-01 1.480312893240850192e-01 1.462275537793488178e-01
6.766666666666665719e+00 1.632002683700969903e-01 1.591294103444222396e-01 1.594100758586028954e-01 1.554988713817063717e-01 1.526732280732998881e-01 1.504329513942548879e-01
6.783333333333331439e+00 1.680184705411327806e-01 1.632971878411731692e-01 1.642150960822023331e-01 1.595356603296792797e-01 1.574901584361451390e-01 1.548805597373803800e-01
6.799999999999997158e+00 1.728276229319418433e-01 1.679166302709508285e-01 1.691396049571420590e-01 1.640042038840718863e-01 1.617484453354033347e-01 1.594665328500386725e-01
6.816666666666669983e+00 1.778679102905112719e-01 1.722478653329323206e-01 1.737512143892709360e-01 1.690050245288755859e-01 1.661694693227392938e-01 1.641581233179555954e-01
6.833333333333335702e+00 1.828027215159919172e-01 1.763911424899213543e-01 1.784558473550661162e-01 1.736626108644555022e-01 1.705710576146645674e-01 1.685534911993283036e-01
6.850000000000001421e+00 1.863400007056089935e-01 1.855127304706952196e-01 1.794803614325605201e-01 1.811328346223680386e-01 1.738673322773422458e-01 1.676833738435718479e-01
6.866666666666667140e+00 1.947686578328170492e-01 1.837139885434058983e-01 1.812374567034203965e-01 1.840732106112346333e-01 1.647305589537852444e-01 1.523772960312561320e-01
6.883333333333332860e+00 1.900144947696937592e-01 1.885679318767785884e-01 1.819470958892761003e-01 1.628944831309121211e-01 1.662843871233602444e-01 1.603544207430113167e-01
6.899999999999998579e+00 1.777651717759660688e-01 1.738411512607418163e-01 1.691745702961088005e-01 1.728327369951225267e-01 1.515281979871050955e-01 1.531684643159982595e-01
6.916666666666664298e+00 1.754492489268802968e-01 1.733533368205155967e-01 1.683688917041799016e-01 1.422783209157518769e-01 1.146222079378012154e-01 9.064642265782450747e-02
6.933333333333330017e+00 1.777281103617174562e-01 1.535977000239135137e-01 1.341729484438486109e-01 1.322214455171363268e-01 1.084569914368871402e-01 8.388169227558672780e-02
6.950000000000002842e+00 1.727249819012536547e-01 1.600497512396713840e-01 1.470900960256247558e-01 1.327105366592129243e-01 1.105295135173333942e-01 8.222965050741533333e-02
6.966666666666668561e+00 1.703462512891991687e-01 1.535870735159830247e-01 1.414659112393359119e-01 1.296286738766977142e-01 1.085347487136128219e-01 8.213348467338800474e-02
6.983333333333334281e+00 1.662490472767716165e-01 1.523778376414874902e-01 1.387970788247224752e-01 1.291819847091036089e-01 1.079485531741834758e-01 8.173393582792366774e-02
7.000000000000000000e+00 1.631537657584419820e-01 1.486385381528194660e-01 1.363713861839639385e-01 1.262353695945242216e-01 1.062227739979194063e-01 8.084033952543248636e-02
7.016666666666665719e+00 1.595192163581149181e-01 1.456246130333707922e-01 1.338411865214518270e-01 1.243520839890008139e-01 1.048257909570814855e-01 8.001910848868980242e-02
7.033333333333331439e+00 1.558300387039212864e-01 1.422434637767602539e-01 1.311700729547901345e-01 1.218288285470622290e-01 1.031122776018736087e-01 7.905267927596031086e-02
7.049999999999997158e+00 1.520919946355804853e-01 1.390884828839566156e-01 1.284498182187668036e-01 1.195724296428287425e-01 1.014920992503616226e-01 7.807234379213201514e-02
7.066666666666669983e+00 1.484160224417289953e-01 1.354378956063564399e-01 1.258740399847917968e-01 1.169782701306680411e-01 9.975647565904442737e-02 7.703566474146679444e-02
7.083333333333335702e+00 1.445601013976063887e-01 1.318843336896848850e-01 1.228434320388849532e-01 1.142884753061897823e-01 9.795073236253895588e-02 7.591272864643310025e-02
7.100000000000001421e+00 1.402784005721111893e-01 1.284059458921721908e-01 1.198227958258499398e-01 1.116417945264102929e-01 9.621534416230860531e-02 7.478757721947144887e-02
7.116666666666667140e+00 1.358205425295377078e-01 1.250640900230829411e-01 1.167304005018968693e-01 1.091876069202462052e-01 9.443605880476504955e-02 7.377511778120041108e-02
7.133333333333332860e+00 1.312430985104633130e-01 1.218375243848225098e-01 1.137804950621544853e-01 1.067794681013782693e-01 9.251337457927834296e-02 7.271775589995797817e-02
7.149999999999998579e+00 1.272511746192996063e-01 1.187366949935974719e-01 1.110350249662606092e-01 1.044803690336816165e-01 9.052974337794329751e-02 7.163760517196129940e-02
7.166666666666664298e+00 1.241422889404623919e-01 1.158179878341103891e-01 1.085044904967725210e-01 1.020577939162506387e-01 8.875837783900304701e-02 7.049855957977409215e-02
7.183333333333330017e+00 1.210271811334909103e-01 1.129259258152903733e-01 1.059038824820851127e-01 9.962566547610067491e-02 8.700255783999928660e-02 6.944708908200099284e-02
7.200000000000002842e+00 1.180811108671736137e-01 1.101829840715410069e-01 1.034043636503233499e-01 9.738868147605551917e-02 8.532431785473219843e-02 6.837015777999887189e-02
7.216666666666668561e+00 1.153305414686016106e-01 1.076133011708259729e-01 1.011290510937470355e-01 9.532616554148332089e-02 8.377037068277327914e-02 6.723110718892401361e-02
7.233333333333334281e+00 1.125946797343340688e-01 1.051231668456202167e-01 9.883813815644752754e-02 9.329184504113149923e-02 8.185594212917329804e-02 6.614042832118108284e-02
7.250000000000000000e+00 1.103493346144711340e-01 1.027461017669669824e-01 9.658221073150569103e-02 9.128892911324440473e-02 8.016583767049570430e-02 6.511793899846352041e-02
7.266666666666665719e+00 1.083765987081595772e-01 1.006161690387071400e-01 9.448889453305098218e-02 8.938045655368508091e-02 7.861019382438522163e-02 6.406077164278128899e-02
7.283333333333331439e+00 1.067657517600888728e-01 9.875750243669767503e-02 9.264498463400465400e-02 8.745984361063167956e-02 7.698984524108219707e-02 6.295880278246546169e-02
7.299999999999997158e+00 1.053268518988760838e-01 9.708450796567524854e-02 9.090960235190984062e-02 8.562620234040493883e-02 7.545678848274750550e-02 6.188071384197602748e-02
7.316666666666669983e+00 1.039590823564161826e-01 9.563228153515546115e-02 8.928981089997903298e-02 8.391263342382461465e-02 7.399770431578849006e-02 6.084235644998663844e-02
7.333333333333335702e+00 1.027548634954716239e-01 9.431846239019291145e-02 8.779568116651018106e-02 8.241075491956746657e-02 7.257046941783763805e-02 5.988490435537445478e-02
7.350000000000001421e+00 1.016834472553825308e-01 9.304595492100725673e-02 8.652984590156194422e-02 8.102531757392998635e-02 7.128678739422188160e-02 5.884461127318025425e-02
7.366666666666667140e+00 1.007297851085243723e-01 9.209106264605779191e-02 8.537682397410770174e-02 7.984053917980946102e-02 6.996926670551514849e-02 5.784757859352680082e-02
7.383333333333332860e+00 9.985178670578230553e-02 9.123384675569572166e-02 8.429747502336513987e-02 7.874639753522456875e-02 6.872238083329267055e-02 5.691934727832263785e-02
7.399999999999998579e+00 9.902332865229654391e-02 9.044737529606305948e-02 8.339758266978958279e-02 7.764433421293839843e-02 6.757388100478887993e-02 5.588755233348558643e-02
7.416666666666664298e+00 9.822734521562460908e-02 8.970828473556879956e-02 8.259146266977487882e-02 7.666486809061041907e-02 6.649323905912336852e-02 5.495469027179471222e-02
7.433333333333330017e+00 9.744247114951153088e-02 8.900884941388410854e-02 8.189518864419549626e-02 7.588400304538225893e-02 6.546071091689148469e-02 5.414387376879777058e-02
7.450000000000002842e+00 9.666125949938796091e-02 8.836941809775292200e-02 8.128774641557287572e-02 7.519390465388102462e-02 6.463514073370169033e-02 5.332748996941918257e-02
7.466666666666668561e+00 9.590109839535840286e-02 8.776890115939676995e-02 8.074846781673143681e-02 7.459405084548641207e-02 6.385277614588608097e-02 5.250627108844928975e-02
7.483333333333334281e+00 9.516732335820905775e-02 8.717573820985587141e-02 8.023760098527966955e-02 7.401582354426987365e-02 6.306828338655266764e-02 5.171910108959142105e-02
7.500000000000000000e+00 9.442801752675107629e-02 8.658237264690638035e-02 7.974356787216022036e-02 7.351532451773400145e-02 6.227939319739893287e-02 5.095360916267400314e-02
7.516666666666665719e+00 9.369095629683327209e-02 8.598482590309183826e-02 7.927179612886976756e-02 7.305894518445892050e-02 6.163818010474364506e-02 5.024437897724705337e-02
7.533333333333331439e+00 9.294716222200834210e-02 8.537711524245800154e-02 7.881217448242422430e-02 7.262966085584410258e-02 6.107618261592603209e-02 4.955113021025665115e-02
7.549999999999997158e+00 9.218564993476729974e-02 8.477913375026041587e-02 7.835644927160606565e-02 7.222368146240033815e-02 6.051922762419791740e-02 4.887806708566276581e-02
7.566666666666669983e+00 9.142247217709106866e-02 8.420716796942349924e-02 7.789329527710567302e-02 7.183511837855534321e-02 6.001429164833100433e-02 4.822766364414271534e-02
7.583333333333335702e+00 9.067900334556759645e-02 8.362555917724746879e-02 7.741368891097578919e-02 7.145514338086546291e-02 5.957424129733921575e-02 4.766333863409082799e-02
7.600000000000001421e+00 8.994376320836865168e-02 8.303176205576649760e-02 7.694186643538174220e-02 7.108010434346720419e-02 5.916776160246435545e-02 4.710995077371764317e-02
7.616666666666667140e+00 8.920738793625003493e-02 8.242899584323436224e-02 7.647420081154540639e-02 7.070902356168200231e-02 5.880923843104746834e-02 4.656090997706922863e-02
7.633333333333332860e+00 8.847337061298297944e-02 8.183564882088106840e-02 7.599869954333071664e-02 7.033016841095553195e-02 5.848348732596097416e-02 4.603858984471875804e-02
7.649999999999998579e+00 8.776402823112822160e-02 8.125049065380159086e-02 7.554899153952487900e-02 6.994981731169251649e-02 5.820051388403867793e-02 4.551472728511925248e-02
7.666666666666664298e+00 8.710979398866160184e-02 8.068750506609657924e-02 7.509799202524526651e-02 6.957277189245382465e-02 5.795874853097058438e-02 4.505002967371094652e-02
7.683333333333330017e+00 8.648608169610240426e-02 8.014570454161651369e-02 7.465663736433250652e-02 6.922016653121133845e-02 5.774567613624883439e-02 4.467417680772417521e-02
7.700000000000002842e+00 8.586968487233548331e-02 7.962404893219368618e-02 7.421784253434068890e-02 6.886136592289619773e-02 5.754730599607167651e-02 4.434210567415083210e-02
7.716666666666668561e+00 8.527711842579814572e-02 7.910847927833279669e-02 7.376293141038348100e-02 6.850475319057861001e-02 5.734140224324810881e-02 4.403390803995404362e-02
7.733333333333334281e+00 8.469441810793658376e-02 7.857481643666296145e-02 7.330867960712686426e-02 6.813210726049945265e-02 5.712111641695868935e-02 4.375014509254916001e-02
7.750000000000000000e+00 8.409914987459873870e-02 7.803991099252070851e-02 7.284569709217041111e-02 6.774653131876873235e-02 5.689720436170537382e-02 4.347671349809914543e-02
7.766666666666665719e+00 8.350730222691295224e-02 7.752737179489974095e-02 7.237313492556250727e-02 6.735084727783223479e-02 5.667422614973515599e-02 4.321281236620563848e-02
7.783333333333331439e+00 8.295118942859619482e-02 7.703939700055575934e-02 7.193396411797245427e-02 6.696920554731149167e-02 5.646257823672144738e-02 4.294999194553545535e-02
7.799999999999997158e+00 8.216337609723106672e-02 7.842557825552505524e-02 7.568860036844335393e-02 6.933494273170202893e-02 5.820647005351921310e-02 4.623896820065675345e-02
7.816666666666669983e+00 8.110115407826486156e-02 8.084742601557409758e-02 8.096407102876822248e-02 7.429633396012318147e-02 6.174900672694147441e-02 5.295757052493979544e-02
7.833333333333335702e+00 8.023252029201741187e-02 8.163399016422372145e-02 8.192278721434732847e-02 7.683990735480809853e-02 6.405906493678756308e-02 5.759767457108688066e-02
7.850000000000001421e+00 7.939253426702862215e-02 8.228702798772145888e-02 8.225247122515121079e-02 7.508816654132369206e-02 6.643685882110793306e-02 6.233766150456760552e-02
7.866666666666667140e+00 7.861885642007281072e-02 8.247295851430523628e-02 8.130337020195964326e-02 7.538153811563641504e-02 6.842005227473182960e-02 6.642882551959246318e-02
7.883333333333332860e+00 7.842538443855612273e-02 8.254813694394196044e-02 8.008907444474705484e-02 7.499715208980789471e-02 7.034063688362855726e-02 6.814495096446095135e-02
7.899999999999998579e+00 7.830316407383847155e-02 8.252509053451530241e-02 7.867438089058501061e-02 7.510378666569475503e-02 7.217874188523283607e-02 6.972172831964545958e-02
7.916666666666664298e+00 7.818289141143927590e-02 8.259281514636673815e-02 7.761917009669157264e-02 7.488222040783164279e-02 7.396867899288279979e-02 7.110839288178913420e-02
7.933333333333330017e+00 7.817363308091153373e-02 8.274407850161556721e-02 7.730073816730598235e-02 7.459658415607452187e-02 7.544622236993518694e-02 7.250028510004462301e-02
7.950000000000002842e+00 7.827599556694034288e-02 8.310728648673543217e-02 7.759046281052663085e-02 7.462135973375304265e-02 7.691872472645421011e-02 7.397599424274708957e-02
7.966666666666668561e+00 7.868004409269667432e-02 8.350587270859177735e-02 7.873664972808082363e-02 7.562683105422692009e-02 7.807033044084737972e-02 7.526197455772438982e-02
7.983333333333334281e+00 7.964148685187009968e-02 8.410267327503177792e-02 8.046529272248666154e-02 7.825399550150827221e-02 7.869474517241899225e-02 7.610118890481454290e-02
8.000000000000000000e+00 8.043172852169311327e-02 8.479333881292944186e-02 8.273535996218903121e-02 8.017400370631083684e-02 7.970088368538058576e-02 7.713831787488838188e-02
8.016666666666665719e+00 8.111945526156265351e-02 8.571521085003386276e-02 8.348494846909466915e-02 8.085003338796543926e-02 8.021554871259697905e-02 7.756860966651245304e-02
8.033333333333331439e+00 8.181075385503029651e-02 8.667761699141120213e-02 8.412672014194776116e-02 8.143457353764789464e-02 8.097756903545619278e-02 7.822730832272106749e-02
8.049999999999997158e+00 8.267093718080784082e-02 8.771838441786378171e-02 8.482569916735620275e-02 8.213259910510166406e-02 8.167453801216432996e-02 7.888904398197982282e-02
8.066666666666669983e+00 8.363518596514878112e-02 8.874345445798823007e-02 8.556853817247825345e-02 8.302770520438283730e-02 8.249542025267689316e-02 7.967910977232253722e-02
8.083333333333335702e+00 8.462910665983935932e-02 8.985353011106009258e-02 8.645635278792147826e-02 8.392819663797214391e-02 8.332199660401012897e-02 8.054814682574930329e-02
8.100000000000001421e+00 8.480559474598929615e-02 9.104336316174675703e-02 8.401896013531197360e-02 7.983581699285201283e-02 8.256838258367409089e-02 7.945099090223745053e-02
8.116666666666667140e+00 8.717800829200306190e-02 9.214233031519088180e-02 8.901673207567886714e-02 8.420454530224424916e-02 7.696232503434988215e-02 7.499040473408467855e-02
8.133333333333332860e+00 8.813310428779828898e-02 9.128932272146376981e-02 9.150898196541382146e-02 8.288093731334711389e-02 7.159285172931977026e-02 6.699285164434891360e-02
8.149999999999998579e+00 9.066417514206030759e-02 8.653969142187155350e-02 8.356804674962217683e-02 7.691086011075037865e-02 6.336018786465494324e-02 4.988997109893057030e-02
8.166666666666664298e+00 9.076713435826654075e-02 8.385776420729641745e-02 7.658961487220146414e-02 7.172107748532917382e-02 6.143256081920123179e-02 4.736719909170759163e-02
8.183333333333330017e+00 9.097031924231034627e-02 8.502927885238957539e-02 8.000797294346022326e-02 7.436105505497576929e-02 6.232061328439724573e-02 4.856142533005562006e-02
8.200000000000002842e+00 9.101730936376530023e-02 8.418231183345387114e-02 7.816301204608511188e-02 7.299641071554123506e-02 6.179025543474779558e-02 4.814458554799569412e-02
8.216666666666668561e+00 9.079124259373290429e-02 8.413135033933426266e-02 7.871408474291481661e-02 7.339330354821362035e-02 6.186592017513419667e-02 4.829778467386412061e-02
8.233333333333334281e+00 9.034145921882490160e-02 8.349150658557454030e-02 7.800374412315198847e-02 7.287556862245650469e-02 6.159390111169649878e-02 4.804148190849608091e-02
8.250000000000000000e+00 8.978384816151709080e-02 8.302804572410471540e-02 7.773523474359447794e-02 7.269167085743469259e-02 6.135992038629297513e-02 4.798323594807695630e-02
8.266666666666665719e+00 8.914137629130818030e-02 8.243084041500668702e-02 7.706393245730390473e-02 7.222608979497117943e-02 6.104031431076807623e-02 4.781815979362010610e-02
8.283333333333331439e+00 8.843362854478581392e-02 8.180366585734619167e-02 7.639139401081344871e-02 7.177030259935072987e-02 6.074828081025990256e-02 4.765614057579681956e-02
8.299999999999997158e+00 8.762456185333095116e-02 8.110534622232906665e-02 7.566713242837426467e-02 7.127929863273821387e-02 6.040676789618442538e-02 4.743811676647243653e-02
8.316666666666669983e+00 8.674939693696555321e-02 8.033414719950314475e-02 7.502411209479802057e-02 7.075462136429522264e-02 6.004070817601524224e-02 4.721191987007816032e-02
8.333333333333335702e+00 8.584080376078573327e-02 7.950979550997906709e-02 7.436458384976718516e-02 7.018210879415137660e-02 5.965154183828316053e-02 4.697868720646072860e-02
8.350000000000001421e+00 8.488173230578967277e-02 7.868818094763541104e-02 7.372683958302078677e-02 6.956398434113456042e-02 5.924561520364939743e-02 4.672257568631896923e-02
8.366666666666667140e+00 8.373494704599739047e-02 7.786145278461613362e-02 7.307316381436036734e-02 6.891621205768806713e-02 5.880949556421406765e-02 4.644144596167158051e-02
8.383333333333332860e+00 8.258567151350953983e-02 7.702443994957187956e-02 7.239100883901840311e-02 6.825686187457445653e-02 5.833473735579258052e-02 4.616282948668375130e-02
8.399999999999998579e+00 8.152276650339922159e-02 7.611965290874385393e-02 7.171357928560391504e-02 6.755841493117890895e-02 5.784769701121168783e-02 4.589066492525801372e-02
8.416666666666664298e+00 8.039805174731064208e-02 7.515193821726921797e-02 7.102236887019784672e-02 6.686746756873312991e-02 5.733788659778647767e-02 4.560390705836363939e-02
8.433333333333330017e+00 7.926651500588902111e-02 7.415726186369407669e-02 7.031149420447253828e-02 6.619371227403479663e-02 5.681637108542503950e-02 4.531384461900762189e-02
8.450000000000002842e+00 7.823312783278467408e-02 7.316492604526569909e-02 6.955232121880740304e-02 6.542719689283288398e-02 5.630914152105253451e-02 4.500212891845407209e-02
8.466666666666668561e+00 7.736050774067856906e-02 7.221035767665795468e-02 6.875148428830239744e-02 6.461532625995770884e-02 5.579363122607181730e-02 4.467673397422549514e-02
8.483333333333334281e+00 7.652176947378780403e-02 7.136777441103767106e-02 6.797704362711187720e-02 6.387587696783209035e-02 5.522646270774809324e-02 4.434489216645744192e-02
8.500000000000000000e+00 7.568648298262634078e-02 7.058811266929085337e-02 6.723953665378860911e-02 6.308814729231394802e-02 5.462987081018220309e-02 4.400650485432479331e-02
8.516666666666665719e+00 7.494839495120889095e-02 6.986818745314635204e-02 6.649569820721459856e-02 6.233316755604502435e-02 5.405530283997684454e-02 4.366427545810638161e-02
8.533333333333331439e+00 7.424390217312956675e-02 6.919911039348937420e-02 6.574799722262762713e-02 6.164255226967169793e-02 5.345682263712813603e-02 4.332574608463951593e-02
8.549999999999997158e+00 7.357819243290084077e-02 6.857841951131102287e-02 6.502865112106055723e-02 6.094881637161496390e-02 5.283897526302495928e-02 4.297605186183012932e-02
8.566666666666669983e+00 7.299542862172947455e-02 6.800774141540179285e-02 6.436761046408882858e-02 6.034971082750559962e-02 5.229442719902994280e-02 4.264092313415271396e-02
8.583333333333335702e+00 7.245917621824553290e-02 6.745082180954653506e-02 6.375242142653118893e-02 5.980032579265345122e-02 5.177052844977789170e-02 4.231031596889109347e-02
8.600000000000001421e+00 7.195432568426161912e-02 6.691966648235167514e-02 6.317467982420756079e-02 5.929571328856179935e-02 5.125669848278194274e-02 4.198664265139805812e-02
8.616666666666667140e+00 7.148595504200311312e-02 6.645069068529770029e-02 6.267299968335555971e-02 5.882765081164638421e-02 5.077101192027844156e-02 4.167177250721487702e-02
8.633333333333332860e+00 7.106290787394387021e-02 6.603327107826892362e-02 6.223310663037035645e-02 5.841035392465927095e-02 5.031840873147921250e-02 4.136476382826086151e-02
8.649999999999998579e+00 7.067347461955565679e-02 6.564216056164239033e-02 6.179619930887701035e-02 5.801922889868801891e-02 4.988486643538710824e-02 4.105863147090803994e-02
8.666666666666664298e+00 7.030179071398418023e-02 6.528743570080200453e-02 6.140062112934641797e-02 5.760725753917589342e-02 4.946552240136918577e-02 4.074106711028567529e-02
8.683333333333330017e+00 6.994689081611994708e-02 6.496425908291794671e-02 6.104775684253509194e-02 5.722676164016443634e-02 4.907253672712787174e-02 4.041759209595068014e-02
8.700000000000002842e+00 6.960877344483770712e-02 6.464007592643220002e-02 6.070925385265686647e-02 5.687627371718867453e-02 4.870169544574053100e-02 4.010664958083525605e-02
8.716666666666668561e+00 6.926981480155328108e-02 6.432168059144249828e-02 6.038729573229595360e-02 5.652890967824702323e-02 4.836424801208636520e-02 3.976900907797048523e-02
8.733333333333334281e+00 6.892129263230716008e-02 6.401037672227308239e-02 6.007815833191670896e-02 5.619745365376625085e-02 4.802918401510095775e-02 3.945410945692814225e-02
8.750000000000000000e+00 6.856880493540032373e-02 6.369649857905192170e-02 5.977283162476835360e-02 5.588512131968215169e-02 4.768730155046962266e-02 3.914315550620055262e-02
8.766666666666665719e+00 6.821727288281458079e-02 6.338814329228806277e-02 5.947127730080500885e-02 5.558828702682315492e-02 4.735709648184560638e-02 3.880614181794732331e-02
8.783333333333331439e+00 6.787310810824938312e-02 6.308782334985195417e-02 5.918099539491869510e-02 5.530523904438532784e-02 4.704954263697000427e-02 3.846756535839050001e-02
8.799999999999997158e+00 6.753543171247486376e-02 6.278663764158182170e-02 5.889882120760867035e-02 5.503400911009594110e-02 4.676150247717669739e-02 3.812859426367704030e-02
8.816666666666669983e+00 6.719293265635972734e-02 6.249402156092704469e-02 5.863096083239618950e-02 5.477673466056020429e-02 4.650080191418749093e-02 3.782199845388461296e-02
8.833333333333335702e+00 6.685575435522542187e-02 6.220660037746635063e-02 5.837876726701249352e-02 5.454254631035612699e-02 4.625125972532224267e-02 3.753845571108815199e-02
8.850000000000001421e+00 6.641218743874628683e-02 6.288072341111344832e-02 6.030051561725058989e-02 5.569684493249844187e-02 4.702361963713164172e-02 3.910992548851861123e-02
8.866666666666667140e+00 6.471591661329299805e-02 6.818217527250453047e-02 7.035311380467494657e-02 6.554786524564618078e-02 5.532620390566743429e-02 5.510157744139113772e-02
8.883333333333332860e+00 6.387164665628378146e-02 6.732679103546036770e-02 6.474657092375112055e-02 6.051034393956404578e-02 5.835630877913591114e-02 5.987176613050430168e-02
8.899999999999998579e+00 6.372718078898995109e-02 6.771697428444448108e-02 6.396188707698335918e-02 6.268038092333858002e-02 6.251571308525979975e-02 6.211695860391248242e-02
8.916666666666664298e+00 6.364624295800500042e-02 6.733904803984562537e-02 6.508698978205160190e-02 6.319362248013989103e-02 6.432456252249806050e-02 6.416153869500884621e-02
8.933333333333330017e+00 6.472637166320856228e-02 6.768685401293945969e-02 6.874160820696668950e-02 6.681809155061012306e-02 6.483748335116773509e-02 6.443938019780129367e-02
8.950000000000002842e+00 6.519361540835866276e-02 6.800358609558500300e-02 7.072750795463807194e-02 6.687995945218544458e-02 6.606490307603547774e-02 6.516424345479567004e-02
8.966666666666668561e+00 6.716723607819788389e-02 6.878568041477213513e-02 7.178124001145828881e-02 6.951026101912802235e-02 6.715033159506039739e-02 6.785113067724418690e-02
8.983333333333334281e+00 6.882054482032148868e-02 7.003049404014664858e-02 7.201740759661580393e-02 7.168855046770905570e-02 6.836556802670708255e-02 7.044113032540993968e-02
9.000000000000000000e+00 7.076356048614064476e-02 7.191184412790350977e-02 7.282035428169862656e-02 7.347334606779207244e-02 6.955456399784795685e-02 7.370210937097353143e-02
9.016666666666665719e+00 7.134551963464463853e-02 7.233199389444325278e-02 7.502587228525772756e-02 7.516546324927976530e-02 7.087262075089610647e-02 7.303673779300948188e-02
9.033333333333331439e+00 7.169892669670178964e-02 7.352578139462649653e-02 7.816105840417557349e-02 7.461604307103247846e-02 7.222473425534504943e-02 7.150793934435319132e-02
9.049999999999997158e+00 7.188149692162332238e-02 7.522092372290653528e-02 7.917231895679754938e-02 7.401094345418451903e-02 7.332885731615278180e-02 7.009697154093909310e-02
9.066666666666669983e+00 7.337537207346361834e-02 7.689606104555386790e-02 7.709742674373055993e-02 7.608704107745542511e-02 7.390303083791223415e-02 7.148838483301442337e-02
9.083333333333335702e+00 7.379662225682204202e-02 7.835604091162283458e-02 7.565011598380304292e-02 7.260693278971297460e-02 7.426833278070865685e-02 7.106993579259249239e-02
9.100000000000001421e+00 7.517946946089534843e-02 7.992638607266154549e-02 7.753989092452562293e-02 7.472765502913578106e-02 7.557469025805745033e-02 7.255620250653209424e-02
9.116666666666667140e+00 7.645828096601295365e-02 8.147492018898690180e-02 7.870944482396297071e-02 7.598267426905752631e-02 7.666917090790104083e-02 7.408760802077865582e-02
9.133333333333332860e+00 7.782922549902503151e-02 8.307855100611274968e-02 8.026048208176345122e-02 7.756814935575472025e-02 7.772891590488613389e-02 7.532002791494250837e-02
9.149999999999998579e+00 7.927124783149391840e-02 8.452471636065156391e-02 8.167242083275422226e-02 7.901662578542224813e-02 7.896494755261848630e-02 7.634950019999003912e-02
9.166666666666664298e+00 8.070868273712106244e-02 8.564307395499373698e-02 8.309005341078587459e-02 8.050007174688249278e-02 8.017102401750367258e-02 7.733681773073632082e-02
9.183333333333330017e+00 8.250200059093755478e-02 8.664435824778607409e-02 8.718313473972949534e-02 8.486176246863383343e-02 8.170966839875745680e-02 7.935663343264232061e-02
9.200000000000002842e+00 8.392281565607324911e-02 8.745621724153650189e-02 9.115240521018276587e-02 8.464922668484443913e-02 8.326843893531268859e-02 8.107122813204474532e-02
9.216666666666668561e+00 8.628312941938864888e-02 8.845637935176180189e-02 9.205438828136761065e-02 8.850251846514392562e-02 8.478270763104890639e-02 8.479533940580942508e-02
9.233333333333334281e+00 8.868894376726142725e-02 8.997757997775267247e-02 9.159933523977580039e-02 9.082231059814389884e-02 8.613095207261468877e-02 8.854208493478338271e-02
9.250000000000000000e+00 9.097076602481694863e-02 9.217746427393939956e-02 9.191583053667450043e-02 9.260600436873812902e-02 8.737171942882721032e-02 9.201321986941714270e-02
9.266666666666665719e+00 9.345470501002735297e-02 9.831173042742927248e-02 9.739625556429647169e-02 9.230765039717284126e-02 9.362473308761132262e-02 9.328681598192907487e-02
9.283333333333331439e+00 9.938576613462060672e-02 9.902641901930543666e-02 9.980170089025651448e-02 9.494379191366492110e-02 9.591154200447050970e-02 9.583004648510201617e-02
9.299999999999997158e+00 1.027681348262805688e-01 1.008251078639929715e-01 1.026097687329660113e-01 1.050553661981029618e-01 9.885802744566667133e-02 9.627963383111545759e-02
9.316666666666669983e+00 1.066600340067530017e-01 1.037169726264272340e-01 1.062339554738943870e-01 1.107383638939615639e-01 1.026845715654598618e-01 1.001046222087403487e-01
9.333333333333335702e+00 1.108975877080596167e-01 1.090000568250552859e-01 1.110767942776348521e-01 1.141795664417331879e-01 1.114534402884985731e-01 1.112101039169450800e-01
9.350000000000001421e+00 1.170410483893748188e-01 1.140949692688322803e-01 1.165977476238063137e-01 1.204660741506320826e-01 1.154104244821423653e-01 1.140828722059611250e-01
9.366666666666667140e+00 1.238288287880284638e-01 1.191961017206986800e-01 1.229409949316570966e-01 1.265282106948500684e-01 1.211438960830756306e-01 1.190094347363485211e-01
9.383333333333332860e+00 1.304986138560541020e-01 1.255239664302990055e-01 1.294658877073696090e-01 1.329943024660847073e-01 1.265678301846136777e-01 1.235421618469138283e-01
9.399999999999998579e+00 1.372271653819336912e-01 1.327118230746667515e-01 1.354654943467504813e-01 1.393317092959685810e-01 1.318741723797573762e-01 1.281696385949804007e-01
9.416666666666664298e+00 1.436302968947479608e-01 1.393785250479350479e-01 1.417034245434069806e-01 1.453927684630568484e-01 1.370366245775674896e-01 1.324973273336546853e-01
9.433333333333330017e+00 1.495369208085073065e-01 1.462935265699992493e-01 1.477749899002519796e-01 1.515284308971071303e-01 1.449925087689034053e-01 1.415311570971867494e-01
9.450000000000002842e+00 1.552818810839065589e-01 1.532426036082855936e-01 1.536987902002623918e-01 1.573360046742441343e-01 1.524566813519498409e-01 1.499262580166549341e-01
9.466666666666668561e+00 1.607378481486038679e-01 1.596622671463010235e-01 1.597564626449383962e-01 1.625269698304139532e-01 1.600832334071151941e-01 1.581698956475125206e-01
9.483333333333334281e+00 1.651190769917402490e-01 1.650380841072328353e-01 1.657306372693894692e-01 1.674311356699877129e-01 1.669828308590926014e-01 1.666572537829732747e-01
9.500000000000000000e+00 1.694413759414293286e-01 1.700826127699688328e-01 1.715534768767868201e-01 1.719110445343938198e-01 1.732618062228093170e-01 1.745832795575572860e-01
9.516666666666665719e+00 1.741814801304472915e-01 1.755282050260770776e-01 1.769969242922145303e-01 1.764840480046089288e-01 1.787392219402752780e-01 1.802601848531232009e-01
9.533333333333331439e+00 1.798157746182498518e-01 1.806811788188435186e-01 1.823202103430459908e-01 1.814348728024520185e-01 1.838529667587061045e-01 1.858125768633147046e-01
9.549999999999997158e+00 1.863299232972540076e-01 1.854174550792424270e-01 1.883765451688362014e-01 1.869293719659859410e-01 1.892055297686642823e-01 1.909098754258898578e-01
9.566666666666669983e+00 1.930333206000235668e-01 1.906354878439996126e-01 1.951053622414742617e-01 1.929611619074294293e-01 1.951827595869946863e-01 1.961073801434235209e-01
9.583333333333335702e+00 2.001637207363728965e-01 1.962354557104406538e-01 2.021639749159714894e-01 1.988011889075098626e-01 2.011201175008795750e-01 2.015718296124398845e-01
9.600000000000001421e+00 2.062315587906866365e-01 2.032934601938241881e-01 2.065652865020886630e-01 2.054490971923342846e-01 2.070185414896847653e-01 2.070112999015278898e-01
9.616666666666667140e+00 2.118815689717189477e-01 2.100826982600440540e-01 2.113076676464357151e-01 2.117088916423584266e-01 2.128326132447026509e-01 2.121886557592921607e-01
9.633333333333332860e+00 2.170997129458220598e-01 2.164976218798909668e-01 2.162047613100986365e-01 2.175873504130255154e-01 2.179625042914538902e-01 2.165847630966230286e-01
9.649999999999998579e+00 2.237086871741118532e-01 2.221501934029758429e-01 2.208034340906915860e-01 2.233022971788510280e-01 2.211458606744574340e-01 2.184371889176347781e-01
9.666666666666664298e+00 2.285961691479286018e-01 2.270933230781553847e-01 2.251452409965013224e-01 2.277734505205436244e-01 2.240802528189163034e-01 2.195256014626092989e-01
9.683333333333330017e+00 2.319044473857418132e-01 2.307730665008136950e-01 2.293472848246775608e-01 2.304917032442819202e-01 2.289249073662990575e-01 2.249111812869850069e-01
9.700000000000002842e+00 2.345523165142469335e-01 2.342119597356741023e-01 2.334263582156134997e-01 2.332173147308161665e-01 2.336933508738678056e-01 2.308887443474630929e-01
9.716666666666668561e+00 2.387645829166991918e-01 2.372337340202848310e-01 2.377004257806282495e-01 2.363781202066709275e-01 2.371686143215143705e-01 2.351766295890044267e-01
9.733333333333334281e+00 2.432996769594102937e-01 2.400922006126922081e-01 2.423401328594667892e-01 2.397406522239069471e-01 2.404983915238897985e-01 2.388197539934823199e-01
9.750000000000000000e+00 2.471558429656142974e-01 2.427975249444068451e-01 2.471525180847989611e-01 2.430398811592245356e-01 2.441170231997109308e-01 2.431379577127680547e-01
9.766666666666665719e+00 2.491327681178205078e-01 2.505266592805007186e-01 2.495523404132738432e-01 2.483747513850632915e-01 2.485561818774842946e-01 2.453459020298981996e-01
9.783333333333331439e+00 2.554290955480165159e-01 2.546425129678332455e-01 2.518541383706032200e-01 2.532552902551904461e-01 2.487269442250530371e-01 2.414971141624361328e-01
9.799999999999997158e+00 2.600380225933086042e-01 2.560616782423540960e-01 2.541414295045856808e-01 2.571686822908240688e-01 2.462708012098928922e-01 2.360036885629168413e-01
9.816666666666669983e+00 2.635007548031258473e-01 2.565525104283500890e-01 2.556071616185384698e-01 2.600492222846550461e-01 2.418844074542098044e-01 2.285416381165930877e-01
9.833333333333335702e+00 2.652638290029480372e-01 2.576408395748981395e-01 2.567481709240056476e-01 2.584673930826822952e-01 2.369849760873955213e-01 2.210097349652813681e-01
9.850000000000001421e+00 2.664243980320559757e-01 2.587026972074134568e-01 2.575900920344835199e-01 2.594952360708652761e-01 2.415764935968076066e-01 2.270676020746755230e-01
9.866666666666667140e+00 2.671321679819818051e-01 2.590110239672612225e-01 2.580565346169831908e-01 2.626122997691131000e-01 2.440012750107775630e-01 2.297977147110039919e-01
9.883333333333332860e+00 2.676596306737195619e-01 2.601479341685257185e-01 2.587679368395839896e-01 2.617706448351865833e-01 2.489862209461351228e-01 2.369162810591313173e-01
9.899999999999998579e+00 2.672646190473593197e-01 2.610835249449987572e-01 2.596019866299612011e-01 2.623299679010539509e-01 2.520294882418252502e-01 2.412256962598134657e-01
9.916666666666664298e+00 2.668999020565360758e-01 2.624720205187729416e-01 2.607055155713788874e-01 2.621933763085586566e-01 2.553220576325976321e-01 2.466788538080787740e-01
9.933333333333330017e+00 2.666252642407490048e-01 2.641646256365665080e-01 2.618589245801173915e-01 2.624790371526823929e-01 2.591203994362862306e-01 2.527637709052054649e-01
9.950000000000002842e+00 2.669022176019132386e-01 2.661089880403604280e-01 2.639207270205528033e-01 2.631422980050224791e-01 2.633489846503802578e-01 2.590965791925761152e-01
9.966666666666668561e+00 2.667840560904869429e-01 2.680213968119607437e-01 2.676106294131676555e-01 2.649119657609107503e-01 2.676586533934239842e-01 2.658073739736847019e-01
9.983333333333334281e+00 2.694649961270740302e-01 2.701208530775562888e-01 2.727016134542848413e-01 2.677418146613669836e-01 2.721011151060375721e-01 2.712381375776789505e-01
1.000000000000000000e+01 2.760143111932585880e-01 2.734828524567469166e-01 2.791087475673894591e-01 2.719068958849223949e-01 2.766358041298301318e-01 2.762901266159495939e-01
1.001666666666666572e+01 2.789834104652872404e-01 2.840006101815664152e-01 2.836693122163136960e-01 2.804937164780919590e-01 2.825536622730652203e-01 2.804061228966435171e-01
1.003333333333333144e+01 2.880510756817724061e-01 2.907051774417925283e-01 2.876489208658586372e-01 2.881349544756785508e-01 2.838951567460830105e-01 2.773944939363865991e-01
1.004999999999999716e+01 2.948885225950658717e-01 2.932902713532281047e-01 2.908494966155064088e-01 2.929555973138561753e-01 2.827441527169463065e-01 2.717035093760014064e-01
1.006666666666666998e+01 2.995132671381745548e-01 2.942220464432510063e-01 2.931017839070651498e-01 2.960470227079436412e-01 2.782373759665142110e-01 2.628732460007173755e-01
1.008333333333333570e+01 3.017529812049813964e-01 2.957439802350203539e-01 2.944799214238447149e-01 2.921606512273541845e-01 2.738985047715511434e-01 2.570780188753878925e-01
1.010000000000000142e+01 3.037015029424996460e-01 2.966114230991520051e-01 2.954200734347344204e-01 2.973554553163957892e-01 2.771864052288794400e-01 2.608345207051668280e-01
1.011666666666666714e+01 3.048604784153083336e-01 2.976144511208397847e-01 2.962406135654445660e-01 2.982081245965203520e-01 2.838259450097300740e-01 2.705622940551280498e-01
1.013333333333333286e+01 3.048815215179782601e-01 2.995128955011333582e-01 2.971414454944777406e-01 2.985771174112903381e-01 2.893079724924983442e-01 2.786127351711366051e-01
1.014999999999999858e+01 3.041121138269851643e-01 3.012260497114024327e-01 2.978804339083476194e-01 2.984331732545522642e-01 2.944309082475967676e-01 2.867864994417011482e-01
1.016666666666666430e+01 3.030129056426518752e-01 3.023699301132895534e-01 2.992120598789905217e-01 2.982603893982923582e-01 2.987172348838090796e-01 2.938170034997235058e-01
1.018333333333333002e+01 3.047545226993355061e-01 2.946746542944979064e-01 3.073621021362236694e-01 2.932427073672716489e-01 3.037368235458918764e-01 3.079945298940023335e-01
1.020000000000000284e+01 3.102898491558425120e-01 2.887439056712554630e-01 3.091450438711471072e-01 3.050366811246492671e-01 2.994328886165525394e-01 3.061272990380996539e-01
1.021666666666666856e+01 3.067517663285497798e-01 3.285938085663414610e-01 3.170777769317903449e-01 3.080833834852479969e-01 3.112818726819587822e-01 3.125590667350847673e-01
1.023333333333333428e+01 3.842326714835243573e-01 3.834013907987290359e-01 3.827716426155216567e-01 3.783389978059173431e-01 3.804543889247755106e-01 3.811304455982598705e-01
1.025000000000000000e+01 4.268856339923670085e-01 4.448821521839872450e-01 4.423926846326527995e-01 4.258957600242153085e-01 4.260530639119909369e-01 4.331450424583999648e-01
1.026666666666666572e+01 4.158371823110707521e-01 4.191195560186702918e-01 4.171087732926901936e-01 4.104345787660939049e-01 4.110482065026189735e-01 4.100594920613261363e-01
1.028333333333333144e+01 3.746686946250238348e-01 3.799216029115693449e-01 3.752332893239623823e-01 3.717304841223288414e-01 3.704035874876075995e-01 3.717471509076694103e-01
1.029999999999999716e+01 4.116313530864863512e-01 3.741978780120099324e-01 4.070253509543314552e-01 3.992941004673553063e-01 3.941878527778091557e-01 3.973958350178226628e-01
1.031666666666666998e+01 4.022209380700533798e-01 4.159548855577954174e-01 4.010649105361232536e-01 3.960346840992278739e-01 4.046764228913150574e-01 3.933681397774719812e-01
1.033333333333333570e+01 4.212163231301716548e-01 3.970699233171401943e-01 3.971159887604656658e-01 4.076410043637114788e-01 3.656099176907510184e-01 3.337319432794592089e-01
1.035000000000000142e+01 4.058498154427619964e-01 4.026851263340148757e-01 3.944131702115186711e-01 3.740648645254072702e-01 3.761545207948287506e-01 3.589104342298737316e-01
1.036666666666666714e+01 4.049145746153647307e-01 3.926865066112659730e-01 3.889953088121759217e-01 3.815938185209091782e-01 3.652902834052123016e-01 3.434181272115912065e-01
1.038333333333333286e+01 3.955316694794731025e-01 3.886652237896000006e-01 3.827865098814570710e-01 3.674023482046788192e-01 3.628626949176760874e-01 3.435648884203577058e-01
1.039999999999999858e+01 3.891504276944772189e-01 3.808060770755452573e-01 3.756823016292214490e-01 3.628972641821909817e-01 3.553832815565812209e-01 3.366554803478610802e-01
1.041666666666666430e+01 3.806612956967042605e-01 3.742132345355718703e-01 3.686530012910653742e-01 3.534665907963434051e-01 3.499819288121923111e-01 3.325260760981491592e-01
1.043333333333333002e+01 3.692456124853049082e-01 3.687609186339890766e-01 3.604352078003220661e-01 3.314516670035440038e-01 3.418744359051447135e-01 3.276204016474376091e-01
1.045000000000000284e+01 3.546043885507615956e-01 3.615758637696772082e-01 3.500420227499921877e-01 3.318965904035086067e-01 3.313419839078614593e-01 3.228461550495547727e-01
1.046666666666666856e+01 3.388040344116885483e-01 3.477654593149881457e-01 3.358135999761089896e-01 3.214002686128796249e-01 3.188778319568601471e-01 3.124154641013260902e-01
1.048333333333333428e+01 3.332020840912622850e-01 3.259245927519658359e-01 3.237046596390377173e-01 3.215470568648977623e-01 3.014577338066361523e-01 3.021848334651664469e-01
1.050000000000000000e+01 3.126857156914201741e-01 3.256356127663982969e-01 3.197205663353434035e-01 2.934709009140126779e-01 2.971855319217092117e-01 2.676857349525948448e-01
1.051666666666666572e+01 3.192496293425299281e-01 3.176528838231637564e-01 3.252693448275337240e-01 3.049709195807257522e-01 2.959061169461992269e-01 2.860110386962023687e-01
1.053333333333333144e+01 3.220086666872066239e-01 3.263293124846379789e-01 3.077841517099486057e-01 3.075093649143936236e-01 2.989062490281045870e-01 3.007150297947474571e-01
1.054999999999999716e+01 3.254018560346654820e-01 3.309148204378624669e-01 3.252136875407071193e-01 3.011973992685870183e-01 3.049376925273790118e-01 2.919823629427351630e-01
1.056666666666666998e+01 3.306816729136711763e-01 3.258783887638511123e-01 3.190237453014386215e-01 2.996522191827190040e-01 3.043573272293552123e-01 2.935246136665139449e-01
1.058333333333333570e+01 3.324471312289249414e-01 3.224665743490273129e-01 3.215149327416457758e-01 3.115870278809838578e-01 3.048654713013270179e-01 2.878088869080314138e-01
1.060000000000000142e+01 3.312924232763615473e-01 3.216903214864922922e-01 3.190950311729777167e-01 3.095906515138348025e-01 3.035226555470093013e-01 2.878992210906286542e-01
1.061666666666666714e+01 3.314614783213192806e-01 3.218247654090119481e-01 3.195429855258566931e-01 3.070071932299378581e-01 3.041704195036751823e-01 2.882185269413454209e-01
1.063333333333333286e+01 3.316941451968060117e-01 3.219355684949629648e-01 3.190933312462259086e-01 3.055952221366772803e-01 3.051638986982447288e-01 2.892389427695014614e-01
1.064999999999999858e+01 3.320799342914388386e-01 3.228389704038995833e-01 3.199057815583794540e-01 3.047503549508576715e-01 3.061323681993365353e-01 2.906229076989245153e-01
1.066666666666666430e+01 3.329566471740654232e-01 3.244035524258560010e-01 3.211813587113067636e-01 3.045331372169638451e-01 3.073718172339083843e-01 2.924007331956469669e-01
1.068333333333333002e+01 3.290324793120127933e-01 3.273824375360982475e-01 3.209676858143237221e-01 2.985487914507048979e-01 3.057292380783418473e-01 2.949320226712214277e-01
1.070000000000000284e+01 3.214609375134595548e-01 3.255062671290741561e-01 3.160628652510228953e-01 3.050496288447741011e-01 3.004876864141020620e-01 2.931628164830090144e-01
1.071666666666666856e+01 3.182551173842192438e-01 3.111930392589881689e-01 3.051440046961966246e-01 3.062182589444582548e-01 2.893175191506302535e-01 2.909837034691023505e-01
1.073333333333333428e+01 3.048966805740620512e-01 3.105945809028392568e-01 3.169300597643270323e-01 2.870535137332842490e-01 2.884126447048953601e-01 2.584048406719207658e-01
1.075000000000000000e+01 3.071722600356110444e-01 3.125117022254093047e-01 2.764024441883980443e-01 2.737905663783536392e-01 2.647646379935956751e-01 2.506731361064492569e-01
1.076666666666666572e+01 3.039802548011704131e-01 3.090143868307483332e-01 2.948205194925147543e-01 2.788769722881724866e-01 2.740856053671661963e-01 2.524932114978932773e-01
1.078333333333333144e+01 3.016916180412594350e-01 3.065179884414923617e-01 2.899926295633470930e-01 2.826787259424413112e-01 2.847926306648519423e-01 2.654720402569575310e-01
1.079999999999999716e+01 3.031684906825038994e-01 3.037233743369374128e-01 3.109401028497672526e-01 2.919019135328557724e-01 2.832557679504852377e-01 2.647690019350549817e-01
1.081666666666666998e+01 3.065646969710151271e-01 3.015065772591623006e-01 3.037716890129539271e-01 2.966028382936581331e-01 2.846708686099829189e-01 2.791667233273747439e-01
1.083333333333333570e+01 3.097336033941995859e-01 3.045796848316350003e-01 2.981095948223833059e-01 2.996433316824085868e-01 2.819674407752790768e-01 2.883321099634166829e-01
1.085000000000000142e+01 3.039886816153236637e-01 3.007354558668980382e-01 2.965837813257569677e-01 2.935657716573959464e-01 2.817543209644260416e-01 2.814612678128173839e-01
1.086666666666666714e+01 3.019754840117944150e-01 2.962059914808079508e-01 2.935508124738822056e-01 2.923369101458575536e-01 2.772374603080728361e-01 2.785602603753430939e-01
1.088333333333333286e+01 2.966917272541853001e-01 2.927965955950324606e-01 2.944628999110001644e-01 2.869613594867578832e-01 2.760858667413398915e-01 2.709882906856989626e-01
1.089999999999999858e+01 2.928904356739239212e-01 2.896189533730908483e-01 2.933735727876712329e-01 2.835147711143538030e-01 2.729659116526623741e-01 2.655521721629984233e-01
1.091666666666666430e+01 2.883348127266145977e-01 2.870261023308505743e-01 2.925736047263654549e-01 2.767895982085025741e-01 2.704958898931751898e-01 2.590838690068495986e-01
1.093333333333333002e+01 2.814863464908532453e-01 2.851836583924228785e-01 2.842990908686463536e-01 2.677790325437327534e-01 2.656647925094388629e-01 2.474138446367339927e-01
1.095000000000000284e+01 2.781004429457405447e-01 2.836528301387669648e-01 2.592139734172799748e-01 2.555700712504494487e-01 2.585602202666052452e-01 2.429906101378046801e-01
1.096666666666666856e+01 2.776975189638444252e-01 2.821779797051395255e-01 2.656082548396217491e-01 2.521015877354297885e-01 2.410491277932259591e-01 2.266254101321035219e-01
1.098333333333333428e+01 2.768650780399771749e-01 2.775758622596452008e-01 2.755516324225044666e-01 2.506434704571910976e-01 2.185843773640428755e-01 2.075927468273168486e-01
1.100000000000000000e+01 2.819926723731804863e-01 2.614065335937098000e-01 2.548633218768230346e-01 2.357645320993909666e-01 1.913561455110666387e-01 1.485322558544091287e-01
1.101666666666666572e+01 2.754474798658684276e-01 2.671676613708051651e-01 2.639202611918557984e-01 2.430668761636945729e-01 2.045758037384649008e-01 1.780694773897821548e-01
1.103333333333333144e+01 2.706359695615226379e-01 2.710566339895709165e-01 2.677399634765803005e-01 2.463694343771342388e-01 2.171163975807058610e-01 2.020882777430693666e-01
1.104999999999999716e+01 2.665562164912733123e-01 2.700687335414903023e-01 2.584065182393028293e-01 2.419350728628215375e-01 2.266373847336216052e-01 2.165957779615333423e-01
1.106666666666666998e+01 2.651028316536048202e-01 2.684673095425409994e-01 2.506132956343810614e-01 2.423543834487827398e-01 2.348989198269713918e-01 2.214650386043180152e-01
1.108333333333333570e+01 2.616578335905944686e-01 2.663391041869343501e-01 2.462300349302324054e-01 2.379450605432731347e-01 2.416853361841600767e-01 2.257975484452714454e-01
1.110000000000000142e+01 2.613810374946911597e-01 2.650528986091726380e-01 2.467736134450334018e-01 2.385725687827017216e-01 2.359296408632066411e-01 2.214378065636963544e-01
1.111666666666666714e+01 2.606289565109620177e-01 2.633584517805219738e-01 2.469859015832988614e-01 2.381871755095057164e-01 2.302230424898215611e-01 2.157847731060988372e-01
1.113333333333333286e+01 2.595243468188208613e-01 2.618041527571727256e-01 2.488653921690205384e-01 2.376101313340913956e-01 2.246697975152920634e-01 2.112818338131453311e-01
1.114999999999999858e+01 2.579816360581869694e-01 2.599309013293519266e-01 2.504307112322380346e-01 2.357802379930750980e-01 2.184167391057711682e-01 2.060801898787041619e-01
1.116666666666666430e+01 2.561577990575698016e-01 2.573830020438081512e-01 2.516022478667390150e-01 2.338724716273876958e-01 2.117279686901120117e-01 2.004309987381454050e-01
1.118333333333333002e+01 2.539552034276579273e-01 2.553805870685633694e-01 2.486812548024294189e-01 2.321137253593721639e-01 2.118579645897341879e-01 2.004194801071506049e-01
1.120000000000000284e+01 2.518298182503216909e-01 2.534789104261986892e-01 2.460137946876371773e-01 2.304221880038967440e-01 2.121708805929537756e-01 2.004524594301192730e-01
1.121666666666666856e+01 2.497174170223631640e-01 2.516111422159985622e-01 2.432225131061400147e-01 2.287353327992198981e-01 2.122347091216164050e-01 2.003971473186302032e-01
1.123333333333333428e+01 2.477685914844373616e-01 2.497967406865133633e-01 2.404532250973747676e-01 2.270338287298323821e-01 2.123088058532175137e-01 2.005398568691876549e-01
1.125000000000000000e+01 2.458963223757699434e-01 2.480295503823320147e-01 2.377796469514366351e-01 2.254553679018685142e-01 2.122930378840656995e-01 2.004405310600710366e-01
1.126666666666666572e+01 2.445587878366235479e-01 2.460845447064863578e-01 2.395602978484380474e-01 2.236956651312217714e-01 2.054797286921539734e-01 1.945794625369490771e-01
1.128333333333333144e+01 2.435114963912508312e-01 2.433693737421050163e-01 2.402798700767711793e-01 2.219437491526379258e-01 1.981984179158510218e-01 1.867034356848711052e-01
1.129999999999999716e+01 2.443588753353090892e-01 2.398213973356777273e-01 2.387642526495867279e-01 2.210435160127048881e-01 1.905157646627773926e-01 1.708890724464354749e-01
1.131666666666666998e+01 2.442668213586066395e-01 2.353153276154446860e-01 2.339817003065901568e-01 2.194369017060986415e-01 1.824068487677270034e-01 1.582701017610696481e-01
1.133333333333333570e+01 2.444252692500427371e-01 2.296322106343571534e-01 2.250839758109648703e-01 2.076623856851583794e-01 1.738507155895460676e-01 1.433427877087034008e-01
1.135000000000000142e+01 2.437579290693026868e-01 2.243820156652312769e-01 2.156700859721332186e-01 1.991104874811869263e-01 1.677358001911120611e-01 1.337062774933595877e-01
1.136666666666666714e+01 2.429902066094094260e-01 2.184898969461239182e-01 2.047709604850276310e-01 1.907768736160784240e-01 1.616482070066552201e-01 1.236379371931347060e-01
1.138333333333333286e+01 2.416389997218791608e-01 2.145280165147160356e-01 1.976096231325518149e-01 1.861824737323863055e-01 1.582742974014356707e-01 1.185388913538032024e-01
1.139999999999999858e+01 2.395529947587897723e-01 2.145432384054450359e-01 1.993169112522280850e-01 1.869858925989312526e-01 1.586617416476798492e-01 1.201647609500289537e-01
1.141666666666666430e+01 2.376727660714170465e-01 2.126336558869367510e-01 1.966052034912482704e-01 1.850290354328959219e-01 1.572427399896345890e-01 1.184891634522447917e-01
1.143333333333333002e+01 2.355266155837373587e-01 2.114791798859443350e-01 1.961204591008794129e-01 1.842939992629735457e-01 1.566442029364629174e-01 1.183837194785854752e-01
1.145000000000000284e+01 2.334830532940463388e-01 2.098341513173302419e-01 1.945116730057524501e-01 1.828437377609772041e-01 1.555759691262993127e-01 1.174984830089691595e-01
1.146666666666666856e+01 2.314817988007339955e-01 2.084210539420663921e-01 1.933105436609235395e-01 1.817103902856844755e-01 1.546976471029641309e-01 1.170673119697928921e-01
1.148333333333333428e+01 2.288208507124780133e-01 2.118905850919036160e-01 2.032464939407340743e-01 1.878435166639635390e-01 1.591343665848762856e-01 1.261124068331241910e-01
1.150000000000000000e+01 2.262736207225266027e-01 2.135412354327080320e-01 2.084100252992772406e-01 1.925087082397828053e-01 1.624559556218309608e-01 1.332452071406808047e-01
1.151666666666666572e+01 2.245649915552792308e-01 2.117004251582026986e-01 2.063685229675164545e-01 1.907355826941412591e-01 1.612248530934221324e-01 1.321629732806168522e-01
1.153333333333333144e+01 2.229202960796892452e-01 2.097980712233490364e-01 2.042028630193184202e-01 1.887918262689641524e-01 1.597771507444492589e-01 1.307581667025191907e-01
1.154999999999999716e+01 2.212636713591108195e-01 2.081137078051845946e-01 2.021916773714788618e-01 1.870234838344718431e-01 1.584472094873616566e-01 1.294435359245614259e-01
1.156666666666666998e+01 2.196473951591459139e-01 2.063956622147302689e-01 2.002131392292365031e-01 1.852584655379707068e-01 1.570503428071723384e-01 1.280701690104344426e-01
1.158333333333333570e+01 2.180499059617122259e-01 2.046397456196168418e-01 1.982788813835616171e-01 1.835375128659358368e-01 1.557050279674023485e-01 1.267989119954491539e-01
1.160000000000000142e+01 2.165425573477154086e-01 2.025765736074025269e-01 1.956400502149231169e-01 1.813302228091881463e-01 1.540227460364962664e-01 1.248544768243713549e-01
1.161666666666666714e+01 2.150467239810991138e-01 2.005395499594374575e-01 1.929857970016476409e-01 1.791360487843771665e-01 1.523396153662190389e-01 1.229817117907384960e-01
1.163333333333333286e+01 2.136090457285832467e-01 1.986369379239282806e-01 1.904469218426634858e-01 1.769682927118330917e-01 1.506704526535087574e-01 1.210300405528675627e-01
1.164999999999999858e+01 2.121807615054868146e-01 1.966780239650361140e-01 1.878489385298862668e-01 1.748090811147545443e-01 1.490402958808235145e-01 1.190549654934820872e-01
1.166666666666666430e+01 2.108395454690473736e-01 1.947350684095545958e-01 1.852379315543760951e-01 1.726644056522095572e-01 1.474516949688391976e-01 1.171082503356278698e-01
1.168333333333333002e+01 2.095472949986260935e-01 1.928405585649309861e-01 1.825389310795458297e-01 1.705283516818732747e-01 1.458789620786780095e-01 1.151925905933009198e-01
1.170000000000000284e+01 2.083272334746626708e-01 1.910219463176927035e-01 1.799521929617683147e-01 1.684170215074998755e-01 1.442895609026822734e-01 1.132927055761990681e-01
1.171666666666666856e+01 2.071807116418912798e-01 1.891810146092488543e-01 1.774394977102716764e-01 1.663806295100241639e-01 1.426801676679468889e-01 1.114197757001522959e-01
1.173333333333333428e+01 2.060505840107002551e-01 1.873413342168726847e-01 1.747108249327908314e-01 1.643859865800927911e-01 1.410595002723916414e-01 1.095527825216993795e-01
1.175000000000000000e+01 2.049614084128688063e-01 1.855620815706628401e-01 1.721151283775969876e-01 1.624550188090748970e-01 1.395057621536606451e-01 1.077074464013999255e-01
1.176666666666666572e+01 2.037767066517753300e-01 1.845437620039191984e-01 1.711420522448545423e-01 1.615318941478777470e-01 1.387412487391588567e-01 1.072022659754978402e-01
1.178333333333333144e+01 2.026470007019031960e-01 1.836283709800975439e-01 1.702708541210739834e-01 1.606614260138909678e-01 1.379396555923940448e-01 1.067079589450722760e-01
1.179999999999999716e+01 2.014893509164291940e-01 1.828129535755447510e-01 1.693613759626227122e-01 1.598042093056944446e-01 1.371310886747049984e-01 1.061911925033787590e-01
1.181666666666666998e+01 2.003677125296962624e-01 1.818874164021449802e-01 1.684972073650460589e-01 1.589912788088564399e-01 1.363983644451752797e-01 1.056919004915037735e-01
1.183333333333333570e+01 1.992130193068816502e-01 1.807841304839586105e-01 1.676958734842726451e-01 1.581918092649823582e-01 1.356563232262031071e-01 1.051994150369741365e-01
1.185000000000000142e+01 1.981016524357285535e-01 1.797608120048715952e-01 1.669265502197910811e-01 1.574314313050560465e-01 1.349339102906008392e-01 1.046888875046415868e-01
1.186666666666666714e+01 1.969291210374249645e-01 1.788544832406320229e-01 1.661003857722126165e-01 1.566799584740330431e-01 1.342593668443809451e-01 1.041359343125264902e-01
1.188333333333333286e+01 1.957562677629700598e-01 1.779800865789035180e-01 1.652537062275951929e-01 1.559350841761629192e-01 1.335692807966050999e-01 1.035860652794733244e-01
1.189999999999999858e+01 1.945328407792315806e-01 1.770371427781764762e-01 1.644840096292878862e-01 1.551841661610428302e-01 1.328331419240553202e-01 1.030390104790306627e-01
1.191666666666666430e+01 1.932874954908324061e-01 1.760888816018259251e-01 1.636947503461408382e-01 1.543899775879981340e-01 1.321246126271350130e-01 1.024832488159368726e-01
1.193333333333333002e+01 1.919829331726380095e-01 1.751380819904160002e-01 1.628041158656641230e-01 1.535737757384923741e-01 1.314248009784984017e-01 1.019257405400697952e-01
1.195000000000000284e+01 1.906750290672419579e-01 1.740718226415631231e-01 1.619258570417077270e-01 1.527323468727291855e-01 1.307292310033454086e-01 1.013645504019061727e-01
1.196666666666666856e+01 1.893853626874262286e-01 1.729538593973207194e-01 1.610363466011993649e-01 1.518831428149318707e-01 1.300325989392373816e-01 1.008111067823035945e-01
1.198333333333333428e+01 1.881417253841868031e-01 1.718659997121783634e-01 1.600975062880669597e-01 1.510137489547252465e-01 1.293377986845022365e-01 1.002676878230188140e-01
1.200000000000000000e+01 1.869008484845013085e-01 1.708377098993203447e-01 1.591973301257540996e-01 1.501408198085756318e-01 1.286764963480678536e-01 9.973157274934556227e-02
1.201666666666666572e+01 1.856467493655671042e-01 1.697640233203393800e-01 1.582822595900483797e-01 1.492432313108232322e-01 1.280179737099821358e-01 9.919982379980663012e-02
1.203333333333333144e+01 1.843983214815201888e-01 1.686731902669455496e-01 1.573482319330055668e-01 1.483654422224626457e-01 1.273943959426492856e-01 9.868844856403956312e-02
1.204999999999999716e+01 1.831505581135509375e-01 1.676074326389509206e-01 1.564437812204214351e-01 1.475138091660223860e-01 1.267000953455001411e-01 9.819642937529074467e-02
1.206666666666666998e+01 1.819312971688724911e-01 1.665872661195108295e-01 1.555828677376889513e-01 1.467116073745306504e-01 1.259805640671266269e-01 9.771585027196870443e-02
1.208333333333333570e+01 1.807423027324578935e-01 1.656250983961589651e-01 1.547258999574861738e-01 1.459186655397906318e-01 1.253189818072319439e-01 9.725365448037505411e-02
1.210000000000000142e+01 1.790931820699337984e-01 1.681062411447437621e-01 1.616971437269528467e-01 1.503208380971732816e-01 1.285109373281754230e-01 1.036721757848536873e-01
1.211666666666666714e+01 1.769254274376867164e-01 1.724701669790106306e-01 1.717599073108318219e-01 1.593241284975828731e-01 1.349831156470210625e-01 1.162687577606635464e-01
1.213333333333333286e+01 1.751071836841155138e-01 1.740481731302669643e-01 1.743798330869434643e-01 1.653375409210202374e-01 1.392100132970175153e-01 1.248835131308543012e-01
1.214999999999999858e+01 1.732053601472766657e-01 1.755367308666512804e-01 1.759750733479700791e-01 1.638229015633611563e-01 1.439420940690803175e-01 1.344819994142893438e-01
1.216666666666666430e+01 1.714307331160511705e-01 1.758879030718792369e-01 1.746483542054972360e-01 1.633605577251688867e-01 1.479331989603949460e-01 1.427532173528401060e-01
1.218333333333333002e+01 1.698566915481613537e-01 1.763062859520866665e-01 1.714896865581388985e-01 1.626930773102163996e-01 1.541359328879985668e-01 1.518592468309649668e-01
1.220000000000000284e+01 1.693643344062201739e-01 1.757181737436151192e-01 1.668618058616254118e-01 1.626633150964271468e-01 1.594392517174127999e-01 1.543103661691845874e-01
1.221666666666666856e+01 1.681052125044404932e-01 1.751379098284839009e-01 1.642332557245561320e-01 1.613132238431294607e-01 1.643408977992731057e-01 1.592486377116423546e-01
1.223333333333333428e+01 1.671037529562121871e-01 1.746427678875138723e-01 1.650751373899224939e-01 1.600327586935455515e-01 1.687247174446588616e-01 1.623700383723502561e-01
1.225000000000000000e+01 1.694171286822031830e-01 1.746410485647810484e-01 1.704264246809535088e-01 1.697809109110186843e-01 1.688402120757072356e-01 1.635588848369745885e-01
1.226666666666666572e+01 1.708615227349426502e-01 1.746882207883246330e-01 1.835546832773514159e-01 1.719267267346016592e-01 1.725110001162207529e-01 1.673126270994279297e-01
1.228333333333333144e+01 1.772723420479347389e-01 1.763011180239905384e-01 1.790052574930540985e-01 1.814206404305503118e-01 1.736675783078087398e-01 1.792363662411967928e-01
1.229999999999999716e+01 1.788194543406904091e-01 1.828322228147136463e-01 1.810514262838347210e-01 1.801855430588472640e-01 1.783775423662061488e-01 1.830377806809598829e-01
1.231666666666666998e+01 1.836969115469784808e-01 1.890649292906935175e-01 1.883598981846451581e-01 1.827966644460929657e-01 1.842381404460884664e-01 1.847212688623560140e-01
1.233333333333333570e+01 1.903917653374530006e-01 1.936933510307319029e-01 1.921416498957940477e-01 1.863283656731818394e-01 1.883793070521607715e-01 1.887385102046328922e-01
1.235000000000000142e+01 2.027881325150998892e-01 1.964809161803702520e-01 2.002143430164230742e-01 1.990663702285049297e-01 1.970657131317344324e-01 1.911673488772714091e-01
1.236666666666666714e+01 2.080471324285189660e-01 2.024214133063911292e-01 2.060389704233868691e-01 2.205869033269712565e-01 2.076281878148138749e-01 2.024572097896007450e-01
1.238333333333333286e+01 2.135930815927183091e-01 2.149208898189229333e-01 2.176048756260582362e-01 2.206738441071341428e-01 2.284114630932805312e-01 2.323225084675593910e-01
1.239999999999999858e+01 2.274925726124410741e-01 2.170131860248912248e-01 2.320593975148572408e-01 2.317696172668472221e-01 2.371801197643784165e-01 2.440979184241345856e-01
1.241666666666666430e+01 2.436487823525337049e-01 2.245285705623635275e-01 2.470130825001561059e-01 2.449332861346001089e-01 2.484096559983953456e-01 2.606554481260204836e-01
1.243333333333333002e+01 2.593777686666132176e-01 2.475820362365955540e-01 2.642006097499523531e-01 2.629782706950913318e-01 2.700116451913829319e-01 2.777866203424952940e-01
1.245000000000000284e+01 2.693231459931511029e-01 2.739769027158489023e-01 2.740420503988049150e-01 2.828461088366262532e-01 2.869170920728945084e-01 2.887292270638857627e-01
1.246666666666666856e+01 2.919342306962297018e-01 2.790868282014368762e-01 2.839782821657516609e-01 2.966147137843840875e-01 2.821815903297655859e-01 2.720495952620779478e-01
1.248333333333333428e+01 2.932077380982316406e-01 2.880676758647897073e-01 2.905792226183100957e-01 2.821461208722125247e-01 2.826568330586682332e-01 2.761020648363599062e-01
1.250000000000000000e+01 2.765212684440918611e-01 2.857530710820647690e-01 2.812295348221389157e-01 2.769330877849532913e-01 2.748154246981250326e-01 2.788670768285201884e-01
1.251666666666666572e+01 2.823086742989591724e-01 2.736741128474504681e-01 2.842838491954521318e-01 2.828779354580301941e-01 2.691821987077332445e-01 2.670016832416903241e-01
1.253333333333333144e+01 2.785020012143573087e-01 2.798781106027351528e-01 2.849803910814402430e-01 2.776278271147871179e-01 2.724184477542077598e-01 2.678388878985654142e-01
1.254999999999999716e+01 2.776248383456964564e-01 2.761802579583083062e-01 2.851688495366557219e-01 2.752163846723776341e-01 2.694995800983953638e-01 2.613340090881696720e-01
1.256666666666666998e+01 2.739572673800892422e-01 2.768486745417698125e-01 2.835572054433044276e-01 2.696794201939207158e-01 2.679128003152277948e-01 2.570861227297662199e-01
1.258333333333333570e+01 2.712987011538268156e-01 2.750682134210368779e-01 2.787338503268194101e-01 2.669599110296850819e-01 2.645480869508982091e-01 2.534149338326435186e-01
1.260000000000000142e+01 3.009806916542021038e-01 2.971908941195638976e-01 2.926428196955044858e-01 2.803363398213761237e-01 2.906628521843544477e-01 2.893540971921430005e-01
1.261666666666666714e+01 2.896914515118902411e-01 2.856279579503313570e-01 2.894234074731647510e-01 3.121757215163402654e-01 3.024573479105727158e-01 2.993238475728461911e-01
1.263333333333333286e+01 2.975505412435413000e-01 2.743267335449075528e-01 3.029791400395465684e-01 2.880398460017192797e-01 3.020159782186946362e-01 3.191808188110810129e-01
1.264999999999999858e+01 2.869448525508649928e-01 3.063625126775687546e-01 2.987527761647499336e-01 3.088902599001719929e-01 3.036201159148866346e-01 3.097121668526437444e-01
1.266666666666666430e+01 3.845262812539795294e-01 3.787310749416125666e-01 3.905632328878091419e-01 3.906727742022395033e-01 3.975790788303542600e-01 4.073894250169221576e-01
1.268333333333333002e+01 3.993628507711352582e-01 4.008815357645783561e-01 4.114215619016491354e-01 4.111413877214310508e-01 4.112032121157895848e-01 4.225804081105215548e-01
1.270000000000000284e+01 4.412221360362319489e-01 4.401587340689054328e-01 4.523858559489395414e-01 4.531559658670797908e-01 4.546697861881571212e-01 4.629899576377434767e-01
1.271666666666666856e+01 4.792854997553213647e-01 4.818074892355279082e-01 4.901139688235620073e-01 4.892710690162758169e-01 4.894498578951846923e-01 5.007110430076966434e-01
1.273333333333333428e+01 5.070975619947799551e-01 5.150250134847613737e-01 5.202718855486405669e-01 5.193013918629126868e-01 5.180508224511667370e-01 5.266004717805240487e-01
1.275000000000000000e+01 5.288519959259535552e-01 5.361751145939021024e-01 5.392604585831552999e-01 5.382314878041627448e-01 5.355097226878037242e-01 5.448913515170644706e-01
1.276666666666666572e+01 5.434258071831228332e-01 5.502022550984174698e-01 5.520999032462328149e-01 5.500211487263441112e-01 5.502543186161250599e-01 5.554714402131987194e-01
1.278333333333333144e+01 5.556370626210772601e-01 5.613115545710463117e-01 5.641627032295539745e-01 5.603041753231581268e-01 5.602276279255616886e-01 5.648617371914725904e-01
1.279999999999999716e+01 5.683392280134386132e-01 5.715129920281093456e-01 5.759783952760154646e-01 5.713487655067838178e-01 5.705533812999507015e-01 5.743696007715123342e-01
1.281666666666666998e+01 5.809705902716523207e-01 5.829151944521102635e-01 5.872429570887344186e-01 5.825680592779758360e-01 5.820276713552436920e-01 5.839075440369457803e-01
1.283333333333333570e+01 5.929142708083379176e-01 5.963566692289863358e-01 5.982393329996666953e-01 5.934837766432086159e-01 5.929631446630917457e-01 5.943836758958724875e-01
1.285000000000000142e+01 6.053326536661464141e-01 6.089353455603039311e-01 6.100863892625908447e-01 6.048942300565932628e-01 6.037226715200104676e-01 6.046968875355069883e-01
1.286666666666666714e+01 6.171839134423090512e-01 6.197300447580029736e-01 6.208621551385696824e-01 6.149991875426342736e-01 6.143840468255578058e-01 6.144352978164461243e-01
1.288333333333333286e+01 6.284087878207372801e-01 6.311974138650118249e-01 6.304676964011759477e-01 6.250868669215545737e-01 6.239921891767831186e-01 6.230320618678759637e-01
1.289999999999999858e+01 6.383309612827205992e-01 6.422571384422653962e-01 6.414450958776514167e-01 6.349111056326912639e-01 6.329666493640347946e-01 6.321840748327347548e-01
1.291666666666666430e+01 6.488464257243702349e-01 6.514739250415502170e-01 6.513751102320047837e-01 6.438991257688551073e-01 6.423692835637632159e-01 6.407439231364834287e-01
1.293333333333333002e+01 6.587655649846455574e-01 6.604585388995011241e-01 6.601206162975304936e-01 6.529522580889721706e-01 6.512077508934016601e-01 6.486657085406765111e-01
1.295000000000000284e+01 6.678423134242318371e-01 6.697209376189081631e-01 6.690947825350946898e-01 6.614808644335752330e-01 6.599282661853834719e-01 6.570938736128218993e-01
1.296666666666666856e+01 6.774039277883712185e-01 6.787364845463464968e-01 6.782641948176667546e-01 6.702121192612214839e-01 6.678821328303312654e-01 6.651938365609081361e-01
1.298333333333333428e+01 6.864822807127555215e-01 6.874053418932717374e-01 6.861039253948070238e-01 6.781438859309333322e-01 6.761116060832504937e-01 6.731979912438748048e-01
1.300000000000000000e+01 6.955390209096793397e-01 6.958292656977371760e-01 6.947062570998439046e-01 6.863619515104346647e-01 6.843836019691887929e-01 6.804300008714970760e-01
1.301666666666666572e+01 7.037706573533294430e-01 7.042875318644062910e-01 7.037090046011598155e-01 6.947977399596108050e-01 6.923546278768375473e-01 6.884629118478992060e-01
1.303333333333333144e+01 7.125574963279357465e-01 7.130181915990236874e-01 7.121598337931680511e-01 7.026074629517374825e-01 7.000041372497758374e-01 6.959179257109076033e-01
1.304999999999999716e+01 7.212704921628679822e-01 7.209532161963625452e-01 7.207774691285265822e-01 7.106837266357242111e-01 7.072917304033855546e-01 7.032260545417435837e-01
1.306666666666666998e+01 7.292906125522912175e-01 7.293226223648224815e-01 7.290620863772384608e-01 7.181696365685757977e-01 7.154377244140858183e-01 7.110414552825018442e-01
1.308333333333333570e+01 7.377584559216248117e-01 7.376434047032217611e-01 7.365293210807274393e-01 7.260711220165646518e-01 7.236298726948727777e-01 7.185258179762761266e-01
1.310000000000000142e+01 7.236415769551097776e-01 7.197385594790303154e-01 7.165150762689730390e-01 7.102448030962484893e-01 7.080427394406217934e-01 7.004267971865475451e-01
1.311666666666666714e+01 7.080077386114157489e-01 6.991080978341492891e-01 6.954217180538018184e-01 6.926782118496801477e-01 6.910426493881082211e-01 6.803543463825820758e-01
1.313333333333333286e+01 6.869695323571929357e-01 6.786628857056654640e-01 6.733298314663193063e-01 6.718014472259719039e-01 6.717257338185212978e-01 6.642300764426557480e-01
1.314999999999999858e+01 6.662252341251416743e-01 6.592799531397969259e-01 6.532618182948929375e-01 6.525879959948209796e-01 6.498949024145898035e-01 6.435981851844349011e-01
1.316666666666666430e+01 6.434251351566167010e-01 6.417048255385804367e-01 6.410762172359102395e-01 6.348050525511841347e-01 6.269961766382512458e-01 6.223341615783071212e-01
1.318333333333333002e+01 6.507956531533434230e-01 6.464771994690806656e-01 6.480609199329721015e-01 6.412527986185966311e-01 6.336169495255689066e-01 6.286448932330001016e-01
1.320000000000000284e+01 6.554589062182369918e-01 6.499583362016805310e-01 6.518225838586737542e-01 6.463797187617592588e-01 6.371740639271031847e-01 6.326930733672778695e-01
1.321666666666666856e+01 6.605083855506512780e-01 6.539968555856900956e-01 6.579168869665806829e-01 6.513062535580182999e-01 6.422292890569424317e-01 6.373628648547994269e-01
1.323333333333333428e+01 6.659848149632470182e-01 6.582267660796071729e-01 6.623342700301478869e-01 6.568696082475288245e-01 6.474705516255079285e-01 6.416081461446270229e-01
1.325000000000000000e+01 6.715753931459016446e-01 6.630640466925102894e-01 6.670288117954641383e-01 6.634194051855115681e-01 6.530667259610984932e-01 6.473025368670274338e-01
1.326666666666666572e+01 6.891640455690123401e-01 6.917453702700785412e-01 6.863254429001860446e-01 6.770903513575019517e-01 6.726321356839085608e-01 6.651598533561330351e-01
1.328333333333333144e+01 7.375531550922550528e-01 7.287550294609845825e-01 7.228358664155090096e-01 7.205590700447364050e-01 7.178080302280900327e-01 7.090079742605124302e-01
1.329999999999999716e+01 7.713575438175936938e-01 7.694391917998860686e-01 7.647590013127146813e-01 7.558807432312374397e-01 7.527815483496365090e-01 7.411509151345564428e-01
1.331666666666666998e+01 8.126466125707172417e-01 8.125592960108872775e-01 8.107753636909650341e-01 7.978304033824162866e-01 7.924245624925322362e-01 7.799613060691201749e-01
1.333333333333333570e+01 8.470486811224972046e-01 8.543844157353652768e-01 8.544199086361815576e-01 8.333925542111668694e-01 8.270864104677689843e-01 8.206041348178404471e-01
1.335000000000000142e+01 8.585489816954993136e-01 8.648225178980768479e-01 8.647598939738263546e-01 8.444272700591521907e-01 8.378205519053404382e-01 8.296833951131622475e-01
1.336666666666666714e+01 8.670826019834793064e-01 8.738965406891245902e-01 8.737683202045475328e-01 8.536973313535928254e-01 8.475764614467254932e-01 8.388383812696662556e-01
1.338333333333333286e+01 8.763159955654152844e-01 8.815667513699805280e-01 8.812306151354147854e-01 8.617442417690008849e-01 8.564868696540809401e-01 8.460589460915833859e-01
1.339999999999999858e+01 8.829416772795977142e-01 8.876206118107577980e-01 8.873057010022279423e-01 8.679254648896130853e-01 8.619751306655801804e-01 8.522503868734034871e-01
1.341666666666666430e+01 8.873766651144241457e-01 8.919469869808419604e-01 8.910825059294804618e-01 8.721001465905297012e-01 8.659969584600653025e-01 8.569834018973446765e-01
1.343333333333333002e+01 8.916381028239803719e-01 8.948559440298230472e-01 8.940546939566301754e-01 8.756934719093067976e-01 8.688747562928251789e-01 8.603818196207566604e-01
1.345000000000000284e+01 8.956173695407539936e-01 8.983187943985981860e-01 8.969773185422428297e-01 8.786768857889913908e-01 8.725012652179561234e-01 8.643184365202046804e-01
1.346666666666666856e+01 9.002069292561410974e-01 9.032043519647701135e-01 9.015948614157117680e-01 8.827843415567586671e-01 8.780836262660476343e-01 8.682748191829378070e-01
1.348333333333333428e+01 9.046505994745136503e-01 9.081246220241979694e-01 9.062326058450430599e-01 8.878406213037168815e-01 8.826986255765416622e-01 8.732480034641509903e-01
1.350000000000000000e+01 9.103274518748949440e-01 9.125380871669493965e-01 9.104757375904579675e-01 8.928434584799394003e-01 8.869504212173147106e-01 8.777568160760849114e-01
1.351666666666666572e+01 9.147264071021128373e-01 9.163041578879018711e-01 9.143125711200360550e-01 8.968776543647317689e-01 8.916293366108504204e-01 8.813550630143572873e-01
1.353333333333333144e+01 9.185009723017922845e-01 9.202677842004085562e-01 9.184455292755404621e-01 9.002376644231449010e-01 8.954676737344239301e-01 8.853171821002961961e-01
1.354999999999999716e+01 9.229019497866721711e-01 9.240414738566367081e-01 9.215758365729206369e-01 9.042690660958352389e-01 8.985429775800595209e-01 8.887223319344028649e-01
1.356666666666666998e+01 9.266775902010949695e-01 9.270762626086288538e-01 9.244048580624024680e-01 9.076216661275625652e-01 9.012971085253087544e-01 8.925068884510390932e-01
1.358333333333333570e+01 9.310461092806947558e-01 9.312220339621021248e-01 9.282383411969349352e-01 9.112377353293815707e-01 9.051094730126958421e-01 8.956891164661640037e-01
1.360000000000000142e+01 9.361719812047081257e-01 9.363503420164045465e-01 9.334143550863810423e-01 9.169944499489012246e-01 9.117151910910821222e-01 9.013139209120749618e-01
1.361666666666666714e+01 9.417306974024776123e-01 9.407198546456296828e-01 9.391320368131984564e-01 9.224399193797608865e-01 9.175526765430533915e-01 9.062428830648202593e-01
1.363333333333333286e+01 9.478447051176454030e-01 9.465596789967930524e-01 9.443109740927380091e-01 9.280988890455261764e-01 9.227113695461869325e-01 9.115467883923521475e-01
1.364999999999999858e+01 9.535728583786904355e-01 9.537731515268473848e-01 9.497820374488453732e-01 9.331064909388475659e-01 9.276308538174927731e-01 9.174301324582292416e-01
1.366666666666666430e+01 9.595772487967054731e-01 9.589822167564961974e-01 9.560115844414946995e-01 9.390792811216640557e-01 9.321711773425571668e-01 9.228963299710790658e-01
1.368333333333333002e+01 9.647237869379684527e-01 9.636751909186933585e-01 9.605011093761800511e-01 9.442047015360859330e-01 9.370959856384779574e-01 9.284062220072480942e-01
1.370000000000000284e+01 9.707737557019746610e-01 9.692293893794250437e-01 9.661587825547258701e-01 9.494517931079521356e-01 9.429284610010553180e-01 9.332358395067674728e-01
1.371666666666666856e+01 9.759629952365760364e-01 9.750430111357899499e-01 9.722106191742001524e-01 9.553703399324867673e-01 9.499744806568491962e-01 9.388987083295153857e-01
1.373333333333333428e+01 9.814298862860021400e-01 9.809002842629972463e-01 9.759569317624464668e-01 9.608150508791715172e-01 9.547453207593242785e-01 9.437010680487069036e-01
1.375000000000000000e+01 9.874538923937919987e-01 9.858962501084900243e-01 9.808326308114632130e-01 9.663165957296202535e-01 9.587906333213814802e-01 9.488042021729260478e-01
1.376666666666666572e+01 9.931578405555429034e-01 9.911306081534613233e-01 9.864778682719024250e-01 9.712652094278726445e-01 9.651082709893630263e-01 9.546578942624496245e-01
1.378333333333333144e+01 9.990299114477494413e-01 9.963426445573970724e-01 9.929585203881330369e-01 9.771582062205054209e-01 9.717809908161402221e-01 9.600103508315366296e-01
1.379999999999999716e+01 1.004193895652951918e+00 1.002458115763405599e+00 9.974416622152263434e-01 9.822907102635215493e-01 9.765592125061091089e-01 9.655633642896984670e-01
1.381666666666666998e+01 1.010274354868210711e+00 1.008591536428678159e+00 1.002593192086168594e+00 9.876010337166554187e-01 9.814443047084819849e-01 9.704297617847778001e-01
1.383333333333333570e+01 1.015420875160536474e+00 1.013872042980983101e+00 1.009324214829128596e+00 9.936171382784293460e-01 9.875404211264007248e-01 9.761642997085095974e-01
1.385000000000000142e+01 9.028729355904888676e-01 8.905385644172236770e-01 8.776672874142813496e-01 8.775746516218079218e-01 8.759936622559780783e-01 8.641231340783566139e-01
1.386666666666666714e+01 8.845332853238885296e-01 8.147224346565031805e-01 8.644120084529254289e-01 8.847280246459248154e-01 8.406560447274992187e-01 8.395305100013765731e-01
1.388333333333333286e+01 9.123368543327490254e-01 8.727663208169782472e-01 8.942349894893946161e-01 8.428916488616590152e-01 8.816443125922698298e-01 8.623464135558901456e-01
1.389999999999999858e+01 9.004027871418479601e-01 8.719802139055653489e-01 8.449271621282047340e-01 8.879024844939897854e-01 8.204976997800915717e-01 7.588421223388335246e-01
1.391666666666666430e+01 8.648093760822564979e-01 8.574624844160813053e-01 8.398584447395831543e-01 7.316281428746168602e-01 7.735213136017680124e-01 7.421328410788801122e-01
1.393333333333333002e+01 8.025906904209835213e-01 8.158513732617671543e-01 7.820580698856464119e-01 7.765866670944162609e-01 7.410797189755764514e-01 7.193546111262841825e-01
1.395000000000000284e+01 8.107561735606614306e-01 7.902334835813891178e-01 7.713184141940735428e-01 7.624264939276831354e-01 7.174584327883645196e-01 7.106707268420003887e-01
1.396666666666666856e+01 7.736192214985475601e-01 7.617257397251804285e-01 7.619502571942630142e-01 7.319014514530890470e-01 7.012226868274933356e-01 6.714125922164773108e-01
1.398333333333333428e+01 7.474341978091284533e-01 7.477140403064365115e-01 7.573674278688571349e-01 6.965428061168195129e-01 6.854780454232484166e-01 6.318911659558464899e-01
1.400000000000000000e+01 7.268784486053435634e-01 7.332825756311539545e-01 7.041497133180548706e-01 6.815765415600929522e-01 6.640943152190028620e-01 6.126441875770000101e-01
1.401666666666666572e+01 7.130237905125980102e-01 7.177712772243846073e-01 6.957785237460683003e-01 6.676487279150586929e-01 6.525565009737652744e-01 6.026192250412475415e-01
1.403333333333333144e+01 6.984704052177723721e-01 7.022997908472126127e-01 6.885368171821293348e-01 6.550457606547541722e-01 6.414305910186233195e-01 5.934094337515253281e-01
1.404999999999999716e+01 6.846683046144866891e-01 6.873881817406509720e-01 6.795214147102281999e-01 6.419898487781549035e-01 6.300228139704378005e-01 5.835176711781138170e-01
1.406666666666666998e+01 6.715522877741011420e-01 6.734033149197843349e-01 6.704681806369626740e-01 6.301886354834496107e-01 6.186830653329309371e-01 5.739938889882394424e-01
1.408333333333333570e+01 6.589962063971122053e-01 6.603620093467831298e-01 6.613336900386264094e-01 6.186475298474748419e-01 6.080820823872389314e-01 5.647842416960965339e-01
1.410000000000000142e+01 6.455804856993043739e-01 6.492689197426686487e-01 6.353818972877264271e-01 6.073732326120641067e-01 5.941384643935724297e-01 5.516877058942278866e-01
1.411666666666666714e+01 6.327753835611158451e-01 6.391976493331242848e-01 6.057552952880873587e-01 5.926746498724324574e-01 5.800177990462476174e-01 5.380799572883875337e-01
1.413333333333333286e+01 6.205831022114152162e-01 6.297720919787810345e-01 5.826468485307076950e-01 5.596404989002210506e-01 5.662076091130040512e-01 5.243642116593049129e-01
1.414999999999999858e+01 6.102442081660552908e-01 6.211822482655753319e-01 5.693500853645020454e-01 5.437852200159487559e-01 5.505094358434975410e-01 5.090602062775692049e-01
1.416666666666666430e+01 6.074237555155953538e-01 6.139428698550063457e-01 5.682206233293186637e-01 5.465605886120210588e-01 5.260734111448360784e-01 4.890378984204550306e-01
1.418333333333333002e+01 5.990053889110651397e-01 6.063867645955431929e-01 5.643605436620688920e-01 5.377000643982308148e-01 5.170892404749243276e-01 4.805362731024076517e-01
1.420000000000000284e+01 5.933194881778173224e-01 5.996378982539239955e-01 5.599128834469342397e-01 5.340064406785892670e-01 5.074582538553420452e-01 4.718720204615285962e-01
1.421666666666666856e+01 5.874396673761214105e-01 5.931523547075828739e-01 5.567800511729454893e-01 5.277432951423534080e-01 4.989223617686341927e-01 4.641892443242321975e-01
1.423333333333333428e+01 5.829419997212792470e-01 5.874453945487089213e-01 5.540687403466375560e-01 5.236752629475639464e-01 4.900979915464560577e-01 4.561237319377293153e-01
1.425000000000000000e+01 5.790016031272930963e-01 5.827642775482916315e-01 5.520190189200229192e-01 5.192944673307984260e-01 4.820300235094646668e-01 4.487300999301877535e-01
1.426666666666666572e+01 5.757484234352978625e-01 5.777647454959620177e-01 5.551421844434482056e-01 5.153872314878104044e-01 4.664284369042945300e-01 4.351905486000638423e-01
1.428333333333333144e+01 5.722217758431378254e-01 5.713853817810060631e-01 5.560755648386179750e-01 5.105237210978227358e-01 4.502111503119098912e-01 4.191959628353032485e-01
1.429999999999999716e+01 5.730871912513302302e-01 5.630999940884768851e-01 5.527522243892495357e-01 5.080370677986483230e-01 4.332437401157570589e-01 3.841000578364632823e-01
1.431666666666666998e+01 5.711489833346535816e-01 5.522423717780562402e-01 5.429395982772328155e-01 5.035832111663984811e-01 4.154144285211084919e-01 3.573778959482737938e-01
1.433333333333333570e+01 5.696083635635325049e-01 5.384273523434206510e-01 5.247612567717778731e-01 4.842920772188032963e-01 3.969364010110627561e-01 3.256198940980195577e-01
1.435000000000000142e+01 5.650534948317833539e-01 5.308709144513854561e-01 5.142439460404300000e-01 4.716751966773148896e-01 3.908162162360463987e-01 3.180630737908912709e-01
1.436666666666666714e+01 5.601761740347968033e-01 5.240421764298907048e-01 5.054827252370652779e-01 4.651436676773297862e-01 3.850835467853560012e-01 3.100408590421635524e-01
1.438333333333333286e+01 5.552473965471503847e-01 5.166269573469816079e-01 4.953705884585265506e-01 4.555468567837789862e-01 3.791214278814839522e-01 3.023967149097026574e-01
1.439999999999999858e+01 5.500605592586997883e-01 5.089230095036978430e-01 4.854867612225310380e-01 4.475146244946768270e-01 3.733549274814307317e-01 2.950701920069945250e-01
1.441666666666666430e+01 5.450514678953088943e-01 5.012746193620457591e-01 4.751240870480041290e-01 4.386101623107395708e-01 3.672950007830742547e-01 2.871721225201863681e-01
1.443333333333333002e+01 5.288283384585210634e-01 5.321012350108944577e-01 5.320753904169641668e-01 4.974244206114897260e-01 4.212388295110945924e-01 3.870845127309492373e-01
1.445000000000000284e+01 5.180857792846348397e-01 5.249023409628519321e-01 4.835830819112438839e-01 4.632069891572190845e-01 4.582033179241715160e-01 4.315991528309340297e-01
1.446666666666666856e+01 5.091375909940117905e-01 5.196235047870735313e-01 4.849114132055956095e-01 4.717272750214884791e-01 4.864338125884780095e-01 4.453297086089259005e-01
1.448333333333333428e+01 5.171181364339164643e-01 5.148605879494322357e-01 5.169905422792344662e-01 5.021781662427292625e-01 4.827546616572658267e-01 4.545243315222378677e-01
1.450000000000000000e+01 5.223343916012852528e-01 5.121139187410099769e-01 5.217560117595648750e-01 4.990271208284312032e-01 4.883835118344964643e-01 4.735920277120215238e-01
1.451666666666666572e+01 5.518715741192593560e-01 5.559042916758640818e-01 5.298524271494520210e-01 5.124369511415521883e-01 5.197770031991432171e-01 5.046118840487698876e-01
1.453333333333333144e+01 5.714255480789867114e-01 5.299104498148160536e-01 5.395540850172277914e-01 5.603339957430136797e-01 5.202826707770022985e-01 4.821951925814952911e-01
1.454999999999999716e+01 5.668406705299914305e-01 5.544177550798023990e-01 5.452376469161390737e-01 5.664867940378131017e-01 5.598334468457583091e-01 5.454296213757962031e-01
1.456666666666666998e+01 5.675630164340688122e-01 5.555210781335629955e-01 5.654783207315504656e-01 5.667889047816103698e-01 5.799358781773781280e-01 5.793285585529358572e-01
1.458333333333333570e+01 6.006606058119905445e-01 5.466143647003367523e-01 5.904272681353723851e-01 5.766157590863196791e-01 5.822038293530863440e-01 5.895719603811067078e-01
1.460000000000000142e+01 6.154837033275023517e-01 5.813694733738109521e-01 6.090514241320349464e-01 6.015385404236954781e-01 6.101663181869662056e-01 6.111622459675032371e-01
1.461666666666666714e+01 6.361895617428947602e-01 6.169365873621409646e-01 6.267558434158236880e-01 6.291127694850657814e-01 6.340540932550515763e-01 6.284710869373574260e-01
1.463333333333333286e+01 6.533883827225360763e-01 6.455453697822192138e-01 6.418717220978612525e-01 6.560313499133240134e-01 6.536072558288891221e-01 6.392565257932572020e-01
1.464999999999999858e+01 6.851657701197514383e-01 6.587675794684192399e-01 6.549837403955659498e-01 6.765215569328543177e-01 6.513524697362973459e-01 6.227463341391726859e-01
1.466666666666666430e+01 6.954220632911932709e-01 6.648467688422586841e-01 6.641614244974858305e-01 6.868634939350878321e-01 6.436816225255905799e-01 6.051321940839916591e-01
1.468333333333333002e+01 7.040114463846345316e-01 6.731360627507098071e-01 6.723758762453251325e-01 6.930966068124171375e-01 6.473751959840856607e-01 6.079233644208764664e-01
1.470000000000000284e+01 7.083380569788488845e-01 6.791067554285619146e-01 6.774724378996868079e-01 6.970897326807882211e-01 6.509393442206612423e-01 6.112598884548361422e-01
1.471666666666666856e+01 7.105946542284137246e-01 6.813706815587051713e-01 6.805043229991314391e-01 6.989944821938394171e-01 6.509137700477929389e-01 6.091931583769026881e-01
1.473333333333333428e+01 7.106235038660061454e-01 6.822141872015788922e-01 6.809036441175010390e-01 6.981299736672892386e-01 6.501642627366094329e-01 6.087640261025079047e-01
1.475000000000000000e+01 7.095091087309315370e-01 6.826572464001871010e-01 6.783399673995000878e-01 6.918152344936229214e-01 6.519505832340487528e-01 6.132265073574545422e-01
1.476666666666666572e+01 7.060464282481003773e-01 6.800534615810528427e-01 6.760145993202423265e-01 6.803540810795254412e-01 6.501103364696577680e-01 6.143286109337536827e-01
1.478333333333333144e+01 7.012157921259632998e-01 6.780398020495360667e-01 6.735746719836083196e-01 6.670704944248846413e-01 6.482273907096512966e-01 6.160298529123861000e-01
1.479999999999999716e+01 6.949025516465073826e-01 6.763977049485121462e-01 6.706786493728460474e-01 6.534183329380645056e-01 6.442001903603180590e-01 6.159394348224572768e-01
1.481666666666666998e+01 6.886864679214586005e-01 6.756867308695335694e-01 6.678268148104584689e-01 6.392541164960267031e-01 6.400411984542618837e-01 6.134397271787346284e-01
1.483333333333333570e+01 6.813420916784892478e-01 6.737278763763261402e-01 6.628852629054540202e-01 6.252054010624521485e-01 6.351558105958118317e-01 6.113078281343454767e-01
1.485000000000000142e+01 6.780148075224748938e-01 6.696419213973274775e-01 6.594716521639483187e-01 6.214250459497461243e-01 6.316510578359020300e-01 6.082643622352885693e-01
1.486666666666666714e+01 6.751410323215694120e-01 6.667586812960865084e-01 6.563004188216252643e-01 6.185420565516054348e-01 6.287966387074368502e-01 6.037803402032654310e-01
1.488333333333333286e+01 6.724274904793722252e-01 6.665952613771359836e-01 6.543216478990558915e-01 6.166931152110257663e-01 6.261630538058857720e-01 6.015721125991443374e-01
1.489999999999999858e+01 6.697560814893572800e-01 6.622023218517479881e-01 6.525408622036823481e-01 6.154907899910179170e-01 6.239611328835955595e-01 6.005995637156277267e-01
1.491666666666666430e+01 6.669125357935713483e-01 6.580502003889030505e-01 6.500704667644375823e-01 6.130551699996754644e-01 6.212982807772382543e-01 5.988270323598737788e-01
1.493333333333333002e+01 6.732852539516049895e-01 6.537700587443774358e-01 6.509385771073132876e-01 6.306719799123885473e-01 6.236918985804961180e-01 5.960484961832738238e-01
1.495000000000000284e+01 6.759176699815481193e-01 6.505164503314393443e-01 6.507417772304624481e-01 6.558598386554372883e-01 6.222951632936603028e-01 5.895788054239283760e-01
1.496666666666666856e+01 6.773851507782785442e-01 6.514344088987126247e-01 6.525726203825320537e-01 6.743988963919211876e-01 6.205321433769761530e-01 5.813852219791632026e-01
1.498333333333333428e+01 6.789060532014423721e-01 6.562870983633352084e-01 6.554305557127522164e-01 6.721898882526892161e-01 6.412014731155289970e-01 6.123476222635579891e-01
1.500000000000000000e+01 6.815492260744666631e-01 6.633504883741625502e-01 6.599427978906581282e-01 6.781265041728038456e-01 6.529767309944287668e-01 6.280414548711110712e-01
1.501666666666666572e+01 6.862850299880027816e-01 6.682784701850718045e-01 6.648169942865300719e-01 6.815362648677880664e-01 6.582603011352308187e-01 6.341185779647573462e-01
1.503333333333333144e+01 6.923500993737073950e-01 6.730209157341561221e-01 6.708494798951328830e-01 6.876871938926600869e-01 6.624430471087590089e-01 6.367100917499364243e-01
1.504999999999999716e+01 6.985267071749905465e-01 6.790708640649469885e-01 6.752158659529504670e-01 6.933726530881098027e-01 6.677353075518147607e-01 6.412436040948319427e-01
1.506666666666666998e+01 7.048761068886425507e-01 6.850517651894990623e-01 6.812327985695165733e-01 6.991884766747262780e-01 6.723816587969677627e-01 6.462298607441359088e-01
1.508333333333333570e+01 7.113130932107376569e-01 6.906349242100364716e-01 6.879583178526800236e-01 7.049361284013231366e-01 6.776465851721733546e-01 6.510300868475193958e-01
1.510000000000000142e+01 7.174730822098736027e-01 6.956938509111334490e-01 6.937781778205047711e-01 7.094653449823348224e-01 6.794441425609512031e-01 6.500711284389761868e-01
1.511666666666666714e+01 7.227708375123417239e-01 7.002006540635345999e-01 6.987927122354229414e-01 7.141875492873692721e-01 6.816568735667557499e-01 6.503416684006692039e-01
1.513333333333333286e+01 7.260276757338806064e-01 7.038780006824999491e-01 7.023146870094368888e-01 7.159382148517411393e-01 6.815081681558318172e-01 6.504514009896719129e-01
1.514999999999999858e+01 7.290094693938437009e-01 7.053671042406658431e-01 7.048593881810064632e-01 7.175992595921709682e-01 6.813861961203429018e-01 6.486736161685713320e-01
1.516666666666666430e+01 7.294067352650174252e-01 7.053846096805834742e-01 7.056624501359906043e-01 7.185364007530353758e-01 6.801588074662240357e-01 6.462554694172809588e-01
1.518333333333333002e+01 7.304686671746658533e-01 7.087731760403069847e-01 7.077843285690714747e-01 7.202906825738909502e-01 6.898029077464105097e-01 6.589635909268359848e-01
1.520000000000000284e+01 7.310204280156952228e-01 7.143875628862493832e-01 7.093471104913529057e-01 7.210338639422746443e-01 6.987171737557106299e-01 6.714485132659556710e-01
1.521666666666666856e+01 7.320815460714182876e-01 7.173712612154361512e-01 7.130601542717400765e-01 7.218692089890602626e-01 7.070491750946317211e-01 6.815830548262147293e-01
1.523333333333333428e+01 7.329475519909733894e-01 7.202037736139043078e-01 7.171053679086500932e-01 7.239158131797931439e-01 7.157105099894767175e-01 6.946040698564128757e-01
1.525000000000000000e+01 7.341756477446618190e-01 7.231506228217871035e-01 7.227436181194865084e-01 7.263134240015329812e-01 7.237668650196238396e-01 7.096627899977944187e-01
1.526666666666666572e+01 7.326950262961962057e-01 7.182380629205517009e-01 7.380198383108449445e-01 7.218739151849732361e-01 7.424529036612069754e-01 7.472611909791270213e-01
1.528333333333333144e+01 7.589757981755546057e-01 6.965681534558327836e-01 7.564652444243055163e-01 7.244047953556208563e-01 7.331654354958957454e-01 7.482932927023204783e-01
1.529999999999999716e+01 7.567371166228269441e-01 7.255069975499797152e-01 7.534980638832139421e-01 7.706354016717746891e-01 7.482229845480221631e-01 7.615134888655387124e-01
1.531666666666666998e+01 7.583260007903802613e-01 7.910741738614035512e-01 7.821184682198697447e-01 7.497871731971994524e-01 7.597908705379426975e-01 7.668545653326791500e-01
1.533333333333333570e+01 8.926497846845461437e-01 8.860410027022981305e-01 8.804652125842212795e-01 8.820079637552682428e-01 8.875826833089174306e-01 8.911636237085952539e-01
1.535000000000000142e+01 9.008759847818189614e-01 9.179333991975807683e-01 9.085151604830002947e-01 8.929799018922446319e-01 8.984129079688802921e-01 9.020832490802827008e-01
1.536666666666666714e+01 9.397056949832223172e-01 9.448759740730436896e-01 9.373230980944455837e-01 9.287663381868301871e-01 9.338861915907603617e-01 9.358362231131805986e-01
1.538333333333333286e+01 9.639821923625581102e-01 9.709185258266199714e-01 9.637530348766395472e-01 9.520800681637328067e-01 9.567699530073131564e-01 9.547357342169677796e-01
1.539999999999999858e+01 9.891962710382755652e-01 9.930280326356343279e-01 9.866494409492323481e-01 9.751450357398477875e-01 9.795257030621303818e-01 9.788529633742950598e-01
1.541666666666666430e+01 1.007719596726060152e+00 1.011162035643787815e+00 1.005638055945659026e+00 9.937760501938804891e-01 9.967724798935020392e-01 9.936482143246837540e-01
1.543333333333333002e+01 1.022547348351801721e+00 1.024700604259845882e+00 1.019029179421469644e+00 1.006472602811177230e+00 1.008852753332004193e+00 1.004408410884415792e+00
1.545000000000000284e+01 1.034008308593993286e+00 1.036750137500575875e+00 1.029377313338565525e+00 1.016846962447378822e+00 1.018254587418657264e+00 1.012922215715904795e+00
1.546666666666666856e+01 1.042195053062223931e+00 1.044488560963904522e+00 1.037752334251697661e+00 1.024839922470960341e+00 1.026709897825289985e+00 1.019341608171774993e+00
1.548333333333333428e+01 1.051432000924069854e+00 1.051985078322617451e+00 1.046574795668038238e+00 1.032224075569594834e+00 1.033881763007056920e+00 1.026474775757686420e+00
1.550000000000000000e+01 1.059452582210023808e+00 1.061801849170320500e+00 1.053194764272184836e+00 1.040508749934788257e+00 1.041318518071162602e+00 1.032798246681703835e+00
1.551666666666666572e+01 1.073103545533226733e+00 1.073551484159230851e+00 1.067540216044713830e+00 1.054040193774875567e+00 1.053596551183947794e+00 1.043973672749814785e+00
1.553333333333333144e+01 1.087571856625892730e+00 1.085115101747248234e+00 1.081096709356556218e+00 1.067559495110090628e+00 1.066855731546940023e+00 1.055332909912648276e+00
1.554999999999999716e+01 1.101068896085625415e+00 1.098701205220433907e+00 1.094510382268444548e+00 1.079555859458225742e+00 1.077963127595296777e+00 1.066562054497877776e+00
1.556666666666666998e+01 1.114503158012393191e+00 1.111391972125636451e+00 1.108605108544630236e+00 1.092913794365725000e+00 1.090737389969226312e+00 1.078324684750695317e+00
1.558333333333333570e+01 1.126727684372502702e+00 1.124968341414669393e+00 1.121977281069787225e+00 1.104313044352448925e+00 1.102534567751133565e+00 1.089122184271262839e+00
1.560000000000000142e+01 1.134388273973465200e+00 1.131129026494967604e+00 1.128401011160585110e+00 1.110873514339504098e+00 1.107933476114943749e+00 1.095040719029992227e+00
1.561666666666666714e+01 1.139551064193275787e+00 1.136733547962545332e+00 1.133430343756217873e+00 1.117311054895334443e+00 1.114404310283586996e+00 1.098668847373363233e+00
1.563333333333333286e+01 1.146312051777993668e+00 1.144354300746878828e+00 1.139811764648781089e+00 1.122392064080978136e+00 1.119909514406322248e+00 1.103874856010544914e+00
1.564999999999999858e+01 1.152456892228860941e+00 1.149870637865900269e+00 1.143658804059710876e+00 1.128013552852553447e+00 1.125061247071232451e+00 1.109358325574951065e+00
1.566666666666666430e+01 1.156945008557272558e+00 1.153085099588460949e+00 1.148726631577295487e+00 1.132602705406314358e+00 1.128664558945495555e+00 1.113114290162454889e+00
1.568333333333333002e+01 1.162087978611965777e+00 1.157996769118015967e+00 1.153279867796661140e+00 1.137212609007851150e+00 1.133318508663126556e+00 1.116764693042579415e+00
1.570000000000000284e+01 1.166387004459329191e+00 1.162093157392465992e+00 1.156505974908531131e+00 1.139771003102541425e+00 1.136171333420799456e+00 1.119580981109443707e+00
1.571666666666666856e+01 1.170990707482637116e+00 1.166017771017656690e+00 1.160637312870191673e+00 1.144010269522310441e+00 1.139769833733695448e+00 1.123433790023888212e+00
1.573333333333333428e+01 1.173676950793627993e+00 1.168459756857760823e+00 1.164060154497885469e+00 1.147913501563802452e+00 1.143885631326461816e+00 1.125440046309803988e+00
1.575000000000000000e+01 1.178270595798655451e+00 1.171556411479745874e+00 1.168265901925762185e+00 1.150869088733515566e+00 1.147124912737554903e+00 1.129152304168843157e+00
1.576666666666666572e+01 1.182562759071246639e+00 1.176517966859988551e+00 1.170904256634371698e+00 1.155360276154182797e+00 1.151086763022323600e+00 1.132859886316748499e+00
1.578333333333333144e+01 1.185811726581330161e+00 1.180492258037468600e+00 1.175434781335424450e+00 1.159031262303851229e+00 1.154004864007127873e+00 1.135479461328911199e+00
1.579999999999999716e+01 1.190498960147391205e+00 1.184567435101882227e+00 1.179602969164693871e+00 1.163074566713802271e+00 1.158092555075456165e+00 1.139250996070069410e+00
1.581666666666666998e+01 1.194184369041102478e+00 1.188455524407042274e+00 1.182610530839541818e+00 1.165400524742294275e+00 1.160316062986898045e+00 1.142269346176313594e+00
1.583333333333333570e+01 1.198379995696682743e+00 1.190864598213741798e+00 1.186941907896128301e+00 1.169486445763405547e+00 1.164158929404518261e+00 1.145809392912616520e+00
1.585000000000000142e+01 1.200354234597490022e+00 1.195147605512145050e+00 1.190075490464863162e+00 1.172684554691395986e+00 1.167559916558318811e+00 1.147362084696547768e+00
1.586666666666666714e+01 1.204169436461235199e+00 1.198154294097682815e+00 1.193901388938600761e+00 1.175139799589334455e+00 1.169799409856981054e+00 1.150667925160100413e+00
1.588333333333333286e+01 1.207545555339809340e+00 1.201663319324750123e+00 1.195760288555942852e+00 1.178803875263916279e+00 1.173254836988306016e+00 1.153573883559779079e+00
1.589999999999999858e+01 1.209860733453890669e+00 1.204051167901172947e+00 1.199545760004497641e+00 1.181707455095820647e+00 1.175659821354807288e+00 1.155449617433578657e+00
1.591666666666666430e+01 1.213496706436846706e+00 1.205313363025110940e+00 1.202994704490678135e+00 1.184769482713747601e+00 1.178942643549746760e+00 1.158613372120542939e+00
1.593333333333333002e+01 1.216495160381492413e+00 1.209192463056606437e+00 1.205615812185150348e+00 1.186641114286596688e+00 1.180688605338596320e+00 1.161174220089858933e+00
1.595000000000000284e+01 1.220147732072575764e+00 1.213441373683176616e+00 1.209630720469830667e+00 1.190460669116490733e+00 1.183886939547258876e+00 1.164322748453853196e+00
1.596666666666666856e+01 1.221787448729956482e+00 1.216789394451524231e+00 1.212688146246189147e+00 1.193323534769123562e+00 1.187093233197320075e+00 1.165662602693648964e+00
1.598333333333333428e+01 1.225358384276687307e+00 1.219500209296042303e+00 1.216583627574836290e+00 1.196153721414824789e+00 1.189185272533760385e+00 1.168756754507747964e+00
1.600000000000000000e+01 1.228417341248242201e+00 1.220172179817778479e+00 1.218399104693234758e+00 1.200084166058513313e+00 1.192508086468227813e+00 1.171547357549371782e+00
1.601666666666666572e+01 1.122058096871000110e+00 1.126415591272709849e+00 1.143910942289876109e+00 1.111106825040582002e+00 1.086898328902578648e+00 1.072811628715605758e+00
1.603333333333333144e+01 1.228904676051107536e+00 1.100252078191515270e+00 1.194969203800836599e+00 1.182900908447132027e+00 1.159533506388761959e+00 1.148811812606718830e+00
1.604999999999999716e+01 1.176591907394567427e+00 1.146629928514070640e+00 1.175999253357314922e+00 1.114488675826785125e+00 1.142249081312039616e+00 1.111646847023646689e+00
1.606666666666666288e+01 1.180083028347993279e+00 1.162664239649868536e+00 1.142528686146220274e+00 1.167823962502087420e+00 1.129105937562840944e+00 1.068577750713779695e+00
1.608333333333332860e+01 1.177697951264030873e+00 1.114492564300196609e+00 1.123123279859711277e+00 1.122326029806619774e+00 1.020079917218082111e+00 9.215512651024396762e-01
1.609999999999999432e+01 1.137958525487557493e+00 1.117385030960337033e+00 1.101036239619980428e+00 1.043162920382976200e+00 1.040497563886018995e+00 9.783528729363348830e-01
1.611666666666667425e+01 1.111230870459188669e+00 1.088622147653130590e+00 1.076638877032405794e+00 1.008381854632565799e+00 1.001003105860978737e+00 9.369588957533325768e-01
1.613333333333332575e+01 1.073659483858665942e+00 1.071248243316094140e+00 1.050121237244750150e+00 9.685315633121664991e-01 9.839453335426863179e-01 9.320039768131583857e-01
1.615000000000000568e+01 1.037694120858161595e+00 1.043539298668369364e+00 1.019335394773069670e+00 9.641670445648351517e-01 9.514250372832677716e-01 9.079639128475455179e-01
1.616666666666667140e+01 9.978573188777015712e-01 1.012269671296167628e+00 9.845895005610404427e-01 9.348993097808657726e-01 9.217466960249438568e-01 8.906529221984946787e-01
1.618333333333333712e+01 9.994106222752572322e-01 1.003097333117400236e+00 9.803379828496010528e-01 9.240019232444907082e-01 9.171656920419137826e-01 8.741903839617040095e-01
1.620000000000000284e+01 9.956727453056225530e-01 9.835883237032764237e-01 9.689385321006865892e-01 9.034751028028934483e-01 9.091267662699655805e-01 8.645414172122215524e-01
1.621666666666666856e+01 9.898531467910420822e-01 9.636308525817024462e-01 9.560673454963700690e-01 9.097157356964981068e-01 8.990759319739356492e-01 8.457318665970844362e-01
1.623333333333333428e+01 9.812781835809814002e-01 9.457866670457686364e-01 9.433618739223788019e-01 9.353144301510769587e-01 8.876008222406810422e-01 8.281108645889495579e-01
1.625000000000000000e+01 9.724661965802758878e-01 9.339669365409511981e-01 9.337657757921365986e-01 9.478345933238677690e-01 8.751830887176722529e-01 8.082919165171830178e-01
1.626666666666666572e+01 9.629197995811429323e-01 9.384579927926457454e-01 9.324453451046584851e-01 9.487123882990843304e-01 9.238201046167420216e-01 8.820811078945727246e-01
1.628333333333333144e+01 9.374477980812840894e-01 9.387146547123920159e-01 9.461330247896710954e-01 9.305124983545616235e-01 9.475886334220187113e-01 9.352856741010445729e-01
1.629999999999999716e+01 9.808873972623629589e-01 9.011795862926575973e-01 9.685655923266635048e-01 9.292205415961047876e-01 9.331320245456838913e-01 9.293423982434586561e-01
1.631666666666666288e+01 9.761540111904970507e-01 9.226157452473000564e-01 9.685359662275945247e-01 9.781366396102094685e-01 9.461515250852702286e-01 9.478938452459894082e-01
1.633333333333332860e+01 9.814286538020847717e-01 1.003491230649421473e+00 9.929930211328916734e-01 9.784159928673907825e-01 9.665219335754273722e-01 9.590938601195189150e-01
1.634999999999999432e+01 1.035302269079815263e+00 1.037263363998389254e+00 1.040860761196213957e+00 1.028598346818430986e+00 1.015767008145473493e+00 1.012173199873658946e+00
1.636666666666667425e+01 1.053847822115364430e+00 1.064754069677603221e+00 1.063084018603075664e+00 1.048847335738162467e+00 1.035529527647740755e+00 1.029660845015397230e+00
1.638333333333332575e+01 1.085386643683787788e+00 1.093171651008282508e+00 1.095108309406565228e+00 1.077659479565245659e+00 1.067413576533550845e+00 1.059466002724669176e+00
1.640000000000000568e+01 1.106224529236248255e+00 1.115921514487482114e+00 1.117994092945093332e+00 1.096413736400039252e+00 1.086131590696721050e+00 1.079291527869260969e+00
1.641666666666667140e+01 1.126902467375337613e+00 1.136998460646716502e+00 1.136126281047321385e+00 1.115855437593939792e+00 1.104775094131856150e+00 1.094356023037234671e+00
1.643333333333333712e+01 1.140716596000615812e+00 1.151180153626385039e+00 1.152077453031587595e+00 1.131015879739805552e+00 1.117456981497810586e+00 1.106441482188833314e+00
1.645000000000000284e+01 1.156796600135738151e+00 1.161021956115919185e+00 1.163208796017967783e+00 1.145449973138136901e+00 1.131377005398618962e+00 1.120124208405383293e+00
1.646666666666666856e+01 1.166262058841592619e+00 1.166443250558385936e+00 1.171593534856281815e+00 1.153782188719497670e+00 1.138289282709016081e+00 1.127640581921632856e+00
1.648333333333333428e+01 1.176345213222503627e+00 1.172429251134961659e+00 1.178785819893761078e+00 1.163442112794872418e+00 1.146854577752505877e+00 1.134546956132319817e+00
1.650000000000000000e+01 1.182894069257610425e+00 1.176375830187343485e+00 1.185172397707213943e+00 1.170887305563217629e+00 1.152186224444192719e+00 1.140210134898386407e+00
1.651666666666666572e+01 1.188779123672614846e+00 1.187275095739347197e+00 1.193484927797564765e+00 1.175636980391716602e+00 1.158324485521249780e+00 1.145482292381445388e+00
1.653333333333333144e+01 1.193890194096187241e+00 1.198766410942898819e+00 1.201710604809850036e+00 1.178002011576404495e+00 1.164766907656626937e+00 1.149089053351192158e+00
1.654999999999999716e+01 1.199403150095008419e+00 1.210366804032255494e+00 1.211581768332600451e+00 1.182869854433042711e+00 1.170529428675047612e+00 1.155130441179029965e+00
1.656666666666666288e+01 1.214159367740707207e+00 1.222332460137054655e+00 1.219718242328045266e+00 1.195785650133094569e+00 1.184224393219299065e+00 1.166314869995979775e+00
1.658333333333332860e+01 1.227147026046437661e+00 1.232136326314069441e+00 1.230566316142544636e+00 1.207032437051700491e+00 1.196024910563476151e+00 1.177773527854700797e+00
1.659999999999999432e+01 1.231274418174934659e+00 1.237249056139689385e+00 1.235357726544623613e+00 1.211157188563009024e+00 1.199831125701128487e+00 1.181072524411741487e+00
1.661666666666667425e+01 1.233380543275572894e+00 1.240146574354155762e+00 1.241428655517853086e+00 1.214344266116454296e+00 1.200771515338569628e+00 1.183679472912334774e+00
1.663333333333332575e+01 1.237315899853688617e+00 1.244386007198512223e+00 1.247238330651753602e+00 1.218239351448797247e+00 1.204210198727135861e+00 1.186680141991389270e+00
1.665000000000000568e+01 1.241739813516760771e+00 1.248770962151657393e+00 1.251949222151273355e+00 1.223050044519868207e+00 1.209532749376737604e+00 1.190977257227329167e+00
1.666666666666667140e+01 1.250080224539673157e+00 1.251815867910139657e+00 1.257248001384746461e+00 1.231914146635177287e+00 1.215550298723422351e+00 1.197670138872755308e+00
1.668333333333333712e+01 1.256729306528368451e+00 1.253986515986198258e+00 1.260717752738105268e+00 1.237393035822322629e+00 1.221006960513663975e+00 1.200732211200830069e+00
1.670000000000000284e+01 1.262071952551306442e+00 1.253821108434603371e+00 1.264798370037480302e+00 1.243544713596623108e+00 1.226006365345208238e+00 1.206175365011838307e+00
1.671666666666666856e+01 1.267626658618554725e+00 1.256134639412035847e+00 1.265913079981600298e+00 1.249435285894865189e+00 1.230746940238113929e+00 1.209715062714986633e+00
1.673333333333333428e+01 1.272206765025649000e+00 1.257816844572248183e+00 1.269860472317851041e+00 1.254366292551148510e+00 1.233337807266721153e+00 1.213201040270123654e+00
1.675000000000000000e+01 1.277396020346922567e+00 1.259587094408709085e+00 1.273032935584222924e+00 1.259500737812407456e+00 1.237774773958514318e+00 1.217410310647223382e+00
1.676666666666666572e+01 1.279884393431672818e+00 1.260541167368663507e+00 1.276166711450965829e+00 1.263289983054851850e+00 1.239476118090686141e+00 1.220863914079519663e+00
1.678333333333333144e+01 1.284755887847990996e+00 1.262030742858415655e+00 1.279844543021346759e+00 1.268111109340632758e+00 1.243285258152918571e+00 1.224622013910802165e+00
1.679999999999999716e+01 1.288222441055554501e+00 1.261863426561585344e+00 1.282864590313344877e+00 1.270229842364515971e+00 1.247122367569939216e+00 1.226524423219253146e+00
1.681666666666666288e+01 1.291425741213366507e+00 1.264687608465177249e+00 1.286381121065724331e+00 1.274805034750462918e+00 1.249719536955433030e+00 1.229936064137454377e+00
1.683333333333332860e+01 1.295630985450151318e+00 1.265785736013294027e+00 1.288056731219383799e+00 1.278246969256265242e+00 1.252803429913363908e+00 1.230587835886598702e+00
1.684999999999999432e+01 1.299463408272952591e+00 1.264269096981556206e+00 1.291819978972444272e+00 1.281438799397083272e+00 1.254942219532985126e+00 1.233827934703353835e+00
1.686666666666667425e+01 1.303226158475991658e+00 1.261461877896797645e+00 1.292439866516822411e+00 1.285362729618648725e+00 1.258122856602331474e+00 1.236798668512401500e+00
1.688333333333332575e+01 1.305001603428415535e+00 1.264076325774634357e+00 1.295742668971513911e+00 1.288606382899516234e+00 1.258428331928964194e+00 1.238623905626264454e+00
1.690000000000000568e+01 1.308554169250489174e+00 1.269350272942622926e+00 1.299136715961806354e+00 1.292061660024206304e+00 1.261287418345312439e+00 1.241061603416602654e+00
1.691666666666667140e+01 1.309187251365350191e+00 1.270459469788764784e+00 1.301425990181428238e+00 1.293500265433167984e+00 1.263093552009753928e+00 1.242496751018803414e+00
1.693333333333333712e+01 1.312309042651115698e+00 1.270581682359376741e+00 1.304141702617992671e+00 1.296823692106698012e+00 1.264534518523101614e+00 1.244712189461411267e+00
1.695000000000000284e+01 1.315072400555979737e+00 1.271479943152914016e+00 1.305911256255014807e+00 1.297256499094616267e+00 1.266581640201464243e+00 1.244592353096081183e+00
1.696666666666666856e+01 1.316794796153618829e+00 1.272640962494144157e+00 1.308812714768160523e+00 1.300028042490278146e+00 1.267962314647495647e+00 1.246918063495906726e+00
1.698333333333333428e+01 1.319236819825265750e+00 1.269042341200797397e+00 1.308942481316690554e+00 1.302862495136839938e+00 1.269837069451857259e+00 1.247605292051807480e+00
1.700000000000000000e+01 1.320768426459096867e+00 1.269369150857402095e+00 1.311890327134791256e+00 1.299536078802583594e+00 1.269642428994295802e+00 1.248510613324534946e+00
1.701666666666666572e+01 1.323039686628330047e+00 1.270460012205134159e+00 1.313170599682437212e+00 1.298151273938011219e+00 1.271466288120295829e+00 1.250000811877228113e+00
1.703333333333333144e+01 1.322773347639950137e+00 1.270487723817372183e+00 1.314860647189920906e+00 1.295225432051517300e+00 1.270153661111575571e+00 1.250908538306892526e+00
1.704999999999999716e+01 1.325079956518401714e+00 1.274838857854650787e+00 1.317067036805646518e+00 1.293768407657010178e+00 1.271546244403886972e+00 1.252068303558188989e+00
1.706666666666666288e+01 1.325591531005872348e+00 1.275392870942118284e+00 1.318583988117958627e+00 1.289650539890493164e+00 1.273217388629611202e+00 1.251781793879649607e+00
1.708333333333332860e+01 1.326774906137498267e+00 1.274565121704269499e+00 1.320371591971598590e+00 1.288196308668593471e+00 1.273494101963132286e+00 1.252867704916909020e+00
1.709999999999999432e+01 1.328071534092897688e+00 1.275023915597807589e+00 1.320553025254572077e+00 1.285879289201089071e+00 1.274147771766793724e+00 1.251259107123492420e+00
1.711666666666667425e+01 1.328723516490915690e+00 1.276808858541551794e+00 1.322324536864027955e+00 1.283263121371419846e+00 1.273733101428994541e+00 1.252292739372658836e+00
1.713333333333332575e+01 1.329907813054034715e+00 1.275453490310902938e+00 1.320968740221195814e+00 1.281517579239792370e+00 1.274437504433070689e+00 1.252435680921748951e+00
1.715000000000000568e+01 1.329428551898215405e+00 1.277176918584688847e+00 1.322509972336623596e+00 1.279264806389651010e+00 1.272456704608226907e+00 1.252297556550414637e+00
1.716666666666667140e+01 1.330227846650690049e+00 1.277567401888255016e+00 1.323266925281422646e+00 1.277598945019584153e+00 1.273158517398642831e+00 1.252625974362964634e+00
1.718333333333333712e+01 1.328682734958954503e+00 1.278167291873095079e+00 1.323573215606555387e+00 1.273841064990035354e+00 1.272673571507397572e+00 1.252336752641288964e+00
1.720000000000000284e+01 1.329653629346715604e+00 1.278871389684928417e+00 1.324247682711812146e+00 1.272176251170681338e+00 1.272094112398162391e+00 1.252589016282323442e+00
1.721666666666666856e+01 1.329620345441253626e+00 1.280031977078105232e+00 1.324200941012849464e+00 1.267607985519977776e+00 1.272021335990692892e+00 1.250944736770557064e+00
1.723333333333333428e+01 1.329888724606856254e+00 1.280344785647484107e+00 1.324588111240340593e+00 1.265537943083179462e+00 1.271321833571281257e+00 1.251000347500688559e+00
1.725000000000000000e+01 1.330433859131933350e+00 1.280683092380037857e+00 1.322938924154486884e+00 1.264010854124791416e+00 1.271179105453049241e+00 1.248253577045020046e+00
1.726666666666666572e+01 1.330222147040323044e+00 1.280504991794159331e+00 1.323138195811008444e+00 1.261373953700110073e+00 1.269197799152465889e+00 1.247921774415156726e+00
1.728333333333333144e+01 1.330042965621813122e+00 1.280672136804079875e+00 1.319984700448265436e+00 1.260431497174117510e+00 1.269599795565674372e+00 1.247968491084489928e+00
1.729999999999999716e+01 1.327309367999619516e+00 1.281184236415469302e+00 1.319497282800806470e+00 1.261051385772994582e+00 1.267944428913328814e+00 1.247040478837030619e+00
1.731666666666666288e+01 1.326585197508442393e+00 1.281483039945613189e+00 1.319196460977503538e+00 1.261287316944653014e+00 1.268446654145900965e+00 1.246340654624724653e+00
1.733333333333332860e+01 1.322545296443495833e+00 1.278327983065475015e+00 1.317500360459235909e+00 1.259673473122568055e+00 1.269164810743310889e+00 1.244465506198412452e+00
1.734999999999999432e+01 1.321488110559455142e+00 1.279706030251368309e+00 1.315880912663411229e+00 1.260197998603343583e+00 1.268752505943921527e+00 1.243737711578617455e+00
1.736666666666667425e+01 1.320306915904071454e+00 1.282907658685639385e+00 1.313361501034524093e+00 1.259140942878877345e+00 1.268568258654687586e+00 1.240539954253272903e+00
1.738333333333332575e+01 1.318053131980612580e+00 1.283796353777126198e+00 1.311877601443848018e+00 1.259054963645282577e+00 1.267435923566867739e+00 1.239690010165468648e+00
1.740000000000000568e+01 1.316377719427684445e+00 1.280257076082083723e+00 1.307951969480955601e+00 1.258648049113050060e+00 1.267157184825101091e+00 1.237770546857599685e+00
1.741666666666667140e+01 1.313746233273101582e+00 1.280772019354784907e+00 1.306541507846434857e+00 1.257508116759004979e+00 1.265064207417697650e+00 1.236044153984178662e+00
1.743333333333333712e+01 1.311982205869093088e+00 1.283906542596948253e+00 1.303055766390172954e+00 1.257118070369040108e+00 1.265012124457015830e+00 1.234433796396857241e+00
1.745000000000000284e+01 1.308050604871758171e+00 1.282867751637922993e+00 1.300392141382598510e+00 1.255309064717601064e+00 1.262107907435044973e+00 1.232156975165397572e+00
1.746666666666666856e+01 1.306366310644937245e+00 1.283924681239780874e+00 1.297681423075575324e+00 1.254265530749983926e+00 1.261063971119836369e+00 1.230444710823325849e+00
1.748333333333333428e+01 1.302368467471108238e+00 1.281257045652570925e+00 1.294299855846694269e+00 1.250552844333359115e+00 1.260363890292663935e+00 1.227184966344081474e+00
1.750000000000000000e+01 1.299849377224847169e+00 1.280240736102778332e+00 1.291249099775172660e+00 1.249485679300251340e+00 1.258735270001553053e+00 1.225496776429617407e+00
1.751666666666666572e+01 1.297360715073124782e+00 1.284142678850667352e+00 1.286799196463457307e+00 1.247155628749830658e+00 1.257301107577262878e+00 1.220700674287874765e+00
1.753333333333333144e+01 1.294177071281120250e+00 1.283196212832897309e+00 1.283968475875352455e+00 1.245318053737030972e+00 1.254479313615530112e+00 1.218375677796206702e+00
1.754999999999999716e+01 1.291700146515056602e+00 1.282991981374768109e+00 1.278652398989749361e+00 1.245709168715142257e+00 1.252523306225629796e+00 1.215884036160579385e+00
1.756666666666666288e+01 1.287712148761272601e+00 1.280931856209848840e+00 1.275772721916527797e+00 1.244371818113776840e+00 1.248109853626096388e+00 1.213065179539644323e+00
1.758333333333332860e+01 1.284239988282771971e+00 1.278135828828323328e+00 1.271809619959839432e+00 1.243954484697452623e+00 1.246542745501852956e+00 1.210246639282648973e+00
1.759999999999999432e+01 1.278464325026841264e+00 1.275398533758258290e+00 1.267855082728329030e+00 1.242204140368939669e+00 1.243547274855464790e+00 1.206741145228534595e+00
1.761666666666667425e+01 1.275926695348318374e+00 1.271896119284525284e+00 1.263864406479793256e+00 1.241374143089932991e+00 1.241130247087550043e+00 1.203533051173942825e+00
1.763333333333332575e+01 1.271280237948102965e+00 1.270736534068071633e+00 1.259338627324886328e+00 1.237878461534559493e+00 1.238550645599164168e+00 1.198681503193703035e+00
1.765000000000000568e+01 1.266848740729502376e+00 1.270125804376588619e+00 1.255663414429385671e+00 1.236923441180173056e+00 1.235026950092703135e+00 1.195547549396099862e+00
1.766666666666667140e+01 1.262857003995736305e+00 1.271007291452148413e+00 1.250407093684744897e+00 1.234432412015052272e+00 1.231984275331543754e+00 1.189435337832194461e+00
1.768333333333333712e+01 1.258999941596410155e+00 1.270902158189443965e+00 1.246518803836985212e+00 1.232422594793749937e+00 1.227751215143563224e+00 1.185655512653687182e+00
1.770000000000000284e+01 1.254704744916847137e+00 1.269381571863623881e+00 1.239571105290027342e+00 1.230053663411486919e+00 1.224777700219658927e+00 1.182098101764180065e+00
1.771666666666666856e+01 1.249108963897783253e+00 1.266728913022832081e+00 1.235470623529693057e+00 1.227179104918497465e+00 1.218986400613981891e+00 1.178064803198321631e+00
1.773333333333333428e+01 1.244941414350039244e+00 1.264718198817638140e+00 1.231427241883507495e+00 1.224923234318756826e+00 1.215667849041016657e+00 1.173816532174970950e+00
1.775000000000000000e+01 1.238823654825693676e+00 1.260763745907889977e+00 1.227058198555359914e+00 1.221376843447787630e+00 1.211307717305358800e+00 1.168639210173715748e+00
1.776666666666666572e+01 1.235869220355746201e+00 1.256006130268932708e+00 1.222409258661522502e+00 1.218661903125421553e+00 1.207168497998414525e+00 1.163069689078517044e+00
1.778333333333333144e+01 1.234733708696532650e+00 1.253123889270613800e+00 1.217087882531036280e+00 1.214006059966020512e+00 1.200535640362504930e+00 1.153192622332863237e+00
1.779999999999999716e+01 1.232303358173375551e+00 1.247171749501723825e+00 1.212599001575292323e+00 1.211638097829124794e+00 1.194030759414416831e+00 1.146694590600061181e+00
1.781666666666666288e+01 1.231076040679520034e+00 1.243306859406522191e+00 1.206657611943532382e+00 1.207641541912903405e+00 1.187553251760487427e+00 1.136562705575691501e+00
1.783333333333332860e+01 1.228895395019910408e+00 1.236558951912186455e+00 1.202233976535956872e+00 1.204095177992160259e+00 1.180625438654290926e+00 1.128966131118926963e+00
1.784999999999999432e+01 1.226708834187430153e+00 1.230656751733700149e+00 1.195011446067932637e+00 1.199679931495731822e+00 1.173942337412156478e+00 1.121347042120500070e+00
1.786666666666667425e+01 1.223303895871099112e+00 1.226088837179615476e+00 1.190341639503114335e+00 1.195404788934871343e+00 1.164950148064602065e+00 1.113379603834937281e+00
1.788333333333332575e+01 1.220472218160871813e+00 1.217767970524501253e+00 1.185243096201457957e+00 1.191761534491142527e+00 1.158420756226885118e+00 1.105129281604088742e+00
1.790000000000000568e+01 1.215439636477555263e+00 1.208020996415669845e+00 1.180206280825228493e+00 1.187028646754357153e+00 1.149819091867557486e+00 1.096269936358714503e+00
1.791666666666667140e+01 1.212072716522440086e+00 1.199301393121042780e+00 1.175413576284947137e+00 1.181789701538396020e+00 1.142670346232577350e+00 1.087757827933215626e+00
1.793333333333333712e+01 1.204498040323900288e+00 1.195327941091403279e+00 1.170586641297286956e+00 1.175562132074579935e+00 1.138217492506010897e+00 1.082583308522628629e+00
1.795000000000000284e+01 1.200054371524379659e+00 1.192454269686487711e+00 1.166319076578301805e+00 1.171637366112994183e+00 1.133292485666731242e+00 1.079133512097355529e+00
1.796666666666666856e+01 1.196435015684553793e+00 1.188339974298381785e+00 1.161181597705083446e+00 1.165502514622316577e+00 1.128988139627607135e+00 1.073150986286442565e+00
1.798333333333333428e+01 1.192524348969608683e+00 1.182955356865015739e+00 1.157736204385425793e+00 1.161715172161038812e+00 1.124908775717134324e+00 1.069981227117290823e+00
1.800000000000000000e+01 1.188271800861757654e+00 1.177652195453061212e+00 1.152079581556895604e+00 1.157366694309215127e+00 1.120543886371187847e+00 1.066819753099134571e+00
1.801666666666666572e+01 1.185028518085077032e+00 1.171630966338903068e+00 1.148457287905250812e+00 1.154024033519392312e+00 1.112458013048162719e+00 1.059118204076588965e+00
1.803333333333333144e+01 1.182125220314274916e+00 1.168237250478305844e+00 1.143961610686433650e+00 1.150312181019364832e+00 1.106605113949283403e+00 1.050611259267874020e+00
1.804999999999999716e+01 1.177428384466308486e+00 1.164111507596089279e+00 1.140052933171536109e+00 1.146274625556318538e+00 1.098296068635097100e+00 1.042189245665270381e+00
1.806666666666666288e+01 1.174269647603433109e+00 1.158994208402111648e+00 1.135624120400648307e+00 1.142561254893529776e+00 1.091600184726487122e+00 1.033903648384686846e+00
1.808333333333332860e+01 1.167774934256904151e+00 1.153185870294725079e+00 1.130604126483059746e+00 1.137471826449700796e+00 1.083563357604306443e+00 1.024801675364037434e+00
1.809999999999999432e+01 1.163482432406851785e+00 1.146386886663643079e+00 1.125756471687654248e+00 1.132971919318583431e+00 1.075646771269400892e+00 1.015630461996441580e+00
1.811666666666667425e+01 1.159115394364842233e+00 1.140070877336897270e+00 1.120306299011340601e+00 1.125897252248060365e+00 1.067254729175865169e+00 1.004816168202148585e+00
1.813333333333332575e+01 1.154117391647457191e+00 1.132181888193887431e+00 1.114902549229512152e+00 1.120677539612338069e+00 1.058208563936966717e+00 9.950064629415605877e-01
1.815000000000000568e+01 1.148291443791281452e+00 1.125873012138177476e+00 1.107744290350475946e+00 1.113513547142479521e+00 1.048792228406037585e+00 9.825704892300262117e-01
1.816666666666667140e+01 1.141974177269431845e+00 1.117743495916877716e+00 1.102038007415194976e+00 1.107209291695281372e+00 1.038920290756970788e+00 9.725093299947095149e-01
1.818333333333333712e+01 1.135859627825545948e+00 1.111055440132761474e+00 1.093410261957471930e+00 1.100412693117005958e+00 1.029441504477803804e+00 9.613176209359391988e-01
1.820000000000000284e+01 1.127953155762241977e+00 1.103793778592985442e+00 1.087111773921427993e+00 1.093227789540769601e+00 1.018185148038662335e+00 9.501855250982220724e-01
1.821666666666666856e+01 1.121135864889794886e+00 1.096989868390808809e+00 1.080756785783309359e+00 1.085965281887082856e+00 1.008055696106026300e+00 9.379921617428064184e-01
1.823333333333333428e+01 1.112074445759572372e+00 1.090633387949127231e+00 1.074442776233551333e+00 1.072684857812146397e+00 1.001054903003804730e+00 9.360069202812574263e-01
1.825000000000000000e+01 1.104889547036213004e+00 1.084457005932054185e+00 1.067263546009741937e+00 1.057794804530065580e+00 9.978325325739811902e-01 9.370753104945032108e-01
1.826666666666666572e+01 1.097108501191574881e+00 1.078960082367548257e+00 1.060075498458745047e+00 1.042326048787568515e+00 9.927912826526489320e-01 9.355042286208143931e-01
1.828333333333333144e+01 1.089360358769609904e+00 1.071170991972030029e+00 1.053159175416251259e+00 1.028024924134183449e+00 9.886697600622554871e-01 9.340849189999055335e-01
1.829999999999999716e+01 1.080599451442636694e+00 1.065064957570482695e+00 1.045673339041032213e+00 1.011520315346225329e+00 9.826365823164007196e-01 9.302728446497462444e-01
1.831666666666666288e+01 1.070683392403639411e+00 1.058293524020428089e+00 1.038198982090431821e+00 9.963643796364950456e-01 9.757471563760170552e-01 9.265650527678893633e-01
1.833333333333332860e+01 1.060301840549617847e+00 1.053146619309849319e+00 1.029415181713503546e+00 9.807358327147953636e-01 9.673378874673110861e-01 9.197633321924868488e-01
1.834999999999999432e+01 1.048504114868364923e+00 1.044385851979977353e+00 1.021880127260304860e+00 9.647211981863882402e-01 9.584147091884728242e-01 9.140497523404200741e-01
1.836666666666667425e+01 1.036836325784932011e+00 1.036880020150651172e+00 1.011720650177089009e+00 9.473791496032796244e-01 9.498000054085591337e-01 9.063859391880970673e-01
1.838333333333332575e+01 1.023750575223129289e+00 1.028362955314658933e+00 1.003330884669410006e+00 9.304243499835793685e-01 9.405701325987305683e-01 9.006627901710166917e-01
1.840000000000000568e+01 1.012299284830099566e+00 1.020502112000204686e+00 9.939119591937619624e-01 9.220588778452577516e-01 9.318636081296771678e-01 8.942079337065775846e-01
1.841666666666667140e+01 9.984736735360760784e-01 1.010606790071459704e+00 9.845379863200572901e-01 9.187973567881556614e-01 9.214849240948093101e-01 8.877420314362456377e-01
1.843333333333333712e+01 9.862553248312032617e-01 1.002395065457844403e+00 9.736982607488487984e-01 9.123225726520489687e-01 9.122948672209796328e-01 8.801493103020674447e-01
1.845000000000000284e+01 9.738330302143367589e-01 9.931177798449973837e-01 9.625078073507038479e-01 9.057988362324835840e-01 9.001704111635722150e-01 8.722058684490914260e-01
1.846666666666666856e+01 9.616180296457496057e-01 9.817980260791132618e-01 9.506944508379010506e-01 8.982104027134596436e-01 8.890473997410353046e-01 8.630507808532974501e-01
1.848333333333333428e+01 9.480323698554404821e-01 9.710001749217809230e-01 9.386790972707834690e-01 8.890965447273873057e-01 8.779138666634191956e-01 8.538651253439649702e-01
1.850000000000000000e+01 9.344613347757434463e-01 9.580622998480972097e-01 9.262406553515180052e-01 8.803039210544538751e-01 8.671512401483787436e-01 8.440819066121986181e-01
1.851666666666666572e+01 9.216389709479414494e-01 9.465700915850756569e-01 9.140458692307393829e-01 8.697585387310280414e-01 8.562666209658416072e-01 8.340732139744199136e-01
1.853333333333333144e+01 9.091044071243580271e-01 9.332530041990255709e-01 9.024694673257394051e-01 8.609775421828880226e-01 8.459789864469224874e-01 8.252065141416319305e-01
1.854999999999999716e+01 8.968748399006005734e-01 9.190100595145319629e-01 8.891363789342777713e-01 8.518538328239544377e-01 8.354617654906992819e-01 8.148430959608334856e-01
1.856666666666666288e+01 8.846518755719576799e-01 9.056143917374562813e-01 8.766057917434793012e-01 8.435060039895365680e-01 8.249990032514880056e-01 8.058899579109333189e-01
1.858333333333332860e+01 8.727597211762083695e-01 8.932231537893821072e-01 8.622359845164941916e-01 8.342904565961271057e-01 8.144817816767419005e-01 7.950639421480082403e-01
1.859999999999999432e+01 8.670257633819425935e-01 8.548757197354167614e-01 8.459140285783528501e-01 8.383008937530089799e-01 7.798668960519641313e-01 7.723829866978636494e-01
1.861666666666667425e+01 8.189601139101188032e-01 8.527959635076313161e-01 8.411834396916709755e-01 7.734085779994653853e-01 7.717997863155098281e-01 6.966200672472944166e-01
1.863333333333332575e+01 8.156943378096915831e-01 8.400417429601966246e-01 7.426771630256362444e-01 7.303031594959189521e-01 7.176165707987978148e-01 6.781837927301818114e-01
1.865000000000000568e+01 8.156503674687509697e-01 8.174366778912606213e-01 8.338566081321624468e-01 7.422076478326757876e-01 6.058115947700921655e-01 5.451603953827787175e-01
1.866666666666667140e+01 8.214146826881064678e-01 7.171543975388880998e-01 6.896282769073246444e-01 5.878764375663999564e-01 5.031654384690074089e-01 3.706957538033472943e-01
1.868333333333333712e+01 7.956154948005028649e-01 7.477574383604507213e-01 6.728455093108157703e-01 6.518298110057287875e-01 5.435829842332675632e-01 4.013281716382436359e-01
1.870000000000000284e+01 7.773016287509741939e-01 7.657423253374937566e-01 7.525452239975362057e-01 6.967878956995574580e-01 5.753269289096056838e-01 5.062781268587347450e-01
1.871666666666666856e+01 7.514797835669400072e-01 7.741459877744076845e-01 7.481548776297778369e-01 6.795123077091876906e-01 6.273449705356429762e-01 5.851163496840109390e-01
1.873333333333333428e+01 7.400504584268219332e-01 7.610013576327113727e-01 7.144366537701499764e-01 6.832786947826074986e-01 6.519981078817769227e-01 6.239728450862780385e-01
1.875000000000000000e+01 7.248230679278926392e-01 7.508687853784710153e-01 6.864494649785183311e-01 6.673467160645376595e-01 6.786603384660520044e-01 6.322542357275717784e-01
1.876666666666666572e+01 7.228641892582094997e-01 7.445051479732969213e-01 6.957744910948470141e-01 6.656753399072042887e-01 6.365034959757523980e-01 6.027672712090170748e-01
1.878333333333333144e+01 7.166178022438937090e-01 7.337634337370777526e-01 7.124359682132261895e-01 6.594753276081806170e-01 5.916626017212592847e-01 5.613894985501203250e-01
1.879999999999999716e+01 7.174766404222718830e-01 7.094844240817069769e-01 7.022601957978805709e-01 6.489523477453759126e-01 5.378833837889400726e-01 4.695005276766877622e-01
1.881666666666666288e+01 7.166632093203479936e-01 6.598451414157496808e-01 6.156194758374943232e-01 5.645861650958555744e-01 4.761111011891659417e-01 3.629146953131094921e-01
1.883333333333332860e+01 7.050892928860719167e-01 6.443569217776790037e-01 5.878238777118444114e-01 5.542131527548502801e-01 4.687363226524679516e-01 3.574212885363345360e-01
1.884999999999999432e+01 6.949198745953850676e-01 6.390770081401699887e-01 5.905813372575097198e-01 5.495525629056784434e-01 4.644276583698151439e-01 3.552216032453980876e-01
1.886666666666667425e+01 6.838824412403839981e-01 6.282877171623583168e-01 5.779486594118815601e-01 5.413465781148475431e-01 4.582474478591365696e-01 3.509585798901142528e-01
1.888333333333332575e+01 6.737515624426616556e-01 6.201608327502948770e-01 5.726125783617573850e-01 5.352837193397295135e-01 4.533689505806598463e-01 3.474688604796182800e-01
1.890000000000000568e+01 6.634955812918172935e-01 6.123638514857693282e-01 5.640713159571438817e-01 5.280603156250809338e-01 4.476154465155219309e-01 3.437781783304245109e-01
1.891666666666667140e+01 6.540773369245757030e-01 6.033310161681084693e-01 5.569243133541934565e-01 5.218592055099834370e-01 4.425814677525934937e-01 3.400878569710102939e-01
1.893333333333333712e+01 6.441542694323133533e-01 5.948424021886937751e-01 5.496028816822943197e-01 5.149392979497624534e-01 4.372269439276290082e-01 3.366252379170464049e-01
1.895000000000000284e+01 6.350447169730947250e-01 5.865375585275419690e-01 5.422072739116908791e-01 5.087763588884761656e-01 4.323090540530743486e-01 3.329005253873441039e-01
1.896666666666666856e+01 6.257558685496924511e-01 5.788760328086587359e-01 5.353779091150697722e-01 5.022601558363771757e-01 4.272774201567737795e-01 3.296589600397835662e-01
1.898333333333333428e+01 6.172253788408657016e-01 5.717129274387812155e-01 5.284849782767118143e-01 4.965653410174720728e-01 4.226739375564124157e-01 3.261904637607391799e-01
1.900000000000000000e+01 6.082758272784999365e-01 5.648660170512372902e-01 5.222527164170436276e-01 4.906347048666955812e-01 4.179686317402317441e-01 3.230505733704027715e-01
1.901666666666666572e+01 6.000183321431931116e-01 5.576299390220383900e-01 5.158300967671214377e-01 4.853190487039337198e-01 4.135139400916787999e-01 3.198627480308062210e-01
1.903333333333333144e+01 5.914036642943427680e-01 5.509403202137084232e-01 5.101244322643411211e-01 4.796371762543423234e-01 4.091047265792154275e-01 3.169648459302803478e-01
1.904999999999999716e+01 5.833229615108006527e-01 5.439561201658644762e-01 5.040406852643954938e-01 4.745286675849004765e-01 4.048696151718905734e-01 3.137890544861067776e-01
1.906666666666666288e+01 5.748173517400502197e-01 5.373434722878405179e-01 4.984610645740469859e-01 4.691801692297998261e-01 4.005968275033450765e-01 3.109937731324753929e-01
1.908333333333332860e+01 5.668550791277386924e-01 5.304599828080558410e-01 4.926022009286787351e-01 4.643517184008058574e-01 3.963991123013684281e-01 3.080625118501553739e-01
1.909999999999999432e+01 5.583630713086543684e-01 5.239669836308111783e-01 4.872107362537601016e-01 4.592528612524213183e-01 3.923629428727305468e-01 3.054133600661528836e-01
1.911666666666667425e+01 5.502009578417011992e-01 5.171235385765386994e-01 4.814281899656179253e-01 4.546363961589478531e-01 3.883768772037328731e-01 3.025070604464316082e-01
1.913333333333332575e+01 5.419173693317586027e-01 5.105623218774613115e-01 4.760408064400696859e-01 4.496076505587701666e-01 3.847168157648414022e-01 2.998821659073086510e-01
1.915000000000000568e+01 5.341513423309637298e-01 5.037755241162876763e-01 4.702778984761012415e-01 4.450563191399519725e-01 3.809534986159420211e-01 2.971562301867342604e-01
1.916666666666667140e+01 5.261609016458799193e-01 4.973074580492085062e-01 4.649565703140934314e-01 4.401465529948714872e-01 3.773302099786793318e-01 2.946913036262363561e-01
1.918333333333333712e+01 5.186137881195773680e-01 4.907512726835965844e-01 4.594347467669407381e-01 4.355459825785171213e-01 3.735815662796104775e-01 2.920909886147884937e-01
1.920000000000000284e+01 5.107969497773150458e-01 4.842402706847846461e-01 4.543416155122135258e-01 4.306783264542038969e-01 3.700664145794771986e-01 2.896834687712861456e-01
1.921666666666666856e+01 5.033070848100664740e-01 4.773924439074314630e-01 4.489048409589564970e-01 4.261785314658193546e-01 3.665055878362675212e-01 2.871449061943536218e-01
1.923333333333333428e+01 4.955858497100976701e-01 4.699170962733982826e-01 4.438736630386888593e-01 4.215153830147866931e-01 3.632132852332780049e-01 2.848950524029826292e-01
1.925000000000000000e+01 4.882087333646661920e-01 4.637811068378108748e-01 4.386118414194884463e-01 4.171880106087279549e-01 3.595973521811947626e-01 2.824485882632653544e-01
1.926666666666666572e+01 4.809398448510297519e-01 4.581313684890834792e-01 4.337178375778323325e-01 4.126827820833622318e-01 3.562700293877988367e-01 2.802411683931148034e-01
1.928333333333333144e+01 4.738867493892978677e-01 4.523387233986910227e-01 4.285956058409788882e-01 4.084846799521141825e-01 3.526912193386020355e-01 2.780039660539212476e-01
1.929999999999999716e+01 4.658121649302760514e-01 4.469095146059740564e-01 4.238120972865770386e-01 4.041710814491968340e-01 3.493333590283723700e-01 2.759188296475486579e-01
1.931666666666666288e+01 4.585967651827668745e-01 4.419187156541373729e-01 4.188138341976802570e-01 4.000748304025432689e-01 3.458796067098633409e-01 2.737140488323055454e-01
1.933333333333332860e+01 4.511279497237058456e-01 4.363595944590795139e-01 4.140793623751502506e-01 3.958038881198680525e-01 3.427158214834058469e-01 2.716758843785442856e-01
1.934999999999999432e+01 4.440876350344691303e-01 4.303130174600309776e-01 4.091472516303107931e-01 3.917990747810334295e-01 3.394387926952582291e-01 2.694651069059738613e-01
1.936666666666667425e+01 4.369067605772846696e-01 4.246680924077385066e-01 4.044476510431196936e-01 3.875971521110475604e-01 3.364280585345179042e-01 2.674441457472954697e-01
1.938333333333332575e+01 4.300809516046009695e-01 4.181847135082891742e-01 3.995173506804713393e-01 3.835580630730927587e-01 3.332294177244915501e-01 2.652631862439792654e-01
1.940000000000000568e+01 4.230038117741129478e-01 4.123579857790921066e-01 3.948235265504798641e-01 3.794607293003139370e-01 3.302373197432150187e-01 2.632527992122746796e-01
1.941666666666667140e+01 4.160706727850020381e-01 4.070974826372212307e-01 3.899914462616752009e-01 3.755617992342883404e-01 3.271412304066059762e-01 2.611448039006067368e-01
1.943333333333333712e+01 4.090927611802067654e-01 4.013421156237220733e-01 3.853632458148524287e-01 3.714832208422108595e-01 3.241787829661260667e-01 2.591994297417838933e-01
1.945000000000000284e+01 4.023983814662223657e-01 3.956949627541318515e-01 3.805456723851926015e-01 3.675503305928362607e-01 3.210832749898469562e-01 2.571726910668101773e-01
1.946666666666666856e+01 3.956774069672302496e-01 3.902417383227608783e-01 3.759312345486181539e-01 3.634261790856509466e-01 3.182085400410010201e-01 2.552835026710895128e-01
1.948333333333333428e+01 3.893036954071927846e-01 3.846478427501884845e-01 3.711441898188242994e-01 3.595312177569582879e-01 3.152102098229697669e-01 2.533057297965980448e-01
1.950000000000000000e+01 3.827738100920032860e-01 3.788910318082823747e-01 3.665681117182846838e-01 3.555168219213154512e-01 3.123293884954917998e-01 2.514745378250139995e-01
1.951666666666666572e+01 3.766098446688787571e-01 3.731432502111564076e-01 3.618266471683835306e-01 3.516513138521558113e-01 3.093146818214442262e-01 2.495927975945703425e-01
1.953333333333333144e+01 3.703575400759103187e-01 3.675412152784852671e-01 3.571718686456057390e-01 3.476437446078851634e-01 3.064551023829346632e-01 2.478451761757062555e-01
1.954999999999999716e+01 3.643492757927380699e-01 3.618564187382050101e-01 3.524896989167823902e-01 3.437632318679045840e-01 3.034999284949906340e-01 2.460434077708308909e-01
1.956666666666666288e+01 3.583209424767953011e-01 3.563683315385919315e-01 3.479630048107024143e-01 3.397125716580746690e-01 3.006965633780407932e-01 2.443257091599942976e-01
1.958333333333332860e+01 3.525622807750167786e-01 3.510956929904276991e-01 3.432784047973284069e-01 3.358531314697703607e-01 2.978094956389565895e-01 2.425520614392846219e-01
1.959999999999999432e+01 3.468187284219753641e-01 3.455589551085262445e-01 3.387535042521634954e-01 3.318852871449454178e-01 2.950535888072183255e-01 2.408852572051057572e-01
1.961666666666667425e+01 3.413259722591613921e-01 3.400219355047857661e-01 3.341076327891813746e-01 3.280849353264561064e-01 2.922077148643794087e-01 2.391614062995134349e-01
1.963333333333332575e+01 3.358571177814690389e-01 3.347498118101725484e-01 3.296646926114354392e-01 3.241154805939969186e-01 2.894695605612843115e-01 2.375007589811034270e-01
1.965000000000000568e+01 3.306227737739466654e-01 3.295819078878731712e-01 3.251595366111868501e-01 3.201819218117792909e-01 2.866259694002285530e-01 2.357589076074414480e-01
1.966666666666667140e+01 3.254022568944917593e-01 3.245765373221345396e-01 3.207602386906039937e-01 3.163498659632230092e-01 2.838767605611314804e-01 2.341008286373237046e-01
1.968333333333333712e+01 3.204085803495693718e-01 3.196705900790118293e-01 3.163410245915856400e-01 3.125389298780907876e-01 2.810057558920490695e-01 2.324077978963420554e-01
1.970000000000000284e+01 3.154910104137799154e-01 3.147877761521480355e-01 3.120415970644932480e-01 3.086780767093762479e-01 2.782250533260643977e-01 2.308200645562841768e-01
1.971666666666666856e+01 3.107952827244081506e-01 3.101112545483669103e-01 3.076910479766660766e-01 3.049445931362473328e-01 2.753721462078282944e-01 2.291775563315565922e-01
1.973333333333333428e+01 3.062013747147543374e-01 3.053775316246550298e-01 3.034750097490816478e-01 3.011034245432182010e-01 2.726291106301150236e-01 2.276213792637599986e-01
1.975000000000000000e+01 3.018165686926994051e-01 3.008409910436146140e-01 2.992204220741121468e-01 2.972403560213320861e-01 2.698063239561732662e-01 2.260348517880165220e-01
1.976666666666666572e+01 2.975187750387693897e-01 2.964577561218167401e-01 2.951211055567714570e-01 2.934441931298675810e-01 2.670249380554627905e-01 2.245259521391090307e-01
1.978333333333333144e+01 2.933422692915579333e-01 2.922100782610300707e-01 2.909653962152555229e-01 2.897127820764470729e-01 2.641771663632523359e-01 2.229640000761686225e-01
1.979999999999999716e+01 2.893122477098210577e-01 2.881090235384163312e-01 2.870147131635246152e-01 2.859722829274723432e-01 2.613704758311079512e-01 2.214670851769567628e-01
1.981666666666666288e+01 2.853001351459458212e-01 2.840069581231755014e-01 2.829907055346445599e-01 2.823238845035963562e-01 2.585088992798891816e-01 2.199348134642758745e-01
1.983333333333332860e+01 2.816150436525545753e-01 2.799192054425451159e-01 2.791289062807048582e-01 2.786444593442571893e-01 2.557223878050409183e-01 2.184502300180952150e-01
1.984999999999999432e+01 2.778789010135261917e-01 2.760026827682028339e-01 2.752550258326984522e-01 2.750450881086201060e-01 2.528897643028259479e-01 2.169292177400236332e-01
1.986666666666667425e+01 2.742968045831966628e-01 2.721421947852113443e-01 2.715097540742714144e-01 2.713743524734495427e-01 2.501290390908591510e-01 2.154373367710893106e-01
1.988333333333332575e+01 2.708501350733933388e-01 2.683352200980388402e-01 2.677805393828676661e-01 2.679796998585068368e-01 2.473399519666393820e-01 2.139263420963486706e-01
1.990000000000000568e+01 2.676538923646882839e-01 2.645229556452459163e-01 2.641910352391642625e-01 2.644147796451777888e-01 2.445951590819244181e-01 2.124464468872644674e-01
1.991666666666667140e+01 2.643637879114293932e-01 2.608640094769051343e-01 2.606380265310362376e-01 2.610277764502462183e-01 2.418111628273240943e-01 2.109546848356325666e-01
1.993333333333333712e+01 2.613308715338187316e-01 2.573935811410509311e-01 2.571812881751060487e-01 2.576051637075001954e-01 2.390945802134681608e-01 2.095044503618512244e-01
1.995000000000000284e+01 2.585468454652454784e-01 2.541517880106784477e-01 2.537452064834115895e-01 2.543396922710778885e-01 2.363636000963235395e-01 2.080503531820379892e-01
1.996666666666666856e+01 2.554487822198945879e-01 2.507984907922723994e-01 2.504204502107378882e-01 2.510397922181049069e-01 2.336671650046321103e-01 2.066304281625515882e-01
1.998333333333333428e+01 2.527416815168367359e-01 2.476591625746150382e-01 2.471458094310594322e-01 2.478403386854923784e-01 2.309444717801882874e-01 2.052101968432964718e-01
2.000000000000000000e+01 2.502083692905195944e-01 2.445263754891214836e-01 2.439453134015668878e-01 2.446598397018955595e-01 2.282383883729857676e-01 2.037949756511414634e-01
2.001666666666666572e+01 2.477522941417965863e-01 2.416471703621486944e-01 2.408480336874928296e-01 2.415862964926905332e-01 2.255873237165350320e-01 2.023629746824627262e-01
2.003333333333333144e+01 2.451940032002113412e-01 2.386847330931910482e-01 2.378260060960175060e-01 2.385843236930543509e-01 2.229702895605929769e-01 2.009296953471657043e-01
2.004999999999999716e+01 2.429892713180695496e-01 2.360249439295973306e-01 2.348522726328325094e-01 2.356171778820096985e-01 2.202961636732264916e-01 1.995118493620597622e-01
2.006666666666666288e+01 2.408908530082623234e-01 2.332892120352745846e-01 2.320171773647179414e-01 2.326909256964678208e-01 2.176057529837137627e-01 1.980984501528993691e-01
2.008333333333332860e+01 2.385822320513978911e-01 2.308047012330981529e-01 2.292027251577143654e-01 2.298541961566764324e-01 2.149610287977302414e-01 1.966581889819389029e-01
2.009999999999999432e+01 2.362472107802771892e-01 2.281737722357195519e-01 2.265642492197042501e-01 2.270514566135890255e-01 2.124202433333531870e-01 1.952536159022269235e-01
2.011666666666667425e+01 2.341801634001337840e-01 2.258661645899562309e-01 2.238810598230220328e-01 2.243007793541305361e-01 2.098940341144475141e-01 1.938698999338402396e-01
2.013333333333332575e+01 2.324423397432130722e-01 2.234146599821384416e-01 2.213372888326776144e-01 2.216215100600254784e-01 2.074383394271618886e-01 1.924937742008911157e-01
2.015000000000000568e+01 2.303938319783296329e-01 2.212461441244516769e-01 2.187894249414971404e-01 2.190004111177772383e-01 2.049759159867776404e-01 1.911216450270799561e-01
2.016666666666667140e+01 2.288139652291344417e-01 2.189491695655587655e-01 2.163848765694809939e-01 2.164340162625243980e-01 2.025747039890304080e-01 1.897302374837809558e-01
2.018333333333333712e+01 2.271893874788796508e-01 2.169425570969082395e-01 2.139701805017225900e-01 2.139576612308289050e-01 2.001820559686295076e-01 1.883028318708815652e-01
2.020000000000000284e+01 2.256583642611962037e-01 2.148450290342683866e-01 2.117044438857446087e-01 2.114958380508134006e-01 1.978243161614023637e-01 1.869326265251774200e-01
2.021666666666666856e+01 2.241352692734848162e-01 2.129431358105408068e-01 2.092563214103835001e-01 2.090892008148214631e-01 1.954828197182695571e-01 1.855398595686284513e-01
2.023333333333333428e+01 2.226447132534603857e-01 2.110027719113612699e-01 2.073112994373912388e-01 2.067279436858025232e-01 1.931526715062114596e-01 1.841372829345163942e-01
2.025000000000000000e+01 2.211943717632480488e-01 2.092222724022431979e-01 2.051149178105960147e-01 2.044649163429331784e-01 1.908439651786837110e-01 1.827431475885569478e-01
2.026666666666666572e+01 2.197852756248319384e-01 2.073969003029716707e-01 2.030607376562893751e-01 2.022192484188681805e-01 1.885725934851566754e-01 1.813923455513562211e-01
2.028333333333333144e+01 2.183472871663678372e-01 2.057262401852487932e-01 2.011656676363302865e-01 2.000662044432510445e-01 1.864041668105805849e-01 1.800127149269097060e-01
2.029999999999999716e+01 2.170093333540397129e-01 2.040691384099569960e-01 1.992765282797827608e-01 1.979461665354502464e-01 1.842728060082491626e-01 1.786498938270642267e-01
2.031666666666666288e+01 2.157967168617078157e-01 2.024959198424694518e-01 1.973536595006068761e-01 1.958988857675519057e-01 1.821858524795237355e-01 1.772720943161333329e-01
2.033333333333332860e+01 2.146478029393674714e-01 2.009505895008260323e-01 1.955342950228712573e-01 1.939074826816498676e-01 1.801104053093825208e-01 1.759128786081371743e-01
2.034999999999999432e+01 2.134001041321459680e-01 1.995182579428376735e-01 1.938458169410757492e-01 1.919552571405614971e-01 1.780974673509710116e-01 1.745350164357717393e-01
2.036666666666667425e+01 2.121984870770086129e-01 1.981007303194522173e-01 1.919986196420000735e-01 1.900826079244702926e-01 1.761125737536554381e-01 1.731354217681792818e-01
2.038333333333332575e+01 2.110618678746301602e-01 1.967508593785090298e-01 1.904397290297749623e-01 1.882224739457953600e-01 1.741689020591480619e-01 1.717730475420532477e-01
2.040000000000000568e+01 2.098932608847678682e-01 1.954437856944543084e-01 1.890159374508320889e-01 1.864556697868298696e-01 1.722902886503623887e-01 1.704393704395288367e-01
2.041666666666667140e+01 2.088490177499686129e-01 1.941600945462915451e-01 1.873471339573528349e-01 1.847086279732833847e-01 1.704303083190486512e-01 1.690790599108015768e-01
2.043333333333333712e+01 2.078435832712970666e-01 1.929427660776093234e-01 1.858024464442827040e-01 1.830474944372198209e-01 1.686338004897904863e-01 1.676931031884237311e-01
2.045000000000000284e+01 2.068353006306122843e-01 1.917488861783255560e-01 1.844654510132300584e-01 1.813382128611452093e-01 1.668378076042341118e-01 1.663562395395097038e-01
2.046666666666666856e+01 2.058908477998367681e-01 1.906134118467984473e-01 1.829918173695504191e-01 1.797048260095273908e-01 1.650747410488680456e-01 1.650422446095245188e-01
2.048333333333333428e+01 2.049989110023658356e-01 1.894922817019411287e-01 1.817211441562879004e-01 1.781792736404210487e-01 1.633196195402958906e-01 1.636657357330609519e-01
2.050000000000000000e+01 2.041623685654827824e-01 1.884556153467284167e-01 1.805562489150134842e-01 1.765442783099198942e-01 1.615626224918248199e-01 1.623377760997920805e-01
2.051666666666666572e+01 2.031082159126169351e-01 1.873784254119203185e-01 1.792107418896708715e-01 1.750116041562085056e-01 1.598250606402965845e-01 1.610245426452821538e-01
2.053333333333333144e+01 2.022201578584127413e-01 1.864278698749554375e-01 1.780371109411600095e-01 1.736350305246629477e-01 1.581839894624668397e-01 1.596961086018901799e-01
2.054999999999999716e+01 2.015648001672934175e-01 1.853785778459204614e-01 1.768764786302044201e-01 1.721922511107785436e-01 1.565922135539458138e-01 1.583634241950274413e-01
2.056666666666666288e+01 2.005782813535640363e-01 1.845022737212059505e-01 1.757125855400065995e-01 1.707861396854562230e-01 1.550595501843858026e-01 1.570899004811885658e-01
2.058333333333332860e+01 1.997924850115886108e-01 1.834582275120531236e-01 1.746490480136068113e-01 1.696773343862755246e-01 1.535944224584066542e-01 1.558140371157536452e-01
2.059999999999999432e+01 1.990630396193610596e-01 1.826879481834485786e-01 1.734746865280678563e-01 1.684658833517453103e-01 1.521570486168859482e-01 1.545074020506053969e-01
2.061666666666667425e+01 1.983396925842494107e-01 1.816416716814241716e-01 1.723541101807686826e-01 1.670694969355460413e-01 1.507385777648375114e-01 1.531369306258788254e-01
2.063333333333332575e+01 1.975887791968629903e-01 1.809718682520049804e-01 1.714874301442482207e-01 1.658835204154242848e-01 1.493477822896042417e-01 1.517650969883672651e-01
2.065000000000000568e+01 1.969267523988026680e-01 1.799608968470503834e-01 1.704453298035469855e-01 1.647866681310100612e-01 1.480057019619080427e-01 1.505107967881008091e-01
2.066666666666667140e+01 1.962780912015524848e-01 1.793904626451275630e-01 1.695062343670963589e-01 1.636945951708751457e-01 1.466757225941924259e-01 1.492345045346642196e-01
2.068333333333333712e+01 1.956444825319775260e-01 1.784411110100824205e-01 1.687003850374443059e-01 1.627315190447619908e-01 1.453876754889870671e-01 1.480032282911293018e-01
2.070000000000000284e+01 1.950517870018292077e-01 1.778635034235726275e-01 1.678528643658964981e-01 1.616227925075651994e-01 1.441675910116354820e-01 1.468050211426148166e-01
2.071666666666666856e+01 1.944939684789998569e-01 1.770007196847500353e-01 1.669518608336795495e-01 1.606170790749004984e-01 1.429349080004419792e-01 1.455952046420375678e-01
2.073333333333333428e+01 1.938784255769986087e-01 1.764355113912302597e-01 1.662446560708510102e-01 1.596023810904801388e-01 1.417559670000968497e-01 1.443327188907258807e-01
2.075000000000000000e+01 1.932832941623649214e-01 1.756399453095912333e-01 1.654345838056010265e-01 1.586903657524624256e-01 1.406190687475403767e-01 1.431738685806870637e-01
2.076666666666666572e+01 1.926881154920889738e-01 1.750783701052578134e-01 1.647092017141236486e-01 1.576824882810524686e-01 1.395350347702989657e-01 1.419413102878330224e-01
2.078333333333333144e+01 1.920962970894633248e-01 1.743695204001955434e-01 1.638974557113578867e-01 1.567614114737929387e-01 1.384021780568775728e-01 1.407766353093655720e-01
2.079999999999999716e+01 1.915390348807183007e-01 1.738305464929970345e-01 1.632018067303711850e-01 1.558922994022965969e-01 1.373102754863003427e-01 1.395499850396403896e-01
2.081666666666666288e+01 1.909631691922951402e-01 1.732082468978583811e-01 1.625207370784938488e-01 1.550528133203357695e-01 1.362129249929903141e-01 1.383473200401799663e-01
2.083333333333332860e+01 1.903416388248607705e-01 1.726755083529902257e-01 1.618053483984773777e-01 1.540829801126341325e-01 1.352000025225013335e-01 1.371124819427103347e-01
2.084999999999999432e+01 1.897958971229752045e-01 1.720782052858051414e-01 1.611479148431444186e-01 1.533085236079367863e-01 1.341254390588466627e-01 1.360757090703792749e-01
2.086666666666667425e+01 1.892422747649981363e-01 1.715375548422928831e-01 1.605052753065433213e-01 1.526632489062051956e-01 1.331623431313240791e-01 1.349844581577965275e-01
2.088333333333332575e+01 1.886617644107302927e-01 1.709414762067378579e-01 1.597981182892241059e-01 1.518842285700141015e-01 1.323086035432227692e-01 1.339381689382414253e-01
2.090000000000000568e+01 1.881544980313211435e-01 1.703982899203594081e-01 1.591615373545333390e-01 1.511073692480241482e-01 1.313759635163385397e-01 1.328662275193178144e-01
2.091666666666667140e+01 1.877257602080454335e-01 1.698613067094138784e-01 1.585652375057552133e-01 1.503835410689256802e-01 1.304589580607014576e-01 1.318866241201908096e-01
2.093333333333333712e+01 1.872310240473114284e-01 1.693290950083494173e-01 1.579252762435099378e-01 1.497289604552200781e-01 1.296322997931227683e-01 1.307535180574816713e-01
2.095000000000000284e+01 1.867643994627217197e-01 1.687987307131625925e-01 1.573281797660489867e-01 1.489723648623034191e-01 1.288026373378909073e-01 1.297621717793421836e-01
2.096666666666666856e+01 1.863613540446228400e-01 1.682972349999305450e-01 1.567343480551936785e-01 1.484386780993879884e-01 1.279619242775906496e-01 1.286932568701122104e-01
2.098333333333333428e+01 1.859182090159627598e-01 1.677798834187061716e-01 1.562365803187995006e-01 1.478066554538667310e-01 1.271926497456985217e-01 1.277156676217608144e-01
2.100000000000000000e+01 1.854620384071584693e-01 1.672808659204023662e-01 1.557545864621048270e-01 1.471289112035142344e-01 1.264123016097833396e-01 1.267089059743083668e-01
2.101666666666666572e+01 1.849866101185809741e-01 1.668119994033199216e-01 1.552761395742209005e-01 1.465315726731149792e-01 1.256769001911798578e-01 1.258164765161912113e-01
2.103333333333333144e+01 1.847835099953604177e-01 1.663258469137424977e-01 1.547837944626999362e-01 1.461054775389149518e-01 1.249706257170450502e-01 1.247357856600802423e-01
2.104999999999999716e+01 1.843203129426097819e-01 1.658640913415087570e-01 1.543675495168195244e-01 1.453420301490860045e-01 1.243124181686204727e-01 1.236696064063369516e-01
2.106666666666666288e+01 1.837391553396563182e-01 1.654109797895323419e-01 1.537042703287960221e-01 1.448442566532997522e-01 1.233722420363657091e-01 1.226492538263867227e-01
2.108333333333332860e+01 1.832445467039640341e-01 1.649904475122421221e-01 1.534200716123719221e-01 1.443542969868630010e-01 1.228172394968765485e-01 1.217564565749990613e-01
2.109999999999999432e+01 1.828547519188036818e-01 1.645444172004576211e-01 1.529482474294696359e-01 1.438057767751811100e-01 1.221133328905442822e-01 1.207021615476414483e-01
2.111666666666667425e+01 1.823350690545360031e-01 1.641445745743849716e-01 1.524001659716019141e-01 1.433108676100754431e-01 1.214389635160204595e-01 1.197484929176005491e-01
2.113333333333332575e+01 1.818096454518908223e-01 1.636868355081722015e-01 1.518988833875344335e-01 1.428828566499758534e-01 1.208357149281271137e-01 1.187734624430752672e-01
2.115000000000000568e+01 1.814353290738056346e-01 1.633143143626138438e-01 1.515227979890901855e-01 1.423078528942981202e-01 1.202793729969958980e-01 1.178759705218302145e-01
2.116666666666667140e+01 1.811425226661377563e-01 1.628235155371836884e-01 1.508900802928122287e-01 1.417432131630031455e-01 1.196320502597699731e-01 1.169507123289656864e-01
2.118333333333333712e+01 1.805613340213420015e-01 1.624878371850467518e-01 1.504901378200670381e-01 1.413734522544163041e-01 1.190573853453618797e-01 1.160843399918018715e-01
2.120000000000000284e+01 1.802200882679529104e-01 1.619732176627698972e-01 1.500365905250347076e-01 1.410098459084629108e-01 1.185154315390466728e-01 1.151730637637971011e-01
2.121666666666666856e+01 1.798901121887100107e-01 1.617105824730250829e-01 1.496446547022463880e-01 1.402946118012446952e-01 1.179948259917935616e-01 1.143094163607636798e-01
2.123333333333333428e+01 1.795269928493995470e-01 1.611710574263140738e-01 1.492152325514959910e-01 1.397967432597302384e-01 1.174002189086095216e-01 1.134158173327852459e-01
2.125000000000000000e+01 1.791122537246809254e-01 1.609320444317164644e-01 1.488065967102796816e-01 1.394201347811443448e-01 1.168192578515690194e-01 1.125681733700621828e-01
2.126666666666666572e+01 1.786889455467010335e-01 1.604200253642812102e-01 1.485666816715001115e-01 1.389641451749892842e-01 1.163468211772722694e-01 1.117098941828489206e-01
2.128333333333333144e+01 1.783255288645885506e-01 1.601998710220622346e-01 1.481646660687065131e-01 1.385960765269475814e-01 1.158320211775422104e-01 1.109048174670502207e-01
2.129999999999999716e+01 1.779758807245186425e-01 1.597249974968815989e-01 1.478699279903623875e-01 1.380693770801362241e-01 1.153991158756265817e-01 1.101025914203000583e-01
2.131666666666666288e+01 1.774925844015809162e-01 1.594737470342104391e-01 1.475988456323345799e-01 1.377115440927529355e-01 1.151444383250811165e-01 1.092950682010920965e-01
2.133333333333332860e+01 1.770888781404136025e-01 1.590323509473340613e-01 1.472547426057952136e-01 1.372864835261504712e-01 1.144451529284993968e-01 1.085534028555848879e-01
2.134999999999999432e+01 1.767008844916140020e-01 1.588030325354553851e-01 1.469094820720230066e-01 1.368638284554111739e-01 1.140428219593728060e-01 1.077921451936223740e-01
2.136666666666667425e+01 1.761857379228005394e-01 1.583606352803358375e-01 1.466218626935843483e-01 1.364099365191830671e-01 1.136031712794135923e-01 1.070426481389721435e-01
2.138333333333332575e+01 1.757219208812489941e-01 1.580930179861829432e-01 1.464291860431561898e-01 1.361672085342733318e-01 1.131714846836037042e-01 1.062671197693927094e-01
2.140000000000000568e+01 1.753059722897383765e-01 1.576557562401515455e-01 1.458523399183727365e-01 1.360089713020070645e-01 1.127540334705302016e-01 1.056173876175093701e-01
2.141666666666667140e+01 1.750016762786270330e-01 1.573538862568551466e-01 1.456342404746629737e-01 1.353906449833505998e-01 1.123554082993376835e-01 1.048512171017608324e-01
2.143333333333333712e+01 1.746574136046402104e-01 1.569818785234063097e-01 1.453491197705066018e-01 1.349733699364089878e-01 1.119901595664901522e-01 1.041281054445930970e-01
2.145000000000000284e+01 1.743023189485690128e-01 1.566814600969574089e-01 1.447329119054739932e-01 1.346792309551806954e-01 1.116152230442120363e-01 1.033070721212034637e-01
2.146666666666666856e+01 1.739825263968161062e-01 1.563358546634670831e-01 1.445353256641883632e-01 1.342809132156944085e-01 1.112639168048602245e-01 1.026924088894172471e-01
2.148333333333333428e+01 1.736439452127453986e-01 1.560210498919955835e-01 1.444494709377682484e-01 1.340731318447829779e-01 1.108918729609888604e-01 1.019234051832752785e-01
2.150000000000000000e+01 1.732573996399006111e-01 1.556791092546712663e-01 1.439325452345018297e-01 1.337746249111218810e-01 1.104884913929751050e-01 1.013517679823512235e-01
2.151666666666666572e+01 1.728083123655614062e-01 1.553996514474428881e-01 1.434606725357500945e-01 1.333944688622658026e-01 1.102400747494607092e-01 1.007325874633911433e-01
2.153333333333333144e+01 1.724628103238056154e-01 1.550881848441502120e-01 1.431490565389667013e-01 1.330744435576058093e-01 1.098798980557909727e-01 1.001874908617309545e-01
2.154999999999999716e+01 1.721438102124760172e-01 1.548024914109027428e-01 1.429585959196299771e-01 1.328233687280065134e-01 1.095992019924822702e-01 9.947933652981472141e-02
2.156666666666666288e+01 1.717697038899625994e-01 1.544736244543964410e-01 1.424596110522516612e-01 1.325558776158786423e-01 1.092182446891966363e-01 9.890391809083100283e-02
2.158333333333332860e+01 1.714161698335067152e-01 1.541599129522524814e-01 1.423806209545538659e-01 1.321113738493357725e-01 1.089857501434952497e-01 9.823742762124752781e-02
2.159999999999999432e+01 1.711572778340736678e-01 1.538682795927363567e-01 1.419917895662555496e-01 1.317778505093794572e-01 1.086820137262935193e-01 9.771500731302681930e-02
2.161666666666667425e+01 1.708142269236347099e-01 1.535574739863628246e-01 1.417024387983169820e-01 1.315441527465671667e-01 1.082737496630757773e-01 9.702831926414476338e-02
2.163333333333332575e+01 1.704421878250694800e-01 1.532419634313196832e-01 1.414383915337560638e-01 1.312331253432091616e-01 1.078806041036772800e-01 9.640812389404365690e-02
2.165000000000000568e+01 1.700682024202266607e-01 1.529155828987605881e-01 1.411601011447724263e-01 1.308634220830624528e-01 1.076771656802618660e-01 9.576393560434730279e-02
2.166666666666667140e+01 1.697063462492272856e-01 1.526097117921578761e-01 1.408115578029230375e-01 1.305905183091934096e-01 1.074383975839211663e-01 9.527882296143853902e-02
2.168333333333333712e+01 1.692397613259359890e-01 1.523042163098836388e-01 1.405599066462250024e-01 1.303117813852778251e-01 1.070705734604040088e-01 9.473546423015978546e-02
2.170000000000000284e+01 1.687790309370173214e-01 1.519943175303194449e-01 1.402666037577126323e-01 1.300252806483131740e-01 1.067923800415327973e-01 9.424386297986672711e-02
2.171666666666666856e+01 1.685118018095797254e-01 1.516421364227197588e-01 1.399654318878678361e-01 1.297385236472737846e-01 1.064573402028482080e-01 9.369565410903905878e-02
2.173333333333333428e+01 1.681623141639135566e-01 1.513444583673979049e-01 1.397062842621601131e-01 1.294517297882693541e-01 1.062496936120898433e-01 9.320457302595845650e-02
2.175000000000000000e+01 1.677443084887852709e-01 1.510185743507305167e-01 1.393549636615587228e-01 1.291743114200301912e-01 1.060856969723356358e-01 9.273334027164907567e-02
2.176666666666666572e+01 1.674043681370994407e-01 1.507331321835416738e-01 1.390132292580290585e-01 1.289064713872458412e-01 1.057789506669587903e-01 9.230177476084600041e-02
2.178333333333333144e+01 1.671063717527415116e-01 1.504059263417205361e-01 1.388299080760865001e-01 1.286037415486011859e-01 1.054751562771333306e-01 9.179507400349382062e-02
2.179999999999999716e+01 1.667728041664329475e-01 1.501336705365234336e-01 1.385123176082725394e-01 1.282198201346948230e-01 1.051890697670131158e-01 9.130863234779978965e-02
2.181666666666666288e+01 1.664675256615028021e-01 1.497856722012869124e-01 1.381323066066554028e-01 1.279699148909907158e-01 1.048885872019208465e-01 9.079387206197309101e-02
2.183333333333332860e+01 1.662369985877387712e-01 1.495619398935974786e-01 1.378929511196824442e-01 1.277415393025297385e-01 1.046710331966566043e-01 9.041025988940754043e-02
2.184999999999999432e+01 1.659344840430115597e-01 1.491634199185908338e-01 1.376724548167795326e-01 1.273383665387514685e-01 1.043289086885120648e-01 9.006099419661532657e-02
2.186666666666667425e+01 1.655704675462712772e-01 1.489156774888985291e-01 1.373336358009743796e-01 1.270240862781933378e-01 1.040954136948553793e-01 8.966208190675056811e-02
2.188333333333332575e+01 1.651809043684529243e-01 1.485249205520329241e-01 1.371080662718806853e-01 1.267780603982792409e-01 1.039111902690988548e-01 8.938357225925955274e-02
2.190000000000000568e+01 1.648447859472110533e-01 1.483393136517550392e-01 1.368601396668805426e-01 1.264635649564888886e-01 1.037144122561522580e-01 8.897588874527906366e-02
2.191666666666667140e+01 1.644790105344579867e-01 1.479147707204917228e-01 1.365874501547857112e-01 1.261613729065895750e-01 1.033574024018693305e-01 8.863326455766509793e-02
2.193333333333333712e+01 1.641341516522914490e-01 1.477541598501126985e-01 1.362851490627565165e-01 1.259517011093395089e-01 1.030902971044422578e-01 8.810526436584414922e-02
2.195000000000000284e+01 1.638278037584352254e-01 1.473928301554256470e-01 1.359998905730792629e-01 1.257442347408839478e-01 1.029090305262883726e-01 8.769630366308517333e-02
2.196666666666666856e+01 1.635608505764880316e-01 1.471906095979526319e-01 1.357580075271313802e-01 1.254151347515450043e-01 1.027731679591540603e-01 8.717462429641602284e-02
2.198333333333333428e+01 1.632455809306261052e-01 1.468002994542909889e-01 1.355119412014107738e-01 1.251749216165429224e-01 1.024585133180870300e-01 8.679881303311726137e-02
2.200000000000000000e+01 1.628822222097676131e-01 1.465982770067841834e-01 1.352376271567346522e-01 1.249710007235314002e-01 1.022266233154977277e-01 8.637634224084281276e-02
2.201666666666666572e+01 1.625608216629883807e-01 1.462444664856442089e-01 1.350122175006174263e-01 1.247376235997669086e-01 1.019676712975642607e-01 8.603737474708550437e-02
2.203333333333333144e+01 1.622113116225581964e-01 1.460256458227490450e-01 1.347760798609694000e-01 1.245426513841650651e-01 1.017654749723919533e-01 8.560034223360239725e-02
2.204999999999999716e+01 1.618750870665791319e-01 1.457157437860618909e-01 1.344415283498534841e-01 1.243190837099072826e-01 1.016078371574044709e-01 8.528277931916977694e-02
2.206666666666666288e+01 1.614878207573516300e-01 1.454589826638646999e-01 1.342096500888774191e-01 1.241417968341250594e-01 1.014228340915247911e-01 8.488597006890058472e-02
2.208333333333332860e+01 1.612387913674442619e-01 1.451525560667485115e-01 1.338991906204022031e-01 1.239720449401701813e-01 1.011134133971040155e-01 8.459598706126732204e-02
2.209999999999999432e+01 1.609589779503862450e-01 1.448970943694847802e-01 1.336856602853263021e-01 1.236678091143395275e-01 1.008874086956558919e-01 8.430218673243851379e-02
2.211666666666667425e+01 1.606057695298325483e-01 1.446066015859776288e-01 1.334061981514664819e-01 1.233596415612806252e-01 1.006806336506026606e-01 8.400745429376053897e-02
2.213333333333332575e+01 1.603172332744676187e-01 1.443383650148078734e-01 1.331093227038562254e-01 1.231619001387531109e-01 1.004102985510080953e-01 8.374765363841696342e-02
2.215000000000000568e+01 1.600148130001672053e-01 1.440372291222524748e-01 1.329566476148653087e-01 1.229703087580353016e-01 1.002105835656130345e-01 8.345451860399931421e-02
2.216666666666667140e+01 1.596854431389460871e-01 1.437523464032267329e-01 1.327086355574498278e-01 1.227383678500071074e-01 1.000938126798601863e-01 8.311777809834500208e-02
2.218333333333333712e+01 1.593481525080308325e-01 1.434830164512263528e-01 1.324586905459522179e-01 1.225166722153741145e-01 9.988293498278290328e-02 8.277605940910813531e-02
2.220000000000000284e+01 1.590052969756066137e-01 1.431968435045539167e-01 1.321906045822262010e-01 1.223888105011834010e-01 9.958327523401760972e-02 8.248410798461638938e-02
2.221666666666666856e+01 1.586154000243148732e-01 1.429232538515186057e-01 1.319528751658723964e-01 1.220048931652778779e-01 9.944361390773333309e-02 8.218054428048068849e-02
2.223333333333333428e+01 1.582689047879938804e-01 1.426708188008774802e-01 1.316164365160517047e-01 1.218242956735854088e-01 9.929854421237563344e-02 8.191047030556235231e-02
2.225000000000000000e+01 1.579563960465359129e-01 1.423827276359695970e-01 1.313774928267943953e-01 1.215561321123405231e-01 9.910904734787134851e-02 8.157272341426693996e-02
2.226666666666666572e+01 1.577196726103084479e-01 1.420977309817771927e-01 1.311661502768468046e-01 1.213302636980513188e-01 9.879730986208885846e-02 8.126405423489305169e-02
2.228333333333333144e+01 1.574211202738078075e-01 1.418411727300152858e-01 1.309161770617065235e-01 1.211241703493597666e-01 9.856805579484630153e-02 8.090058420675040607e-02
2.229999999999999716e+01 1.571038589422898979e-01 1.415381399736662660e-01 1.306931594237336347e-01 1.208886276317384656e-01 9.838677008467291984e-02 8.060470401196186130e-02
2.231666666666666288e+01 1.567726043961368554e-01 1.412651674297616955e-01 1.304728392320586017e-01 1.206704041367706731e-01 9.831049874805866673e-02 8.032028312120405300e-02
2.233333333333332860e+01 1.565261782126640966e-01 1.409641074336563660e-01 1.302191128078211413e-01 1.203670851142122356e-01 9.807230324523942555e-02 8.011759399342308074e-02
2.234999999999999432e+01 1.562077879218308762e-01 1.407120077705446837e-01 1.299881353662540595e-01 1.200824045291942060e-01 9.772173477025700161e-02 7.980519217793556608e-02
2.236666666666667425e+01 1.558908262189224736e-01 1.404500318541271331e-01 1.297868502916685041e-01 1.198562578375391707e-01 9.756553546729017368e-02 7.957908310351760606e-02
2.238333333333332575e+01 1.555497173321040427e-01 1.401962370903782895e-01 1.296122488409199858e-01 1.196059637310303153e-01 9.736239210946710798e-02 7.930902487214563923e-02
2.240000000000000568e+01 1.552982280473085841e-01 1.398621586008090556e-01 1.293463630206213022e-01 1.193510676846744611e-01 9.716784239602686835e-02 7.907804591242370562e-02
2.241666666666667140e+01 1.548391498918173514e-01 1.396677830054754432e-01 1.290906322010298424e-01 1.191280697978842479e-01 9.694175871207978690e-02 7.879793994997157103e-02
2.243333333333333712e+01 1.546045370671240426e-01 1.393370719396369306e-01 1.288132072188781230e-01 1.189126569279480572e-01 9.679575691541812688e-02 7.859071656790921068e-02
2.245000000000000284e+01 1.542739321489683124e-01 1.391591529478203582e-01 1.285302781468608546e-01 1.187075200672210867e-01 9.662304032299585954e-02 7.835739196270555262e-02
2.246666666666666856e+01 1.539889082567318657e-01 1.388117144760349364e-01 1.282986480983910882e-01 1.184616545790318221e-01 9.640953269654112257e-02 7.815340680249902028e-02
2.248333333333333428e+01 1.537007017565498179e-01 1.386280139931929944e-01 1.280894630406917700e-01 1.181966010357382579e-01 9.619946119033118137e-02 7.788310926069159923e-02
2.250000000000000000e+01 1.534176297675582112e-01 1.383207103641776181e-01 1.278486098911563451e-01 1.179374360945271843e-01 9.601971720397622923e-02 7.770523808282857325e-02
2.251666666666666572e+01 1.530595544754448090e-01 1.381804699357304655e-01 1.276229556934350418e-01 1.177558494457915661e-01 9.585687314667193371e-02 7.748679209081547892e-02
2.253333333333333144e+01 1.527489422159814536e-01 1.378191779309356213e-01 1.273752928123352279e-01 1.175532537415898970e-01 9.565931903918230284e-02 7.729828304794544858e-02
2.254999999999999716e+01 1.524372819365322207e-01 1.375986257833236304e-01 1.271203837178043472e-01 1.172982600006416964e-01 9.552074811379709929e-02 7.708220271466108275e-02
2.256666666666666288e+01 1.521010672340312453e-01 1.372586541203829891e-01 1.268517802967508712e-01 1.170361545419342370e-01 9.523656863156232388e-02 7.682613230620070899e-02
2.258333333333332860e+01 1.517239642115772447e-01 1.370607276873388458e-01 1.266534038585492294e-01 1.168360291711233595e-01 9.512273244776804637e-02 7.656495656364435687e-02
2.259999999999999432e+01 1.514259652559888092e-01 1.367273347300599629e-01 1.264742812583141696e-01 1.166809049410997140e-01 9.487686435703175658e-02 7.630888447618727755e-02
2.261666666666667425e+01 1.512434117952072554e-01 1.364889827031049996e-01 1.262126637692279618e-01 1.164674732213739766e-01 9.470869376506814430e-02 7.613175337032100642e-02
2.263333333333332575e+01 1.509678215488443331e-01 1.362082696074899402e-01 1.259837256785888426e-01 1.162541609188801200e-01 9.446995602690687333e-02 7.590443783481920503e-02
2.265000000000000568e+01 1.505953770210401721e-01 1.359500418268573263e-01 1.257521209210464286e-01 1.160027322064570293e-01 9.434675842749919161e-02 7.574622594150273724e-02
2.266666666666667140e+01 1.502823392410602699e-01 1.356594699497019052e-01 1.255289343756668952e-01 1.158008869750131314e-01 9.416721975369105047e-02 7.552468610673855609e-02
2.268333333333333712e+01 1.499072622796361887e-01 1.354148192248507965e-01 1.252940629997342514e-01 1.156733428019307425e-01 9.395917574363815694e-02 7.534933752040803845e-02
2.270000000000000284e+01 1.495904004388359521e-01 1.351531636589742846e-01 1.250492559417026861e-01 1.154829058367548844e-01 9.375315977147051505e-02 7.505554288944246699e-02
2.271666666666666856e+01 1.492660675888037303e-01 1.348793091946750289e-01 1.248335814206576466e-01 1.152254260055165097e-01 9.358576402817903039e-02 7.489190642981317925e-02
2.273333333333333428e+01 1.489330137905007234e-01 1.346549329837699038e-01 1.246114199905594966e-01 1.149915301387294253e-01 9.341260470625045720e-02 7.466927245931846702e-02
2.275000000000000000e+01 1.486446190315915961e-01 1.344087784354272286e-01 1.243828270039928491e-01 1.147512698111146506e-01 9.317636726198355590e-02 7.452359212202201710e-02
2.276666666666666572e+01 1.483809068412129673e-01 1.341499497916709971e-01 1.241211974859474237e-01 1.145224299286690811e-01 9.309748885829703668e-02 7.426106664946041658e-02
2.278333333333333144e+01 1.480539240802379863e-01 1.338544433432490577e-01 1.238977264105398102e-01 1.143397633591580614e-01 9.293955016201177477e-02 7.412799582903588369e-02
2.279999999999999716e+01 1.477357365742919815e-01 1.336284432444747317e-01 1.236972162921931850e-01 1.141389230922315173e-01 9.276441403006560615e-02 7.391396159370271224e-02
2.281666666666666288e+01 1.474272429470776524e-01 1.333677413658342914e-01 1.234571567754612353e-01 1.139426414077192445e-01 9.257261772112497511e-02 7.377779045042597017e-02
2.283333333333332860e+01 1.471308271549282010e-01 1.331393954358602860e-01 1.232348354130293616e-01 1.137797788668356014e-01 9.241563807586991586e-02 7.357971486689064700e-02
2.284999999999999432e+01 1.468669635125514905e-01 1.328747838956801097e-01 1.229865455678668673e-01 1.135862946185155625e-01 9.224361999502543596e-02 7.340079220987438813e-02
2.286666666666667425e+01 1.466007428709864557e-01 1.326410370884835987e-01 1.227702407981891286e-01 1.133516489876478239e-01 9.209721576280344157e-02 7.307272520130929372e-02
2.288333333333332575e+01 1.463259173029042293e-01 1.323541681189223940e-01 1.225193309128090186e-01 1.131335554888881351e-01 9.201055440881958369e-02 7.286502639370370793e-02
2.290000000000000568e+01 1.460717331854728407e-01 1.320977209417932285e-01 1.222793147897736632e-01 1.128936008640123584e-01 9.185890308138812410e-02 7.263097649429206548e-02
2.291666666666667140e+01 1.457828072896844018e-01 1.318386235631095471e-01 1.219903997231116949e-01 1.126526468185514440e-01 9.167271454788887552e-02 7.249683402269865851e-02
2.293333333333333712e+01 1.454907770201221695e-01 1.316647008184915757e-01 1.218109997673448852e-01 1.124174556078372939e-01 9.156132530235747136e-02 7.229086847755505918e-02
2.295000000000000284e+01 1.451818588798396981e-01 1.313734682441300983e-01 1.215988646436441251e-01 1.122470703391952179e-01 9.140007487718018742e-02 7.214564133406092816e-02
2.296666666666666856e+01 1.448964311745307154e-01 1.311173512075300140e-01 1.213466850243097028e-01 1.120661341159132074e-01 9.125182229904675590e-02 7.195451749778433714e-02
2.298333333333333428e+01 1.446560309619638052e-01 1.308515646166099888e-01 1.211226024202943091e-01 1.118817137317293098e-01 9.113953442592766241e-02 7.182538729593655746e-02
2.300000000000000000e+01 1.443400340053096753e-01 1.306281686827886757e-01 1.209108438746017006e-01 1.117079654466246325e-01 9.097592953361650914e-02 7.166390506197141408e-02
2.301666666666666572e+01 1.440201349864768388e-01 1.303542309578699654e-01 1.207302131769641684e-01 1.115567206348785645e-01 9.079142746037070777e-02 7.155095006866649121e-02
2.303333333333333144e+01 1.437327121970544130e-01 1.301638568882262925e-01 1.204767585886309805e-01 1.113700252752396619e-01 9.064331146364425218e-02 7.129828579517288878e-02
2.304999999999999716e+01 1.434751589363159885e-01 1.298406665153730433e-01 1.202157622460709729e-01 1.111603624879067276e-01 9.048905241214928730e-02 7.109592646318368958e-02
2.306666666666666288e+01 1.431854565751677355e-01 1.296387942789860581e-01 1.200078681419383952e-01 1.109394948908097311e-01 9.036054280580133047e-02 7.090093116972789877e-02
2.308333333333332860e+01 1.428929383617158766e-01 1.293465243546011723e-01 1.197780098837351870e-01 1.107467328288823105e-01 9.031047282134463394e-02 7.072537877457166222e-02
2.309999999999999432e+01 1.426238396222733462e-01 1.292115884334679443e-01 1.195582648728773234e-01 1.105961765056166085e-01 9.015632196806346033e-02 7.051758471079735968e-02
2.311666666666667425e+01 1.423363684821188635e-01 1.289026189419923973e-01 1.193477714465615985e-01 1.103905196424530971e-01 8.994465579371650754e-02 7.041479163577492317e-02
2.313333333333332575e+01 1.420535309906664490e-01 1.286730928672735474e-01 1.191456636094236771e-01 1.102129563075675417e-01 8.976056567333065561e-02 7.024983246804364367e-02
2.315000000000000568e+01 1.418140418991443996e-01 1.283397545728047207e-01 1.189316955638492906e-01 1.100669815043494731e-01 8.957303318650026991e-02 7.008686611641423703e-02
2.316666666666667140e+01 1.415604799131518765e-01 1.281206420892879727e-01 1.187062447562526046e-01 1.098584748941182077e-01 8.947452575591317847e-02 6.993371080874663526e-02
2.318333333333333712e+01 1.412413747281357768e-01 1.278172217402444577e-01 1.185010258168950198e-01 1.096619937472680800e-01 8.928276980090162074e-02 6.977294047530241405e-02
2.320000000000000284e+01 1.409327337862206764e-01 1.275680988889298650e-01 1.182841529686016746e-01 1.094780781510758805e-01 8.915436766496599719e-02 6.958538374988863795e-02
2.321666666666666856e+01 1.406135866878801821e-01 1.273456542847604123e-01 1.180480170951031110e-01 1.093161956302003274e-01 8.902552987524156580e-02 6.939064085283500050e-02
2.323333333333333428e+01 1.403396202376260560e-01 1.271413996888934306e-01 1.178369026595690178e-01 1.091074461279796376e-01 8.887112755349239890e-02 6.922186786957601479e-02
2.325000000000000000e+01 1.400353491190753918e-01 1.269212286126309985e-01 1.176026768268168404e-01 1.088747458664344470e-01 8.869310331822136129e-02 6.908010148286529428e-02
2.326666666666666572e+01 1.397804468437154612e-01 1.267130882826249527e-01 1.173783493349994378e-01 1.086925538352762066e-01 8.853435283595953442e-02 6.891552321393787373e-02
2.328333333333333144e+01 1.395020408160779490e-01 1.264417244536088225e-01 1.171161444427583492e-01 1.085956344240426447e-01 8.824950289038675788e-02 6.875091763897156483e-02
2.329999999999999716e+01 1.392326886254964813e-01 1.261708500995163407e-01 1.168781233016644855e-01 1.084328973813138836e-01 8.805247505066486624e-02 6.863189915900727578e-02
2.331666666666666288e+01 1.389549287283504131e-01 1.259171058624882211e-01 1.166993962844884991e-01 1.082291561633207250e-01 8.793645679507790247e-02 6.848804150439317950e-02
2.333333333333332860e+01 1.386886331012667783e-01 1.256753228675520639e-01 1.164747025585715079e-01 1.080426874817017185e-01 8.778462292278514656e-02 6.838765435138963178e-02
2.334999999999999432e+01 1.384251119217685677e-01 1.254242642578250466e-01 1.162555144216068093e-01 1.078704997562129342e-01 8.759576976512382929e-02 6.820197834201718878e-02
2.336666666666667425e+01 1.381345173968235585e-01 1.251677720654048864e-01 1.160487927735834174e-01 1.076583880133653442e-01 8.741883534394577493e-02 6.811559432464765751e-02
2.338333333333332575e+01 1.378357246925921986e-01 1.249438944090712211e-01 1.158180199935363724e-01 1.074316642020601148e-01 8.733522357089582022e-02 6.801897635663696484e-02
2.340000000000000568e+01 1.375273114164816124e-01 1.246952697496236662e-01 1.156469886494403548e-01 1.072482426847348180e-01 8.723637394240672804e-02 6.795513398856646570e-02
2.341666666666667140e+01 1.372505295448743501e-01 1.244555530912293956e-01 1.154543570124873519e-01 1.071318759282169214e-01 8.704739683065644551e-02 6.788243338673638494e-02
2.343333333333333712e+01 1.369724709916382566e-01 1.242086174092690981e-01 1.152688412625836600e-01 1.069169662367854823e-01 8.684095754748741292e-02 6.780235081866121949e-02
2.345000000000000284e+01 1.367259332927976689e-01 1.239608178453338039e-01 1.150473123921339214e-01 1.067029483529327860e-01 8.667407517032078845e-02 6.761540643703496667e-02
2.346666666666666856e+01 1.364519462902237246e-01 1.237213257309144193e-01 1.148418683139834501e-01 1.065406416918492638e-01 8.654099112652066661e-02 6.743243385867811468e-02
2.348333333333333428e+01 1.361866351326045388e-01 1.234876132259072473e-01 1.146133803799239126e-01 1.062626839930215367e-01 8.637616660611441288e-02 6.728186660594574764e-02
2.350000000000000000e+01 1.358840642299755652e-01 1.232400485560015413e-01 1.144091990620816485e-01 1.060617258616240177e-01 8.619977054772409719e-02 6.715287613950399193e-02
2.351666666666666572e+01 1.356320891110386062e-01 1.229975618671972498e-01 1.141889521530414231e-01 1.058850885159469957e-01 8.602781586089360000e-02 6.700664646372345157e-02
2.353333333333333144e+01 1.353180771519170433e-01 1.227618850130182404e-01 1.139596426106656984e-01 1.056800028542015241e-01 8.588135087219796182e-02 6.686578106099004548e-02
2.354999999999999716e+01 1.350651445364275116e-01 1.225344842514395488e-01 1.137443175415240454e-01 1.054275758149149644e-01 8.573125156297985161e-02 6.674105569509813929e-02
2.356666666666666288e+01 1.347895295461478959e-01 1.222912728933051307e-01 1.135657564753893845e-01 1.052050418727888265e-01 8.561611426760268317e-02 6.661590454768902270e-02
2.358333333333332860e+01 1.345218970301968464e-01 1.220529618260079580e-01 1.133460320421797035e-01 1.049903622799970571e-01 8.544795464986916500e-02 6.662647896986426121e-02
2.359999999999999432e+01 1.342861691381601885e-01 1.217818536464050916e-01 1.131406014589120546e-01 1.047631366176010187e-01 8.529729014526507558e-02 6.666202491902370464e-02
2.361666666666667425e+01 1.340122206628169277e-01 1.215752530510075813e-01 1.129430094657205286e-01 1.045117320822425144e-01 8.514088398444301375e-02 6.654568193914361940e-02
2.363333333333332575e+01 1.337421986659448614e-01 1.213111091594336888e-01 1.127672190406444341e-01 1.042754503786760267e-01 8.502940058382310595e-02 6.633211676988216843e-02
2.365000000000000568e+01 1.334539312253712195e-01 1.211071091278532047e-01 1.125545929713066134e-01 1.041041912559559079e-01 8.485307024743148074e-02 6.618079758605940888e-02
2.366666666666667140e+01 1.332135079651830256e-01 1.208493865885770097e-01 1.123608344069306764e-01 1.039351446255481898e-01 8.470988366066527220e-02 6.599691918628972087e-02
2.368333333333333712e+01 1.329391929870947786e-01 1.206716835936944843e-01 1.121382097618877915e-01 1.037149206821716130e-01 8.455751160216884443e-02 6.585885300598279257e-02
2.370000000000000284e+01 1.326650890546047235e-01 1.203915603095902370e-01 1.119430159988259177e-01 1.035161489973332044e-01 8.444489636824797918e-02 6.573758078835729990e-02
2.371666666666666856e+01 1.324021084200515119e-01 1.202141600950256267e-01 1.117390784434998813e-01 1.033109099576336731e-01 8.432203578518404630e-02 6.574662947385832845e-02
2.373333333333333428e+01 1.321197849652716028e-01 1.199466812939616878e-01 1.115376934541086329e-01 1.030915008795188353e-01 8.413620954548516051e-02 6.564438290828163158e-02
2.375000000000000000e+01 1.318563545054888542e-01 1.197676067136183159e-01 1.113205222651317688e-01 1.029118116121433002e-01 8.395220883623641384e-02 6.555803036969180819e-02
2.376666666666666572e+01 1.315933895913983243e-01 1.194885172182669208e-01 1.111375252632653965e-01 1.027175627310951689e-01 8.376768438705405051e-02 6.536275875896620235e-02
2.378333333333333144e+01 1.313240761605847795e-01 1.193137145991319814e-01 1.109396593559925648e-01 1.025181723891453456e-01 8.364779375921631288e-02 6.520100021309967187e-02
2.379999999999999716e+01 1.310722102990329041e-01 1.190471982973168863e-01 1.107003338973433643e-01 1.023452669604282134e-01 8.349272350009870336e-02 6.514411916411357029e-02
2.381666666666666288e+01 1.308167607495965001e-01 1.188706025884910533e-01 1.105125482656450775e-01 1.021659821250093109e-01 8.334890338650052799e-02 6.504646367301557264e-02
2.383333333333332860e+01 1.305337985298394565e-01 1.186138918238587026e-01 1.102846795558378584e-01 1.019947280708885240e-01 8.325020238601356370e-02 6.491323508982317636e-02
2.384999999999999432e+01 1.302275949791685539e-01 1.184226687041026738e-01 1.100516056639152113e-01 1.018113686633477094e-01 8.307426014863049379e-02 6.480900815108603386e-02
2.386666666666667425e+01 1.300008828346967127e-01 1.181979972727972700e-01 1.098759255414421265e-01 1.016325333147239662e-01 8.292318660180081347e-02 6.464262032116521728e-02
2.388333333333332575e+01 1.297589761157393329e-01 1.180111903474491269e-01 1.096667264167303230e-01 1.013919667769905830e-01 8.277425019505173232e-02 6.451506639668022625e-02
2.390000000000000568e+01 1.295072408522979779e-01 1.177535225708810918e-01 1.094517591643249244e-01 1.012137997491397851e-01 8.261528888003830118e-02 6.435366210858804725e-02
2.391666666666667140e+01 1.292513919606789741e-01 1.175378125729427681e-01 1.092406143708979233e-01 1.009809472298724697e-01 8.244841453934396991e-02 6.422179995340172864e-02
2.393333333333333712e+01 1.289960637777705921e-01 1.173152657576959079e-01 1.090276510347469724e-01 1.008002591988338831e-01 8.231126936851711207e-02 6.403384731640060501e-02
2.395000000000000284e+01 1.287587804537953518e-01 1.170853918039971714e-01 1.088194554805514691e-01 1.006106238706927225e-01 8.218800189436346881e-02 6.396661586512333852e-02
2.396666666666666856e+01 1.284985138004271776e-01 1.168858274748397069e-01 1.085600738646508023e-01 1.004110889284742236e-01 8.205713525076703541e-02 6.385958775314713731e-02
2.398333333333333428e+01 1.282578711980747188e-01 1.167011878296383837e-01 1.083901697796331165e-01 1.002239317000190866e-01 8.189939342592511551e-02 6.377109731668677284e-02
2.400000000000000000e+01 1.280311738605723615e-01 1.164454903890796561e-01 1.081490931223459129e-01 1.000097382864883616e-01 8.176123338483164138e-02 6.368613280214643901e-02
2.401666666666666572e+01 1.278122994161234316e-01 1.161934715856780542e-01 1.079565000599430613e-01 9.982508202272981357e-02 8.162255334779927596e-02 6.359379160431390121e-02
2.403333333333333144e+01 1.275630981555105070e-01 1.159689152962549152e-01 1.077120601495721725e-01 9.962052693943893034e-02 8.144588305555343355e-02 6.339284862556079925e-02
2.404999999999999716e+01 1.272990060998067385e-01 1.157548132019201176e-01 1.075624039265261622e-01 9.942903776998640586e-02 8.129951620435137138e-02 6.332530124963711704e-02
2.406666666666666288e+01 1.270353152219175497e-01 1.155626205623388192e-01 1.073438088287232139e-01 9.926655691323207908e-02 8.127461946931023584e-02 6.314600922220221790e-02
2.408333333333332860e+01 1.267630198716761247e-01 1.153359518252122379e-01 1.071501680470682422e-01 9.909755307532781832e-02 8.111522789184211213e-02 6.298412977994367890e-02
2.409999999999999432e+01 1.265159178049650168e-01 1.150896185715083869e-01 1.069456156067317976e-01 9.893899953130522174e-02 8.083778159832240295e-02 6.279908406090858874e-02
2.411666666666667425e+01 1.262479260563496297e-01 1.148925098054209976e-01 1.067705983556301169e-01 9.876509632358140833e-02 8.071132248941051412e-02 6.267409378659795360e-02
2.413333333333332575e+01 1.259954773703709785e-01 1.146946011428280482e-01 1.065347759133735417e-01 9.859376364649943825e-02 8.060025492311499729e-02 6.253476454591158640e-02
2.415000000000000568e+01 1.256758082913450869e-01 1.144750782233211334e-01 1.063558696574548185e-01 9.843591483855210211e-02 8.044473915649552609e-02 6.238718487015809666e-02
2.416666666666667140e+01 1.254618049409061686e-01 1.142357705558006559e-01 1.061465507077046233e-01 9.827320331675515330e-02 8.027991400851980375e-02 6.223778685279580253e-02
2.418333333333333712e+01 1.252008027425038639e-01 1.139866450081732652e-01 1.059846413083000566e-01 9.807381771912965229e-02 8.014423816259959310e-02 6.213579113112135260e-02
2.420000000000000284e+01 1.249500760307234309e-01 1.137406740721095544e-01 1.057920443975057939e-01 9.786609320442658799e-02 7.997615500437212088e-02 6.201757190929153146e-02
2.421666666666666856e+01 1.246923227361485531e-01 1.135042902431272344e-01 1.055855306811180616e-01 9.772191309693800676e-02 7.979746584701412349e-02 6.190043082947315617e-02
2.423333333333333428e+01 1.244307322198748150e-01 1.132854431986119181e-01 1.053700728729966840e-01 9.754166678050277262e-02 7.966025094449473432e-02 6.177887403437456321e-02
2.425000000000000000e+01 1.241881941430508923e-01 1.130600933472944158e-01 1.051863736997538518e-01 9.732784008909738105e-02 7.949054599025313916e-02 6.163820324184503263e-02
2.426666666666666572e+01 1.239460203183874176e-01 1.128356164588836252e-01 1.049862315718924771e-01 9.715630937008704060e-02 7.939778400032905525e-02 6.154843798329155680e-02
2.428333333333333144e+01 1.236805901894203474e-01 1.126317826330956173e-01 1.047913118911580344e-01 9.698545119925794378e-02 7.932949190825154540e-02 6.137960570560838103e-02
2.429999999999999716e+01 1.234353393593399517e-01 1.124202002448543014e-01 1.046160398696648758e-01 9.673095189185090814e-02 7.917792151447773652e-02 6.123698672203379406e-02
2.431666666666666288e+01 1.232047543727554512e-01 1.122141672145572922e-01 1.044219276993187118e-01 9.661591567048499751e-02 7.903243094015190151e-02 6.109098334367365352e-02
2.433333333333332860e+01 1.229529544496887894e-01 1.120055903007683984e-01 1.042384556915744998e-01 9.643006343451897278e-02 7.894863336053388470e-02 6.101324400747623611e-02
2.434999999999999432e+01 1.226900062419456344e-01 1.117856548818442625e-01 1.040401509814677800e-01 9.629995463975499215e-02 7.882714043203620236e-02 6.095624356807069488e-02
2.436666666666667425e+01 1.224521675544678889e-01 1.115804418317815627e-01 1.038588003976748386e-01 9.612597370779220329e-02 7.860686191798960110e-02 6.091811480360198594e-02
2.438333333333332575e+01 1.221708462628053743e-01 1.113661255983969534e-01 1.036698675861973118e-01 9.596643987438857604e-02 7.846620214689767336e-02 6.080084046957540123e-02
2.440000000000000568e+01 1.219374924676223521e-01 1.111731589230921108e-01 1.034906648280403269e-01 9.578488877639367016e-02 7.837466120748369514e-02 6.067095155800331097e-02
2.441666666666667140e+01 1.217143166176966607e-01 1.109273986982070859e-01 1.032932223621028794e-01 9.563741422238306034e-02 7.824007865924739735e-02 6.047913023523172893e-02
2.443333333333333712e+01 1.214747512579767291e-01 1.107410969596561157e-01 1.031142279560508385e-01 9.544633683259529100e-02 7.807784748904235406e-02 6.041131740433777070e-02
2.445000000000000284e+01 1.212241394591014876e-01 1.104934194335044639e-01 1.028699883886970284e-01 9.527074199876152394e-02 7.794854205837262184e-02 6.031860202235128643e-02
2.446666666666666856e+01 1.209997668380263652e-01 1.103158670226648264e-01 1.026820622307799552e-01 9.511253378078153575e-02 7.783048053025554136e-02 6.024477239353960567e-02
2.448333333333333428e+01 1.207607162974273923e-01 1.100651981682890940e-01 1.024508318192690198e-01 9.493672477916684227e-02 7.769924758680100962e-02 6.010194967051756681e-02
2.450000000000000000e+01 1.205263026139235111e-01 1.098832991191250885e-01 1.022478896081005784e-01 9.472456883976894393e-02 7.760529585894734850e-02 6.002246887805914172e-02
2.451666666666666572e+01 1.202935434645799190e-01 1.096426376979708628e-01 1.020839550338148022e-01 9.456159965521455935e-02 7.745466032965862835e-02 5.994598165518531807e-02
2.453333333333333144e+01 1.200377816901397610e-01 1.094548108883123400e-01 1.018720003045626432e-01 9.435179083002188938e-02 7.728268309374786149e-02 5.979052052773592418e-02
2.454999999999999716e+01 1.197902978954508285e-01 1.092209343968964658e-01 1.017027390440944229e-01 9.418425300982490034e-02 7.711303218272914928e-02 5.968298400710829454e-02
2.456666666666666288e+01 1.195769375283602803e-01 1.090398359243377191e-01 1.015497651293989362e-01 9.402894483843313167e-02 7.696155206578371433e-02 5.959169652232065156e-02
2.458333333333332860e+01 1.193628906809008766e-01 1.088198269191774786e-01 1.013447179658988062e-01 9.382538771113893561e-02 7.681527037805162272e-02 5.948554514395057446e-02
2.459999999999999432e+01 1.191960065484327647e-01 1.086257663652777095e-01 1.011765792587553670e-01 9.364074555854753901e-02 7.664961707324188800e-02 5.934267359842364947e-02
2.461666666666667425e+01 1.190164450718929068e-01 1.084073327687339605e-01 1.009448505664020945e-01 9.350271901165239929e-02 7.651769224715779250e-02 5.925592620376082809e-02
2.463333333333332575e+01 1.188030920138537089e-01 1.082102169786757773e-01 1.007531434030380368e-01 9.332858498216439758e-02 7.640485188353009216e-02 5.915828961249729179e-02
2.465000000000000568e+01 1.185469900580226610e-01 1.080070222716323636e-01 1.005540207009224113e-01 9.318156415879247367e-02 7.627527407630710354e-02 5.907342674431112495e-02
2.466666666666667140e+01 1.182618212600753949e-01 1.078051284543603550e-01 1.003823894177282711e-01 9.301255083625450948e-02 7.610518518486486528e-02 5.889021325091387676e-02
2.468333333333333712e+01 1.180096473663714840e-01 1.076033301169995182e-01 1.001847073065595395e-01 9.284773207648143456e-02 7.596065224972053942e-02 5.878436339792295073e-02
2.470000000000000284e+01 1.177890950806350645e-01 1.074082385470341988e-01 1.000208993371335675e-01 9.266867737206499478e-02 7.580482606168195692e-02 5.866481985827991241e-02
2.471666666666666856e+01 1.175293674995892546e-01 1.072128083017116346e-01 9.984225440998424628e-02 9.248851500894457456e-02 7.565902998062762341e-02 5.856520301534652584e-02
2.473333333333333428e+01 1.172618835427074596e-01 1.070003701413722724e-01 9.963946554583925919e-02 9.232446734317827086e-02 7.550056686562406361e-02 5.844436115868650167e-02
2.475000000000000000e+01 1.169983810768676774e-01 1.068037786363269237e-01 9.944583922086225325e-02 9.215470348323087646e-02 7.538414169369636597e-02 5.833157380872656256e-02
2.476666666666666572e+01 1.167576697460565582e-01 1.065979519228076738e-01 9.926643142357592653e-02 9.198720565847214037e-02 7.527396875310106428e-02 5.821144279311438879e-02
2.478333333333333144e+01 1.164838783778659737e-01 1.063939744718992997e-01 9.908656994236988980e-02 9.182478054595152872e-02 7.505348775661228877e-02 5.811007502269532887e-02
2.479999999999999716e+01 1.162431177252894188e-01 1.061777915472871259e-01 9.887707587902987150e-02 9.160443365312431752e-02 7.492450150242380147e-02 5.796075762751080884e-02
2.481666666666666288e+01 1.160527506373138923e-01 1.059703276943654571e-01 9.869552468608114304e-02 9.143059220439894719e-02 7.486394727100155466e-02 5.786480322041937657e-02
2.483333333333332860e+01 1.157923754631414864e-01 1.057608763368049487e-01 9.851072795079050815e-02 9.129971740226890120e-02 7.486429477076199379e-02 5.777518722943519869e-02
2.484999999999999432e+01 1.155776814061868496e-01 1.055759310620978941e-01 9.832952260633898156e-02 9.105267722113295770e-02 7.478605350277470198e-02 5.767172532005519076e-02
2.486666666666666003e+01 1.153469984456676478e-01 1.053614824821609564e-01 9.814891757886622103e-02 9.094106738115637079e-02 7.458023635087798753e-02 5.758458362601729524e-02
2.488333333333333997e+01 1.151213434493617432e-01 1.051611785473365035e-01 9.798140679587755142e-02 9.090485048126967227e-02 7.417284702329227097e-02 5.750536871038985226e-02
2.490000000000000568e+01 1.148988940478355564e-01 1.049384777265147672e-01 9.780254852075294381e-02 9.078910643021853577e-02 7.408682569642943694e-02 5.738899273380412835e-02
2.491666666666667140e+01 1.146800821367799927e-01 1.047492745780735368e-01 9.763647700908142935e-02 9.040699559816638142e-02 7.387308779384726964e-02 5.734710981273824504e-02
2.493333333333333712e+01 1.144226933023260728e-01 1.045734195915455772e-01 9.745434402470878887e-02 9.017308807665015691e-02 7.386080530236747987e-02 5.724754413242987006e-02
2.495000000000000284e+01 1.141923012261021192e-01 1.043967725667094837e-01 9.729401809679943947e-02 9.001953488136454906e-02 7.369125632042100582e-02 5.711355545501711067e-02
2.496666666666666856e+01 1.139355792726414185e-01 1.041698091978552204e-01 9.710684084404946903e-02 8.994187900561631532e-02 7.356608474051753999e-02 5.693800884061327172e-02
2.498333333333333428e+01 1.136990011530225747e-01 1.039824344877910145e-01 9.693070335868665677e-02 8.979864947321454516e-02 7.342612071515565442e-02 5.679676203407125340e-02
2.500000000000000000e+01 1.134587178711559119e-01 1.037624893548409893e-01 9.674050355984180338e-02 8.961944161954721322e-02 7.332901321995426158e-02 5.671349786493286305e-02
2.501666666666666572e+01 1.132397598059702720e-01 1.035946405126558084e-01 9.658268840047201653e-02 8.944959945279791491e-02 7.317975448070980493e-02 5.663445745146373361e-02
2.503333333333333144e+01 1.130108889371559955e-01 1.033984934920755550e-01 9.642409472865337561e-02 8.926572112180214402e-02 7.303659491639212520e-02 5.651644416552651512e-02
2.504999999999999716e+01 1.127807916153295564e-01 1.032852663900333950e-01 9.624013491194352565e-02 8.911951521809821641e-02 7.289363366838678970e-02 5.646287872969143334e-02
2.506666666666666288e+01 1.125759329974573841e-01 1.031711049029891830e-01 9.605139741509682860e-02 8.894120405679113717e-02 7.282189016420860528e-02 5.637035284691149090e-02
2.508333333333332860e+01 1.123674873048394474e-01 1.030480411395263002e-01 9.587748015828627401e-02 8.878649963959607538e-02 7.280566760166562457e-02 5.627227517291952946e-02
2.509999999999999432e+01 1.121477648750283385e-01 1.028113060917986016e-01 9.569882319922973224e-02 8.862461275472814648e-02 7.273138773934513523e-02 5.622127118094882858e-02
2.511666666666666003e+01 1.119123708031263265e-01 1.026234893888317151e-01 9.553453265859468413e-02 8.845682839150779964e-02 7.251861593460104394e-02 5.620065791946593503e-02
2.513333333333333997e+01 1.116947162571270413e-01 1.023286639408189369e-01 9.535836850313188229e-02 8.825781354494341424e-02 7.237337670330033779e-02 5.612470711506190729e-02
2.515000000000000568e+01 1.114771032648360222e-01 1.021011011839843691e-01 9.518156563759469502e-02 8.809715686796748546e-02 7.234630286749831052e-02 5.611188565605736145e-02
2.516666666666667140e+01 1.112432826736846347e-01 1.018699706345661399e-01 9.500395050988102996e-02 8.795527353545709581e-02 7.232468627585492138e-02 5.597539433731039960e-02
2.518333333333333712e+01 1.110316620987492481e-01 1.016916578440944102e-01 9.480367495820869739e-02 8.781384928034052795e-02 7.205021756908798480e-02 5.579703109344711504e-02
2.520000000000000284e+01 1.108109535962192860e-01 1.014546084584345420e-01 9.467439609809118195e-02 8.763995848796304888e-02 7.187203426885363511e-02 5.563414156595541255e-02
2.521666666666666856e+01 1.106005129711628565e-01 1.012804935592263034e-01 9.448634597325876461e-02 8.747709643329878992e-02 7.174995832138304774e-02 5.561725477578206150e-02
2.523333333333333428e+01 1.103798114733429425e-01 1.010654024417139002e-01 9.430774807746833410e-02 8.727814474091719066e-02 7.160472367944098471e-02 5.555042968648257751e-02
2.525000000000000000e+01 1.101692258944617642e-01 1.008597824464176201e-01 9.410612570608034577e-02 8.711005058324024219e-02 7.144672504102486665e-02 5.543416169570538482e-02
2.526666666666666572e+01 1.099494476300784257e-01 1.006412623333315659e-01 9.395357847551348562e-02 8.696784098312947131e-02 7.129127352358792524e-02 5.537449592245808488e-02
2.528333333333333144e+01 1.097317354810392331e-01 1.004611950107458795e-01 9.377191821055731735e-02 8.680994293519285476e-02 7.120207871415651368e-02 5.528944333041421050e-02
2.529999999999999716e+01 1.095316268583593350e-01 1.002641812706323438e-01 9.358003800676112371e-02 8.666106256801088537e-02 7.104519501902931133e-02 5.520990916420049494e-02
2.531666666666666288e+01 1.093296432906369631e-01 1.000668808404942267e-01 9.339375725691029251e-02 8.649614635499176807e-02 7.088914461473112827e-02 5.504859239632445278e-02
2.533333333333332860e+01 1.091225851084037246e-01 9.986256874483127877e-02 9.323963892455686131e-02 8.632518211232628746e-02 7.075975052795761833e-02 5.492062587380221184e-02
2.534999999999999432e+01 1.089191051299178425e-01 9.965944589347912330e-02 9.303829907716167080e-02 8.616533679366315812e-02 7.063185617423031748e-02 5.489255410092206550e-02
2.536666666666666003e+01 1.087090915019142262e-01 9.946075351249358820e-02 9.288237552962505528e-02 8.600994973314500525e-02 7.051339742384302167e-02 5.472501711919746520e-02
2.538333333333333997e+01 1.085033102331103422e-01 9.928904962315007743e-02 9.269366136700067649e-02 8.585034286454440444e-02 7.038254756885138630e-02 5.460716586118227744e-02
2.540000000000000568e+01 1.082931537851780784e-01 9.911654301100748798e-02 9.249956330400976867e-02 8.567996758229375065e-02 7.023742378982752999e-02 5.444752228734157928e-02
2.541666666666667140e+01 1.080946315738801483e-01 9.893044561409360116e-02 9.235620916722157847e-02 8.550615601973018953e-02 7.012748017912255605e-02 5.433333380572365895e-02
2.543333333333333712e+01 1.078833958127714404e-01 9.873545745371328786e-02 9.219655928455995630e-02 8.531292640329336818e-02 6.999638362584650886e-02 5.422015553756398543e-02
2.545000000000000284e+01 1.076501872171739121e-01 9.855494506110898389e-02 9.198746405395059889e-02 8.521048500450661978e-02 6.987409214630209420e-02 5.410243340214368479e-02
2.546666666666666856e+01 1.074456169707986020e-01 9.836181466866360246e-02 9.184485742778496220e-02 8.502024084062531628e-02 6.969294063611831958e-02 5.398168776769344396e-02
2.548333333333333428e+01 1.072192921734319293e-01 9.816084364157492970e-02 9.164675037556103965e-02 8.487867595066540816e-02 6.955899653369423952e-02 5.389696156127524174e-02
2.550000000000000000e+01 1.069786165727451555e-01 9.799516825373676132e-02 9.149758026214337148e-02 8.468086587400816545e-02 6.940371683038190631e-02 5.378400551711933625e-02
2.551666666666666572e+01 1.067674486165367809e-01 9.781041765296386026e-02 9.134106188642070190e-02 8.452466355297794109e-02 6.927815008664464647e-02 5.370963583916951722e-02
2.553333333333333144e+01 1.065491655470945376e-01 9.762814238304717840e-02 9.118245831170555815e-02 8.436695512211160597e-02 6.914457433906040507e-02 5.362768441428563543e-02
2.554999999999999716e+01 1.063209585845266564e-01 9.745093766346304975e-02 9.100676371758639749e-02 8.421445676280750470e-02 6.902732865510646798e-02 5.353333368544084536e-02
2.556666666666666288e+01 1.061089646657504409e-01 9.727209077818987915e-02 9.084528956488760465e-02 8.406566475041755970e-02 6.891536276137590067e-02 5.343891544283630585e-02
2.558333333333332860e+01 1.058961682985371244e-01 9.707227095128796723e-02 9.066798968129778646e-02 8.390698325015381875e-02 6.880364389529201874e-02 5.332260890695397770e-02
2.559999999999999432e+01 1.056800307578501241e-01 9.689376559354098695e-02 9.050038138881182082e-02 8.375605938673236217e-02 6.867925740725257244e-02 5.330850668472302684e-02
2.561666666666666003e+01 1.054638921427346193e-01 9.669427698564588003e-02 9.032970816955614157e-02 8.358992328377191916e-02 6.854610947395962939e-02 5.327836373285443211e-02
2.563333333333333997e+01 1.052528235916748989e-01 9.652180394036731503e-02 9.016899172991581224e-02 8.346259648281534327e-02 6.839856471438270080e-02 5.311889693855172123e-02
2.565000000000000568e+01 1.050559119399638724e-01 9.633143614251191145e-02 9.000832284524755422e-02 8.331724298953460672e-02 6.825150380735776900e-02 5.304889716631844970e-02
2.566666666666667140e+01 1.048614523952156735e-01 9.617067334584887550e-02 8.984487381019398700e-02 8.319303252031937101e-02 6.810676583204156032e-02 5.297908370412311718e-02
2.568333333333333712e+01 1.046791850711663308e-01 9.597047044390803749e-02 8.968206866160173540e-02 8.301038387363333937e-02 6.797707061786233129e-02 5.285545163090162729e-02
2.570000000000000284e+01 1.044798554111771305e-01 9.583246192249372797e-02 8.948820747703219169e-02 8.286055232871393506e-02 6.783474609896923690e-02 5.277020043539316918e-02
2.571666666666666856e+01 1.042644238238267518e-01 9.562399812662983334e-02 8.933983779971954586e-02 8.270046671117746440e-02 6.767176420450914109e-02 5.264558027588404215e-02
2.573333333333333428e+01 1.040343508419733498e-01 9.545073252737397429e-02 8.914732949659763539e-02 8.257920635317902991e-02 6.755021538751410093e-02 5.250542280469398804e-02
2.575000000000000000e+01 1.038605203579120034e-01 9.523532472637834256e-02 8.898629204307610674e-02 8.242001176639705828e-02 6.740033634332065482e-02 5.236889096792276405e-02
2.576666666666666572e+01 1.036564109927816529e-01 9.507369849231538106e-02 8.882107931449130522e-02 8.227535252462658821e-02 6.728026777322745899e-02 5.226805809017721210e-02
2.578333333333333144e+01 1.034463216628774274e-01 9.487429591985727106e-02 8.865902264764305429e-02 8.213931814641214912e-02 6.718936623108262562e-02 5.220536414095670180e-02
2.579999999999999716e+01 1.032368959228061878e-01 9.471620536858034456e-02 8.849381174636018754e-02 8.199809292676300820e-02 6.709186304721115324e-02 5.216129731284550181e-02
2.581666666666666288e+01 1.030450195550832448e-01 9.451908250520026089e-02 8.834144086794525064e-02 8.183482550230324060e-02 6.699435052090949028e-02 5.203008689120846436e-02
2.583333333333332860e+01 1.028516185090889018e-01 9.434829694919037724e-02 8.819326413140084198e-02 8.169338904948611479e-02 6.686213540272710476e-02 5.204182609867155640e-02
2.584999999999999432e+01 1.026743395572248946e-01 9.415678651802900090e-02 8.804166729355465681e-02 8.154697180683147251e-02 6.674019728438788934e-02 5.199992800814861454e-02
2.586666666666666003e+01 1.024775465215141818e-01 9.398467121052675455e-02 8.788234245156359425e-02 8.141029957915557613e-02 6.665688738793987267e-02 5.188467797859726283e-02
2.588333333333333997e+01 1.022716647321851857e-01 9.379842041111652318e-02 8.772014931463850695e-02 8.130086107039262433e-02 6.656343797392362538e-02 5.175525446638749166e-02
2.590000000000000568e+01 1.020716425091868773e-01 9.363157210508010753e-02 8.755018190194338579e-02 8.113859028952244423e-02 6.646005798398785247e-02 5.161767774679630605e-02
2.591666666666667140e+01 1.018723226311104152e-01 9.345066826264185333e-02 8.739247121980125987e-02 8.096930402436457175e-02 6.642914288924881006e-02 5.151174077213997726e-02
2.593333333333333712e+01 1.016658459693295519e-01 9.327596374375769772e-02 8.723007503002347396e-02 8.081965768038035236e-02 6.625806587836644002e-02 5.140987866911331944e-02
2.595000000000000284e+01 1.014577485869821855e-01 9.310088870890105561e-02 8.706518181263271650e-02 8.064120732303770023e-02 6.607834202623422137e-02 5.131891459023883023e-02
2.596666666666666856e+01 1.012392285516751922e-01 9.293228072168212284e-02 8.688393980539203809e-02 8.047099258463238924e-02 6.601691683877376760e-02 5.127585694642660535e-02
2.598333333333333428e+01 1.010236293608541280e-01 9.277440745769024999e-02 8.671692595848355667e-02 8.029532401773638306e-02 6.588975337939506627e-02 5.116978700539658031e-02
2.600000000000000000e+01 1.008277651115668666e-01 9.262333046101739464e-02 8.654889556718387000e-02 8.017797847361293750e-02 6.573918302008717462e-02 5.108116576899004307e-02
2.601666666666666572e+01 1.006422481878321840e-01 9.244815189055298477e-02 8.636551312079204790e-02 8.004150537352174022e-02 6.555014592174279731e-02 5.095937068907768069e-02
2.603333333333333144e+01 1.004608618816237031e-01 9.226403278027094090e-02 8.621655531996443023e-02 7.988618742036313058e-02 6.545132272559983644e-02 5.088130159292551108e-02
2.604999999999999716e+01 1.002589116825527843e-01 9.209855248802815975e-02 8.605278782189648701e-02 7.973981487091348630e-02 6.529208667197662630e-02 5.078776605102969244e-02
2.606666666666666288e+01 1.000712113281107124e-01 9.190579437632384607e-02 8.588435836451162320e-02 7.959623898618313487e-02 6.521252151254003371e-02 5.068350710836060785e-02
2.608333333333332860e+01 9.988300735436193845e-02 9.172528253832272493e-02 8.572317512752135327e-02 7.944506718203096785e-02 6.517115347132623748e-02 5.057172394199253157e-02
2.609999999999999432e+01 9.967996706508247540e-02 9.154916584761781106e-02 8.555581327365650857e-02 7.932596857900284237e-02 6.506329910933496274e-02 5.047219827427875533e-02
2.611666666666666003e+01 9.949338211246709640e-02 9.136121902877297751e-02 8.540985468715371620e-02 7.921388203377159598e-02 6.492159272924449831e-02 5.041022487965700349e-02
2.613333333333333997e+01 9.929857819916786121e-02 9.118496399630335314e-02 8.524858885599140290e-02 7.905884282765676674e-02 6.478806158872703336e-02 5.028411403937547292e-02
2.615000000000000568e+01 9.910462433683434047e-02 9.102201332278439527e-02 8.509739605840170584e-02 7.893635437876288241e-02 6.466074465370878765e-02 5.020367871489813533e-02
2.616666666666667140e+01 9.891473045245982587e-02 9.084749658288031327e-02 8.493946865268933721e-02 7.877972306956415594e-02 6.451620076853019359e-02 5.013925717562667250e-02
2.618333333333333712e+01 9.869279011548294511e-02 9.066735113012590330e-02 8.479593447013833440e-02 7.862840968603508618e-02 6.438460322019730342e-02 5.014941411210221273e-02
2.620000000000000284e+01 9.850755198823819836e-02 9.048033238061578554e-02 8.463171945845082700e-02 7.847473333917405480e-02 6.426988877305118975e-02 5.009594263804317826e-02
2.621666666666666856e+01 9.830664089377109949e-02 9.034925553315932556e-02 8.448275821651672624e-02 7.832671892634475441e-02 6.413322248017498672e-02 4.998478998803114470e-02
2.623333333333333428e+01 9.811175450889612903e-02 9.017359873478505983e-02 8.433248343692703597e-02 7.817602568700497689e-02 6.402294840189906577e-02 4.987357468523360982e-02
2.625000000000000000e+01 9.792194796291138481e-02 9.001582520682009647e-02 8.418436691497412083e-02 7.804206967018481600e-02 6.389846322531896050e-02 4.975884342931374826e-02
2.626666666666666572e+01 9.774025771277874974e-02 8.983280112990807420e-02 8.401552873935778931e-02 7.788150491711781642e-02 6.374503950767115845e-02 4.965175549465106197e-02
2.628333333333333144e+01 9.755179518424274276e-02 8.966910596049100513e-02 8.385815942897777153e-02 7.774548721496404857e-02 6.364956708714349098e-02 4.956781436095888949e-02
2.629999999999999716e+01 9.736056805792606128e-02 8.947014975336699261e-02 8.369937557595223676e-02 7.761384730859863246e-02 6.351912288697687814e-02 4.946754629898634376e-02
2.631666666666666288e+01 9.718823062751626163e-02 8.931463323578135716e-02 8.354613488561150880e-02 7.742920489760343750e-02 6.339548188214770563e-02 4.937863524588737701e-02
2.633333333333332860e+01 9.699030672040537260e-02 8.911552521065636834e-02 8.339676466271314648e-02 7.728160114817209103e-02 6.328043400501072446e-02 4.928649738002665454e-02
2.634999999999999432e+01 9.680647120666385774e-02 8.896787735401512354e-02 8.324750941666032855e-02 7.718606120622831246e-02 6.317785384585114516e-02 4.920996037863831218e-02
2.636666666666666003e+01 9.662324854303359911e-02 8.878244606462805388e-02 8.310453240440472678e-02 7.705747976606407146e-02 6.306249035631546207e-02 4.910814457859889737e-02
2.638333333333333997e+01 9.642834338122385773e-02 8.863913114435648111e-02 8.295876751712061292e-02 7.693659952649617439e-02 6.297740274136362504e-02 4.903155007593984482e-02
2.640000000000000568e+01 9.623857863147548819e-02 8.844704427099658872e-02 8.281147067349042823e-02 7.678842352422156348e-02 6.286319678827483048e-02 4.894686940400344577e-02
2.641666666666667140e+01 9.606222848561965511e-02 8.831696055218991870e-02 8.265582745329812242e-02 7.662725558150107474e-02 6.276105087768535373e-02 4.885874549733054684e-02
2.643333333333333712e+01 9.587682732183336332e-02 8.815369319852088548e-02 8.250822589818354591e-02 7.647607672657971700e-02 6.267579003812889793e-02 4.876776698532778870e-02
2.645000000000000284e+01 9.568207035811050754e-02 8.800235845967904758e-02 8.234973087752489596e-02 7.635193473969305311e-02 6.256988082616413149e-02 4.866622478094423387e-02
2.646666666666666856e+01 9.547334025235321153e-02 8.782545663840612971e-02 8.220552188671438609e-02 7.619502876365850941e-02 6.244417115150105446e-02 4.857884082500597139e-02
2.648333333333333428e+01 9.528900641104481872e-02 8.767670004558093810e-02 8.204442906798382895e-02 7.603430387732043605e-02 6.233897321939142755e-02 4.850765773963286454e-02
2.650000000000000000e+01 9.509331512190104252e-02 8.749454487599070407e-02 8.189703238187849565e-02 7.587779501043240282e-02 6.223705904232499503e-02 4.842074148987450533e-02
2.651666666666666572e+01 9.491926239659011222e-02 8.733214636488377536e-02 8.174082073958628680e-02 7.574971656713827550e-02 6.209928591773021533e-02 4.830452991551696662e-02
2.653333333333333144e+01 9.475602855504332289e-02 8.716025235846981689e-02 8.159549213152601788e-02 7.564788441235240080e-02 6.197803956858334573e-02 4.820635118653826545e-02
2.654999999999999716e+01 9.458752235888910620e-02 8.700073615361626767e-02 8.144660029258316003e-02 7.549300639444798955e-02 6.185461766385297322e-02 4.811410557043688946e-02
2.656666666666666288e+01 9.442892114259167358e-02 8.683259930851777719e-02 8.131447485361260885e-02 7.531226912471422619e-02 6.172246842917984005e-02 4.803310146787321405e-02
2.658333333333332860e+01 9.425107365353838085e-02 8.668476926366568136e-02 8.115670603698030283e-02 7.515788229675689214e-02 6.159753247170707269e-02 4.795021356419133102e-02
2.659999999999999432e+01 9.404160516355895838e-02 8.651695374413004291e-02 8.102051220470872506e-02 7.501813372440091499e-02 6.148824442882275948e-02 4.788466118886576528e-02
2.661666666666666003e+01 9.383006936599248837e-02 8.634150456060796230e-02 8.086400517364970841e-02 7.488775855723181496e-02 6.137755570086923795e-02 4.780048927361640193e-02
2.663333333333333997e+01 9.363019690658495875e-02 8.617861791497002932e-02 8.070387506784562626e-02 7.475236364381951382e-02 6.126842401459907383e-02 4.769938189632695613e-02
2.665000000000000568e+01 9.343286143332860116e-02 8.601696015694618169e-02 8.056365376868604433e-02 7.461923081336731267e-02 6.114290861729287929e-02 4.758863599858566967e-02
2.666666666666667140e+01 9.323494805396646823e-02 8.584611331439168103e-02 8.040537739744496593e-02 7.448030142635488071e-02 6.106960412764076557e-02 4.749501008121065349e-02
2.668333333333333712e+01 9.305852756356441935e-02 8.569373234732059752e-02 8.023976263989623936e-02 7.435959772416485258e-02 6.094877337831402370e-02 4.740175690303097267e-02
2.670000000000000284e+01 9.287443594378719247e-02 8.552842635853746822e-02 8.009139074265657354e-02 7.420162035985133908e-02 6.082741274886421107e-02 4.733547108842773438e-02
2.671666666666666856e+01 9.268859605787954647e-02 8.536899397128060174e-02 7.993220204353553016e-02 7.407172384730381642e-02 6.070149745743134290e-02 4.728700331863416179e-02
2.673333333333333428e+01 9.251287632569155095e-02 8.521122277525840227e-02 7.977671555707177564e-02 7.394433654636230202e-02 6.060035381558145223e-02 4.725137650726866922e-02
2.675000000000000000e+01 9.233084256026731496e-02 8.506085557938418418e-02 7.961330125543811254e-02 7.381472674652014843e-02 6.043492099024935782e-02 4.714946683466861993e-02
2.676666666666666572e+01 9.216007347803423233e-02 8.492004275264160296e-02 7.946808493030463327e-02 7.370655694800465341e-02 6.032550865667261203e-02 4.707711582717956367e-02
2.678333333333333144e+01 9.197465069581967079e-02 8.475901238925601100e-02 7.932349004690689154e-02 7.364241059553483515e-02 6.020682292287363874e-02 4.697601096513042557e-02
2.679999999999999716e+01 9.179480828102927481e-02 8.459446063755023115e-02 7.918761312812395980e-02 7.357976669973130546e-02 6.010898231502433825e-02 4.690728084854740854e-02
2.681666666666666288e+01 9.160188553377739129e-02 8.442347258390635323e-02 7.904249776377207659e-02 7.346503246012539567e-02 6.000948530373981238e-02 4.682792762193514757e-02
2.683333333333332860e+01 9.143252572101834286e-02 8.427854783726303201e-02 7.891108907238517101e-02 7.331073339773497288e-02 5.990187672143010983e-02 4.676622636650967779e-02
2.684999999999999432e+01 9.122799351269644808e-02 8.413315857340492032e-02 7.877447999515876931e-02 7.318194256180962642e-02 5.979550347803258559e-02 4.667765680961643432e-02
2.686666666666666003e+01 9.104190282741660145e-02 8.396123712540336237e-02 7.862655579187047272e-02 7.308612140075347596e-02 5.972083919400766189e-02 4.658207927419305561e-02
2.688333333333333997e+01 9.084116906830888571e-02 8.380503233081515457e-02 7.846806654276410053e-02 7.299289438716388689e-02 5.959902817294820271e-02 4.647662284115746528e-02
2.690000000000000568e+01 9.069420870744115959e-02 8.364838126005280650e-02 7.832044476733968086e-02 7.289319967101823283e-02 5.951828159480355290e-02 4.637939967170027350e-02
2.691666666666667140e+01 9.051585246924144512e-02 8.349001315447027172e-02 7.817541725514201567e-02 7.276217463046991130e-02 5.939494976080155614e-02 4.628395761792927082e-02
2.693333333333333712e+01 9.034337138393551403e-02 8.331877728168042563e-02 7.803678120576917898e-02 7.258207622263421199e-02 5.924517281913940087e-02 4.619829846221654157e-02
2.695000000000000284e+01 9.015837192026650293e-02 8.317850602396249793e-02 7.789368803399041030e-02 7.239805465777508775e-02 5.913873809135171411e-02 4.611160041276281957e-02
2.696666666666666856e+01 8.997441101068633096e-02 8.302336686139666355e-02 7.775092274898243172e-02 7.224312491181593410e-02 5.902348764416477656e-02 4.601936970760302226e-02
2.698333333333333428e+01 8.979543883503444957e-02 8.285227817317555865e-02 7.760664530666928906e-02 7.209081948876376600e-02 5.894407650731901122e-02 4.590899461295953887e-02
2.700000000000000000e+01 8.962031266996903223e-02 8.269087380825537736e-02 7.746048213218395539e-02 7.192886268950968165e-02 5.886175898999997103e-02 4.583092420146996082e-02
2.701666666666666572e+01 8.943311088870647962e-02 8.254244033328461683e-02 7.733003828817233694e-02 7.183141152455639611e-02 5.877485242692694067e-02 4.576153647688382953e-02
2.703333333333333144e+01 8.926018825908875465e-02 8.239219079172677151e-02 7.719714274136200982e-02 7.171644879028077346e-02 5.864986721347205390e-02 4.568670998623689666e-02
2.704999999999999716e+01 8.908954418116492302e-02 8.222326441087488003e-02 7.706222663255223038e-02 7.156009970880261584e-02 5.855131523938920945e-02 4.560593195831708080e-02
2.706666666666666288e+01 8.891509410056289142e-02 8.205365381551646409e-02 7.692886995977814280e-02 7.140865776902834139e-02 5.843762992429513831e-02 4.551884375848547215e-02
2.708333333333332860e+01 8.875259589390606385e-02 8.188803431528957066e-02 7.679955521839124111e-02 7.129666187008179556e-02 5.832181616433387839e-02 4.546220015726198244e-02
2.709999999999999432e+01 8.858536401273300886e-02 8.173465368954149768e-02 7.666046041644784814e-02 7.115238609862394037e-02 5.818618900852094711e-02 4.536622601949514416e-02
2.711666666666666003e+01 8.842088833333787423e-02 8.157977316804075618e-02 7.651372253845746541e-02 7.102847888849152247e-02 5.803761299965530529e-02 4.527715341248024494e-02
2.713333333333333997e+01 8.823887457654261413e-02 8.143904063526259673e-02 7.637736299191212608e-02 7.088954171530247039e-02 5.794702368319339797e-02 4.518841326871662206e-02
2.715000000000000568e+01 8.806099834623502820e-02 8.127570186271880492e-02 7.624649615934903091e-02 7.069810547080099261e-02 5.784929944005737235e-02 4.510351184662077240e-02
2.716666666666667140e+01 8.787492111920527926e-02 8.113935242406170034e-02 7.609334392816752279e-02 7.054419266002213973e-02 5.771428474602209591e-02 4.500635541020413244e-02
2.718333333333333712e+01 8.770850602650634431e-02 8.097263596128025098e-02 7.593801677751174650e-02 7.043004043741191156e-02 5.764945016695480207e-02 4.491566335234667418e-02
2.720000000000000284e+01 8.752395388542348609e-02 8.083377512794560904e-02 7.579948288188595451e-02 7.030264668035410280e-02 5.755877857081972970e-02 4.481805756008446634e-02
2.721666666666666856e+01 8.736789063265133770e-02 8.066280049093409177e-02 7.565449209397284713e-02 7.013827343372305845e-02 5.746823196609596174e-02 4.475992075314065566e-02
2.723333333333333428e+01 8.720526165674191699e-02 8.052886082892507513e-02 7.550987652722951360e-02 6.999509952356909592e-02 5.735208395490139915e-02 4.466663672442525851e-02
2.725000000000000000e+01 8.703860465519099032e-02 8.040493506265186663e-02 7.537495097711011116e-02 6.986767092313088401e-02 5.722776734416948341e-02 4.457823887450359374e-02
2.726666666666666572e+01 8.686478069019931691e-02 8.030837925750948514e-02 7.523636138469620704e-02 6.975687198842714376e-02 5.710229351475260701e-02 4.449924988303390755e-02
2.728333333333333144e+01 8.671226587098476712e-02 8.015229886983978036e-02 7.510618294748638846e-02 6.960154175079749650e-02 5.701727963711317182e-02 4.444090432556236508e-02
2.729999999999999716e+01 8.656119956949984151e-02 7.999666651511096183e-02 7.496016969524374463e-02 6.949015036992958749e-02 5.689967412831959531e-02 4.437841358273018205e-02
2.731666666666666288e+01 8.640729052125781240e-02 7.981010348652792241e-02 7.481987771649269148e-02 6.933946763419207571e-02 5.679542190228323295e-02 4.429377623525744545e-02
2.733333333333332860e+01 8.623213000818361063e-02 7.963682864611364154e-02 7.467664894132995668e-02 6.919485200463008912e-02 5.670191501951873936e-02 4.424206504108674914e-02
2.734999999999999432e+01 8.605861907752788975e-02 7.947960577647895930e-02 7.451294998146025528e-02 6.906609139096152317e-02 5.659257393183714929e-02 4.417040087581323299e-02
2.736666666666666003e+01 8.588649356607808150e-02 7.934890733802048290e-02 7.438606570806759188e-02 6.893607570866948364e-02 5.647819353200862758e-02 4.407405534771131894e-02
2.738333333333333997e+01 8.570169427796342498e-02 7.920042560354251249e-02 7.423350686159721490e-02 6.880799799964310015e-02 5.636469308742722562e-02 4.396896954128690083e-02
2.740000000000000568e+01 8.554024563830790739e-02 7.907636355510896942e-02 7.410516967311343850e-02 6.865699841914735257e-02 5.626986749210748789e-02 4.387895949899763698e-02
2.741666666666667140e+01 8.537573111567796358e-02 7.893186682941387422e-02 7.396995807168546544e-02 6.854120225987798964e-02 5.614893250409131592e-02 4.381146934202000826e-02
2.743333333333333712e+01 8.521399074837528176e-02 7.878955014103349030e-02 7.384485874091531454e-02 6.841302831778055260e-02 5.603841111933854924e-02 4.375568374650311287e-02
2.745000000000000284e+01 8.505632330070311831e-02 7.864637198856253009e-02 7.371716757499079120e-02 6.831868126730943069e-02 5.593771029830839348e-02 4.367072523296836040e-02
2.746666666666666856e+01 8.489419181907836842e-02 7.849347696813442632e-02 7.359250020491885091e-02 6.820098008168444526e-02 5.582433730499916646e-02 4.358135726509379526e-02
2.748333333333333428e+01 8.472430986124365737e-02 7.834778674767943485e-02 7.348667564750412107e-02 6.807642461823304458e-02 5.572403832461639284e-02 4.351184380793791245e-02
2.750000000000000000e+01 8.456057693016265364e-02 7.821026640445001565e-02 7.336251603027178769e-02 6.794519254010530918e-02 5.562301829672430115e-02 4.342867596155437770e-02
2.751666666666666572e+01 8.439916836724525862e-02 7.805207194441611540e-02 7.322014976323200364e-02 6.783194559576509464e-02 5.549991337258517593e-02 4.332916946857548468e-02
2.753333333333333144e+01 8.423259250438286383e-02 7.790953852172266547e-02 7.307471731583820018e-02 6.769825781192105596e-02 5.540268676368168693e-02 4.326713663367511009e-02
2.754999999999999716e+01 8.406775267201192781e-02 7.777092142630356864e-02 7.293693957538353867e-02 6.755167970466190164e-02 5.529200066227951682e-02 4.320987005797935487e-02
2.756666666666666288e+01 8.390543703611640092e-02 7.760476275781172384e-02 7.279657269946414322e-02 6.740594746445714713e-02 5.519231357171471702e-02 4.315551717265652537e-02
2.758333333333332860e+01 8.375316597114471073e-02 7.746212179980217771e-02 7.265778003119083284e-02 6.728155792557032056e-02 5.509278421032170331e-02 4.305019089585292169e-02
2.759999999999999432e+01 8.359057329528682412e-02 7.732402221663886577e-02 7.252222541185472660e-02 6.716891345011392900e-02 5.499843896619700107e-02 4.295859104155778929e-02
2.761666666666666003e+01 8.343753131133545275e-02 7.716638391296355703e-02 7.238831747359203428e-02 6.700660860294298249e-02 5.490438872095250444e-02 4.287275136201116471e-02
2.763333333333333997e+01 8.327805776994165465e-02 7.701726445526033138e-02 7.223647310711432679e-02 6.686022758629274476e-02 5.480501402354946011e-02 4.279868367116896472e-02
2.765000000000000568e+01 8.311404847405279295e-02 7.686434802484126694e-02 7.210369425609179650e-02 6.673501367813539087e-02 5.470911223550656982e-02 4.271392079610376175e-02
2.766666666666667140e+01 8.294396211507941430e-02 7.670752716867026977e-02 7.196501792472335957e-02 6.660569296127771821e-02 5.462189129274619415e-02 4.263190774199510091e-02
2.768333333333333712e+01 8.278137584522776704e-02 7.655159132661330801e-02 7.182305798750518444e-02 6.647239454483612475e-02 5.452474503850857079e-02 4.254569191710913523e-02
2.770000000000000284e+01 8.262013291774682189e-02 7.641206916725261367e-02 7.169986046912296684e-02 6.636783124389605826e-02 5.441625699210031475e-02 4.247521603783874916e-02
2.771666666666666856e+01 8.245033479156595180e-02 7.627903680621643534e-02 7.156666806893373367e-02 6.623198218883881438e-02 5.432625064339222792e-02 4.237747750786483025e-02
2.773333333333333428e+01 8.228947238498808547e-02 7.614349320765900764e-02 7.143834180523216115e-02 6.614201596740612588e-02 5.422957193531856984e-02 4.229878002153682204e-02
2.775000000000000000e+01 8.213754109985403618e-02 7.600921394601059533e-02 7.130221563408969954e-02 6.603497737673728885e-02 5.411414608541038895e-02 4.222423626388784046e-02
2.776666666666666572e+01 8.197269658180916796e-02 7.585112097344552662e-02 7.118214350219610742e-02 6.590103804172658952e-02 5.403221028564607342e-02 4.214027403451240522e-02
2.778333333333333144e+01 8.181774062872025632e-02 7.570302098908890387e-02 7.104577471861021898e-02 6.579068495534451388e-02 5.398178972636909212e-02 4.205271265600967617e-02
2.779999999999999716e+01 8.165673697319802971e-02 7.555850759324550525e-02 7.091203185262445752e-02 6.568299041430285257e-02 5.390920664288263719e-02 4.198110702956305701e-02
2.781666666666666288e+01 8.149635603121289928e-02 7.542047089327516551e-02 7.077895234332251539e-02 6.554277462097037044e-02 5.380912924072116937e-02 4.190378483074137100e-02
2.783333333333332860e+01 8.133849949959141845e-02 7.527277633128076628e-02 7.064760437532638382e-02 6.541578840476436341e-02 5.369933537253915312e-02 4.182734213058258987e-02
2.784999999999999432e+01 8.117900367455817279e-02 7.514490829551347117e-02 7.050931020400952320e-02 6.530029594922462377e-02 5.356662088835284496e-02 4.175490720811066842e-02
2.786666666666666003e+01 8.101486380496657203e-02 7.498832663114686492e-02 7.038452570087545823e-02 6.520197144359039798e-02 5.344931654248892550e-02 4.166559633043680905e-02
2.788333333333333997e+01 8.086321117379341450e-02 7.485571764269456640e-02 7.026031995503848049e-02 6.510550918594608383e-02 5.335846360492759594e-02 4.157593845675541105e-02
2.790000000000000568e+01 8.071364164366061356e-02 7.469759690428162680e-02 7.013583849756067912e-02 6.501259273338134970e-02 5.325761090804394249e-02 4.151435627296949649e-02
2.791666666666667140e+01 8.055715689960693537e-02 7.457138734723003926e-02 7.001207083489688343e-02 6.489403626533606084e-02 5.315815797977704871e-02 4.146781239094725346e-02
2.793333333333333712e+01 8.038584156743033837e-02 7.441097265180984799e-02 6.988627602568231456e-02 6.475229025929751803e-02 5.303410846372871856e-02 4.139350039169981121e-02
2.795000000000000284e+01 8.022834333742119572e-02 7.428319164462994506e-02 6.976342420116744825e-02 6.463066733273739595e-02 5.290571683033563205e-02 4.127650341156834102e-02
2.796666666666666856e+01 8.007824455694577404e-02 7.411999308136675568e-02 6.963877699550653777e-02 6.449310974828173504e-02 5.278114487968701973e-02 4.119878350089502955e-02
2.798333333333333428e+01 7.992758669230647095e-02 7.400111734853700995e-02 6.951564125091830304e-02 6.439293791304702419e-02 5.269870916819243550e-02 4.114069401881530197e-02
2.800000000000000000e+01 7.975627596754449045e-02 7.384918760556469230e-02 6.939685086744155906e-02 6.427851865372029294e-02 5.261455120634336846e-02 4.106693574282325315e-02
2.801666666666666572e+01 7.961100947314737886e-02 7.371413908756022093e-02 6.927217692669884741e-02 6.411921497133743486e-02 5.252173823494225152e-02 4.098904561349686615e-02
2.803333333333333144e+01 7.943839065392033216e-02 7.357103843962828349e-02 6.914412731251942668e-02 6.397218724936848400e-02 5.242408671215324778e-02 4.090857424904745243e-02
2.804999999999999716e+01 7.928331878097406860e-02 7.344397826033252641e-02 6.900595612329341044e-02 6.385157520261490471e-02 5.230704692394634592e-02 4.083843798590337110e-02
2.806666666666666288e+01 7.911065551574315846e-02 7.330444844687475370e-02 6.887248998556765034e-02 6.372945086866514675e-02 5.223351916906818215e-02 4.077840845784189844e-02
2.808333333333332860e+01 7.896683299139398149e-02 7.317076677815516350e-02 6.873463019448995681e-02 6.362182447751227321e-02 5.210090288105469203e-02 4.072318896714921532e-02
2.809999999999999432e+01 7.881551099941165595e-02 7.302887882817439558e-02 6.861089664576767999e-02 6.350170297159347943e-02 5.202164329343168109e-02 4.064790132417543667e-02
2.811666666666666003e+01 7.866167455708635015e-02 7.289417771550313341e-02 6.848443471452551889e-02 6.336518316468923995e-02 5.193496079500691670e-02 4.057726621359759867e-02
2.813333333333333997e+01 7.849062653198721207e-02 7.276632715821239328e-02 6.834918447834049948e-02 6.323554956385324388e-02 5.182447495805228566e-02 4.048113055435090257e-02
2.815000000000000568e+01 7.833680661193778705e-02 7.263203297184338270e-02 6.821676146735844437e-02 6.310973226868335506e-02 5.174540363664396903e-02 4.041000412411573789e-02
2.816666666666667140e+01 7.818408985273223033e-02 7.249700242802044337e-02 6.809358725664266254e-02 6.299318090225071443e-02 5.164689352817095069e-02 4.034198598475363662e-02
2.818333333333333712e+01 7.801794685594867773e-02 7.236508654519607786e-02 6.797414157910852683e-02 6.289302090829841652e-02 5.153781383621424544e-02 4.026968369888598437e-02
2.820000000000000284e+01 7.785990147777256676e-02 7.222559924409276133e-02 6.784159045640776597e-02 6.278640826932785357e-02 5.146306128168898208e-02 4.017627042092192929e-02
2.821666666666666856e+01 7.771905393575842536e-02 7.208953632247090682e-02 6.772756742607288771e-02 6.267134400131353644e-02 5.137427331177976675e-02 4.010107487316939140e-02
2.823333333333333428e+01 7.756580800723078539e-02 7.195622243924555683e-02 6.760042386729614439e-02 6.256681273593969750e-02 5.125938261960257675e-02 4.002973267938511603e-02
2.825000000000000000e+01 7.742272659249106737e-02 7.180960567843724940e-02 6.748880371159526881e-02 6.246190538226761152e-02 5.118331947786871478e-02 3.997024991844751879e-02
2.826666666666666572e+01 7.727512476765290017e-02 7.169199379320445598e-02 6.736790516786886340e-02 6.233785338709695034e-02 5.108688179535093160e-02 3.990272642706418904e-02
2.828333333333333144e+01 7.712841794544474106e-02 7.155622605140651848e-02 6.724978963768556139e-02 6.220947211726148701e-02 5.097447884796735273e-02 3.982908626584060613e-02
2.829999999999999716e+01 7.697682388566161327e-02 7.141027166611449428e-02 6.711616214127578972e-02 6.208498306154314195e-02 5.090997437986110458e-02 3.973340319647521157e-02
2.831666666666666288e+01 7.683167113084611588e-02 7.128426928195820411e-02 6.700016384793404389e-02 6.199069324570517098e-02 5.080810033043854645e-02 3.965002639339677143e-02
2.833333333333332860e+01 7.667613803121184346e-02 7.115656767431564889e-02 6.687128424219643263e-02 6.187317202151107476e-02 5.071605524343333199e-02 3.957221375569414806e-02
2.834999999999999432e+01 7.653047452201247602e-02 7.101560945175626471e-02 6.674900665358005081e-02 6.175401416242444486e-02 5.062443478068154312e-02 3.949580430755478266e-02
2.836666666666666003e+01 7.638913602066892128e-02 7.088776347610663275e-02 6.661545176492161824e-02 6.162840949928461570e-02 5.051482592841355368e-02 3.943323794674109817e-02
2.838333333333333997e+01 7.624984637556617151e-02 7.075884766301927808e-02 6.649588075329877779e-02 6.151228262257784490e-02 5.041121930776833876e-02 3.936509767392432080e-02
2.840000000000000568e+01 7.610691569700311909e-02 7.062570591463795955e-02 6.637154087397045821e-02 6.137877485025378804e-02 5.032459213941518211e-02 3.931093594272713071e-02
2.841666666666667140e+01 7.595899072952362607e-02 7.048524657850772923e-02 6.625478191802455785e-02 6.127391685114941255e-02 5.021332895789434869e-02 3.923764384442386677e-02
2.843333333333333712e+01 7.581465876598414422e-02 7.035537057098047165e-02 6.612084087983663427e-02 6.115706291059785915e-02 5.011043522906085540e-02 3.916387841269006881e-02
2.845000000000000284e+01 7.567234972634979961e-02 7.021228466637242926e-02 6.600532942169362594e-02 6.105804397360524438e-02 5.004820056156189523e-02 3.908904797748145171e-02
2.846666666666666856e+01 7.552464124113575372e-02 7.007949747728414724e-02 6.587903240133433092e-02 6.094087613538318876e-02 4.996161352703893527e-02 3.902796352681021930e-02
2.848333333333333428e+01 7.538197800866869303e-02 6.994718011386985568e-02 6.576484168329095603e-02 6.083232721729382037e-02 4.986804761901939692e-02 3.894194279659425606e-02
2.850000000000000000e+01 7.523823115644753812e-02 6.982282373914781848e-02 6.564672462352920401e-02 6.072363053645352809e-02 4.976904419144052155e-02 3.886310305083291727e-02
2.851666666666666572e+01 7.509402698604003557e-02 6.969086526299192452e-02 6.553031294837101395e-02 6.062197528656717432e-02 4.968414990731851583e-02 3.878640447947476894e-02
2.853333333333333144e+01 7.495254487353146533e-02 6.956854570471208976e-02 6.541143988250051888e-02 6.052801177672424010e-02 4.958094050634585803e-02 3.871422195678438094e-02
2.854999999999999716e+01 7.481487972181742607e-02 6.943982316730393234e-02 6.529417324226205466e-02 6.043912720912704428e-02 4.948000716354302581e-02 3.864539116720434181e-02
2.856666666666666288e+01 7.466766158433287004e-02 6.933124768354231859e-02 6.517681367473189546e-02 6.034899909513564281e-02 4.937770421178026836e-02 3.856975821312157160e-02
2.858333333333332860e+01 7.451698409165252723e-02 6.918511182448462693e-02 6.506144757353378438e-02 6.022432278050619120e-02 4.928328012364436433e-02 3.848887017088523793e-02
2.859999999999999432e+01 7.436405456249210733e-02 6.906507201304530608e-02 6.494630014319978384e-02 6.011944177516550386e-02 4.917638195478695601e-02 3.841731205861489973e-02
2.861666666666666003e+01 7.421312713197561473e-02 6.892178082304863118e-02 6.482730501482232566e-02 5.999912736446176564e-02 4.907984921981015103e-02 3.835434887840397100e-02
2.863333333333333997e+01 7.407429463208332898e-02 6.880293219057272147e-02 6.470330838647488092e-02 5.989128221292464721e-02 4.898707417953094417e-02 3.828694591940443037e-02
2.865000000000000568e+01 7.393795990229330706e-02 6.865812084821681927e-02 6.457962801037657463e-02 5.976093699038429602e-02 4.889717035850252996e-02 3.822835797072482444e-02
2.866666666666667140e+01 7.379708580014515684e-02 6.854134540058411107e-02 6.445365870556034327e-02 5.964714883128539868e-02 4.881178416479785981e-02 3.817488514994189092e-02
2.868333333333333712e+01 7.364695931414806662e-02 6.840438026237086189e-02 6.433460096733485678e-02 5.954575257333327015e-02 4.873012126124558890e-02 3.809705994951210345e-02
2.870000000000000284e+01 7.350526596162362813e-02 6.828882373810528372e-02 6.421531848217038041e-02 5.945456168777816380e-02 4.863163170459589707e-02 3.803284871197169792e-02
2.871666666666666856e+01 7.336291950755187419e-02 6.814401016488580431e-02 6.409539883586100328e-02 5.935297051077290109e-02 4.853466970302926925e-02 3.795348740097676671e-02
2.873333333333333428e+01 7.321546086459942981e-02 6.802064132977291011e-02 6.397732370790977507e-02 5.921406535598663229e-02 4.844839452266184315e-02 3.788116568224239589e-02
2.875000000000000000e+01 7.307040631992811619e-02 6.788535440204661320e-02 6.385692959466000851e-02 5.906835759998292634e-02 4.837096709033847364e-02 3.782598889439801187e-02
2.876666666666666572e+01 7.292377926023078938e-02 6.776118252092587502e-02 6.375597303951113792e-02 5.893931431251373670e-02 4.827226839604815967e-02 3.776169785173162652e-02
2.878333333333333144e+01 7.277852114798462335e-02 6.764030121015612851e-02 6.363413280071901490e-02 5.885793301335202204e-02 4.818437000911634377e-02 3.771219770021751183e-02
2.879999999999999716e+01 7.263829808189854742e-02 6.751659125890450974e-02 6.352266156824346033e-02 5.877858408438344645e-02 4.809124783060304137e-02 3.765853111918639889e-02
2.881666666666666288e+01 7.249201654960607533e-02 6.738866731570633539e-02 6.339946449730866906e-02 5.866581520568776159e-02 4.800606605382282815e-02 3.757107250634537238e-02
2.883333333333332860e+01 7.234593725847547618e-02 6.727773215477947377e-02 6.327590985156401893e-02 5.857165507234158436e-02 4.792650001891070322e-02 3.749364148467370511e-02
2.884999999999999432e+01 7.220565475397522359e-02 6.714765582194434645e-02 6.316137824035247816e-02 5.844936023406096387e-02 4.785547312796897129e-02 3.742549961058583979e-02
2.886666666666666003e+01 7.206847943949686031e-02 6.701894446700663865e-02 6.305345449440274974e-02 5.835507646484570238e-02 4.775344088137008919e-02 3.736116262476630451e-02
2.888333333333333997e+01 7.192372095639046337e-02 6.688405162597782505e-02 6.292807042917797355e-02 5.825482135493379593e-02 4.767619296045098876e-02 3.729428076909638984e-02
2.890000000000000568e+01 7.178694795595777500e-02 6.674956785311765561e-02 6.281628222448566723e-02 5.814802519047986007e-02 4.758824999925703736e-02 3.722361448489702046e-02
2.891666666666667140e+01 7.164554244100886093e-02 6.662266978289209385e-02 6.270308325996322429e-02 5.801759251105718940e-02 4.749865160060376401e-02 3.715502989604571593e-02
2.893333333333333712e+01 7.150459835495054373e-02 6.650070707447292007e-02 6.258408998289625991e-02 5.787500441010852426e-02 4.741038352808794182e-02 3.707699744574918105e-02
2.895000000000000284e+01 7.136432228943410949e-02 6.637684466889372248e-02 6.246106382547592095e-02 5.775493074981828678e-02 4.734209162993680692e-02 3.701982044481055834e-02
2.896666666666666856e+01 7.122346486325691062e-02 6.625472288889613925e-02 6.234910214407520662e-02 5.767520279620012846e-02 4.724627555288243158e-02 3.695599847808685862e-02
2.898333333333333428e+01 7.108997219911196430e-02 6.613147535936451937e-02 6.224086226787241272e-02 5.757828685946689978e-02 4.715052341132980329e-02 3.688612156306058515e-02
2.900000000000000000e+01 7.094837180131619014e-02 6.601434116668095098e-02 6.213459225929070240e-02 5.748479370159639834e-02 4.704556284698931112e-02 3.681506449248393709e-02
2.901666666666666572e+01 7.080699388208130940e-02 6.588915870358852400e-02 6.202950418630535229e-02 5.737922142581779184e-02 4.697029293866940985e-02 3.677418708269974967e-02
2.903333333333333144e+01 7.066745641940393174e-02 6.576795050625981742e-02 6.192639472322748750e-02 5.727103244347369476e-02 4.687856100987292107e-02 3.671352477148291660e-02
2.904999999999999716e+01 7.053177288639600473e-02 6.564758281264841677e-02 6.181131960142414311e-02 5.718466526024943569e-02 4.678215366125026281e-02 3.664550129651784199e-02
2.906666666666666288e+01 7.038800213295053065e-02 6.551709093391716587e-02 6.169365097020970690e-02 5.708094757199990571e-02 4.667800709269710746e-02 3.656762731925134596e-02
2.908333333333332860e+01 7.025880558060174086e-02 6.540254609911168304e-02 6.157952005273689688e-02 5.697474528420202328e-02 4.660068855483527617e-02 3.650175386543597772e-02
2.909999999999999432e+01 7.012979213472705919e-02 6.527411495070359337e-02 6.146415479408227217e-02 5.686655448388874823e-02 4.651328001589150746e-02 3.641227576255775394e-02
2.911666666666666003e+01 6.999164966493189033e-02 6.515608818156487514e-02 6.134968108449492807e-02 5.677701836693792303e-02 4.641492587353603094e-02 3.633812100960612246e-02
2.913333333333333997e+01 6.986593124378577546e-02 6.502779141970718713e-02 6.123492735936267306e-02 5.667795746512957478e-02 4.632025829658573818e-02 3.627901919226318023e-02
2.915000000000000568e+01 6.973706700841499073e-02 6.490576712742353316e-02 6.111878588203960294e-02 5.656650405527823694e-02 4.623543019329252879e-02 3.622081990954911790e-02
2.916666666666667140e+01 6.959599870257179854e-02 6.477846617027528675e-02 6.100775503534534155e-02 5.645994395293881668e-02 4.614859763979960866e-02 3.617067431345037665e-02
2.918333333333333712e+01 6.945280159606155579e-02 6.466639501361985676e-02 6.089151791126980184e-02 5.633695006286908169e-02 4.606059211007657028e-02 3.611006833760188606e-02
2.920000000000000284e+01 6.934782108140746804e-02 6.454298987127163323e-02 6.077135857665764279e-02 5.622841554307336787e-02 4.596582332197920312e-02 3.599057335591743928e-02
2.921666666666666856e+01 6.920527268362580697e-02 6.443092308320727546e-02 6.064972337867410163e-02 5.612695854690259722e-02 4.589244801237226529e-02 3.588748046271317965e-02
2.923333333333333428e+01 6.908301281174877850e-02 6.430895817301753026e-02 6.053621871416699218e-02 5.601885602270473274e-02 4.580457461408526249e-02 3.583635247879937008e-02
2.925000000000000000e+01 6.895914194375379891e-02 6.420039092960280747e-02 6.042817223276566313e-02 5.591825765795531422e-02 4.572352876412484612e-02 3.578611876387834123e-02
2.926666666666666572e+01 6.881669397451037340e-02 6.406466042254675697e-02 6.031784168219917613e-02 5.582991374931739470e-02 4.563322449098215772e-02 3.573602576385232626e-02
2.928333333333333144e+01 6.867950390009409933e-02 6.394867085885105884e-02 6.020969330952153503e-02 5.573961763918439810e-02 4.555828661699743570e-02 3.566882507754185611e-02
2.929999999999999716e+01 6.853983732265971074e-02 6.383577294348759257e-02 6.009462931998175300e-02 5.562454609714028581e-02 4.547974580222555879e-02 3.560517831981509923e-02
2.931666666666666288e+01 6.839711246676204170e-02 6.372702377354233505e-02 5.998507511432929484e-02 5.551006897919918970e-02 4.539510769655485251e-02 3.552489804892783321e-02
2.933333333333332860e+01 6.825824773510227872e-02 6.361299054554259147e-02 5.987173214030293289e-02 5.540688030303716344e-02 4.531480722500215441e-02 3.542025070295654748e-02
2.934999999999999432e+01 6.812098998048723986e-02 6.350057341548114020e-02 5.975841449541276218e-02 5.529227476510729239e-02 4.523039505638597885e-02 3.533427113760127108e-02
2.936666666666666003e+01 6.798079296193418330e-02 6.337059945641665415e-02 5.964795584767008940e-02 5.519974787996644039e-02 4.514131660052966843e-02 3.526862117800048241e-02
2.938333333333333997e+01 6.784690913379624877e-02 6.325883374785301605e-02 5.954471065441057503e-02 5.510044634253805779e-02 4.505854783475678194e-02 3.520643671346936066e-02
2.940000000000000568e+01 6.771927520639201004e-02 6.313136147586993763e-02 5.943323880000250109e-02 5.497513771767419816e-02 4.497561776569107550e-02 3.513927997303094297e-02
2.941666666666667140e+01 6.759116452212309001e-02 6.300676419005744877e-02 5.933925266345941446e-02 5.491511767512319980e-02 4.489714517740458349e-02 3.506637461532433053e-02
2.943333333333333712e+01 6.745320047223389570e-02 6.287754621301860913e-02 5.922069254257039672e-02 5.484467983012327602e-02 4.482081215128105867e-02 3.501472148758337510e-02
2.945000000000000284e+01 6.732352776632187508e-02 6.276198014228343003e-02 5.913163806167996001e-02 5.471772558754522953e-02 4.473468185130535096e-02 3.496372546301539097e-02
2.946666666666666856e+01 6.718689497716109904e-02 6.264013977655745469e-02 5.902553274042240256e-02 5.459169555500231058e-02 4.465404359573909437e-02 3.490543400121068340e-02
2.948333333333333428e+01 6.704275073500240434e-02 6.252323583539218244e-02 5.892633910272811887e-02 5.449093128262318120e-02 4.457689166835346328e-02 3.482656963898251440e-02
2.950000000000000000e+01 6.690988232790481827e-02 6.241330787226264526e-02 5.880184755854186290e-02 5.441560328795722740e-02 4.449753933066535189e-02 3.475884827733108362e-02
2.951666666666666572e+01 6.678587123936401138e-02 6.230230721375258629e-02 5.870832496680945117e-02 5.432136792531585406e-02 4.441647167809219948e-02 3.471679251885609330e-02
2.953333333333333144e+01 6.664423097175994903e-02 6.218449618573208826e-02 5.859420795267221427e-02 5.419159255443965761e-02 4.433126172637352758e-02 3.470069958054178977e-02
2.954999999999999716e+01 6.652207500678869456e-02 6.206428042906918241e-02 5.849045068136312503e-02 5.409117805449756983e-02 4.424693812607981280e-02 3.466225544856901819e-02
2.956666666666666288e+01 6.639012777949424016e-02 6.195052559443604140e-02 5.837474147111726408e-02 5.397246354383154060e-02 4.417638910060861512e-02 3.464520833386891541e-02
2.958333333333332860e+01 6.626743833846386600e-02 6.183838941694423663e-02 5.827283479749226919e-02 5.386140960775685077e-02 4.408234746434874091e-02 3.457484625607756129e-02
2.959999999999999432e+01 6.613418706063035890e-02 6.172475767751577080e-02 5.816738266991672290e-02 5.378106974437104476e-02 4.398995496104522035e-02 3.442795224235593865e-02
2.961666666666666003e+01 6.600612525305010747e-02 6.161518363165648798e-02 5.806063525902443317e-02 5.367392408352540667e-02 4.388887991037777186e-02 3.432627055720501724e-02
2.963333333333333997e+01 6.587169654046445832e-02 6.150983134667607072e-02 5.794774950902699395e-02 5.356424749237347765e-02 4.379764337548788800e-02 3.427861048650959752e-02
2.965000000000000568e+01 6.574311207111123434e-02 6.138577376650113798e-02 5.783890409517256082e-02 5.346565276622212287e-02 4.370489629023225492e-02 3.425456698316643733e-02
2.966666666666667140e+01 6.562105470948291497e-02 6.127508315128486066e-02 5.772684184620414938e-02 5.336601603839511571e-02 4.362850917686190294e-02 3.421049865216062302e-02
2.968333333333333712e+01 6.553859608851321517e-02 6.118325838018239676e-02 5.764710585956209221e-02 5.328608523254872720e-02 4.356548300640625260e-02 3.412196142685036682e-02
2.970000000000000284e+01 6.377269224436120376e-02 6.848510270262202215e-02 7.142042808414512944e-02 6.517676619144741057e-02 5.400158936295593182e-02 5.398634288549100657e-02
2.971666666666666856e+01 6.351025565973071607e-02 6.690642687675409095e-02 6.260508109541043642e-02 5.978709068215840722e-02 5.774140528239876669e-02 5.749974856296448389e-02
2.973333333333333428e+01 6.311093516049384733e-02 6.780879202557771324e-02 6.564828395575458830e-02 6.290458396853162992e-02 6.303900227039058168e-02 6.108523030365115014e-02
2.975000000000000000e+01 6.507084992347329788e-02 6.802411742282320206e-02 7.085048337490866543e-02 6.639373332134237971e-02 6.323400921667318708e-02 6.298883104329870697e-02
2.976666666666666572e+01 6.639902535205065293e-02 6.920545676077212438e-02 7.171451050346003275e-02 6.796919232411663403e-02 6.480762032002149176e-02 6.591327325371508505e-02
2.978333333333333144e+01 6.891021387747658933e-02 7.103828142604777518e-02 7.225178895900603859e-02 7.211312496435595687e-02 6.554220727007233072e-02 6.958267263650398660e-02
2.979999999999999716e+01 7.064557311280174334e-02 7.402640046523933925e-02 7.353240359802175330e-02 7.234219841308764387e-02 6.782394908946465240e-02 7.188734489838778663e-02
2.981666666666666288e+01 7.237903773083649572e-02 7.738856882423554573e-02 7.732946004746973911e-02 7.386436993968016618e-02 7.145540762278175528e-02 7.288657376353521733e-02
2.983333333333332860e+01 7.625289170452585752e-02 8.079799765336541373e-02 8.024035188733125157e-02 7.673258216819769939e-02 7.411632362776285343e-02 7.561418376621746595e-02
2.984999999999999432e+01 7.973023603497406131e-02 8.448189222486778005e-02 8.404280729585637821e-02 7.954308540505712621e-02 7.768090429400253960e-02 7.803786039513717354e-02
2.986666666666666003e+01 8.394392922311685878e-02 8.822026200926122441e-02 8.830990053589549138e-02 8.306018446261691224e-02 8.126955417811865257e-02 8.149690685701144188e-02
2.988333333333333997e+01 8.843957903479211791e-02 9.247295402773376971e-02 9.283237340950950545e-02 8.682243587768009863e-02 8.532486482714492226e-02 8.522772692135670292e-02
2.990000000000000568e+01 9.388378645147450741e-02 9.691789760137178855e-02 9.751587744016484982e-02 9.097588214788722427e-02 9.017751777929994272e-02 8.915013319999993968e-02
2.991666666666667140e+01 9.970751717969644767e-02 1.018740543990338948e-01 1.027473800920388342e-01 9.891826330198529027e-02 9.552795206606996825e-02 9.337690641634263655e-02
2.993333333333333712e+01 1.054678210542668998e-01 1.071533806929687305e-01 1.082304964755882587e-01 1.056444024130550469e-01 1.009733711398402012e-01 9.852451903819199608e-02
2.995000000000000284e+01 1.115373383253535911e-01 1.124254113689645007e-01 1.141726425749290258e-01 1.132322198595305668e-01 1.065075039145969293e-01 1.037449603344950538e-01
2.996666666666666856e+01 1.177478118391780681e-01 1.178007204677627012e-01 1.201306877227478476e-01 1.210560484476554816e-01 1.122406428755998303e-01 1.090450938966451150e-01
2.998333333333333428e+01 1.239555165967295980e-01 1.234497685413716572e-01 1.260846312820673720e-01 1.292601381676709571e-01 1.179612769310318388e-01 1.139949958335297053e-01
3.000000000000000000e+01 1.299523458845487645e-01 1.291040095110675134e-01 1.320051985932470251e-01 1.358211885543242070e-01 1.250401119507314196e-01 1.214229306335956188e-01
3.001666666666666572e+01 1.358131549126497251e-01 1.352498611767342651e-01 1.380735105127694207e-01 1.419268111864865900e-01 1.326452879357483405e-01 1.296248593759631029e-01
3.003333333333333144e+01 1.418443277438950489e-01 1.414590776300346797e-01 1.442382590855566526e-01 1.484502320556836397e-01 1.400411679855742553e-01 1.379195574567720906e-01
3.004999999999999716e+01 1.476753646094118022e-01 1.477410703040652473e-01 1.505004312683979606e-01 1.547340047598127211e-01 1.477485148663542081e-01 1.459615583108665460e-01
3.006666666666666288e+01 1.535295697953198979e-01 1.544037481471866591e-01 1.570419275222194877e-01 1.609276411375567817e-01 1.551925783403169667e-01 1.541686930962496982e-01
3.008333333333332860e+01 1.596098479233521439e-01 1.615403329738809013e-01 1.634006641884058753e-01 1.672835417628916743e-01 1.628803433169643822e-01 1.623698384284755769e-01
3.009999999999999432e+01 1.655949213364521222e-01 1.684505351518642002e-01 1.702027660452119506e-01 1.733638290365062951e-01 1.708226508894300777e-01 1.706792148327590797e-01
3.011666666666666003e+01 1.720746318157850008e-01 1.751980464056211995e-01 1.775474174837737562e-01 1.799701914154885063e-01 1.787475456267182961e-01 1.792058815691024432e-01
3.013333333333333997e+01 1.783838953148247086e-01 1.820880928451868164e-01 1.851442803349887811e-01 1.868316359505811375e-01 1.866984439353389924e-01 1.877922866323263329e-01
3.015000000000000568e+01 1.848712716225188180e-01 1.895006766790364172e-01 1.925961387951218851e-01 1.932189896738394086e-01 1.945639182799174527e-01 1.969501395057091098e-01
3.016666666666667140e+01 1.911982714604973099e-01 1.963991895652547059e-01 1.999615512527890271e-01 1.999098309222803183e-01 2.025104484325057352e-01 2.059410490242947478e-01
3.018333333333333712e+01 1.976029396454936082e-01 2.031882873358893116e-01 2.075724980411141896e-01 2.068544688733570669e-01 2.108102127384028635e-01 2.144760192981962910e-01
3.020000000000000284e+01 2.056112041201945406e-01 2.098536465970794740e-01 2.155596645335430828e-01 2.146140700510980603e-01 2.180119921570197739e-01 2.220764500821958420e-01
3.021666666666666856e+01 2.133563170683507870e-01 2.163588457479351801e-01 2.235004902491086187e-01 2.220925243978588981e-01 2.255830667068979833e-01 2.302038578481984954e-01
3.023333333333333428e+01 2.211263639165446382e-01 2.228913614072400851e-01 2.313210694938786227e-01 2.287995569582191302e-01 2.329899224842426342e-01 2.383025960067886306e-01
3.025000000000000000e+01 2.286672231608230799e-01 2.300285270503938106e-01 2.394899313529438023e-01 2.357704662826480002e-01 2.407397414328398266e-01 2.459559780342703006e-01
3.026666666666666572e+01 2.368537266051632673e-01 2.362110699688323157e-01 2.481314481613669798e-01 2.437732164611318419e-01 2.485058578165774412e-01 2.539211719762458630e-01
3.028333333333333144e+01 2.447894800972278406e-01 2.426919163182089112e-01 2.562514084293872618e-01 2.506309154394962269e-01 2.555374087669463057e-01 2.622521490427591750e-01
3.029999999999999716e+01 2.529483964209847668e-01 2.497712721986767859e-01 2.639692407729017920e-01 2.586851287964478940e-01 2.632169707201382769e-01 2.705904746363564928e-01
3.031666666666666288e+01 2.613417544061028552e-01 2.569379604747233370e-01 2.719557639288363582e-01 2.671583982959476744e-01 2.714620791646475406e-01 2.787701596632948808e-01
3.033333333333332860e+01 2.694608373592088379e-01 2.637236411208830344e-01 2.800302161960696035e-01 2.756076701903047432e-01 2.791691865742117473e-01 2.875456269299633272e-01
3.034999999999999432e+01 2.779285186642459493e-01 2.705400158366865204e-01 2.881626266769045097e-01 2.835576027864203930e-01 2.868946528449718980e-01 2.956127008665641043e-01
3.036666666666666003e+01 2.859066655877436913e-01 2.780233573047150575e-01 2.965465843671863944e-01 2.913821915425485742e-01 2.950994927551398583e-01 3.040822533662846938e-01
3.038333333333333997e+01 2.930870172628270431e-01 2.857295205173179253e-01 3.043131751680380193e-01 3.001143595757583826e-01 3.026741761150272825e-01 3.123407777299054278e-01
3.040000000000000568e+01 3.007728709954611834e-01 2.934096812622117301e-01 3.117703533700705854e-01 3.083230890710635941e-01 3.105693000660960656e-01 3.209905626852266880e-01
3.041666666666667140e+01 3.090343659814269173e-01 3.014902054115018992e-01 3.196731084328687800e-01 3.172544063453957564e-01 3.186664400815715781e-01 3.299166356144583312e-01
3.043333333333333712e+01 3.163985799321622494e-01 3.096330248148849718e-01 3.273399419506661245e-01 3.281634478067327887e-01 3.275906648171058033e-01 3.371877387361807976e-01
3.045000000000000284e+01 3.239751863424778500e-01 3.181712263011188258e-01 3.352869489612447240e-01 3.377362222981734607e-01 3.362505394775707757e-01 3.453954387272057946e-01
3.046666666666666856e+01 3.316833889149848891e-01 3.274060768477436434e-01 3.427619475725194320e-01 3.476085633340381675e-01 3.446584689495598708e-01 3.544444993122841669e-01
3.048333333333333428e+01 3.392247711527609511e-01 3.361582181715846995e-01 3.497579790195640137e-01 3.574502550693587910e-01 3.532728972255101962e-01 3.632032083096104480e-01
3.050000000000000000e+01 3.466567167699204366e-01 3.455693761348742066e-01 3.576678513206498766e-01 3.673065624302179200e-01 3.618338522580949457e-01 3.725068847573847486e-01
3.051666666666666572e+01 3.543917673079972630e-01 3.555378812603341432e-01 3.657620213847323498e-01 3.777582440383088769e-01 3.705479692076467102e-01 3.808024775456710920e-01
3.053333333333333144e+01 3.620182250602186902e-01 3.647685494980693610e-01 3.739208375818157126e-01 3.874961314888147323e-01 3.788979904648839270e-01 3.891564071152935900e-01
3.054999999999999716e+01 3.696998222044359794e-01 3.750904932797135549e-01 3.817858759485658893e-01 3.916257022154231993e-01 3.877402013990801088e-01 3.976567583241132908e-01
3.056666666666666288e+01 3.768528733210583237e-01 3.866445871314269089e-01 3.902592887469430449e-01 3.989182113100228078e-01 3.964909069277721687e-01 4.064579899183134448e-01
3.058333333333332860e+01 3.845882220476166680e-01 3.980482312201911732e-01 3.992983898377554519e-01 4.051321295122762844e-01 4.045379703211349764e-01 4.143995663756313008e-01
3.059999999999999432e+01 3.929505020908775070e-01 4.084241504140980195e-01 4.090433179320213664e-01 4.124669440707502410e-01 4.134858791663430511e-01 4.232458214154637965e-01
3.061666666666666003e+01 4.002246276071194653e-01 4.193096855413633306e-01 4.194045991677070595e-01 4.198314628332138199e-01 4.228514041050689398e-01 4.328118987966315667e-01
3.063333333333333997e+01 4.081551316937462315e-01 4.301875949095076423e-01 4.285935266191618354e-01 4.279860690013216895e-01 4.314966025509783254e-01 4.402346299649850803e-01
3.065000000000000568e+01 4.162021118969218558e-01 4.411811282877078355e-01 4.375908726821223782e-01 4.352553968763165360e-01 4.400172927720998883e-01 4.476506134423922645e-01
3.066666666666667140e+01 4.240934245030512639e-01 4.519338166656063915e-01 4.476445186045280855e-01 4.430429401739394701e-01 4.488548301084638870e-01 4.564562531496514364e-01
3.068333333333333712e+01 4.383137855641401348e-01 4.626746763031808207e-01 4.582239028411557169e-01 4.569586218842364711e-01 4.630987919848230105e-01 4.700898774037641226e-01
3.070000000000000284e+01 4.491111769241681317e-01 4.735660471991337550e-01 4.696412632287754185e-01 4.670627596475703802e-01 4.744878390518746381e-01 4.810178173949587466e-01
3.071666666666666856e+01 4.611254127997416186e-01 4.839207565694633728e-01 4.809661380118269158e-01 4.782944578925936163e-01 4.867654174911286158e-01 4.938057785519360254e-01
3.073333333333333428e+01 4.718692897897017735e-01 4.945072038459131236e-01 4.925775712837931475e-01 4.893300346363234077e-01 4.984326135087054355e-01 5.065056015460234207e-01
3.075000000000000000e+01 4.833954068793052117e-01 5.052950469408041823e-01 5.046888043295129078e-01 5.011774802416758545e-01 5.105015245807755786e-01 5.182975798533158152e-01
3.076666666666666572e+01 4.947509884450301265e-01 5.160668838705062544e-01 5.145359664845181591e-01 5.126602873855510278e-01 5.213958741540588582e-01 5.294059000638747792e-01
3.078333333333333144e+01 5.048194545670644517e-01 5.261388171394069113e-01 5.246630826809352000e-01 5.240467556191084064e-01 5.325237839012758601e-01 5.411235613410060319e-01
3.079999999999999716e+01 5.152095215746439472e-01 5.371906772588862511e-01 5.361299196276092527e-01 5.349396130660667437e-01 5.438785699317492117e-01 5.523965999140089123e-01
3.081666666666666288e+01 5.254050874390905346e-01 5.483915405605239712e-01 5.483935371991107699e-01 5.452237381100035751e-01 5.544032654041609609e-01 5.631126764115239602e-01
3.083333333333332860e+01 5.355307098169979074e-01 5.570937712558484689e-01 5.597589191898731942e-01 5.552893369813366453e-01 5.647985473473818852e-01 5.737201926492563331e-01
3.084999999999999432e+01 5.465056668474291834e-01 5.668558490838765396e-01 5.700783398199683605e-01 5.653217939929361391e-01 5.756653275401780734e-01 5.843994136859972377e-01
3.086666666666666003e+01 5.575420539264309694e-01 5.778274910747526194e-01 5.801886239209046447e-01 5.755825793764545173e-01 5.857223887655365058e-01 5.948001368294475455e-01
3.088333333333333997e+01 5.671879640995250993e-01 5.885531405225785662e-01 5.910892277893035063e-01 5.863703918449337804e-01 5.959539931640971400e-01 6.049479184299630941e-01
3.090000000000000568e+01 5.767932475960332317e-01 5.982268338863010460e-01 6.021490311888773039e-01 5.967580773364534741e-01 6.058483244651998723e-01 6.147638963715427174e-01
3.091666666666667140e+01 5.866680380546642759e-01 6.080036958131748159e-01 6.133425180521019371e-01 6.076626016549141474e-01 6.161605751933210140e-01 6.251833985240261571e-01
3.093333333333333712e+01 5.968230937083316423e-01 6.186896027353830929e-01 6.228798201036993554e-01 6.183275592678203481e-01 6.260497390129367012e-01 6.351127214192879844e-01
3.095000000000000284e+01 6.063208090403335859e-01 6.284974008951922375e-01 6.333333804975556092e-01 6.273945377574664528e-01 6.359403518898085750e-01 6.447857300121889734e-01
3.096666666666666856e+01 6.164603464703303226e-01 6.374105429638933229e-01 6.442765243028530930e-01 6.372066592538458973e-01 6.459126288549380535e-01 6.542713896634947401e-01
3.098333333333333428e+01 6.261145022042089447e-01 6.475074176279936866e-01 6.545919240797609673e-01 6.482578535424995403e-01 6.557386264835034506e-01 6.640750743868328865e-01
3.100000000000000000e+01 6.358672875298715388e-01 6.580552681375870794e-01 6.644788704688407988e-01 6.582719495110940233e-01 6.651802935215497259e-01 6.740050521949803031e-01
3.101666666666666572e+01 6.454903429291349859e-01 6.672344416723384741e-01 6.740332523146255195e-01 6.681230897383255707e-01 6.749239495253711585e-01 6.818209057009653185e-01
3.103333333333333144e+01 6.540569599701889780e-01 6.768423522391509017e-01 6.837755915207331947e-01 6.793622509309551472e-01 6.844282731751064608e-01 6.913043543025485516e-01
3.104999999999999716e+01 6.638283402230114039e-01 6.866206102800324063e-01 6.942145694684980217e-01 6.876663823007744814e-01 6.936781878121351941e-01 7.022302919555429845e-01
3.106666666666666288e+01 6.737610158692329820e-01 6.966225883284231646e-01 7.039085012151423681e-01 6.949418102318001278e-01 7.032297524287128843e-01 7.128630789354465369e-01
3.108333333333332860e+01 6.833144764920131564e-01 7.059115959672711549e-01 7.132259284178378289e-01 7.046989591343556514e-01 7.128994482793598042e-01 7.218567297269462557e-01
3.109999999999999432e+01 6.920452255229699867e-01 7.148557246681929156e-01 7.233046768737751986e-01 7.159435181152955519e-01 7.213190412245175098e-01 7.315187850735662689e-01
3.111666666666666003e+01 7.009371331210155764e-01 7.243600864628751967e-01 7.316071310370306779e-01 7.255179681438262973e-01 7.302577221803938645e-01 7.406839329690106943e-01
3.113333333333333997e+01 7.098435064266359618e-01 7.339954002182459414e-01 7.401114814093318062e-01 7.343262018921765666e-01 7.398840854027830538e-01 7.503205606787559656e-01
3.115000000000000568e+01 7.190697235081204841e-01 7.428507664871394356e-01 7.498906965462985852e-01 7.436532643355100447e-01 7.486069016612105775e-01 7.598388899101962135e-01
3.116666666666667140e+01 7.290587487092103913e-01 7.523239450378018667e-01 7.603004166540791031e-01 7.524027779707890273e-01 7.577587976167186046e-01 7.689314588634817982e-01
3.118333333333333712e+01 7.386816656402678261e-01 7.620443967588803602e-01 7.706500684361380360e-01 7.618140622546636376e-01 7.672143793522012700e-01 7.779681760578202043e-01
3.120000000000000284e+01 7.465514124587679934e-01 7.711186473711212352e-01 7.799211857287486893e-01 7.703370196137843129e-01 7.759116215008476924e-01 7.878144319242145199e-01
3.121666666666666856e+01 7.559395143823042229e-01 7.805875360692685616e-01 7.884185680483946079e-01 7.795217000772334259e-01 7.849639778296496617e-01 7.975463027433363772e-01
3.123333333333333428e+01 7.662092021299954370e-01 7.899503087935371148e-01 7.984732240991188057e-01 7.889673205852356652e-01 7.947553803787910098e-01 8.072861874222148071e-01
3.125000000000000000e+01 7.749260163751320318e-01 7.989767378918007923e-01 8.078117920730313317e-01 7.980096451248512857e-01 8.033814672381031086e-01 8.162089889545250943e-01
3.126666666666666572e+01 7.832845677091403447e-01 8.080565623162506705e-01 8.163866606491836375e-01 8.066803579391902401e-01 8.122155352452125054e-01 8.258410135293845489e-01
3.128333333333333144e+01 7.926338686997960181e-01 8.175599461790981071e-01 8.247667588682190409e-01 8.151533180808914203e-01 8.211672469638167104e-01 8.350945335882232756e-01
3.129999999999999716e+01 8.017519077950128192e-01 8.267247568381111966e-01 8.327107795391623934e-01 8.238342978292145791e-01 8.298875600699703314e-01 8.445617054122906975e-01
3.131666666666666288e+01 8.113561670908311374e-01 8.353773323453423938e-01 8.418584681294805083e-01 8.325758734620519741e-01 8.395637348404452194e-01 8.529622090185128291e-01
3.133333333333332860e+01 8.200824639213083467e-01 8.445248473265261069e-01 8.526758032524135444e-01 8.414480786153341052e-01 8.473070046345049233e-01 8.623214570137736068e-01
3.134999999999999432e+01 8.288234166540027203e-01 8.539694733032199281e-01 8.624956266945750238e-01 8.509855632341206677e-01 8.558651003588299000e-01 8.716637709500170139e-01
3.136666666666666003e+01 8.382985290034471459e-01 8.630867549002083638e-01 8.712196035618355872e-01 8.586108725436351063e-01 8.658006508088388342e-01 8.818137166955193340e-01
3.138333333333333997e+01 8.474259393604954838e-01 8.727276895398953238e-01 8.805424134335789743e-01 8.675868014773516768e-01 8.748876021719632634e-01 8.898808610860340362e-01
3.140000000000000568e+01 8.562583147572503384e-01 8.821446681862130657e-01 8.905072905355895241e-01 8.773146929401099969e-01 8.836860867824338772e-01 8.975822137223881114e-01
3.141666666666667140e+01 8.657523169266178042e-01 8.910345034449697055e-01 8.967365785647563037e-01 8.860680620653861306e-01 8.928982417499466973e-01 9.071107333382545379e-01
3.143333333333333712e+01 8.745712380390825436e-01 8.999551301643046175e-01 9.047382126062570862e-01 8.949693104988086789e-01 9.015538674042822276e-01 9.183158311443736510e-01
3.145000000000000284e+01 8.830259536474013293e-01 9.084445567691034062e-01 9.152001919126346863e-01 9.037317837629006423e-01 9.104262261715814208e-01 9.280296960114494675e-01
3.146666666666666856e+01 8.919799627570942357e-01 9.174986758837467837e-01 9.250525523173712683e-01 9.120155108471058591e-01 9.188573219572666595e-01 9.377391356884480222e-01
3.148333333333333428e+01 9.008502390030156404e-01 9.273409076641072613e-01 9.341556328542117704e-01 9.200361720466062598e-01 9.272988145759238909e-01 9.457668182017114900e-01
3.150000000000000000e+01 9.099821818520743566e-01 9.359406731452774020e-01 9.422371795838844211e-01 9.292071600280470411e-01 9.363984582077785612e-01 9.532630147994235470e-01
3.151666666666666572e+01 9.199444077439341561e-01 9.459233359655658813e-01 9.523172712072186519e-01 9.396496740261498504e-01 9.462067569491786623e-01 9.636494482622167679e-01
3.153333333333333144e+01 9.299459819332567267e-01 9.568429058237060136e-01 9.631163810262213243e-01 9.493757650929193215e-01 9.568152728566189369e-01 9.754601092178053490e-01
3.154999999999999716e+01 9.405221970568974355e-01 9.664686834495529455e-01 9.737172683925100491e-01 9.607142898711139578e-01 9.672797768202019419e-01 9.864056079291511070e-01
3.156666666666666288e+01 9.500797743321399702e-01 9.768092311164892072e-01 9.860354635768325826e-01 9.702213278541115260e-01 9.772749914360574497e-01 9.977633125666931502e-01
3.158333333333332860e+01 9.605265400281889354e-01 9.878590729782544821e-01 9.972757862122899608e-01 9.801300925281068999e-01 9.883564929786531339e-01 1.008639498708284288e+00
3.159999999999999432e+01 9.706489353447503854e-01 9.958777671803262788e-01 1.005131866025947840e+00 9.888687157453258658e-01 9.971640760520449343e-01 1.016793383840682186e+00
3.161666666666666003e+01 9.806226451783097708e-01 1.004938686534069037e+00 1.012462425102069519e+00 9.981783806978391516e-01 1.005656786564686600e+00 1.025053807408586204e+00
3.163333333333333997e+01 9.886500812920457903e-01 1.014454014208469479e+00 1.020245169633305027e+00 1.007829965037529529e+00 1.015137650700854932e+00 1.034830359301972980e+00
3.165000000000000568e+01 9.973642297527605116e-01 1.022688659267652289e+00 1.029884089201309250e+00 1.016469989439836796e+00 1.024300238672793517e+00 1.043696862910876488e+00
3.166666666666667140e+01 1.006994252685832647e+00 1.031705511038045975e+00 1.039900826581014126e+00 1.025307333903603402e+00 1.032528674078941222e+00 1.051907026719717697e+00
3.168333333333333712e+01 1.015663842585714294e+00 1.039997783266065179e+00 1.048969375155587747e+00 1.034375298353141570e+00 1.041397330814905375e+00 1.059538438414264094e+00
3.170000000000000284e+01 1.023381305151685572e+00 1.048828633056275050e+00 1.056862451471003661e+00 1.042399586024501223e+00 1.050423383651308828e+00 1.068403658617947061e+00
3.171666666666666856e+01 1.031358509614410668e+00 1.057311227124227759e+00 1.065121442272169094e+00 1.050983269529215836e+00 1.058741155205680240e+00 1.077962954239683580e+00
3.173333333333333428e+01 1.039858182091863981e+00 1.065679652126050980e+00 1.074900222851328468e+00 1.060779409391034545e+00 1.067969392789905436e+00 1.086405413986421875e+00
3.175000000000000000e+01 1.049229329997767968e+00 1.074718689168642438e+00 1.086252837198979471e+00 1.069305696999423017e+00 1.076727083114651595e+00 1.093995317350232366e+00
3.176666666666666572e+01 1.059457696886913380e+00 1.084086290929974217e+00 1.095482611338425061e+00 1.078165607930978043e+00 1.085650845734786207e+00 1.104101919286637701e+00
3.178333333333333144e+01 1.071120375881986719e+00 1.092862907282127427e+00 1.104007672042127242e+00 1.088386937563564860e+00 1.095859366273115754e+00 1.114438144104664241e+00
3.179999999999999716e+01 1.082089743838955842e+00 1.102775206317694323e+00 1.111326480864797794e+00 1.097893856993011008e+00 1.105269771921584487e+00 1.124129843307488663e+00
3.181666666666666288e+01 1.091077492124405746e+00 1.111675402088689424e+00 1.120841679004445091e+00 1.107199243614534145e+00 1.114032421848787147e+00 1.132523262442169054e+00
3.183333333333332860e+01 1.099731094956851507e+00 1.120575245620230476e+00 1.132811997775678758e+00 1.117401310725780972e+00 1.124175993749700231e+00 1.142674616442160618e+00
3.184999999999999432e+01 1.109146032756307410e+00 1.129726165292961548e+00 1.141855806012896712e+00 1.126595360715797911e+00 1.133642325814902652e+00 1.150983281668922942e+00
3.186666666666666003e+01 1.119315478326476487e+00 1.138748397128863887e+00 1.150302772720232625e+00 1.134713095336859601e+00 1.142002540707181213e+00 1.159126196448902579e+00
3.188333333333333997e+01 1.127880281598584888e+00 1.146942770383758914e+00 1.161282569849201307e+00 1.143213964942285887e+00 1.150687148310994390e+00 1.167318629201172131e+00
3.190000000000000568e+01 1.136770679293855668e+00 1.155883321294787436e+00 1.168326492124441840e+00 1.152233238896753109e+00 1.159613945756273523e+00 1.176386843740848676e+00
3.191666666666667140e+01 1.146472300472340944e+00 1.164729634889799970e+00 1.174855131189262103e+00 1.160644244106181944e+00 1.168149934842647619e+00 1.186195248587251339e+00
3.193333333333333712e+01 1.156048008197082089e+00 1.173093165032188745e+00 1.185921396824350493e+00 1.169199982519911751e+00 1.177606066006876340e+00 1.194989223804185041e+00
3.195000000000000284e+01 1.163788890524221520e+00 1.181868048575821728e+00 1.195462931783345173e+00 1.178569742457878045e+00 1.186797576909323082e+00 1.203053399806375490e+00
3.196666666666666856e+01 1.173311120803183005e+00 1.190406556751950395e+00 1.204269354660978841e+00 1.185830959546638752e+00 1.195141789165367285e+00 1.210751111649824185e+00
3.198333333333333428e+01 1.181681879785353217e+00 1.199104875343811161e+00 1.213546357309359669e+00 1.193931469218030506e+00 1.204817652223348690e+00 1.219488060731095613e+00
3.200000000000000000e+01 1.192032920188927259e+00 1.208455414380844140e+00 1.222535094540614153e+00 1.204039353084715769e+00 1.213285417819178313e+00 1.228907540954330413e+00
3.201666666666666572e+01 1.200554772089880817e+00 1.216865591675355240e+00 1.231062577813336611e+00 1.212072926208153323e+00 1.221547551587287117e+00 1.237854163327053891e+00
3.203333333333333144e+01 1.209215068504818635e+00 1.225586507776782907e+00 1.239264911082166520e+00 1.220540651011966515e+00 1.231258469869783712e+00 1.245001522003344130e+00
3.204999999999999716e+01 1.218424123569993522e+00 1.234224033684674593e+00 1.247967118493303440e+00 1.229868210478874291e+00 1.239916964772531660e+00 1.253996042810753275e+00
3.206666666666666288e+01 1.226603245855951263e+00 1.242666174584350580e+00 1.257651972680295271e+00 1.236926148035032202e+00 1.248097506296518056e+00 1.263588604905364399e+00
3.208333333333334281e+01 1.235820371100439186e+00 1.251997866234593859e+00 1.266893022841791838e+00 1.245523802477536579e+00 1.257757172857800088e+00 1.271179444542393178e+00
3.209999999999999432e+01 1.245819266131603209e+00 1.260469915995237278e+00 1.274142181281020747e+00 1.255363984328908833e+00 1.266788377704581192e+00 1.280016278300603494e+00
3.211666666666666003e+01 1.254846690559290545e+00 1.269564809776549286e+00 1.282261526549546282e+00 1.263200733598570880e+00 1.274890954432472912e+00 1.289290012918358652e+00
3.213333333333333997e+01 1.263215097961183808e+00 1.277773322870580985e+00 1.292072055126172181e+00 1.271235372654970996e+00 1.284305095370153804e+00 1.297512617555480530e+00
3.215000000000000568e+01 1.273330613156930191e+00 1.286379540783685105e+00 1.302307049246965720e+00 1.280643609513848924e+00 1.293150523293506549e+00 1.305538727520913378e+00
3.216666666666665719e+01 1.283677660641233675e+00 1.296013017618369734e+00 1.311236727014414516e+00 1.289181077663167585e+00 1.301395666495970715e+00 1.314449772614861400e+00
3.218333333333333712e+01 1.292283565672637913e+00 1.305064331011770662e+00 1.319859486212742627e+00 1.297381652273774222e+00 1.310507408365111148e+00 1.323839862764506048e+00
3.220000000000000284e+01 1.300460849413698217e+00 1.313533573444358282e+00 1.327153143985008832e+00 1.303643393181795895e+00 1.319847956742474349e+00 1.331452816114981674e+00
3.221666666666666856e+01 1.309873577039314840e+00 1.321747575241402517e+00 1.336981297467300989e+00 1.311800144378041599e+00 1.328344587906011620e+00 1.339264104069066708e+00
3.223333333333333428e+01 1.319638452965909758e+00 1.331341115754074877e+00 1.346280871175581817e+00 1.322833300803940793e+00 1.336554566190394810e+00 1.347701120326931790e+00
3.225000000000000000e+01 1.326883372418447893e+00 1.339991979111313292e+00 1.354750529446172580e+00 1.331125242266308906e+00 1.345506039396101361e+00 1.357526669668690067e+00
3.226666666666666572e+01 1.335759266060358330e+00 1.348109677901663472e+00 1.363485645386279144e+00 1.339562188211735227e+00 1.354586805157762974e+00 1.362683319154173178e+00
3.228333333333333144e+01 1.346281901013307802e+00 1.357585067841226678e+00 1.372896325914203741e+00 1.348735846304620623e+00 1.363931557101062619e+00 1.366387390149782499e+00
3.229999999999999716e+01 1.354987905069533483e+00 1.366796607192861002e+00 1.381499824435280521e+00 1.357474751782075995e+00 1.372043293288390142e+00 1.372849930826012921e+00
3.231666666666666288e+01 1.363157510709044784e+00 1.374483518716115293e+00 1.391000594208523733e+00 1.364909567316227479e+00 1.380404750556428528e+00 1.380333833091752505e+00
3.233333333333334281e+01 1.372713845568722668e+00 1.383457720816429593e+00 1.400058902272593331e+00 1.373616183105106137e+00 1.390337321677287852e+00 1.389551168382821889e+00
3.234999999999999432e+01 1.382266779651049715e+00 1.393360241979718195e+00 1.408200266903668840e+00 1.382919108381688966e+00 1.399287202340831593e+00 1.397668272916342991e+00
3.236666666666666003e+01 1.391132528597570195e+00 1.401947982297037987e+00 1.416519500460170722e+00 1.391074129881450405e+00 1.406983034919007336e+00 1.405843688499297750e+00
3.238333333333333997e+01 1.399524733626900996e+00 1.410499563893714337e+00 1.424506618305835026e+00 1.400023199298461085e+00 1.415491538384092696e+00 1.413393395033045508e+00
3.240000000000000568e+01 1.406684494297137267e+00 1.419670045656383550e+00 1.434137124364369908e+00 1.408826923384528529e+00 1.424788745518564603e+00 1.421534324789216264e+00
3.241666666666665719e+01 1.416568194287994631e+00 1.428575899239687752e+00 1.443069043228041082e+00 1.417529478909887564e+00 1.433383430377495937e+00 1.431534297351188867e+00
3.243333333333333712e+01 1.428807666025462941e+00 1.436800744193786894e+00 1.450959877567366663e+00 1.425467871744553694e+00 1.442145960698291596e+00 1.442436538036339977e+00
3.245000000000000284e+01 1.436715130128140006e+00 1.447267842358026524e+00 1.461384790917296339e+00 1.435427109736279405e+00 1.451729778225935075e+00 1.451129639414303618e+00
3.246666666666666856e+01 1.445617720079884316e+00 1.456269292752240707e+00 1.470367031802108260e+00 1.446075400027507563e+00 1.460617374560547521e+00 1.458260939589135496e+00
3.248333333333333428e+01 1.458626080805101033e+00 1.464330435100595240e+00 1.477814557660375838e+00 1.455262164647663115e+00 1.469295323695793964e+00 1.468381367487986866e+00
3.250000000000000000e+01 1.465520446611368488e+00 1.474333010596698301e+00 1.487552700392295035e+00 1.463945649269744242e+00 1.478668315876688677e+00 1.477556174832207914e+00
3.251666666666666572e+01 1.473480305605735730e+00 1.484206581214461362e+00 1.497353929592114552e+00 1.474200365051804962e+00 1.488147293807814187e+00 1.484668571113292534e+00
3.253333333333333144e+01 1.484502404624976846e+00 1.493813469511466208e+00 1.505600276373018964e+00 1.482619971666447878e+00 1.497469673509053578e+00 1.494826141531534036e+00
3.254999999999999716e+01 1.494748089844400107e+00 1.503304937660941087e+00 1.513663251698064371e+00 1.490882564753903461e+00 1.507179614816218427e+00 1.505127124181050435e+00
3.256666666666666288e+01 1.505161654948031114e+00 1.513159229006548534e+00 1.524043181815605275e+00 1.501751925861596559e+00 1.516261173805603324e+00 1.513602866888766663e+00
3.258333333333334281e+01 1.515052781652939551e+00 1.523092699389356985e+00 1.535014446582950054e+00 1.512942495130980669e+00 1.525945833880463010e+00 1.522781610955251219e+00
3.259999999999999432e+01 1.525305670523309454e+00 1.532523774587221554e+00 1.543900050691067172e+00 1.522239905499946477e+00 1.535435557878144230e+00 1.532530317304733547e+00
3.261666666666666003e+01 1.535910776674285438e+00 1.541914549645054144e+00 1.552152783932301716e+00 1.530219240826167448e+00 1.543614364347923651e+00 1.544838343245810597e+00
3.263333333333333997e+01 1.544173096861974237e+00 1.550911926757493120e+00 1.561333872382724586e+00 1.539198069809849079e+00 1.553139158526056107e+00 1.551025616377608829e+00
3.265000000000000568e+01 1.553632574528064358e+00 1.560603591558433534e+00 1.569863609714180486e+00 1.548682028392319943e+00 1.561530562414419565e+00 1.554798113859582775e+00
3.266666666666665719e+01 1.562818533247639863e+00 1.569304049731365724e+00 1.579338374065771822e+00 1.557914426274324970e+00 1.571268601766948381e+00 1.563929684328283720e+00
3.268333333333333712e+01 1.572847717337777063e+00 1.578958777502723398e+00 1.587314947638416074e+00 1.565845732214739439e+00 1.579961898932666253e+00 1.576432317584757659e+00
3.270000000000000284e+01 1.582484340169687309e+00 1.587946934010725064e+00 1.594657425268063644e+00 1.574778555565742311e+00 1.587879101789781311e+00 1.585055147606460713e+00
3.271666666666666856e+01 1.591806676822105970e+00 1.596040098705094890e+00 1.603784848205999758e+00 1.584480469432301142e+00 1.597678379496789036e+00 1.592268955916056772e+00
3.273333333333333428e+01 1.600796881003452521e+00 1.606079810887356629e+00 1.613163660917030784e+00 1.590663542319759260e+00 1.606883847468893567e+00 1.602365668642252494e+00
3.275000000000000000e+01 1.609896677856768710e+00 1.615784932360362136e+00 1.621422519093219661e+00 1.599631135399213644e+00 1.615439258147360002e+00 1.606594804862939263e+00
3.276666666666666572e+01 1.619049969218857798e+00 1.624003856584436800e+00 1.629150423245303347e+00 1.611389270298100307e+00 1.624262563003225912e+00 1.616061851635058222e+00
3.278333333333333144e+01 1.629375920912614184e+00 1.632629159728294699e+00 1.637327438111180644e+00 1.620854786371821898e+00 1.632828441906074346e+00 1.625971184628631550e+00
3.279999999999999716e+01 1.637163613881876367e+00 1.642784809912032351e+00 1.647803665081909452e+00 1.628973109931771024e+00 1.642097737357860021e+00 1.634187149294797026e+00
3.281666666666666288e+01 1.646135971446141877e+00 1.651862352978056503e+00 1.657027977408710218e+00 1.637135169408904467e+00 1.650356828784883989e+00 1.644687882102063181e+00
3.283333333333334281e+01 1.657038953464354814e+00 1.660598049210262994e+00 1.664682556833489313e+00 1.645774757518697839e+00 1.660028834734624814e+00 1.650833539093247593e+00
3.284999999999999432e+01 1.665869256542281907e+00 1.670090255976146132e+00 1.671350163910469977e+00 1.654611580263239290e+00 1.669037310984494704e+00 1.658130760654828562e+00
3.286666666666666003e+01 1.675536574859836536e+00 1.679114980359907916e+00 1.679880011635392245e+00 1.663893310393428582e+00 1.676898642701213138e+00 1.667680823124852996e+00
3.288333333333333997e+01 1.684760280445343872e+00 1.687674550450636968e+00 1.689802186320112476e+00 1.672337674770570271e+00 1.686132908652415496e+00 1.676307395448894288e+00
3.290000000000000568e+01 1.693429764810755245e+00 1.697386984533991949e+00 1.700089836541323285e+00 1.680206218066834900e+00 1.694200422261340488e+00 1.683351086971231814e+00
3.291666666666665719e+01 1.703747324012907072e+00 1.706176092218212315e+00 1.710649858571056559e+00 1.689118891198545969e+00 1.703498727004128188e+00 1.692315297217152903e+00
3.293333333333333712e+01 1.712665243985717289e+00 1.714633671571797580e+00 1.715846365477394775e+00 1.700712892916429686e+00 1.711904792008925869e+00 1.700429722878226135e+00
3.295000000000000284e+01 1.721156418754394624e+00 1.725000760334737260e+00 1.719946929767295130e+00 1.708392207256499651e+00 1.720500770773087718e+00 1.708707484349442751e+00
3.296666666666666856e+01 1.729888849415869956e+00 1.734020468461736630e+00 1.731064727563356609e+00 1.716942925190388713e+00 1.730426924272911560e+00 1.716909655101789500e+00
3.298333333333333428e+01 1.738386501955588637e+00 1.743223016508442136e+00 1.742834397405574220e+00 1.724082737095808282e+00 1.739377106443491972e+00 1.725087485277468025e+00
3.300000000000000000e+01 1.748403245864317723e+00 1.753256603355113130e+00 1.752823689427016385e+00 1.731944735869577867e+00 1.748720919524011430e+00 1.734541718912105512e+00
3.301666666666666572e+01 1.758447498787071961e+00 1.761877201308912788e+00 1.759126054093502756e+00 1.742666232508156554e+00 1.756478842901851189e+00 1.741818726640328441e+00
3.303333333333333144e+01 1.768992436829643911e+00 1.771718390258995912e+00 1.766912444750182276e+00 1.752212450503413121e+00 1.765969565269923880e+00 1.750400906609551610e+00
3.304999999999999716e+01 1.779449122051885768e+00 1.780476129362680737e+00 1.774738159576009222e+00 1.759331494146048058e+00 1.774325135997098846e+00 1.759103416197758118e+00
3.306666666666666288e+01 1.788195562448410492e+00 1.790222862497560907e+00 1.782812094263113822e+00 1.768759771637142597e+00 1.782390286340277630e+00 1.765826780482596003e+00
3.308333333333334281e+01 1.797167098733648771e+00 1.798598687503721205e+00 1.791755308146375736e+00 1.777197233955192024e+00 1.792133079186272848e+00 1.775312928116297817e+00
3.309999999999999432e+01 1.806973735055597885e+00 1.806613528600017338e+00 1.800873473222106336e+00 1.783686735412638891e+00 1.800910993281563233e+00 1.782438514214664149e+00
3.311666666666666003e+01 1.817758141928199844e+00 1.816924393139069061e+00 1.810817927285735207e+00 1.792910431939230387e+00 1.809923196904530629e+00 1.789634175564298380e+00
3.313333333333333997e+01 1.826028880630260698e+00 1.826882374930477226e+00 1.820901591779590767e+00 1.802374243730761938e+00 1.817548134369191715e+00 1.798706361772681284e+00
3.315000000000000568e+01 1.833731653481726953e+00 1.834663700525775099e+00 1.826165663530414651e+00 1.809978708955529703e+00 1.827114909114526231e+00 1.807545889539979411e+00
3.316666666666665719e+01 1.844356465762746478e+00 1.844591670380256732e+00 1.835752512736317232e+00 1.817905631734366478e+00 1.835677688866614865e+00 1.815839514884168393e+00
3.318333333333333712e+01 1.854716428801577166e+00 1.854590803499078566e+00 1.845379568962520533e+00 1.827099682154624372e+00 1.843556932502884882e+00 1.823594784896150678e+00
3.320000000000000284e+01 1.862715522654786460e+00 1.862487401679144616e+00 1.853132938968488741e+00 1.835391045562003498e+00 1.853296422936534071e+00 1.830737670986204435e+00
3.321666666666666856e+01 1.872606490935330825e+00 1.872841543062256475e+00 1.860868301425884219e+00 1.843163854323083273e+00 1.862043901505855414e+00 1.839113808528246352e+00
3.323333333333333428e+01 1.882472747438169502e+00 1.881750257809732485e+00 1.871124476608666765e+00 1.851999555028287725e+00 1.871227388703852856e+00 1.848630768698031668e+00
3.325000000000000000e+01 1.891857662987022737e+00 1.889658625489026633e+00 1.881081824516505963e+00 1.861457567786328982e+00 1.878627483309085466e+00 1.856161875051761223e+00
3.326666666666666572e+01 1.899675079390845012e+00 1.899925970416027843e+00 1.885950912943919366e+00 1.869961914267048275e+00 1.887928556045408435e+00 1.862329956505569761e+00
3.328333333333333144e+01 1.909389571225204030e+00 1.908420168794712435e+00 1.892960199858690018e+00 1.876590087012604213e+00 1.896627676241809946e+00 1.871024775638929993e+00
3.329999999999999716e+01 1.918553314415475386e+00 1.915962792050927233e+00 1.903980595143849541e+00 1.884753182881441225e+00 1.904036196697969974e+00 1.878756048818178037e+00
3.331666666666666288e+01 1.926282302882118769e+00 1.926382553677852938e+00 1.911300601115819564e+00 1.893620569880632987e+00 1.913360797454075612e+00 1.887694972174154495e+00
3.333333333333334281e+01 1.936042651379091373e+00 1.934573206797282063e+00 1.916907826496356160e+00 1.901456519757896091e+00 1.921531351567485890e+00 1.895697011362711182e+00
3.334999999999999432e+01 1.944576992782815816e+00 1.942964290865391908e+00 1.926185800911977886e+00 1.909888288121162958e+00 1.930513853867410257e+00 1.902113770864486408e+00
3.336666666666666003e+01 1.953721903918075542e+00 1.953337446707334557e+00 1.935172124424575202e+00 1.916936082715675838e+00 1.937565071359770741e+00 1.909192056164700890e+00
3.338333333333333997e+01 1.963420791199392390e+00 1.961854314143903100e+00 1.941150727570928103e+00 1.926245365371849649e+00 1.946536533671701097e+00 1.919078872851724071e+00
3.340000000000000568e+01 1.972787938843004962e+00 1.970739505564123029e+00 1.952832866379618393e+00 1.934424455364072815e+00 1.955706686955433371e+00 1.925914748382765218e+00
3.341666666666665719e+01 1.981894727059604122e+00 1.978838192008130603e+00 1.963106286332165329e+00 1.939944015824998536e+00 1.963226789278795126e+00 1.933449223069051870e+00
3.343333333333333712e+01 1.990648854923128708e+00 1.987280319641757220e+00 1.967801956040595268e+00 1.949346222445955679e+00 1.972250103289947099e+00 1.942638448625956471e+00
3.345000000000000284e+01 2.000925534856166088e+00 1.997167618269029221e+00 1.975443736186978771e+00 1.958340801040364898e+00 1.980006095969840230e+00 1.949408331378161829e+00
3.346666666666666856e+01 2.009791492009098235e+00 2.005981359085811544e+00 1.983902253652842340e+00 1.966892506767415671e+00 1.989106690011840373e+00 1.956578996093143674e+00
3.348333333333333428e+01 2.018121884803289579e+00 2.014245796719250858e+00 1.991050027501002129e+00 1.973738456911920292e+00 1.996349245556737317e+00 1.965071880841045227e+00
3.350000000000000000e+01 2.025466183697345990e+00 2.023739915302159798e+00 1.999767950392368432e+00 1.983482354966191963e+00 2.004881088484734342e+00 1.973733514243724230e+00
3.351666666666666572e+01 2.035672323275925510e+00 2.033934955659668198e+00 2.008506275418590281e+00 1.991577160846179639e+00 2.014976399931021511e+00 1.980096273041531463e+00
3.353333333333333144e+01 2.047181859787468472e+00 2.041759034095246950e+00 2.014101641362366024e+00 1.998905222200896059e+00 2.023428779899371310e+00 1.988301714730834613e+00
3.354999999999999716e+01 2.056737574485834052e+00 2.052856038893126733e+00 2.025726122978556365e+00 2.006433443934751981e+00 2.032920095114303827e+00 1.997424142516174062e+00
3.356666666666666288e+01 2.065019839706102811e+00 2.062693612229057560e+00 2.038829991042967027e+00 2.017253730703549408e+00 2.040999320788820626e+00 2.006287736096640018e+00
3.358333333333334281e+01 2.075647474584399355e+00 2.070288437782627167e+00 2.045100329869949274e+00 2.025904975565945509e+00 2.050862421591020279e+00 2.013465018243451254e+00
3.359999999999999432e+01 2.084780385373134148e+00 2.080761869704090383e+00 2.052451185263396649e+00 2.033069172779196965e+00 2.058219420176087056e+00 2.021471339327251204e+00
3.361666666666666003e+01 2.094836734142395240e+00 2.089278930164057524e+00 2.057883281703764222e+00 2.041059213664160765e+00 2.066310193606093470e+00 2.030432791406986404e+00
3.363333333333333997e+01 2.102725019808704854e+00 2.096415389063264634e+00 2.068783345821813668e+00 2.049261848227931004e+00 2.075769867576159999e+00 2.035178184009605040e+00
3.365000000000000568e+01 2.111158403213436507e+00 2.106696828290120393e+00 2.077393723050906083e+00 2.056685052268694580e+00 2.083645658908710008e+00 2.042320722392834131e+00
3.366666666666665719e+01 2.120775205825440324e+00 2.115261147857545598e+00 2.084699352852502852e+00 2.065812526568610696e+00 2.092314338679354790e+00 2.049956295355874758e+00
3.368333333333333712e+01 2.126897291653615518e+00 2.121530437431941696e+00 2.094082634809872001e+00 2.072616209087725814e+00 2.099162297817271927e+00 2.058755930277493817e+00
3.370000000000000284e+01 2.135751952090740868e+00 2.130332669568917758e+00 2.101657861247835601e+00 2.080596871814311744e+00 2.107989425716498388e+00 2.067184040922716015e+00
3.371666666666666856e+01 2.145949845061530414e+00 2.140055230102471118e+00 2.107666101289352500e+00 2.088895484579089246e+00 2.114908526944983880e+00 2.075264378105052376e+00
3.373333333333333428e+01 2.151902462006370254e+00 2.147604896435213906e+00 2.115884138394822589e+00 2.095390071355148098e+00 2.122420933898420792e+00 2.081491769812529036e+00
3.375000000000000000e+01 2.161055537303188778e+00 2.156552505930223518e+00 2.121304978347972714e+00 2.102501824708856493e+00 2.131551833304713206e+00 2.087425730913241573e+00
3.376666666666666572e+01 2.171542554480212051e+00 2.166235739533457050e+00 2.129788958572418345e+00 2.110668776053396201e+00 2.139383027992557640e+00 2.094516080760423282e+00
3.378333333333333144e+01 2.179837808320649994e+00 2.174080667989985560e+00 2.141968089277880960e+00 2.119036463888896105e+00 2.147976771608364199e+00 2.103694468381668070e+00
3.379999999999999716e+01 2.191680714090311177e+00 2.182349794460912928e+00 2.148270308358996239e+00 2.127049294020221026e+00 2.154963741134858335e+00 2.111153030884846515e+00
3.381666666666666288e+01 2.200580463720733349e+00 2.192753195284185885e+00 2.155439081347707120e+00 2.133580775480479641e+00 2.164170671762724485e+00 2.117094557524658249e+00
3.383333333333334281e+01 2.206508518879166658e+00 2.199008435060886946e+00 2.165330882644051158e+00 2.142075790373014765e+00 2.171578977581271719e+00 2.124454444665301533e+00
3.384999999999999432e+01 2.215533968908739659e+00 2.206446937311176359e+00 2.173301629893004350e+00 2.151380968731375631e+00 2.178730989607962520e+00 2.133246713041618836e+00
3.386666666666666003e+01 2.225036531518467697e+00 2.217915993012900433e+00 2.179206306669086324e+00 2.158272943011360301e+00 2.187863005473993372e+00 2.139608834782918301e+00
3.388333333333333997e+01 2.232671372973602519e+00 2.224767111641528849e+00 2.186934789470377005e+00 2.164892440602564250e+00 2.195308452040190428e+00 2.147302967915453387e+00
3.390000000000000568e+01 2.240434359874205583e+00 2.231033122042665795e+00 2.195438076353545043e+00 2.172491734433075194e+00 2.203484954170264576e+00 2.154689523232376391e+00
3.391666666666665719e+01 2.249924528219212849e+00 2.242384519527248710e+00 2.202615509599628929e+00 2.175812378543244385e+00 2.209880494397669093e+00 2.162054137821327604e+00
3.393333333333333712e+01 2.259407929578916008e+00 2.250002361041612886e+00 2.209024690415881231e+00 2.180702186933190401e+00 2.218750259021150750e+00 2.168037466112260336e+00
3.395000000000000284e+01 2.264490938157516897e+00 2.256611472073098756e+00 2.217419573943610445e+00 2.194494027876417341e+00 2.225990048488360351e+00 2.175026853435686913e+00
3.396666666666666856e+01 2.271182905514605110e+00 2.266909530858745025e+00 2.226468166054643039e+00 2.202763896100756735e+00 2.232112000105735294e+00 2.184175770420400564e+00
3.398333333333333428e+01 2.284602908917078512e+00 2.274019094597134139e+00 2.233174374997414446e+00 2.204983244119843366e+00 2.240912837388718160e+00 2.190529411507627700e+00
3.400000000000000000e+01 2.291891175810280679e+00 2.280485671602789477e+00 2.239504541387323133e+00 2.216004214861218014e+00 2.247932804609048763e+00 2.196784660175730153e+00
3.401666666666666572e+01 2.294710929817508571e+00 2.289960296671406770e+00 2.246515587265887959e+00 2.222991840864291913e+00 2.255136065258627198e+00 2.203294130570528697e+00
3.403333333333333144e+01 2.301461514491744520e+00 2.296324100771226728e+00 2.255153005408838229e+00 2.229110027069471034e+00 2.260230978996327522e+00 2.210005937011131127e+00
3.404999999999999716e+01 2.312062766432990468e+00 2.300829585358821650e+00 2.259583706608121023e+00 2.238114143224384289e+00 2.267990130150012718e+00 2.216235773869657866e+00
3.406666666666666288e+01 2.317457125815688634e+00 2.310152873311344113e+00 2.265932222247835082e+00 2.245477760999939676e+00 2.274572220499976094e+00 2.220867322157963120e+00
3.408333333333334281e+01 2.326119344374684594e+00 2.316789043795530745e+00 2.273420644409725799e+00 2.251020092299902853e+00 2.279656350885260530e+00 2.227277145672527769e+00
3.409999999999999432e+01 2.335730584345444338e+00 2.321516123110256125e+00 2.281214109838489268e+00 2.256962546292132554e+00 2.288187559907505442e+00 2.235051869363130272e+00
3.411666666666666003e+01 2.340853782527528626e+00 2.332152875929971447e+00 2.287117894519044459e+00 2.263715119999589742e+00 2.294856686288010206e+00 2.242027987354325180e+00
3.413333333333333997e+01 2.347666105907916911e+00 2.340317793224173659e+00 2.296074012916006879e+00 2.271154607886405774e+00 2.302735020495884743e+00 2.247548895563527882e+00
3.415000000000000568e+01 2.357151245048286103e+00 2.345195425605290040e+00 2.304244693448060932e+00 2.280402132877554777e+00 2.308365255721552156e+00 2.256111326833375674e+00
3.416666666666665719e+01 2.361575161761376052e+00 2.354855135357687423e+00 2.309678518135432235e+00 2.287319782026498771e+00 2.316388117088183041e+00 2.263598287325450098e+00
3.418333333333333712e+01 2.367674409711256978e+00 2.365375467959864419e+00 2.317622043496248452e+00 2.292540440321579887e+00 2.324271850635382997e+00 2.270033338029096903e+00
3.420000000000000284e+01 2.376822189845885447e+00 2.372091680083641130e+00 2.325079935176082913e+00 2.302552637721089202e+00 2.330041619543962383e+00 2.275835421571120509e+00
3.421666666666666856e+01 2.385314874956995901e+00 2.377607190208437693e+00 2.330712907534498335e+00 2.308827382676158724e+00 2.337993634179324598e+00 2.282698132807960523e+00
3.423333333333333428e+01 2.393407047880739658e+00 2.385808346783510281e+00 2.337949854434126173e+00 2.314724945688316549e+00 2.343869250071121790e+00 2.290806583117111828e+00
3.425000000000000000e+01 2.397731140140979544e+00 2.394001650221602606e+00 2.345051038554155642e+00 2.319682678204813442e+00 2.351752129274097491e+00 2.296091850607199891e+00
3.426666666666666572e+01 2.404816950284099697e+00 2.401262849866733884e+00 2.352218281455318749e+00 2.325688557248207555e+00 2.357534780116523621e+00 2.302580761956128708e+00
3.428333333333333144e+01 2.415802023067767923e+00 2.408281200813866985e+00 2.361729369695693137e+00 2.337626759364645146e+00 2.364409592947851468e+00 2.309936399327473744e+00
3.429999999999999716e+01 2.424627904000642875e+00 2.416878727157946827e+00 2.366809763892374185e+00 2.346731054488380597e+00 2.372893477608900348e+00 2.316796381640331415e+00
3.431666666666666288e+01 2.429200777121478083e+00 2.424358714527067526e+00 2.372929650757239273e+00 2.352650393614647673e+00 2.379221753827103214e+00 2.324053333779465103e+00
3.433333333333334281e+01 2.435743977960157736e+00 2.431279903636879069e+00 2.381929452745016107e+00 2.355540472934993357e+00 2.386858260574803214e+00 2.329414479891998901e+00
3.434999999999999432e+01 2.444702705718481806e+00 2.440474940019040861e+00 2.388013654872169766e+00 2.358789559339951047e+00 2.392380124654914564e+00 2.337214030322853020e+00
3.436666666666666003e+01 2.449381846333642088e+00 2.446744744829731033e+00 2.395309416535246871e+00 2.370925351463711195e+00 2.400347053341567616e+00 2.344680995982878269e+00
3.438333333333333997e+01 2.453805896225198069e+00 2.453464228240251455e+00 2.400972619829148336e+00 2.380929887970320902e+00 2.405835100349885902e+00 2.347749553197603589e+00
3.440000000000000568e+01 2.463756465366849113e+00 2.461810582351891430e+00 2.404743126999786984e+00 2.387946873398228753e+00 2.411828328443506031e+00 2.354339010850997838e+00
3.441666666666665719e+01 2.470203689620847687e+00 2.462681211819073290e+00 2.413610450936077623e+00 2.394431509259343116e+00 2.420033442793968703e+00 2.362920925232657066e+00
3.443333333333333712e+01 2.476300066918218246e+00 2.471711894828787504e+00 2.424141209459110602e+00 2.398116672996482901e+00 2.426301961007772068e+00 2.369634688295885194e+00
3.445000000000000284e+01 2.483596544898698522e+00 2.484768387885903262e+00 2.429849451566353125e+00 2.406696288954160767e+00 2.433807691418963248e+00 2.375679869876346828e+00
3.446666666666666856e+01 2.494799563519678465e+00 2.491292734692142297e+00 2.435132381194771156e+00 2.414352519407409581e+00 2.439206178454429441e+00 2.382662307403246693e+00
3.448333333333333428e+01 2.505405613098585782e+00 2.496201958348843952e+00 2.443228079483398929e+00 2.421466718752613545e+00 2.447400612067608172e+00 2.390442264851293963e+00
3.450000000000000000e+01 2.509580565022760723e+00 2.505973509972773794e+00 2.449505065584542951e+00 2.430046186938386032e+00 2.453461411042160645e+00 2.395517859217291878e+00
3.451666666666666572e+01 2.514606151688733693e+00 2.513779484068500825e+00 2.457145527787629291e+00 2.435444622396093717e+00 2.459084801356731909e+00 2.400497746596296444e+00
3.453333333333333144e+01 2.523229834074494971e+00 2.518629931375261588e+00 2.464480880785772765e+00 2.442465479930156391e+00 2.467394554621007430e+00 2.410548736041804752e+00
3.454999999999999716e+01 2.531575672463719950e+00 2.526353296710167839e+00 2.470143337834652009e+00 2.452191762723257895e+00 2.473588021418693828e+00 2.415413301579328653e+00
3.456666666666666288e+01 2.537153974952777169e+00 2.534035552503568933e+00 2.478077308825624492e+00 2.457563659107906417e+00 2.480995509513823638e+00 2.419497859756384983e+00
3.458333333333334281e+01 2.544075251015279093e+00 2.542678428107419730e+00 2.484210655250555178e+00 2.463518919327839729e+00 2.485897612813281476e+00 2.428172327644754880e+00
3.459999999999999432e+01 2.550379431390246587e+00 2.546646936162243247e+00 2.490225397378940109e+00 2.473781615104157172e+00 2.493710716054369225e+00 2.436339236663215502e+00
3.461666666666666003e+01 2.555598577102386137e+00 2.553381709056788296e+00 2.493910239097007597e+00 2.475450439004125869e+00 2.499829008027325106e+00 2.439608220640439917e+00
3.463333333333333997e+01 2.565749645187392236e+00 2.563188901416275645e+00 2.500763820092503309e+00 2.479818888785251918e+00 2.504544578276544531e+00 2.444933516569004706e+00
3.465000000000000568e+01 2.571339121455508803e+00 2.567883208585125310e+00 2.509657803524534270e+00 2.488395028411604315e+00 2.512460095236794810e+00 2.451914725080151847e+00
3.466666666666665719e+01 2.576069116135529136e+00 2.573716180197823000e+00 2.514036047025450582e+00 2.494100146498773984e+00 2.518072750118428793e+00 2.459172380187758744e+00
3.468333333333333712e+01 2.584627588660211917e+00 2.582456216526048287e+00 2.520733988483586430e+00 2.501729930919292855e+00 2.524874791245285799e+00 2.464336799441759762e+00
3.470000000000000284e+01 2.588426984926432084e+00 2.589469717631484702e+00 2.529722367311035391e+00 2.508974920642277340e+00 2.529150074545661209e+00 2.470654967766901855e+00
3.471666666666666856e+01 2.594430193509066562e+00 2.594658520363545939e+00 2.535748450702788759e+00 2.516687953075421369e+00 2.536591381134351675e+00 2.475668087395782813e+00
3.473333333333333428e+01 2.603210715919674456e+00 2.599999812874701277e+00 2.539932833916691113e+00 2.520448159459273807e+00 2.543280083121832291e+00 2.481109274906106776e+00
3.475000000000000000e+01 2.611236640312052604e+00 2.608657132496145170e+00 2.548524323312572282e+00 2.526409096673878363e+00 2.547752385006349929e+00 2.488249666914315927e+00
3.476666666666666572e+01 2.614704688154871448e+00 2.615004404788998205e+00 2.553966512187975990e+00 2.532522730194203930e+00 2.554977558664350834e+00 2.491046547999431926e+00
3.478333333333333144e+01 2.619758543828708319e+00 2.618513003324073107e+00 2.558801057113141653e+00 2.534783065828658533e+00 2.559705621831862121e+00 2.498070695607516711e+00
3.479999999999999716e+01 2.628372624609365271e+00 2.627101026621872393e+00 2.563788787249486223e+00 2.543910056075376680e+00 2.566452479907968431e+00 2.506059958244287955e+00
3.481666666666666288e+01 2.633341357135475569e+00 2.633142409569571907e+00 2.566165035526130733e+00 2.553280958656571897e+00 2.570246741032725435e+00 2.511175888353558427e+00
3.483333333333334281e+01 2.634476219217001258e+00 2.635911953204538083e+00 2.571442284268967704e+00 2.554379838723059404e+00 2.576274257387720201e+00 2.514036430955820300e+00
3.484999999999999432e+01 2.641967577322260396e+00 2.644747234636816380e+00 2.575989659301790802e+00 2.558196537625082811e+00 2.583677798664139491e+00 2.521342553059553460e+00
3.486666666666666003e+01 2.654388170441588812e+00 2.650575422916442214e+00 2.581988120933249586e+00 2.568977552274338549e+00 2.588359968911106090e+00 2.526597479131692747e+00
3.488333333333333997e+01 2.659107622765514378e+00 2.655360650859205141e+00 2.588419870284514257e+00 2.574669058101033858e+00 2.595111758635439081e+00 2.532244739973027237e+00
3.490000000000000568e+01 2.663071421784373616e+00 2.664451178826794386e+00 2.598989579236305580e+00 2.581220314513041458e+00 2.599683198249431726e+00 2.538034254101187326e+00
3.491666666666665719e+01 2.672579463666678201e+00 2.669151357374403233e+00 2.607505352492936357e+00 2.586595912535508912e+00 2.606827544277635411e+00 2.539578283671197312e+00
3.493333333333333712e+01 2.675975175503672254e+00 2.672698112017911409e+00 2.610380283880675112e+00 2.592300061400823363e+00 2.611033519660439950e+00 2.547234999617219220e+00
3.495000000000000284e+01 2.681059334392146276e+00 2.681809585485543490e+00 2.620014758186250514e+00 2.598097522838882956e+00 2.616582213415881597e+00 2.557053663441847924e+00
3.496666666666666856e+01 2.689255779171788596e+00 2.688419142653347027e+00 2.623010131298254777e+00 2.605198804866955875e+00 2.624080777130861186e+00 2.559516144270510551e+00
3.498333333333333428e+01 2.695784779377332185e+00 2.692461990448416831e+00 2.625210834118957504e+00 2.612562271631195365e+00 2.628875763395715381e+00 2.565613033175079494e+00
3.500000000000000000e+01 2.700059192489622006e+00 2.700711667945543404e+00 2.630159570396573443e+00 2.617344975196546741e+00 2.635464699084162365e+00 2.573093645021959919e+00
3.501666666666666572e+01 2.704862972684365818e+00 2.705091870195022175e+00 2.637094842392417871e+00 2.625757663892541949e+00 2.639251845095507143e+00 2.577433815807317341e+00
3.503333333333333144e+01 2.712224602320088884e+00 2.711436783005446216e+00 2.643458523139543992e+00 2.632454656936589199e+00 2.645934248127759680e+00 2.581068109327517401e+00
3.504999999999999716e+01 2.717100496201020565e+00 2.718485983894998625e+00 2.650419405805724882e+00 2.632075890526991202e+00 2.650354462712915637e+00 2.588154573491594057e+00
3.506666666666666288e+01 2.720727691266112025e+00 2.721299160915196858e+00 2.653297368138667789e+00 2.638817873372944600e+00 2.654624864806532702e+00 2.591464497903779307e+00
3.508333333333334281e+01 2.727962732131949508e+00 2.728515723528141201e+00 2.660825807432827261e+00 2.647803534632049871e+00 2.661557114885269915e+00 2.596730289480866372e+00
3.509999999999999432e+01 2.734410656081199154e+00 2.736126847879973845e+00 2.663275592059662245e+00 2.653261307402790870e+00 2.666329124168636877e+00 2.603984864059002646e+00
3.511666666666666003e+01 2.738064786234528203e+00 2.738427701488715726e+00 2.668275322316078668e+00 2.656525577658016335e+00 2.672384394193845658e+00 2.606764103133263344e+00
3.513333333333333997e+01 2.742925764713568082e+00 2.741580971553851054e+00 2.676595807768053170e+00 2.658813991032455970e+00 2.675489959868120327e+00 2.610731625628481822e+00
3.515000000000000568e+01 2.749480479239463371e+00 2.750637828885929004e+00 2.680977877146597521e+00 2.665835624303186879e+00 2.682397237700163029e+00 2.617815084245740387e+00
3.516666666666665719e+01 2.757144965920219182e+00 2.755540005940833037e+00 2.687131518819162235e+00 2.672038831570330508e+00 2.686869520386711230e+00 2.623874286045928983e+00
3.518333333333333712e+01 2.759304394936754168e+00 2.758582075348548379e+00 2.697187493967818206e+00 2.678256782931316415e+00 2.690568324703189962e+00 2.625989376766281858e+00
3.520000000000000284e+01 2.766353174138783011e+00 2.766494349807562703e+00 2.700435599441994849e+00 2.676544145627822058e+00 2.697948420176349504e+00 2.631636569882981558e+00
3.521666666666666856e+01 2.772591716115137661e+00 2.773215097200139478e+00 2.704264838565365370e+00 2.677805474939147778e+00 2.702571861499001749e+00 2.637704048218094233e+00
3.523333333333333428e+01 2.776406225884984202e+00 2.779250074380814173e+00 2.712565229200975647e+00 2.682702511163181480e+00 2.708631661649464117e+00 2.643025892400699295e+00
3.525000000000000000e+01 2.782306352259846349e+00 2.780646322440348595e+00 2.719674822179352081e+00 2.689406806452601995e+00 2.711965673530850385e+00 2.647677487072185532e+00
3.526666666666666572e+01 2.784016135879691323e+00 2.786614220335431824e+00 2.724728099936290615e+00 2.698093700701815756e+00 2.718366136089037877e+00 2.655054932808463608e+00
3.528333333333333144e+01 2.791601063294499419e+00 2.795357840404149474e+00 2.727697532154453430e+00 2.706379296483985897e+00 2.723364652850718937e+00 2.657876806218148591e+00
3.529999999999999716e+01 2.799076683040549351e+00 2.798386019747521214e+00 2.732727103139879432e+00 2.713631266679906950e+00 2.726579885238478163e+00 2.661125991463296092e+00
3.531666666666666288e+01 2.800389572500458613e+00 2.804134158797571441e+00 2.736713770336666851e+00 2.718045549983789666e+00 2.733142825183699998e+00 2.667570738605594904e+00
3.533333333333334281e+01 2.804462935844696858e+00 2.812780620756254901e+00 2.739296272004758226e+00 2.722653666852573817e+00 2.737186661561137324e+00 2.671804844531939782e+00
3.534999999999999432e+01 2.810417373066930846e+00 2.811150804044129980e+00 2.747445524692282426e+00 2.727292547034368742e+00 2.743178756004284846e+00 2.677313258704304921e+00
3.536666666666666003e+01 2.817489062825116353e+00 2.814195611536467467e+00 2.753036818254561702e+00 2.738284777810339854e+00 2.745706707199429886e+00 2.681711448037092271e+00
3.538333333333333997e+01 2.822895616072811364e+00 2.824912595759791589e+00 2.754160333398853133e+00 2.745281588597355604e+00 2.751494328859115157e+00 2.685135400355987301e+00
3.540000000000000568e+01 2.829979748066281164e+00 2.830189890944982523e+00 2.759653518599332500e+00 2.748516135406810612e+00 2.757136453294648071e+00 2.690044309738563566e+00
3.541666666666665719e+01 2.833130882642407311e+00 2.834533183075097273e+00 2.769284037945997756e+00 2.751064650800299383e+00 2.760072754356003522e+00 2.696557703092770542e+00
3.543333333333333712e+01 2.836131486621824571e+00 2.840658629500495636e+00 2.774241014668612060e+00 2.756023514923605866e+00 2.766200962870092983e+00 2.700170395133484114e+00
3.545000000000000284e+01 2.840550844004777975e+00 2.843570345820703782e+00 2.778427933591680610e+00 2.760353922234609403e+00 2.769734764765250379e+00 2.702949731305895664e+00
3.546666666666666856e+01 2.846302131769300914e+00 2.848943514394966403e+00 2.783694064585353178e+00 2.767561466124847325e+00 2.775482263024418028e+00 2.708080238663697958e+00
3.548333333333333428e+01 2.854058704346689179e+00 2.853536884634005677e+00 2.785914860635545498e+00 2.774313660847045782e+00 2.778042382810927524e+00 2.713266820643646327e+00
3.550000000000000000e+01 2.856240384666167920e+00 2.856261558732118289e+00 2.790430087420750382e+00 2.777240018467523441e+00 2.783096867661840168e+00 2.718587887460605756e+00
3.551666666666666572e+01 2.859901650619566471e+00 2.863845265579954003e+00 2.799694049604914081e+00 2.783321497097756669e+00 2.790236622592819238e+00 2.721563916249464476e+00
3.553333333333333144e+01 2.869088243157439599e+00 2.871081092559935488e+00 2.802579717745047105e+00 2.792067899696025535e+00 2.794378326445256633e+00 2.726358168407179150e+00
3.554999999999999716e+01 2.873136692030671568e+00 2.875707418082941835e+00 2.808761648014828527e+00 2.795299720943265509e+00 2.801176467419464799e+00 2.735693078370386111e+00
3.556666666666666288e+01 2.877755681775151508e+00 2.881776576626339903e+00 2.816327780195112762e+00 2.803776357925317875e+00 2.805247218487090244e+00 2.742452594769720697e+00
3.558333333333334281e+01 2.886352176769165112e+00 2.886816888144332793e+00 2.822235908336775179e+00 2.808437357091094100e+00 2.812416796625561766e+00 2.746513793890283051e+00
3.559999999999999432e+01 2.889729935032921748e+00 2.891097408561522641e+00 2.822755141359137632e+00 2.813448149679644406e+00 2.815068434756469173e+00 2.752028350687210523e+00
3.561666666666666003e+01 2.892462329088336226e+00 2.896588609023492911e+00 2.829239968731374955e+00 2.820606995979946685e+00 2.818801846527531296e+00 2.753300904166065877e+00
3.563333333333333997e+01 2.898699226404847007e+00 2.902235332562674408e+00 2.837936408613753070e+00 2.823214607457998238e+00 2.824861781372670411e+00 2.758420177586700994e+00
3.565000000000000568e+01 2.902995758471614618e+00 2.905255831225681984e+00 2.843048749459593960e+00 2.827495265417638404e+00 2.827871096930544503e+00 2.762808176334699883e+00
3.566666666666665719e+01 2.902488815414192569e+00 2.909743102578947749e+00 2.842423892127640350e+00 2.827076229145787156e+00 2.832935668766681125e+00 2.766998985180330717e+00
3.568333333333333712e+01 2.907189097428592994e+00 2.913815148617290074e+00 2.844550067032622032e+00 2.831699023151622363e+00 2.835225765817743770e+00 2.769470385617724961e+00
3.570000000000000284e+01 2.912724374840033548e+00 2.912601037935770076e+00 2.850919116566316358e+00 2.838744618084669380e+00 2.841163236095252564e+00 2.774043940808566422e+00
3.571666666666666856e+01 2.919913167231889428e+00 2.917222103395507027e+00 2.858464931505044770e+00 2.844966961133303052e+00 2.844069847218448466e+00 2.779786318067469342e+00
3.573333333333333428e+01 2.922614358609078256e+00 2.924353634222664144e+00 2.859044059298204932e+00 2.847529383652037449e+00 2.846937785736979531e+00 2.781353018580757119e+00
3.575000000000000000e+01 2.925422719294844764e+00 2.931254996153893622e+00 2.863328491274825804e+00 2.850340930996976496e+00 2.853121080934726717e+00 2.785383948581458657e+00
3.576666666666666572e+01 2.931893097034699913e+00 2.930607508015723894e+00 2.867604253687431548e+00 2.857046882425821721e+00 2.856417028887423548e+00 2.791371319692779629e+00
3.578333333333333144e+01 2.931082397505446302e+00 2.937370341014455821e+00 2.875325203515542327e+00 2.861033693108203213e+00 2.861315898577001082e+00 2.796137584029694700e+00
3.579999999999999716e+01 2.935446656523804876e+00 2.944549326991839244e+00 2.879065052845220851e+00 2.864316477061332744e+00 2.863415697734708498e+00 2.798247278978748920e+00
3.581666666666666288e+01 2.944176662809416811e+00 2.947373513309838433e+00 2.882076165948406654e+00 2.871845478276778607e+00 2.869243905237349068e+00 2.800561452877043500e+00
3.583333333333334281e+01 2.950438145325250616e+00 2.953014469674045905e+00 2.884618987014512470e+00 2.873307373265472808e+00 2.872358671663274521e+00 2.806071529396814590e+00
3.584999999999999432e+01 2.954070581252121741e+00 2.950097539965069515e+00 2.890231761025051416e+00 2.876334914766836892e+00 2.874671830846070808e+00 2.810096092860511874e+00
3.586666666666666003e+01 2.957246536868443521e+00 2.952853343839689781e+00 2.897527923781087811e+00 2.880199326669660831e+00 2.880460717473883214e+00 2.813476697509929902e+00
3.588333333333333997e+01 2.959812129284709936e+00 2.962504152785400358e+00 2.896200480026099644e+00 2.884376479871055388e+00 2.883239208662426112e+00 2.815181772891695466e+00
3.590000000000000568e+01 2.962615546004292000e+00 2.960228684580841207e+00 2.892971398002067041e+00 2.888134394111111281e+00 2.887888382521844655e+00 2.819797613489409382e+00
3.591666666666665719e+01 2.965733899343754754e+00 2.963131265001068382e+00 2.902685028497918651e+00 2.893648766801607763e+00 2.889317787375810020e+00 2.824193528875828640e+00
3.593333333333333712e+01 2.970694575271275006e+00 2.975372809785022277e+00 2.913837109785812896e+00 2.895344882002207409e+00 2.894512999090016692e+00 2.824849467225257982e+00
3.595000000000000284e+01 2.976775420189638588e+00 2.976649858065402832e+00 2.913978686364749660e+00 2.898033907645838347e+00 2.897660896478951198e+00 2.829550342955373221e+00
3.596666666666666856e+01 2.977073525007249977e+00 2.979494607424348462e+00 2.915904438423662537e+00 2.901044224852058040e+00 2.899493244340864084e+00 2.833603020533752126e+00
3.598333333333333428e+01 2.980972370846669772e+00 2.987046063711937816e+00 2.919757746098765150e+00 2.908313638505517051e+00 2.904958966587303237e+00 2.836130894694214089e+00
3.600000000000000000e+01 2.986339312119369094e+00 2.989133583577735287e+00 2.926215279227461163e+00 2.911137412114580325e+00 2.907505811712802313e+00 2.838728425246090925e+00
3.601666666666666572e+01 2.988946707655228519e+00 2.993512478815662625e+00 2.929303628786760427e+00 2.909361781258185786e+00 2.912162675911568854e+00 2.842333047134891988e+00
3.603333333333333144e+01 2.986251098485273037e+00 2.996180908760500028e+00 2.927806438966852109e+00 2.912159890091571945e+00 2.913670283850391396e+00 2.847567136675073218e+00
3.604999999999999716e+01 2.979839092598689287e+00 2.998334476850390118e+00 2.930150618047244748e+00 2.916361530056699625e+00 2.919083331003013093e+00 2.850025848907991044e+00
3.606666666666666288e+01 2.983513618878049556e+00 3.004027099317424732e+00 2.941093276968160364e+00 2.923580429851823759e+00 2.922665915371671641e+00 2.854230482808482794e+00
3.608333333333334281e+01 2.992520082181304719e+00 3.009010197528562358e+00 2.944610415028964034e+00 2.926155871498547612e+00 2.924510190302372248e+00 2.860466682633250990e+00
3.609999999999999432e+01 2.996950593338183477e+00 3.011548028673971089e+00 2.943938137251402409e+00 2.929948198143622395e+00 2.929769153371205359e+00 2.861551677068101540e+00
3.611666666666666003e+01 2.997898913416895184e+00 3.013931033689172700e+00 2.949972060719094902e+00 2.941030338420480117e+00 2.931998238854442995e+00 2.864118537446580515e+00
3.613333333333333997e+01 2.997391530149962957e+00 3.018421526204598582e+00 2.955605039381021371e+00 2.938861785411744254e+00 2.936384215928745878e+00 2.865072968243791873e+00
3.615000000000000568e+01 3.009285301850022076e+00 3.021617553056627159e+00 2.955017140514579310e+00 2.938336382346207643e+00 2.937335648320465342e+00 2.870740072288814559e+00
3.616666666666665719e+01 3.018441791455372503e+00 3.026113630210136130e+00 2.957511407578597318e+00 2.946205460119011743e+00 2.941994097819669474e+00 2.876852575386574351e+00
3.618333333333333712e+01 3.022874907576998726e+00 3.027791587651400551e+00 2.963998660634008520e+00 2.954063785649896356e+00 2.945646055676633068e+00 2.876939143316547209e+00
3.620000000000000284e+01 3.027929876380752283e+00 3.024728895809395635e+00 2.958009964804614089e+00 2.955205611927552489e+00 2.946937635143342948e+00 2.879050105340632992e+00
3.621666666666666856e+01 3.029259175902428325e+00 3.031362524965981464e+00 2.950113777449279606e+00 2.957159309207103348e+00 2.951836139856401253e+00 2.881788671986946770e+00
3.623333333333333428e+01 3.025031980616386562e+00 3.041752495623961661e+00 2.954704750298320359e+00 2.960817144908999499e+00 2.953650042876529547e+00 2.883495254178824130e+00
3.625000000000000000e+01 3.024861399289805242e+00 3.040995127365831330e+00 2.966947339195455502e+00 2.964948923346661935e+00 2.957867648540846162e+00 2.887002677347938473e+00
3.626666666666666572e+01 3.031371702769087406e+00 3.040528425644577926e+00 2.971483838508574227e+00 2.968524057945728156e+00 2.958712986266277323e+00 2.893608245723782169e+00
3.628333333333333144e+01 3.037615799026109009e+00 3.050719355630076901e+00 2.972528630326663812e+00 2.966048545897731703e+00 2.963007153550846429e+00 2.895543183842248958e+00
3.629999999999999716e+01 3.043177546820586610e+00 3.051682526430565368e+00 2.978281248926466063e+00 2.970871355576145678e+00 2.966880618885635812e+00 2.897989435597760011e+00
3.631666666666666288e+01 3.054432948020661343e+00 3.048645876201326654e+00 2.989838638061852016e+00 2.977950142944312706e+00 2.968053054043951366e+00 2.899354890552589215e+00
3.633333333333334281e+01 3.056296467439032050e+00 3.054890121595083663e+00 2.999075590847909201e+00 2.981602875044820689e+00 2.972739793002702413e+00 2.903644465462881463e+00
3.634999999999999432e+01 3.055923427452887697e+00 3.060575181852364324e+00 2.997545710820572307e+00 2.979730836103068548e+00 2.974169456813037460e+00 2.904855394489148868e+00
3.636666666666666003e+01 3.059664696296509945e+00 3.060034110452893863e+00 2.995905826870417954e+00 2.982242904351782631e+00 2.978530595124305957e+00 2.906758284243530888e+00
3.638333333333333997e+01 3.065610198302429534e+00 3.066238562642011445e+00 2.995566449979769175e+00 2.988318675128272428e+00 2.979206947849159182e+00 2.915089701032602676e+00
3.640000000000000568e+01 3.065045433501856653e+00 3.069671428342666264e+00 3.006121656395801089e+00 2.995046853134699205e+00 2.982600126375743788e+00 2.916635252756348606e+00
3.641666666666665719e+01 3.065947799138944774e+00 3.069732097616474586e+00 3.009496998106059529e+00 2.995682090859917324e+00 2.986930536243426637e+00 2.913364981213794724e+00
3.643333333333333712e+01 3.071974922750890791e+00 3.073159174120641435e+00 3.005103648454473309e+00 2.995426569494281210e+00 2.988170949563679013e+00 2.916634991243427066e+00
3.645000000000000284e+01 3.074727900947685111e+00 3.076172764975138474e+00 3.002632944554934014e+00 2.998738018223147783e+00 2.992420805281889251e+00 2.922079543831979986e+00
3.646666666666666856e+01 3.078762089339931673e+00 3.079674880052794883e+00 3.008029668285559843e+00 3.002341394702643385e+00 2.993378920214442296e+00 2.925167585021894112e+00
3.648333333333333428e+01 3.081677793968770285e+00 3.079280013858548326e+00 3.014522504836917527e+00 3.006222151616810834e+00 2.997639693712915498e+00 2.927300301882945099e+00
3.650000000000000000e+01 3.081727923066906349e+00 3.085273709441218148e+00 3.025104142277334152e+00 3.010005418104586106e+00 2.998245495797830174e+00 2.929711730958649341e+00
3.651666666666666572e+01 3.083997505659931804e+00 3.087857026588161080e+00 3.030722833956123186e+00 3.014468746917696063e+00 3.000764200312221686e+00 2.934171746935148040e+00
3.653333333333333144e+01 3.089197664812244781e+00 3.087031846630118093e+00 3.025130370614231623e+00 3.013922229406128750e+00 3.005358794473853568e+00 2.936053318489895148e+00
3.654999999999999716e+01 3.092200003184274681e+00 3.094357499517785381e+00 3.026839951100895654e+00 3.017640980859678024e+00 3.006639407380430562e+00 2.938257739860101303e+00
3.656666666666666288e+01 3.095209210380895470e+00 3.094992124345032902e+00 3.030971961108070101e+00 3.019914738097413842e+00 3.010576898901601517e+00 2.940060217979081347e+00
3.658333333333334281e+01 3.095254074149285994e+00 3.095159642153157531e+00 3.031828019506816130e+00 3.024648466414061154e+00 3.011245324343525098e+00 2.943637706546081922e+00
3.659999999999999432e+01 3.096693896883390362e+00 3.100438531932837360e+00 3.034267396140911455e+00 3.026824596283929747e+00 3.015637300575436885e+00 2.944297557861453640e+00
3.661666666666666003e+01 3.102697329599112930e+00 3.102717199253121727e+00 3.045635806605400120e+00 3.030319091106065343e+00 3.016436517995802369e+00 2.948701851874140800e+00
3.663333333333333997e+01 3.106786179877223830e+00 3.103484653973357155e+00 3.044831206146076497e+00 3.028685966773829286e+00 3.018285944501292839e+00 2.949830865593682017e+00
3.665000000000000568e+01 3.105268029082379755e+00 3.106603642521654329e+00 3.041865240135502635e+00 3.031695445135230482e+00 3.022934489510613165e+00 2.952534074623706761e+00
3.666666666666665719e+01 3.109908769428792130e+00 3.110729380045332171e+00 3.048584779398357814e+00 3.031695515209845038e+00 3.024271682953178608e+00 2.956245745910438760e+00
3.668333333333333712e+01 3.113572048155921035e+00 3.113517586271977056e+00 3.055643393267473140e+00 3.026688605610337479e+00 3.027899202386147515e+00 2.955685613031879377e+00
3.670000000000000284e+01 3.112549304315592291e+00 3.114032784198157433e+00 3.059446795538723674e+00 3.026188808849263889e+00 3.028186640480073244e+00 2.957028934864821768e+00
3.671666666666666856e+01 3.117518520685710559e+00 3.119279459297790158e+00 3.058012825194326822e+00 3.025693523065870583e+00 3.032520198084049934e+00 2.961962684831260351e+00
3.673333333333333428e+01 3.121867363507773607e+00 3.119488793450623021e+00 3.063231574421401149e+00 3.024710163159186838e+00 3.033580181047598412e+00 2.966948404577723242e+00
3.675000000000000000e+01 3.120571326764147280e+00 3.122040664444900582e+00 3.059422655779152844e+00 3.029538370424477822e+00 3.034918021212851258e+00 2.967262253466686150e+00
3.676666666666666572e+01 3.119701659224399570e+00 3.122496397751626684e+00 3.059826868791066801e+00 3.031028312065707997e+00 3.039222903489610772e+00 2.970544209974847583e+00
3.678333333333333144e+01 3.128055027172321534e+00 3.126085513177754294e+00 3.071108807383690298e+00 3.029309050069283415e+00 3.040210954740470317e+00 2.970049315508845655e+00
3.679999999999999716e+01 3.127515219222631426e+00 3.129831409524561181e+00 3.070507856021643445e+00 3.028618154661187223e+00 3.043372904617550834e+00 2.973221514759185613e+00
3.681666666666666288e+01 3.129588308548465481e+00 3.130873407730748514e+00 3.070604862281949288e+00 3.043630867491899927e+00 3.043079480095590927e+00 2.974382193421075016e+00
3.683333333333334281e+01 3.134343892483669514e+00 3.131597175757563356e+00 3.073783832525442072e+00 3.054727469101091497e+00 3.046991304227312014e+00 2.976035423024824933e+00
3.684999999999999432e+01 3.135182030679384724e+00 3.135186373689486050e+00 3.079485805477644611e+00 3.059894421050295410e+00 3.048012132564848820e+00 2.979359986316893583e+00
3.686666666666666003e+01 3.134766125211962073e+00 3.138165033198686338e+00 3.076939840495482859e+00 3.056658697258115343e+00 3.048788871916531917e+00 2.980679528734923256e+00
3.688333333333333997e+01 3.141527967380172814e+00 3.140447413433729906e+00 3.078761438454690413e+00 3.059506934157842917e+00 3.053275486550445894e+00 2.983713067590614720e+00
3.690000000000000568e+01 3.141331086539966400e+00 3.138852365694821511e+00 3.084257617794871287e+00 3.064017943518665632e+00 3.054452037455495539e+00 2.984923407317654931e+00
3.691666666666665719e+01 3.140631353897199052e+00 3.141775572475785427e+00 3.087889975466367343e+00 3.066659432429841736e+00 3.057682912896160676e+00 2.988044349695879287e+00
3.693333333333333712e+01 3.144466962909393981e+00 3.143288076116219631e+00 3.089659228113225353e+00 3.070576982906020547e+00 3.057248912571054689e+00 2.988742108789231633e+00
3.695000000000000284e+01 3.149292035668686651e+00 3.150589491871185199e+00 3.089206477959615782e+00 3.074494829701179377e+00 3.061191278385111403e+00 2.990907049624756286e+00
3.696666666666666856e+01 3.149011871562882536e+00 3.149337660514936132e+00 3.093142366785727848e+00 3.077250677720548833e+00 3.061890203235795749e+00 2.992584322304900901e+00
3.698333333333333428e+01 3.151765089297451805e+00 3.147530634066151745e+00 3.095647037848249905e+00 3.070813572345079123e+00 3.062120472477436017e+00 2.993753130264299234e+00
3.700000000000000000e+01 3.152946175037710130e+00 3.151551123887498029e+00 3.096637683340099478e+00 3.076482337619099283e+00 3.066182923465410326e+00 2.996004691343691295e+00
3.701666666666666572e+01 3.154415211632481064e+00 3.154642476916396987e+00 3.095063947447319830e+00 3.086172264816783528e+00 3.066804102950563049e+00 2.996895322242485005e+00
3.703333333333333144e+01 3.149740988234184691e+00 3.155661281212717828e+00 3.099968468943797184e+00 3.084236311140437614e+00 3.069621381550668548e+00 2.999257018097360117e+00
3.704999999999999716e+01 3.154875137138621888e+00 3.159787932761563667e+00 3.102240943519277039e+00 3.083047177478014600e+00 3.068894357546549490e+00 2.999910140807002357e+00
3.706666666666666288e+01 3.166539646792335461e+00 3.158151381215084985e+00 3.103458057681154347e+00 3.087523512774335011e+00 3.072550824595720265e+00 3.002183397859655045e+00
3.708333333333334281e+01 3.161438840435470965e+00 3.159429252773267471e+00 3.104002067999243941e+00 3.091514146082340986e+00 3.073717886261106980e+00 3.003353017036006545e+00
3.709999999999999432e+01 3.157800201841000742e+00 3.164897629263708101e+00 3.106658661254517284e+00 3.085671614588875400e+00 3.073443625515333455e+00 3.004873451181452104e+00
3.711666666666666003e+01 3.167287189756474497e+00 3.163581604610339326e+00 3.110184455918942881e+00 3.084453621180719640e+00 3.077185610647201308e+00 3.006624829609636063e+00
3.713333333333333997e+01 3.169599794040523388e+00 3.164552687928128272e+00 3.105040940659680171e+00 3.088306676903925130e+00 3.077674496403023152e+00 3.007645817300022895e+00
3.715000000000000568e+01 3.165734909415433229e+00 3.169693952624637934e+00 3.107936895743032668e+00 3.094999912625783889e+00 3.080404455068444847e+00 3.009754624525252886e+00
3.716666666666665719e+01 3.168902767872614046e+00 3.169274341250937876e+00 3.113916383016461786e+00 3.091620379077826275e+00 3.079450703738006112e+00 3.010421644252354145e+00
3.718333333333333712e+01 3.167362442795817579e+00 3.166715543296941160e+00 3.117377648838086213e+00 3.099803053073936887e+00 3.083002414824673298e+00 3.012423655722152649e+00
3.720000000000000284e+01 3.164973493038377050e+00 3.172574235234399076e+00 3.113080582361453352e+00 3.100609662791714349e+00 3.084502845514448310e+00 3.013255894136380508e+00
3.721666666666666856e+01 3.161492325075225374e+00 3.172941710658971459e+00 3.116228333823909846e+00 3.098897291563312617e+00 3.083917861548080008e+00 3.014996390472947763e+00
3.723333333333333428e+01 3.162786194510871507e+00 3.170802106581991353e+00 3.118171559504793411e+00 3.096827090621764533e+00 3.087615454814398586e+00 3.016229533121826289e+00
3.725000000000000000e+01 3.168048217283261803e+00 3.178679325715840776e+00 3.120885061522533199e+00 3.089577002700948594e+00 3.087799957170208831e+00 3.017463402115761362e+00
3.726666666666666572e+01 3.170247100301502030e+00 3.178414895285172737e+00 3.125881045192822061e+00 3.084600467983790395e+00 3.090542246644796709e+00 3.019198193446436917e+00
3.728333333333333144e+01 3.172615605470484823e+00 3.174502042316569739e+00 3.122028471419401541e+00 3.088825013811782316e+00 3.089228541930975069e+00 3.020002207790680959e+00
3.729999999999999716e+01 3.186007472214257064e+00 3.179342057527015708e+00 3.122260648219984613e+00 3.098599589294130485e+00 3.092252996284595490e+00 3.021982584764153490e+00
3.731666666666666288e+01 3.191159386068185722e+00 3.182084917970874116e+00 3.127552582416849969e+00 3.104520239212833044e+00 3.094159920279966336e+00 3.022627383529957523e+00
3.733333333333334281e+01 3.183049207565153971e+00 3.180110857609857344e+00 3.130404599477397909e+00 3.105522516041869796e+00 3.093457550919997523e+00 3.024442177468467996e+00
3.734999999999999432e+01 3.183309656590294967e+00 3.183561939053756618e+00 3.130847475355140297e+00 3.110613193460014969e+00 3.096826420700860005e+00 3.025391459159491703e+00
3.736666666666666003e+01 3.192592435021901487e+00 3.186804110050108996e+00 3.131926432068193655e+00 3.119055416310227979e+00 3.096856057243514204e+00 3.026733471537487397e+00
3.738333333333333997e+01 3.199372649549704573e+00 3.185366370966229876e+00 3.131090929046004501e+00 3.119190954451614317e+00 3.099559078223679265e+00 3.028169607635484706e+00
3.740000000000000568e+01 3.189917269330766469e+00 3.186582182713356026e+00 3.138848324002927015e+00 3.110759335776422496e+00 3.098205269972649667e+00 3.029062622475962474e+00
3.741666666666665719e+01 3.181745800217487208e+00 3.190052194974489996e+00 3.138835205900099901e+00 3.106250837370356344e+00 3.100976740283540867e+00 3.030664106447527040e+00
3.743333333333333712e+01 3.187205154921850525e+00 3.189889668804391842e+00 3.134819467717917085e+00 3.093376461418907653e+00 3.103141818132043817e+00 3.031358892160397556e+00
3.745000000000000284e+01 3.195373758994047630e+00 3.190060027114894226e+00 3.135288328619003639e+00 3.100226097901919609e+00 3.102355232302954846e+00 3.033056659990300385e+00
3.746666666666666856e+01 3.192588824882740983e+00 3.193609392923475454e+00 3.138391597967687296e+00 3.103166445621083014e+00 3.105560641672420186e+00 3.033635693370642095e+00
3.748333333333333428e+01 3.195695175605452576e+00 3.193584284678735230e+00 3.139912916605842153e+00 3.092747681571159202e+00 3.105036095593922685e+00 3.035112016372923716e+00
3.750000000000000000e+01 3.201778931943903839e+00 3.195145661995557607e+00 3.140087973576049851e+00 3.091502958416287861e+00 3.107920537750518797e+00 3.036103144457746428e+00
3.751666666666666572e+01 3.204883650681966234e+00 3.196094938489850268e+00 3.144357576658413755e+00 3.098824229752697335e+00 3.106302507354573805e+00 3.037118474840146298e+00
3.753333333333333144e+01 3.200104064422808481e+00 3.189744282628742322e+00 3.143846615647390319e+00 3.106325416180388377e+00 3.108124190864377301e+00 3.038525319747558573e+00
3.754999999999999716e+01 3.204277570238361683e+00 3.194693541222167976e+00 3.142030604081654133e+00 3.115442202283887685e+00 3.110898685478420855e+00 3.039187250774710414e+00
3.756666666666666288e+01 3.204997403290791080e+00 3.201115824770956131e+00 3.145034684898742938e+00 3.118016457364899185e+00 3.110348887328656442e+00 3.040591044774150653e+00
3.758333333333334281e+01 3.202414804295435680e+00 3.199983152137324538e+00 3.144188967960396930e+00 3.115319874829337810e+00 3.113037531252856205e+00 3.041208683904331078e+00
3.759999999999999432e+01 3.203813615182653507e+00 3.201314408608388007e+00 3.144478069979101509e+00 3.129869043305461673e+00 3.112220028665428018e+00 3.042613944343880217e+00
3.761666666666666003e+01 3.206837310149953879e+00 3.201212476450144173e+00 3.152811090583514275e+00 3.133956966337557049e+00 3.115154985522797126e+00 3.043156182153578637e+00
3.763333333333333997e+01 3.210236066725510540e+00 3.202483121397748711e+00 3.153460875602442037e+00 3.133153058963338733e+00 3.113807826023773373e+00 3.044391549880981707e+00
3.765000000000000568e+01 3.213092789380670222e+00 3.203749542579177767e+00 3.153333229238394431e+00 3.139784524928658005e+00 3.114967348982656592e+00 3.045435215404281859e+00
3.766666666666665719e+01 3.208077503835861766e+00 3.203700353443784010e+00 3.155591633343764801e+00 3.137073417439869338e+00 3.118004820889564321e+00 3.046162818659214011e+00
3.768333333333333712e+01 3.206646048312467912e+00 3.199407104546030833e+00 3.155918047654316272e+00 3.130483596319068695e+00 3.116173608129154005e+00 3.045740088380944233e+00
3.770000000000000284e+01 3.212045722974213202e+00 3.199336357363693040e+00 3.154752802945850920e+00 3.137917298832866297e+00 3.117476104562397765e+00 3.044674973814983421e+00
3.771666666666666856e+01 3.216733332187649008e+00 3.202071922168384432e+00 3.153232154931266518e+00 3.133857405299791399e+00 3.115050689766425407e+00 3.044235553556739138e+00
3.773333333333333428e+01 3.202915278238048558e+00 3.202611380839821109e+00 3.156630021419495780e+00 3.127696159526719644e+00 3.116530488541801702e+00 3.042750641516674293e+00
3.775000000000000000e+01 3.205706804435196844e+00 3.200716739251530996e+00 3.153843038028482759e+00 3.127621780365553050e+00 3.114150758476175174e+00 3.042269396241058299e+00
3.776666666666666572e+01 3.210774795734388842e+00 3.201652703172011449e+00 3.154247264138777318e+00 3.123785685490030772e+00 3.114496223247425366e+00 3.043115611066111281e+00
3.778333333333333144e+01 3.209426228174232953e+00 3.203677724606292632e+00 3.155035315494139070e+00 3.124981217483326024e+00 3.117462731159592160e+00 3.044138750314078212e+00
3.779999999999999716e+01 3.214396688272051161e+00 3.203611694372983987e+00 3.157741084135441412e+00 3.133063375324561584e+00 3.116969184603748833e+00 3.045292755318751432e+00
3.781666666666666288e+01 3.209017345806868704e+00 3.201250141200594701e+00 3.153720173310043950e+00 3.135015487067004170e+00 3.119193126197229216e+00 3.046017789109898288e+00
3.783333333333334281e+01 3.211089152500376187e+00 3.203996489606538933e+00 3.155187587862144483e+00 3.135286693088414900e+00 3.117596376899716137e+00 3.047190694420932822e+00
3.784999999999999432e+01 3.216459230523196933e+00 3.208577856594751143e+00 3.160056239009136902e+00 3.137275941465434759e+00 3.120128891406551030e+00 3.046858435973585966e+00
3.786666666666666003e+01 3.216387515130104457e+00 3.202437674758900954e+00 3.161431125060968128e+00 3.135844606291177339e+00 3.118941037784407566e+00 3.047132263532293273e+00
3.788333333333333997e+01 3.220682471679622072e+00 3.205911911181774432e+00 3.161484293095464526e+00 3.137828741166019952e+00 3.118589258838468048e+00 3.047274296042874475e+00
3.790000000000000568e+01 3.215298300038499590e+00 3.204535995432100215e+00 3.161779142854831193e+00 3.138723516324297247e+00 3.121481431590879652e+00 3.048218214548399807e+00
3.791666666666665719e+01 3.213804832012943979e+00 3.206989447034019225e+00 3.162613360847936761e+00 3.139217377969585776e+00 3.120778184453907755e+00 3.048762553808971099e+00
3.793333333333333712e+01 3.217592122350006356e+00 3.208491283169117914e+00 3.163494559611890633e+00 3.139346429724307441e+00 3.122549997507094055e+00 3.049065532583536964e+00
3.795000000000000284e+01 3.221553660148958720e+00 3.201384926530726815e+00 3.163572189565582615e+00 3.140594739213785846e+00 3.120419661534105771e+00 3.049149277326111740e+00
3.796666666666666856e+01 3.220987093137497759e+00 3.203698052101172422e+00 3.163346306075346170e+00 3.139383557208924813e+00 3.122845038945548879e+00 3.049133863664258648e+00
3.798333333333333428e+01 3.221833967723056968e+00 3.210582018666906290e+00 3.164942675294664554e+00 3.140847812927751725e+00 3.121767061953403477e+00 3.049850768489798636e+00
3.800000000000000000e+01 3.222374719023132439e+00 3.209127214675797646e+00 3.163666213439805031e+00 3.135740730991249947e+00 3.120795624378189803e+00 3.050027807474499753e+00
3.801666666666666572e+01 3.219501195299208529e+00 3.205700480210457837e+00 3.165852160744766053e+00 3.135444242541602033e+00 3.123673769867566286e+00 3.050889780857785283e+00
3.803333333333333144e+01 3.218827358241864722e+00 3.209833255562956289e+00 3.164967224397366774e+00 3.138207271913094232e+00 3.122938150493244969e+00 3.050911718117757854e+00
3.804999999999999716e+01 3.223747817525705717e+00 3.209526268143398919e+00 3.165001508266178654e+00 3.142360552672021079e+00 3.124369057563429752e+00 3.050934125596076907e+00
3.806666666666666288e+01 3.223856697259159354e+00 3.205534640852433892e+00 3.167052240145798780e+00 3.141066984414263352e+00 3.122309077739025440e+00 3.051004955546875230e+00
3.808333333333334281e+01 3.220303548242059666e+00 3.208527842814272724e+00 3.165727310970099406e+00 3.141078881783364807e+00 3.124886462687751720e+00 3.051163132593886829e+00
3.809999999999999432e+01 3.219341114676587789e+00 3.211600319484932076e+00 3.167978182797493769e+00 3.141917482920381310e+00 3.123960545424424140e+00 3.051880167417181600e+00
3.811666666666666003e+01 3.220547035429687011e+00 3.205144163372145805e+00 3.165837692079005450e+00 3.143166835190199127e+00 3.122608975695706501e+00 3.051966920108937664e+00
3.813333333333333997e+01 3.221696480915146932e+00 3.205313206723682917e+00 3.168258557658241159e+00 3.134357368439608216e+00 3.125413191692227421e+00 3.052662957614933781e+00
3.815000000000000568e+01 3.225151117721978711e+00 3.209382874962603438e+00 3.167988554454597150e+00 3.135991761239218079e+00 3.124418332707482815e+00 3.052604042948703800e+00
3.816666666666665719e+01 3.221691635573021628e+00 3.210256344258501482e+00 3.166626055898452918e+00 3.139049226487352851e+00 3.125931328973936552e+00 3.053053186524422813e+00
3.818333333333333712e+01 3.217833558661257420e+00 3.208298795097565659e+00 3.169292579551461486e+00 3.141453577349218484e+00 3.123402522362161537e+00 3.053152303591419425e+00
3.820000000000000284e+01 3.214380852542157108e+00 3.212745373717571962e+00 3.168525018301207918e+00 3.145762136717230817e+00 3.125723614728185940e+00 3.053321774363505714e+00
3.821666666666666856e+01 3.225111010666128486e+00 3.210634360416203315e+00 3.169991536804713572e+00 3.145683946318247770e+00 3.125216362768520550e+00 3.053507438822332887e+00
3.823333333333333428e+01 3.230239099881303755e+00 3.206416493287690184e+00 3.167780364876018773e+00 3.145571029938984520e+00 3.123533953212269232e+00 3.053517504851140263e+00
3.825000000000000000e+01 3.221197213387613001e+00 3.209894086752796305e+00 3.170206097363883924e+00 3.142443056445670901e+00 3.126291831362368434e+00 3.053825358222547859e+00
3.826666666666666572e+01 3.216283815659094714e+00 3.210046584499456124e+00 3.169679422651941803e+00 3.138882589249973432e+00 3.124889280065990427e+00 3.053147079207160441e+00
3.828333333333333144e+01 3.215738301676794197e+00 3.206974166740497623e+00 3.167678911335253034e+00 3.143140576505075057e+00 3.126041322703229319e+00 3.053111346762979572e+00
3.829999999999999716e+01 3.224680353592253912e+00 3.209561617771385489e+00 3.169984023090937075e+00 3.142017367119371407e+00 3.123060555220678935e+00 3.052444237936821736e+00
3.831666666666666288e+01 3.228539670853103338e+00 3.208873367927250975e+00 3.168493501729895634e+00 3.140940305250643494e+00 3.124940239914272500e+00 3.052272490152797779e+00
3.833333333333334281e+01 3.227543823570310000e+00 3.204944947005774036e+00 3.169767850221612004e+00 3.138133719333533911e+00 3.124585094295708743e+00 3.051710351950586819e+00
3.834999999999999432e+01 3.221876325264951380e+00 3.208258263591255766e+00 3.167336698492809965e+00 3.142504719917900591e+00 3.122473361160110539e+00 3.051755130079286005e+00
3.836666666666666003e+01 3.223109710386779181e+00 3.206854457671079128e+00 3.169324604997968642e+00 3.143099863208220768e+00 3.124964220649424362e+00 3.051932659611401810e+00
3.838333333333333997e+01 3.226032843397305783e+00 3.203628987703545761e+00 3.169827433015188767e+00 3.137957644888968556e+00 3.123511994860629581e+00 3.051632121788680152e+00
3.840000000000000568e+01 3.223018003618291161e+00 3.208947788654295419e+00 3.168030096049225364e+00 3.136214585397015586e+00 3.124934685038966542e+00 3.051985821526862708e+00
3.841666666666665719e+01 3.225278965977075085e+00 3.205437632101895584e+00 3.170524652874562310e+00 3.134879795069811514e+00 3.122240045160097566e+00 3.051655112129954439e+00
3.843333333333333712e+01 3.225234241266731861e+00 3.201862258891241542e+00 3.168918607946275667e+00 3.140530673235399473e+00 3.123633449623368641e+00 3.051513028340942402e+00
3.845000000000000284e+01 3.221395691819218587e+00 3.204734514866144135e+00 3.170126965358949445e+00 3.145266463459480910e+00 3.124010141256604367e+00 3.050834045476366718e+00
3.846666666666666856e+01 3.224052772937923805e+00 3.204557625283117606e+00 3.167098847601855116e+00 3.141817001037817469e+00 3.121482264999847711e+00 3.050496283546928922e+00
3.848333333333333428e+01 3.225930655175619499e+00 3.201719951749570470e+00 3.168226036059396122e+00 3.133170324486688418e+00 3.123347696112548366e+00 3.049987285597519637e+00
3.850000000000000000e+01 3.221647909128915632e+00 3.204264861791053409e+00 3.168568253782409361e+00 3.126980085842272494e+00 3.121212385450742755e+00 3.049390139064554361e+00
3.851666666666666572e+01 3.223993734039406700e+00 3.204309135032191502e+00 3.167044648275112007e+00 3.136229443539376049e+00 3.122896278570888473e+00 3.049989672363372151e+00
3.853333333333333144e+01 3.225451666373006177e+00 3.202571926373990241e+00 3.169771082026009879e+00 3.139979816949199698e+00 3.120628569572682753e+00 3.050001909299187020e+00
3.854999999999999716e+01 3.226109779228337082e+00 3.207241045590724315e+00 3.168637425480735903e+00 3.139394530693331298e+00 3.121850169349342785e+00 3.050726379676233169e+00
3.856666666666666288e+01 3.224061614312034418e+00 3.205257380940569334e+00 3.170928666238750360e+00 3.139177573444305036e+00 3.123512245855387892e+00 3.050735730730896211e+00
3.858333333333334281e+01 3.224917693909008065e+00 3.202471238802634623e+00 3.168899262395767025e+00 3.141719464685889474e+00 3.121769062620109558e+00 3.051422995813146688e+00
3.859999999999999432e+01 3.222870456482945123e+00 3.206781224136397324e+00 3.169382784765536698e+00 3.139831963867594666e+00 3.123225219562643762e+00 3.050772255216652518e+00
3.861666666666666003e+01 3.225596887143176161e+00 3.202005229085692850e+00 3.170598494221958497e+00 3.136746650448622553e+00 3.120884636046681759e+00 3.050237841140884587e+00
3.863333333333333997e+01 3.223496986738506820e+00 3.199650535352583702e+00 3.168369773536928058e+00 3.133345316978405570e+00 3.122253604612156952e+00 3.049804735890784713e+00
3.865000000000000568e+01 3.223454917369751982e+00 3.203269277491021416e+00 3.169819049576417136e+00 3.136138117053075991e+00 3.119425391745069387e+00 3.048964222482214659e+00
3.866666666666665719e+01 3.224548821926441100e+00 3.202026625489732492e+00 3.167403335997392766e+00 3.138088618437233190e+00 3.119211402801285615e+00 3.048688087151490311e+00
3.868333333333333712e+01 3.222556755714667265e+00 3.197496220756264496e+00 3.168801250516507295e+00 3.137533015561750460e+00 3.120877787993424413e+00 3.047670887605948398e+00
3.870000000000000284e+01 3.221048934233802452e+00 3.199925944311079462e+00 3.166086709619760242e+00 3.139902969177955416e+00 3.118605137482318046e+00 3.047434048359156655e+00
3.871666666666666856e+01 3.222012901409927466e+00 3.199380131283626305e+00 3.165683077924950073e+00 3.137186267602924072e+00 3.119773796453428005e+00 3.046442320912674973e+00
3.873333333333333428e+01 3.224200605943683851e+00 3.196451137547147159e+00 3.167221888103128435e+00 3.132481786085795417e+00 3.116932457421095481e+00 3.045978407176856528e+00
3.875000000000000000e+01 3.224203241438436507e+00 3.196573053242838025e+00 3.165183149045196931e+00 3.133290016894176411e+00 3.118484235865940146e+00 3.045295519364746184e+00
3.876666666666666572e+01 3.223867789162773168e+00 3.196856849631086739e+00 3.166312526284823736e+00 3.135212959384585663e+00 3.115931978963514482e+00 3.044505780813636875e+00
3.878333333333333144e+01 3.225834920489838442e+00 3.195672485944892838e+00 3.163580074598835168e+00 3.135325326041582983e+00 3.114354199843785143e+00 3.044182531487609200e+00
3.879999999999999716e+01 3.223396636299588280e+00 3.194315569342463412e+00 3.165409411615856872e+00 3.133618389964477835e+00 3.115561444642722666e+00 3.043475641713488500e+00
3.881666666666666288e+01 3.219022192467845933e+00 3.193637382800588842e+00 3.162981986719816785e+00 3.132809668174800777e+00 3.113658299104760996e+00 3.043379478795558590e+00
3.883333333333334281e+01 3.215669243934571320e+00 3.192260396764790453e+00 3.161542571884727870e+00 3.132671337584155946e+00 3.114109595102001471e+00 3.042452128897023211e+00
3.884999999999999432e+01 3.212640677263459477e+00 3.189661312325962061e+00 3.163218382300079679e+00 3.131491173899344727e+00 3.110109965497678264e+00 3.041934947209985030e+00
3.886666666666666003e+01 3.213074493769230155e+00 3.189300257674535732e+00 3.161037054934744628e+00 3.132129204871484607e+00 3.110988925929757620e+00 3.040809462457326973e+00
3.888333333333333997e+01 3.213994754008788313e+00 3.188582605941668646e+00 3.161345314951124585e+00 3.128022388387731390e+00 3.107864992630783529e+00 3.039933421114533463e+00
3.890000000000000568e+01 3.208826308781373982e+00 3.185242469315574976e+00 3.158003534768067055e+00 3.127854039535772568e+00 3.105017304636513487e+00 3.039200289463083404e+00
3.891666666666665719e+01 3.209195392836906358e+00 3.187482653083902218e+00 3.159234677633153687e+00 3.131210620534429001e+00 3.106410644684019395e+00 3.037825424030152099e+00
3.893333333333333712e+01 3.209641262166578191e+00 3.186258718529984879e+00 3.156981131093107074e+00 3.127023549145703907e+00 3.104300558608186655e+00 3.037740178113390588e+00
3.895000000000000284e+01 3.210050196265906930e+00 3.183296113983125508e+00 3.155245966747433517e+00 3.125924432413828224e+00 3.104738047508461829e+00 3.036517983878904037e+00
3.896666666666666856e+01 3.203779266562176264e+00 3.178833339822548787e+00 3.157266270283892950e+00 3.126805233004411821e+00 3.101206876697687242e+00 3.036437385460385219e+00
3.898333333333333428e+01 3.202390105921433694e+00 3.181692696005605558e+00 3.155502616094743473e+00 3.124173911069153764e+00 3.102633612355662152e+00 3.035393571291402193e+00
3.900000000000000000e+01 3.204492629171462603e+00 3.182409708528674663e+00 3.156311137521236709e+00 3.126004481331975171e+00 3.100673083934056606e+00 3.034979772115613983e+00
3.901666666666666572e+01 3.198649331640975646e+00 3.178583408933250087e+00 3.152599736285170540e+00 3.127054963480751848e+00 3.097626754629358103e+00 3.033996417515979260e+00
3.903333333333333144e+01 3.201629285970502892e+00 3.169983606792146524e+00 3.153912140644833606e+00 3.125414646743039260e+00 3.098764449129025600e+00 3.032679902659713100e+00
3.904999999999999716e+01 3.197231597521608570e+00 3.173677571287117694e+00 3.151597133776407933e+00 3.125280796682175399e+00 3.096443242929765916e+00 3.032150220396445217e+00
3.906666666666666288e+01 3.191216905316188512e+00 3.178897881397166891e+00 3.148886784806451011e+00 3.123732805535202051e+00 3.096563769288242618e+00 3.030446052286504877e+00
3.908333333333334281e+01 3.198619242248399441e+00 3.173602148602022499e+00 3.150572485071959417e+00 3.118952189597679503e+00 3.092230027030379524e+00 3.030061985635711608e+00
3.909999999999999432e+01 3.196160660017991262e+00 3.168998282041537884e+00 3.148336928950846492e+00 3.120831246902553424e+00 3.093260609863256683e+00 3.028235773028493671e+00
3.911666666666666003e+01 3.190181065421985984e+00 3.172502409019241743e+00 3.148556448603078373e+00 3.120466653821834413e+00 3.091302229576818217e+00 3.027609819433302540e+00
3.913333333333333997e+01 3.192361350108686491e+00 3.169363989940555459e+00 3.144774792889132531e+00 3.120787970864256522e+00 3.087499281905148774e+00 3.026223749054943735e+00
3.915000000000000568e+01 3.185044028001040139e+00 3.164912566744630507e+00 3.146006453016741311e+00 3.116598927777795680e+00 3.088960286940585664e+00 3.025018064752926783e+00
3.916666666666665719e+01 3.183921011687139035e+00 3.165717969674691989e+00 3.144270957778716014e+00 3.113151073980610750e+00 3.086472945545867930e+00 3.024326713981487558e+00
3.918333333333333712e+01 3.184972219810777716e+00 3.157558393376783901e+00 3.141302698819011585e+00 3.117253053603879387e+00 3.086301393036410268e+00 3.022499571464866808e+00
3.920000000000000284e+01 3.174061719311959351e+00 3.153638503835052731e+00 3.143158000130457985e+00 3.116422191186139834e+00 3.082062828993522796e+00 3.022150347891946698e+00
3.921666666666666856e+01 3.166047348192385424e+00 3.159428577742946942e+00 3.141503515398364588e+00 3.106871179139423678e+00 3.082995063542081748e+00 3.020066678941801808e+00
3.923333333333333428e+01 3.162663168258467383e+00 3.158981807139369824e+00 3.142719101025194917e+00 3.109314359447931775e+00 3.081336414489736164e+00 3.019644507245689002e+00
3.925000000000000000e+01 3.154901859456108681e+00 3.157357124774712531e+00 3.140035774804543767e+00 3.113656744401088083e+00 3.077787236025656625e+00 3.017880134082953969e+00
3.926666666666666572e+01 3.151426463874037687e+00 3.159536823743875456e+00 3.141816738579346513e+00 3.104379818200799335e+00 3.079224067339217275e+00 3.016921711023637709e+00
3.928333333333333144e+01 3.160385990325557781e+00 3.153073743568622245e+00 3.139882928000981011e+00 3.105900678250056668e+00 3.076233581521357952e+00 3.015884520011159697e+00
3.929999999999999716e+01 3.156022616674512449e+00 3.149700482415072944e+00 3.134450018099369295e+00 3.110429356742490103e+00 3.076635764529084938e+00 3.014095371033377546e+00
3.931666666666666288e+01 3.147918622916871634e+00 3.152267615033539805e+00 3.133034141136734174e+00 3.105175271490243638e+00 3.071936330926286374e+00 3.013738043082231144e+00
3.933333333333334281e+01 3.146009314638659404e+00 3.153614041644561272e+00 3.129963408624508059e+00 3.102506097848731770e+00 3.072386440277411257e+00 3.011489260155700176e+00
3.934999999999999432e+01 3.154305812898739791e+00 3.144739806251899861e+00 3.131344784448328422e+00 3.106329768029908234e+00 3.071198623574940445e+00 3.010859697679117097e+00
3.936666666666666003e+01 3.156850273186359246e+00 3.138015268119409562e+00 3.127937810988488554e+00 3.099509994870382368e+00 3.066744323888304535e+00 3.008213578425400492e+00
3.938333333333333997e+01 3.168095631714265004e+00 3.145165319845823149e+00 3.129454333163818713e+00 3.096462394711953170e+00 3.067145386475397473e+00 3.007212629497351131e+00
3.940000000000000568e+01 3.155516371550902477e+00 3.143058354529767673e+00 3.128851373390786339e+00 3.098843702210108741e+00 3.063587912846135186e+00 3.005328323372670862e+00
3.941666666666665719e+01 3.153542743118107783e+00 3.137252448055573684e+00 3.124808507293202808e+00 3.096687446302485380e+00 3.063549906716941607e+00 3.003297436095886397e+00
3.943333333333333712e+01 3.159320827358635064e+00 3.127635233346384158e+00 3.125657801568761940e+00 3.097046033955400457e+00 3.059767182097574700e+00 3.003557519072551862e+00
3.945000000000000284e+01 3.152493959816105029e+00 3.133654567557893067e+00 3.121951171883575071e+00 3.094695198115190227e+00 3.060401400748532286e+00 3.001993615937735616e+00
3.946666666666666856e+01 3.160855762918223455e+00 3.138561021154164798e+00 3.122356343791745648e+00 3.094822050646493405e+00 3.061525661197914250e+00 3.002609157724454914e+00
3.948333333333333428e+01 3.161859620023628636e+00 3.139002819264417266e+00 3.119273072105458677e+00 3.096782044025318203e+00 3.058610302502561940e+00 3.000787378856716536e+00
3.950000000000000000e+01 3.152349591851288491e+00 3.138033222331076733e+00 3.120877459929550568e+00 3.095292163113958495e+00 3.060254013570715692e+00 3.001352202848887263e+00
3.951666666666666572e+01 3.149308733151665152e+00 3.127725585702116007e+00 3.120685446101129745e+00 3.093033495121226384e+00 3.056859751704130712e+00 2.999367375749543818e+00
3.953333333333333144e+01 3.154811362449620127e+00 3.130481070834237212e+00 3.117078503066712081e+00 3.097407992708746782e+00 3.057481473946728645e+00 2.998188193240027832e+00
3.954999999999999716e+01 3.162063510335825445e+00 3.136362798230120763e+00 3.118253616409706996e+00 3.096746959067401050e+00 3.052868196071087503e+00 2.997429619005383294e+00
3.956666666666666288e+01 3.156303371631537846e+00 3.129767056810909054e+00 3.115484038312973603e+00 3.092458503187244023e+00 3.051999519680281381e+00 2.995122892087110245e+00
3.958333333333334281e+01 3.154663287637486935e+00 3.125350545533615243e+00 3.116378173571827670e+00 3.090692343773626671e+00 3.052384473319900593e+00 2.995015547835258474e+00
3.959999999999999432e+01 3.152903937821720959e+00 3.126486115558104295e+00 3.112001052777868093e+00 3.085009979734202101e+00 3.048707991573217591e+00 2.991906434476597987e+00
3.961666666666666003e+01 3.147796972682748606e+00 3.123043148927916679e+00 3.112358745623139189e+00 3.084643639047140340e+00 3.048425156750988574e+00 2.991495604681906784e+00
3.963333333333333997e+01 3.144534537403185226e+00 3.123785080094349631e+00 3.113346142696680641e+00 3.083858898262674231e+00 3.044204054027691786e+00 2.988737714991127170e+00
3.965000000000000568e+01 3.144471895199384193e+00 3.117752473088104104e+00 3.110632907911369482e+00 3.080546577521191320e+00 3.044409197648577869e+00 2.988176493198226868e+00
3.966666666666665719e+01 3.144512493707776191e+00 3.112772743186899227e+00 3.111322980812140315e+00 3.080807630682147913e+00 3.039193518827036034e+00 2.987475461143964228e+00
3.968333333333333712e+01 3.144644547972958115e+00 3.114823952447463462e+00 3.107390969043558382e+00 3.076855020621310999e+00 3.037390466943919787e+00 2.986383305268184074e+00
3.970000000000000284e+01 3.138327574832727063e+00 3.111332691237380654e+00 3.106492298006030328e+00 3.077717112067650529e+00 3.037773738769197429e+00 2.986992068721898264e+00
3.971666666666666856e+01 3.136956787085870779e+00 3.106859056520571816e+00 3.100785874975746204e+00 3.077152947238888991e+00 3.034131215903466572e+00 2.984047399842314263e+00
3.973333333333333428e+01 3.140115989963831122e+00 3.106996392591602429e+00 3.099645710223609907e+00 3.071410677955651369e+00 3.033789082081259636e+00 2.981497258516379478e+00
3.975000000000000000e+01 3.138286661339624750e+00 3.106242015489494523e+00 3.096720157190660849e+00 3.068560239041353110e+00 3.029670697801063461e+00 2.974817813940343836e+00
3.976666666666666572e+01 3.133736640124162420e+00 3.099498542158330316e+00 3.091209020478767666e+00 3.067327498255279394e+00 3.029612261192369260e+00 2.971707421679622207e+00
3.978333333333333144e+01 3.125179523852730235e+00 3.094910111507694239e+00 3.091444224099167304e+00 3.065616599017194854e+00 3.024953952080181363e+00 2.969361971753645690e+00
3.979999999999999716e+01 3.119389869871466825e+00 3.098963280358173922e+00 3.089287762209711907e+00 3.065202646433299982e+00 3.023539326731476073e+00 2.968817118772041130e+00
3.981666666666666288e+01 3.119239562778955754e+00 3.094424177739058202e+00 3.090070171406139377e+00 3.058975367220018171e+00 3.024860609053395155e+00 2.967355517667132236e+00
3.983333333333334281e+01 3.120077220186226352e+00 3.087381302098451741e+00 3.085702884669862200e+00 3.055502066046512866e+00 3.022099221181046680e+00 2.964436907262069987e+00
3.984999999999999432e+01 3.113769401494252520e+00 3.088102757418735411e+00 3.086388280815549390e+00 3.054862555391295142e+00 3.020702836092212795e+00 2.964604313434559213e+00
3.986666666666666003e+01 3.109683512120988258e+00 3.085100276968138377e+00 3.083778129709981997e+00 3.052982985644402181e+00 3.013491390508317380e+00 2.962079687958683927e+00
3.988333333333333997e+01 3.109879461585301375e+00 3.083055198592461021e+00 3.076498903917354699e+00 3.050298095659969011e+00 3.009930526215591318e+00 2.962392614728824647e+00
3.990000000000000568e+01 3.106245580067952705e+00 3.077445384547211393e+00 3.073941192372573017e+00 3.046325465914811126e+00 3.002851580640900409e+00 2.959132144100261375e+00
3.991666666666665719e+01 3.102217693797594045e+00 3.077421866594398203e+00 3.069589778627343613e+00 3.048986410283768489e+00 3.002741020522715409e+00 2.955820021067746328e+00
3.993333333333333712e+01 3.101816754792078967e+00 3.073956318316160008e+00 3.070264313336536599e+00 3.045577362968989288e+00 3.002599086425899344e+00 2.950051366136469344e+00
3.995000000000000284e+01 3.099061020460178728e+00 3.069025184021321184e+00 3.065151177575585972e+00 3.032009206928448108e+00 2.998215011173912536e+00 2.945430127082677707e+00
3.996666666666666856e+01 3.094857283595462416e+00 3.069015596700940041e+00 3.064503578072632628e+00 3.031691828152052182e+00 2.997361469015959567e+00 2.945039630628790484e+00
3.998333333333333428e+01 3.090126388412301583e+00 3.065180832730662441e+00 3.063674760527621554e+00 3.035798612113344674e+00 2.992957650272517256e+00 2.943664028444900271e+00
4.000000000000000000e+01 3.090872484201291570e+00 3.063895401296591547e+00 3.059435566004032658e+00 3.029079853070337780e+00 2.992250777747586632e+00 2.943989405172148466e+00
4.001666666666666572e+01 3.085159957583880175e+00 3.057198903249020105e+00 3.059737402828719866e+00 3.024251834679944739e+00 2.985742491066865512e+00 2.940882541189851818e+00
4.003333333333333144e+01 3.085962452398989697e+00 3.056572161285587619e+00 3.056729940051211791e+00 3.020883301608971117e+00 2.983997804247195074e+00 2.939986593862957687e+00
4.004999999999999716e+01 3.082744798127747821e+00 3.053094747641608819e+00 3.057265190035719726e+00 3.018269661450707630e+00 2.983055573780494463e+00 2.935564438003586130e+00
4.006666666666666288e+01 3.081045912939093689e+00 3.047171928647958605e+00 3.051872201422475950e+00 3.018886224301660093e+00 2.978507809277337604e+00 2.931445341523825743e+00
4.008333333333334281e+01 3.073278832873184818e+00 3.046802148028983748e+00 3.049350228932797169e+00 3.005948054175048068e+00 2.978210758701501426e+00 2.927059865832377650e+00
4.009999999999999432e+01 3.069751926445142054e+00 3.043010512096086639e+00 3.045341879015227349e+00 3.000146184455930065e+00 2.975215790854333076e+00 2.922772225659200362e+00
4.011666666666666003e+01 3.065248965769022949e+00 3.041731336752522274e+00 3.037955086943807004e+00 3.010877419958897683e+00 2.975911866078677193e+00 2.921880828193563318e+00
4.013333333333333997e+01 3.062635827695311175e+00 3.035733959254518499e+00 3.037083952518767394e+00 3.005462875543714052e+00 2.969773786704895890e+00 2.918775373654137084e+00
4.015000000000000568e+01 3.061288542126821000e+00 3.035373362671371922e+00 3.034289713829927404e+00 2.998001172837930994e+00 2.966848003221519647e+00 2.917512644592725302e+00
4.016666666666665719e+01 3.055735388760299376e+00 3.033004085047256382e+00 3.034546383637370504e+00 2.999144287050194535e+00 2.962866223692314449e+00 2.912947820527027609e+00
4.018333333333333712e+01 3.047047116742398920e+00 3.026685013265661972e+00 3.028121497446397914e+00 2.998794751171830697e+00 2.955386538448094846e+00 2.910402575641310996e+00
4.020000000000000284e+01 3.035524242355307933e+00 3.025544687132513122e+00 3.025778255680812379e+00 2.992707517026796715e+00 2.954090306180841008e+00 2.906947260946350031e+00
4.021666666666666856e+01 3.031748877776947904e+00 3.020571103389694922e+00 3.024520298611099722e+00 2.982579372391936712e+00 2.949852670895731332e+00 2.903815823838951538e+00
4.023333333333333428e+01 3.029879903117018713e+00 3.018492673085142464e+00 3.019776476891213868e+00 2.970999861514886931e+00 2.948389576016325453e+00 2.901989138336293905e+00
4.025000000000000000e+01 3.026096201932441332e+00 3.011392561572517224e+00 3.019252287448402683e+00 2.959104671230206929e+00 2.942194349518568952e+00 2.897100641323141268e+00
4.026666666666666572e+01 3.028842105849456345e+00 3.010322722791884509e+00 3.015934745383166415e+00 2.956820655683323640e+00 2.940911262307608798e+00 2.894762782198944340e+00
4.028333333333333144e+01 3.028496140472079379e+00 3.007938605522735287e+00 3.016612840385963334e+00 2.955769356777092849e+00 2.941063074984181291e+00 2.889114606483245140e+00
4.029999999999999716e+01 3.026972295920336897e+00 3.002333247620465162e+00 3.011130570595730305e+00 2.947612501891611725e+00 2.937515848220380921e+00 2.887685990036787942e+00
4.031666666666666288e+01 3.030270330708227711e+00 3.001602832397158860e+00 3.007712660949720895e+00 2.937776480109822064e+00 2.936080088846251712e+00 2.884278353927164584e+00
4.033333333333334281e+01 3.027720765088200761e+00 2.997095046280384700e+00 3.003090459498635845e+00 2.944776032415609812e+00 2.928871377909258555e+00 2.882802911532433399e+00
4.034999999999999432e+01 3.013173807512936619e+00 2.995239581035451515e+00 2.994791021544909615e+00 2.940521950154531439e+00 2.923383618972289266e+00 2.881671216040107897e+00
4.036666666666666003e+01 3.013985219329381238e+00 2.988183479953742783e+00 2.993082255421186666e+00 2.928335261239869869e+00 2.914287375169512639e+00 2.878079130084426840e+00
4.038333333333333997e+01 3.015016229179021678e+00 2.986600577596195016e+00 2.989620738642274844e+00 2.924534847950226890e+00 2.913472553754167027e+00 2.875810372760815969e+00
4.040000000000000568e+01 3.013938584376992580e+00 2.984427453653807571e+00 2.989155176437807260e+00 2.922440820395804106e+00 2.912109395941389511e+00 2.868565946946663114e+00
4.041666666666665719e+01 3.005059267638447995e+00 2.978912227535229551e+00 2.983690534461532984e+00 2.925208818556472412e+00 2.906853353757461900e+00 2.863426110839256467e+00
4.043333333333333712e+01 3.000636667311444850e+00 2.978223160636544797e+00 2.982300153521183717e+00 2.928676430591147906e+00 2.905851230206488722e+00 2.857178708592071015e+00
4.045000000000000284e+01 2.995527629697086525e+00 2.974404876639902717e+00 2.982466755690940552e+00 2.938339792666871730e+00 2.901981592707634228e+00 2.855993757696131397e+00
4.046666666666666856e+01 2.989578201332017127e+00 2.974301019577649807e+00 2.978260774821657630e+00 2.940447059068039604e+00 2.901431992222768486e+00 2.852248145603201390e+00
4.048333333333333428e+01 2.991023320844126143e+00 2.968467000363837816e+00 2.975137543435558918e+00 2.938125249141907425e+00 2.895186946734880085e+00 2.848066155080301698e+00
4.050000000000000000e+01 2.988057421458738983e+00 2.966740583626100047e+00 2.966395190536784909e+00 2.932244339226797170e+00 2.893506005870225550e+00 2.845780067849541073e+00
4.051666666666666572e+01 2.979918731798119058e+00 2.962974962634881138e+00 2.962270404909177479e+00 2.930437428471218020e+00 2.888848554606778141e+00 2.841169120052748465e+00
4.053333333333333144e+01 2.979779127740895373e+00 2.954273192437010032e+00 2.955870274030637290e+00 2.921593718488968872e+00 2.879403130256545484e+00 2.839961084245218093e+00
4.054999999999999716e+01 2.980400684182598070e+00 2.951798410734725042e+00 2.956175473155501443e+00 2.918201393136333532e+00 2.876510431119780886e+00 2.835682341913193572e+00
4.056666666666666288e+01 2.976498656166912671e+00 2.948902574220422235e+00 2.955614162900929376e+00 2.922823385262468321e+00 2.872910411362156413e+00 2.835637723158786816e+00
4.058333333333334281e+01 2.969629138068153207e+00 2.949688389133767075e+00 2.951244357973906940e+00 2.921707279184248662e+00 2.872777796874502521e+00 2.832527161375598901e+00
4.059999999999999432e+01 2.960035750207053340e+00 2.943273575643927664e+00 2.950069900150661617e+00 2.917410961637159073e+00 2.865275319376246355e+00 2.829769072914809502e+00
4.061666666666666003e+01 2.960460018085451228e+00 2.941111497046508205e+00 2.946063216686609199e+00 2.913343954021208049e+00 2.862095413055701254e+00 2.825514842266723559e+00
4.063333333333333997e+01 2.957727976297430672e+00 2.938196194312922227e+00 2.944696261847287833e+00 2.911646817439886625e+00 2.859404447621543444e+00 2.816473902342528479e+00
4.065000000000000568e+01 2.950280632768250033e+00 2.931008241739356368e+00 2.937088727813708111e+00 2.905273064925089077e+00 2.852943415512250169e+00 2.810613994711787189e+00
4.066666666666665719e+01 2.949911789479390034e+00 2.928372679418012936e+00 2.934403022224763458e+00 2.897642831262118523e+00 2.850073622317146338e+00 2.804990355392579904e+00
4.068333333333333712e+01 2.944046006146490591e+00 2.923169706744135343e+00 2.929210318972282234e+00 2.892702930601988243e+00 2.843851999757918581e+00 2.803695681947981910e+00
4.070000000000000284e+01 2.935791771070537681e+00 2.922341491063848995e+00 2.922335822056567611e+00 2.891727186689822648e+00 2.841119217757881898e+00 2.798230496626381125e+00
4.071666666666666856e+01 2.934279316438270335e+00 2.915890033044762131e+00 2.921152116178761027e+00 2.890490846465414876e+00 2.832788010250447464e+00 2.796102147315883357e+00
4.073333333333333428e+01 2.925316918413326306e+00 2.914093618597583202e+00 2.916958561219298751e+00 2.886056699969992145e+00 2.830473575894915328e+00 2.792542763985228493e+00
4.075000000000000000e+01 2.920496159759455423e+00 2.910958928792733325e+00 2.913020191599075215e+00 2.882662675076255177e+00 2.828386130711701529e+00 2.788657169946326952e+00
4.076666666666666572e+01 2.915240657080349962e+00 2.902073911150471641e+00 2.903424988266030571e+00 2.876000182099856861e+00 2.823154417132552219e+00 2.786262251583861094e+00
4.078333333333333144e+01 2.911514567461316538e+00 2.896896933357679060e+00 2.899905764667251695e+00 2.869869833401842651e+00 2.821254276577177755e+00 2.778162451990662252e+00
4.079999999999999716e+01 2.906977365966833649e+00 2.891885708372793573e+00 2.892089336580847103e+00 2.863657000787357632e+00 2.814197626877902980e+00 2.770536029070022721e+00
4.081666666666666288e+01 2.901327287840438363e+00 2.892100482069401846e+00 2.884884145836235980e+00 2.854080024682025485e+00 2.807396081080100192e+00 2.761578283286935331e+00
4.083333333333334281e+01 2.898623640260725942e+00 2.885031164374051382e+00 2.883324849985512639e+00 2.848205427715300608e+00 2.795349608506189298e+00 2.759994139112470268e+00
4.084999999999999432e+01 2.892514138847538163e+00 2.881322074027218072e+00 2.879717879428791427e+00 2.850215137965907086e+00 2.792626983964606513e+00 2.754445213742979792e+00
4.086666666666666003e+01 2.881273217225397421e+00 2.875241231757173832e+00 2.877392111844174316e+00 2.843440557881799169e+00 2.789245932775303416e+00 2.751683365390092284e+00
4.088333333333333997e+01 2.878129309768833188e+00 2.866257309211814874e+00 2.871254077459322041e+00 2.838148581150288230e+00 2.782559463230585450e+00 2.749302940499386505e+00
4.090000000000000568e+01 2.865250209880622290e+00 2.864237387644668509e+00 2.868859234117307810e+00 2.834936393784627029e+00 2.780356881808355496e+00 2.743976164082631897e+00
4.091666666666665719e+01 2.860426905037466216e+00 2.860195579767081941e+00 2.858116340381473108e+00 2.829970448658826854e+00 2.774305378465793837e+00 2.740186016219180232e+00
4.093333333333333712e+01 2.866552173210153764e+00 2.859119882492497489e+00 2.849056554874669356e+00 2.821536702179556766e+00 2.768944349737108457e+00 2.730823109690379447e+00
4.095000000000000284e+01 2.857753754177582373e+00 2.852050847499615571e+00 2.843635478340506673e+00 2.810871627183991972e+00 2.758987099895735540e+00 2.723043805506678350e+00
4.096666666666666856e+01 2.853080475083817458e+00 2.848784114616116803e+00 2.838602784803994084e+00 2.807995026176192788e+00 2.756941718393842056e+00 2.714428499532377970e+00
4.098333333333333428e+01 2.851900931051285060e+00 2.842606723594894191e+00 2.836116496795880071e+00 2.804577675266419323e+00 2.752609644533660305e+00 2.713113699376349164e+00
4.100000000000000000e+01 2.837482174376090960e+00 2.831938235355967670e+00 2.830437153718475152e+00 2.801365339685984779e+00 2.745821567857753109e+00 2.707968396393270805e+00
4.101666666666666572e+01 2.826058049112720294e+00 2.825838439317982953e+00 2.826702692087354585e+00 2.792609512922225257e+00 2.743925364780022136e+00 2.703127325633776668e+00
4.103333333333333144e+01 2.830466674219267453e+00 2.819108613704362831e+00 2.815935142987400663e+00 2.783532029694143706e+00 2.736043043868551905e+00 2.700033939283799977e+00
4.104999999999999716e+01 2.826284573380373200e+00 2.815706053942212073e+00 2.810376179933224972e+00 2.776806323445747182e+00 2.726324795101591647e+00 2.692236319694520930e+00
4.106666666666666288e+01 2.813829516413000498e+00 2.807382165615757152e+00 2.804778344458070727e+00 2.766165931897342833e+00 2.714074927003482518e+00 2.685413175409359088e+00
4.108333333333334281e+01 2.804427516578355650e+00 2.804602471562672061e+00 2.797261584328359696e+00 2.759167804004764246e+00 2.711690729425443536e+00 2.676186365359749075e+00
4.109999999999999432e+01 2.799195078640312584e+00 2.798328892568181736e+00 2.794403497572834905e+00 2.755893710682061570e+00 2.705114447132837441e+00 2.673384340741668197e+00
4.111666666666666003e+01 2.786369803354657115e+00 2.789130292940233957e+00 2.788035395080671108e+00 2.749012695794676553e+00 2.697426185066494675e+00 2.666950419491649793e+00
4.113333333333333997e+01 2.775674188474031912e+00 2.785997466259335642e+00 2.783014279285521031e+00 2.740272811225737737e+00 2.695640612543471537e+00 2.662960574093300892e+00
4.115000000000000568e+01 2.759403060848848455e+00 2.779994002029320121e+00 2.770132831283564023e+00 2.732481513146494123e+00 2.691033752695917602e+00 2.656197388424428762e+00
4.116666666666665719e+01 2.739187099747212528e+00 2.776434656960402592e+00 2.762523609360174159e+00 2.729474431857467298e+00 2.685248551245954740e+00 2.645097058638064880e+00
4.118333333333333712e+01 2.735585907360686075e+00 2.765611658037372411e+00 2.754645374437324268e+00 2.719035384940393651e+00 2.674488926233574926e+00 2.637202587587254232e+00
4.120000000000000284e+01 2.732352470904261477e+00 2.759074573549376019e+00 2.746744849676592271e+00 2.705017540981306645e+00 2.666863165041872819e+00 2.629586335064297398e+00
4.121666666666666856e+01 2.729458274099660464e+00 2.750289475869324374e+00 2.743471287822812688e+00 2.705365968211809857e+00 2.653558704420299286e+00 2.625210314103830989e+00
4.123333333333333428e+01 2.734309013132308674e+00 2.740062891174036785e+00 2.737096240502348454e+00 2.702505851542683413e+00 2.647729733768668048e+00 2.616658972495631286e+00
4.125000000000000000e+01 2.743182434193830233e+00 2.736734991525196836e+00 2.731495837305974117e+00 2.692961410049443227e+00 2.645126006576835831e+00 2.612414667002577850e+00
4.126666666666666572e+01 2.734651448123179396e+00 2.730087456218584840e+00 2.718867793278847422e+00 2.684697723151396431e+00 2.638361036154224237e+00 2.603461457055959549e+00
4.128333333333333144e+01 2.720918307179947870e+00 2.724159953692490976e+00 2.711334351717602509e+00 2.678130700662577190e+00 2.633306642064701997e+00 2.595444239799223229e+00
4.129999999999999716e+01 2.716235327929893639e+00 2.712414616014280355e+00 2.699083671428325726e+00 2.663252272827285605e+00 2.625504240560592173e+00 2.587986469410501922e+00
4.131666666666666288e+01 2.708094945264850395e+00 2.705619752368086495e+00 2.688636197605417166e+00 2.654806753824314747e+00 2.620002907829061645e+00 2.574345126113616544e+00
4.133333333333334281e+01 2.703139803698778820e+00 2.695257632153463145e+00 2.684364543800260794e+00 2.650084119061521193e+00 2.605799082694348012e+00 2.563549555506544397e+00
4.134999999999999432e+01 2.695341004479280933e+00 2.685248336825273530e+00 2.676419956134221234e+00 2.646731215309294338e+00 2.597658973981030961e+00 2.554071776450475006e+00
4.136666666666666003e+01 2.690662079706358067e+00 2.679705674885349609e+00 2.666689119859162460e+00 2.637618793315687604e+00 2.590806906857861858e+00 2.549592701002038719e+00
4.138333333333333997e+01 2.678701875517442765e+00 2.670846298961675025e+00 2.654985174313249097e+00 2.628895677970872757e+00 2.583738254263681533e+00 2.539427429248317214e+00
4.140000000000000568e+01 2.674209813303409344e+00 2.660346339576681540e+00 2.650118508742605350e+00 2.623279669809696291e+00 2.580404584223584319e+00 2.534768375366406534e+00
4.141666666666665719e+01 2.663178706374903282e+00 2.648769651855750418e+00 2.638898703397616341e+00 2.616031712185384883e+00 2.572695752442970107e+00 2.527473806745776930e+00
4.143333333333333712e+01 2.647184466725269303e+00 2.643483784697245653e+00 2.631829257758746543e+00 2.600378908569960679e+00 2.562452172354614532e+00 2.514896353725641909e+00
4.145000000000000284e+01 2.642322330120876472e+00 2.629073482281008456e+00 2.624297422384021417e+00 2.592752723501930756e+00 2.546163257707393157e+00 2.504128265247307805e+00
4.146666666666666856e+01 2.637763341677628048e+00 2.618025705103751655e+00 2.610633053923955949e+00 2.580222944508471450e+00 2.538774540582992678e+00 2.490453378792425898e+00
4.148333333333333428e+01 2.628858078966782141e+00 2.608252299522539897e+00 2.596637181319034315e+00 2.569086945525205223e+00 2.528702332535674557e+00 2.481841896965974570e+00
4.150000000000000000e+01 2.619093575381575167e+00 2.596865289260064547e+00 2.582502918699416394e+00 2.563893897861181159e+00 2.520054078855859636e+00 2.470633040174905037e+00
4.151666666666666572e+01 2.608477897251376465e+00 2.587947186361517993e+00 2.576282833536751138e+00 2.556864167371983410e+00 2.515020182695227202e+00 2.465695194168814108e+00
4.153333333333333144e+01 2.600229311994440629e+00 2.577203622592471710e+00 2.563835901773912518e+00 2.542817177089538472e+00 2.507515066212322008e+00 2.456370586587544480e+00
4.154999999999999716e+01 2.590734666896456151e+00 2.569664873691221985e+00 2.555978812763034291e+00 2.539137617551166404e+00 2.496705479915985126e+00 2.446755105852302492e+00
4.156666666666666288e+01 2.582050722577998947e+00 2.555662055232249763e+00 2.546780438711631067e+00 2.525187421365088891e+00 2.482903581217564160e+00 2.438976555535512070e+00
4.158333333333334281e+01 2.569233736648525834e+00 2.548062254198714349e+00 2.533799715265453223e+00 2.512900655754629842e+00 2.475214191778709605e+00 2.426287061653321420e+00
4.159999999999999432e+01 2.562972725696092802e+00 2.535509917880799602e+00 2.522058313361916770e+00 2.510049764412817463e+00 2.461703347732933089e+00 2.411658174768630758e+00
4.161666666666666003e+01 2.551657998778675385e+00 2.519924536171096907e+00 2.508910273203039942e+00 2.501750108450082610e+00 2.456832939331832222e+00 2.397985821546367635e+00
4.163333333333333997e+01 2.538355789163201148e+00 2.509945491234091719e+00 2.499904527046100444e+00 2.483119422865147197e+00 2.448308864112186622e+00 2.391311187544399974e+00
4.165000000000000568e+01 2.528164014341923949e+00 2.499447469130627209e+00 2.484038362975117931e+00 2.467657072523396611e+00 2.434707686146161176e+00 2.377011726888109244e+00
4.166666666666665719e+01 2.518481032957426979e+00 2.490401576792713900e+00 2.473355692892535540e+00 2.454768451962967557e+00 2.422160569363093874e+00 2.368587395076383828e+00
4.168333333333333712e+01 2.509067087995517031e+00 2.476097247989368366e+00 2.460174291638154820e+00 2.443553391873421798e+00 2.407767001281093666e+00 2.357558493002645417e+00
4.170000000000000284e+01 2.489347815801203900e+00 2.467089395527672480e+00 2.445910189699370019e+00 2.431274502439907170e+00 2.398853448147994172e+00 2.344805115895230774e+00
4.171666666666666856e+01 2.479084013234089223e+00 2.449861618234786320e+00 2.436495161233962037e+00 2.421672545033998425e+00 2.385736237510063695e+00 2.335833218157379765e+00
4.173333333333333428e+01 2.466261177384773351e+00 2.433404935676509062e+00 2.423902677970040109e+00 2.412773750298227160e+00 2.378024366120207844e+00 2.326210664951967821e+00
4.175000000000000000e+01 2.451461017352024374e+00 2.422953577430856154e+00 2.409971012711932925e+00 2.401668180899791061e+00 2.366670528998760403e+00 2.316396519597899051e+00
4.176666666666666572e+01 2.434430672484149127e+00 2.411124961357259622e+00 2.390212905998263082e+00 2.386570637494159097e+00 2.353436892032360284e+00 2.299561098434712569e+00
4.178333333333333144e+01 2.429514828480035415e+00 2.398042980276133829e+00 2.379499185485694390e+00 2.376587402363642632e+00 2.340969426190100844e+00 2.288004310981074596e+00
4.179999999999999716e+01 2.414405587175164403e+00 2.382629826129604833e+00 2.364062008316416108e+00 2.365196624909728929e+00 2.324113218205865472e+00 2.270577113159098381e+00
4.181666666666666288e+01 2.395187255122783743e+00 2.371083321460330406e+00 2.349794774378911377e+00 2.344904438927528201e+00 2.308475323024095527e+00 2.260782144166371577e+00
4.183333333333334281e+01 2.380367557277299095e+00 2.353052776117391609e+00 2.337522145429909770e+00 2.325410212303241853e+00 2.292810064956908533e+00 2.250210613851984842e+00
4.184999999999999432e+01 2.372576132635622947e+00 2.342176088778086029e+00 2.322422870535048478e+00 2.311477818406943996e+00 2.282529184056998339e+00 2.236522245873007186e+00
4.186666666666666003e+01 2.359182636865436500e+00 2.328967443561332118e+00 2.306915381337420801e+00 2.302981975224141387e+00 2.265619411901581337e+00 2.224682118239464490e+00
4.188333333333333997e+01 2.339436521720696494e+00 2.311681241690020983e+00 2.289367205919746073e+00 2.288844710514153835e+00 2.254434969181382975e+00 2.211946275831361497e+00
4.190000000000000568e+01 2.322192831586533668e+00 2.296346764298427434e+00 2.277488429110249513e+00 2.274317541649528707e+00 2.242421270959289004e+00 2.199675335853818137e+00
4.191666666666665719e+01 2.307998321464633129e+00 2.280999546222484131e+00 2.259391744684657422e+00 2.263390541442718895e+00 2.225671847019482730e+00 2.181233321847693141e+00
4.193333333333333712e+01 2.291268674349420387e+00 2.270183260683687365e+00 2.250222809096477317e+00 2.252271619147198756e+00 2.208397989045908894e+00 2.168272966420288661e+00
4.195000000000000284e+01 2.275548480231539550e+00 2.255142819080641292e+00 2.239836172467109421e+00 2.240816240627521161e+00 2.191105166665924919e+00 2.150257762356876157e+00
4.196666666666666856e+01 2.260744267251620698e+00 2.245729929168352346e+00 2.227762984566774573e+00 2.223957862478793235e+00 2.179942678596956007e+00 2.140337203268817046e+00
4.198333333333333428e+01 2.248998937455592095e+00 2.228382801099604293e+00 2.217959423439060274e+00 2.208219916080771394e+00 2.163013901006187734e+00 2.128895918758380024e+00
4.200000000000000000e+01 2.236502822730814799e+00 2.213568708807881258e+00 2.204381581616974284e+00 2.194777420495899189e+00 2.153068225692789994e+00 2.114665709707363561e+00
4.201666666666666572e+01 2.217680304240727818e+00 2.199606848164493034e+00 2.189597779877917816e+00 2.176261533332263021e+00 2.136525025138026113e+00 2.099294569610761663e+00
4.203333333333333144e+01 2.199447969917412316e+00 2.186595937543224011e+00 2.173974253082928243e+00 2.161136281509716817e+00 2.116735262719311006e+00 2.082950919727657002e+00
4.204999999999999716e+01 2.178020061728179080e+00 2.173728321500604022e+00 2.168386525326036374e+00 2.150121411476327182e+00 2.099591418929927400e+00 2.069103647339834762e+00
4.206666666666666288e+01 2.161635644413735236e+00 2.157441004407723018e+00 2.155902595674315414e+00 2.133618914472891870e+00 2.082195943464572263e+00 2.050150285402778216e+00
4.208333333333334281e+01 2.148748302830572499e+00 2.142725698061957562e+00 2.146981976325392338e+00 2.113377264938917310e+00 2.066761895353821821e+00 2.036768601073760010e+00
4.209999999999999432e+01 2.161993303094043029e+00 2.121728277540778862e+00 2.139289721536073774e+00 2.130848989298757434e+00 2.072167214075053110e+00 2.040137469396495984e+00
4.211666666666666003e+01 2.157800573007279343e+00 2.109818983898791522e+00 2.131453104217744254e+00 2.135412865670283100e+00 2.068607144009265930e+00 2.033776382410987793e+00
4.213333333333333997e+01 2.160131045512805770e+00 2.094912427522055864e+00 2.124188287798160157e+00 2.131377340256973785e+00 2.063335443944421588e+00 2.034680014970425610e+00
4.215000000000000568e+01 2.160367414294714461e+00 2.082764008046682935e+00 2.116949910207445829e+00 2.130707852812393721e+00 2.060841992159629932e+00 2.032416504674859237e+00
4.216666666666665719e+01 2.155011235071151443e+00 2.072704396381703784e+00 2.112117135620134700e+00 2.139780136234618269e+00 2.060563374967870232e+00 2.030245372082548627e+00
4.218333333333333712e+01 2.151436772706057710e+00 2.061752162743814676e+00 2.101489203503239089e+00 2.135866608236740127e+00 2.056915542296262611e+00 2.024478580442840236e+00
4.220000000000000284e+01 2.147937661367395723e+00 2.047883786309729892e+00 2.099144039493715752e+00 2.129003069796661318e+00 2.051407864677371240e+00 2.019686485583964686e+00
4.221666666666666856e+01 2.143760557075461648e+00 2.030172678794323282e+00 2.092621558601895249e+00 2.129845638365631899e+00 2.040756470453009896e+00 2.009241832224420321e+00
4.223333333333333428e+01 2.139272180148233282e+00 2.018316923233305804e+00 2.088012000432708959e+00 2.108955275757081083e+00 2.031609818451750815e+00 2.003898331647577358e+00
4.225000000000000000e+01 2.131957420874871278e+00 2.005364787135950344e+00 2.082440859344944606e+00 2.090190675147796995e+00 2.017908373372543362e+00 1.992372530145338105e+00
4.226666666666666572e+01 2.125716366491453346e+00 1.999371124059135196e+00 2.075466496581137132e+00 2.060965268136232709e+00 2.011845849938503683e+00 1.986477500525484219e+00
4.228333333333333144e+01 2.114938388626034893e+00 1.987875505950408517e+00 2.068931893828668933e+00 2.042466834673659637e+00 2.002274495856980696e+00 1.978764241826004078e+00
4.229999999999999716e+01 2.106622691250455759e+00 1.980330845654562077e+00 2.061089514928470479e+00 2.026282275687370404e+00 1.993816726924910965e+00 1.968277477006272314e+00
4.231666666666666288e+01 2.095724985231513404e+00 1.973416716659086578e+00 2.054918124958794223e+00 2.006376807780629878e+00 1.982875966519393796e+00 1.957139262204467878e+00
4.233333333333334281e+01 2.085477547190735415e+00 1.965396795597222468e+00 2.042683413236710432e+00 1.985033989767064355e+00 1.968656096701278058e+00 1.945756869978770620e+00
4.234999999999999432e+01 2.071394617926687776e+00 1.958639486170066890e+00 2.035031873821917525e+00 1.969075472553819539e+00 1.961226949557046240e+00 1.936348074662247454e+00
4.236666666666666003e+01 2.057609216696634657e+00 1.951438988250136175e+00 2.019285867944465629e+00 1.966395601211852195e+00 1.952839182783625782e+00 1.922076903989655916e+00
4.238333333333333997e+01 2.042567810109498172e+00 1.947239053683804899e+00 2.003566523047312309e+00 1.956813756088230161e+00 1.945044591360447939e+00 1.910062991859842185e+00
4.240000000000000568e+01 2.023347450710834217e+00 1.938400206984804086e+00 1.987339832234266801e+00 1.926105630968473648e+00 1.928957571052402731e+00 1.890476641266353397e+00
4.241666666666665719e+01 2.004353512141527016e+00 1.934681403601883787e+00 1.970652157651434644e+00 1.905137909207626379e+00 1.916601934312541999e+00 1.876411792907370701e+00
4.243333333333333712e+01 1.984263838896980214e+00 1.925676089362974297e+00 1.953372026004751127e+00 1.897071818388643472e+00 1.903890182216143145e+00 1.861402223711368542e+00
4.245000000000000284e+01 1.966539878585204848e+00 1.919677623644851394e+00 1.933767894115437924e+00 1.893516426676781661e+00 1.891473741698549871e+00 1.844342516631321649e+00
4.246666666666666856e+01 1.946811135897732692e+00 1.913564561822652443e+00 1.914528942020407687e+00 1.888053986017419250e+00 1.878048230380540806e+00 1.824736615634225956e+00
4.248333333333333428e+01 1.925354419214562851e+00 1.905845349048588711e+00 1.890171079404526555e+00 1.875987850329132289e+00 1.861573164657451152e+00 1.804589270817763103e+00
4.250000000000000000e+01 1.904330522805862236e+00 1.895548827157736538e+00 1.870855871232007583e+00 1.866667439110335280e+00 1.845497744802262252e+00 1.786148765567026508e+00
4.251666666666666572e+01 1.881894603773912378e+00 1.883893439124462388e+00 1.846570855206020711e+00 1.854816408341025902e+00 1.825878140188320398e+00 1.765405221249952472e+00
4.253333333333333144e+01 1.859057256898278609e+00 1.872435405099935224e+00 1.826947487612640142e+00 1.840233110907029568e+00 1.809186752266536802e+00 1.746530024578808238e+00
4.254999999999999716e+01 1.844960369440075576e+00 1.854652423081776691e+00 1.808344309237678749e+00 1.820862710875294166e+00 1.782175646662682134e+00 1.715569650252013911e+00
4.256666666666666288e+01 1.834039885171627304e+00 1.837436880569992992e+00 1.788092124769065983e+00 1.806389068248352547e+00 1.755744465402576671e+00 1.683507109097535315e+00
4.258333333333334281e+01 1.817668547644355481e+00 1.811294344075454310e+00 1.766256935201843126e+00 1.783481587428057846e+00 1.730474210205933394e+00 1.651984888694123965e+00
4.259999999999999432e+01 1.797755978940158927e+00 1.789386135655116394e+00 1.742654735906782326e+00 1.767446509540048893e+00 1.701662666833019699e+00 1.617928933009729953e+00
4.261666666666666003e+01 1.778027915126407343e+00 1.767041293810876157e+00 1.720271174818854831e+00 1.749742154282714957e+00 1.671008826382287094e+00 1.584075189131798567e+00
4.263333333333333997e+01 1.765336991231948760e+00 1.742982815248167894e+00 1.694917941883589130e+00 1.728034956948632628e+00 1.639005331031116786e+00 1.548880200648176997e+00
4.265000000000000568e+01 1.744180191541200076e+00 1.716601900199265840e+00 1.673593598633002610e+00 1.708149380203601408e+00 1.607805512301929918e+00 1.513547313444225884e+00
4.266666666666665719e+01 1.717872370382422353e+00 1.689061075398715861e+00 1.646630643810197636e+00 1.686530234012860285e+00 1.573233376099904879e+00 1.476288285532003641e+00
4.268333333333333712e+01 1.699231887354244241e+00 1.663001575471067639e+00 1.623949241119180709e+00 1.658896856638498063e+00 1.539141977142599593e+00 1.437772563274180904e+00
4.270000000000000284e+01 1.671496707982940144e+00 1.635543026441956815e+00 1.602012224297120424e+00 1.627577147507600852e+00 1.499297700787267873e+00 1.395424977668348498e+00
4.271666666666666856e+01 1.622752575162951905e+00 1.612407879429296642e+00 1.579313899084708206e+00 1.600847177464838955e+00 1.463700953579658792e+00 1.358129283038706170e+00
4.273333333333333428e+01 1.587636101429814817e+00 1.585489424755858634e+00 1.553881164323070774e+00 1.543873293266056157e+00 1.457957844909913758e+00 1.367251792626139828e+00
4.275000000000000000e+01 1.557748147519303794e+00 1.563823254673217367e+00 1.528101096917761970e+00 1.493436547818418170e+00 1.431923840449920382e+00 1.347273854732317533e+00
4.276666666666666572e+01 1.526831455476803434e+00 1.542660149583928053e+00 1.501963736772366165e+00 1.443387819175804943e+00 1.409887424924964439e+00 1.338511705168704768e+00
4.278333333333333144e+01 1.497015543876413002e+00 1.520428147526816876e+00 1.473687351678824475e+00 1.392754892416279366e+00 1.381112180536130385e+00 1.319750163024907774e+00
4.279999999999999716e+01 1.459031870101293427e+00 1.494749488238921398e+00 1.443916010207178191e+00 1.357846967035121200e+00 1.351773034765968440e+00 1.297968917614336082e+00
4.281666666666666288e+01 1.407788421484828412e+00 1.465610599300962491e+00 1.408906966448881359e+00 1.344255420004098367e+00 1.318554391323687680e+00 1.273075447620772849e+00
4.283333333333334281e+01 1.356990121623674383e+00 1.431552838504224878e+00 1.372565760364867771e+00 1.308783859220936652e+00 1.284834979514833497e+00 1.245553850437404630e+00
4.284999999999999432e+01 1.286505996040711475e+00 1.368117872874515140e+00 1.306641663638223427e+00 1.272967223749349897e+00 1.230784015091800354e+00 1.205811393799764986e+00
4.286666666666666003e+01 1.248638446464935825e+00 1.282567843183436418e+00 1.287346385937861992e+00 1.251757891607947926e+00 1.169051198599099450e+00 1.126210926428072856e+00
4.288333333333333997e+01 1.178332522325807430e+00 1.277335990432201474e+00 1.148259766514274638e+00 1.128300390336429482e+00 1.121642512889585053e+00 1.032582467855588382e+00
4.290000000000000568e+01 1.181509986794239131e+00 1.227459159661340005e+00 1.202449229103649264e+00 1.108949112662865888e+00 9.420000822681984243e-01 9.050131789733765197e-01
4.291666666666665719e+01 1.178611711599013345e+00 1.051038371651922487e+00 1.005019412907401488e+00 8.864893537886878727e-01 7.328732644873207080e-01 6.155397840302732071e-01
4.293333333333333712e+01 1.120286920336891034e+00 1.088703544365539067e+00 9.790995498473622494e-01 9.534533973308637611e-01 8.118504050819151940e-01 6.004580241878995084e-01
4.295000000000000284e+01 1.090393431523601242e+00 1.019144184600657477e+00 9.512680921617420182e-01 9.051963426226732334e-01 7.506412770420867187e-01 5.892002376660573360e-01
4.296666666666666856e+01 1.048610705969247769e+00 1.004193633310754841e+00 9.241869430045598355e-01 8.769450231502788906e-01 7.468933371074754080e-01 5.778913792670098415e-01
4.298333333333333428e+01 1.017282200761876032e+00 9.628002878501190631e-01 8.974738957394354788e-01 8.569861634454999377e-01 7.279012692714431632e-01 5.667172297095974809e-01
4.300000000000000000e+01 9.778509450219237120e-01 9.355509106662212027e-01 8.699860985895632171e-01 8.320911458168220864e-01 7.096275191655390113e-01 5.557357782190754936e-01
4.301666666666666572e+01 9.350896108391152373e-01 9.002676765413500926e-01 8.432823497866792639e-01 8.091654272497151856e-01 6.947710605361867575e-01 5.459588570598506996e-01
4.303333333333333144e+01 8.934451701856587214e-01 8.694418804125948474e-01 8.161381102396177978e-01 7.870821653190094302e-01 6.770339287618359903e-01 5.355172189775709857e-01
4.304999999999999716e+01 8.583541072748752665e-01 8.357186457644953936e-01 7.890613489458986329e-01 7.660558680640286999e-01 6.614136440141819007e-01 5.267312502198840951e-01
4.306666666666666288e+01 8.202285392303233502e-01 8.036455157004467331e-01 7.615111683220033845e-01 7.446108741915700158e-01 6.448219178845899791e-01 5.175317394481504518e-01
4.308333333333334281e+01 7.760484964574811961e-01 7.689843951188811699e-01 7.340341635061772285e-01 7.236066854862069908e-01 6.292665918434474648e-01 5.091442357048963085e-01
4.309999999999999432e+01 7.325715300065163138e-01 7.359483352553823909e-01 7.063695293296938793e-01 7.020939439917252001e-01 6.126361269637985441e-01 5.002162482561329782e-01
4.311666666666666003e+01 6.926513875847712942e-01 7.019172035004642707e-01 6.784191342202257058e-01 6.791174179039377590e-01 5.969397352708523119e-01 4.919884227138400790e-01
4.313333333333333997e+01 6.565521650204020343e-01 6.695060979627964759e-01 6.509594963114978539e-01 6.561804893482910961e-01 5.798597467686003037e-01 4.828874065604656929e-01
4.315000000000000568e+01 6.228472900401588186e-01 6.362196673810025516e-01 6.234109499019288014e-01 6.321568019248446912e-01 5.634635865969364055e-01 4.744214170423286525e-01
4.316666666666665719e+01 5.909461494502579182e-01 6.047629843077311218e-01 5.962220991243336599e-01 6.087979449658701414e-01 5.461919885452087842e-01 4.657856556797934089e-01
4.318333333333333712e+01 5.584132515844315581e-01 5.716111516473240117e-01 5.686091489825011447e-01 5.855809506299199940e-01 5.295553129370770273e-01 4.581768419973168971e-01
4.320000000000000284e+01 5.257408534738359229e-01 5.409385112258381367e-01 5.421504346983895273e-01 5.617993118861649426e-01 5.119991752651876782e-01 4.495027290474172821e-01
4.321666666666666856e+01 4.941763654881586310e-01 5.107577491317215612e-01 5.151470359327388060e-01 5.381733259476881859e-01 4.953211224534278534e-01 4.413907934196567018e-01
4.323333333333333428e+01 4.658221782753298457e-01 4.828891882535438218e-01 4.899350440246476590e-01 5.152715882016071225e-01 4.777636711696414129e-01 4.325695047969795870e-01
4.325000000000000000e+01 4.409932994633040670e-01 4.552510959182633488e-01 4.647782036522706273e-01 4.913679922943665068e-01 4.608934187812383509e-01 4.242407753931345948e-01
4.326666666666666572e+01 4.185233782737388109e-01 4.302845646070189711e-01 4.413715275868086985e-01 4.681937223326704256e-01 4.436088709849182465e-01 4.153272298637887272e-01
4.328333333333333144e+01 3.976970380473511257e-01 4.059717932529958717e-01 4.190057210722655801e-01 4.464486577114504251e-01 4.269919668004313884e-01 4.070051781190959783e-01
4.329999999999999716e+01 3.779507613659238707e-01 3.842873271511152433e-01 3.981174241042578776e-01 4.259193892178168017e-01 4.097633999633525370e-01 3.978051894559992419e-01
4.331666666666666288e+01 3.597293402684442754e-01 3.633260953858724607e-01 3.778064532874989001e-01 4.059083217452145176e-01 3.934491783941845289e-01 3.890855736733531134e-01
4.333333333333334281e+01 3.436930760023623188e-01 3.449716554679671532e-01 3.592339330181771873e-01 3.871896156687024138e-01 3.770410649142574844e-01 3.801810942948571914e-01
4.334999999999999432e+01 3.300433611987532156e-01 3.273862548541492945e-01 3.417369496859624101e-01 3.684536368086532288e-01 3.613935287739972191e-01 3.713322437237441820e-01
4.336666666666666003e+01 3.177638685178380551e-01 3.122243802330521567e-01 3.256351034753180440e-01 3.511922155822537195e-01 3.457182464344504824e-01 3.616484219963511659e-01
4.338333333333333997e+01 3.068555900022696958e-01 2.975991667768730919e-01 3.104271191890137227e-01 3.349121656144533610e-01 3.307595625177077170e-01 3.525013692460015058e-01
4.340000000000000568e+01 2.971613689463550312e-01 2.852084117256780127e-01 2.968989379508679138e-01 3.198727954327115763e-01 3.160735188012337438e-01 3.427206198937188808e-01
4.341666666666665719e+01 2.882312670977575930e-01 2.735025516601449769e-01 2.841175620062939555e-01 3.058458847611851827e-01 3.024121450935862154e-01 3.334614048363337968e-01
4.343333333333333712e+01 2.803240815049169998e-01 2.638586944201285478e-01 2.725291647453434996e-01 2.923129382286259181e-01 2.890954173413436967e-01 3.235758027805031856e-01
4.345000000000000284e+01 2.733165301252766244e-01 2.543931413355232651e-01 2.618781760135668324e-01 2.799030176145992366e-01 2.769179152147991929e-01 3.142335068394519482e-01
4.346666666666666856e+01 2.673953249377192254e-01 2.468982384449265322e-01 2.520716946404246150e-01 2.683693214957355577e-01 2.650078967922845918e-01 3.045205484449393096e-01
4.348333333333333428e+01 2.620980867885917553e-01 2.392016755497284319e-01 2.434327036238451425e-01 2.580100103793628863e-01 2.540160278052953080e-01 2.956659411565317197e-01
4.350000000000000000e+01 2.576417961893352482e-01 2.338724373720735827e-01 2.354963988580162648e-01 2.488378895623661879e-01 2.432628352652027315e-01 2.864287692548979081e-01
4.351666666666666572e+01 2.533058924791705135e-01 2.273294212633750755e-01 2.289788764202385363e-01 2.391272934909698111e-01 2.335978522257191048e-01 2.778536596203458608e-01
4.353333333333333144e+01 2.500591807287003698e-01 2.238419764519408162e-01 2.223506132675064362e-01 2.308836541004619658e-01 2.241425908032654846e-01 2.687889988392446750e-01
4.354999999999999716e+01 2.472134723682815893e-01 2.184700160452530682e-01 2.169877385301030026e-01 2.231109956067778566e-01 2.157619234767341743e-01 2.603935786680213749e-01
4.356666666666666288e+01 2.451335108855131339e-01 2.164043451381074679e-01 2.117054592401693969e-01 2.164517285956884252e-01 2.075848527533707688e-01 2.516325577627939736e-01
4.358333333333334281e+01 2.428390064478873622e-01 2.121265922135136539e-01 2.074707916717679901e-01 2.099403198702535778e-01 2.003045874671526005e-01 2.435068370296065432e-01
4.359999999999999432e+01 2.413940395593915378e-01 2.110945588987178101e-01 2.033007350662416890e-01 2.034955556742530369e-01 1.933430068496667376e-01 2.351658281110161619e-01
4.361666666666666003e+01 2.397354804563728015e-01 2.078531741383960463e-01 2.001044946068471775e-01 1.984184653365380357e-01 1.871548509146882533e-01 2.275475726830703260e-01
4.363333333333333997e+01 2.390746823211062633e-01 2.074703063427835170e-01 1.971635034794473884e-01 1.941433345866991900e-01 1.812953463656893360e-01 2.198367635474925696e-01
4.365000000000000568e+01 2.383227014389191489e-01 2.053330024461356151e-01 1.949205884130844890e-01 1.910551069172870819e-01 1.759779717832081203e-01 2.126056730143169871e-01
4.366666666666665719e+01 2.379873725152068797e-01 2.052045426203877587e-01 1.927537614064364080e-01 1.881967125368181892e-01 1.708629655658133739e-01 2.055646474246978217e-01
4.368333333333333712e+01 2.376865480429407318e-01 2.041410898061784274e-01 1.910978149768590983e-01 1.851387427339665492e-01 1.664960825500828301e-01 1.989004618422115234e-01
4.370000000000000284e+01 2.373384787501672810e-01 2.041938108491840320e-01 1.894632491830673116e-01 1.825330052754406129e-01 1.621525255222450446e-01 1.925177488854272478e-01
4.371666666666666856e+01 2.371625091133605923e-01 2.035641989642889282e-01 1.883215451522304018e-01 1.810264034919400189e-01 1.585218319210190685e-01 1.862880614859271922e-01
4.373333333333333428e+01 2.372745793399815839e-01 2.036412221404522160e-01 1.870999647889551309e-01 1.793862400454191708e-01 1.549177154336269513e-01 1.804986809609647469e-01
4.375000000000000000e+01 2.375180389104368517e-01 2.033048369857961557e-01 1.864538041000564916e-01 1.772835247585830831e-01 1.520457945856153736e-01 1.746998583519950021e-01
4.376666666666666572e+01 2.378935637591821639e-01 2.035611650329048061e-01 1.856830583464249840e-01 1.757211064627118291e-01 1.493237466897894272e-01 1.695504652101665066e-01
4.378333333333333144e+01 2.380159220040851398e-01 2.034476219299596045e-01 1.854281727893562770e-01 1.743970272229252994e-01 1.470639015875347122e-01 1.643693198986534432e-01
4.379999999999999716e+01 2.382957491347663659e-01 2.038647974375696614e-01 1.849508643763514426e-01 1.734566442647837992e-01 1.446965670440866214e-01 1.598841218027416966e-01
4.381666666666666288e+01 2.387025046626256308e-01 2.040157424516351736e-01 1.849596132045383257e-01 1.725096320567567343e-01 1.430414304129477565e-01 1.551938601721869482e-01
4.383333333333334281e+01 2.392819958627726007e-01 2.044612273299859506e-01 1.846598822281310948e-01 1.719350977015618454e-01 1.411904979501923951e-01 1.512960182749309712e-01
4.384999999999999432e+01 2.398144418351154383e-01 2.048064541394324922e-01 1.848615868359587133e-01 1.710229919883327621e-01 1.397250540085309689e-01 1.470639232748495173e-01
4.386666666666666003e+01 2.401065299824299837e-01 2.053947738596059169e-01 1.848520078245296516e-01 1.700822100166353434e-01 1.385646359543227513e-01 1.437124020185423512e-01
4.388333333333333997e+01 2.404816693361256918e-01 2.059230064577911856e-01 1.852268596492206432e-01 1.697716448925519483e-01 1.375484625782170123e-01 1.398011710002540209e-01
4.390000000000000568e+01 2.410848131117883653e-01 2.064367865118028056e-01 1.853527954422320434e-01 1.699019450259645903e-01 1.365153360025359586e-01 1.369910820847854704e-01
4.391666666666665719e+01 2.413412685162884819e-01 2.071230675493960782e-01 1.857025411720381880e-01 1.699497372935713235e-01 1.359333608925020753e-01 1.335062384360088394e-01
4.393333333333333712e+01 2.410916681330501354e-01 2.076107414110275051e-01 1.860303491109353557e-01 1.700791158086736587e-01 1.351806428348800160e-01 1.310782444808029634e-01
4.395000000000000284e+01 2.413758657698172883e-01 2.083719169909729052e-01 1.864208056355682597e-01 1.702810456456258226e-01 1.346942362225212186e-01 1.280225207820249178e-01
4.396666666666666856e+01 2.420999835698277591e-01 2.085832008411835081e-01 1.868516997275177227e-01 1.704408201413872836e-01 1.343064510214762586e-01 1.257994565768723039e-01
4.398333333333333428e+01 2.432892048265567764e-01 2.095693258839102791e-01 1.873638258170042259e-01 1.708545912871512473e-01 1.341103708956425389e-01 1.233659048753207310e-01
4.400000000000000000e+01 2.440428022797662966e-01 2.093963615890892249e-01 1.877790587512883635e-01 1.711776959571000289e-01 1.337739694904269971e-01 1.213674405224707542e-01
4.401666666666666572e+01 2.443303768947521215e-01 2.106380490594586818e-01 1.882983087342286199e-01 1.711750417375992872e-01 1.338343539099922652e-01 1.193838958073302065e-01
4.403333333333333144e+01 2.449118138631837527e-01 2.102389146511006723e-01 1.887056586675301406e-01 1.713352220975965512e-01 1.336644888364827422e-01 1.176448074591906756e-01
4.404999999999999716e+01 2.452968089927309303e-01 2.116105249779783315e-01 1.892986868104375164e-01 1.718126658421052777e-01 1.337084396005238096e-01 1.160884974128518210e-01
4.406666666666666288e+01 2.459347129532209186e-01 2.113314603692824922e-01 1.897146675238400026e-01 1.722499417319098558e-01 1.337443930492796251e-01 1.145594394335713445e-01
4.408333333333334281e+01 2.463992792207030380e-01 2.126420306375204627e-01 1.903395538044715396e-01 1.726671695458060207e-01 1.338923251474871956e-01 1.133736093582256993e-01
4.409999999999999432e+01 2.465002788084007523e-01 2.125368439813275223e-01 1.907566113048808631e-01 1.731395266471930927e-01 1.338584301853929237e-01 1.120130011860800412e-01
4.411666666666666003e+01 2.467682718352992854e-01 2.135945276410699534e-01 1.913691851072547578e-01 1.735872726191415583e-01 1.341853723172724000e-01 1.110815172132142564e-01
4.413333333333333997e+01 2.469175969562675543e-01 2.136350083885002193e-01 1.917308626833457708e-01 1.741232019753709281e-01 1.343626219163471247e-01 1.098184815831884792e-01
4.415000000000000568e+01 2.473231700210608008e-01 2.145708315876311834e-01 1.922828699510962525e-01 1.745514713716999344e-01 1.345381173749556902e-01 1.090449553977828334e-01
4.416666666666665719e+01 2.478332683703285133e-01 2.149446480895563505e-01 1.926412123363536177e-01 1.749948179095305034e-01 1.348187369578197903e-01 1.077340160999167573e-01
4.418333333333333712e+01 2.482843920819458317e-01 2.155443236647502370e-01 1.931838296428948498e-01 1.753908757532857132e-01 1.349679736801183416e-01 1.070903978130218759e-01
4.420000000000000284e+01 2.487279376344096182e-01 2.159796710539781672e-01 1.936274158233665665e-01 1.758300678230993730e-01 1.351630185786403537e-01 1.058154254949483369e-01
4.421666666666666856e+01 2.487693211831430717e-01 2.163887951126037545e-01 1.940526766402085879e-01 1.762121790290732404e-01 1.355678173625516070e-01 1.054073230759725727e-01
4.423333333333333428e+01 2.488137807522090017e-01 2.166750163515334948e-01 1.944872547546049601e-01 1.766937986307892394e-01 1.358920762180677588e-01 1.045553670037256272e-01
4.425000000000000000e+01 2.489232957383550049e-01 2.170360639732611951e-01 1.948527829957768520e-01 1.770724162809345359e-01 1.362414992445125095e-01 1.042861306145597966e-01
4.426666666666666572e+01 2.490659600570679089e-01 2.173437831741649451e-01 1.951864666777954893e-01 1.774490397813941467e-01 1.365984005896540565e-01 1.038340618913668328e-01
4.428333333333333144e+01 2.492230852540444908e-01 2.176440804721577194e-01 1.955707722534940352e-01 1.777629780324789521e-01 1.369148441180403075e-01 1.035484008180316690e-01
4.429999999999999716e+01 2.493516028371081938e-01 2.180032423305753309e-01 1.959121731743745098e-01 1.780930988046140473e-01 1.372187829004675730e-01 1.033204883411008024e-01
4.431666666666666288e+01 2.497267540874335279e-01 2.182715988580495592e-01 1.963079637599964289e-01 1.785369500151729738e-01 1.376241967882753381e-01 1.030316896985342401e-01
4.433333333333334281e+01 2.500372079266600100e-01 2.186599854622852945e-01 1.967053468704964281e-01 1.788678988445687734e-01 1.379761876899730511e-01 1.029733108314031392e-01
4.434999999999999432e+01 2.501811923017949746e-01 2.189195185130408394e-01 1.970811065116722938e-01 1.792382555070191896e-01 1.383320876714186076e-01 1.027150930755648672e-01
4.436666666666666003e+01 2.502911336355547189e-01 2.192588516824388323e-01 1.974063674537020197e-01 1.795778126481701875e-01 1.387648021740247317e-01 1.028013502389502065e-01
4.438333333333333997e+01 2.505353272912660967e-01 2.194163341353082275e-01 1.977497635828993350e-01 1.799948891198843437e-01 1.390856416898427483e-01 1.025366869395015479e-01
4.440000000000000568e+01 2.503538648940309974e-01 2.197422706232662892e-01 1.979929845412443934e-01 1.802540888610240644e-01 1.393551634912508219e-01 1.026926404512157331e-01
4.441666666666665719e+01 2.504514262678586012e-01 2.198267016919687178e-01 1.982841702614277501e-01 1.805304110558572928e-01 1.396859083002781332e-01 1.025079200179162542e-01
4.443333333333333712e+01 2.508213978466967697e-01 2.202514137835265284e-01 1.984692971723190091e-01 1.808218434547448628e-01 1.399440540807622702e-01 1.027623498557829196e-01
4.445000000000000284e+01 2.507799952474521477e-01 2.202157935325635696e-01 1.987344738729146243e-01 1.810897711893601214e-01 1.401786195101873966e-01 1.024111416067171459e-01
4.446666666666666856e+01 2.495987579088280728e-01 2.206027474014189416e-01 1.989303132296150467e-01 1.813648777394728240e-01 1.406845720060780069e-01 1.026369067132468643e-01
4.448333333333333428e+01 2.498816735209435924e-01 2.203201228621461949e-01 1.992129141589880081e-01 1.815964606966751771e-01 1.409978209930175530e-01 1.023652067523380671e-01
4.450000000000000000e+01 2.503124222586606829e-01 2.208193623041192766e-01 1.993359476157421650e-01 1.818653130959146658e-01 1.413233726124211442e-01 1.026809724615372066e-01
4.451666666666666572e+01 2.495850693720671754e-01 2.203457075357058426e-01 1.996656389985471125e-01 1.820759789920283200e-01 1.416634685354384859e-01 1.025964681438113757e-01
4.453333333333333144e+01 2.496150807143047434e-01 2.209646364500882920e-01 1.995253921628508398e-01 1.822866778893285911e-01 1.419095497645967430e-01 1.028749533655736043e-01
4.454999999999999716e+01 2.497540975678581854e-01 2.204858531579089453e-01 1.996480351557768096e-01 1.824675795143042012e-01 1.421834578322470621e-01 1.029728614069059939e-01
4.456666666666666288e+01 2.502324868339155794e-01 2.211310894033845786e-01 2.000347037419361595e-01 1.826140053694320642e-01 1.425336190563187555e-01 1.031520479195592033e-01
4.458333333333334281e+01 2.495069572986563788e-01 2.206966803776530817e-01 1.996247865735624183e-01 1.827528771226361592e-01 1.428003630965997972e-01 1.033052803458003183e-01
4.459999999999999432e+01 2.492115781427743093e-01 2.212140976908858192e-01 1.999190376302433791e-01 1.829218120434774608e-01 1.430104661884459283e-01 1.033953410777509463e-01
4.461666666666666003e+01 2.494906616232399899e-01 2.208469871224204850e-01 1.999823791649748272e-01 1.831453407956779855e-01 1.433433879972299541e-01 1.036087362724535665e-01
4.463333333333333997e+01 2.497551773848329937e-01 2.212439712737596098e-01 1.998002480688387539e-01 1.833328355206311211e-01 1.435695247477578318e-01 1.036345698901507406e-01
4.465000000000000568e+01 2.489733191813792434e-01 2.209674148828560669e-01 1.997645229503086928e-01 1.835442994045050902e-01 1.438447872245622872e-01 1.039645314999089049e-01
4.466666666666665719e+01 2.494173485883476593e-01 2.212126488806065161e-01 1.999180211686528152e-01 1.836929484211567154e-01 1.440502827609711767e-01 1.039943611594753986e-01
4.468333333333333712e+01 2.493640372390953097e-01 2.210633034766169569e-01 1.999204854108197205e-01 1.838126082549946250e-01 1.443501589452602096e-01 1.042675567318778335e-01
4.470000000000000284e+01 2.490347446221138905e-01 2.211302923349192373e-01 1.999863766188766934e-01 1.840032342572566759e-01 1.445663596556436281e-01 1.042642530292574449e-01
4.471666666666666856e+01 2.487414582667103469e-01 2.209475504967017834e-01 2.001064350510913803e-01 1.840819365537609553e-01 1.447056672700414992e-01 1.045706143299787033e-01
4.473333333333333428e+01 2.487099890422308779e-01 2.209213919378769653e-01 2.002394260976709806e-01 1.841334776611935065e-01 1.449019734546858618e-01 1.044477567362099985e-01
4.475000000000000000e+01 2.481326756389470867e-01 2.207734251964169614e-01 2.001977879955569029e-01 1.841615807442393282e-01 1.450736357137687171e-01 1.047322858334718693e-01
4.476666666666666572e+01 2.482372929701756881e-01 2.207391495782362878e-01 2.002060256245239422e-01 1.842389983993322489e-01 1.453546409027235142e-01 1.046035871354240726e-01
4.478333333333333144e+01 2.482151109109535236e-01 2.206310457280666604e-01 2.002625142156071458e-01 1.842486107129648887e-01 1.455424830340982245e-01 1.049154786405409878e-01
4.479999999999999716e+01 2.478572095692886390e-01 2.205308092399071163e-01 2.003052132279293518e-01 1.843092908027007537e-01 1.457555119441629743e-01 1.048604253160170668e-01
4.481666666666666288e+01 2.473328056040053624e-01 2.203740162507436262e-01 2.002894448102942870e-01 1.842554509572276733e-01 1.458624743562019210e-01 1.051499954480977495e-01
4.483333333333334281e+01 2.469662449197128906e-01 2.202142561459556891e-01 2.003015952675295530e-01 1.842949658708745164e-01 1.460261143888333946e-01 1.052110127285409286e-01
4.484999999999999432e+01 2.467389293979806442e-01 2.200625379940460979e-01 2.003883444885512788e-01 1.842660004906373772e-01 1.462152088768099989e-01 1.053535268995212659e-01
4.486666666666666003e+01 2.464975880547287390e-01 2.199188732581331129e-01 2.001741729971033001e-01 1.842710163244603849e-01 1.463196728136519353e-01 1.053981747066680963e-01
4.488333333333333997e+01 2.462330701248315601e-01 2.198341627835233569e-01 2.001164172410894448e-01 1.842940539744074291e-01 1.464789675686507531e-01 1.054853308058933264e-01
4.490000000000000568e+01 2.462006205814491477e-01 2.196516405263141680e-01 2.000903322527761707e-01 1.842420780965510207e-01 1.465475146588409716e-01 1.056578186740600306e-01
4.491666666666665719e+01 2.458444165714278873e-01 2.195856538928087076e-01 1.998310506761392658e-01 1.842163634322659671e-01 1.466373763597093316e-01 1.057245911014851741e-01
4.493333333333333712e+01 2.453489321422941405e-01 2.193121165673236617e-01 2.000636923555875746e-01 1.841634143044422189e-01 1.468216455755339267e-01 1.058393092544158004e-01
4.495000000000000284e+01 2.449980895547213267e-01 2.192135972652992093e-01 2.000359201249914953e-01 1.841324775110626255e-01 1.469532837712440587e-01 1.058679288667234153e-01
4.496666666666666856e+01 2.448706090449871420e-01 2.188736765354238056e-01 2.000153056390887585e-01 1.840583546276864657e-01 1.469978286361021125e-01 1.060480334869536717e-01
4.498333333333333428e+01 2.440785447476011560e-01 2.188177355746719344e-01 1.999712264067473044e-01 1.839938907231042364e-01 1.471461563474643908e-01 1.059817683508451208e-01
4.500000000000000000e+01 2.438670045689896038e-01 2.183354377265726010e-01 1.999428230651732474e-01 1.839170289482291998e-01 1.472050675812639209e-01 1.062538905736909317e-01
4.501666666666666572e+01 2.434991606912479956e-01 2.183426657635867130e-01 1.998934187974787946e-01 1.839110105833992592e-01 1.472703296100899006e-01 1.062470510135056639e-01
4.503333333333333144e+01 2.431466499451797603e-01 2.177528937216770821e-01 1.997982286491887804e-01 1.838737755501820836e-01 1.474749254492780104e-01 1.065408699237487267e-01
4.504999999999999716e+01 2.430494462617268092e-01 2.179002925758580789e-01 1.996202188408001954e-01 1.838161503309453104e-01 1.475345667183038945e-01 1.065955771952980524e-01
4.506666666666666288e+01 2.427498386329838276e-01 2.173031426071770633e-01 1.994988677160581259e-01 1.837776479064147095e-01 1.476229157571543049e-01 1.068454774316971723e-01
4.508333333333334281e+01 2.423321898048633183e-01 2.174067413941368210e-01 1.993900687031114338e-01 1.836873425336679744e-01 1.476459408798780071e-01 1.068246035485094919e-01
4.509999999999999432e+01 2.419161655351679818e-01 2.168612060376882145e-01 1.992359107151311925e-01 1.835971152253408900e-01 1.477221739478302154e-01 1.071553927682063201e-01
4.511666666666666003e+01 2.415083172801587574e-01 2.169263296860770018e-01 1.991248760222243952e-01 1.834573006663236527e-01 1.476753583020503635e-01 1.073179770550049955e-01
4.513333333333333997e+01 2.412052535858012492e-01 2.164265128279675154e-01 1.989698853495497077e-01 1.833092157062554406e-01 1.476588659034971940e-01 1.074541236715808867e-01
4.515000000000000568e+01 2.405943802272148546e-01 2.164138651993070261e-01 1.987095306598516964e-01 1.837124144528068936e-01 1.477255220882968956e-01 1.074740005248064345e-01
4.516666666666665719e+01 2.402844755180497671e-01 2.159679597942777418e-01 1.985565594501629283e-01 1.833391081595853456e-01 1.477000208921491198e-01 1.075937578062849537e-01
4.518333333333333712e+01 2.401171895850328086e-01 2.158739428815803496e-01 1.983090384742935974e-01 1.827415493825539916e-01 1.476205301856498286e-01 1.077260904811689485e-01
4.520000000000000284e+01 2.396010662325242235e-01 2.154758741169809366e-01 1.980441127654228028e-01 1.826742262195380773e-01 1.475451604339597100e-01 1.078080236688064991e-01
4.521666666666666856e+01 2.391697326589936334e-01 2.153398623989783156e-01 1.977281983287047518e-01 1.826989078764127417e-01 1.475488630299563175e-01 1.078781072117182133e-01
4.523333333333333428e+01 2.387537759176598939e-01 2.150432135548885348e-01 1.974972635145592070e-01 1.818989974050269631e-01 1.476074837158671549e-01 1.079000924570987369e-01
4.525000000000000000e+01 2.383054441449021232e-01 2.147694370013934761e-01 1.972851426462624569e-01 1.820995402055025914e-01 1.476691449976527681e-01 1.080580277247069759e-01
4.526666666666666572e+01 2.379089816210026853e-01 2.144335407612399103e-01 1.969953921792499119e-01 1.826335370027261096e-01 1.476813749638380135e-01 1.080151207749285164e-01
4.528333333333333144e+01 2.375342558158605455e-01 2.141973640060556849e-01 1.968462733358827821e-01 1.832028664653037875e-01 1.477523397754335888e-01 1.081544667189349024e-01
4.529999999999999716e+01 2.373529941359698026e-01 2.138270663848094166e-01 1.966614596712132901e-01 1.833689418167691876e-01 1.475095969472805524e-01 1.080636723034355262e-01
4.531666666666666288e+01 2.368378879193437092e-01 2.135542859019342876e-01 1.961971262883661915e-01 1.831998807240607929e-01 1.474265046873316221e-01 1.081829452970753808e-01
4.533333333333334281e+01 2.363248601157591222e-01 2.132164969565479018e-01 1.959388598907076118e-01 1.817720215127942573e-01 1.473859137451453138e-01 1.080971487815279297e-01
4.534999999999999432e+01 2.359047105978834824e-01 2.129057189711981435e-01 1.959555976787845655e-01 1.798681730705819493e-01 1.470489521234267516e-01 1.081871270428481913e-01
4.536666666666666003e+01 2.354057348894964541e-01 2.125496344499253620e-01 1.955455347876786654e-01 1.806043990063725957e-01 1.469028836140101046e-01 1.081215212397346054e-01
4.538333333333333997e+01 2.349880671629572537e-01 2.122826695002169584e-01 1.956249654942072425e-01 1.791482160470295182e-01 1.468941224943037249e-01 1.082528186596843078e-01
4.540000000000000568e+01 2.346533144683363437e-01 2.120248369905111396e-01 1.953223264500106027e-01 1.802240964886105135e-01 1.465968118456592306e-01 1.081975426758763209e-01
4.541666666666665719e+01 2.342628565453643286e-01 2.116724472366998677e-01 1.950801088301809538e-01 1.796954207572135365e-01 1.465320210252676336e-01 1.083093785564428063e-01
4.543333333333333712e+01 2.336775703699717766e-01 2.113218874372637113e-01 1.949550954010626225e-01 1.798250853643416636e-01 1.464768242676025012e-01 1.082499111110592216e-01
4.545000000000000284e+01 2.332437492984584249e-01 2.109333320167734727e-01 1.946536356628732756e-01 1.792715832737512283e-01 1.463119942601824874e-01 1.082630974046135952e-01
4.546666666666666856e+01 2.329220432881250469e-01 2.105893834706929757e-01 1.942870953649281918e-01 1.793988354234522520e-01 1.463478060730949992e-01 1.083037587410317359e-01
4.548333333333333428e+01 2.321286606328528679e-01 2.101527938301072373e-01 1.939624214779131217e-01 1.792779602690921237e-01 1.462333156260954004e-01 1.083290034596463974e-01
4.550000000000000000e+01 2.319942906896445833e-01 2.098103098063720806e-01 1.941348426611840539e-01 1.791359890280088130e-01 1.460326994646435339e-01 1.084371889258829991e-01
4.551666666666666572e+01 2.315421463138361835e-01 2.093740678025055313e-01 1.937913936094597944e-01 1.789094770640506371e-01 1.459427296012147657e-01 1.085043581033970639e-01
4.553333333333333144e+01 2.310633783402666619e-01 2.091436937810428609e-01 1.926899963398406579e-01 1.785948321601530941e-01 1.458707035296323840e-01 1.085922479056023182e-01
4.554999999999999716e+01 2.306586024088686793e-01 2.086833144502584225e-01 1.928183859283453261e-01 1.782782196514810236e-01 1.459469958581084970e-01 1.084837146699813709e-01
4.556666666666666288e+01 2.301527216141796561e-01 2.085085468463858116e-01 1.931599560534822679e-01 1.781130194360737717e-01 1.456018703310914264e-01 1.085227362128102779e-01
4.558333333333334281e+01 2.295899145771604088e-01 2.079190231723843374e-01 1.926648107149284417e-01 1.778658527277867107e-01 1.457299206261452595e-01 1.083926682894660737e-01
4.559999999999999432e+01 2.291096288601622288e-01 2.078158761264717880e-01 1.915654063275301078e-01 1.776577113740214209e-01 1.454841663205033719e-01 1.084125863217794972e-01
4.561666666666666003e+01 2.286683271944389417e-01 2.072487299000931038e-01 1.917744750492802464e-01 1.774062867877894412e-01 1.454006659112749567e-01 1.083079154661766158e-01
4.563333333333333997e+01 2.282474937725097741e-01 2.071705136693925420e-01 1.916369435768497387e-01 1.772554660527603521e-01 1.453063842939579520e-01 1.082949664182448202e-01
4.565000000000000568e+01 2.277070243292519391e-01 2.065830329515056796e-01 1.907902767124236842e-01 1.771740100016228614e-01 1.451542232818067990e-01 1.081693131732766322e-01
4.566666666666665719e+01 2.272351277777662770e-01 2.064533693058169805e-01 1.910373432394820437e-01 1.769955305167818238e-01 1.449680657534248851e-01 1.082143446770254258e-01
4.568333333333333712e+01 2.267751722042403717e-01 2.058774459943516488e-01 1.911676271190957399e-01 1.767969956255739106e-01 1.448465488614230634e-01 1.080599374889593817e-01
4.570000000000000284e+01 2.259283347017559118e-01 2.056751841102700540e-01 1.901334953203898392e-01 1.766567692328001593e-01 1.446718820086700386e-01 1.080910541648980455e-01
4.571666666666666856e+01 2.259176919802631800e-01 2.051525341921239531e-01 1.899926208487938417e-01 1.762560875895456680e-01 1.445653340467357995e-01 1.080256252676508738e-01
4.573333333333333428e+01 2.254944511734740809e-01 2.049420833621367899e-01 1.899186805880947182e-01 1.761931152853383198e-01 1.444779077562518277e-01 1.081162855214835711e-01
4.575000000000000000e+01 2.246250104292636662e-01 2.044673218341760412e-01 1.890658980674117251e-01 1.758615239691226073e-01 1.443314848386942906e-01 1.079763642576616889e-01
4.576666666666666572e+01 2.244131826964944065e-01 2.041820483918660722e-01 1.890802750390508380e-01 1.757110380078888145e-01 1.442515802970745498e-01 1.080516450339041867e-01
4.578333333333333144e+01 2.239982289876454313e-01 2.036392884158715610e-01 1.891718737934573458e-01 1.756805304898644282e-01 1.441730978916617167e-01 1.079420284856652812e-01
4.579999999999999716e+01 2.231170115986679525e-01 2.033392162974273221e-01 1.884546916663707994e-01 1.752103858044942175e-01 1.440082778824497145e-01 1.079527640687811402e-01
4.581666666666666288e+01 2.227763229404986223e-01 2.029227651526943343e-01 1.880814080876070660e-01 1.749085819506961403e-01 1.437785958732796521e-01 1.079007138856891423e-01
4.583333333333334281e+01 2.223190123895978365e-01 2.026040557569125655e-01 1.877785669623285025e-01 1.746388666129463085e-01 1.435940754521919382e-01 1.078681473991798534e-01
4.584999999999999432e+01 2.219414719178897100e-01 2.021804895470822594e-01 1.878083408885219963e-01 1.744705367147736663e-01 1.434515566049662516e-01 1.079330490320564717e-01
4.586666666666666003e+01 2.215101368809708204e-01 2.018290636507090174e-01 1.872575280193474190e-01 1.741925314741978592e-01 1.433369481821917812e-01 1.078294465598841900e-01
4.588333333333333997e+01 2.210437483564764438e-01 2.014147708814182647e-01 1.869642371106826073e-01 1.739129958035192658e-01 1.431939286597203875e-01 1.078131103304300481e-01
4.590000000000000568e+01 2.204900421613145978e-01 2.010685803428062524e-01 1.868248241125163023e-01 1.736232532575378851e-01 1.430944233458326664e-01 1.077737541662058540e-01
4.591666666666665719e+01 2.200656369219941844e-01 2.007005681048413259e-01 1.866680456688559198e-01 1.733058399232114966e-01 1.430456336787798155e-01 1.078247768323049444e-01
4.593333333333333712e+01 2.197516747799641290e-01 2.003483207626384210e-01 1.862529163308258018e-01 1.730318445933497207e-01 1.429618758648221188e-01 1.076926431129988787e-01
4.595000000000000284e+01 2.192290466627419554e-01 1.999637191410180148e-01 1.858668699358284881e-01 1.727469261247545629e-01 1.427801212396769270e-01 1.078076751959936852e-01
4.596666666666666856e+01 2.187810948798260546e-01 1.995674590892113354e-01 1.856408299860283773e-01 1.724949947705415043e-01 1.426759335728982614e-01 1.077478528496105398e-01
4.598333333333333428e+01 2.182126766037926491e-01 1.992227708954992516e-01 1.851505443896269421e-01 1.721961846691048015e-01 1.425067853456518097e-01 1.077057964640500271e-01
4.600000000000000000e+01 2.178997143907324685e-01 1.988208153783792287e-01 1.849844857615291771e-01 1.719706160574219489e-01 1.423774226870617721e-01 1.075773281134379949e-01
4.601666666666666572e+01 2.173058862900918153e-01 1.983907552323088963e-01 1.847023251342881645e-01 1.717774301218371047e-01 1.421513333409808455e-01 1.076652869989283001e-01
4.603333333333333144e+01 2.168342518553273701e-01 1.980002799563716498e-01 1.843396703819562832e-01 1.715216189526819202e-01 1.419607886009794651e-01 1.075035356764368621e-01
4.604999999999999716e+01 2.164538820719295042e-01 1.976199410120892397e-01 1.841345380792548114e-01 1.711938952905466271e-01 1.418537260461606997e-01 1.075321450592347100e-01
4.606666666666666288e+01 2.159897125508894178e-01 1.972044524161364332e-01 1.835664461001675629e-01 1.709120517475254397e-01 1.417872072353188184e-01 1.073418343959926941e-01
4.608333333333334281e+01 2.154932337247968954e-01 1.968546554894734790e-01 1.833317957248597474e-01 1.705495471732089985e-01 1.416071086368180798e-01 1.073954724470420202e-01
4.609999999999999432e+01 2.149790191743986001e-01 1.964120038772816101e-01 1.830425564838317476e-01 1.703559956130522579e-01 1.413654699821710603e-01 1.072040938788529074e-01
4.611666666666666003e+01 2.145788024347556888e-01 1.960251882921991706e-01 1.827028655858592698e-01 1.701220991093169987e-01 1.412652320641722692e-01 1.072357129006315662e-01
4.613333333333333997e+01 2.140418524414705037e-01 1.955655979478826689e-01 1.823830918732705086e-01 1.697876344417291183e-01 1.409471543314972097e-01 1.070788652911355138e-01
4.615000000000000568e+01 2.135465583787111710e-01 1.952176316790900368e-01 1.820707412113523604e-01 1.695067106843798910e-01 1.408948192573067915e-01 1.070560310574355661e-01
4.616666666666665719e+01 2.131140994351703455e-01 1.947291371686770411e-01 1.818048589667137505e-01 1.692787534651288561e-01 1.406683489293321376e-01 1.069277460849679673e-01
4.618333333333333712e+01 2.126692001339106075e-01 1.944691010558494415e-01 1.813583185935783160e-01 1.690512920975634215e-01 1.405306925207977509e-01 1.069142294389913567e-01
4.620000000000000284e+01 2.121788775734034238e-01 1.939237245853061842e-01 1.810603420079139603e-01 1.686595763971078521e-01 1.404042457014250400e-01 1.068387437288945280e-01
4.621666666666666856e+01 2.116212577426172803e-01 1.936899828779492794e-01 1.809015423341607809e-01 1.682831376238976828e-01 1.402779503873931854e-01 1.068009206017971197e-01
4.623333333333333428e+01 2.114438738714488619e-01 1.931500653224129394e-01 1.804983313975882797e-01 1.682430135594375487e-01 1.400738122237532024e-01 1.067726103672319293e-01
4.625000000000000000e+01 2.105436740326635525e-01 1.929052203044361313e-01 1.801159449129010048e-01 1.678702206076337633e-01 1.400100181150678857e-01 1.066328255253760487e-01
4.626666666666666572e+01 2.100423101459987507e-01 1.922881413224714897e-01 1.797702488086474759e-01 1.675166189535215733e-01 1.399237688537839364e-01 1.065683672927117270e-01
4.628333333333333144e+01 2.095624910223573556e-01 1.920524397987714849e-01 1.794705543778005452e-01 1.672607337390985272e-01 1.395562209711587731e-01 1.064066440295925592e-01
4.629999999999999716e+01 2.091247228985428086e-01 1.915257271459983590e-01 1.790863530478326027e-01 1.673249107237830546e-01 1.393336723858303594e-01 1.063977648988900515e-01
4.631666666666666288e+01 2.086741161472186190e-01 1.913348278943215741e-01 1.787784886594045441e-01 1.665621594542983641e-01 1.391898530446712690e-01 1.063028145218109788e-01
4.633333333333334281e+01 2.081767547695666520e-01 1.908388042237402493e-01 1.783750832684963816e-01 1.664097375951127944e-01 1.390620425931664295e-01 1.063130476832426230e-01
4.634999999999999432e+01 2.077378430949700649e-01 1.905445601889910190e-01 1.780811187639058379e-01 1.664287229227255083e-01 1.388755448733665354e-01 1.061498712544489270e-01
4.636666666666666003e+01 2.072161658709086862e-01 1.900821559282935835e-01 1.777136398877104395e-01 1.657400109350323225e-01 1.386180346529465035e-01 1.061602222554034053e-01
4.638333333333333997e+01 2.067488844032827344e-01 1.897679821517602727e-01 1.774304665756828436e-01 1.651129988731369347e-01 1.385194719691719423e-01 1.059797019200759277e-01
4.640000000000000568e+01 2.062514706100865847e-01 1.893129765017619037e-01 1.770747882881369972e-01 1.650229018528066860e-01 1.382075202870857444e-01 1.059689407109892095e-01
4.641666666666665719e+01 2.057768035343581770e-01 1.889602334737722766e-01 1.767725265740311691e-01 1.647114498445438058e-01 1.379835618643933115e-01 1.057492259381850180e-01
4.643333333333333712e+01 2.053419396730956914e-01 1.885595148063256843e-01 1.764876293447178446e-01 1.644343431812206879e-01 1.377867061081139433e-01 1.057213523176241815e-01
4.645000000000000284e+01 2.049069946650632357e-01 1.881935495774686162e-01 1.761969356993501878e-01 1.643518497827427816e-01 1.374155317389145758e-01 1.055279725371807559e-01
4.646666666666666856e+01 2.044383487413962419e-01 1.877990273611221950e-01 1.758122414048314541e-01 1.638236935041488262e-01 1.372928018869209454e-01 1.055375569506577377e-01
4.648333333333333428e+01 2.039655989486290621e-01 1.874531145615541128e-01 1.754758519988905141e-01 1.636145895311228171e-01 1.370017685221667503e-01 1.053327301531898352e-01
4.650000000000000000e+01 2.035235679436270817e-01 1.870440238580739767e-01 1.751345680101679125e-01 1.633393298200176147e-01 1.368308935526412751e-01 1.053021920491327978e-01
4.651666666666666572e+01 2.030527750573632162e-01 1.866419676817177020e-01 1.748639482359244379e-01 1.631456189978807980e-01 1.366477995596999395e-01 1.051313857352378228e-01
4.653333333333333144e+01 2.025823013206751455e-01 1.862611222293863444e-01 1.746002597139631740e-01 1.629913060385442258e-01 1.364303096745993760e-01 1.050689403580279679e-01
4.654999999999999716e+01 2.021094740912979804e-01 1.858751230528291887e-01 1.742257034195164034e-01 1.626756749187072693e-01 1.361293599098200580e-01 1.049235141610609379e-01
4.656666666666666288e+01 2.016280813269480943e-01 1.855107354046832413e-01 1.738953552892467946e-01 1.622795522063194273e-01 1.359026840472560560e-01 1.048510795119680372e-01
4.658333333333334281e+01 2.010855194718230154e-01 1.850757188115643992e-01 1.734551797517304428e-01 1.619900631922948087e-01 1.356974398155256778e-01 1.047102197722405703e-01
4.659999999999999432e+01 2.007774215295446696e-01 1.846734797808087525e-01 1.731594213046553643e-01 1.616223049304077175e-01 1.355265019216070344e-01 1.045849853930617829e-01
4.661666666666666003e+01 2.003487738693184306e-01 1.842613875030764403e-01 1.730189857432679335e-01 1.613241430241058871e-01 1.353910895140936765e-01 1.044960265471374106e-01
4.663333333333333997e+01 1.999102036113925562e-01 1.838593412791844905e-01 1.725026147962465672e-01 1.610273713498706349e-01 1.351707755556877111e-01 1.043895306849608601e-01
4.665000000000000568e+01 1.995225902299296861e-01 1.834409651568318922e-01 1.721815086524587368e-01 1.607314490137182195e-01 1.349177050113821719e-01 1.043014232262504670e-01
4.666666666666665719e+01 1.991799882707990244e-01 1.830604458901925746e-01 1.717609837652847582e-01 1.603201016488045305e-01 1.347941279349173793e-01 1.040805539351247477e-01
4.668333333333333712e+01 1.986912069725184637e-01 1.826502256675596181e-01 1.714559114026778242e-01 1.602525602433810259e-01 1.346195489485908225e-01 1.040057306429017503e-01
4.670000000000000284e+01 1.982606531936436656e-01 1.823240680690845217e-01 1.710923982799733567e-01 1.597804077198412831e-01 1.344963285126661856e-01 1.038899269995263580e-01
4.671666666666666856e+01 1.978290319119430096e-01 1.819155249234736815e-01 1.707463878722171313e-01 1.595858794249264689e-01 1.343147496201110569e-01 1.038575484003412819e-01
4.673333333333333428e+01 1.973635475824870034e-01 1.815722794037812615e-01 1.704074310364334655e-01 1.592481231769143635e-01 1.341069981390538013e-01 1.036781541170149618e-01
4.675000000000000000e+01 1.969578754866209425e-01 1.811112156616596081e-01 1.701145571837558435e-01 1.589710547731516543e-01 1.337587042402202109e-01 1.036317554654780093e-01
4.676666666666666572e+01 1.964891999053669513e-01 1.808281706127808919e-01 1.698098930597570222e-01 1.587211434204172378e-01 1.335230640713351291e-01 1.034380338747336314e-01
4.678333333333333144e+01 1.960154255832394499e-01 1.803556800034837038e-01 1.694536481815105411e-01 1.584815512822750627e-01 1.333350585716667203e-01 1.033558952474957909e-01
4.679999999999999716e+01 1.954877305888934880e-01 1.801202883202041305e-01 1.691584711891209181e-01 1.582801405769088399e-01 1.331498842858687970e-01 1.031459196740714124e-01
4.681666666666666288e+01 1.950777685765014147e-01 1.796329315401326565e-01 1.688206796815381883e-01 1.579449985691093461e-01 1.328509251250258594e-01 1.030974157145843340e-01
4.683333333333334281e+01 1.947239092995052545e-01 1.793902159506900462e-01 1.684645110392014311e-01 1.575354308446172968e-01 1.326229633728470969e-01 1.028656893817334050e-01
4.684999999999999432e+01 1.942425382681167434e-01 1.787766173138805315e-01 1.681043240630294977e-01 1.571918130046179030e-01 1.324250930860929876e-01 1.028189399403349885e-01
4.686666666666666003e+01 1.937526733894208431e-01 1.784840530253304081e-01 1.677968825556823140e-01 1.569518969759576554e-01 1.321561799411433424e-01 1.025841033145624692e-01
4.688333333333333997e+01 1.933539042353726312e-01 1.780143090164715558e-01 1.674115651415545025e-01 1.567154161782277899e-01 1.320480454709064277e-01 1.025112209754865111e-01
4.690000000000000568e+01 1.928769192126262577e-01 1.777332534565453925e-01 1.671008912996889695e-01 1.564257395463010403e-01 1.317782916019580308e-01 1.023238669283863117e-01
4.691666666666665719e+01 1.924223847208238192e-01 1.772335251558001812e-01 1.668681047291259989e-01 1.561656008486977110e-01 1.314837449325359231e-01 1.022568869842963718e-01
4.693333333333333712e+01 1.918132213889407744e-01 1.768958368341472243e-01 1.665134738165489348e-01 1.558123008387581332e-01 1.313495020770366339e-01 1.020588140844140151e-01
4.695000000000000284e+01 1.914841920556623611e-01 1.765374136933831051e-01 1.661863111526603320e-01 1.555317836163321032e-01 1.311807468905856477e-01 1.019602738376973600e-01
4.696666666666666856e+01 1.909796885467366367e-01 1.762053090862463200e-01 1.658661777771559820e-01 1.552091191168492312e-01 1.309644435179786459e-01 1.018322705740163370e-01
4.698333333333333428e+01 1.905530409021058691e-01 1.758117571429284598e-01 1.655230561270570888e-01 1.549172651003301038e-01 1.307339008603239927e-01 1.017569309543350925e-01
4.700000000000000000e+01 1.900955972820791151e-01 1.754197789704931010e-01 1.651238202777005060e-01 1.546192902312020501e-01 1.305650040210731833e-01 1.016109826403219507e-01
4.701666666666666572e+01 1.896258964478427511e-01 1.749907512496892137e-01 1.648787309057577477e-01 1.543919644919155287e-01 1.303981801132167162e-01 1.014729415680960672e-01
4.703333333333333144e+01 1.891614863160139270e-01 1.746303048875408603e-01 1.645842403697191647e-01 1.540712107169697753e-01 1.302013931740066410e-01 1.013539596599705300e-01
4.704999999999999716e+01 1.887073004976465573e-01 1.742648960329598318e-01 1.642288187469424510e-01 1.538846521238217135e-01 1.299502576647244279e-01 1.011924768858535190e-01
4.706666666666666288e+01 1.882604274342111750e-01 1.739214972673698290e-01 1.639152978709547681e-01 1.536012525659211925e-01 1.298476393520149597e-01 1.010793116008610742e-01
4.708333333333334281e+01 1.878219276001678317e-01 1.735544752906087729e-01 1.636567837777529733e-01 1.533235157256039871e-01 1.295935616057709017e-01 1.009408134463283535e-01
4.709999999999999432e+01 1.874116735381795573e-01 1.731936824266399333e-01 1.633407704268771132e-01 1.529522670050306454e-01 1.293405239562271103e-01 1.008303162965377697e-01
4.711666666666666003e+01 1.869833019857495560e-01 1.729502947872680607e-01 1.630442177248936919e-01 1.526429089631974600e-01 1.291390870541799518e-01 1.006358484092741701e-01
4.713333333333333997e+01 1.865683071085031675e-01 1.725720796173676186e-01 1.627047765550272973e-01 1.523868654780446419e-01 1.288986886714748314e-01 1.005352784588598725e-01
4.715000000000000568e+01 1.861521169634307027e-01 1.721291471925796568e-01 1.623675272971026040e-01 1.521298644928270882e-01 1.287383835007527566e-01 1.003295270255786520e-01
4.716666666666665719e+01 1.857393380256532611e-01 1.716710983627557086e-01 1.620293174705020878e-01 1.517990926147229080e-01 1.285378970083867478e-01 1.002631821137899837e-01
4.718333333333333712e+01 1.853830189306371334e-01 1.712789136456651373e-01 1.617130217455341190e-01 1.514767019196953390e-01 1.282620186788159256e-01 1.000310071092567477e-01
4.720000000000000284e+01 1.849970091560724506e-01 1.708685639592467664e-01 1.614303226721023610e-01 1.510986280328651399e-01 1.280578481705512139e-01 9.993299475976263890e-02
4.721666666666666856e+01 1.845903372154867328e-01 1.705507690465399573e-01 1.610983651944304096e-01 1.508307660628073754e-01 1.278238932936171801e-01 9.974269200645739797e-02
4.723333333333333428e+01 1.841819909413803524e-01 1.701765296671144401e-01 1.607526770960309159e-01 1.505404038306318582e-01 1.274727578184766952e-01 9.966965608961432521e-02
4.725000000000000000e+01 1.837357948445756672e-01 1.698041728900527569e-01 1.604050486210175097e-01 1.501862813211400915e-01 1.273178486369153928e-01 9.948892781965204546e-02
4.726666666666666572e+01 1.832881291507836297e-01 1.693814581039568834e-01 1.601066356612308728e-01 1.498876220333179854e-01 1.272040248251062322e-01 9.940067410096740941e-02
4.728333333333333144e+01 1.828051425109541162e-01 1.690813733010637920e-01 1.597227790106025558e-01 1.496272989465565195e-01 1.268847503924751541e-01 9.925398434535778747e-02
4.729999999999999716e+01 1.823976765359552887e-01 1.687072156586734983e-01 1.593896883543972631e-01 1.493541362091411195e-01 1.265834827440905919e-01 9.913578358015810721e-02
4.731666666666666288e+01 1.820200370882900931e-01 1.684090826292464482e-01 1.590015280077017312e-01 1.490918732418861359e-01 1.263351696123356238e-01 9.900810590935447963e-02
4.733333333333334281e+01 1.816131528937822148e-01 1.679210589473519866e-01 1.586769316352773518e-01 1.486913932013005368e-01 1.262666985401172393e-01 9.889916039717222551e-02
4.734999999999999432e+01 1.811698959633166739e-01 1.676449469041705054e-01 1.584251413738405057e-01 1.483658463571024266e-01 1.260465183579750348e-01 9.878688133681685912e-02
4.736666666666666003e+01 1.808182053756070828e-01 1.672046196624099312e-01 1.581167911012655858e-01 1.481871375973128624e-01 1.257212336964377841e-01 9.859404683314106077e-02
4.738333333333333997e+01 1.802570268757055227e-01 1.669349209929460176e-01 1.577026889094390594e-01 1.477787879061272236e-01 1.254785396165431777e-01 9.847494154774583119e-02
4.740000000000000568e+01 1.799477731431837479e-01 1.664077034937283539e-01 1.573849455985683043e-01 1.474365690454563227e-01 1.253507371954901417e-01 9.834181084216475632e-02
4.741666666666665719e+01 1.794612331669719618e-01 1.660825056573945191e-01 1.571453127750419010e-01 1.471412032897916888e-01 1.251560031382353000e-01 9.827140558045638352e-02
4.743333333333333712e+01 1.791053230632793369e-01 1.656528799861558265e-01 1.567782594354895365e-01 1.469982283920253374e-01 1.250621662525928934e-01 9.807105369821463026e-02
4.745000000000000284e+01 1.787424598208836868e-01 1.654248697228955789e-01 1.563847419646026693e-01 1.464550373507735315e-01 1.248996082189714474e-01 9.800081309507212290e-02
4.746666666666666856e+01 1.782744179005314178e-01 1.652369602907956259e-01 1.560910353398843042e-01 1.461485734406283987e-01 1.246175126812405221e-01 9.786026872678187105e-02
4.748333333333333428e+01 1.779042595077406641e-01 1.650745883750489862e-01 1.559459506508616422e-01 1.458007752833137827e-01 1.243487261571914054e-01 9.776749332760539812e-02
4.750000000000000000e+01 1.775234302102944028e-01 1.646005465312257721e-01 1.555098407916944980e-01 1.456293945495266973e-01 1.240871621167855127e-01 9.755587510308090515e-02
4.751666666666666572e+01 1.771773522833703374e-01 1.642123934148657649e-01 1.548905572848437717e-01 1.451949554244665042e-01 1.237648324868399208e-01 9.748595669285495258e-02
4.753333333333333144e+01 1.767258310377831099e-01 1.637400426283991961e-01 1.547381878396718313e-01 1.450127029696668124e-01 1.235698524783662988e-01 9.729266889954944764e-02
4.754999999999999716e+01 1.763257956697427964e-01 1.634136805091847555e-01 1.547092584704813090e-01 1.446880858763823774e-01 1.233427492843714168e-01 9.719854606195027502e-02
4.756666666666666288e+01 1.759165416235278223e-01 1.630475555978550539e-01 1.546644920937786938e-01 1.444708031410054383e-01 1.230550361630217415e-01 9.699813485457570161e-02
4.758333333333334281e+01 1.755040384194363201e-01 1.626965696863912347e-01 1.545295942212612239e-01 1.441436614440501363e-01 1.228433374103196640e-01 9.690017903092809637e-02
4.759999999999999432e+01 1.750698963151442189e-01 1.623036693531279273e-01 1.542425775949949063e-01 1.438418984228454489e-01 1.226312123640980883e-01 9.674086071676744891e-02
4.761666666666666003e+01 1.746823017638856890e-01 1.619473561022942432e-01 1.533617578991764152e-01 1.436099132353519658e-01 1.224400065731221787e-01 9.663995707404909874e-02
4.763333333333333997e+01 1.743704507247272051e-01 1.616010598842341217e-01 1.521915685331890755e-01 1.434356850183426679e-01 1.222435647902540001e-01 9.650153108531005219e-02
4.765000000000000568e+01 1.738474910176084076e-01 1.612421465195321979e-01 1.522243728352425385e-01 1.431140046362708307e-01 1.220360822820209939e-01 9.636881226771340514e-02
4.766666666666665719e+01 1.735798754350459383e-01 1.608684445205726399e-01 1.518831043493755473e-01 1.428252815120287511e-01 1.218760472648867249e-01 9.622772285806473203e-02
4.768333333333333712e+01 1.731981466646414780e-01 1.604984020437695280e-01 1.516679258367684136e-01 1.426395698963931757e-01 1.216745892827067743e-01 9.607330683811775296e-02
4.770000000000000284e+01 1.727143929875927797e-01 1.601448422840093533e-01 1.512725579606441217e-01 1.422953081571797229e-01 1.214357336603449911e-01 9.598264497544760354e-02
4.771666666666666856e+01 1.723261230255545007e-01 1.597789600838219470e-01 1.511343592084876675e-01 1.420601755858437731e-01 1.212140981827648789e-01 9.581741194880143142e-02
4.773333333333333428e+01 1.719095858039249025e-01 1.594065820929430333e-01 1.508271049219324922e-01 1.416613262163277931e-01 1.209607077824689514e-01 9.567603186592045506e-02
4.775000000000000000e+01 1.714624854812221433e-01 1.590570019766827936e-01 1.505631956083396672e-01 1.413842686998918186e-01 1.207747186458549560e-01 9.551850113615593940e-02
4.776666666666666572e+01 1.710830637941625487e-01 1.587081304677911420e-01 1.503140946138737666e-01 1.411516863717868497e-01 1.205338525421343204e-01 9.541601223909716711e-02
4.778333333333333144e+01 1.707319256270847796e-01 1.583689784922631405e-01 1.499884136215879071e-01 1.407950913494477041e-01 1.203419987344797742e-01 9.525488016922183110e-02
4.779999999999999716e+01 1.704166530721996919e-01 1.580264820577952367e-01 1.496732909704097392e-01 1.404974782389288024e-01 1.200750569553906133e-01 9.515396347425919554e-02
4.781666666666666288e+01 1.700218507992354300e-01 1.576875869375384542e-01 1.493825426326270689e-01 1.402460939777856186e-01 1.199337254565709804e-01 9.498136800566109317e-02
4.783333333333334281e+01 1.696498000760336966e-01 1.573642993786006083e-01 1.490626794647481601e-01 1.399309134070842175e-01 1.195843915058685675e-01 9.490072880381177078e-02
4.784999999999999432e+01 1.692628680041401990e-01 1.570487306271019512e-01 1.487493852911056236e-01 1.396575909486799105e-01 1.195318083096269524e-01 9.472201152559120430e-02
4.786666666666666003e+01 1.688149317697123508e-01 1.567187279885586260e-01 1.485461632511629049e-01 1.393923156255473250e-01 1.192134923264678431e-01 9.463788127300969133e-02
4.788333333333333997e+01 1.685317428851837995e-01 1.563540478135785339e-01 1.482334814881035023e-01 1.391920025134753269e-01 1.189402238840806258e-01 9.447931814404042505e-02
4.790000000000000568e+01 1.681540001472469625e-01 1.560182357125249331e-01 1.479274790818720653e-01 1.389127270418027416e-01 1.187020338187169816e-01 9.437838547907984044e-02
4.791666666666665719e+01 1.677179390552402949e-01 1.556792342204065538e-01 1.475941160734897672e-01 1.386403592383176342e-01 1.184100811190382241e-01 9.416242010089216630e-02
4.793333333333333712e+01 1.673134385544179648e-01 1.553360009910393080e-01 1.473826383336260260e-01 1.383689266255865025e-01 1.182874405057995626e-01 9.405162627194914304e-02
4.795000000000000284e+01 1.668205991824161794e-01 1.549517713837293698e-01 1.470842300004673864e-01 1.380401023866682786e-01 1.179683769145184330e-01 9.388959719904482748e-02
4.796666666666666856e+01 1.665240956287917518e-01 1.546660892120820530e-01 1.467462451071122609e-01 1.377848532237273549e-01 1.177637340980111358e-01 9.383609713058194135e-02
4.798333333333333428e+01 1.660924242220915004e-01 1.542635550125983912e-01 1.464225281571731041e-01 1.375571362366438122e-01 1.174758677917134980e-01 9.362140011024026875e-02
4.800000000000000000e+01 1.656735860383575232e-01 1.540125429879364849e-01 1.461134018505482746e-01 1.372347811883852242e-01 1.172480472284633674e-01 9.351345595558666068e-02
