# Fig 5e
# 0. time (h), 1. flux 0 g/kg, 2. flux 10 g/kg, 3. flux 20 g/kg, 4. flux 35 g/kg, 5. flux 70 g/kg, 6. flux 100 g/kg
0.000000000000000000e+00 -2.837204883254823909e-02 -2.837200117525792709e-02 -2.837195475801734118e-02 -2.837188757707422709e-02 -2.837174374402594984e-02 -2.837163713123464978e-02
1.666666666666571928e-02 1.831496052504122743e-02 1.831493393832327524e-02 1.831490805545547829e-02 1.831487061474146999e-02 1.831479048360215231e-02 2.298336737289062917e-02
3.333333333333143855e-02 -1.348389676886903830e-02 -1.348578732151116399e-02 -1.348775623211125388e-02 -1.349074866171070738e-02 -1.349765472977079890e-02 -1.580112016984972986e-02
4.999999999999715783e-02 8.833734513823540344e-03 8.774878946877230981e-03 8.712435039076782753e-03 8.617478964767702823e-03 8.398408734668884323e-03 9.331149801129055843e-03
6.666666666666998253e-02 -5.411763752298782287e-03 -5.610389447892887189e-03 -5.818031431961599720e-03 -6.133299270765189826e-03 -6.861129504222864516e-03 -8.105957458924914136e-03
8.333333333333570181e-02 3.201169963071788353e-03 2.857489308651861397e-03 2.497668586480094287e-03 1.949630160832402023e-03 6.845372582763877261e-04 -2.140593102555092499e-04
1.000000000000014211e-01 -1.812883296113400452e-03 -2.313544655484333322e-03 -2.835414309006843627e-03 -3.631388889372448667e-03 -5.467660192413147102e-03 -7.319967559183310907e-03
1.166666666666671404e-01 1.029846932915298675e-03 3.668485434183919045e-04 -3.232255257223964526e-04 -1.372556714446175434e-03 -3.794121180930926183e-03 -5.967365756847897371e-03
1.333333333333328596e-01 -5.500198302235794531e-04 -1.315476970152463891e-03 -2.111898114944354022e-03 -3.321481095742468467e-03 -6.110511642864792543e-03 -8.738430317419176169e-03
1.499999999999985789e-01 3.077040567321699671e-04 -4.783130265610317073e-04 -1.296054824612127105e-03 -2.537455232283031444e-03 -5.393955916036421820e-03 -8.035225913204782633e-03
1.666666666666642982e-01 -1.678726962601428106e-04 -9.826212947292793220e-04 -1.830269995131220953e-03 -3.112623575089649205e-03 -6.060072918406112126e-03 -8.816652538963732494e-03
1.833333333333300175e-01 7.129086949488589830e-05 -7.704055888797970786e-04 -1.643098875004086286e-03 -2.966021498341370015e-03 -6.004701061572730730e-03 -8.828290252945790104e-03
2.000000000000028422e-01 -6.849940924202116692e-05 -9.319323359366838604e-04 -1.827879282201726749e-03 -3.181003365904786894e-03 -6.306459126854077960e-03 -9.210593573018786492e-03
2.166666666666685614e-01 -3.776817500142517050e-06 -8.838138772006301708e-04 -1.799170076353369266e-03 -3.181085172158642539e-03 -6.372942148287845041e-03 -9.327362995076842606e-03
2.333333333333342807e-01 -3.996011511883565778e-05 -9.341711480517212981e-04 -1.866337995201430627e-03 -3.273617723418440536e-03 -6.518907505644017976e-03 -9.522836650243424877e-03
2.500000000000000000e-01 -3.062039253971641123e-05 -9.400107121940494154e-04 -1.888034988017161598e-03 -3.317776483403747298e-03 -6.617704105287754504e-03 -9.672695810067763120e-03
2.666666666666657193e-01 -3.854133708524411272e-05 -9.624760246983075050e-04 -1.925358823578391092e-03 -3.379421119943412915e-03 -6.729313772770275509e-03 -9.831395738507149248e-03
2.833333333333314386e-01 -3.920400888436633227e-05 -9.763796675375553810e-04 -1.953393933810639808e-03 -3.428346109707270262e-03 -6.826042742158868262e-03 -9.965229751551072171e-03
2.999999999999971578e-01 -4.238350971616798623e-05 -9.923097048754295386e-04 -1.981991768621758476e-03 -3.477811746156194480e-03 -6.921187759811669830e-03 -1.010172290256378461e-02
3.166666666666699825e-01 -4.409138130508290129e-05 -1.005952372173731998e-03 -2.008432292896885230e-03 -3.524688768209772050e-03 -7.010705679802935186e-03 -1.023263650757463492e-02
3.333333333333357018e-01 -4.590575153872909834e-05 -1.019520305700182070e-03 -2.034352897719889867e-03 -3.569024599027859068e-03 -7.097794893662376890e-03 -1.035731292557137695e-02
3.500000000000014211e-01 -4.711191724200336272e-05 -1.031864252052453954e-03 -2.057643269845822829e-03 -3.613090977112207343e-03 -7.179272438779247742e-03 -1.047859811942533637e-02
3.666666666666671404e-01 -4.815383989204479273e-05 -1.043658967546725940e-03 -2.080347435575752302e-03 -3.652524584351952985e-03 -7.255562721045307785e-03 -1.059160522477538280e-02
3.833333333333328596e-01 -4.886406489715681322e-05 -1.054621396166203519e-03 -2.101710255846171195e-03 -3.688484290777232708e-03 -7.329401716806149304e-03 -1.069990844698498998e-02
3.999999999999985789e-01 -4.924841374393466159e-05 -1.065000548828760191e-03 -2.122126366215335187e-03 -3.724031988603891501e-03 -7.400359418167959911e-03 -1.080023100386406573e-02
4.166666666666642982e-01 -4.945172700508023263e-05 -1.074773634935939333e-03 -2.141192172645925429e-03 -3.759034736886367103e-03 -7.469911849827567778e-03 -1.089587612178706012e-02
4.333333333333300175e-01 -4.949100921222897938e-05 -1.083705726229607612e-03 -2.159739426895701010e-03 -3.791537921672015390e-03 -7.533180407379415355e-03 -1.098854675019064753e-02
4.500000000000028422e-01 -4.929308271756790657e-05 -1.092045489008818069e-03 -2.177146851642812724e-03 -3.822600210652310915e-03 -7.595496581356507397e-03 -1.107973066399739644e-02
4.666666666666685614e-01 -4.900459420582958076e-05 -1.100295671472326358e-03 -2.194087545693694172e-03 -3.851579269211421758e-03 -7.653977918101968758e-03 -1.116274308343996081e-02
4.833333333333342807e-01 -4.864582536002097577e-05 -1.107922068404168514e-03 -2.209953776293958113e-03 -3.880050624690317609e-03 -7.710804469355476282e-03 -1.125014915566928050e-02
5.000000000000000000e-01 -4.818489816742697310e-05 -1.115216331182801923e-03 -2.225343273751365612e-03 -3.908052616262707064e-03 -7.766965533362478989e-03 -1.133221111021350154e-02
5.166666666666657193e-01 -4.766298532065099664e-05 -1.122092630672134189e-03 -2.239818594412084848e-03 -3.935153020571506566e-03 -7.818579032637407514e-03 -1.140396003280905006e-02
5.333333333333314386e-01 -4.711775265672144247e-05 -1.128860692664954233e-03 -2.254004473381284682e-03 -3.960742013061565453e-03 -7.868148801867909034e-03 -1.147672491063540454e-02
5.499999999999971578e-01 -4.652923770670479851e-05 -1.135187904590454801e-03 -2.267361806413523920e-03 -3.984067610162982630e-03 -7.917994838773211724e-03 -1.154845850394837364e-02
5.666666666666699825e-01 -4.586538033125830396e-05 -1.141178964256162618e-03 -2.280475198813499641e-03 -4.007781393910345505e-03 -7.966317268962682524e-03 -1.161590783262505394e-02
5.833333333333357018e-01 -4.520108695975861771e-05 -1.146873930382146835e-03 -2.292726960029945436e-03 -4.030355963216500706e-03 -8.012272365510400562e-03 -1.168170574114263567e-02
6.000000000000014211e-01 -4.451275759397186010e-05 -1.152565728438771035e-03 -2.304721927506679993e-03 -4.052250012160468241e-03 -8.057023451453470056e-03 -1.174271402136226571e-02
6.166666666666671404e-01 -4.382414219701750638e-05 -1.157953661749535571e-03 -2.316037757799476338e-03 -4.072705178270797678e-03 -8.099030000069302321e-03 -1.181020440061507880e-02
6.333333333333328596e-01 -4.308351810991732189e-05 -1.162885347088528278e-03 -2.327168601545040027e-03 -4.092760004784535589e-03 -8.141527748574356113e-03 -1.187398104765441387e-02
6.499999999999985789e-01 -4.232062247788951362e-05 -1.167645322235395626e-03 -2.337611997673525680e-03 -4.112152036378419369e-03 -8.181109220946742450e-03 -1.193188625548538898e-02
6.666666666666642982e-01 -4.155858180748219410e-05 -1.172429565159798090e-03 -2.347954193047880386e-03 -4.131204939709419086e-03 -8.218078070280965264e-03 -1.198407790465207991e-02
6.833333333333300175e-01 -4.074507122835119679e-05 -1.176831148912293882e-03 -2.357759786442841909e-03 -4.149173005119952996e-03 -8.253203207254294210e-03 -1.203619450379123275e-02
7.000000000000028422e-01 -3.996838664318093300e-05 -1.181167703137371572e-03 -2.367445646867396159e-03 -4.168888426646717021e-03 -8.289186702793455847e-03 -1.208795347159285355e-02
7.166666666666685614e-01 -3.926732395021885887e-05 -1.185268654679774757e-03 -2.376535551326455342e-03 -4.187364257078690644e-03 -8.324089188331825623e-03 -1.213745441033260014e-02
7.333333333333342807e-01 -3.854283633626073472e-05 -1.189249286668846292e-03 -2.385502128023107588e-03 -4.204150354217845408e-03 -8.356162955529782346e-03 -1.218372256526330764e-02
7.500000000000000000e-01 -3.767283702467752303e-05 -1.193029672076995800e-03 -2.393938627007696166e-03 -4.219422439111050055e-03 -8.387574703922033581e-03 -1.222975350277895681e-02
7.666666666666657193e-01 -3.685249038618325856e-05 -1.196795296209247298e-03 -2.402357966436983322e-03 -4.234475486430104227e-03 -8.419396715076203977e-03 -1.227380358754791984e-02
7.833333333333314386e-01 -3.606290303461548349e-05 -1.200300863908567144e-03 -2.410343299543284395e-03 -4.249392968138573923e-03 -8.448679503172549371e-03 -1.232236657026843617e-02
7.999999999999971578e-01 -3.534234991602318055e-05 -1.204124499793468323e-03 -2.419183927941966853e-03 -4.263720773149226421e-03 -8.478269323204961141e-03 -1.236852841670048678e-02
8.166666666666699825e-01 -3.464269927118603803e-05 -1.207769586170541606e-03 -2.427592809126574887e-03 -4.277063357967046849e-03 -8.507038326202113684e-03 -1.241068957739623925e-02
8.333333333333357018e-01 -3.389440299527341399e-05 -1.211139396472990471e-03 -2.435155090359682889e-03 -4.290306869667974594e-03 -8.537698778401103805e-03 -1.244817248560762049e-02
8.500000000000014211e-01 -3.317474130787771101e-05 -1.214054270677470456e-03 -2.441976612509829964e-03 -4.303207732199574274e-03 -8.566885163709229978e-03 -1.248570098723351431e-02
8.666666666666671404e-01 -3.246087361451710317e-05 -1.216894301757541529e-03 -2.448525955007738262e-03 -4.315794999700241392e-03 -8.593894271535559154e-03 -1.252260571690034380e-02
8.833333333333328596e-01 -3.176404023306773471e-05 -1.219801612137340991e-03 -2.454998946363389466e-03 -4.327701689357517020e-03 -8.618408136158274904e-03 -1.255880450884407952e-02
8.999999999999985789e-01 -3.107410762540075962e-05 -1.222568365444429758e-03 -2.461437047500289639e-03 -4.339686347170128300e-03 -8.641760971173693615e-03 -1.259304355168845355e-02
9.166666666666642982e-01 -3.031530990314203823e-05 -1.225103420407276439e-03 -2.467474779423104499e-03 -4.351216867498571873e-03 -8.664552767248033180e-03 -1.262669975691984095e-02
9.333333333333300175e-01 -2.958807292576323559e-05 -1.227644720094444317e-03 -2.473447249187943429e-03 -4.362566067390476025e-03 -8.687339651021665915e-03 -1.265865238240856602e-02
9.500000000000028422e-01 -2.885747936241278599e-05 -1.230130626772338743e-03 -2.479101962647183802e-03 -4.374728085814098485e-03 -8.708736706620704565e-03 -1.269106822880473363e-02
9.666666666666685614e-01 -2.823230258958594251e-05 -1.232562368761600012e-03 -2.485347416770456851e-03 -4.385748310410012007e-03 -8.729885620916585237e-03 -1.272168701580575836e-02
9.833333333333342807e-01 -2.761402396731250648e-05 -1.235181901962911603e-03 -2.491205867894927609e-03 -4.396590937438636833e-03 -8.750294030359007449e-03 -1.275216805091739826e-02
1.000000000000000000e+00 -2.701293095596987381e-05 -1.237600914336787648e-03 -2.496806800082219079e-03 -4.406696041383895319e-03 -8.770897435501356920e-03 -1.278113189151699677e-02
1.016666666666665719e+00 -2.637624826974915962e-05 -1.239945129632289388e-03 -2.501715379813555882e-03 -4.415449003724781878e-03 -8.790268651889960802e-03 -1.280972356036689554e-02
1.033333333333331439e+00 -2.576467688698617188e-05 -1.242121171165497901e-03 -2.506525156591103698e-03 -4.424270560666351999e-03 -8.809203710834451889e-03 -1.283691040469168987e-02
1.049999999999997158e+00 -2.516810136030578601e-05 -1.243952968760232399e-03 -2.511473469817292452e-03 -4.433210555368568770e-03 -8.827627819535629680e-03 -1.286442711507633160e-02
1.066666666666669983e+00 -2.456982624311572611e-05 -1.245862203153971001e-03 -2.516117407907973030e-03 -4.442124859063485698e-03 -8.846065980588352015e-03 -1.289275264996501275e-02
1.083333333333335702e+00 -2.399253755224041855e-05 -1.247810477935968167e-03 -2.520400775441124404e-03 -4.450368786445446645e-03 -8.863233027092116620e-03 -1.291950570913346155e-02
1.100000000000001421e+00 -2.345363230548383791e-05 -1.249783362301153458e-03 -2.524835928023405531e-03 -4.458730362003343259e-03 -8.880398992109803449e-03 -1.294509623514336800e-02
1.116666666666667140e+00 -2.287361287141372355e-05 -1.251581554943111303e-03 -2.529065380688988191e-03 -4.467772090317522621e-03 -8.897002952858832844e-03 -1.296941759585549733e-02
1.133333333333332860e+00 -2.226181220956896195e-05 -1.253285231900888932e-03 -2.533282716352107389e-03 -4.475988204637662039e-03 -8.913553095288155245e-03 -1.299245058552800543e-02
1.149999999999998579e+00 -2.177466030426816732e-05 -1.254967987978338525e-03 -2.537850557472597947e-03 -4.483685140782815368e-03 -8.929126580960513107e-03 -1.301369338943278442e-02
1.166666666666664298e+00 -2.125074007898891478e-05 -1.256705526770262498e-03 -2.542010486325960768e-03 -4.491263057905740645e-03 -8.944382869948943465e-03 -1.303478529757744371e-02
1.183333333333330017e+00 -2.073294991099775499e-05 -1.258510688752075999e-03 -2.545852053583859929e-03 -4.498075261777432013e-03 -8.959422524240097385e-03 -1.305933343516039319e-02
1.200000000000002842e+00 -2.022639272968555649e-05 -1.260156650550711081e-03 -2.549664175817713350e-03 -4.504957097437212350e-03 -8.974079564440658532e-03 -1.308261957040363598e-02
1.216666666666668561e+00 -1.975819793834335828e-05 -1.261661790379989614e-03 -2.553204056762281831e-03 -4.511795162269128558e-03 -8.987691648923700274e-03 -1.310345358059400618e-02
1.233333333333334281e+00 -1.932389973103701338e-05 -1.263152151454186673e-03 -2.556741345501682347e-03 -4.518576331246497088e-03 -9.001783191872841580e-03 -1.312341017528465513e-02
1.250000000000000000e+00 -1.887098841488362555e-05 -1.264573891162550827e-03 -2.560080136100130032e-03 -4.524811665260109264e-03 -9.015114008366128390e-03 -1.314179764307198302e-02
1.266666666666665719e+00 -1.842827957690923804e-05 -1.266013024016398973e-03 -2.563451112075993462e-03 -4.531914445786329459e-03 -9.028202557363192854e-03 -1.316006693481620166e-02
1.283333333333331439e+00 -1.799279748137935428e-05 -1.267345559977120463e-03 -2.566656906346259388e-03 -4.538771225849637207e-03 -9.042609140394662973e-03 -1.317808579008384294e-02
1.299999999999997158e+00 -1.757828990677155588e-05 -1.268711893904260783e-03 -2.569951199812553662e-03 -4.545053322176303284e-03 -9.056760395524632648e-03 -1.319612179129386019e-02
1.316666666666669983e+00 -1.716950377942563400e-05 -1.270012071256668585e-03 -2.573010251855321028e-03 -4.550555433195188453e-03 -9.069692821140156597e-03 -1.321300036834091411e-02
1.333333333333335702e+00 -1.677143491514779261e-05 -1.271351312922928446e-03 -2.576420163853078947e-03 -4.556084873339105203e-03 -9.081961061012002248e-03 -1.323015312122227498e-02
1.350000000000001421e+00 -1.633005476850998326e-05 -1.272580437315776842e-03 -2.579720231829493726e-03 -4.561691723337764348e-03 -9.092816624181820906e-03 -1.324658733593743996e-02
1.366666666666667140e+00 -1.593207909705512425e-05 -1.273841351280927472e-03 -2.582692602952095951e-03 -4.567062301649391434e-03 -9.104084180202315010e-03 -1.326302075086550729e-02
1.383333333333332860e+00 -1.555606226045065871e-05 -1.275242119194123320e-03 -2.585293507838335413e-03 -4.572106700263285986e-03 -9.114777707355675024e-03 -1.327860352745909023e-02
1.399999999999998579e+00 -1.518061741481674542e-05 -1.276434179890779909e-03 -2.587954601848868434e-03 -4.577273670224975971e-03 -9.125500388788659184e-03 -1.329412833973461078e-02
1.416666666666664298e+00 -1.483027859292405320e-05 -1.277560846657534296e-03 -2.590663181650242584e-03 -4.582135174549440207e-03 -9.135471321197900785e-03 -1.330881292123804044e-02
1.433333333333330017e+00 -1.450517653170985272e-05 -1.278694963282286544e-03 -2.593246201465926413e-03 -4.587660295806786533e-03 -9.146231226553822036e-03 -1.332361667200700900e-02
1.450000000000002842e+00 -1.414265686698087532e-05 -1.279762082636275037e-03 -2.595645822960665483e-03 -4.592963515753413321e-03 -9.156286119080495056e-03 -1.333765615270360132e-02
1.466666666666668561e+00 -1.380784829531904992e-05 -1.280814230977019757e-03 -2.598108541474348446e-03 -4.597856639873731249e-03 -9.166091806290094929e-03 -1.335181951079607299e-02
1.483333333333334281e+00 -1.349798798847084553e-05 -1.281850712228206493e-03 -2.600437674170351203e-03 -4.602111972982021217e-03 -9.175198159129120332e-03 -1.336520260908653258e-02
1.500000000000000000e+00 -1.315920550519226219e-05 -1.282842900650405351e-03 -2.602805863569592707e-03 -4.606411839022562724e-03 -9.184536986766394379e-03 -1.338057366327625314e-02
1.516666666666665719e+00 -1.285862598658755885e-05 -1.283781492349837447e-03 -2.605060591075810013e-03 -4.610799773506399184e-03 -9.193501403911473469e-03 -1.339556197955965762e-02
1.533333333333331439e+00 -1.256065387085099328e-05 -1.284618102883585290e-03 -2.607637732900068214e-03 -4.615004620794568337e-03 -9.202628658816136217e-03 -1.340836223018452428e-02
1.549999999999997158e+00 -1.226232440149604134e-05 -1.285503619687678682e-03 -2.610115120878926318e-03 -4.618915311132974766e-03 -9.211116365328975500e-03 -1.342005356960562085e-02
1.566666666666669983e+00 -1.195245689188132669e-05 -1.286397832381383976e-03 -2.612376482360575548e-03 -4.622909130709111636e-03 -9.219337178685073006e-03 -1.343232829504871668e-02
1.583333333333335702e+00 -1.167314902843290463e-05 -1.287435179147120717e-03 -2.614325000644047124e-03 -4.626678710104022846e-03 -9.227111136475238742e-03 -1.344397750265106418e-02
1.600000000000001421e+00 -1.139871614314755529e-05 -1.288404135554005025e-03 -2.616303776770953493e-03 -4.630521282311818310e-03 -9.235391251188546438e-03 -1.345548611304914037e-02
1.616666666666667140e+00 -1.112303552150925871e-05 -1.289270086226098223e-03 -2.618360724300407543e-03 -4.634728636046914207e-03 -9.244171144261723039e-03 -1.346653904288741196e-02
1.633333333333332860e+00 -1.087409687150438861e-05 -1.290114190279989005e-03 -2.620308967013631075e-03 -4.638558362576173169e-03 -9.252361448677099559e-03 -1.347732993723525091e-02
1.649999999999998579e+00 -1.063406475026599947e-05 -1.290911430848582127e-03 -2.622081148248401467e-03 -4.642366711989536973e-03 -9.259980459701814062e-03 -1.348762856873025710e-02
1.666666666666664298e+00 -1.039541269514636012e-05 -1.291669951147526689e-03 -2.623917847478564238e-03 -4.646019726891203842e-03 -9.267258116871497295e-03 -1.349824609323743360e-02
1.683333333333330017e+00 -1.015796562744274658e-05 -1.292372935975935177e-03 -2.625686470162822642e-03 -4.649173760568767189e-03 -9.274207449000886408e-03 -1.350829082174775757e-02
1.700000000000002842e+00 -9.933599726536304969e-06 -1.293091955017119758e-03 -2.627474006320751516e-03 -4.652437197478018899e-03 -9.281120049036304873e-03 -1.351867041443070329e-02
1.716666666666668561e+00 -9.707429561136360010e-06 -1.293800663264373010e-03 -2.629156620801014442e-03 -4.655747406326246098e-03 -9.287528738979979395e-03 -1.352835887532641453e-02
1.733333333333334281e+00 -9.486424822522327918e-06 -1.294517233351974916e-03 -2.631123272536980365e-03 -4.658957275034682557e-03 -9.294214385423500702e-03 -1.353823210227008030e-02
1.750000000000000000e+00 -9.270819533950106536e-06 -1.295175062437231572e-03 -2.633030183247052260e-03 -4.661924318674696456e-03 -9.300636896886909505e-03 -1.354933581559147199e-02
1.766666666666665719e+00 -9.031131329235413599e-06 -1.295867841795325963e-03 -2.634774530042774746e-03 -4.665447181860949560e-03 -9.306898789542864328e-03 -1.355971069180325270e-02
1.783333333333331439e+00 -8.819651784759236320e-06 -1.296530259361931402e-03 -2.636459070732281428e-03 -4.668889169716717094e-03 -9.312730199114117521e-03 -1.356945437856365254e-02
1.799999999999997158e+00 -8.623518845666453320e-06 -1.297323568701372418e-03 -2.638026044297670913e-03 -4.672128966003144881e-03 -9.318969021638192837e-03 -1.357844413046711655e-02
1.816666666666669983e+00 -8.432506203321680984e-06 -1.298045765084785298e-03 -2.639546653442128524e-03 -4.674823265237112481e-03 -9.325078830991120199e-03 -1.358660214114319059e-02
1.833333333333335702e+00 -8.260112509892255476e-06 -1.298693066036455887e-03 -2.641029500703028984e-03 -4.677340874613780154e-03 -9.330895630583977904e-03 -1.359529859389147985e-02
1.850000000000001421e+00 -8.081275090230543822e-06 -1.299323390358835765e-03 -2.642402677834815045e-03 -4.679998121844393399e-03 -9.336400763212140963e-03 -1.360334031674510780e-02
1.866666666666667140e+00 -7.909992237244621607e-06 -1.299904926138601520e-03 -2.643729235107032411e-03 -4.682707226399197495e-03 -9.341935562085587272e-03 -1.361120362198582970e-02
1.883333333333332860e+00 -7.739944246356219698e-06 -1.300492775465551896e-03 -2.645076664546873804e-03 -4.685212564017392917e-03 -9.347530000368210398e-03 -1.361866548586141042e-02
1.899999999999998579e+00 -7.575034594759568561e-06 -1.301049696896247393e-03 -2.646360338944107101e-03 -4.687738200545646383e-03 -9.352680802728616585e-03 -1.362637125993033417e-02
1.916666666666664298e+00 -7.410155206154763232e-06 -1.301640188430815614e-03 -2.647709582936068600e-03 -4.690121731921507130e-03 -9.357472301494092204e-03 -1.363367069717425807e-02
1.933333333333330017e+00 -7.256390883477373114e-06 -1.302185194608716486e-03 -2.649178030587877580e-03 -4.692515402221919367e-03 -9.363747694849718084e-03 -1.364200896933336765e-02
1.950000000000002842e+00 -7.081029897839585810e-06 -1.302674300029136928e-03 -2.650490007981962017e-03 -4.695170377541400299e-03 -9.369588032029427596e-03 -1.365050313362049968e-02
1.966666666666668561e+00 -6.920309974102477876e-06 -1.303191347625094710e-03 -2.651712811849043366e-03 -4.697625447203159464e-03 -9.374794536236687528e-03 -1.365865316457129559e-02
1.983333333333334281e+00 -6.764094074161483929e-06 -1.303699383597202140e-03 -2.652887285149308719e-03 -4.699954416113791104e-03 -9.379197780773633822e-03 -1.366513976417151228e-02
2.000000000000000000e+00 -6.628401709255333940e-06 -1.304275918379832174e-03 -2.654000895081475193e-03 -4.702302479189103546e-03 -9.383789271403961824e-03 -1.367136132133533327e-02
2.016666666666665719e+00 -6.501503230379458473e-06 -1.304796576065196841e-03 -2.655173594084102046e-03 -4.704357713933888727e-03 -9.388670334913914312e-03 -1.367799437983711203e-02
2.033333333333331439e+00 -6.367151039809057660e-06 -1.305315437601692547e-03 -2.656239609620441710e-03 -4.706469121531019206e-03 -9.393153155025127723e-03 -1.368471397435927668e-02
2.049999999999997158e+00 -6.231253201459685542e-06 -1.305802367171436489e-03 -2.657327825086596828e-03 -4.708490085121604281e-03 -9.397504195075340530e-03 -1.369085977065943351e-02
2.066666666666669983e+00 -6.104241314472799902e-06 -1.306252232562039872e-03 -2.658347753213070614e-03 -4.710557293342203591e-03 -9.401723376707119342e-03 -1.369701993990707356e-02
2.083333333333335702e+00 -5.976108605480189785e-06 -1.306703805509531894e-03 -2.659428185162437171e-03 -4.712498361675671044e-03 -9.405378019787771077e-03 -1.370282315557995977e-02
2.100000000000001421e+00 -5.852212446153053874e-06 -1.307140797661792342e-03 -2.660437589663946015e-03 -4.714485337096336118e-03 -9.409277169527191509e-03 -1.370859091572239688e-02
2.116666666666667140e+00 -5.740448878622057378e-06 -1.307587848327925080e-03 -2.661495180891559377e-03 -4.716638331537426412e-03 -9.413195147197803495e-03 -1.371511582196855046e-02
2.133333333333332860e+00 -5.627406806517505815e-06 -1.307984606911446112e-03 -2.662647531759275692e-03 -4.718614476088021752e-03 -9.417380250058237506e-03 -1.372124703322026053e-02
2.149999999999998579e+00 -5.504884873072278260e-06 -1.308327021380989398e-03 -2.663708981207514419e-03 -4.720505978490545373e-03 -9.421096438885796093e-03 -1.372738167874152163e-02
2.166666666666664298e+00 -5.391582186923872961e-06 -1.308710702793784578e-03 -2.664696083172084055e-03 -4.722379041991798566e-03 -9.424819661557471209e-03 -1.373306361576665142e-02
2.183333333333330017e+00 -5.293024408009200896e-06 -1.309144583137697351e-03 -2.665634789418404836e-03 -4.723980908506629321e-03 -9.428452274645610434e-03 -1.373787920262956909e-02
2.200000000000002842e+00 -5.193143254354619533e-06 -1.309509933504099475e-03 -2.666493853863115878e-03 -4.725649722219595929e-03 -9.432365447717243334e-03 -1.374287739244715693e-02
2.216666666666668561e+00 -5.092757810579727799e-06 -1.309941914130522810e-03 -2.667385518769524715e-03 -4.727301982516570432e-03 -9.435936865392322709e-03 -1.374800072375189849e-02
2.233333333333334281e+00 -4.997916739310265507e-06 -1.310369157626002558e-03 -2.668206771724468841e-03 -4.728993899856568511e-03 -9.439308931131292282e-03 -1.375303927709011290e-02
2.250000000000000000e+00 -4.906562386237899675e-06 -1.310762041212740940e-03 -2.669067864072642224e-03 -4.730529079491800105e-03 -9.443370086192771212e-03 -1.375759565298120130e-02
2.266666666666665719e+00 -4.815745864890326328e-06 -1.311075888129750820e-03 -2.669851348048239096e-03 -4.732106542361433354e-03 -9.446875045739823798e-03 -1.376246856686554922e-02
2.283333333333331439e+00 -4.728457489666189693e-06 -1.311424176797858525e-03 -2.670710371057536878e-03 -4.733841273795715184e-03 -9.450531359005132775e-03 -1.376696960555068294e-02
2.299999999999997158e+00 -4.630506621282123118e-06 -1.311798336047178886e-03 -2.671514672453966475e-03 -4.735445830982181956e-03 -9.453827092114022723e-03 -1.377222032225731627e-02
2.316666666666669983e+00 -4.536840691606049352e-06 -1.312131638182339674e-03 -2.672341277846034327e-03 -4.737007894375064136e-03 -9.456604738282900491e-03 -1.377760029185341566e-02
2.333333333333335702e+00 -4.450278138621913274e-06 -1.312427908745883573e-03 -2.673239485612054038e-03 -4.738547577984351424e-03 -9.459292640442512612e-03 -1.378263922120324600e-02
2.350000000000001421e+00 -4.377555327179380900e-06 -1.312750972153560241e-03 -2.674072179138545571e-03 -4.739854886552515370e-03 -9.461909310641267168e-03 -1.378643131772636782e-02
2.366666666666667140e+00 -4.304094769034267549e-06 -1.313059525698709491e-03 -2.674864835408115402e-03 -4.741171296740176455e-03 -9.465003565776963085e-03 -1.379007972709791162e-02
2.383333333333332860e+00 -4.225465070372041601e-06 -1.313383222572314961e-03 -2.675568431904288939e-03 -4.742521877996079896e-03 -9.467718517050752874e-03 -1.379402476219267031e-02
2.399999999999998579e+00 -4.151189189298888936e-06 -1.313676411294612684e-03 -2.676293897347455618e-03 -4.743840172938022445e-03 -9.470645368210921580e-03 -1.379819581298977367e-02
2.416666666666664298e+00 -4.072034801563660265e-06 -1.313969845345686364e-03 -2.677061339844907534e-03 -4.745017626256171732e-03 -9.473329044310141445e-03 -1.380191472373837672e-02
2.433333333333330017e+00 -3.998457102870086168e-06 -1.314329538404906744e-03 -2.677699270749689994e-03 -4.746334319457201634e-03 -9.476126914571059157e-03 -1.380552931402174652e-02
2.450000000000002842e+00 -3.931318285174239018e-06 -1.314635590040344254e-03 -2.678336424333660135e-03 -4.747798719700112129e-03 -9.478864399545011699e-03 -1.380895647063408796e-02
2.466666666666668561e+00 -3.865468517084908830e-06 -1.314929768211555621e-03 -2.678953813660860019e-03 -4.749104903608337980e-03 -9.481569866551815134e-03 -1.381252068521778356e-02
2.483333333333334281e+00 -3.804617661170503891e-06 -1.315225083064439819e-03 -2.679593193862176391e-03 -4.750339129333199656e-03 -9.484172840743982161e-03 -1.381667132210406650e-02
2.500000000000000000e+00 -3.743199940991729258e-06 -1.315487043323806298e-03 -2.680199796060236256e-03 -4.751617919114203663e-03 -9.486661809929981121e-03 -1.382071346631830525e-02
2.516666666666665719e+00 -3.683538921361726709e-06 -1.315739401359877639e-03 -2.680841881162250584e-03 -4.752702532904155841e-03 -9.488697074107288812e-03 -1.382506715425785120e-02
2.533333333333331439e+00 -3.615106030677237969e-06 -1.316001558648412272e-03 -2.681564575414918834e-03 -4.753777462828310228e-03 -9.490900785424392222e-03 -1.382895899244072566e-02
2.549999999999997158e+00 -3.549270924840409184e-06 -1.316262114800115061e-03 -2.682241733477399182e-03 -4.754872524482628600e-03 -9.493568086334535847e-03 -1.383240930963079013e-02
2.566666666666669983e+00 -3.491063952965902603e-06 -1.316495987666698418e-03 -2.682861544468943815e-03 -4.756016122478618456e-03 -9.496348657846351987e-03 -1.383586630712549566e-02
2.583333333333335702e+00 -3.435889834048090902e-06 -1.316742825178191705e-03 -2.683443696621265646e-03 -4.757041104639648556e-03 -9.498473495435824643e-03 -1.383923181741866966e-02
2.600000000000001421e+00 -3.386119973033746213e-06 -1.316972810602189342e-03 -2.683920860573463414e-03 -4.758096017141839884e-03 -9.500757040095009209e-03 -1.384180225420347798e-02
2.616666666666667140e+00 -3.340058474086523921e-06 -1.317264499053888123e-03 -2.684435258830476356e-03 -4.759245670431909263e-03 -9.502971686754568825e-03 -1.384448370295370510e-02
2.633333333333332860e+00 -3.287158081769387907e-06 -1.317540621642792004e-03 -2.684965609151664968e-03 -4.760317433471468809e-03 -9.504795784992253402e-03 -1.384749694663121346e-02
2.649999999999998579e+00 -3.238197608060810590e-06 -1.317814788951246832e-03 -2.685503723087454605e-03 -4.761331499570723054e-03 -9.506511804918856001e-03 -1.385044975667246679e-02
2.666666666666664298e+00 -3.181401421193837679e-06 -1.318047422583541435e-03 -2.685969403679921812e-03 -4.762304023755481279e-03 -9.508574634815853202e-03 -1.385365441918327313e-02
2.683333333333330017e+00 -3.131856652896596146e-06 -1.318236822386951697e-03 -2.686481045831106383e-03 -4.763211477164163918e-03 -9.510509727787996859e-03 -1.385672048851568743e-02
2.700000000000002842e+00 -3.084486130855298028e-06 -1.318402893669147350e-03 -2.686942695586916514e-03 -4.764131976551723609e-03 -9.512176613283905222e-03 -1.385956383659604600e-02
2.716666666666668561e+00 -3.038814368460706779e-06 -1.318614231690511465e-03 -2.687428586412876109e-03 -4.764983148834890138e-03 -9.513942945645479515e-03 -1.386228336074961029e-02
2.733333333333334281e+00 -2.996535093375648264e-06 -1.318808902726755850e-03 -2.687972538229783936e-03 -4.765861008457031658e-03 -9.515896426421227572e-03 -1.386472709605446503e-02
2.750000000000000000e+00 -2.955195342407286829e-06 -1.319026209172763798e-03 -2.688488882345177987e-03 -4.766663338648967352e-03 -9.517838272200533634e-03 -1.386721182800667272e-02
2.766666666666665719e+00 -2.919089268827605572e-06 -1.319230832088976726e-03 -2.689019566442840074e-03 -4.767564387882838005e-03 -9.519724072900508788e-03 -1.386969726836386439e-02
2.783333333333331439e+00 -2.880025335362817305e-06 -1.319426541872437825e-03 -2.689493207075502844e-03 -4.768561641727807332e-03 -9.521261198343018706e-03 -1.387220063967087129e-02
2.799999999999997158e+00 -2.835339189112996259e-06 -1.319603815844748234e-03 -2.689859340917229516e-03 -4.769418301642914734e-03 -9.523116065558326002e-03 -1.387446526517414555e-02
2.816666666666669983e+00 -2.796265390285543956e-06 -1.319760048453271460e-03 -2.690256034438121870e-03 -4.770236992781761928e-03 -9.524695452543648078e-03 -1.387691879769833818e-02
2.833333333333335702e+00 -2.761887701055383609e-06 -1.319977595546842917e-03 -2.690678180985076485e-03 -4.771109723747485494e-03 -9.526559060814173557e-03 -1.387917088132339244e-02
2.850000000000001421e+00 -2.724949450976193582e-06 -1.320192316914014109e-03 -2.691101041008488702e-03 -4.771850579709315497e-03 -9.527980372919929442e-03 -1.388209284283810005e-02
2.866666666666667140e+00 -2.691235874031200106e-06 -1.320380465274776944e-03 -2.691463561791136890e-03 -4.772573815555165508e-03 -9.529793909363492438e-03 -1.388506555690532246e-02
2.883333333333332860e+00 -2.657303674986267315e-06 -1.320547362275003439e-03 -2.691854486967203575e-03 -4.773268688642051151e-03 -9.531309538996416905e-03 -1.388789013936411222e-02
2.899999999999998579e+00 -2.624971324049800049e-06 -1.320711308206193877e-03 -2.692216848649735868e-03 -4.774076600722198908e-03 -9.533056525046381194e-03 -1.388982202395036558e-02
2.916666666666664298e+00 -2.586577557644184805e-06 -1.320877518145128398e-03 -2.692630987071544836e-03 -4.774755057645027091e-03 -9.534634150012195539e-03 -1.389168552168043753e-02
2.933333333333330017e+00 -2.551278759784932896e-06 -1.321033627672215088e-03 -2.693091074458073709e-03 -4.775442706446963829e-03 -9.535851361742255644e-03 -1.389379103016775106e-02
2.950000000000002842e+00 -2.519330464530921664e-06 -1.321196432326935495e-03 -2.693511109686690715e-03 -4.776160252999684351e-03 -9.537080297735449005e-03 -1.389593415624129809e-02
2.966666666666668561e+00 -2.488328866938973143e-06 -1.321345162337889253e-03 -2.693894959077562223e-03 -4.776835251053291979e-03 -9.538639052595313320e-03 -1.389776590004655234e-02
2.983333333333334281e+00 -2.460849969791782374e-06 -1.321507077778833264e-03 -2.694271058310013321e-03 -4.777521073669462742e-03 -9.539842371919422109e-03 -1.389973180615498502e-02
3.000000000000000000e+00 -2.433846260918233675e-06 -1.321650793027879210e-03 -2.694613075065800147e-03 -4.778169488272191422e-03 -9.541054831007346471e-03 -1.390142923064807343e-02
3.016666666666665719e+00 -2.407183421572733088e-06 -1.321803070456911656e-03 -2.694951917525765551e-03 -4.778722357052416284e-03 -9.542087014759774444e-03 -1.390326426220930486e-02
3.033333333333331439e+00 -2.378702849611295046e-06 -1.321993224074916647e-03 -2.695257967092112936e-03 -4.779317934776832269e-03 -9.543412566963303811e-03 -1.390539675618950033e-02
3.049999999999997158e+00 -2.349143955580719837e-06 -1.322138284541742861e-03 -2.695578550512117352e-03 -4.779890045593533469e-03 -9.544424332574992856e-03 -1.390742534596069863e-02
3.066666666666669983e+00 -2.322521151360116865e-06 -1.322293655621765420e-03 -2.695862210516146874e-03 -4.780507292440012122e-03 -9.545832839653713500e-03 -1.390942413560470291e-02
3.083333333333335702e+00 -2.297446530374551862e-06 -1.322466450501019741e-03 -2.696181619013366792e-03 -4.781047569273641322e-03 -9.546631878229051849e-03 -1.391138483970236900e-02
3.100000000000001421e+00 -2.272429725117559897e-06 -1.322598084927034939e-03 -2.696464388209976731e-03 -4.781595365589606794e-03 -9.548055216499151676e-03 -1.391292006227919965e-02
3.116666666666667140e+00 -2.252638215249015898e-06 -1.322712129278923697e-03 -2.696780767383956477e-03 -4.782231876743060599e-03 -9.548865414681457706e-03 -1.391444385477782868e-02
3.133333333333332860e+00 -2.232712937628140204e-06 -1.322850405228027980e-03 -2.697126618048461578e-03 -4.782836160243146388e-03 -9.550341384528647157e-03 -1.391604925436132692e-02
3.149999999999998579e+00 -2.210473873369476871e-06 -1.322989753987294150e-03 -2.697447610306188352e-03 -4.783427976299215768e-03 -9.551090107516048075e-03 -1.391763954472003198e-02
3.166666666666664298e+00 -2.187019552313879674e-06 -1.323106651513063659e-03 -2.697761788786166067e-03 -4.784028059531199480e-03 -9.552703522479286460e-03 -1.391902527389154640e-02
3.183333333333330017e+00 -2.162656357226122682e-06 -1.323210030069436102e-03 -2.698077705401783974e-03 -4.784532400607274978e-03 -9.553609260932476380e-03 -1.392063170270620154e-02
3.200000000000002842e+00 -2.139648435672084075e-06 -1.323320025901571044e-03 -2.698323425550198679e-03 -4.785022820860736041e-03 -9.555160044019996024e-03 -1.392203671053415109e-02
3.216666666666668561e+00 -2.117745308627660408e-06 -1.323479975071560405e-03 -2.698575523627899219e-03 -4.785529806090467984e-03 -9.556394627051441326e-03 -1.392399729699847488e-02
3.233333333333334281e+00 -2.097643680307697096e-06 -1.323622234257240335e-03 -2.698844609970501348e-03 -4.786019593692056318e-03 -9.557538412993955845e-03 -1.392607291431350626e-02
3.250000000000000000e+00 -2.083109622393280337e-06 -1.323766214815928375e-03 -2.699121479348165834e-03 -4.786435219339216403e-03 -9.558472253667930560e-03 -1.392810424623380262e-02
3.266666666666665719e+00 -2.066306823047797535e-06 -1.323855084925731028e-03 -2.699348401015500172e-03 -4.786929675750155148e-03 -9.559487870519989619e-03 -1.392928795083129591e-02
3.283333333333331439e+00 -2.046577472575170564e-06 -1.323946409552050800e-03 -2.699620587516604608e-03 -4.787506240515389255e-03 -9.560144829841490249e-03 -1.393037148667302695e-02
3.299999999999997158e+00 -2.027921375447203566e-06 -1.324059491954432529e-03 -2.699847196814525192e-03 -4.788036114159021500e-03 -9.561057971477932363e-03 -1.393173037390311141e-02
3.316666666666669983e+00 -2.004648405302879055e-06 -1.324165778830131224e-03 -2.700102371553051144e-03 -4.788550788651061048e-03 -9.561659267866909340e-03 -1.393311706724764502e-02
3.333333333333335702e+00 -1.985255636551325145e-06 -1.324246856972202246e-03 -2.700383099420647273e-03 -4.789082856793073183e-03 -9.562770821942673596e-03 -1.393426444386041720e-02
3.350000000000001421e+00 -1.970919859176204228e-06 -1.324344851682675208e-03 -2.700640832936699893e-03 -4.789461441405444379e-03 -9.563367113848321097e-03 -1.393559983673136812e-02
3.366666666666667140e+00 -1.954667683204777711e-06 -1.324428240657083127e-03 -2.700901356217407043e-03 -4.789852386830522300e-03 -9.564557276715053222e-03 -1.393669775507670738e-02
3.383333333333332860e+00 -1.937726978071420465e-06 -1.324531029865461769e-03 -2.701124462623717606e-03 -4.790294828562146473e-03 -9.565031691851940202e-03 -1.393818116404893850e-02
3.399999999999998579e+00 -1.925425909189977300e-06 -1.324618821695624149e-03 -2.701328258965309502e-03 -4.790731167764401659e-03 -9.566341397012635347e-03 -1.393960174300323297e-02
3.416666666666664298e+00 -1.911062051579903627e-06 -1.324721533983966261e-03 -2.701547633345560348e-03 -4.791102610476769171e-03 -9.566872740618872356e-03 -1.394117638556752886e-02
3.433333333333330017e+00 -1.894995840341875427e-06 -1.324851964591378063e-03 -2.701722594280066714e-03 -4.791530097944913906e-03 -9.568251236738876606e-03 -1.394212627837560295e-02
3.450000000000002842e+00 -1.880987138937850766e-06 -1.324934956134274236e-03 -2.701921317495364558e-03 -4.791885899991499796e-03 -9.568541756875366053e-03 -1.394325316946589191e-02
3.466666666666668561e+00 -1.864936955078104314e-06 -1.325037053872576151e-03 -2.702077495827825190e-03 -4.792320447600840159e-03 -9.570046728263248773e-03 -1.394450259133229834e-02
3.483333333333334281e+00 -1.849746317868176409e-06 -1.325148948619548532e-03 -2.702272824038769866e-03 -4.792798801728304428e-03 -9.570665089499764272e-03 -1.394582072301046513e-02
3.500000000000000000e+00 -1.834657218175046358e-06 -1.325232997637876362e-03 -2.702444233820649067e-03 -4.793218404896769022e-03 -9.571964780207397466e-03 -1.394691267321211854e-02
3.516666666666665719e+00 -1.821316890268779543e-06 -1.325298645994816595e-03 -2.702665697161706765e-03 -4.793493189754965446e-03 -9.573040522905831157e-03 -1.394810860046857316e-02
3.533333333333331439e+00 -1.812608934019481997e-06 -1.325392763822103763e-03 -2.702834964088087887e-03 -4.793842849655306597e-03 -9.574057286500689892e-03 -1.394885133034593112e-02
3.549999999999997158e+00 -1.801789151131742614e-06 -1.325482002495367633e-03 -2.703093346081190344e-03 -4.794190410345081955e-03 -9.574637173986058625e-03 -1.394972847315679998e-02
3.566666666666669983e+00 -1.790504944179170960e-06 -1.325547373367622029e-03 -2.703353735720336569e-03 -4.794496976482135256e-03 -9.575452112463028395e-03 -1.395111962622136437e-02
3.583333333333335702e+00 -1.777010089146313884e-06 -1.325615806958268259e-03 -2.703560527965657122e-03 -4.794796772595199229e-03 -9.575828079327792369e-03 -1.395254269456324206e-02
3.600000000000001421e+00 -1.762902914903528853e-06 -1.325687276933885852e-03 -2.703677900251757072e-03 -4.795087226346025217e-03 -9.576839248842483263e-03 -1.395379272216425506e-02
3.616666666666667140e+00 -1.751116971294255114e-06 -1.325778774333422365e-03 -2.703842402953228214e-03 -4.795325171456989687e-03 -9.577133037754502476e-03 -1.395482640005173483e-02
3.633333333333332860e+00 -1.741337583059211647e-06 -1.325874858268655688e-03 -2.704045002498945034e-03 -4.795600752202163093e-03 -9.577770566557335108e-03 -1.395561855796760564e-02
3.649999999999998579e+00 -1.729405172947704542e-06 -1.325967448532318219e-03 -2.704238062536344460e-03 -4.795964728860545485e-03 -9.578042381027090241e-03 -1.395621224407861058e-02
3.666666666666664298e+00 -1.719945068094248769e-06 -1.326021831633325933e-03 -2.704361485019772787e-03 -4.796294063271320900e-03 -9.579105445631341809e-03 -1.395697791733239296e-02
3.683333333333330017e+00 -1.710028134434107483e-06 -1.326106227011097927e-03 -2.704499557523511264e-03 -4.796628275602309033e-03 -9.579261934242942061e-03 -1.395802150859721744e-02
3.700000000000002842e+00 -1.700381210612988088e-06 -1.326191761894156707e-03 -2.704628352085612988e-03 -4.796993863577361794e-03 -9.580221122679217355e-03 -1.395873221994986188e-02
3.716666666666668561e+00 -1.688566103983597512e-06 -1.326239184685022374e-03 -2.704812943562574876e-03 -4.797263189871106212e-03 -9.580383478441135275e-03 -1.395957725357241733e-02
3.733333333333334281e+00 -1.678913359484433812e-06 -1.326291857128477627e-03 -2.704999348594873919e-03 -4.797517493087165123e-03 -9.581458948489446001e-03 -1.396016022078759231e-02
3.750000000000000000e+00 -1.667527164666242857e-06 -1.326364456632335691e-03 -2.705186571231640597e-03 -4.797743826551088137e-03 -9.581435119009348508e-03 -1.396116391532159148e-02
3.766666666666665719e+00 -1.657267386624265251e-06 -1.326421365567056164e-03 -2.705363615457718768e-03 -4.797995529768167913e-03 -9.582617204488158916e-03 -1.396231100834604416e-02
3.783333333333331439e+00 -1.649202317536426665e-06 -1.326475375530726444e-03 -2.705507471095636250e-03 -4.798203157194943710e-03 -9.582778938241776068e-03 -1.396351171124539381e-02
3.799999999999997158e+00 -1.639712039235228562e-06 -1.326536319569305818e-03 -2.705593131673137731e-03 -4.798473840777760062e-03 -9.583461217499892812e-03 -1.396396672912814454e-02
3.816666666666669983e+00 -1.630201433337216399e-06 -1.326584133466721192e-03 -2.705725312922385890e-03 -4.798826415425685131e-03 -9.583996170394874434e-03 -1.396461386754601491e-02
3.833333333333335702e+00 -1.622896070295835036e-06 -1.326676737788003158e-03 -2.705865041619137830e-03 -4.799138767217296306e-03 -9.584726309475939676e-03 -1.396539834430425737e-02
3.850000000000001421e+00 -1.614094711571631314e-06 -1.326736702729241785e-03 -2.706027174804333506e-03 -4.799426008435165626e-03 -9.585039379331781323e-03 -1.396618827201208390e-02
3.866666666666667140e+00 -1.608319923804295771e-06 -1.326812480597585079e-03 -2.706105290444524216e-03 -4.799723893627171056e-03 -9.585709769870937383e-03 -1.396670767800884880e-02
3.883333333333332860e+00 -1.603435603771018994e-06 -1.326870478109802359e-03 -2.706243575798776384e-03 -4.799963408510821497e-03 -9.585989731361165694e-03 -1.396744036889634860e-02
3.899999999999998579e+00 -1.594467342766760538e-06 -1.326931579490815737e-03 -2.706346977810911332e-03 -4.800197085098142913e-03 -9.586700471770367646e-03 -1.396793863596909949e-02
3.916666666666664298e+00 -1.584806556840042082e-06 -1.326985163772758086e-03 -2.706507338553672867e-03 -4.800393553687518598e-03 -9.586824109923303833e-03 -1.396885043279290535e-02
3.933333333333330017e+00 -1.579663418155918181e-06 -1.327039096339629326e-03 -2.706623311081633992e-03 -4.800602702579056733e-03 -9.587631552227030701e-03 -1.396971503975795795e-02
3.950000000000002842e+00 -1.573274540315461337e-06 -1.327082927302169557e-03 -2.706757012744121903e-03 -4.800798606557610780e-03 -9.587781741017931125e-03 -1.397064573242788252e-02
3.966666666666668561e+00 -1.566059650773411685e-06 -1.327135216790329298e-03 -2.706907104864023864e-03 -4.801012891905398830e-03 -9.588691286856401361e-03 -1.397107948912172312e-02
3.983333333333334281e+00 -1.559602371899568777e-06 -1.327182926454894022e-03 -2.707034802042247810e-03 -4.801270150337493166e-03 -9.588873257737747305e-03 -1.397173028402792089e-02
4.000000000000000000e+00 -1.554541941769670989e-06 -1.327239665124893336e-03 -2.707121048511395688e-03 -4.801529434217014468e-03 -9.589754047819190261e-03 -1.397235806705248058e-02
4.016666666666665719e+00 -1.547878212713448850e-06 -1.327308246522017560e-03 -2.707253250181642507e-03 -4.801761086299432754e-03 -9.590052299112389322e-03 -1.397293458176650585e-02
4.033333333333331439e+00 -1.542246466886629648e-06 -1.327367621111091248e-03 -2.707350162462700705e-03 -4.801988046912269298e-03 -9.590983653828022079e-03 -1.397333816258895280e-02
4.049999999999997158e+00 -1.534972122571763129e-06 -1.327455407961048795e-03 -2.707486551591118968e-03 -4.802157411553799327e-03 -9.590787200703141530e-03 -1.397403578605991778e-02
4.066666666666669983e+00 -1.526883002698894623e-06 -1.327503346321473729e-03 -2.707562098079519062e-03 -4.802308126224609681e-03 -9.591887542871832886e-03 -1.397437142814425028e-02
4.083333333333335702e+00 -1.520798831757449691e-06 -1.327521578906965894e-03 -2.707702273307501829e-03 -4.802476462483992910e-03 -9.591934899940040768e-03 -1.397503798661949362e-02
4.100000000000001421e+00 -1.516116821919037639e-06 -1.327566496772184012e-03 -2.707776259433130207e-03 -4.802675578135474563e-03 -9.592172734264716241e-03 -1.397569069404576599e-02
4.116666666666667140e+00 -1.508992153019644907e-06 -1.327610564819387343e-03 -2.707936160328099518e-03 -4.802803751540872523e-03 -9.592841510210300612e-03 -1.397626025793781424e-02
4.133333333333332860e+00 -1.504296316305415643e-06 -1.327664673887149092e-03 -2.708051853492388257e-03 -4.802957073981802515e-03 -9.593371870460840403e-03 -1.397691808021591688e-02
4.149999999999998579e+00 -1.499477001631478843e-06 -1.327693215681711005e-03 -2.708181451715673156e-03 -4.803101476086838947e-03 -9.593596715056846441e-03 -1.397760279801197637e-02
4.166666666666664298e+00 -1.494348460311653130e-06 -1.327724774613583091e-03 -2.708306351174954735e-03 -4.803379767949709014e-03 -9.594036839601883040e-03 -1.397795989399714528e-02
4.183333333333330017e+00 -1.488809285706318490e-06 -1.327749676308851616e-03 -2.708387758992902850e-03 -4.803689238040911511e-03 -9.594231554691563454e-03 -1.397842740981410266e-02
4.200000000000002842e+00 -1.484251769430948530e-06 -1.327809435225015856e-03 -2.708455602860183019e-03 -4.803950192297783139e-03 -9.594786706355438663e-03 -1.397882555244223807e-02
4.216666666666668561e+00 -1.478033386945768674e-06 -1.327843736605216485e-03 -2.708585496164593251e-03 -4.804160754759759060e-03 -9.594676461182914673e-03 -1.397940740485953751e-02
4.233333333333334281e+00 -1.471339178829586637e-06 -1.327894335178990285e-03 -2.708637439412144542e-03 -4.804307392914096073e-03 -9.595133512098180315e-03 -1.397961851578020769e-02
4.250000000000000000e+00 -1.464988122856398440e-06 -1.327971107475587513e-03 -2.708726416954248314e-03 -4.804329836447918285e-03 -9.595111926839405489e-03 -1.398022907385268292e-02
4.266666666666665719e+00 -1.460515392342789117e-06 -1.328011415844823238e-03 -2.708757234419948735e-03 -4.804417347311930146e-03 -9.595686952610831336e-03 -1.398082854477925886e-02
4.283333333333331439e+00 -1.456510758841247931e-06 -1.328014609497205718e-03 -2.708871186534025054e-03 -4.804569218196282944e-03 -9.595594314557011340e-03 -1.398133001180006801e-02
4.299999999999997158e+00 -1.451363565005121435e-06 -1.328044401362416839e-03 -2.708896329942819294e-03 -4.804733350190599009e-03 -9.596283208760528552e-03 -1.398182703987928092e-02
4.316666666666669983e+00 -1.448475178335599684e-06 -1.328080834537131603e-03 -2.709028620195403757e-03 -4.804833677440706503e-03 -9.596125198782119725e-03 -1.398242798608295180e-02
4.333333333333335702e+00 -1.444385835926323765e-06 -1.328120868803411934e-03 -2.709172808411364902e-03 -4.804980562618013304e-03 -9.596924626997372157e-03 -1.398269866126914188e-02
4.350000000000001421e+00 -1.438796756193625357e-06 -1.328123607220589846e-03 -2.709346770712365085e-03 -4.805159842981529018e-03 -9.596806720134730753e-03 -1.398309036902669299e-02
4.366666666666667140e+00 -1.434266131017002319e-06 -1.328175771969858712e-03 -2.709370222360351493e-03 -4.805315471925464092e-03 -9.597732267946796139e-03 -1.398344264357800210e-02
4.383333333333332860e+00 -1.430983535620123863e-06 -1.328185464226307524e-03 -2.709409537325413193e-03 -4.805461403682589547e-03 -9.597717402752370050e-03 -1.398393608631175004e-02
4.399999999999998579e+00 -1.428821079339619450e-06 -1.328235793642382808e-03 -2.709465891408230527e-03 -4.805627924659721870e-03 -9.598131452612306339e-03 -1.398407559957877064e-02
4.416666666666664298e+00 -1.426959467112154031e-06 -1.328260954994063591e-03 -2.709566213317233293e-03 -4.805726070794427360e-03 -9.598405940620330715e-03 -1.398461750905799147e-02
4.433333333333330017e+00 -1.422579177036849218e-06 -1.328315349114755385e-03 -2.709589056083891098e-03 -4.805856830044065442e-03 -9.598859715422215777e-03 -1.398477669968734710e-02
4.450000000000002842e+00 -1.420171926499064179e-06 -1.328355431896211100e-03 -2.709682642295800029e-03 -4.805973482440333185e-03 -9.598934171409029270e-03 -1.398550829548830463e-02
4.466666666666668561e+00 -1.416512606897837031e-06 -1.328376373093710910e-03 -2.709695128417617931e-03 -4.806104679747843361e-03 -9.599326058518377683e-03 -1.398622180845592380e-02
4.483333333333334281e+00 -1.411428562798715652e-06 -1.328409650011868346e-03 -2.709788101172158192e-03 -4.806199835229785222e-03 -9.599477583275504641e-03 -1.398693732136767516e-02
4.500000000000000000e+00 -1.407952017114009380e-06 -1.328464147344043771e-03 -2.709848587683871129e-03 -4.806347615904998753e-03 -9.599925442425313871e-03 -1.398696946200073121e-02
4.516666666666665719e+00 -1.406091043099913874e-06 -1.328469429714845395e-03 -2.709922344726545512e-03 -4.806527017747346670e-03 -9.599875391558458301e-03 -1.398729476368777876e-02
4.533333333333331439e+00 -1.400604801995114351e-06 -1.328494648992790657e-03 -2.709999947821457433e-03 -4.806711615664480304e-03 -9.600205724159959972e-03 -1.398767518428986611e-02
4.549999999999997158e+00 -1.397519182607123657e-06 -1.328512899203532823e-03 -2.710087143624872325e-03 -4.806874585440935356e-03 -9.600047291971763180e-03 -1.398812432626947259e-02
4.566666666666669983e+00 -1.394197992792713412e-06 -1.328550664813641161e-03 -2.710126178548972250e-03 -4.806943459675893857e-03 -9.600638360279314942e-03 -1.398815301286471940e-02
4.583333333333335702e+00 -1.390585575300746620e-06 -1.328555511120052676e-03 -2.710194485469851790e-03 -4.807000944784016287e-03 -9.600392554217332744e-03 -1.398852776834933094e-02
4.600000000000001421e+00 -1.387717267109940351e-06 -1.328605159102779192e-03 -2.710214255927421469e-03 -4.807119112435291435e-03 -9.600932487628442355e-03 -1.398860128045906898e-02
4.616666666666667140e+00 -1.384383224472367360e-06 -1.328619502713560517e-03 -2.710304844739213660e-03 -4.807184299656688288e-03 -9.600722853025385473e-03 -1.398911051814121648e-02
4.633333333333332860e+00 -1.380457166220542820e-06 -1.328680117058307760e-03 -2.710310329460465049e-03 -4.807270533497963461e-03 -9.601412255509009924e-03 -1.398957432732579435e-02
4.649999999999998579e+00 -1.377667628875727934e-06 -1.328707597384115851e-03 -2.710402155003322888e-03 -4.807334806091703716e-03 -9.601092713645066959e-03 -1.399018797153123335e-02
4.666666666666664298e+00 -1.375231331566544152e-06 -1.328729242728910603e-03 -2.710413156531385134e-03 -4.807442304107400165e-03 -9.601929221683996180e-03 -1.399030848124229245e-02
4.683333333333330017e+00 -1.372820596856496818e-06 -1.328746755841576400e-03 -2.710565979070171574e-03 -4.807594227236312336e-03 -9.601778938463681815e-03 -1.399066393608353401e-02
4.700000000000002842e+00 -1.371464718264749083e-06 -1.328783814152177580e-03 -2.710669753472470800e-03 -4.807727714179066067e-03 -9.602238341181165704e-03 -1.399092072654416034e-02
4.716666666666668561e+00 -1.367887876842151417e-06 -1.328784438089429922e-03 -2.710805127785841963e-03 -4.807832990206139037e-03 -9.602495715125497835e-03 -1.399122306141045019e-02
4.733333333333334281e+00 -1.364895904010118673e-06 -1.328812120936281350e-03 -2.710844481982466539e-03 -4.807946939725167915e-03 -9.602812996308418211e-03 -1.399126963786313099e-02
4.750000000000000000e+00 -1.362119290662657104e-06 -1.328820266872611337e-03 -2.710910167554127226e-03 -4.808003555178509865e-03 -9.602868804727056340e-03 -1.399164191294187398e-02
4.766666666666665719e+00 -1.359675194009454257e-06 -1.328852663774179443e-03 -2.710942360013559801e-03 -4.808079323986031405e-03 -9.603231175347826803e-03 -1.399159770796157623e-02
4.783333333333331439e+00 -1.357758422284986878e-06 -1.328878790233834883e-03 -2.710953869449167063e-03 -4.808152010305218049e-03 -9.603177976780626068e-03 -1.399193634297394608e-02
4.799999999999997158e+00 -1.355328996943222973e-06 -1.328935595041536716e-03 -2.710953241263942739e-03 -4.808224711025744190e-03 -9.603536681587407364e-03 -1.399221909976143020e-02
4.816666666666669983e+00 -1.353773660561926548e-06 -1.328990400001423640e-03 -2.711033665394588666e-03 -4.808277868741718877e-03 -9.603414807130125977e-03 -1.399249926878780304e-02
4.833333333333335702e+00 -1.352898027992517779e-06 -1.329000596708290738e-03 -2.711039557696748748e-03 -4.808379262881645050e-03 -9.603856244696196490e-03 -1.399273553529784171e-02
4.850000000000001421e+00 -1.351316372286232313e-06 -1.328987576786847674e-03 -2.711105069605932241e-03 -4.808524387704949526e-03 -9.603621273915192297e-03 -1.399306036610890001e-02
4.866666666666667140e+00 -1.348902661413580916e-06 -1.329015738666223037e-03 -2.711136311205485701e-03 -4.808630472135709370e-03 -9.604097174648124763e-03 -1.399320729312049372e-02
4.883333333333332860e+00 -1.345521898239626147e-06 -1.329030243971055522e-03 -2.711243067382516567e-03 -4.808710879675117365e-03 -9.603907541164852582e-03 -1.399348508096171818e-02
4.899999999999998579e+00 -1.342429846584426801e-06 -1.329050762023220806e-03 -2.711317153695358070e-03 -4.808816623531594024e-03 -9.604522693005554737e-03 -1.399360766804960514e-02
4.916666666666664298e+00 -1.340451411840901857e-06 -1.329053603171187654e-03 -2.711319639652362990e-03 -4.808866991517349310e-03 -9.604248739243053182e-03 -1.399398401655919597e-02
4.933333333333330017e+00 -1.339861943925171090e-06 -1.329087789956787981e-03 -2.711338715546218834e-03 -4.808942511152812863e-03 -9.604996876050195254e-03 -1.399394733015259240e-02
4.950000000000002842e+00 -1.338421775292475471e-06 -1.329087416209680716e-03 -2.711420126656222812e-03 -4.809025548086132661e-03 -9.604704264271728131e-03 -1.399435345422759061e-02
4.966666666666668561e+00 -1.336921109524566958e-06 -1.329122677643625747e-03 -2.711442053762091672e-03 -4.809080098879272257e-03 -9.605476401584574567e-03 -1.399455817129149383e-02
4.983333333333334281e+00 -1.337166962634800259e-06 -1.329138622536333572e-03 -2.711480188295227987e-03 -4.809115384366235112e-03 -9.605062036715204810e-03 -1.399488190678273292e-02
5.000000000000000000e+00 -1.334461164409490707e-06 -1.329176095531912297e-03 -2.711476971737147770e-03 -4.809214565058479197e-03 -9.605464948844483208e-03 -1.399516636536271216e-02
5.016666666666665719e+00 -1.331166674852489196e-06 -1.329201065412669329e-03 -2.711529708080836435e-03 -4.809331643921718920e-03 -9.605606060512054609e-03 -1.399548965125506361e-02
5.033333333333331439e+00 -1.329217691131855742e-06 -1.329206186737329686e-03 -2.711523693390930148e-03 -4.809434681667073934e-03 -9.605722137943256342e-03 -1.399553645826094941e-02
5.049999999999997158e+00 -1.326670655437865742e-06 -1.329225433369215364e-03 -2.711606886593127558e-03 -4.809519290034944793e-03 -9.605738543225847068e-03 -1.399572424545559787e-02
5.066666666666669983e+00 -1.326196665127676005e-06 -1.329264939037388136e-03 -2.711618354624570435e-03 -4.809587914600239010e-03 -9.606116876389217754e-03 -1.399579981099698112e-02
5.083333333333335702e+00 -1.328087729427574076e-06 -1.329262443895721721e-03 -2.711698297628632910e-03 -4.809615848715862070e-03 -9.605991176119706848e-03 -1.399613877492761858e-02
5.100000000000001421e+00 -1.325467773084221695e-06 -1.329291156160437252e-03 -2.711744374671921833e-03 -4.809671199391627079e-03 -9.606451106816829913e-03 -1.399603022941983514e-02
5.116666666666667140e+00 -1.323602279347877095e-06 -1.329283960127943844e-03 -2.711783328757944641e-03 -4.809697676529091359e-03 -9.606115644657154187e-03 -1.399637991122001934e-02
5.133333333333332860e+00 -1.320628987935894663e-06 -1.329302899556887184e-03 -2.711786958329367135e-03 -4.809753131925304827e-03 -9.606524539744904986e-03 -1.399620293341798972e-02
5.149999999999998579e+00 -1.317841225129383486e-06 -1.329301263350808355e-03 -2.711824147654624470e-03 -4.809752157873829065e-03 -9.606170020723222430e-03 -1.399669071569388350e-02
5.166666666666664298e+00 -1.316382848860087254e-06 -1.329339164766723614e-03 -2.711824122768846136e-03 -4.809780364188993677e-03 -9.606764165633578309e-03 -1.399719348390973152e-02
5.183333333333330017e+00 -1.315233227005190471e-06 -1.329344173439728390e-03 -2.711871733480995372e-03 -4.809894284533157774e-03 -9.606337758487895270e-03 -1.399789207440009162e-02
5.200000000000002842e+00 -1.313944880149377429e-06 -1.329374904894022047e-03 -2.711868816764709776e-03 -4.810034675283423287e-03 -9.606908839077242523e-03 -1.399776345833979134e-02
5.216666666666668561e+00 -1.312640714860980644e-06 -1.329379490405605555e-03 -2.711922082311688572e-03 -4.810175124209129828e-03 -9.606511754859480348e-03 -1.399782447575196979e-02
5.233333333333334281e+00 -1.312209497483851210e-06 -1.329388646751453315e-03 -2.711954175179495403e-03 -4.810259904295201977e-03 -9.607234373361731375e-03 -1.399800436096172024e-02
5.250000000000000000e+00 -1.311359477220138271e-06 -1.329393646779762671e-03 -2.712048293525149822e-03 -4.810339824051948487e-03 -9.606693572544223320e-03 -1.399824320882018733e-02
5.266666666666665719e+00 -1.309443090613094031e-06 -1.329423014724301138e-03 -2.712124409074592561e-03 -4.810291644935633937e-03 -9.607547100000380508e-03 -1.399816071741760877e-02
5.283333333333331439e+00 -1.307624049703446333e-06 -1.329423266415886463e-03 -2.712127473043342285e-03 -4.810295259595392947e-03 -9.607142434547742346e-03 -1.399844455896531378e-02
5.299999999999997158e+00 -1.306672770238307455e-06 -1.329444709580692753e-03 -2.712143431340074094e-03 -4.810374604035746841e-03 -9.607495743455322229e-03 -1.399832746058876642e-02
5.316666666666669983e+00 -1.306644421989397165e-06 -1.329425477296233751e-03 -2.712211795751894028e-03 -4.810447522364640072e-03 -9.607676396480541864e-03 -1.399863427325338285e-02
5.333333333333335702e+00 -1.307150557663558898e-06 -1.329449081269476734e-03 -2.712210055282227635e-03 -4.810563507281496662e-03 -9.607996675693670011e-03 -1.399885790520675154e-02
5.350000000000001421e+00 -1.307945370334102242e-06 -1.329458860172941063e-03 -2.712233942448727224e-03 -4.810600011332252790e-03 -9.607978183707868020e-03 -1.399926786479522428e-02
5.366666666666667140e+00 -1.306124383908410347e-06 -1.329491751592395228e-03 -2.712218343572439776e-03 -4.810563148641804065e-03 -9.608250751291715075e-03 -1.399922615678218622e-02
5.383333333333332860e+00 -1.304249681402851044e-06 -1.329533024203017992e-03 -2.712256984586136708e-03 -4.810623606543098715e-03 -9.608082223212587730e-03 -1.399939865993101058e-02
5.399999999999998579e+00 -1.303619604868646755e-06 -1.329541265726095914e-03 -2.712231896601637830e-03 -4.810721968582966010e-03 -9.608358143671827042e-03 -1.399958294075549607e-02
5.416666666666664298e+00 -1.303276123046172586e-06 -1.329529349831120319e-03 -2.712285518910765528e-03 -4.810777649541397687e-03 -9.608054368467821779e-03 -1.399971880169436668e-02
5.433333333333330017e+00 -1.300196538375086727e-06 -1.329547424179574212e-03 -2.712285167465844620e-03 -4.810779453236156342e-03 -9.608465429591492649e-03 -1.399958211218007252e-02
5.450000000000002842e+00 -1.299026546273308439e-06 -1.329546421024192532e-03 -2.712334205556642293e-03 -4.810840757795449042e-03 -9.608220222356793350e-03 -1.399971404003169315e-02
5.466666666666668561e+00 -1.298237305217038033e-06 -1.329557740748632446e-03 -2.712338382039023148e-03 -4.810882902398332106e-03 -9.608782615090346452e-03 -1.399952859203654025e-02
5.483333333333334281e+00 -1.298016463518763853e-06 -1.329558409671865006e-03 -2.712342376076380072e-03 -4.810895691532131833e-03 -9.608373999735355178e-03 -1.399973856636318667e-02
5.500000000000000000e+00 -1.298041207368809560e-06 -1.329575933142967568e-03 -2.712322674981336532e-03 -4.810916627638794386e-03 -9.609031063120576990e-03 -1.399984195423298154e-02
5.516666666666665719e+00 -1.296197108287096382e-06 -1.329562547570607408e-03 -2.712375447072394672e-03 -4.810927540971735722e-03 -9.608680656465739059e-03 -1.400004500178335040e-02
5.533333333333331439e+00 -1.294954714863328735e-06 -1.329597308089551120e-03 -2.712352593135515869e-03 -4.810945217412648280e-03 -9.609484399797894177e-03 -1.400030468497969957e-02
5.549999999999997158e+00 -1.295884007164105709e-06 -1.329594055816428217e-03 -2.712391606187879167e-03 -4.811043205622922425e-03 -9.609005543001541624e-03 -1.400049781761302133e-02
5.566666666666669983e+00 -1.293704982068381675e-06 -1.329630320908516388e-03 -2.712353986754385046e-03 -4.811147690784449600e-03 -9.609720705959201234e-03 -1.400055122963641922e-02
5.583333333333335702e+00 -1.293470905143276260e-06 -1.329644047521242201e-03 -2.712421068339937891e-03 -4.811266537333993079e-03 -9.609314929341292166e-03 -1.400065959029294163e-02
5.600000000000001421e+00 -1.291569073689676662e-06 -1.329658902245251873e-03 -2.712430859889373297e-03 -4.811352347994282339e-03 -9.609642310316350577e-03 -1.400064096913271501e-02
5.616666666666667140e+00 -1.290047633883183921e-06 -1.329639941959346542e-03 -2.712545371849357095e-03 -4.811408714807717014e-03 -9.609546998670137966e-03 -1.400082744184705935e-02
5.633333333333332860e+00 -1.288925824359839005e-06 -1.329662622621781073e-03 -2.712614005278360992e-03 -4.811486325196207003e-03 -9.609811199103901122e-03 -1.400059725128383753e-02
5.649999999999998579e+00 -1.286851416288956039e-06 -1.329675259072258652e-03 -2.712598323236651513e-03 -4.811538489985801685e-03 -9.609830114495137091e-03 -1.400071626987549854e-02
5.666666666666664298e+00 -1.286131156548729120e-06 -1.329694892719525661e-03 -2.712584466739529927e-03 -4.811514266884406310e-03 -9.610059592363219896e-03 -1.400083881624091843e-02
5.683333333333330017e+00 1.407938305862870130e-05 -1.314646476686944735e-03 -2.697716340441209688e-03 -4.794553788274430114e-03 -9.594745057292637658e-03 -1.398742701061261341e-02
5.700000000000002842e+00 6.699707782737424739e-05 -1.261152614169253625e-03 -2.645152576002793646e-03 -4.738309802671286652e-03 -9.541955811598650666e-03 -1.393525661459059893e-02
5.716666666666668561e+00 1.819083941265914643e-04 -1.148938705411763246e-03 -2.530975937329131391e-03 -4.612835304620988182e-03 -9.429471786445429646e-03 -1.382573251262268592e-02
5.733333333333334281e+00 3.854275789002040132e-04 -9.588859686845757277e-04 -2.354677229812870889e-03 -4.422233053083974956e-03 -9.228452081309916968e-03 -1.362831366352895701e-02
5.750000000000000000e+00 6.856982047824744997e-04 -6.807817793977932524e-04 -2.062086523863769939e-03 -4.170060299905613103e-03 -8.943684471166462105e-03 -1.333539758436828870e-02
5.766666666666665719e+00 1.045562440082147470e-03 -3.138880316633885052e-04 -1.700198345469433646e-03 -3.809728819129879016e-03 -8.616947249631220010e-03 -1.299357441579520808e-02
5.783333333333331439e+00 1.453977826217172113e-03 9.717726747686767578e-05 -1.276049247782722528e-03 -3.415527589652618198e-03 -8.235746482554297254e-03 -1.261711344254888914e-02
5.799999999999997158e+00 1.904745174329228576e-03 5.453926539376159838e-04 -8.264164391994988828e-04 -2.955040856783539872e-03 -7.802366532139351496e-03 -1.219886704876808718e-02
5.816666666666669983e+00 2.397150617669797056e-03 1.041561399285989131e-03 -3.317364094849127847e-04 -2.446996275058104225e-03 -7.322169483263779588e-03 -1.173471760239831740e-02
5.833333333333335702e+00 2.938190465921857331e-03 1.565441644845506517e-03 2.081829576257705175e-04 -1.911997614271430512e-03 -6.806581504950878769e-03 -1.122176247688307441e-02
5.850000000000001421e+00 3.523052993129862677e-03 2.147646804036434671e-03 7.870740026553452564e-04 -1.322855311119020038e-03 -6.230851403153240750e-03 -1.066879545072519503e-02
5.866666666666667140e+00 4.162902076507346907e-03 2.791474132709307471e-03 1.420685011913413488e-03 -6.855043980563157481e-04 -5.592251825581474184e-03 -1.006821556360868071e-02
5.883333333333332860e+00 4.852087575270241752e-03 3.468595481267172913e-03 2.115289159318209464e-03 -6.562559018857854277e-07 -4.913273188911109098e-03 -9.387564174376722415e-03
5.899999999999998579e+00 5.604937140782016193e-03 4.220875879725822372e-03 2.863096638674231427e-03 7.508219355912721391e-04 -4.169424384893831784e-03 -8.659898542868806406e-03
5.916666666666664298e+00 6.421893632281922698e-03 5.024300126994610781e-03 3.652753475589941897e-03 1.565597784505997009e-03 -3.379225884587223373e-03 -7.878770433361451109e-03
5.933333333333330017e+00 7.282577401730438993e-03 5.874955170160659282e-03 4.519101902205609027e-03 2.409872315034888336e-03 -2.545116167485434421e-03 -7.020177407985780417e-03
5.950000000000002842e+00 8.190794287896140460e-03 6.782023634847122659e-03 5.440173938322493026e-03 3.318084285045757621e-03 -1.645532859738448733e-03 -6.130151559672713038e-03
5.966666666666668561e+00 9.153776133602527232e-03 7.738610700452559603e-03 6.382911999601738849e-03 4.289621176840742109e-03 -6.922589820265445670e-04 -5.199363646298353625e-03
5.983333333333334281e+00 1.018457877040136565e-02 8.754144592570876210e-03 7.389133449732320814e-03 5.293493135756555980e-03 3.134686469801296958e-04 -4.193996966606068806e-03
6.000000000000000000e+00 1.124824555480899262e-02 9.807219622742469403e-03 8.469238886990394788e-03 6.370870677964638254e-03 1.358992048238643604e-03 -3.162692923194753217e-03
6.016666666666665719e+00 1.237626081527156384e-02 1.092845159696196299e-02 9.580818155720066676e-03 7.494505178634465990e-03 2.447621068921621533e-03 -2.074575662213884366e-03
6.033333333333331439e+00 1.355906684707281623e-02 1.209593104370905621e-02 1.074572633944142347e-02 8.656537273715838796e-03 3.603552983277242498e-03 -9.241377225173785055e-04
6.049999999999997158e+00 1.477393895519484718e-02 1.330079081483830951e-02 1.197790918733989025e-02 9.857874381554346255e-03 4.802993173018879798e-03 2.487782303799488510e-04
6.066666666666669983e+00 1.606084418785990592e-02 1.458280783460058454e-02 1.323861973799059233e-02 1.112197342015038004e-02 6.057343598184908480e-03 1.480535337884085348e-03
6.083333333333335702e+00 1.737694148436259856e-02 1.589978756620325992e-02 1.455298575923627200e-02 1.246275719746231352e-02 7.344441972166688461e-03 2.775347874013409880e-03
6.100000000000001421e+00 1.875292061393748350e-02 1.725082453143679528e-02 1.591746898733432947e-02 1.382118778239123207e-02 8.696844223677164046e-03 4.109189467747835327e-03
6.116666666666667140e+00 2.016911056524240201e-02 1.863702938942286141e-02 1.733174167341840557e-02 1.523009977038068501e-02 1.009050065205413689e-02 5.453230201246568772e-03
6.133333333333332860e+00 2.164077840281268886e-02 2.011116041155132025e-02 1.876851160729505613e-02 1.667368826155645606e-02 1.150735121158808286e-02 6.892054830754557916e-03
6.149999999999998579e+00 2.315570864591754915e-02 2.162475315774785301e-02 2.025683664389774097e-02 1.817907826553545603e-02 1.299701478072679169e-02 8.355428328571345292e-03
6.166666666666664298e+00 2.469918921710870935e-02 2.313622582483080073e-02 2.185550841190665033e-02 1.973703287088559438e-02 1.451983026124596156e-02 9.853415578154915352e-03
6.183333333333330017e+00 2.632309678795527810e-02 2.474438655307019744e-02 2.344592274487377476e-02 2.131781901871995788e-02 1.610443681670993207e-02 1.141314554496280186e-02
6.200000000000002842e+00 2.795694725986996865e-02 2.638610068634267627e-02 2.506040398010366335e-02 2.297970032714136829e-02 1.771271904843765496e-02 1.300795893001377782e-02
6.216666666666668561e+00 2.965390644874671758e-02 2.805437061840251531e-02 2.676643436768488468e-02 2.464238122722463287e-02 1.934453916485929723e-02 1.465964883307621300e-02
6.233333333333334281e+00 3.140213031051863890e-02 2.976602790810764856e-02 2.848001694264277669e-02 2.635281136165794000e-02 2.107222035117048420e-02 1.631574655436213855e-02
6.250000000000000000e+00 3.316975734695418870e-02 3.156721692968344345e-02 3.026463627255241567e-02 2.815596712089892331e-02 2.283226892112341991e-02 1.805112652906898374e-02
6.266666666666665719e+00 3.499231282503794532e-02 3.337500161429460266e-02 3.208483329658382704e-02 2.995651181066174770e-02 2.460816773665465765e-02 1.983943250439650779e-02
6.283333333333331439e+00 3.685965257742972179e-02 3.519483576519289586e-02 3.392530467822638812e-02 3.181212270442815987e-02 2.643377353082942624e-02 2.163528109765987598e-02
6.299999999999997158e+00 3.876488757875588831e-02 3.709959071960817339e-02 3.583336243774948304e-02 3.370653284653474246e-02 2.830946463120333559e-02 2.347103105051292701e-02
6.316666666666669983e+00 4.071242666860176718e-02 3.901658950663332986e-02 3.775238796824138127e-02 3.561405302518266119e-02 3.018526288251136697e-02 2.535017808732205682e-02
6.333333333333335702e+00 4.265569656136377480e-02 4.097097443066507333e-02 3.969942515931218496e-02 3.758192416975707911e-02 3.210526334554183320e-02 2.727612711717507937e-02
6.350000000000001421e+00 4.464435623311045764e-02 4.294843488374166379e-02 4.167082758940183346e-02 3.955328987443260808e-02 3.408247523102041904e-02 2.919636906590477102e-02
6.366666666666667140e+00 4.670096786784422305e-02 4.495248689615077842e-02 4.370653345955116675e-02 4.155139694888113078e-02 3.607083215030478657e-02 3.114962258568735806e-02
6.383333333333332860e+00 4.875549029343789059e-02 4.698983029989525079e-02 4.576219610488196227e-02 4.360957698263251414e-02 3.808064121463639040e-02 3.312878177422475673e-02
6.399999999999998579e+00 5.079841212866873651e-02 4.904932594687183567e-02 4.777495775183791121e-02 4.566460372215196128e-02 4.009922037907179965e-02 3.516596304348039437e-02
6.416666666666664298e+00 5.290062549564752276e-02 5.113093464217691175e-02 4.986107784659716408e-02 4.774774320786873832e-02 4.213271742410765880e-02 3.718107584948183303e-02
6.433333333333330017e+00 5.504081494759919396e-02 5.321830740754079220e-02 5.200377919232074958e-02 4.985736938225594772e-02 4.421982973574697939e-02 3.921569267928037145e-02
6.450000000000002842e+00 5.715370536317580796e-02 5.536034253240325331e-02 5.411522308829896238e-02 5.197441382936752313e-02 4.636410834075281595e-02 4.133681873060770368e-02
6.466666666666668561e+00 5.933863371078262894e-02 5.753779226119660334e-02 5.629943992792584700e-02 5.414373112290551265e-02 4.852780297853202807e-02 4.344035883687771826e-02
6.483333333333334281e+00 6.154870508910171428e-02 5.972256900553239017e-02 5.848960069829627767e-02 5.635215684532785679e-02 5.061744764202211894e-02 4.558015250764661103e-02
6.500000000000000000e+00 6.377253979524638572e-02 6.194132210068534206e-02 6.067504315974499296e-02 5.857213868242520244e-02 5.279592278386203985e-02 4.774407089051740244e-02
6.516666666666665719e+00 6.603872443977441831e-02 6.415838934580829489e-02 6.294856155872512182e-02 6.077707188310799841e-02 5.504556518925787095e-02 4.991500269022366293e-02
6.533333333333331439e+00 6.831073779523033629e-02 6.641620424966311609e-02 6.520381241668699035e-02 6.305160012251008472e-02 5.726790878910529431e-02 5.212618928274945912e-02
6.549999999999997158e+00 7.060550212000643588e-02 6.866769195358697619e-02 6.745479568090678724e-02 6.533962897272344028e-02 5.952260502288637262e-02 5.433718119197299135e-02
6.566666666666669983e+00 7.281877484451455829e-02 7.089723445884452135e-02 6.969186710786730299e-02 6.756962489156659313e-02 6.173208638686762673e-02 5.657889294826976001e-02
6.583333333333335702e+00 7.503633040259759246e-02 7.315430626351550336e-02 7.191730308566794683e-02 6.978622406405494971e-02 6.391097718037404285e-02 5.874414978638933110e-02
6.600000000000001421e+00 7.733222738250143669e-02 7.537187815875853736e-02 7.418977266630090439e-02 7.204562934007217867e-02 6.615079813444835199e-02 6.091127425523198274e-02
6.616666666666667140e+00 7.962026494722038161e-02 7.765055546769633610e-02 7.646931386111043005e-02 7.433776817606543852e-02 6.844466435389719161e-02 6.314617014042669951e-02
6.633333333333332860e+00 8.193127277887327087e-02 7.997616965033552128e-02 7.876739216480387051e-02 7.661411286419786415e-02 7.073137546734066528e-02 6.538049793869890602e-02
6.649999999999998579e+00 8.430367386780172889e-02 8.230767418610947239e-02 8.109717515601104487e-02 7.896261526080275428e-02 7.301198149940731075e-02 6.769643383930221137e-02
6.666666666666664298e+00 8.669125214859008111e-02 8.470667806831050362e-02 8.347441115298175063e-02 8.139178820923241575e-02 7.538261048055507063e-02 7.002773639542908546e-02
6.683333333333330017e+00 8.912062184966601519e-02 8.709274804345906729e-02 8.592456151448620016e-02 8.378457776410054569e-02 7.778807820145103302e-02 7.239115807648728584e-02
6.700000000000002842e+00 9.154203516568008847e-02 8.950825305193255144e-02 8.838826238525075707e-02 8.620541061396172489e-02 8.020929266234841370e-02 7.478310877700200532e-02
6.716666666666668561e+00 9.404250720606270597e-02 9.197867226482035752e-02 9.080720652633131329e-02 8.871627786912046620e-02 8.266428685067241100e-02 7.718034610490979996e-02
6.733333333333334281e+00 9.654368176738840901e-02 9.447907989658300976e-02 9.327761170530794732e-02 9.115302081762087505e-02 8.509930775410846915e-02 7.963781500535421776e-02
6.750000000000000000e+00 9.904476913635766600e-02 9.699083620744744505e-02 9.581858590278170829e-02 9.362696298345996038e-02 8.756113975992174669e-02 8.208497828279075204e-02
6.766666666666665719e+00 1.016225517867362926e-01 9.947879281382386585e-02 9.828436195477649462e-02 9.619996432408206566e-02 9.008502114429446650e-02 8.456536578721178532e-02
6.783333333333331439e+00 1.041550721355434944e-01 1.020380235100421529e-01 1.007881665556659423e-01 9.873290187389313632e-02 9.258087996833028188e-02 8.701180670049282750e-02
6.799999999999997158e+00 1.066913784283780725e-01 1.045407171917943079e-01 1.034059577779536943e-01 1.012834075860893357e-01 9.512771517226702167e-02 8.952038506331529144e-02
6.816666666666669983e+00 1.092863094532088852e-01 1.070976680236552792e-01 1.059904352848076992e-01 1.039045654892625237e-01 9.769373161343096468e-02 9.212069713818436811e-02
6.833333333333335702e+00 1.118989363551141925e-01 1.097598870432464624e-01 1.085725076361474112e-01 1.064520654205650119e-01 1.002536885716109882e-01 9.462650183660804848e-02
6.850000000000001421e+00 1.139271685977234494e-01 1.117499339312544721e-01 1.105808274800134383e-01 1.084220673951851593e-01 1.022153196172479045e-01 9.654296091121840340e-02
6.866666666666667140e+00 1.141498882452254282e-01 1.119580669524713051e-01 1.107865896468553657e-01 1.086520217330131516e-01 1.024469770872090402e-01 9.673851126983552817e-02
6.883333333333332860e+00 1.117973580930227834e-01 1.096067892571434554e-01 1.083954286570028014e-01 1.061818760210821305e-01 1.000761012024362906e-01 9.429564377648640139e-02
6.899999999999998579e+00 1.062092343357032703e-01 1.041470346878407560e-01 1.026670915136192325e-01 1.005117452278545126e-01 9.444467295470274082e-02 8.877493510771382323e-02
6.916666666666664298e+00 9.917418008513116667e-02 9.704942492252822961e-02 9.569901029884994581e-02 9.345276759156079249e-02 8.746965426013904310e-02 8.181604810106372916e-02
6.933333333333330017e+00 9.042457871463790986e-02 8.791449227450436055e-02 8.677205870398814469e-02 8.437998247542147223e-02 7.849031200354242288e-02 7.288245042230750981e-02
6.950000000000002842e+00 8.166614212514325399e-02 7.936922116569898600e-02 7.809585278664007979e-02 7.595260809552438486e-02 7.009608484656634775e-02 6.447984841657154742e-02
6.966666666666668561e+00 7.443392836018881964e-02 7.240379888783282647e-02 7.098048239483879807e-02 6.893565838872364737e-02 6.307928741707352627e-02 5.771143879773589502e-02
6.983333333333334281e+00 6.894177876033499852e-02 6.683301571813288211e-02 6.549206063612256212e-02 6.346962245677939540e-02 5.761958019006234444e-02 5.245240717997060736e-02
7.000000000000000000e+00 6.454781294649829249e-02 6.245382891936679393e-02 6.113852639934692218e-02 5.913386110851406169e-02 5.348680402495274711e-02 4.825572761224262985e-02
7.016666666666665719e+00 6.096071893142214482e-02 5.896123395032724923e-02 5.767933061277667750e-02 5.557543765930586521e-02 4.998465635895012193e-02 4.487182188544684008e-02
7.033333333333331439e+00 5.776083258867681369e-02 5.584462537926243586e-02 5.457176954595237273e-02 5.247955095422447702e-02 4.687256742221294209e-02 4.184587663454622519e-02
7.049999999999997158e+00 5.474452943073316452e-02 5.289406957706156015e-02 5.162825960158827499e-02 4.956066992721019221e-02 4.394944810872900703e-02 3.893947038548865869e-02
7.066666666666669983e+00 5.193751175540059495e-02 5.015270845967402524e-02 4.887399723322457396e-02 4.682316321042766238e-02 4.132220271808869499e-02 3.625376300979539501e-02
7.083333333333335702e+00 4.946644337327450042e-02 4.767607383037240215e-02 4.638309232756208933e-02 4.432820029027090269e-02 3.896754482474408532e-02 3.384952400697074926e-02
7.100000000000001421e+00 4.715022036295771907e-02 4.535969512801291820e-02 4.411254296059484437e-02 4.203481587066502240e-02 3.670442247388668727e-02 3.168852504766771910e-02
7.116666666666667140e+00 4.492689726769218822e-02 4.322044980849366891e-02 4.195662262558318145e-02 3.992258466024987962e-02 3.449739257362079842e-02 2.960910648644678872e-02
7.133333333333332860e+00 4.296240243552537641e-02 4.122233261183832348e-02 3.995324420882652439e-02 3.793251942507772784e-02 3.254492416333678445e-02 2.761328298364362430e-02
7.149999999999998579e+00 4.112569131841030401e-02 3.938134282598695912e-02 3.814598574941701487e-02 3.609044139146320301e-02 3.077928156087262473e-02 2.585577225099414123e-02
7.166666666666664298e+00 3.938727351297220680e-02 3.766031410398253815e-02 3.642221972003104741e-02 3.436902599598246760e-02 2.906773561631895153e-02 2.419876682540672563e-02
7.183333333333330017e+00 3.774239092473941071e-02 3.601224743740694123e-02 3.478271724913979679e-02 3.273734748962104507e-02 2.748758405649287181e-02 2.258639168477202461e-02
7.200000000000002842e+00 3.621031295814427370e-02 3.450055054041949176e-02 3.325135473834014282e-02 3.120336371718564553e-02 2.598755955314361113e-02 2.110611326549918093e-02
7.216666666666668561e+00 3.473635061440930039e-02 3.308376431354100033e-02 3.181491535037549861e-02 2.973742649241758670e-02 2.455580339183442359e-02 1.971339219381856162e-02
7.233333333333334281e+00 3.333976070328792396e-02 3.177225354126456819e-02 3.045408591823996550e-02 2.841207968581171625e-02 2.318062068502960843e-02 1.838095329272263628e-02
7.250000000000000000e+00 3.207919894401935201e-02 3.052649911327155741e-02 2.916074197193596618e-02 2.719333959158550668e-02 2.189595336270349149e-02 1.713140848447057552e-02
7.266666666666665719e+00 3.084678285013631865e-02 2.929705732493288403e-02 2.795403662032111547e-02 2.602308876765336079e-02 2.069289934950689289e-02 1.592668311552354957e-02
7.283333333333331439e+00 2.967259020975745315e-02 2.810047826441823549e-02 2.678732689574334427e-02 2.488675920649072865e-02 1.955502910280532483e-02 1.479288817781002768e-02
7.299999999999997158e+00 2.860718700981723303e-02 2.699980960459702831e-02 2.565298994739501071e-02 2.376583852167303557e-02 1.847074575904394250e-02 1.374942803927117763e-02
7.316666666666669983e+00 2.762068172299064067e-02 2.596906159991626759e-02 2.460250912721761649e-02 2.265435442974893590e-02 1.744815462098072562e-02 1.271601775932483351e-02
7.333333333333335702e+00 2.664049637441435678e-02 2.500310595164354291e-02 2.365875860954522528e-02 2.164267604368394146e-02 1.648052292975735189e-02 1.175494417168493691e-02
7.350000000000001421e+00 2.567177677708040034e-02 2.408647317068889765e-02 2.270102392492543905e-02 2.072594266371032348e-02 1.553801390474323502e-02 1.085220979211652843e-02
7.366666666666667140e+00 2.474034803331062043e-02 2.318831968699552187e-02 2.179435089568387135e-02 1.984232423169199344e-02 1.463193947423205125e-02 9.954535410930628533e-03
7.383333333333332860e+00 2.389136045997635599e-02 2.232353774404180133e-02 2.094444011976730191e-02 1.896770585850040755e-02 1.382284603613057744e-02 9.115384294183754427e-03
7.399999999999998579e+00 2.304276651345585000e-02 2.148324964366093645e-02 2.011780008671440120e-02 1.814405942997408816e-02 1.302900594437829927e-02 8.360679012170170454e-03
7.416666666666664298e+00 2.221660273909169606e-02 2.068677203936045844e-02 1.933281863737736431e-02 1.739478273731581356e-02 1.224061924863642861e-02 7.616395345461991241e-03
7.433333333333330017e+00 2.146723472885780568e-02 1.992448048920595488e-02 1.858234513667929647e-02 1.666754401869578045e-02 1.149585432080943957e-02 6.854148692588800558e-03
7.450000000000002842e+00 2.074222274422665019e-02 1.917570036660500021e-02 1.786824880686282979e-02 1.594921541663489595e-02 1.078914463731957263e-02 6.176651225056040660e-03
7.466666666666668561e+00 2.004057409363685718e-02 1.848715205609597484e-02 1.717488637258969206e-02 1.525036879145795499e-02 1.009950766396602688e-02 5.524616739758217779e-03
7.483333333333334281e+00 1.936502675496737727e-02 1.786064533360802800e-02 1.652787699235573615e-02 1.457404812761658314e-02 9.454366322400700393e-03 4.861248798168175088e-03
7.500000000000000000e+00 1.872406258200991561e-02 1.724715280051949962e-02 1.588560020904446549e-02 1.394947090917210766e-02 8.831846290074966618e-03 4.237385362737208956e-03
7.516666666666665719e+00 1.810809994947919568e-02 1.665370579125118392e-02 1.528878635188838167e-02 1.335165714946440034e-02 8.236828332143729045e-03 3.643593700514346275e-03
7.533333333333331439e+00 1.753097365193618043e-02 1.608600958214477170e-02 1.472851160081090245e-02 1.275854699094749328e-02 7.666650168777389314e-03 3.073331519786678002e-03
7.549999999999997158e+00 1.697238979547127657e-02 1.552863356475448452e-02 1.416765423359132685e-02 1.219238248121692902e-02 7.118663353689095273e-03 2.531443750045673548e-03
7.566666666666669983e+00 1.643322371640899490e-02 1.498878738082153744e-02 1.365860904184000753e-02 1.163980126685426608e-02 6.596425392908362474e-03 2.017431029335928303e-03
7.583333333333335702e+00 1.591639757168404612e-02 1.445591116325459571e-02 1.317014979085755037e-02 1.110157835206438889e-02 6.077474254674124915e-03 1.520686284410860791e-03
7.600000000000001421e+00 1.542958767128769192e-02 1.394612674953518358e-02 1.267513566355097515e-02 1.060071347658187585e-02 5.598370268363283067e-03 1.048632458571232282e-03
7.616666666666667140e+00 1.498330491847510784e-02 1.346513918177585575e-02 1.221723407998058682e-02 1.017504153443694360e-02 5.175398452371506898e-03 6.291006637118132152e-04
7.633333333333332860e+00 1.459150845077145098e-02 1.308138958998304041e-02 1.180687778582732370e-02 9.793489791749869500e-03 4.803415325011234187e-03 2.667694533372013082e-04
7.649999999999998579e+00 1.426927519465327580e-02 1.277864883350820699e-02 1.147085789570424612e-02 9.463637526007710049e-03 4.487011805812659605e-03 -4.697195078891513694e-05
7.666666666666664298e+00 1.399937348005235969e-02 1.249484907441181583e-02 1.120711614028793539e-02 9.190988991368801916e-03 4.217740548210106855e-03 -3.222981116548634655e-04
7.683333333333330017e+00 1.374945939233875383e-02 1.225085946650386788e-02 1.096724070893613859e-02 8.944146745755233649e-03 3.967433053764988365e-03 -5.679085514225680866e-04
7.700000000000002842e+00 1.348452279374870097e-02 1.200131110546674533e-02 1.070531151668848401e-02 8.678394314375410118e-03 3.704447229683841859e-03 -8.283469006166808285e-04
7.716666666666668561e+00 1.316889863565953202e-02 1.170188084332819158e-02 1.038541012826760604e-02 8.366998372367187922e-03 3.404574781467066893e-03 -1.125405594461872417e-03
7.733333333333334281e+00 1.280132474708396174e-02 1.134388438097358280e-02 1.001439714827993127e-02 7.997476010055043494e-03 3.066894977005486626e-03 -1.484917155102372880e-03
7.750000000000000000e+00 1.239176299876377542e-02 1.094228414861924716e-02 9.620454074114990692e-03 7.587896948077842152e-03 2.676780124079469921e-03 -1.886088088793650992e-03
7.766666666666665719e+00 1.198220882395287581e-02 1.054262364073288785e-02 9.230431463709489956e-03 7.178500996868958893e-03 2.274737107417617102e-03 -2.281865291375752194e-03
7.783333333333331439e+00 1.166332290905225215e-02 1.021506092214510136e-02 8.912408889400961001e-03 6.862948675846287580e-03 1.954842692163307177e-03 -2.591647936844534983e-03
7.799999999999997158e+00 1.150338117439317180e-02 1.003649916027021978e-02 8.734211894495219619e-03 6.708679636579514306e-03 1.773755566257801839e-03 -2.744307057842278359e-03
7.816666666666669983e+00 1.149642038731989863e-02 1.002015622965603606e-02 8.715330860694935761e-03 6.704230757638732392e-03 1.757256966879651222e-03 -2.749272208879482374e-03
7.833333333333335702e+00 1.163554852194797172e-02 1.015587438144446158e-02 8.845398652171376774e-03 6.843914561776360227e-03 1.904849079780256095e-03 -2.613520977327645281e-03
7.850000000000001421e+00 1.188673671275453612e-02 1.039622207246160800e-02 9.095205069976422529e-03 7.088522262185865778e-03 2.139154552781742571e-03 -2.371734920797968164e-03
7.866666666666667140e+00 1.220954483452034965e-02 1.071846870404538979e-02 9.416228607516537522e-03 7.407489954805500029e-03 2.443489668632859227e-03 -2.068462111690872775e-03
7.883333333333332860e+00 1.257258567854644717e-02 1.108054106720948728e-02 9.788900759562894904e-03 7.776456901431526812e-03 2.805158966776018486e-03 -1.708523711886395739e-03
7.899999999999998579e+00 1.297464681859118729e-02 1.147457938756952026e-02 1.020135685328737128e-02 8.189421816096782714e-03 3.211453311352308916e-03 -1.308749524379487859e-03
7.916666666666664298e+00 1.342675026238258386e-02 1.191812151798734773e-02 1.063923479551712355e-02 8.623777272476467609e-03 3.660143006668889649e-03 -8.679066538053165211e-04
7.933333333333330017e+00 1.393898442132679959e-02 1.242059912746372626e-02 1.112873253855490956e-02 9.117341902111648563e-03 4.146922664237625775e-03 -3.832548584126896449e-04
7.950000000000002842e+00 1.448548795663775687e-02 1.296751995867564781e-02 1.166971457893675214e-02 9.649132805866421705e-03 4.654621158544635165e-03 1.319786399842423207e-04
7.966666666666668561e+00 1.504903058455910048e-02 1.353065603859111322e-02 1.224737548124800804e-02 1.020264268466948912e-02 5.197103782619601729e-03 6.657051849686837584e-04
7.983333333333334281e+00 1.564379473362717890e-02 1.411101317549267112e-02 1.283228811901528793e-02 1.079807638433707279e-02 5.762917226544751921e-03 1.220004454146026785e-03
8.000000000000000000e+00 1.626130833471311002e-02 1.472573703634541542e-02 1.344821484872237884e-02 1.142161284715108305e-02 6.357221892053378787e-03 1.802080265920030745e-03
8.016666666666665719e+00 1.687085315764045440e-02 1.534136011636621014e-02 1.406810560318342944e-02 1.201998781085947786e-02 6.946698322365205125e-03 2.384402056576443493e-03
8.033333333333331439e+00 1.743964560855988666e-02 1.590668562840796482e-02 1.463334457510234200e-02 1.258418791906082239e-02 7.501004917172263836e-03 2.922736142947649374e-03
8.049999999999997158e+00 1.792897058501529556e-02 1.639283988116926188e-02 1.511852882282515437e-02 1.307904165524439478e-02 7.995535632745392335e-03 3.396145868178255135e-03
8.066666666666669983e+00 1.831923634807532467e-02 1.678863300112129822e-02 1.551120638676190683e-02 1.346879829211274256e-02 8.390087259325319097e-03 3.775135809418442203e-03
8.083333333333335702e+00 1.863065410190074128e-02 1.709887935591988123e-02 1.581682209600761280e-02 1.377320956007737837e-02 8.688891684106440569e-03 4.080467741110050880e-03
8.100000000000001421e+00 1.882050013823673151e-02 1.728166280085865689e-02 1.600211665882579973e-02 1.395845264924184918e-02 8.874292693515003008e-03 4.264226890568051029e-03
8.116666666666667140e+00 1.879127894519333833e-02 1.725311368774628401e-02 1.597524107135782356e-02 1.392458926333037771e-02 8.836867670596465496e-03 4.250284425972936618e-03
8.133333333333332860e+00 1.844314277690404028e-02 1.688843101815747788e-02 1.561700385085898653e-02 1.356958095021260774e-02 8.486585970178270669e-03 3.910988438341616268e-03
8.149999999999998579e+00 1.770049716654039165e-02 1.619254119343587969e-02 1.490337102358520530e-02 1.283471176228540879e-02 7.746677641065808501e-03 3.134262259237541662e-03
8.166666666666664298e+00 1.663394930223583215e-02 1.511431633902076722e-02 1.381229596885957291e-02 1.170358128516348246e-02 6.680193799836196475e-03 2.070860547239087700e-03
8.183333333333330017e+00 1.537377978977766402e-02 1.386543923837645943e-02 1.254369178317174711e-02 1.047662968698296650e-02 5.446481937569633454e-03 8.662857546646271804e-04
8.200000000000002842e+00 1.416494938822677151e-02 1.266349370283635645e-02 1.135313740735656961e-02 9.281050111522075319e-03 4.308802997088440924e-03 -2.721052352765283735e-04
8.216666666666668561e+00 1.314176313914589694e-02 1.165530038985981495e-02 1.034770503179026878e-02 8.283457770738918147e-03 3.317038663363628802e-03 -1.245447604979220153e-03
8.233333333333334281e+00 1.234280210710533669e-02 1.086669547394277999e-02 9.552669361416785132e-03 7.498972394143149124e-03 2.527487704173307041e-03 -2.003030299320171341e-03
8.250000000000000000e+00 1.172647265288791207e-02 1.025862125041392472e-02 8.949051360553697543e-03 6.900967372294656080e-03 1.936365408447038349e-03 -2.588931891361725360e-03
8.266666666666665719e+00 1.122336549609190444e-02 9.759546390055979723e-03 8.451006641723010290e-03 6.402850796524658591e-03 1.449199325503470288e-03 -3.070725759794551771e-03
8.283333333333331439e+00 1.077414197268190127e-02 9.316728462547921655e-03 7.998689760547459879e-03 5.944648861362362806e-03 1.001482277130644324e-03 -3.510261776295690687e-03
8.299999999999997158e+00 1.034454504983561493e-02 8.887075322869506661e-03 7.567681712639597220e-03 5.519266437068042451e-03 5.726162813410616342e-04 -3.928250703901484293e-03
8.316666666666669983e+00 9.932396522583852513e-03 8.466765480728787735e-03 7.157804984864519181e-03 5.107875385618703204e-03 1.846654088507488647e-04 -4.321871343817489802e-03
8.333333333333335702e+00 9.550073854843287371e-03 8.096529245839808459e-03 6.782190262500055120e-03 4.726051282859505126e-03 -1.841009769768565951e-04 -4.683151029262881161e-03
8.350000000000001421e+00 9.200515737452888074e-03 7.751979017500179245e-03 6.431537910547758044e-03 4.387489537417934432e-03 -5.326198911403958684e-04 -5.022365095363192158e-03
8.366666666666667140e+00 8.860944180489192107e-03 7.423177837302604408e-03 6.103669003655652105e-03 4.062456970945722140e-03 -8.599074549626554726e-04 -5.344239044443002858e-03
8.383333333333332860e+00 8.548246210679504020e-03 7.111841305794052229e-03 5.790142989807116336e-03 3.740348105621655195e-03 -1.171320017401621377e-03 -5.646006465723977033e-03
8.399999999999998579e+00 8.254263462263147430e-03 6.816968460989437234e-03 5.505073633640673869e-03 3.438649796363295839e-03 -1.454842320562979401e-03 -5.930631142481189617e-03
8.416666666666664298e+00 7.968703968905293394e-03 6.541600893013973378e-03 5.226368369524198899e-03 3.164548622400648915e-03 -1.733391527023522187e-03 -6.207878363050455157e-03
8.433333333333330017e+00 7.693877602971919798e-03 6.277207108960572261e-03 4.954134755597289393e-03 2.900638444948709042e-03 -1.997053856249767639e-03 -6.466293473030484268e-03
8.450000000000002842e+00 7.437879731856794456e-03 6.022959484638472187e-03 4.699079024049746672e-03 2.648749384317098266e-03 -2.243602915735649558e-03 -6.711973475927115844e-03
8.466666666666668561e+00 7.203635703359127784e-03 5.780195306597023935e-03 4.457186332017635741e-03 2.406403738692212534e-03 -2.485590728606329979e-03 -6.947858231941318047e-03
8.483333333333334281e+00 6.973112078324859679e-03 5.543678939363670850e-03 4.224515988982639574e-03 2.174940494081613069e-03 -2.712380180865873406e-03 -7.173412705051973939e-03
8.500000000000000000e+00 6.747136456681446931e-03 5.321882064224730570e-03 3.999662389970559499e-03 1.950386678832259201e-03 -2.929496617007541596e-03 -7.386726042823680075e-03
8.516666666666665719e+00 6.534388667849958844e-03 5.118112710601385208e-03 3.793192915944924425e-03 1.742611925874089449e-03 -3.134046456570373229e-03 -7.585626130211749196e-03
8.533333333333331439e+00 6.348171675742764371e-03 4.934240746125950414e-03 3.613361241150150893e-03 1.558461228559230487e-03 -3.315243117484043163e-03 -7.766006722358744646e-03
8.549999999999997158e+00 6.197333015817895786e-03 4.782492912228542871e-03 3.462367181370509372e-03 1.404225250138895322e-03 -3.466276936603637001e-03 -7.916601187858829727e-03
8.566666666666669983e+00 6.074567631384661034e-03 4.661213637142735261e-03 3.336127244302496998e-03 1.285200276331351045e-03 -3.587754355798651248e-03 -8.037187586423298266e-03
8.583333333333335702e+00 5.979431604077900010e-03 4.565266754875535460e-03 3.240375244635109678e-03 1.191180010703338189e-03 -3.681529366198312350e-03 -8.128165942607758904e-03
8.600000000000001421e+00 5.905274616078400388e-03 4.489508170314317030e-03 3.166710160242151677e-03 1.114263473137200311e-03 -3.755537021226093564e-03 -8.200642438179181481e-03
8.616666666666667140e+00 5.835447245763222823e-03 4.421184511176503781e-03 3.096235518249904495e-03 1.043762476250999086e-03 -3.824305220410674586e-03 -8.267983003108866913e-03
8.633333333333332860e+00 5.764720963546501355e-03 4.352208003863437986e-03 3.026111390962751922e-03 9.711581082613772540e-04 -3.894673517036731109e-03 -8.335720188532215469e-03
8.649999999999998579e+00 5.691422283287729880e-03 4.279796995547619810e-03 2.952990578056111613e-03 8.960457778601449387e-04 -3.967469178460915694e-03 -8.407260153920705775e-03
8.666666666666664298e+00 5.615484373252896053e-03 4.204791461059345474e-03 2.876829729291377306e-03 8.206762651469874832e-04 -4.041883629461472983e-03 -8.483075416493689874e-03
8.683333333333330017e+00 5.532238908621039605e-03 4.122719813730185180e-03 2.794075188280200923e-03 7.373793392142675984e-04 -4.123607877386512889e-03 -8.565078210193121863e-03
8.700000000000002842e+00 5.431905723046508844e-03 4.024713534610806220e-03 2.695199781117900515e-03 6.385955834888612254e-04 -4.222699651951099774e-03 -8.662423101313404539e-03
8.716666666666668561e+00 5.305557673121792488e-03 3.899344122193288374e-03 2.568714449926594399e-03 5.109771867674279362e-04 -4.348679548529388837e-03 -8.787369602878137773e-03
8.733333333333334281e+00 5.148229884684812213e-03 3.745224965217102114e-03 2.413375179551592500e-03 3.544247931694115999e-04 -4.503265844791827857e-03 -8.942319281768669817e-03
8.750000000000000000e+00 4.963307855161525062e-03 3.562385031167875516e-03 2.229806545595072569e-03 1.698202904610953854e-04 -4.685069255366798927e-03 -9.122239936292861687e-03
8.766666666666665719e+00 4.770446246931267335e-03 3.373215642713187513e-03 2.040574263067909764e-03 -2.347759162790638001e-05 -4.874674030021613515e-03 -9.310701095714557160e-03
8.783333333333331439e+00 4.597342352083107382e-03 3.201313471380418541e-03 1.867288818473923770e-03 -1.956168942663377849e-04 -5.043776510112858887e-03 -9.478413837457655075e-03
8.799999999999997158e+00 4.464725995660215850e-03 3.070428704199136549e-03 1.735860792011506169e-03 -3.272605174920735060e-04 -5.173896895553801133e-03 -9.606852455570530011e-03
8.816666666666669983e+00 4.375679501925570924e-03 2.982914291156855708e-03 1.648283046976964589e-03 -4.151777596799509167e-04 -5.262232922660466626e-03 -9.693197155930598913e-03
8.833333333333335702e+00 4.325627791374997942e-03 2.932687066199675743e-03 1.598248589065095126e-03 -4.649538213809053947e-04 -5.311793692055839268e-03 -9.741861888230335734e-03
8.850000000000001421e+00 4.357728101757016824e-03 2.962098761383604850e-03 1.628374887444713343e-03 -4.296588627732690862e-04 -5.278351921118264699e-03 -9.707622199607430363e-03
8.866666666666667140e+00 4.579646788344368669e-03 3.188105501442953238e-03 1.835534019718672218e-03 -2.180055055810042647e-04 -5.063522745630490499e-03 -9.494839726728326532e-03
8.883333333333332860e+00 5.056027939176979506e-03 3.646260113513715914e-03 2.293565615383004117e-03 2.798168881291406029e-04 -4.565715099016514310e-03 -8.995214583266356728e-03
8.899999999999998579e+00 5.806627704321242790e-03 4.388245397823322715e-03 3.018504133639736409e-03 9.970484623696997638e-04 -3.853229520001136884e-03 -8.270227513889373550e-03
8.916666666666664298e+00 6.920609894397620511e-03 5.476819912910186640e-03 4.103054586425586986e-03 2.052569379761593014e-03 -2.836215031969984823e-03 -7.275327085140953151e-03
8.933333333333330017e+00 8.221569529590366104e-03 6.756292556330165643e-03 5.401091512756089549e-03 3.367576047024035003e-03 -1.587360124991401677e-03 -6.052508965015385156e-03
8.950000000000002842e+00 9.595263691095682126e-03 8.148890688161264731e-03 6.803721857286812273e-03 4.764438546202499208e-03 -2.320078108041523910e-04 -4.749405623105582702e-03
8.966666666666668561e+00 1.101127615082765805e-02 9.551590643227424876e-03 8.215253017094905838e-03 6.161462557262946220e-03 1.181781557414726593e-03 -3.352643875555213170e-03
8.983333333333334281e+00 1.241034364811423318e-02 1.093080409267152033e-02 9.635275890117100256e-03 7.560584955415936004e-03 2.568157852239700417e-03 -1.965637523373729885e-03
9.000000000000000000e+00 1.386037633334812579e-02 1.237636458702031685e-02 1.105306469949858192e-02 8.991679899192389636e-03 3.979636627984822067e-03 -5.511902994298977735e-04
9.016666666666665719e+00 1.523384164504951697e-02 1.373951485713939373e-02 1.242927574758392537e-02 1.036705934694167643e-02 5.318876152093837684e-03 7.720079648499049516e-04
9.033333333333331439e+00 1.635821756365872862e-02 1.486646487629797453e-02 1.356429710756180615e-02 1.148700111044704229e-02 6.432114707197588745e-03 1.875849088054099131e-03
9.049999999999997158e+00 1.711753163964699342e-02 1.561658531017437457e-02 1.430568039145793668e-02 1.223404267455711729e-02 7.173231156295351192e-03 2.610260313899217914e-03
9.066666666666669983e+00 1.744202436661046116e-02 1.594431451089442162e-02 1.462814620163145098e-02 1.256850638172426517e-02 7.487727913560167196e-03 2.924648240411833848e-03
9.083333333333335702e+00 1.743658470424543777e-02 1.593389262514362595e-02 1.462208803253541543e-02 1.255175879181964424e-02 7.481040556843727811e-03 2.933006645627740661e-03
9.100000000000001421e+00 1.720525132563138423e-02 1.568534009723073636e-02 1.441133975627639785e-02 1.227529538404941237e-02 7.269009827429236126e-03 2.734345304073109145e-03
9.116666666666667140e+00 1.690849047255719648e-02 1.538347441370761966e-02 1.412328783322030698e-02 1.199809361110824694e-02 6.974348957853365207e-03 2.499533841586268519e-03
9.133333333333332860e+00 1.670830257107645128e-02 1.520614498770704245e-02 1.391532070836105743e-02 1.181109680627037868e-02 6.766978699015990806e-03 2.299332362157386397e-03
9.149999999999998579e+00 1.668448453281818830e-02 1.520098743552166821e-02 1.388769303450561841e-02 1.177645125645121298e-02 6.737396799297669381e-03 2.208936570596365615e-03
9.166666666666664298e+00 1.680515385741658541e-02 1.534051814288219309e-02 1.400672290312603673e-02 1.190125669443500324e-02 6.861588461677047349e-03 2.305209924626076996e-03
9.183333333333330017e+00 1.707468900425400740e-02 1.561076095582490143e-02 1.427465908339839613e-02 1.214969659118594718e-02 7.121156839923317543e-03 2.546313667625014002e-03
9.200000000000002842e+00 1.750688258613054132e-02 1.600480293042096103e-02 1.469139479460316276e-02 1.258545577177433775e-02 7.487340567846724818e-03 2.916157036130935000e-03
9.216666666666668561e+00 1.810291370810863595e-02 1.658495824125078705e-02 1.527641553530410291e-02 1.316713653070483887e-02 8.054331057836693411e-03 3.456209164446679815e-03
9.233333333333334281e+00 1.890367380967915983e-02 1.738776488214552676e-02 1.608427486071222282e-02 1.396459468211389172e-02 8.858572852773574299e-03 4.221099738118348418e-03
9.250000000000000000e+00 1.991835841837745133e-02 1.837461588672001725e-02 1.708210807134439083e-02 1.496600839323440797e-02 9.843030616741197183e-03 5.192461968485760117e-03
9.266666666666665719e+00 2.124009581903265470e-02 1.969787272768882408e-02 1.839480511449747419e-02 1.628492088904964774e-02 1.116044752613489129e-02 6.491555052707449931e-03
9.283333333333331439e+00 2.314245375110813782e-02 2.157020598860905775e-02 2.030526993736330235e-02 1.817653321350681805e-02 1.303615779012196572e-02 8.370451079895145294e-03
9.299999999999997158e+00 2.587659715633485596e-02 2.425432473286322915e-02 2.303071932399037083e-02 2.093662458188738293e-02 1.570681224974316420e-02 1.099182113184947809e-02
9.316666666666669983e+00 2.955640450137637584e-02 2.790092143412790590e-02 2.669981206308836078e-02 2.457585648567124290e-02 1.933765579233358289e-02 1.462209927784620216e-02
9.333333333333335702e+00 3.411047905770725475e-02 3.235695360864253994e-02 3.119568566915585997e-02 2.919049538640161590e-02 2.382433692257339072e-02 1.907890161560586023e-02
9.350000000000001421e+00 3.923061579273567218e-02 3.743509907274358839e-02 3.631219159134559810e-02 3.421361731662365957e-02 2.877304151067550456e-02 2.400031014123477774e-02
9.366666666666667140e+00 4.405216552725795681e-02 4.224820189990578095e-02 4.112601135081672687e-02 3.898284480919200767e-02 3.351415917884190132e-02 2.872723244761455144e-02
9.383333333333332860e+00 4.794542303807249745e-02 4.615824704089645236e-02 4.498519706056198358e-02 4.292877747647659559e-02 3.744457097685868069e-02 3.253915886645284555e-02
9.399999999999998579e+00 5.089912077920633743e-02 4.912094573126686570e-02 4.790271381724145461e-02 4.579396440083079861e-02 4.030586126397481955e-02 3.538510663446899074e-02
9.416666666666664298e+00 5.294412686615230373e-02 5.114948689127638004e-02 4.994687087314973045e-02 4.783256268252364385e-02 4.227528995710614496e-02 3.735215610218439036e-02
9.433333333333330017e+00 5.455636413274669166e-02 5.276437003008079690e-02 5.156536399762856604e-02 4.945071010234436404e-02 4.385872050445940862e-02 3.889084131562526442e-02
9.450000000000002842e+00 5.637686264086734511e-02 5.458105209713867700e-02 5.337093051758846213e-02 5.124001532107166912e-02 4.563938708272151368e-02 4.065105919405797436e-02
9.466666666666668561e+00 5.877376058347123094e-02 5.690734084740677740e-02 5.574786826187424355e-02 5.359538943760427249e-02 4.798114345010652537e-02 4.295901339384589068e-02
9.483333333333334281e+00 6.189506946258238607e-02 5.991871316951705162e-02 5.875195114329127138e-02 5.666139582760125470e-02 5.092132258807159639e-02 4.596322906716453216e-02
9.500000000000000000e+00 6.546372699766199454e-02 6.354260312237744457e-02 6.237693540706425177e-02 6.018446167499479083e-02 5.457147641042019159e-02 4.948632179494619199e-02
9.516666666666665719e+00 6.939155866830783170e-02 6.746133909302030884e-02 6.630952719392028960e-02 6.417709636486669533e-02 5.844460854221584373e-02 5.333068290992725585e-02
9.533333333333331439e+00 7.346117091718892822e-02 7.150412111199055953e-02 7.029321707483481008e-02 6.821199605777980568e-02 6.234474106415147099e-02 5.724601963137455896e-02
9.549999999999997158e+00 7.726243377471993246e-02 7.536203810927782909e-02 7.416318895991073912e-02 7.200021547210749828e-02 6.617379477510616781e-02 6.097731273770030241e-02
9.566666666666669983e+00 8.089902586302201437e-02 7.890232730247938309e-02 7.775406235638142316e-02 7.557805630849602496e-02 6.974657827134199406e-02 6.456000253193283633e-02
9.583333333333335702e+00 8.448029479001666064e-02 8.240207380105746271e-02 8.129413809349517184e-02 7.914621004895738832e-02 7.326436392189096536e-02 6.799285963617471285e-02
9.600000000000001421e+00 8.782010788796175416e-02 8.582381212188007480e-02 8.467574921468722093e-02 8.248321098447009003e-02 7.659870674487503917e-02 7.125989077732526600e-02
9.616666666666667140e+00 9.082313716288904770e-02 8.882565149815953298e-02 8.761950147040054038e-02 8.547186346639726318e-02 7.951252838100465736e-02 7.422143768095892935e-02
9.633333333333332860e+00 9.330086581515495414e-02 9.127355387297636513e-02 9.008832380613718271e-02 8.795798707331405064e-02 8.193881148175881368e-02 7.653446217222675818e-02
9.649999999999998579e+00 9.510055340235507026e-02 9.308187641060808315e-02 9.190969516760631730e-02 8.975954645195995119e-02 8.372721285130978186e-02 7.826010626971571793e-02
9.666666666666664298e+00 9.640101945089767088e-02 9.432911430043347534e-02 9.316803845318193111e-02 9.102472296523643480e-02 8.499948183296002213e-02 7.953527101661773957e-02
9.683333333333330017e+00 9.747095423667975767e-02 9.535754035240905091e-02 9.418852164827842821e-02 9.205888650106035243e-02 8.603160684777937106e-02 8.054236990490837300e-02
9.700000000000002842e+00 9.859813333671528512e-02 9.654546417229450950e-02 9.535370112806301757e-02 9.324368320539738741e-02 8.717331167985181706e-02 8.170265098352474942e-02
9.716666666666668561e+00 1.002334919006301756e-01 9.816675480521655506e-02 9.699211484784904524e-02 9.486755167638864783e-02 8.878066279396688854e-02 8.328576895349792952e-02
9.733333333333334281e+00 1.024779440905929512e-01 1.003219747078242102e-01 9.919048955708646698e-02 9.707116387652159339e-02 9.092820559616858478e-02 8.536214605018678514e-02
9.750000000000000000e+00 1.051540243520932283e-01 1.029629593508671476e-01 1.018615883178413811e-01 9.972983493642477437e-02 9.361696190820227581e-02 8.789698543763810323e-02
9.766666666666665719e+00 1.078416014792596134e-01 1.056704636926067559e-01 1.044737969023407653e-01 1.024110825796534230e-01 9.628367323668569899e-02 9.059566158976788131e-02
9.783333333333331439e+00 1.097897685623392405e-01 1.076684515861386915e-01 1.064423641012919031e-01 1.043818791974802096e-01 9.818092986453262616e-02 9.258350280170341007e-02
9.799999999999997158e+00 1.104119819927304874e-01 1.083174934466743650e-01 1.070937918492237267e-01 1.049724077360839614e-01 9.880856322157430260e-02 9.319453646707202832e-02
9.816666666666669983e+00 1.096823198759278029e-01 1.075721596826271914e-01 1.063439190457025063e-01 1.041813771054096588e-01 9.804289930296274103e-02 9.243157505224086634e-02
9.833333333333335702e+00 1.075523491343531729e-01 1.055229470441600703e-01 1.043384046846270591e-01 1.021606212151126014e-01 9.606056505629163855e-02 9.026037184279761538e-02
9.850000000000001421e+00 1.048985413433813491e-01 1.028498700843771818e-01 1.015723056800252877e-01 9.944354514228451181e-02 9.333876917751486590e-02 8.767368409326135870e-02
9.866666666666667140e+00 1.024792658667230821e-01 1.004544290215177160e-01 9.904929160152170509e-02 9.694487538347126843e-02 9.088544890132845000e-02 8.537418219254420959e-02
9.883333333333332860e+00 1.007971540229179591e-01 9.878839405922776318e-02 9.747231390220548186e-02 9.537589917848300625e-02 8.931383265112843861e-02 8.372003377699015203e-02
9.899999999999998579e+00 1.003662337985405800e-01 9.833963012038711426e-02 9.706541464893639337e-02 9.499316946089231273e-02 8.887313401352774089e-02 8.336152912191922837e-02
9.916666666666664298e+00 1.010931872660796454e-01 9.905825185182494386e-02 9.774128332047583856e-02 9.569789595823753603e-02 8.951910233553277141e-02 8.388128112593662422e-02
9.933333333333330017e+00 1.024191468527869131e-01 1.001921164277499166e-01 9.905445680841988565e-02 9.703434764914771471e-02 9.079411488075894709e-02 8.521937002021276464e-02
9.950000000000002842e+00 1.041913775142290638e-01 1.018579393430976282e-01 1.008694177553411675e-01 9.877668156935720534e-02 9.257347138849450485e-02 8.687286924590112425e-02
9.966666666666668561e+00 1.064894922718041120e-01 1.041666125165932738e-01 1.031271113044031906e-01 1.009407076646809120e-01 9.487305036656852597e-02 8.908047644022895617e-02
9.983333333333334281e+00 1.091630810717005018e-01 1.069345994602242528e-01 1.058085046721840283e-01 1.037028112009443920e-01 9.753706844769099993e-02 9.177930028497847947e-02
1.000000000000000000e+01 1.122687759884697656e-01 1.100587088060060170e-01 1.089383042401242396e-01 1.067979084005333396e-01 1.006275090294738855e-01 9.485971533474119033e-02
1.001666666666666572e+01 1.154217585822850806e-01 1.131859652664881644e-01 1.120358627065702467e-01 1.100122861806855784e-01 1.038040393395026073e-01 9.795121591900912694e-02
1.003333333333333144e+01 1.177470168952763907e-01 1.155438177910526887e-01 1.144012111958759986e-01 1.123647883235818767e-01 1.061225848813770467e-01 1.002926526672288654e-01
1.004999999999999716e+01 1.186457950302375469e-01 1.164576919772409569e-01 1.153002345846775023e-01 1.131680516662890018e-01 1.069769389834675788e-01 1.012190044094607166e-01
1.006666666666666998e+01 1.180058957405391573e-01 1.157379904200878246e-01 1.145846298224462434e-01 1.125200905480081004e-01 1.063533283335298674e-01 1.005677189158098311e-01
1.008333333333333570e+01 1.157697655445097951e-01 1.135432574101936931e-01 1.123770053871679386e-01 1.104455292701950753e-01 1.041553370245351107e-01 9.859650704703794288e-02
1.010000000000000142e+01 1.129291940751195461e-01 1.107744118198822486e-01 1.095783036736317634e-01 1.076465498805467547e-01 1.014373405096443553e-01 9.585826644565821619e-02
1.011666666666666714e+01 1.105556876866405636e-01 1.083793069445239399e-01 1.071595111166557118e-01 1.050688498780622260e-01 9.901351016320296405e-02 9.360919666819465801e-02
1.013333333333333286e+01 1.090812584411979397e-01 1.069061834938557082e-01 1.056797233592060986e-01 1.035239179961238432e-01 9.746744424143660712e-02 9.206123713667049846e-02
1.014999999999999858e+01 1.091355285770865824e-01 1.069513297269768237e-01 1.057857356022750134e-01 1.036719366857732083e-01 9.764318847786941646e-02 9.200720393430938948e-02
1.016666666666666430e+01 1.107214036618646980e-01 1.084669655680047806e-01 1.073384619189829137e-01 1.051986287660075514e-01 9.894709995147915604e-02 9.310140616111690914e-02
1.018333333333333002e+01 1.136477165745456291e-01 1.114183992257782030e-01 1.103078510659475514e-01 1.082468435583073957e-01 1.018803791005477855e-01 9.566078508833762706e-02
1.020000000000000284e+01 1.189349066723465326e-01 1.165901446022404864e-01 1.154872987610772866e-01 1.134598219702355887e-01 1.069078477640589275e-01 1.001378797987489411e-01
1.021666666666666856e+01 1.271252473161516017e-01 1.246766233417897635e-01 1.239701098920972799e-01 1.217664765273899913e-01 1.148732934324406402e-01 1.077509701641955892e-01
1.023333333333333428e+01 1.390137514680197250e-01 1.366580438912619044e-01 1.356798659522650274e-01 1.338336518275370646e-01 1.266078034320614054e-01 1.186828246641654927e-01
1.025000000000000000e+01 1.550922743572551166e-01 1.525749291917751771e-01 1.514093814388525749e-01 1.498985428842541656e-01 1.422557828931586832e-01 1.331208204619144242e-01
1.026666666666666572e+01 1.725291242947102621e-01 1.698910066230047700e-01 1.692600825017912813e-01 1.674409999909588498e-01 1.594924383924933020e-01 1.501549416796987280e-01
1.028333333333333144e+01 1.867274235534504279e-01 1.841202597203549507e-01 1.833942330593430758e-01 1.815927707700019655e-01 1.740067006460852272e-01 1.651114759964256995e-01
1.029999999999999716e+01 1.936819404892343444e-01 1.909861238582887533e-01 1.898216734163712671e-01 1.880407414743545946e-01 1.812036689260198841e-01 1.731067019556827569e-01
1.031666666666666998e+01 1.925237719584416418e-01 1.898956432509512071e-01 1.885778827220273568e-01 1.865496008816885931e-01 1.802164710260641955e-01 1.724539110747878856e-01
1.033333333333333570e+01 1.845336258268615304e-01 1.815817725610004429e-01 1.807619176341364042e-01 1.783515758833997267e-01 1.728306330609040431e-01 1.650562914214676047e-01
1.035000000000000142e+01 1.723772616645074807e-01 1.698413901383541702e-01 1.684866044254057504e-01 1.659404375576730428e-01 1.617473158090511065e-01 1.539952700637483574e-01
1.036666666666666714e+01 1.615087331730114817e-01 1.588074987563780627e-01 1.577147022915427188e-01 1.553365968534403674e-01 1.510220411564241194e-01 1.427044989279899756e-01
1.038333333333333286e+01 1.516862830830271458e-01 1.491126196090332423e-01 1.484209358391679612e-01 1.459888957136674381e-01 1.408589233169996457e-01 1.327661451280857940e-01
1.039999999999999858e+01 1.445928653183577717e-01 1.421418557265671789e-01 1.412705038402699564e-01 1.389312562651627281e-01 1.332404047177747908e-01 1.262397384369256248e-01
1.041666666666666430e+01 1.396555913853053943e-01 1.373566230829612322e-01 1.361388602032867767e-01 1.339839120669819583e-01 1.281398023203406122e-01 1.212796356121497166e-01
1.043333333333333002e+01 1.356168835967962172e-01 1.333663491408558222e-01 1.321924519925226915e-01 1.300204273693287005e-01 1.241377747589203773e-01 1.174291110417358813e-01
1.045000000000000284e+01 1.314315107356217593e-01 1.293592120648106580e-01 1.281165669868902512e-01 1.259396734436147580e-01 1.199702777811668258e-01 1.134297044508144059e-01
1.046666666666666856e+01 1.267199191906090983e-01 1.246419736559694624e-01 1.233887967662522372e-01 1.212134212856625926e-01 1.153096445932321468e-01 1.087717127590371730e-01
1.048333333333333428e+01 1.213868194917501198e-01 1.192232914337451599e-01 1.179755546164907715e-01 1.158679352853873856e-01 1.099769635083121810e-01 1.035738685563001582e-01
1.050000000000000000e+01 1.156493968846173531e-01 1.134021908824084657e-01 1.122617175950171853e-01 1.101707471940524402e-01 1.042798687787485912e-01 9.799940539695228825e-02
1.051666666666666572e+01 1.099930857646624349e-01 1.077560271744582854e-01 1.066789685243872965e-01 1.046039540072021684e-01 9.871034921467676526e-02 9.249123769972712739e-02
1.053333333333333144e+01 1.052149494429608922e-01 1.030933860657338580e-01 1.018372141043930174e-01 9.982121302021339238e-02 9.393613621891720722e-02 8.785323447838627731e-02
1.054999999999999716e+01 1.019122143691233023e-01 9.976957206199242589e-02 9.861644432123858883e-02 9.657264989936976962e-02 9.072468295857664955e-02 8.475227820560529701e-02
1.056666666666666998e+01 1.000285377234712419e-01 9.785237000437155275e-02 9.676782997858277002e-02 9.475412955898580847e-02 8.886385301185174834e-02 8.294469564951710561e-02
1.058333333333333570e+01 9.957053944972070469e-02 9.738115334148164659e-02 9.635804846105416877e-02 9.432866581786615578e-02 8.843012690206603077e-02 8.259980443058330402e-02
1.060000000000000142e+01 1.000625769492674427e-01 9.782815019642797372e-02 9.682534418179758462e-02 9.481963416390949695e-02 8.890932260709680235e-02 8.307741734435745984e-02
1.061666666666666714e+01 1.006229084316671574e-01 9.838521234679120653e-02 9.732263027130216848e-02 9.535632342294227126e-02 8.941350088157827558e-02 8.358802561112058105e-02
1.063333333333333286e+01 1.008179493323963782e-01 9.857139573002769717e-02 9.751777716433412957e-02 9.556469513035233121e-02 8.961502983049247917e-02 8.380955212257740206e-02
1.064999999999999858e+01 1.004941588808591912e-01 9.825202655384808470e-02 9.719710875277724760e-02 9.525783571574547581e-02 8.929668915436694832e-02 8.350937679669273583e-02
1.066666666666666430e+01 9.979875874688050319e-02 9.758372149565362752e-02 9.647761238611464452e-02 9.457025612020730776e-02 8.859649519404243223e-02 8.282810768950064906e-02
1.068333333333333002e+01 9.873059787414939503e-02 9.652912660675765089e-02 9.544090183754179446e-02 9.353726919345219104e-02 8.753939854037293133e-02 8.179170672255427210e-02
1.070000000000000284e+01 9.701898814782942970e-02 9.483172846647833221e-02 9.374077267203000108e-02 9.184563956736724322e-02 8.588432487989254571e-02 8.013075174367383091e-02
1.071666666666666856e+01 9.443832474209774841e-02 9.222865834479637703e-02 9.115637176121484109e-02 8.924010447106056620e-02 8.334996052156511126e-02 7.751159591298679985e-02
1.073333333333333428e+01 9.093298747098879642e-02 8.880376060456425524e-02 8.762237433535109699e-02 8.578644931178439070e-02 7.986280834295922393e-02 7.414209092181144045e-02
1.075000000000000000e+01 8.681989614351072471e-02 8.469777273562337228e-02 8.355125673110873341e-02 8.161648294062792686e-02 7.576090627139132894e-02 7.013725206590919192e-02
1.076666666666666572e+01 8.242266888575536243e-02 8.032497542024251425e-02 7.920717227053758469e-02 7.723550279660962303e-02 7.147725321883649507e-02 6.585406866501666845e-02
1.078333333333333144e+01 7.848201398599986833e-02 7.640278704057353043e-02 7.527602416603930424e-02 7.329540786445210010e-02 6.759567895982673824e-02 6.203305872368718860e-02
1.079999999999999716e+01 7.541491578357449599e-02 7.334882883699070377e-02 7.224350749257595072e-02 7.027530818084611053e-02 6.457264916250603226e-02 5.909346747573810538e-02
1.081666666666666998e+01 7.338228705093648163e-02 7.133912665143284093e-02 7.023040938064190053e-02 6.829339636068304520e-02 6.260540624078690664e-02 5.715415155464642627e-02
1.083333333333333570e+01 7.219322253036213055e-02 7.014430624259350433e-02 6.905011741995757679e-02 6.710776698483783553e-02 6.143936594355957348e-02 5.602964733402021613e-02
1.085000000000000142e+01 7.153151256924150658e-02 6.947323607169957060e-02 6.840222587145917965e-02 6.645923993135061103e-02 6.079217010304170665e-02 5.541190184026140858e-02
1.086666666666666714e+01 7.096728774942394347e-02 6.892176450769793572e-02 6.784363378327745719e-02 6.590242050674070817e-02 6.025251823728614703e-02 5.486975750063058377e-02
1.088333333333333286e+01 7.016235024520264818e-02 6.811950103959482639e-02 6.703984090558431919e-02 6.509770670784105484e-02 5.946813351985245910e-02 5.408688165513267365e-02
1.089999999999999858e+01 6.908328987409874389e-02 6.703755380432550870e-02 6.595039894597548580e-02 6.400164787363020469e-02 5.846522320864752653e-02 5.302667016109781362e-02
1.091666666666666430e+01 6.775421215662189023e-02 6.572383879021118092e-02 6.461691874708576366e-02 6.267829914502547062e-02 5.726071568144416174e-02 5.173230107636783009e-02
1.093333333333333002e+01 6.615673468150136405e-02 6.412513861392665770e-02 6.301794664698387449e-02 6.108972595401691852e-02 5.579010912279212114e-02 5.020874917594399245e-02
1.095000000000000284e+01 6.431631063267369275e-02 6.232546807587708432e-02 6.120779073371127726e-02 5.928013054700557311e-02 5.405902189406858876e-02 4.846215373656700270e-02
1.096666666666666856e+01 6.231769967017458667e-02 6.034647528773666447e-02 5.922004965911292773e-02 5.727764441221584041e-02 5.207574766308990105e-02 4.649583420261263478e-02
1.098333333333333428e+01 5.999152247312575931e-02 5.802968429235302178e-02 5.690507271958772373e-02 5.496148853439455917e-02 4.978212042618587740e-02 4.422594926342149346e-02
1.100000000000000000e+01 5.739221107245889852e-02 5.544601896734054070e-02 5.430727437515386197e-02 5.236430521337731570e-02 4.716944950085337485e-02 4.168981833263699782e-02
1.101666666666666572e+01 5.468912102262230707e-02 5.278246042048405362e-02 5.163994458597424148e-02 4.967984153935262742e-02 4.446182971893036795e-02 3.906959100126697337e-02
1.103333333333333144e+01 5.227717024511678579e-02 5.038984289584506199e-02 4.923848770039914585e-02 4.730114377780699625e-02 4.203319816315144453e-02 3.674661655371194019e-02
1.104999999999999716e+01 5.037073870898240574e-02 4.848996001964609587e-02 4.734047241332599992e-02 4.539440502753281509e-02 4.012803950749282283e-02 3.489593798223261656e-02
1.106666666666666998e+01 4.897174624132303450e-02 4.710365861319856101e-02 4.596338955957036260e-02 4.401603086236771656e-02 3.874030770936200130e-02 3.356032973632484817e-02
1.108333333333333570e+01 4.807554942394576952e-02 4.622691448850804741e-02 4.508994071070654419e-02 4.314353017426793280e-02 3.785875135811472142e-02 3.271186272466743844e-02
1.110000000000000142e+01 4.744280330254048439e-02 4.557808589637146746e-02 4.445643197864668217e-02 4.251652380158235656e-02 3.720326874111908044e-02 3.210819369841740739e-02
1.111666666666666714e+01 4.680778294492405484e-02 4.493120470596199262e-02 4.381980299005896334e-02 4.188789924772128026e-02 3.657003600711663388e-02 3.149791318446740901e-02
1.113333333333333286e+01 4.601029108718217991e-02 4.413942250633476339e-02 4.302429289218921010e-02 4.109785195876132502e-02 3.579830749377094223e-02 3.072435238602328617e-02
1.114999999999999858e+01 4.501260158314405319e-02 4.314901602323834018e-02 4.202973952416683839e-02 4.012372351755488092e-02 3.479960706498326506e-02 2.976351165026626042e-02
1.116666666666666430e+01 4.385547532781950558e-02 4.199862312199603709e-02 4.086232512617454793e-02 3.899284697120019433e-02 3.363946996212684865e-02 2.864992342386156812e-02
1.118333333333333002e+01 4.262060512678926549e-02 4.078065543937808152e-02 3.964077472350477360e-02 3.775014418014246975e-02 3.242703644021791703e-02 2.743906463232318599e-02
1.120000000000000284e+01 4.144255950962091178e-02 3.961286895483380477e-02 3.847427787791496412e-02 3.655052209221810317e-02 3.126635045661614598e-02 2.629822139678711368e-02
1.121666666666666856e+01 4.039997416865546975e-02 3.857832984783211155e-02 3.743540770655990474e-02 3.551502817522163985e-02 3.023734333996639864e-02 2.530271476261903782e-02
1.123333333333333428e+01 3.949059023472855506e-02 3.768242151777645432e-02 3.653918601010628514e-02 3.462294980384012649e-02 2.934848093706421066e-02 2.442392026664598481e-02
1.125000000000000000e+01 3.869380332587425003e-02 3.689223688930109990e-02 3.574883893426720333e-02 3.382982973277486732e-02 2.856343088237491695e-02 2.365452914551242208e-02
1.126666666666666572e+01 3.795024431929524406e-02 3.615311653507355394e-02 3.500759685298885510e-02 3.308835638182141409e-02 2.782826435219467112e-02 2.293452934173236674e-02
1.128333333333333144e+01 3.716339854617702748e-02 3.536372841656187926e-02 3.421533223714825350e-02 3.229798408478353616e-02 2.703701111506487051e-02 2.216337366747359386e-02
1.129999999999999716e+01 3.626856008153481886e-02 3.449269991168677635e-02 3.334189912175589132e-02 3.143469338507889205e-02 2.618001967385284040e-02 2.129628662460343255e-02
1.131666666666666998e+01 3.525659521607836522e-02 3.350066149752638917e-02 3.234499392584783140e-02 3.043670298908406069e-02 2.520638395737877235e-02 2.031923694432929972e-02
1.133333333333333570e+01 3.409269876702732127e-02 3.240743220169635397e-02 3.124461508207268187e-02 2.933905659819124878e-02 2.411245059499099799e-02 1.924635714779412282e-02
1.135000000000000142e+01 3.299656252170599796e-02 3.125136154293064322e-02 3.008672869275563072e-02 2.817875223510625526e-02 2.296352508384731650e-02 1.812350355583575504e-02
1.136666666666666714e+01 3.183624621943439981e-02 3.010159012452498159e-02 2.893140481068567568e-02 2.702171207461280880e-02 2.184501539231254244e-02 1.699126120260124537e-02
1.138333333333333286e+01 3.069003273798577569e-02 2.895402733305364393e-02 2.778266988674862534e-02 2.587504146839441840e-02 2.072031351011561010e-02 1.587900137736412282e-02
1.139999999999999858e+01 2.953298631247665978e-02 2.784648863274288497e-02 2.667148626799095007e-02 2.476333841651728526e-02 1.961002693283181442e-02 1.478673782001064564e-02
1.141666666666666430e+01 2.842583293673417444e-02 2.673763960435934436e-02 2.555877817795136966e-02 2.365469784756985688e-02 1.849803935598432966e-02 1.370760902860639410e-02
1.143333333333333002e+01 2.740118860204832085e-02 2.568606229664805243e-02 2.450661112385830315e-02 2.260258414102715371e-02 1.745041441609634925e-02 1.267292600179935509e-02
1.145000000000000284e+01 2.642611045100180106e-02 2.472276843645000374e-02 2.353804330651497120e-02 2.164146426257709463e-02 1.649125418216802752e-02 1.173758449021537580e-02
1.146666666666666856e+01 2.557466265111853904e-02 2.389823694897687256e-02 2.271149047638458193e-02 2.081587666220510030e-02 1.567505251281305773e-02 1.093627374129145166e-02
1.148333333333333428e+01 2.489670813967506321e-02 2.322647937475994309e-02 2.203936438686487573e-02 2.012427980351641499e-02 1.500747150658571574e-02 1.028777552920032146e-02
1.150000000000000000e+01 2.435245673298304381e-02 2.269301759662713594e-02 2.150473299059184329e-02 1.957629539563357154e-02 1.447717031880228246e-02 9.772981898764385861e-03
1.151666666666666572e+01 2.389862572201164811e-02 2.225553871563615282e-02 2.106470519599092442e-02 1.912863444576353225e-02 1.403959368797852436e-02 9.340956867634963093e-03
1.153333333333333144e+01 2.347094856453649930e-02 2.183533500630396168e-02 2.064216249538645964e-02 1.870318780093400968e-02 1.362034389564915904e-02 8.927790145756599183e-03
1.154999999999999716e+01 2.302100505861613688e-02 2.139571263165113840e-02 2.020170924742569624e-02 1.826029637290375179e-02 1.318315683276130579e-02 8.495459595008960849e-03
1.156666666666666998e+01 2.256828729082348967e-02 2.093933973741117505e-02 1.974163305042960642e-02 1.780029101091671825e-02 1.272659331881299122e-02 8.042974568158280449e-03
1.158333333333333570e+01 2.208590186541212544e-02 2.046252679514309197e-02 1.926064630769024413e-02 1.731503420756150963e-02 1.224961652600799721e-02 7.576749139243735276e-03
1.160000000000000142e+01 2.159635203677611262e-02 1.998280042664096062e-02 1.877869213896940503e-02 1.682569233074429627e-02 1.177315275433481710e-02 7.106069352654776489e-03
1.161666666666666714e+01 2.111581916437907380e-02 1.950511059072334782e-02 1.829954240643513752e-02 1.634297976290206150e-02 1.129986546744405664e-02 6.640970084542614608e-03
1.163333333333333286e+01 2.064482593329443338e-02 1.904124913101307159e-02 1.783334190061179603e-02 1.587474182301152822e-02 1.083863339341370122e-02 6.185323160649302404e-03
1.164999999999999858e+01 2.018022615092350536e-02 1.858041697250244900e-02 1.737137526877847657e-02 1.541157466871544666e-02 1.038307220659046883e-02 5.736256157926966116e-03
1.166666666666666430e+01 1.972074560159964643e-02 1.812654092039936091e-02 1.691546074192444224e-02 1.495312469401760547e-02 9.932880800075290575e-03 5.290402331739352607e-03
1.168333333333333002e+01 1.926833010102953908e-02 1.767787825816440755e-02 1.646284562649904040e-02 1.449569162231339504e-02 9.479448870013222617e-03 4.850311082644297167e-03
1.170000000000000284e+01 1.882060365308538957e-02 1.723996021615283383e-02 1.602111554699637425e-02 1.405348678931006394e-02 9.038520784947249101e-03 4.418584642750259840e-03
1.171666666666666856e+01 1.838338549887004458e-02 1.680810508826970778e-02 1.558464194338336425e-02 1.361992654998665092e-02 8.606393251384937548e-03 3.993479761080242531e-03
1.173333333333333428e+01 1.795627187624832671e-02 1.638676813628234252e-02 1.515906700882268393e-02 1.319224064090883039e-02 8.183411162938922581e-03 3.576602181875303786e-03
1.175000000000000000e+01 1.753390767950126217e-02 1.596872713109019626e-02 1.473896308522065247e-02 1.276583074684498574e-02 7.764440485273606946e-03 3.167898955357633436e-03
1.176666666666666572e+01 1.712237460340113038e-02 1.556374923858382629e-02 1.433107356437930864e-02 1.235699603686900468e-02 7.359302827138198937e-03 2.769335950511741737e-03
1.178333333333333144e+01 1.672290859458258616e-02 1.517117839338797194e-02 1.393403193768599259e-02 1.196636366946235257e-02 6.966125618149629668e-03 2.384398473667977483e-03
1.179999999999999716e+01 1.634426409200145924e-02 1.480008634332590119e-02 1.355799974963122108e-02 1.159138592412859575e-02 6.592894588616583611e-03 2.020640710549414208e-03
1.181666666666666998e+01 1.598398342227838262e-02 1.444561661604045269e-02 1.320094587419213226e-02 1.122605430648557050e-02 6.236360019383956933e-03 1.670863878619078180e-03
1.183333333333333570e+01 1.564369590233045601e-02 1.411097064157034071e-02 1.286243904331894894e-02 1.088190839758778304e-02 5.900422328078080980e-03 1.337332562085059157e-03
1.185000000000000142e+01 1.530626158778914010e-02 1.377887445387370770e-02 1.252651384753654742e-02 1.054522037453748881e-02 5.567706540323503345e-03 1.008705919619544292e-03
1.186666666666666714e+01 1.495286179899407014e-02 1.342744253349766222e-02 1.217601538289311142e-02 1.019075468563914420e-02 5.218826371647084829e-03 6.640843480546221311e-04
1.188333333333333286e+01 1.456164066554705566e-02 1.303718563014722755e-02 1.178793183883405059e-02 9.800168856645731508e-03 4.834094619138305446e-03 2.846656207396380486e-04
1.189999999999999858e+01 1.414037948432247255e-02 1.261998683774679005e-02 1.136812022595500016e-02 9.377502785059664211e-03 4.419697686938242609e-03 -1.291941389065245037e-04
1.191666666666666430e+01 1.368044628589397231e-02 1.216638059916003850e-02 1.090743920577972106e-02 8.916152664276340636e-03 3.966000200834714218e-03 -5.769771626623413892e-04
1.193333333333333002e+01 1.321459196555201283e-02 1.170909988134450318e-02 1.044454576912138936e-02 8.451162205463392738e-03 3.509778186899137516e-03 -1.033879587718311869e-03
1.195000000000000284e+01 1.276232231546845994e-02 1.126244230907805753e-02 9.996032298832651514e-03 8.001384580809014005e-03 3.065958982886777748e-03 -1.472688412122500181e-03
1.196666666666666856e+01 1.235560642675553183e-02 1.085984660906536350e-02 9.590450325909341545e-03 7.597572111407518113e-03 2.667449997006145299e-03 -1.868934253820618433e-03
1.198333333333333428e+01 1.199080853145443812e-02 1.050122973152865791e-02 9.228263070186173284e-03 7.233997100256645690e-03 2.309379104436665338e-03 -2.223093240288610394e-03
1.200000000000000000e+01 1.166711137349076693e-02 1.017937942231814975e-02 8.907533731593128556e-03 6.912159511434480888e-03 1.989830837559704475e-03 -2.535633928606274151e-03
1.201666666666666572e+01 1.137569734146491249e-02 9.889436885307889211e-03 8.618360346683683754e-03 6.623838601158447623e-03 1.702941600404762066e-03 -2.818662339594656639e-03
1.203333333333333144e+01 1.112201241661185322e-02 9.638939296754496858e-03 8.366481149216268079e-03 6.372308687543550877e-03 1.454011585910839656e-03 -3.064578865179113775e-03
1.204999999999999716e+01 1.090808266919310494e-02 9.424516251410882534e-03 8.154466819799380262e-03 6.158162205783079823e-03 1.243196626945572295e-03 -3.272361498527070426e-03
1.206666666666666998e+01 1.073549022298629120e-02 9.252266014672124936e-03 7.982557993311774347e-03 5.985252625901844176e-03 1.071981439275249918e-03 -3.437191054446035385e-03
1.208333333333333570e+01 1.060600956676671820e-02 9.122503740611114659e-03 7.853090210162078783e-03 5.854941340393549944e-03 9.418374096038235714e-04 -3.561959133836090606e-03
1.210000000000000142e+01 1.054012115248243245e-02 9.047729750212358396e-03 7.787621586323053256e-03 5.778081593573328525e-03 8.693483822752540256e-04 -3.632289593893107352e-03
1.211666666666666714e+01 1.051752235506455378e-02 9.031996029800691897e-03 7.765191775960490587e-03 5.758856995058054748e-03 8.506406091096655386e-04 -3.651237197979491627e-03
1.213333333333333286e+01 1.059295956148110021e-02 9.112668898969351200e-03 7.839435639855250881e-03 5.837255976678387866e-03 9.266176648864050697e-04 -3.577644070146758244e-03
1.214999999999999858e+01 1.078137029767422574e-02 9.286213533474210746e-03 8.029414924302580997e-03 6.010910970477771446e-03 1.090797897124929370e-03 -3.407807223341805230e-03
1.216666666666666430e+01 1.103092122792119316e-02 9.541842623595416656e-03 8.279499461975306160e-03 6.266362611247877981e-03 1.343792866094545161e-03 -3.152556195211359599e-03
1.218333333333333002e+01 1.138049662219731660e-02 9.907115428664991716e-03 8.627288643005064442e-03 6.630766041716377492e-03 1.697535831414371610e-03 -2.800744369766203310e-03
1.220000000000000284e+01 1.181008037013109996e-02 1.033204906267297558e-02 9.068782685113930056e-03 7.068345189701023303e-03 2.142593318241407547e-03 -2.367157927884949806e-03
1.221666666666666856e+01 1.236529523903122027e-02 1.086003965752681440e-02 9.604607813640536271e-03 7.596986684412833715e-03 2.669144794599686427e-03 -1.832699575839262258e-03
1.223333333333333428e+01 1.304579965254934124e-02 1.152548804932961718e-02 1.026849562675820164e-02 8.243804067486043205e-03 3.297742448633236238e-03 -1.191610373354720252e-03
1.225000000000000000e+01 1.382962582503482855e-02 1.230203436263709212e-02 1.103262147681162084e-02 9.005146968335537086e-03 4.038433018386379351e-03 -4.839075593060379534e-04
1.226666666666666572e+01 1.475998026818753014e-02 1.323228693717092702e-02 1.196580236193398039e-02 9.940964996036690676e-03 4.907237567537647144e-03 3.870987865316059037e-04
1.228333333333333144e+01 1.589146398624145112e-02 1.435574711593448453e-02 1.310817705147611888e-02 1.107679673401436478e-02 6.028518788546462573e-03 1.456930073595275217e-03
1.229999999999999716e+01 1.733900278867360825e-02 1.578425684825258274e-02 1.453156957218583456e-02 1.251854816016822677e-02 7.435349937920980416e-03 2.826040215436447043e-03
1.231666666666666998e+01 1.908864282143551971e-02 1.751109270295668832e-02 1.628443507165421369e-02 1.423138525249953434e-02 9.187304373881844191e-03 4.503108141044720632e-03
1.233333333333333570e+01 2.113569341663442888e-02 1.956808425758625042e-02 1.834483151868622833e-02 1.630831194898769640e-02 1.120758726282528039e-02 6.454170420922989565e-03
1.235000000000000142e+01 2.375644348025703068e-02 2.214248786546022668e-02 2.092134697618953931e-02 1.891869700226350703e-02 1.372657166917786928e-02 8.957995642112531395e-03
1.236666666666666714e+01 2.734548440476788217e-02 2.573843708794870330e-02 2.454289801825155007e-02 2.252643766894403196e-02 1.734443853423931273e-02 1.241576138763760689e-02
1.238333333333333286e+01 3.264515341607922977e-02 3.095605762429845184e-02 2.976310092306440336e-02 2.769636993989448015e-02 2.241620201745170640e-02 1.751821852151638423e-02
1.239999999999999858e+01 3.965905904582819885e-02 3.785467773807155850e-02 3.679935591342319012e-02 3.476486091528618178e-02 2.934715795321802059e-02 2.430655362964390109e-02
1.241666666666666430e+01 4.843310753723167883e-02 4.675139405805003173e-02 4.561622674356602403e-02 4.357717563398091909e-02 3.806652489256232008e-02 3.284828277742524866e-02
1.243333333333333002e+01 5.786834769943998563e-02 5.615125336018981367e-02 5.507959440576264132e-02 5.298306193246223733e-02 4.721895988835284746e-02 4.223002605182056557e-02
1.245000000000000284e+01 6.577144248696327467e-02 6.375339910832079904e-02 6.278607329753861654e-02 6.080376031319020130e-02 5.498060477319373363e-02 4.990807465893443151e-02
1.246666666666666856e+01 6.991320940790178573e-02 6.794801629492479289e-02 6.678115854001570595e-02 6.486450411669827942e-02 5.914965543673641329e-02 5.392948720299692994e-02
1.248333333333333428e+01 6.998143318008652469e-02 6.813821122918777007e-02 6.691777095825320043e-02 6.483025013918286561e-02 5.928717928439891649e-02 5.396792286012879608e-02
1.250000000000000000e+01 6.707362505604967662e-02 6.519270399579349395e-02 6.378120833665604228e-02 6.163349996607772607e-02 5.630523485861673588e-02 5.074841431146905057e-02
1.251666666666666572e+01 6.219812242175903200e-02 5.992351961082153372e-02 5.820580121637498189e-02 5.605341296517912103e-02 5.053141468160844002e-02 4.522589311226411779e-02
1.253333333333333144e+01 5.703755052180431440e-02 5.488466104992537759e-02 5.335037176255848917e-02 5.120568292668011001e-02 4.578274662538223821e-02 4.058663425131522201e-02
1.254999999999999716e+01 5.271026934866071545e-02 5.075509330516213280e-02 4.931936998713402215e-02 4.720893945800096886e-02 4.198822559564016621e-02 3.668676389807365434e-02
1.256666666666666998e+01 4.955461707178302616e-02 4.771259607721364815e-02 4.628975182581193670e-02 4.421242851965776627e-02 3.888796799307844831e-02 3.370554439177070316e-02
1.258333333333333570e+01 4.736284041629600094e-02 4.553115905783627904e-02 4.419998981990602011e-02 4.212180878406683593e-02 3.673426712548602535e-02 3.171927435282029251e-02
1.260000000000000142e+01 4.646153028257130752e-02 4.474941612687699521e-02 4.344019232469577274e-02 4.135206648744348124e-02 3.597582365045048913e-02 3.097815241748405959e-02
1.261666666666666714e+01 4.797123798679066298e-02 4.651565587125384982e-02 4.527318618794971827e-02 4.316607411939443056e-02 3.775853058737658335e-02 3.274299279577980171e-02
1.263333333333333286e+01 5.297443726502947675e-02 5.175291767458161524e-02 5.059809554737627890e-02 4.858247734045322008e-02 4.277445451795233028e-02 3.791560548597073393e-02
1.264999999999999858e+01 6.359814111658843028e-02 6.215380534597410994e-02 6.107768588671188409e-02 5.893832234798061093e-02 5.320868888928223517e-02 4.818244302530045459e-02
1.266666666666666430e+01 8.009338354029536811e-02 7.760904679422597763e-02 7.700828801433665105e-02 7.456631977956339197e-02 6.880322880925418549e-02 6.401467912614743072e-02
1.268333333333333002e+01 9.986940783778230912e-02 9.753492733466608000e-02 9.668730628523433679e-02 9.479390694433229014e-02 8.871732334214532667e-02 8.381536236532399764e-02
1.270000000000000284e+01 1.200596934262007226e-01 1.176525389622032763e-01 1.169543239621275155e-01 1.154673682257946199e-01 1.087638261949260693e-01 1.034669083825491553e-01
1.271666666666666856e+01 1.384528482905527380e-01 1.357514493558849289e-01 1.350900290284987038e-01 1.329360089430606240e-01 1.265047874414523543e-01 1.212093043239395873e-01
1.273333333333333428e+01 1.535003426062189480e-01 1.509108521472410092e-01 1.501545185505959723e-01 1.477881157723322236e-01 1.415577631665853875e-01 1.358174974879485519e-01
1.275000000000000000e+01 1.655295169951868650e-01 1.627971762444091752e-01 1.619174967507371887e-01 1.603205351635488551e-01 1.536206651515748256e-01 1.476486786273493723e-01
1.276666666666666572e+01 1.759648343989392849e-01 1.730944615124444530e-01 1.719337956079029783e-01 1.700135334104637408e-01 1.638058001415277076e-01 1.578745713500589176e-01
1.278333333333333144e+01 1.859400636939842755e-01 1.830331233145591208e-01 1.818056640067184093e-01 1.796416286928837480e-01 1.734871209145804893e-01 1.675072533591275004e-01
1.279999999999999716e+01 1.954992711565836927e-01 1.927393931073489164e-01 1.915157552681818753e-01 1.897768543998814561e-01 1.831640759666778029e-01 1.769790678108004722e-01
1.281666666666666998e+01 2.045739097150889030e-01 2.022075488330447868e-01 2.007148664250844872e-01 1.991108204685433369e-01 1.927143937787589301e-01 1.861341484602406227e-01
1.283333333333333570e+01 2.136338126780134294e-01 2.110917073822437540e-01 2.097481525554151238e-01 2.079723987548398323e-01 2.011268842078197394e-01 1.949762766269957925e-01
1.285000000000000142e+01 2.224452788074404441e-01 2.194788293557171366e-01 2.181600766536661296e-01 2.164734719270105523e-01 2.095237938357653873e-01 2.031341065434132676e-01
1.286666666666666714e+01 2.304716419237874125e-01 2.278422564212284063e-01 2.262312286667088057e-01 2.245859212622654810e-01 2.179812097636316670e-01 2.111026971332445323e-01
1.288333333333333286e+01 2.383179740676344416e-01 2.356914874363038592e-01 2.339275598396845790e-01 2.326538963639894764e-01 2.257141202321642781e-01 2.188527940794005033e-01
1.289999999999999858e+01 2.462240615904599805e-01 2.432962056839668985e-01 2.417923644912655379e-01 2.400200538464405953e-01 2.334173614204770320e-01 2.264834728926614082e-01
1.291666666666666430e+01 2.535503667223251711e-01 2.507994834405767870e-01 2.496973503249391158e-01 2.474088792130436643e-01 2.409806334967922736e-01 2.338470103962482505e-01
1.293333333333333002e+01 2.606784307649328558e-01 2.582270312130607315e-01 2.566733634824143184e-01 2.550078648492576372e-01 2.479307794483994742e-01 2.408558747679511447e-01
1.295000000000000284e+01 2.678500912980089632e-01 2.651486101972289622e-01 2.635967181677848492e-01 2.619445805622612200e-01 2.549121632841583329e-01 2.477669385108040578e-01
1.296666666666666856e+01 2.747551981389119158e-01 2.719119909693494819e-01 2.708435461177043369e-01 2.686971810538840155e-01 2.619539067858451808e-01 2.545111859605792004e-01
1.298333333333333428e+01 2.814115302735887836e-01 2.786303633828298709e-01 2.772420054324471472e-01 2.754540203266108156e-01 2.684716034560174491e-01 2.610576703924528674e-01
1.300000000000000000e+01 2.878095648453643518e-01 2.850835159842741717e-01 2.834400851375201147e-01 2.819123283224467258e-01 2.748524372863391796e-01 2.674735590591966750e-01
1.301666666666666572e+01 2.940892085683110557e-01 2.915998229323789048e-01 2.896964976716378537e-01 2.881560017239828686e-01 2.811926250914705827e-01 2.736925646111176280e-01
1.303333333333333144e+01 3.002370391936358685e-01 2.975241438179795361e-01 2.958300521907119007e-01 2.943276515615416145e-01 2.872193011406240504e-01 2.795026652839096570e-01
1.304999999999999716e+01 3.062528247526165592e-01 3.032411032064409317e-01 3.017136402024037656e-01 3.000737971938458037e-01 2.931593898460116421e-01 2.854185447480945270e-01
1.306666666666666998e+01 3.121184334959931084e-01 3.091263560118513998e-01 3.076407474626074445e-01 3.058347006256664224e-01 2.990675901099352219e-01 2.913523667008748319e-01
1.308333333333333570e+01 3.177826685609877466e-01 3.149283815660959829e-01 3.134748039254408036e-01 3.117179288378628121e-01 3.046632815454559107e-01 2.968106651292469200e-01
1.310000000000000142e+01 3.230397915392712593e-01 3.202270134420978631e-01 3.187243360836973793e-01 3.168761854224226848e-01 3.098336175772707368e-01 3.019346589848037610e-01
1.311666666666666714e+01 3.268013418219703481e-01 3.240572829171785574e-01 3.225921633071329730e-01 3.206865085795055914e-01 3.138068137873002428e-01 3.056856095155902064e-01
1.313333333333333286e+01 3.288288867026558648e-01 3.260464241737215940e-01 3.245481968981422383e-01 3.227250623839201249e-01 3.156751999761109873e-01 3.075080232321584228e-01
1.314999999999999858e+01 3.288269660837800923e-01 3.260257583483571198e-01 3.244609295462118070e-01 3.225653249429460967e-01 3.154730510433210733e-01 3.073829110863140479e-01
1.316666666666666430e+01 3.267291385743805732e-01 3.239865847090125928e-01 3.223953836704883669e-01 3.204290694805082551e-01 3.134852942116758689e-01 3.053194977462778126e-01
1.318333333333333002e+01 3.235214885341028412e-01 3.207722715922111667e-01 3.191780004067035215e-01 3.172375639323751773e-01 3.102743607053498054e-01 3.020770907639266922e-01
1.320000000000000284e+01 3.202179973149486547e-01 3.174504510401944257e-01 3.158764345535728379e-01 3.138961066364345243e-01 3.069280754633816888e-01 2.987432833235894036e-01
1.321666666666666856e+01 3.175747828617646040e-01 3.147665142645807990e-01 3.132461555107387552e-01 3.112534795594206760e-01 3.043012237436856227e-01 2.960558408709725309e-01
1.323333333333333428e+01 3.156585419998195197e-01 3.128123451988976678e-01 3.113781511215847342e-01 3.094072961482485784e-01 3.024114406095036456e-01 2.940763396124396745e-01
1.325000000000000000e+01 3.146149388465764862e-01 3.115368881049251915e-01 3.103989466241077744e-01 3.084211132983134540e-01 3.013741943315295102e-01 2.928596634711783109e-01
1.326666666666666572e+01 3.148008878468639971e-01 3.113431945557773028e-01 3.105722216354713794e-01 3.085673714295039671e-01 3.014990155073440370e-01 2.924234725097977772e-01
1.328333333333333144e+01 3.162809039435185432e-01 3.129372498763801080e-01 3.119495044711704801e-01 3.099406192276240590e-01 3.028867727371923890e-01 2.935152609812552438e-01
1.329999999999999716e+01 3.191848758944940689e-01 3.157958855260621367e-01 3.148406279716515765e-01 3.130318532632912487e-01 3.059527605256026628e-01 2.969087082894305007e-01
1.331666666666666998e+01 3.245006788294080291e-01 3.204995261993043298e-01 3.202076218327835622e-01 3.183768610740320137e-01 3.112836312617853207e-01 3.021822511483964746e-01
1.333333333333333570e+01 3.320899115079771202e-01 3.280518778735057039e-01 3.277487154091929811e-01 3.257390489412755885e-01 3.186471037190942157e-01 3.094169228357612766e-01
1.335000000000000142e+01 3.409032836535149658e-01 3.373817633060288701e-01 3.365208314377066134e-01 3.346845196484528606e-01 3.275786075868060143e-01 3.181823480115866798e-01
1.336666666666666714e+01 3.498513385345403126e-01 3.465994612080984250e-01 3.455157328804003281e-01 3.436733175151056585e-01 3.365801950999329772e-01 3.269671782319656383e-01
1.338333333333333286e+01 3.578612701117931949e-01 3.544317606888264249e-01 3.535151910173265355e-01 3.516646619593343792e-01 3.445964978182963212e-01 3.355375698643738858e-01
1.339999999999999858e+01 3.649902468522389642e-01 3.614588671549247012e-01 3.605809063748875443e-01 3.587718048860028541e-01 3.517720334227829038e-01 3.427850959022500921e-01
1.341666666666666430e+01 3.709667616139668000e-01 3.675742374014300262e-01 3.665663958021002644e-01 3.647056132452016763e-01 3.577840412386564806e-01 3.486124980172156107e-01
1.343333333333333002e+01 3.762113527822437131e-01 3.729121949951840209e-01 3.718594123129123630e-01 3.700671334389535327e-01 3.631162126007152491e-01 3.538111419340725927e-01
1.345000000000000284e+01 3.813327200212792145e-01 3.781935636913154597e-01 3.770048565800930840e-01 3.751892491690403952e-01 3.682258049901404595e-01 3.588058290576595089e-01
1.346666666666666856e+01 3.863767279653040898e-01 3.832032825449462887e-01 3.819506791525217326e-01 3.801340860247799935e-01 3.731449510447394924e-01 3.636490259305792949e-01
1.348333333333333428e+01 3.913259799586254473e-01 3.878339237207885648e-01 3.867390747588260180e-01 3.849726655010825560e-01 3.779718695729345490e-01 3.685227106035821598e-01
1.350000000000000000e+01 3.958190553367955666e-01 3.924340408828404514e-01 3.912332433124686148e-01 3.895606253329938484e-01 3.825775832724030434e-01 3.730860500836198912e-01
1.351666666666666572e+01 4.001024343510644621e-01 3.970671833909605875e-01 3.956537335952218237e-01 3.939612775904728914e-01 3.869582756680676194e-01 3.774049076634349853e-01
1.353333333333333144e+01 4.043571509320477153e-01 4.012747781558884119e-01 3.998572790631966800e-01 3.980865355144235229e-01 3.910593440280882849e-01 3.816624302368015753e-01
1.354999999999999716e+01 4.082994361600968403e-01 4.050701807693373735e-01 4.037342893395794996e-01 4.020243301351092979e-01 3.950798467087375809e-01 3.856213726183312929e-01
1.356666666666666998e+01 4.120254799880405105e-01 4.088853265842484208e-01 4.074432262580554576e-01 4.057481047753727088e-01 3.988445073340947666e-01 3.891574252486273977e-01
1.358333333333333570e+01 4.155299474690060668e-01 4.123616063664836684e-01 4.108683309099573355e-01 4.091895714916782834e-01 4.022290997617351538e-01 3.925681099733361878e-01
1.360000000000000142e+01 4.188332939512062203e-01 4.155251668887212091e-01 4.141748265076872215e-01 4.125300622922150606e-01 4.055135721054287101e-01 3.958641389936776167e-01
1.361666666666666714e+01 4.219728005918948477e-01 4.186102040577418526e-01 4.173950998868483642e-01 4.157079133932546910e-01 4.087503544526939758e-01 3.990110253184678268e-01
1.363333333333333286e+01 4.251253354828203879e-01 4.217376032770326910e-01 4.205708529354443281e-01 4.188583663781941246e-01 4.119830516244444296e-01 4.022121027388675385e-01
1.364999999999999858e+01 4.283008795317060913e-01 4.247008850654773182e-01 4.237297122778515557e-01 4.219963876306816464e-01 4.151659339583020358e-01 4.052854377215009407e-01
1.366666666666666430e+01 4.314471704951446385e-01 4.279182189206148790e-01 4.267767705479929563e-01 4.250538942999392833e-01 4.183469423194347003e-01 4.082485093680078281e-01
1.368333333333333002e+01 4.345029169974095051e-01 4.311292815072028661e-01 4.297471177730020631e-01 4.281362948147777736e-01 4.213003839565171993e-01 4.113494132812804960e-01
1.370000000000000284e+01 4.374446094604900193e-01 4.338337873339971340e-01 4.327986909928225878e-01 4.311416855871340048e-01 4.242138429298173974e-01 4.143702084444086386e-01
1.371666666666666856e+01 4.403403945360581662e-01 4.367155881056289379e-01 4.356789625738176630e-01 4.340459258512611718e-01 4.272173978359355417e-01 4.171278294980114154e-01
1.373333333333333428e+01 4.432002347061151926e-01 4.398315189743056131e-01 4.383980633282452688e-01 4.368612034607495809e-01 4.299979592280286367e-01 4.199494185216781084e-01
1.375000000000000000e+01 4.458816638795364828e-01 4.425221390367532481e-01 4.412269805501033426e-01 4.396107440587939119e-01 4.327268915652835446e-01 4.227125534982932864e-01
1.376666666666666572e+01 4.485723060708189935e-01 4.453982189663626690e-01 4.440017970685624649e-01 4.423333354795030425e-01 4.355171407215597812e-01 4.253268953238456551e-01
1.378333333333333144e+01 4.512507972701156889e-01 4.482075904565370750e-01 4.466010767462347819e-01 4.449991969983758122e-01 4.381489875489607000e-01 4.279761348296717838e-01
1.379999999999999716e+01 4.539177574455217079e-01 4.507249208617374325e-01 4.491024514687708136e-01 4.476048174992751094e-01 4.407190614854326616e-01 4.305280347644950267e-01
1.381666666666666998e+01 4.564740804636236438e-01 4.533469965192626350e-01 4.516036067470733939e-01 4.501255518611110285e-01 4.433035099440894022e-01 4.330315642420768385e-01
1.383333333333333570e+01 4.589409725342529223e-01 4.558677536091134130e-01 4.541857784483275262e-01 4.526379200958859372e-01 4.458494338136299029e-01 4.355617662696156800e-01
1.385000000000000142e+01 4.598043259030512586e-01 4.566552866443013836e-01 4.550737486128406117e-01 4.535488352269561596e-01 4.467643065548482229e-01 4.364510062660719170e-01
1.386666666666666714e+01 4.563081606794064937e-01 4.530805804969578743e-01 4.515016748470717656e-01 4.498961375939998786e-01 4.432391315019625910e-01 4.327934322934326450e-01
1.388333333333333286e+01 4.463412259435264318e-01 4.431442917655019631e-01 4.414376070182069456e-01 4.396595143269921291e-01 4.331925753403265134e-01 4.223196774880599302e-01
1.389999999999999858e+01 4.283002789459267046e-01 4.253003825200414312e-01 4.209875843677199359e-01 4.229709297428381753e-01 4.148643497904148103e-01 4.049653985297259062e-01
1.391666666666666430e+01 4.049582289224035181e-01 4.021909895226726261e-01 4.024795924362521982e-01 3.992487214942687657e-01 3.917452513706121686e-01 3.810228964036945776e-01
1.393333333333333002e+01 3.786791127190264339e-01 3.756212156608203512e-01 3.785828847881460568e-01 3.727325902095953158e-01 3.655135795158735434e-01 3.553581751223292007e-01
1.395000000000000284e+01 3.526873130220675168e-01 3.497803607772426715e-01 3.513457187635437018e-01 3.467939127632449492e-01 3.398490739428356999e-01 3.299068736801591961e-01
1.396666666666666856e+01 3.297565735281773880e-01 3.270419433669159992e-01 3.283026030180234422e-01 3.237033660829270465e-01 3.172212541768013594e-01 3.075956114527841900e-01
1.398333333333333428e+01 3.103414240999226581e-01 3.076858206659032757e-01 3.084046302508155479e-01 3.043859440390477289e-01 2.977054841338357960e-01 2.884490468953839759e-01
1.400000000000000000e+01 2.935952125515348676e-01 2.914099801334147921e-01 2.914773088530934753e-01 2.876886024910905726e-01 2.810991348361619457e-01 2.720085099686396779e-01
1.401666666666666572e+01 2.788242863734686772e-01 2.767293788631875473e-01 2.763966964601033971e-01 2.726956549932963436e-01 2.663975852034540237e-01 2.575137364033444065e-01
1.403333333333333144e+01 2.652794145355052424e-01 2.628256098772472349e-01 2.627011503481823107e-01 2.594238489721401586e-01 2.528091692332984364e-01 2.443803833823299521e-01
1.404999999999999716e+01 2.529520657888727486e-01 2.502621048310573193e-01 2.501763901537847890e-01 2.471791842822817775e-01 2.407347298483351605e-01 2.321968370322722575e-01
1.406666666666666998e+01 2.417335982675483941e-01 2.390735469009473146e-01 2.388444748167808940e-01 2.358835396568732812e-01 2.295165365620154274e-01 2.211496967328950847e-01
1.408333333333333570e+01 2.319011066517483177e-01 2.290511453107923479e-01 2.288350964266523679e-01 2.258937540002026179e-01 2.194611952538690347e-01 2.114117144345316890e-01
1.410000000000000142e+01 2.230513815548395840e-01 2.198775461014723376e-01 2.196221937414617187e-01 2.167991487415835139e-01 2.106416193705882567e-01 2.025008430676498161e-01
1.411666666666666714e+01 2.144880346671055593e-01 2.113053054532793573e-01 2.109783107102711774e-01 2.083347906093307722e-01 2.021180788167623310e-01 1.940727084261674729e-01
1.413333333333333286e+01 2.059014504203702522e-01 2.030332552642613309e-01 2.026126753082351795e-01 1.999518532568639040e-01 1.937691277963962400e-01 1.859203049454216661e-01
1.414999999999999858e+01 1.978367145586082121e-01 1.949405765738597973e-01 1.943307383546777900e-01 1.919042722485130303e-01 1.857749007543310626e-01 1.780892942103595999e-01
1.416666666666666430e+01 1.904459610460461638e-01 1.870410040345182601e-01 1.863030258325294730e-01 1.841386790475020296e-01 1.778964646148025464e-01 1.704707142076871684e-01
1.418333333333333002e+01 1.831374851145380900e-01 1.793060041612412614e-01 1.784859504801936669e-01 1.766609384979402897e-01 1.704284419288756292e-01 1.630600828687763793e-01
1.420000000000000284e+01 1.753877488830327958e-01 1.720376266562787526e-01 1.714591564677995228e-01 1.695288591846974835e-01 1.634766016430239111e-01 1.561174206223125416e-01
1.421666666666666856e+01 1.684905123593509746e-01 1.655066593958284260e-01 1.649403045108539245e-01 1.628871679885096069e-01 1.567664315957707777e-01 1.495896561462460306e-01
1.423333333333333428e+01 1.622206383744351221e-01 1.593884013247554854e-01 1.584270910850007763e-01 1.566069024227277895e-01 1.504584736107542897e-01 1.433939097547257957e-01
1.425000000000000000e+01 1.561006499549221771e-01 1.533049616004747429e-01 1.522260119223945440e-01 1.505944476706237434e-01 1.445322324406997649e-01 1.376475711268068114e-01
1.426666666666666572e+01 1.503811710600446439e-01 1.476758658111730627e-01 1.469127722776009948e-01 1.449964839037994613e-01 1.390713359822915440e-01 1.321501512781262655e-01
1.428333333333333144e+01 1.449177087642164463e-01 1.425906532464344123e-01 1.417264369674860469e-01 1.395994673068917669e-01 1.336387602150082843e-01 1.268780542435337388e-01
1.429999999999999716e+01 1.395528883878663085e-01 1.373309151492950464e-01 1.363816294077949132e-01 1.343224344711747842e-01 1.283926504295038185e-01 1.217096295365954761e-01
1.431666666666666998e+01 1.344484892345476357e-01 1.319453225214870795e-01 1.312221826987060580e-01 1.292180103242528966e-01 1.233041180880806165e-01 1.167087011314350414e-01
1.433333333333333570e+01 1.293956467374121899e-01 1.266939899354352084e-01 1.261387192879782904e-01 1.241890401127059285e-01 1.183501781200086422e-01 1.118016495780007613e-01
1.435000000000000142e+01 1.245230872703080027e-01 1.219567098262516885e-01 1.212498247891787145e-01 1.193629549016279184e-01 1.135085544132245911e-01 1.070903437582910317e-01
1.436666666666666714e+01 1.198456098932421943e-01 1.174199616274574226e-01 1.165332752705591501e-01 1.147865318900034570e-01 1.089488914576979273e-01 1.025401480963756135e-01
1.438333333333333286e+01 1.154447662529848456e-01 1.129229953684342952e-01 1.120327533343123128e-01 1.103846260152878400e-01 1.045843933308769763e-01 9.823121202444891342e-02
1.439999999999999858e+01 1.112578314622732906e-01 1.087541159532562640e-01 1.079262431295464758e-01 1.061834529906936914e-01 1.004998906490991023e-01 9.420577819354412907e-02
1.441666666666666430e+01 1.073053950171589666e-01 1.048758780634048426e-01 1.040027510758019247e-01 1.022411031724928809e-01 9.659643793972153003e-02 9.039134744397872567e-02
1.443333333333333002e+01 1.036790240188530804e-01 1.012033869856581031e-01 1.003948574918326897e-01 9.869396815802601586e-02 9.301629766702498858e-02 8.685488956119476189e-02
1.445000000000000284e+01 1.005548590976936274e-01 9.808750423503245774e-02 9.728142319598651055e-02 9.568644824490622758e-02 8.989720473314102844e-02 8.380996899860107541e-02
1.446666666666666856e+01 9.803063817362368815e-02 9.561252429206634762e-02 9.476031933431156018e-02 9.317396299252132807e-02 8.741345580696267825e-02 8.136434730623416656e-02
1.448333333333333428e+01 9.616136619717240153e-02 9.377067079997057630e-02 9.292397500831280077e-02 9.126680406822552938e-02 8.557253998386618599e-02 7.960459872017970617e-02
1.450000000000000000e+01 9.495419393322422630e-02 9.257488558058762917e-02 9.173446830498797888e-02 9.001884433880832925e-02 8.435327889326650619e-02 7.848240478043286283e-02
1.451666666666666572e+01 9.459073483039638630e-02 9.220902144008849555e-02 9.140530327199310190e-02 8.966240808290300290e-02 8.396859325492728177e-02 7.815904881009846927e-02
1.453333333333333144e+01 9.571296201615558941e-02 9.328381346723441103e-02 9.251434983066307571e-02 9.072234038771442854e-02 8.509794254400317171e-02 7.926109620667259881e-02
1.454999999999999716e+01 9.881546638322290244e-02 9.635812121244338724e-02 9.566928197710633519e-02 9.383306305974278838e-02 8.822448456035276998e-02 8.235548672994449926e-02
1.456666666666666998e+01 1.040451208252848453e-01 1.015474311669054691e-01 1.009265155954035126e-01 9.905426860575498871e-02 9.337480762613858953e-02 8.762606880833150036e-02
1.458333333333333570e+01 1.117501081045246675e-01 1.090555259693760659e-01 1.081134696728105610e-01 1.066375563826388456e-01 1.009074875783494973e-01 9.500663615492532799e-02
1.460000000000000142e+01 1.209176407019706412e-01 1.182348747494114671e-01 1.173305432626132461e-01 1.160514642262071988e-01 1.099694272027925274e-01 1.039982447402257731e-01
1.461666666666666714e+01 1.292150870668750950e-01 1.264513883372620495e-01 1.257980809601930983e-01 1.240699021876233432e-01 1.181528692350337778e-01 1.121042399383367361e-01
1.463333333333333286e+01 1.346933824038067384e-01 1.319491780191004715e-01 1.312384010386268007e-01 1.294963319163109916e-01 1.237053311535015465e-01 1.175214202971954364e-01
1.464999999999999858e+01 1.367432349600387620e-01 1.341950391092929518e-01 1.333433387089859867e-01 1.318342611207975190e-01 1.257311039087003479e-01 1.195167073223808857e-01
1.466666666666666430e+01 1.361495266061517884e-01 1.336891781969656856e-01 1.328298209312673284e-01 1.314408287865638236e-01 1.251867713878237198e-01 1.189058926226705254e-01
1.468333333333333002e+01 1.338086002170965350e-01 1.313830450308900999e-01 1.305117834685417255e-01 1.293422023211070748e-01 1.227731834395376226e-01 1.165348519263565280e-01
1.470000000000000284e+01 1.314590086524109747e-01 1.288963181929367874e-01 1.279353547329433183e-01 1.265626257251361020e-01 1.204903037879202082e-01 1.143399883757742069e-01
1.471666666666666856e+01 1.291109152953214267e-01 1.266533935155841617e-01 1.258316704450644363e-01 1.242439674464642652e-01 1.182221657553919475e-01 1.119713260400560517e-01
1.473333333333333428e+01 1.272538536457192282e-01 1.247996372504725088e-01 1.239981093868071510e-01 1.222573928176616392e-01 1.161529319508176061e-01 1.100080422890931664e-01
1.475000000000000000e+01 1.258475268848043838e-01 1.233460268970017759e-01 1.224899870295879933e-01 1.207908498152284044e-01 1.147329587551932373e-01 1.086140860349704002e-01
1.476666666666666572e+01 1.246352089608147723e-01 1.221332562377684255e-01 1.212743182454461971e-01 1.195246108669483220e-01 1.135973946664951967e-01 1.074974764129747046e-01
1.478333333333333144e+01 1.233567733248201320e-01 1.208643847203589305e-01 1.200115838224259102e-01 1.183305956633768641e-01 1.122859629284873595e-01 1.062666661974547705e-01
1.479999999999999716e+01 1.218184766707258587e-01 1.193522150549121558e-01 1.184809057292568885e-01 1.167993646639881866e-01 1.108199546911290412e-01 1.047800013560375304e-01
1.481666666666666998e+01 1.199972059114224193e-01 1.175364467180411293e-01 1.166612521663109581e-01 1.149491521343780770e-01 1.090460023574940374e-01 1.030046656276014799e-01
1.483333333333333570e+01 1.179886601761415271e-01 1.155146055310783265e-01 1.146533552388038918e-01 1.129462512284734460e-01 1.070129387494677398e-01 1.010226632450403339e-01
1.485000000000000142e+01 1.158681669880068377e-01 1.134118281115133742e-01 1.125497277171762095e-01 1.108351277709593574e-01 1.049247919305048016e-01 9.894345915873241359e-02
1.486666666666666714e+01 1.137637366329905669e-01 1.113293913891823805e-01 1.104610172304865690e-01 1.087414599444505858e-01 1.028565580581202038e-01 9.690816060780055308e-02
1.488333333333333286e+01 1.118257082829027110e-01 1.093936676382534640e-01 1.085345945391161249e-01 1.068125780336846020e-01 1.009248131427090411e-01 9.502405710881463297e-02
1.489999999999999858e+01 1.101009786340621244e-01 1.076707710855690642e-01 1.068185896221696268e-01 1.050906652400505903e-01 9.922031443044999899e-02 9.334115062013743913e-02
1.491666666666666430e+01 1.085586768748899311e-01 1.061386141647876757e-01 1.052797611320272358e-01 1.035568312100269422e-01 9.768993779510122544e-02 9.184387114317277279e-02
1.493333333333333002e+01 1.072821778495728906e-01 1.048763342801667525e-01 1.040110157141058839e-01 1.022921928395943147e-01 9.641811454842227902e-02 9.060792395855174486e-02
1.495000000000000284e+01 1.065086864548361323e-01 1.041060446719035554e-01 1.032472824579896559e-01 1.015284719663805540e-01 9.564864546092588515e-02 8.986494813630221956e-02
1.496666666666666856e+01 1.064912772402562685e-01 1.040789470709595765e-01 1.032362408931587483e-01 1.015218796562607356e-01 9.563447167276836747e-02 8.986428626200282377e-02
1.498333333333333428e+01 1.074288157745922068e-01 1.050041909879931290e-01 1.041870995086271873e-01 1.024741426128652905e-01 9.654445497028799061e-02 9.079454997670537153e-02
1.500000000000000000e+01 1.091229992189358816e-01 1.066805967884247863e-01 1.058729409043112774e-01 1.041742900870272076e-01 9.825058947916626151e-02 9.249672654041557474e-02
1.501666666666666572e+01 1.111758534073853805e-01 1.087250836838918600e-01 1.079225363575740670e-01 1.062333544809804103e-01 1.002096333286631030e-01 9.453521630186914604e-02
1.503333333333333144e+01 1.134157161953771309e-01 1.109467114864260279e-01 1.101153129551266097e-01 1.084169072056925948e-01 1.023830229883367499e-01 9.663701192081745883e-02
1.504999999999999716e+01 1.152205366537869674e-01 1.127608637479157461e-01 1.119350902124940234e-01 1.102122480445431180e-01 1.042221563860449701e-01 9.837335568011394693e-02
1.506666666666666998e+01 1.165497817908211081e-01 1.141001785497352955e-01 1.132573923267666538e-01 1.115507808397543515e-01 1.055299978390820542e-01 9.965886339132659644e-02
1.508333333333333570e+01 1.174126377845947644e-01 1.149730601829611204e-01 1.141221139766549070e-01 1.124188698008540821e-01 1.064400674385444778e-01 1.005376679678196272e-01
1.510000000000000142e+01 1.179763079159208417e-01 1.155397166627637057e-01 1.146862606435413018e-01 1.129745898031977863e-01 1.069852173641966525e-01 1.010970427423262680e-01
1.511666666666666714e+01 1.183328797923587361e-01 1.159443103252706248e-01 1.150425341379266997e-01 1.133388095170663606e-01 1.073289593426900446e-01 1.014766811476020270e-01
1.513333333333333286e+01 1.184728312240244663e-01 1.161127573387926160e-01 1.151778786958067013e-01 1.134904801274988079e-01 1.074878644099972053e-01 1.016179855842856000e-01
1.514999999999999858e+01 1.183873556208619726e-01 1.160220857863820954e-01 1.150892647136832342e-01 1.134067432908179573e-01 1.073960407955600327e-01 1.015318359204422927e-01
1.516666666666666430e+01 1.180906393481642447e-01 1.157351608269662907e-01 1.147896336655477578e-01 1.131069486843772343e-01 1.071068114464097110e-01 1.012781848036274773e-01
1.518333333333333002e+01 1.177442832360637293e-01 1.153806286523969410e-01 1.144911569492340631e-01 1.128085952201400566e-01 1.067205009215417277e-01 1.009310343426065848e-01
1.520000000000000284e+01 1.176745136613321224e-01 1.152848937113995220e-01 1.143775109794286232e-01 1.126619052365321061e-01 1.065924654166472557e-01 1.007846165052679599e-01
1.521666666666666856e+01 1.180022211004271571e-01 1.155908345663536896e-01 1.147346413244908075e-01 1.129657673437791526e-01 1.069377245897365630e-01 1.011263115267405643e-01
1.523333333333333428e+01 1.191487550214246072e-01 1.166877181026883814e-01 1.158009787299251608e-01 1.140223177425661039e-01 1.080118499045488595e-01 1.021942244935899469e-01
1.525000000000000000e+01 1.209329274092201950e-01 1.183571147348904812e-01 1.174809483831687901e-01 1.156826505407351352e-01 1.096650600334260761e-01 1.037753729573818728e-01
1.526666666666666572e+01 1.232196379481293597e-01 1.208343164489027177e-01 1.199510390915052432e-01 1.182032108573467938e-01 1.119769245690251935e-01 1.061392618775165164e-01
1.528333333333333144e+01 1.270830138612352445e-01 1.247863180285061907e-01 1.239521988206235270e-01 1.222245226487569947e-01 1.159289637361044512e-01 1.100580617867921857e-01
1.529999999999999716e+01 1.336269169043348415e-01 1.310646413644389052e-01 1.302162782782650130e-01 1.285463659151888649e-01 1.224112286043514686e-01 1.163738268676073606e-01
1.531666666666666998e+01 1.426099146161999842e-01 1.400199528025270757e-01 1.393390889653480513e-01 1.376362159561071719e-01 1.312274370026758064e-01 1.252308418733345530e-01
1.533333333333333570e+01 1.541887103571103479e-01 1.515515382652098397e-01 1.509127705546107756e-01 1.492964397416204070e-01 1.429091505339850632e-01 1.368934401142258284e-01
1.535000000000000142e+01 1.677969303857550776e-01 1.651279012664416401e-01 1.645097122416894486e-01 1.629150329710183642e-01 1.563927612857743676e-01 1.502626510755676881e-01
1.536666666666666714e+01 1.812171576808502826e-01 1.783965249912740081e-01 1.778193449002525572e-01 1.762576089675965962e-01 1.696111054228450488e-01 1.634454880372489260e-01
1.538333333333333286e+01 1.933041899567113919e-01 1.903032788426747557e-01 1.896241238397938789e-01 1.880363589994357432e-01 1.816339894451269588e-01 1.752428244146910230e-01
1.539999999999999858e+01 2.032090038784837849e-01 2.003058017766431165e-01 1.996070377241651872e-01 1.980425073479654408e-01 1.914501498131942758e-01 1.849350474474318051e-01
1.541666666666666430e+01 2.114870003827172273e-01 2.085800863900639512e-01 2.078397564588119195e-01 2.063280111555860774e-01 1.996585327373699148e-01 1.931309536777014724e-01
1.543333333333333002e+01 2.187473709158716528e-01 2.158217523480595035e-01 2.151336676749412147e-01 2.134848484060658524e-01 2.067653525919432300e-01 2.000630261232023421e-01
1.545000000000000284e+01 2.254147934391229624e-01 2.225280101452526693e-01 2.217834068966957894e-01 2.200629492335199888e-01 2.134299940752032165e-01 2.065398417399029463e-01
1.546666666666666856e+01 2.319396967837881463e-01 2.290710073881477293e-01 2.281884512191654502e-01 2.265884977325831606e-01 2.199395882719295536e-01 2.129902861601531694e-01
1.548333333333333428e+01 2.381793396209000158e-01 2.352324094491851370e-01 2.343677517066611593e-01 2.327360700944985927e-01 2.260436604525279392e-01 2.190827642119413388e-01
1.550000000000000000e+01 2.440986661818379255e-01 2.410085050779466609e-01 2.402884533163154868e-01 2.384633915251655745e-01 2.318840908529521128e-01 2.247899313836545510e-01
1.551666666666666572e+01 2.496374812596658943e-01 2.465985737754612939e-01 2.457325788745192696e-01 2.440909009962689280e-01 2.373617047685236958e-01 2.301958300363543541e-01
1.553333333333333144e+01 2.550621362656310676e-01 2.521165189344530821e-01 2.510813906618100111e-01 2.495472899096128072e-01 2.428111961466049573e-01 2.356197971438347694e-01
1.554999999999999716e+01 2.603825116540969820e-01 2.574876190062732606e-01 2.566235889096587508e-01 2.549365103139253352e-01 2.482184226402655569e-01 2.409878536090472312e-01
1.556666666666666998e+01 2.658405178232229882e-01 2.629261918556397015e-01 2.620374971024577171e-01 2.603792946020817012e-01 2.535650337917326747e-01 2.463166394432933226e-01
1.558333333333333570e+01 2.713649741009627192e-01 2.684053709547161159e-01 2.674920319435428739e-01 2.658751094862104036e-01 2.590962174171138610e-01 2.517122455467656339e-01
1.560000000000000142e+01 2.768129623624446256e-01 2.738287784799090518e-01 2.729884684427073549e-01 2.712940269842716301e-01 2.645128268836394736e-01 2.571018185082244445e-01
1.561666666666666714e+01 2.820520212565110763e-01 2.790428159647543871e-01 2.781315940917493124e-01 2.764971502677958659e-01 2.696370887753801182e-01 2.622076907581509242e-01
1.563333333333333286e+01 2.869884103801619846e-01 2.839917958613809579e-01 2.830312251394356271e-01 2.814447417013734576e-01 2.745609465143714067e-01 2.669278389283957220e-01
1.564999999999999858e+01 2.916378011285127858e-01 2.886675158975274269e-01 2.875839375915541507e-01 2.860430628041094048e-01 2.792248463156706273e-01 2.715274156318029375e-01
1.566666666666666430e+01 2.959695816677287983e-01 2.929432792634980576e-01 2.918898323177687715e-01 2.903527456108035421e-01 2.834936102107814548e-01 2.757370566011761448e-01
1.568333333333333002e+01 3.000958540158992216e-01 2.970870219591107420e-01 2.960054096655963529e-01 2.944064167241048358e-01 2.875536708300359678e-01 2.798136211290553343e-01
1.570000000000000284e+01 3.039711743685022949e-01 3.009976412189686590e-01 2.999133772756255589e-01 2.982941887226330246e-01 2.914922989480657756e-01 2.836434226700280670e-01
1.571666666666666856e+01 3.076359132706796840e-01 3.047034106309510215e-01 3.037092275309690725e-01 3.020687779893934111e-01 2.951297675292581246e-01 2.872572554583207038e-01
1.573333333333333428e+01 3.112456581693454072e-01 3.083001332258694660e-01 3.072346054295725937e-01 3.055905236133708014e-01 2.986826060975854014e-01 2.908335835428983995e-01
1.575000000000000000e+01 3.147388185073872191e-01 3.116673161604762154e-01 3.106102757327260933e-01 3.089622314687218152e-01 3.021824140572043071e-01 2.941235713678838071e-01
1.576666666666666572e+01 3.179373805235312656e-01 3.149134058393460167e-01 3.138078008999795054e-01 3.121716263334552988e-01 3.053854232564169324e-01 2.972695726986617770e-01
1.578333333333333144e+01 3.210372493092333301e-01 3.180469759630643045e-01 3.169147813159634008e-01 3.152759570790129029e-01 3.084454627489239265e-01 3.003868914853932148e-01
1.579999999999999716e+01 3.240487829832289779e-01 3.210163246134182802e-01 3.199538786293467663e-01 3.183147024865463637e-01 3.114701777222678158e-01 3.032775126595223525e-01
1.581666666666666998e+01 3.268534343560418054e-01 3.238943406759703381e-01 3.227560383213184392e-01 3.211395735209335300e-01 3.142575833948813013e-01 3.061393970977419055e-01
1.583333333333333570e+01 3.296473340691202791e-01 3.266104324416790328e-01 3.254524142335650239e-01 3.239046066252693756e-01 3.170379162404455831e-01 3.088340099532096983e-01
1.585000000000000142e+01 3.323457099382230995e-01 3.292729183785494951e-01 3.281459311266973211e-01 3.265658272379052818e-01 3.197529727565554536e-01 3.114361295066968016e-01
1.586666666666666714e+01 3.348584324489043418e-01 3.318263934343151367e-01 3.306803718096209543e-01 3.291331375819659955e-01 3.222601235457151492e-01 3.138841388907093188e-01
1.588333333333333286e+01 3.373135730402287980e-01 3.341779078719118168e-01 3.330533219163360759e-01 3.315571535953872884e-01 3.246550871185310272e-01 3.162187905865612159e-01
1.589999999999999858e+01 3.395807733913319137e-01 3.364722224258978600e-01 3.353557105541690175e-01 3.337785859422646162e-01 3.268961121947916992e-01 3.185422653219905365e-01
1.591666666666666430e+01 3.417306027264415125e-01 3.386748556950896494e-01 3.375897932527955336e-01 3.359466066617796676e-01 3.290999388879899956e-01 3.206617878040613490e-01
1.593333333333333002e+01 3.438295046114780984e-01 3.407920499102115031e-01 3.396475255726852938e-01 3.380605872608484774e-01 3.312093514811869088e-01 3.226365705972240594e-01
1.595000000000000284e+01 3.458220163935036284e-01 3.427732255256018545e-01 3.415610254264462298e-01 3.400649142481002585e-01 3.331695629571372885e-01 3.246174082554437734e-01
1.596666666666666856e+01 3.477760445586916549e-01 3.446499902819490369e-01 3.434510077860083999e-01 3.420037110642175082e-01 3.351080395646887644e-01 3.264931398548476804e-01
1.598333333333333428e+01 3.496208985588803442e-01 3.465240653764962708e-01 3.453290040610095812e-01 3.438061300622080596e-01 3.369310467388488828e-01 3.283255513795489966e-01
1.600000000000000000e+01 3.513677753338422249e-01 3.483000169910042132e-01 3.471044300340061506e-01 3.455600051382431981e-01 3.386645493225050041e-01 3.300335480537448518e-01
1.601666666666666572e+01 3.521385229402554939e-01 3.490320929633641267e-01 3.478514239890809212e-01 3.462939000260878419e-01 3.394502829439431935e-01 3.307545891397179472e-01
1.603333333333333144e+01 3.501780120880113589e-01 3.470738774788429404e-01 3.458852674372657199e-01 3.442744735682554680e-01 3.375067276298746588e-01 3.287927047689175319e-01
1.604999999999999716e+01 3.444854755866949003e-01 3.414353980468835537e-01 3.403504487102269604e-01 3.385116702430597257e-01 3.318604193423981830e-01 3.230481876987876255e-01
1.606666666666666288e+01 3.341836527311125571e-01 3.309874181328131271e-01 3.304327945034328806e-01 3.282046258528816818e-01 3.215976588194900954e-01 3.124898452559997097e-01
1.608333333333332860e+01 3.189917020193723252e-01 3.163959751875367044e-01 3.151545819807546889e-01 3.131583314900842074e-01 3.066296543323223101e-01 2.978302547907480946e-01
1.609999999999999432e+01 3.021370240724679523e-01 2.993952237833387153e-01 2.980169434633433423e-01 2.960798265245634942e-01 2.895261281050364732e-01 2.813461223229675734e-01
1.611666666666667425e+01 2.861344175958007163e-01 2.830694724455511957e-01 2.818730907955088738e-01 2.800853913818093788e-01 2.734493324235776623e-01 2.651024620373736984e-01
1.613333333333332575e+01 2.710092780822917491e-01 2.680035398946497560e-01 2.668046929543035350e-01 2.650260221284151396e-01 2.584008030348891594e-01 2.502438463118991652e-01
1.615000000000000568e+01 2.576365440145992336e-01 2.547452248968443689e-01 2.537470252313756003e-01 2.517650576437520105e-01 2.452625823495109825e-01 2.372557484135147110e-01
1.616666666666667140e+01 2.457220755377268750e-01 2.427374876245214363e-01 2.417546580622014774e-01 2.399668159432124526e-01 2.334409878888524803e-01 2.256055062575730297e-01
1.618333333333333712e+01 2.350480697085623738e-01 2.320626230541865120e-01 2.312793425415160808e-01 2.293150411026914359e-01 2.228943992342244107e-01 2.151700879942831657e-01
1.620000000000000284e+01 2.257021921749833016e-01 2.229228469000869295e-01 2.221484579548003713e-01 2.199868601226801224e-01 2.135660699471796931e-01 2.059746805744073206e-01
1.621666666666666856e+01 2.179233374224654463e-01 2.151612868449885307e-01 2.143167740827054968e-01 2.122779955347384451e-01 2.058598827603105308e-01 1.983683524648257035e-01
1.623333333333333428e+01 2.119001658673639321e-01 2.090357290427684867e-01 2.081462007493590782e-01 2.063105007624993770e-01 2.000123580722750483e-01 1.925627891192006613e-01
1.625000000000000000e+01 2.076282534993234008e-01 2.047864360495231240e-01 2.037560068513972200e-01 2.021364067860776936e-01 1.957612622425979887e-01 1.884619604690225270e-01
1.626666666666666572e+01 2.049303387970571599e-01 2.020902933900388943e-01 2.011228483298571901e-01 1.994780798084445361e-01 1.930864382465729001e-01 1.858520116271453748e-01
1.628333333333333144e+01 2.044187395808901297e-01 2.015159137521302102e-01 2.006465702726472344e-01 1.989964245566454293e-01 1.926098444217048677e-01 1.853645719676276227e-01
1.629999999999999716e+01 2.068046272192180235e-01 2.038470986471960233e-01 2.029807348411224177e-01 2.014295408883892136e-01 1.949509338848171569e-01 1.877639548473955533e-01
1.631666666666666288e+01 2.117851608671915964e-01 2.088014939907130441e-01 2.080830468120830057e-01 2.065868493343935575e-01 1.999668898197861922e-01 1.927905727292422711e-01
1.633333333333332860e+01 2.197688047216561080e-01 2.167255697094976064e-01 2.160717832374721425e-01 2.143065858558090564e-01 2.078451118145720200e-01 2.006567514692912391e-01
1.634999999999999432e+01 2.304483861416228296e-01 2.274302750097376702e-01 2.267201855507705865e-01 2.252428405778144072e-01 2.183033494868340252e-01 2.111476052552191118e-01
1.636666666666667425e+01 2.412101926280161013e-01 2.381563053453337742e-01 2.374185831083119591e-01 2.361036303758502763e-01 2.291291687230832819e-01 2.217620548660276525e-01
1.638333333333332575e+01 2.506335333290570788e-01 2.475294058954234377e-01 2.467439322574417893e-01 2.452065770953790469e-01 2.385716875089624045e-01 2.310277788149269484e-01
1.640000000000000568e+01 2.579018421584456933e-01 2.548311111156815745e-01 2.539716503296536865e-01 2.524977831052478972e-01 2.458142967620763619e-01 2.381928601474055940e-01
1.641666666666667140e+01 2.634433173024056107e-01 2.603446477701796824e-01 2.595245380599697227e-01 2.580247317187499556e-01 2.513721537749917800e-01 2.436438266476607106e-01
1.643333333333333712e+01 2.678161978155790823e-01 2.647445252265862026e-01 2.638618723833053292e-01 2.623151154958772713e-01 2.557702393347432990e-01 2.479357824685536893e-01
1.645000000000000284e+01 2.717113464673080458e-01 2.686315108529154227e-01 2.676673207124430909e-01 2.661960798736248135e-01 2.595673890281703367e-01 2.517395278035884365e-01
1.646666666666666856e+01 2.753179801716253983e-01 2.722269968765397841e-01 2.713025563212632107e-01 2.698088436237272014e-01 2.631822621458880795e-01 2.553253522683233134e-01
1.648333333333333428e+01 2.786445005992597146e-01 2.755209149117225365e-01 2.746309630450505246e-01 2.731219405159309721e-01 2.665116176716965657e-01 2.586153139564483228e-01
1.650000000000000000e+01 2.815829091069210199e-01 2.783848068550730526e-01 2.775512956244278184e-01 2.760254328095577137e-01 2.693662347761763831e-01 2.614237597922320910e-01
1.651666666666666572e+01 2.842071708528751683e-01 2.810766344658862104e-01 2.801717487616302016e-01 2.787107272048202078e-01 2.720491286592957580e-01 2.640054055475778427e-01
1.653333333333333144e+01 2.868576792012640930e-01 2.837297894203752446e-01 2.828069180769249291e-01 2.813527582981807940e-01 2.747061170023173404e-01 2.665913224207916432e-01
1.654999999999999716e+01 2.895716751703018566e-01 2.863794205269343252e-01 2.855295861083788633e-01 2.840197282685791302e-01 2.772880954824671340e-01 2.692722638290278026e-01
1.656666666666666288e+01 2.923733029385451876e-01 2.891930514913241823e-01 2.883561668933701250e-01 2.868616776397578394e-01 2.801133001178197635e-01 2.720773448284367624e-01
1.658333333333332860e+01 2.953838994790007333e-01 2.921803472710059468e-01 2.913689915566739508e-01 2.897731276894819907e-01 2.831722847788028519e-01 2.750037078141928104e-01
1.659999999999999432e+01 2.984026570782256083e-01 2.952299783060801652e-01 2.943186969417027066e-01 2.927403993801917514e-01 2.861325260956734673e-01 2.779932669244704058e-01
1.661666666666667425e+01 3.011906042103443260e-01 2.980157669105076290e-01 2.971132060913968531e-01 2.956068009937760643e-01 2.888606306163696291e-01 2.807976594062134845e-01
1.663333333333332575e+01 3.037462249674194870e-01 3.004877877000767805e-01 2.996278092398009796e-01 2.981450892053363333e-01 2.914014281950593754e-01 2.832232747096143366e-01
1.665000000000000568e+01 3.059330633237357655e-01 3.026433731479589717e-01 3.017831709021413511e-01 3.003571539210523889e-01 2.935809835941704526e-01 2.853278062401995441e-01
1.666666666666667140e+01 3.077702392420026412e-01 3.045218816851509303e-01 3.036237770008190506e-01 3.022041638177711542e-01 2.954036637059827552e-01 2.871516360949815105e-01
1.668333333333333712e+01 3.094131569425758732e-01 3.062253402073936703e-01 3.052863079050889827e-01 3.038362426495663793e-01 2.970622862555106214e-01 2.887946918250589023e-01
1.670000000000000284e+01 3.109129958218622147e-01 3.077081576536333518e-01 3.067959427550992491e-01 3.053260727389231488e-01 2.985067978332890393e-01 2.902766695968262423e-01
1.671666666666666856e+01 3.122347416994822322e-01 3.089840382225043092e-01 3.080976822874728072e-01 3.066282793197246392e-01 2.998360367050370567e-01 2.915903434027620755e-01
1.673333333333333428e+01 3.133944904482218186e-01 3.101482454899737728e-01 3.092776387519770021e-01 3.078041849574263966e-01 3.010527747284077460e-01 2.927296605806924412e-01
1.675000000000000000e+01 3.144387426692339393e-01 3.111974291613784360e-01 3.103167089521181587e-01 3.088402153282603924e-01 3.020294469698423523e-01 2.937304701170140864e-01
1.676666666666666572e+01 3.152961527127706165e-01 3.120937126023921038e-01 3.111620473672260800e-01 3.097225105501160147e-01 3.029659584962898222e-01 2.945679483242545360e-01
1.678333333333333144e+01 3.159785783253954428e-01 3.129083952858134343e-01 3.119294225949749699e-01 3.104339580645438246e-01 3.038037860541461521e-01 2.953293182941673090e-01
1.679999999999999716e+01 3.166860448787706672e-01 3.135944166724570215e-01 3.126420216210467062e-01 3.111081140646798082e-01 3.044269575183106147e-01 2.959562100029035081e-01
1.681666666666666288e+01 3.173652659203555770e-01 3.141070619435184508e-01 3.132361269269135495e-01 3.117357214305093716e-01 3.050047732140797052e-01 2.964785430152644397e-01
1.683333333333332860e+01 3.178680496109436149e-01 3.146079267117309342e-01 3.137179511100617879e-01 3.122537277487090202e-01 3.055555408886077018e-01 2.969522997681104948e-01
1.684999999999999432e+01 3.182419098908459976e-01 3.150005101167754340e-01 3.140901506673191568e-01 3.126461088280266254e-01 3.059081182942054444e-01 2.973654132430463837e-01
1.686666666666667425e+01 3.185342086489574842e-01 3.153341357748213336e-01 3.143826116913002178e-01 3.129394407225171149e-01 3.061712650985828343e-01 2.976353574112637901e-01
1.688333333333332575e+01 3.186780070595863212e-01 3.155806010147497731e-01 3.145807070580090570e-01 3.131388171385233732e-01 3.063897297397154551e-01 2.978371768129033925e-01
1.690000000000000568e+01 3.187700114264920837e-01 3.156014372281806257e-01 3.146628370254803131e-01 3.132210109232569928e-01 3.065135277600840591e-01 2.979644092026478841e-01
1.691666666666667140e+01 3.187804245652084978e-01 3.155876925588803616e-01 3.146436049917389899e-01 3.132318997470636135e-01 3.064868976169217718e-01 2.979139941425891780e-01
1.693333333333333712e+01 3.186622048959543707e-01 3.155191296286893321e-01 3.145042048189723438e-01 3.131292738422869482e-01 3.063282084249027704e-01 2.977847603084931571e-01
1.695000000000000284e+01 3.185011370956651322e-01 3.152890034268289177e-01 3.142877450118233273e-01 3.129183469587678013e-01 3.061461271292229003e-01 2.975836711135548263e-01
1.696666666666666856e+01 3.182322855569201803e-01 3.150219403186697575e-01 3.140243720581871179e-01 3.126661334219568156e-01 3.058850923573835923e-01 2.972486808000652236e-01
1.698333333333333428e+01 3.178716784454972411e-01 3.147060468979583359e-01 3.136716821713925740e-01 3.123192462019102056e-01 3.055540787395399360e-01 2.968929662838790118e-01
1.700000000000000000e+01 3.174686521176440790e-01 3.143065762432796784e-01 3.132648511245342826e-01 3.119011101149332110e-01 3.051821596186696239e-01 2.965051831264097215e-01
1.701666666666666572e+01 3.170018563528416156e-01 3.138318275353739750e-01 3.127863495706652008e-01 3.114297282864280647e-01 3.046623557934184379e-01 2.960329850559001441e-01
1.703333333333333144e+01 3.164601309555278297e-01 3.132702711755381286e-01 3.122398255560548397e-01 3.108686549052218639e-01 3.041091918019276918e-01 2.955129891429486011e-01
1.704999999999999716e+01 3.158311167212107806e-01 3.126238901217955890e-01 3.115931780952317376e-01 3.102085001220433180e-01 3.034942158038624327e-01 2.948699794914347305e-01
1.706666666666666288e+01 3.151452519502846994e-01 3.119082302418669794e-01 3.108911718214546482e-01 3.095176841470287377e-01 3.027141165800746325e-01 2.941713036606496412e-01
1.708333333333332860e+01 3.143443580792321668e-01 3.111296216671883275e-01 3.101302840392997084e-01 3.087593709435291767e-01 3.018945208808166414e-01 2.934145573371004789e-01
1.709999999999999432e+01 3.134796840344543090e-01 3.102644639455569009e-01 3.093041150924909499e-01 3.079118116577798658e-01 3.010973456601881981e-01 2.925460152032682282e-01
1.711666666666667425e+01 3.125946160666823737e-01 3.093509216946075946e-01 3.083937181078101886e-01 3.070075323657945887e-01 3.002282135801448981e-01 2.916479795130954011e-01
1.713333333333332575e+01 3.116334679990304113e-01 3.084073062051553848e-01 3.074243013538815461e-01 3.060333615351644165e-01 2.992853770867859864e-01 2.907265915570468318e-01
1.715000000000000568e+01 3.106154815917741008e-01 3.073944076771619183e-01 3.063862630889387928e-01 3.050040935869888226e-01 2.982843831918271515e-01 2.897322936953011241e-01
1.716666666666667140e+01 3.095234246981005688e-01 3.063157838533598354e-01 3.052865292684399101e-01 3.039262009950743360e-01 2.972089939506521450e-01 2.886775054131525131e-01
1.718333333333333712e+01 3.083818792594362201e-01 3.051817768653876106e-01 3.041785885353758823e-01 3.027851579784778258e-01 2.961219040807631653e-01 2.875887549724714942e-01
1.720000000000000284e+01 3.072083481903860047e-01 3.039862350191546159e-01 3.029877503810555206e-01 3.015907350037193568e-01 2.949367241183338817e-01 2.864791188382836418e-01
1.721666666666666856e+01 3.059608278035967355e-01 3.027294422376356486e-01 3.017232968040440277e-01 3.003387259891081573e-01 2.937485485967506471e-01 2.852681088471997195e-01
1.723333333333333428e+01 3.046425182341387927e-01 3.014622043281158792e-01 3.004314829557773736e-01 2.990439322987999415e-01 2.924840743851706004e-01 2.840044804967405412e-01
1.725000000000000000e+01 3.032829927023609207e-01 3.001103625281189569e-01 2.990991884721208027e-01 2.977508494316986609e-01 2.911291814670136091e-01 2.826630642794951687e-01
1.726666666666666572e+01 3.018865728476294308e-01 2.987179275009215762e-01 2.976769114913985770e-01 2.963318290922053455e-01 2.897358095764516750e-01 2.812549752942086756e-01
1.728333333333333144e+01 3.004189528221678507e-01 2.972511835620169074e-01 2.962126750885287763e-01 2.948732009758736061e-01 2.882851940582520922e-01 2.798402354491199562e-01
1.729999999999999716e+01 2.989072953235800689e-01 2.957626275243325775e-01 2.947038564415387363e-01 2.933652728369857132e-01 2.868097071738034964e-01 2.783708556462230477e-01
1.731666666666666288e+01 2.973545139369997425e-01 2.942208908954430657e-01 2.931626133479835472e-01 2.918178644056135806e-01 2.852816495253386320e-01 2.768206134217244263e-01
1.733333333333332860e+01 2.957769825125333152e-01 2.926932564703731976e-01 2.915906789476310768e-01 2.902430663167314684e-01 2.837318687552944918e-01 2.752491713118521699e-01
1.734999999999999432e+01 2.941602538640492592e-01 2.910912624544421123e-01 2.899804952828282656e-01 2.886322576476362256e-01 2.821132107509140563e-01 2.736608289634143154e-01
1.736666666666667425e+01 2.924946500922031012e-01 2.894447627970361814e-01 2.883210879631239454e-01 2.869749061793687717e-01 2.804387686256663015e-01 2.720276708053301906e-01
1.738333333333332575e+01 2.907841256198256397e-01 2.877549460294633321e-01 2.866139005686638153e-01 2.852696541465465918e-01 2.787336015803762446e-01 2.703473670730282552e-01
1.740000000000000568e+01 2.890276902070392229e-01 2.859517980839959561e-01 2.848628454609801186e-01 2.835163810309710430e-01 2.769525603165360339e-01 2.686212346708445886e-01
1.741666666666667140e+01 2.872243427629947998e-01 2.840655718190542856e-01 2.830670743494039243e-01 2.817234424296455320e-01 2.751488304263657869e-01 2.668492510025839981e-01
1.743333333333333712e+01 2.853786507506986814e-01 2.822081169606597828e-01 2.812271868123064622e-01 2.798846835143895539e-01 2.733291876746541393e-01 2.650378176321643853e-01
1.745000000000000284e+01 2.834894477083307329e-01 2.803228100708339832e-01 2.793455775897916160e-01 2.780008713443190005e-01 2.714473662602348569e-01 2.631831774001473501e-01
1.746666666666666856e+01 2.815541801685035317e-01 2.783802419933988914e-01 2.774187893667159899e-01 2.760696865058718807e-01 2.695242962813641507e-01 2.612786872277828021e-01
1.748333333333333428e+01 2.795713719800972386e-01 2.763962454589453666e-01 2.754450350895751853e-01 2.740922596882217621e-01 2.675529180951764507e-01 2.593354933630995784e-01
1.750000000000000000e+01 2.775462578818396753e-01 2.743755850341219604e-01 2.734252906071543698e-01 2.720742027412983433e-01 2.655388500338529689e-01 2.573429974260038611e-01
1.751666666666666572e+01 2.754854541861991857e-01 2.723175131904938540e-01 2.713718560334874574e-01 2.700133264556004442e-01 2.634889398683791795e-01 2.553181616552683830e-01
1.753333333333333144e+01 2.733875563346431781e-01 2.702216775549651784e-01 2.692830419466218372e-01 2.679268303703303267e-01 2.613976995960787253e-01 2.532623607826926526e-01
1.754999999999999716e+01 2.712597724865102866e-01 2.680965948399420817e-01 2.671608794473291915e-01 2.658050408328870295e-01 2.592809658477124302e-01 2.511725172313519217e-01
1.756666666666666288e+01 2.690978323545683559e-01 2.659362955860188893e-01 2.650114129096066140e-01 2.636588695957305384e-01 2.571318935531674565e-01 2.490544702410644740e-01
1.758333333333332860e+01 2.669139347842491294e-01 2.637549441445236620e-01 2.628280872626478359e-01 2.614820529302780971e-01 2.549589772707167024e-01 2.468967272706573401e-01
1.759999999999999432e+01 2.646972221501376343e-01 2.615403301967124672e-01 2.606224096396608791e-01 2.592692891364093422e-01 2.527542266241530333e-01 2.447202377731376721e-01
1.761666666666667425e+01 2.624413647930649574e-01 2.592906285759217222e-01 2.583765820409252845e-01 2.570279210268398007e-01 2.505150305156078616e-01 2.425095577763303201e-01
1.763333333333332575e+01 2.601488501275697751e-01 2.569984458074985323e-01 2.560913859275018578e-01 2.547431102452286655e-01 2.482350954437021751e-01 2.402575014981341017e-01
1.765000000000000568e+01 2.578085226305845690e-01 2.546645216577370086e-01 2.537624290730862708e-01 2.524156336289447022e-01 2.459076140084019979e-01 2.379630719878045864e-01
1.766666666666667140e+01 2.554262444674165189e-01 2.522921417775488284e-01 2.513914253506513430e-01 2.500483552421003952e-01 2.435406002865478925e-01 2.356278144071767833e-01
1.768333333333333712e+01 2.530075855534858476e-01 2.498786270798482034e-01 2.489835840604390504e-01 2.476408897190770231e-01 2.411363020092593679e-01 2.332559899870964570e-01
1.770000000000000284e+01 2.505697999395755105e-01 2.474428247802777647e-01 2.465509197390669538e-01 2.452038706721411110e-01 2.387110141480612846e-01 2.308578463391899871e-01
1.771666666666666856e+01 2.481118514991599300e-01 2.449917574703051049e-01 2.441035286629889833e-01 2.427493302584363966e-01 2.362701129323648008e-01 2.284488369483561598e-01
1.773333333333333428e+01 2.456452857075531460e-01 2.425338370935835874e-01 2.416414892857665364e-01 2.402815580129210593e-01 2.338126295522274245e-01 2.260262852934885602e-01
1.775000000000000000e+01 2.431692025134871982e-01 2.400647149934044544e-01 2.391695007562232855e-01 2.378080233949957933e-01 2.313461994705691138e-01 2.235910321571228376e-01
1.776666666666666572e+01 2.406688517380447812e-01 2.375768255677049579e-01 2.366831444282831987e-01 2.353226384309234920e-01 2.288648485983387215e-01 2.211418740801913974e-01
1.778333333333333144e+01 2.381429241067566649e-01 2.350615270125627487e-01 2.341707714977469545e-01 2.328127383551595042e-01 2.263560064972556796e-01 2.186699433848822427e-01
1.779999999999999716e+01 2.355869794434759801e-01 2.325152641717018742e-01 2.316267385845744708e-01 2.302691330676290005e-01 2.238157712167890001e-01 2.161678374617319875e-01
1.781666666666666288e+01 2.330013833142215718e-01 2.299388126519238684e-01 2.290513643304557534e-01 2.276878137961471926e-01 2.212442176129427729e-01 2.136326222006721953e-01
1.783333333333332860e+01 2.303908712862417774e-01 2.273352875963833841e-01 2.264473111950903172e-01 2.250788250261275270e-01 2.186492017823672418e-01 2.110717756485578078e-01
1.784999999999999432e+01 2.277553619282199626e-01 2.247061278486426894e-01 2.238211380856518773e-01 2.224483587821151076e-01 2.160313984179237923e-01 2.084845536806715083e-01
1.786666666666667425e+01 2.251005450657317664e-01 2.220574459669847067e-01 2.211772557648693238e-01 2.198026058307013531e-01 2.134034246761276066e-01 2.058850515027236816e-01
1.788333333333332575e+01 2.224330098146859447e-01 2.194014499156059783e-01 2.185284036186878054e-01 2.171499322212610272e-01 2.107616283388937806e-01 2.032784862919542468e-01
1.790000000000000568e+01 2.197549423927460666e-01 2.167255567368227553e-01 2.158615119292735807e-01 2.144786970086264843e-01 2.080933255226078693e-01 2.006401094912011185e-01
1.791666666666667140e+01 2.170521903504630812e-01 2.140240682134589012e-01 2.131645954406265753e-01 2.117772952330628233e-01 2.054106427418410930e-01 1.979859210139762182e-01
1.793333333333333712e+01 2.143624473264598984e-01 2.113408351125675155e-01 2.104897243219749914e-01 2.090989075391429808e-01 2.027372599457878954e-01 1.953592981013068386e-01
1.795000000000000284e+01 2.117600996676925196e-01 2.087411396853906531e-01 2.079015756171200546e-01 2.065057919472730041e-01 2.001440709373003835e-01 1.928123221324011816e-01
1.796666666666666856e+01 2.092997148278027131e-01 2.062873132123669018e-01 2.054548883842707008e-01 2.040515157398860024e-01 1.977093601555224289e-01 1.904052549337553468e-01
1.798333333333333428e+01 2.070030133297654507e-01 2.040013606047717809e-01 2.031752040006046256e-01 2.017691419973857425e-01 1.954452350690931151e-01 1.881679741553691498e-01
1.800000000000000000e+01 2.048673153941708291e-01 2.018756612639628079e-01 2.010503812952651181e-01 1.996439976403947270e-01 1.933299684990764933e-01 1.860835852552933378e-01
1.801666666666666572e+01 2.028352422629128848e-01 1.998483218124460503e-01 1.990209424157884655e-01 1.976142918730341702e-01 1.913022770278748896e-01 1.840933029047512048e-01
1.803333333333333144e+01 2.007960724317508217e-01 1.978067136014335370e-01 1.969857557997909958e-01 1.955753999534050325e-01 1.892602129730956706e-01 1.820885677305351391e-01
1.804999999999999716e+01 1.986522806436073207e-01 1.956632643120743698e-01 1.948503111880368066e-01 1.934331094901348691e-01 1.871190700689155939e-01 1.799827834028576712e-01
1.806666666666666288e+01 1.963695544003061788e-01 1.933916318257765943e-01 1.925795850252008667e-01 1.911563908419107727e-01 1.848517325279825096e-01 1.777484552783251681e-01
1.808333333333332860e+01 1.939731027911642536e-01 1.910098208984692680e-01 1.901935847891541298e-01 1.887669912091184121e-01 1.824740006467246989e-01 1.754013669350832638e-01
1.809999999999999432e+01 1.914966275146670061e-01 1.885440018302347032e-01 1.877302629660725086e-01 1.862959742523390139e-01 1.800128337864619621e-01 1.729760292229005347e-01
1.811666666666667425e+01 1.889656777514178987e-01 1.860192522041646535e-01 1.852142011743394545e-01 1.837688279234591104e-01 1.774978683982719185e-01 1.704952901193903247e-01
1.813333333333332575e+01 1.863957553220776664e-01 1.834555609049901559e-01 1.826537574012505882e-01 1.812038677510218188e-01 1.749394536277921464e-01 1.679785034139994471e-01
1.815000000000000568e+01 1.837846789492419974e-01 1.808591568296185059e-01 1.800533510981132124e-01 1.786017780418601153e-01 1.723492451128037783e-01 1.654191676435098901e-01
1.816666666666667140e+01 1.811284864869370514e-01 1.782230938023002531e-01 1.774173808062980418e-01 1.759597787551823445e-01 1.697208311528048963e-01 1.628267829694592106e-01
1.818333333333333712e+01 1.784399978867637626e-01 1.755506254231251895e-01 1.747443687418618607e-01 1.732849173789375585e-01 1.670539379295873095e-01 1.602032208227515964e-01
1.820000000000000284e+01 1.757188479775630141e-01 1.728417095063098652e-01 1.720347975136856389e-01 1.705766090788554401e-01 1.643563645072147472e-01 1.575434228769759248e-01
1.821666666666666856e+01 1.729700052462614657e-01 1.701088048638259853e-01 1.693016287198091385e-01 1.678388949096794591e-01 1.616448789890381210e-01 1.548576984716935612e-01
1.823333333333333428e+01 1.702192774157696153e-01 1.673751822211376750e-01 1.665633875697052624e-01 1.650967693730675812e-01 1.589223614611222635e-01 1.521698844336752121e-01
1.825000000000000000e+01 1.674488220290110407e-01 1.646245138157467758e-01 1.638091186770540830e-01 1.623416372509738637e-01 1.561677387336911360e-01 1.494706029903403732e-01
1.826666666666666572e+01 1.646534262026295437e-01 1.618448937143382727e-01 1.610297802945450940e-01 1.595569433851200536e-01 1.533850742875280393e-01 1.467427378473586397e-01
1.828333333333333144e+01 1.618423199871690532e-01 1.590447732996785601e-01 1.582300917672444796e-01 1.567489201324757386e-01 1.505869154762200790e-01 1.439874915421340551e-01
1.829999999999999716e+01 1.590086092768271953e-01 1.562244754406253433e-01 1.554086765413272286e-01 1.539216900749881822e-01 1.477738272627747984e-01 1.412093529069586850e-01
1.831666666666666288e+01 1.561532381771139621e-01 1.533847871390251749e-01 1.525690389277707115e-01 1.510763217434548666e-01 1.449474535721423929e-01 1.384195752616132480e-01
1.833333333333332860e+01 1.532796649718768112e-01 1.505327414411959108e-01 1.497109653107663307e-01 1.482146312696939749e-01 1.421030934326625028e-01 1.356254578064039207e-01
1.834999999999999432e+01 1.503951113621788960e-01 1.476656439046204472e-01 1.468399924263158463e-01 1.453424837273452341e-01 1.392427736219295220e-01 1.328128337351326960e-01
1.836666666666667425e+01 1.474994005751822101e-01 1.447894380480435061e-01 1.439609913772121885e-01 1.424582332282246788e-01 1.363746045590550626e-01 1.299813584716025539e-01
1.838333333333332575e+01 1.445978865512227152e-01 1.418998157031494123e-01 1.410729018582222716e-01 1.395657368248212904e-01 1.334981055800270877e-01 1.271356831586499814e-01
1.840000000000000568e+01 1.416887795262655181e-01 1.389970272272935681e-01 1.381751786496658863e-01 1.366629509799978659e-01 1.306116121012382558e-01 1.242893180893766963e-01
1.841666666666667140e+01 1.387714022506590927e-01 1.360981936473249498e-01 1.352758123578027549e-01 1.337559901918187188e-01 1.277234841818513378e-01 1.214474488021747428e-01
1.843333333333333712e+01 1.358598959084680868e-01 1.331969433431468008e-01 1.323770633696350618e-01 1.308521946014341297e-01 1.248315342627885766e-01 1.185970649148584410e-01
1.845000000000000284e+01 1.329439472747757367e-01 1.302931467293389767e-01 1.294724975396074895e-01 1.279406619679897550e-01 1.219376563253573437e-01 1.157366875485854457e-01
1.846666666666666856e+01 1.300173067350881007e-01 1.273940834842600400e-01 1.265654064505613852e-01 1.250219662152090294e-01 1.190411470124600746e-01 1.128757917384452525e-01
1.848333333333333428e+01 1.270861021582130601e-01 1.244836823987864050e-01 1.236517102923501421e-01 1.221048434343996042e-01 1.161445442454454163e-01 1.100145883704913979e-01
1.850000000000000000e+01 1.241837377106663476e-01 1.215909628951373639e-01 1.207589874278424125e-01 1.192123466692000811e-01 1.132726656101012835e-01 1.071817558596715597e-01
1.851666666666666572e+01 1.213262250783159607e-01 1.187487963044689399e-01 1.179122439005195200e-01 1.163591230910108326e-01 1.104419834836555814e-01 1.043968705788043960e-01
1.853333333333333144e+01 1.185129434344634886e-01 1.159564405777883667e-01 1.151163604750148478e-01 1.135525736274904801e-01 1.076571532914382262e-01 1.016596522116690743e-01
1.854999999999999716e+01 1.157575573681408065e-01 1.132245404851984077e-01 1.123808907201616497e-01 1.108130241538244493e-01 1.049388378077361766e-01 9.897095534025178443e-02
1.856666666666666288e+01 1.130808550875485319e-01 1.105682807941136964e-01 1.097163064192061138e-01 1.081445869464641302e-01 1.022917807993480727e-01 9.635903110024897356e-02
1.858333333333332860e+01 1.104736222841520843e-01 1.079772843479638172e-01 1.071201455611977826e-01 1.055441987628062545e-01 9.970967933560312413e-02 9.381823667148178614e-02
1.859999999999999432e+01 1.077859454402722711e-01 1.053037988119725488e-01 1.044431973301179206e-01 1.028612625052991586e-01 9.704587530296235331e-02 9.119699143927567642e-02
1.861666666666667425e+01 1.047395822762541839e-01 1.022965217795676063e-01 1.014182526399397821e-01 9.982960513649803691e-02 9.403527991103911854e-02 8.823257160831796120e-02
1.863333333333332575e+01 1.011583896090142154e-01 9.873783928795580589e-02 9.786197721014609774e-02 9.625913064994599810e-02 9.049667530471459942e-02 8.473226527867175339e-02
1.865000000000000568e+01 9.681498234879327980e-02 9.442904338858747193e-02 9.356188416074624759e-02 9.191929671491859410e-02 8.622026127895827952e-02 8.048621500510130811e-02
1.866666666666667140e+01 9.242984952954746980e-02 9.009202853413607326e-02 8.918289225971375023e-02 8.754082438180776915e-02 8.188818380167640909e-02 7.621189582897969217e-02
1.868333333333333712e+01 8.766207979854646892e-02 8.533483816548566303e-02 8.442601732060506237e-02 8.278808757781427885e-02 7.714658520043750356e-02 7.154128009341023664e-02
1.870000000000000284e+01 8.342458649770140289e-02 8.111873767869350049e-02 8.022751864954776047e-02 7.857997410179633213e-02 7.297637898828900072e-02 6.741882640092697332e-02
1.871666666666666856e+01 7.995243828482327675e-02 7.771546819814491303e-02 7.677936609975005711e-02 7.513386780332848014e-02 6.960947428441788265e-02 6.410168782567927936e-02
1.873333333333333428e+01 7.722915426510139347e-02 7.499520991121093327e-02 7.407032749609293587e-02 7.242827219414993412e-02 6.691311512143789664e-02 6.146360263952117126e-02
1.875000000000000000e+01 7.535202321439064821e-02 7.310302335161365794e-02 7.222073924914546028e-02 7.057314996447312805e-02 6.504481603781027410e-02 5.963109241518508435e-02
1.876666666666666572e+01 7.387282558986624226e-02 7.165552803908228907e-02 7.075243651088088115e-02 6.910140800104087877e-02 6.359465917370801802e-02 5.822298982291607833e-02
1.878333333333333144e+01 7.229141819679497927e-02 7.011083280694332953e-02 6.919705814707304004e-02 6.751243583167892970e-02 6.201442798585360405e-02 5.669902161797740758e-02
1.879999999999999716e+01 7.040231683184444700e-02 6.825001338835841314e-02 6.729127973435357346e-02 6.562186489345289697e-02 6.014415628456115659e-02 5.483511693559409150e-02
1.881666666666666288e+01 6.804371166429304396e-02 6.592944256778643375e-02 6.492655817060767609e-02 6.328137806537027787e-02 5.783343351686085626e-02 5.252814601472253347e-02
1.883333333333332860e+01 6.534937964839493407e-02 6.318968626783458276e-02 6.226290525792664565e-02 6.059079737534505544e-02 5.515610938874083297e-02 4.990447214816406962e-02
1.884999999999999432e+01 6.247619117272280864e-02 6.040138111985316610e-02 5.940639323993864018e-02 5.771407841678910522e-02 5.235285552960089461e-02 4.711066731557322917e-02
1.886666666666667425e+01 5.970869867710718037e-02 5.765926529535285450e-02 5.664694667114776594e-02 5.497757793921993069e-02 4.960669029324378532e-02 4.441456528787945945e-02
1.888333333333332575e+01 5.718990803261964767e-02 5.514533339209030938e-02 5.415062444937041725e-02 5.246584661883575695e-02 4.712592622234321182e-02 4.195772454777865756e-02
1.890000000000000568e+01 5.495866727876112107e-02 5.291161057994565875e-02 5.192980441803955044e-02 5.023118480808073938e-02 4.493986715446723901e-02 3.978002218424563086e-02
1.891666666666667140e+01 5.292866799463041838e-02 5.090395789391844589e-02 4.991807837907657336e-02 4.821947159994513510e-02 4.291766589132936516e-02 3.782970487078083505e-02
1.893333333333333712e+01 5.107848631023705066e-02 4.906169887765810672e-02 4.808033573819907314e-02 4.637653674319675012e-02 4.107034180642315374e-02 3.606358288293942671e-02
1.895000000000000284e+01 4.932572899275825679e-02 4.731843106314102126e-02 4.634325911170431023e-02 4.462384313812624292e-02 3.935245498364673550e-02 3.433981813921088699e-02
1.896666666666666856e+01 4.765202032203521426e-02 4.566419336944641666e-02 4.468419332434782343e-02 4.295871777072180625e-02 3.772457313062990703e-02 3.271005767104351314e-02
1.898333333333333428e+01 4.605021866900873423e-02 4.406155427877800346e-02 4.309497333401496322e-02 4.135731378701798522e-02 3.613422401683801660e-02 3.118936046022901046e-02
1.900000000000000000e+01 4.453515699813570539e-02 4.255293684819347333e-02 4.157548811396494237e-02 3.984387687417043772e-02 3.464115905195116335e-02 2.974089208634167134e-02
1.901666666666666572e+01 4.309193754160575013e-02 4.112716707866945903e-02 4.013759861594243250e-02 3.839791931223508065e-02 3.320260487437268898e-02 2.832154805281384205e-02
1.903333333333333144e+01 4.170901730675767582e-02 3.975680443331681968e-02 3.877318332448815436e-02 3.701882430901104470e-02 3.182103212971826300e-02 2.696835033351496769e-02
1.904999999999999716e+01 4.038215347938082372e-02 3.844270900389800544e-02 3.746203920989521485e-02 3.569771113646647703e-02 3.052994984026494510e-02 2.572227726997576916e-02
1.906666666666666288e+01 3.911645842749897350e-02 3.719358357408503180e-02 3.618744156150870833e-02 3.443762806483000732e-02 2.926973026614536344e-02 2.449543292981637074e-02
1.908333333333332860e+01 3.790775242363501191e-02 3.598928305224432384e-02 3.497518664172152153e-02 3.323158276887989288e-02 2.809330211151580062e-02 2.330053355839212248e-02
1.909999999999999432e+01 3.674185879504737740e-02 3.484585107481693450e-02 3.381391739216667303e-02 3.207085462594184977e-02 2.693470833245074220e-02 2.220247804834958594e-02
1.911666666666667425e+01 3.562069486031040760e-02 3.373354727146989779e-02 3.270720546715295135e-02 3.095313521422595263e-02 2.581980758157309194e-02 2.113703373342853964e-02
1.913333333333332575e+01 3.453904685379121514e-02 3.268261898618366607e-02 3.163205590474851836e-02 2.987963877412408431e-02 2.476922224883199714e-02 2.006639595340895671e-02
1.915000000000000568e+01 3.350785306874100311e-02 3.166277866074548170e-02 3.060670647440497452e-02 2.885068774246689338e-02 2.373912287497643991e-02 1.906673343174810492e-02
1.916666666666667140e+01 3.250259914571521080e-02 3.068500145234693416e-02 2.961461735926104386e-02 2.785926548113142748e-02 2.275366390019408630e-02 1.811131474668449537e-02
1.918333333333333712e+01 3.153872842645777386e-02 2.973485318075191203e-02 2.866286864262235223e-02 2.690994088786567359e-02 2.181518766291188488e-02 1.713839708513689372e-02
1.920000000000000284e+01 3.060746375575744069e-02 2.881781074655723543e-02 2.775025589729568712e-02 2.598739511899540375e-02 2.089967984976322593e-02 1.617335337264172099e-02
1.921666666666666856e+01 2.971965228102597598e-02 2.795429970007649173e-02 2.687179578791597939e-02 2.509960587388229344e-02 2.001454140705585458e-02 1.529602038314159876e-02
1.923333333333333428e+01 2.885997364442555516e-02 2.710824249914917800e-02 2.602074868502281604e-02 2.423888481471793421e-02 1.917016145628123308e-02 1.447954362658414491e-02
1.925000000000000000e+01 2.803112366671861241e-02 2.629270670102519872e-02 2.519704391792512710e-02 2.341260266501403106e-02 1.835852709350250037e-02 1.368950781122059597e-02
1.926666666666666572e+01 2.723345083564331082e-02 2.550612373228884275e-02 2.441009460369166634e-02 2.261257609205262128e-02 1.757059214858355117e-02 1.292606924886956048e-02
1.928333333333333144e+01 2.645984253942516851e-02 2.473718366639902216e-02 2.364805144438636778e-02 2.184027860525069795e-02 1.680560251096227531e-02 1.217639764535015899e-02
1.929999999999999716e+01 2.571645168975538256e-02 2.399263457133099520e-02 2.291415095725187270e-02 2.109472987927674126e-02 1.606888676323278003e-02 1.141968035458352897e-02
1.931666666666666288e+01 2.499720524684488632e-02 2.328790702719181482e-02 2.219952562126500592e-02 2.037321166973514106e-02 1.536620289694569028e-02 1.068293149818829758e-02
1.933333333333332860e+01 2.430429303166735042e-02 2.260778265302710449e-02 2.150990981270865798e-02 1.967988979001022640e-02 1.467513825324522937e-02 1.001617884947932254e-02
1.934999999999999432e+01 2.363119514514232591e-02 2.194756358499397320e-02 2.084196230929416180e-02 1.900974064310761297e-02 1.400562977894389237e-02 9.356800526170522270e-03
1.936666666666667425e+01 2.298586168990102846e-02 2.129927064800199096e-02 2.020024435567592883e-02 1.836360374569887682e-02 1.336702540589035891e-02 8.723257018370294755e-03
1.938333333333332575e+01 2.235476073173839687e-02 2.068233571298802934e-02 1.957349509440933083e-02 1.773433139568687464e-02 1.275096142916645747e-02 8.108505822889418291e-03
1.940000000000000568e+01 2.175175701195841693e-02 2.008633916264402144e-02 1.897104341313685105e-02 1.713010793650642655e-02 1.214912577691455026e-02 7.504919288096981687e-03
1.941666666666667140e+01 2.116319621388359704e-02 1.950727911686051322e-02 1.838841608192725435e-02 1.654025937216963005e-02 1.156424547270473203e-02 6.951786383812000140e-03
1.943333333333333712e+01 2.059425829716969233e-02 1.894377980789537647e-02 1.782026589628551289e-02 1.596805282123590214e-02 1.099637719569510931e-02 6.404094629057738124e-03
1.945000000000000284e+01 2.004458183061567228e-02 1.839821926875725641e-02 1.727267026073666875e-02 1.541411774557186788e-02 1.045192536371746320e-02 5.840051157077731647e-03
1.946666666666666856e+01 1.951118592768934928e-02 1.786927737698558102e-02 1.674315420438289917e-02 1.488322810010519505e-02 9.920680382489532531e-03 5.308995770235357646e-03
1.948333333333333428e+01 1.899402156208884751e-02 1.735938772861761806e-02 1.623248452039172465e-02 1.436784936563380820e-02 9.411486700297067021e-03 4.819628092522625258e-03
1.950000000000000000e+01 1.849368539190461222e-02 1.686853992514630862e-02 1.573191431620855549e-02 1.386621209062964023e-02 8.915631750948539713e-03 4.336864482959988144e-03
1.951666666666666572e+01 1.800943191897125609e-02 1.638874206147268933e-02 1.525256701542661297e-02 1.337935899351509229e-02 8.437140491626698643e-03 3.869543606542844624e-03
1.953333333333333144e+01 1.753958317032616732e-02 1.592293407723258461e-02 1.478446833281198657e-02 1.290386298146414291e-02 7.970728092011478139e-03 3.398510593542862848e-03
1.954999999999999716e+01 1.708619843090317114e-02 1.547199295176908407e-02 1.433003141168876296e-02 1.244625217583561656e-02 7.514355291692234942e-03 2.930674190375470462e-03
1.956666666666666288e+01 1.664380957356983645e-02 1.503913763654473809e-02 1.388752795639118867e-02 1.200347572371276636e-02 7.073266407184958422e-03 2.517411915125509440e-03
1.958333333333332860e+01 1.621554918856770583e-02 1.461627500219067968e-02 1.345906887978868746e-02 1.157906153479414287e-02 6.648881363895480304e-03 2.100979847645918948e-03
1.959999999999999432e+01 1.579937869112503848e-02 1.420681100942364217e-02 1.304230881767190313e-02 1.116118316256021863e-02 6.240514594765194517e-03 1.680517480368818803e-03
1.961666666666667425e+01 1.539961967216773447e-02 1.380774649659388328e-02 1.264143648198301148e-02 1.075189473485053081e-02 5.838565207147072486e-03 1.281945396401926954e-03
1.963333333333332575e+01 1.500576499694205972e-02 1.342325173832314630e-02 1.225443027330867275e-02 1.035743863816644683e-02 5.445187789507466118e-03 9.039747051106688429e-04
1.965000000000000568e+01 1.462463785159309401e-02 1.304812853044015619e-02 1.187712578911678113e-02 9.977875615516072771e-03 5.069805685660217984e-03 5.282901558002510087e-04
1.966666666666667140e+01 1.425609627847477905e-02 1.268476669534952632e-02 1.151069353007792492e-02 9.606105484923747190e-03 4.702444582621440744e-03 1.674224792782143625e-04
1.968333333333333712e+01 1.389915670681946859e-02 1.233131586454057176e-02 1.114937880981750097e-02 9.244332934491414008e-03 4.349284380477082268e-03 -1.914904888567554213e-04
1.970000000000000284e+01 1.354980391803232986e-02 1.198751611504238895e-02 1.080177448019325505e-02 8.895267870637258573e-03 4.004476083975771518e-03 -5.405478504648354374e-04
1.971666666666666856e+01 1.320919748974594410e-02 1.165529736861448118e-02 1.046351228510752733e-02 8.554275676550581256e-03 3.669300180982772077e-03 -8.626541455257369937e-04
1.973333333333333428e+01 1.288046514172417646e-02 1.133014697287782445e-02 1.013760065219470458e-02 8.223191685862541594e-03 3.336826351068705124e-03 -1.180852822768569668e-03
1.975000000000000000e+01 1.256136494906381733e-02 1.101751744530350685e-02 9.818914487499609892e-03 7.899690711122338976e-03 3.015784586661630386e-03 -1.498775887598242885e-03
1.976666666666666572e+01 1.225317762290416279e-02 1.071228909226700117e-02 9.511100299461196922e-03 7.589223496935938555e-03 2.706760572202788519e-03 -1.807835158483320041e-03
1.978333333333333144e+01 1.195081471785737134e-02 1.041625973018999070e-02 9.209471503129621622e-03 7.287411348821303154e-03 2.407793919259868399e-03 -2.109094425820636290e-03
1.979999999999999716e+01 1.165801618102760978e-02 1.012488457867922152e-02 8.917705366817525736e-03 6.995600364012976267e-03 2.121265328809031434e-03 -2.391715373944834720e-03
1.981666666666666288e+01 1.137242513397790193e-02 9.843866900450339019e-03 8.633897953801835876e-03 6.708621827525862620e-03 1.836814432158351837e-03 -2.674218472796384850e-03
1.983333333333332860e+01 1.109793432428562120e-02 9.568277765117557884e-03 8.356977030345618188e-03 6.428511379954285516e-03 1.554164543746603755e-03 -2.946572583428982376e-03
1.984999999999999432e+01 1.082733039049755229e-02 9.301899974896620654e-03 8.087704030872895633e-03 6.157378656915177446e-03 1.287256284989778598e-03 -3.210970026237385585e-03
1.986666666666667425e+01 1.056510410437610029e-02 9.042289830440294884e-03 7.826052068437529957e-03 5.893532849275732143e-03 1.027503621960648272e-03 -3.467569317413424744e-03
1.988333333333332575e+01 1.030955302551647516e-02 8.789693966078480566e-03 7.574609714405110966e-03 5.636371793592733458e-03 7.674832541804777830e-04 -3.719191741859677585e-03
1.990000000000000568e+01 1.006130342864895028e-02 8.544750445174099235e-03 7.324599407651631415e-03 5.385558309046078150e-03 5.174317749386243923e-04 -3.959666844432635502e-03
1.991666666666667140e+01 9.818929402283042493e-03 8.304701806913976012e-03 7.080300528908883145e-03 5.143727672101922575e-03 2.765754431490240282e-04 -4.195853993303338275e-03
1.993333333333333712e+01 9.582473848545630668e-03 8.072955676711445275e-03 6.844870016441358118e-03 4.906517472756872708e-03 3.998181728571379860e-05 -4.429489833631210932e-03
1.995000000000000284e+01 9.353868124995791053e-03 7.847147262221793387e-03 6.617982498029006608e-03 4.676033950842804245e-03 -1.898361954596406093e-04 -4.657054141444239882e-03
1.996666666666666856e+01 9.131155535568648632e-03 7.629355877549676146e-03 6.395661780416096731e-03 4.451427364139464229e-03 -4.121090333132051346e-04 -4.877712367550871009e-03
1.998333333333333428e+01 8.915367025122248462e-03 7.415345658867302132e-03 6.182100016401543587e-03 4.234304682742448880e-03 -6.262908520712975749e-04 -5.090139051231352095e-03
2.000000000000000000e+01 8.703689806175305896e-03 7.209874657304551730e-03 5.971119766856838873e-03 4.021011343724059314e-03 -8.364983688225961344e-04 -5.297749058900578893e-03
2.001666666666666572e+01 8.498838066291211982e-03 7.008262268327544557e-03 5.767923495871019914e-03 3.812683016783681520e-03 -1.040313808678850838e-03 -5.499639155259583578e-03
2.003333333333333144e+01 8.298182998631350657e-03 6.812957339875618662e-03 5.570164968831434193e-03 3.611213022281650319e-03 -1.239355688549878282e-03 -5.698545467126665647e-03
2.004999999999999716e+01 8.104583968347851830e-03 6.620984036304405559e-03 5.377334352521268360e-03 3.416800869780502181e-03 -1.432207830558948668e-03 -5.894358472141297996e-03
2.006666666666666288e+01 7.914197827220539883e-03 6.435777350970768237e-03 5.188815179513238743e-03 3.226558220260190759e-03 -1.620074424215733064e-03 -6.075498298467469846e-03
2.008333333333332860e+01 7.729710457631405740e-03 6.255588746321818876e-03 5.005250488837706575e-03 3.038540503871755682e-03 -1.803724570476868258e-03 -6.259822204664417314e-03
2.009999999999999432e+01 7.550159608275061260e-03 6.078765350940001748e-03 4.827014643387883899e-03 2.857148507108326577e-03 -1.983091435066240606e-03 -6.436937893089716978e-03
2.011666666666667425e+01 7.374774515261293441e-03 5.905914792422023787e-03 4.652314761269569360e-03 2.679619897923739540e-03 -2.158673952713733267e-03 -6.610019304887856245e-03
2.013333333333332575e+01 7.204080743849527839e-03 5.736852784476659597e-03 4.481887639388666515e-03 2.508219055866598140e-03 -2.328587309435986834e-03 -6.779329784073985163e-03
2.015000000000000568e+01 7.037136729899903798e-03 5.574696957302347280e-03 4.314682894932476455e-03 2.340687415798292648e-03 -2.495754610460109314e-03 -6.941844955031431508e-03
2.016666666666667140e+01 6.875214082063534939e-03 5.416952545574781584e-03 4.153541520278370043e-03 2.177331323252935068e-03 -2.659038480523569573e-03 -7.101630790949074734e-03
2.018333333333333712e+01 6.716018307070960487e-03 5.261813247055885032e-03 3.995551419302251737e-03 2.017176190445654337e-03 -2.818306159211429220e-03 -7.252839763726700445e-03
2.020000000000000284e+01 6.562644554658877277e-03 5.108492163340336983e-03 3.842795930344294203e-03 1.863075194425194321e-03 -2.971154574081800916e-03 -7.396134050518058008e-03
2.021666666666666856e+01 6.412138080921842530e-03 4.961099859154167145e-03 3.692256215447298554e-03 1.713566867702849810e-03 -3.120636921655409526e-03 -7.543677782742142304e-03
2.023333333333333428e+01 6.267197769253510242e-03 4.816786588927026054e-03 3.546745627481475219e-03 1.564373116037577095e-03 -3.267159876689909419e-03 -7.685271550166117988e-03
2.025000000000000000e+01 6.124179545551508043e-03 4.676607391450692333e-03 3.404918799615297854e-03 1.416735458381863195e-03 -3.410893208418946942e-03 -7.835707820969897014e-03
2.026666666666666572e+01 5.985523003739195123e-03 4.538859923468216949e-03 3.266534279657099752e-03 1.272921212170412091e-03 -3.551055434824873167e-03 -7.983134927592524729e-03
2.028333333333333144e+01 5.850134054393425417e-03 4.406143270162842136e-03 3.130794619844989250e-03 1.137406674983868155e-03 -3.687200799356176156e-03 -8.116441271750207687e-03
2.029999999999999716e+01 5.718490338415826296e-03 4.277237991575050073e-03 2.997934068343673878e-03 1.005374883893238617e-03 -3.820876964408252436e-03 -8.249741937955811649e-03
2.031666666666666288e+01 5.589409742377493724e-03 4.150574278317773966e-03 2.870395896129959712e-03 8.752216181655099111e-04 -3.951573220372443275e-03 -8.381049974748876891e-03
2.033333333333332860e+01 5.462814844045131395e-03 4.026228634329535698e-03 2.745896651351001187e-03 7.476556396322518510e-04 -4.079754059357990417e-03 -8.504723624077451666e-03
2.034999999999999432e+01 5.340275007545730764e-03 3.905413430377550378e-03 2.623625431752552636e-03 6.234614026213195978e-04 -4.201765921001071949e-03 -8.625721796957690202e-03
2.036666666666667425e+01 5.221323652984510150e-03 3.788278900087571708e-03 2.503001887510143426e-03 5.004863302060860719e-04 -4.321280685306133282e-03 -8.744606928519213160e-03
2.038333333333332575e+01 5.105613007851487854e-03 3.673141333458371585e-03 2.387217501674190542e-03 3.804452386208701680e-04 -4.437768672053018192e-03 -8.862248636202274543e-03
2.040000000000000568e+01 4.991191876045940508e-03 3.561229903099490546e-03 2.273866053081316507e-03 2.634401432510880057e-04 -4.553257309004920400e-03 -8.976021634998661985e-03
2.041666666666667140e+01 4.879513564265598041e-03 3.451700804757866503e-03 2.163265342769614061e-03 1.490866687856388635e-04 -4.665275312801722002e-03 -9.085816267170289395e-03
2.043333333333333712e+01 4.770385865543316957e-03 3.345998176468001437e-03 2.054138891996638069e-03 3.828420822308372160e-05 -4.775215686949672682e-03 -9.193984943323171843e-03
2.045000000000000284e+01 4.664851258047561858e-03 3.241863009755761946e-03 1.948130248347744019e-03 -6.973196518933448974e-05 -4.881214075896590267e-03 -9.300325891706373582e-03
2.046666666666666856e+01 4.561834524837002705e-03 3.140705965422854653e-03 1.845004795462242648e-03 -1.745656515528274581e-04 -4.983405345515798043e-03 -9.404271819265756435e-03
2.048333333333333428e+01 4.461271643742537735e-03 3.041695326916789722e-03 1.744857767019586132e-03 -2.772577109746524071e-04 -5.084578483840650892e-03 -9.506287923196674039e-03
2.050000000000000000e+01 4.362871465579522788e-03 2.945097134414309363e-03 1.647408111433244305e-03 -3.763685311666401033e-04 -5.184391874630275322e-03 -9.605200539138337643e-03
2.051666666666666572e+01 4.266976417092911006e-03 2.851045828851480040e-03 1.551128471538852378e-03 -4.728591641573606178e-04 -5.281583412798869157e-03 -9.701503411714587979e-03
2.053333333333333144e+01 4.173600701623688368e-03 2.758982688820680283e-03 1.457601373787282585e-03 -5.667251129814573256e-04 -5.375485379860833052e-03 -9.795261515005340008e-03
2.054999999999999716e+01 4.081986359828990510e-03 2.669099239328384665e-03 1.366273197952764737e-03 -6.593940394656746477e-04 -5.468330873329083075e-03 -9.886692405320153185e-03
2.056666666666666288e+01 3.992542031466628748e-03 2.580930223211400261e-03 1.277992542912365168e-03 -7.499190204310946829e-04 -5.558715713323278580e-03 -9.976862071631759088e-03
2.058333333333332860e+01 3.904782443873404049e-03 2.496279671363539534e-03 1.190637974165428912e-03 -8.379685097019744450e-04 -5.646670102212554727e-03 -1.006338696186897044e-02
2.059999999999999432e+01 3.819895117341444088e-03 2.413460428776402489e-03 1.105847285047115115e-03 -9.237822605401921220e-04 -5.730809049304588093e-03 -1.014718143709270916e-02
2.061666666666667425e+01 3.736998936134282995e-03 2.332022878590043168e-03 1.022755527444409087e-03 -1.007439517314300719e-03 -5.814391211208668961e-03 -1.022975818383783063e-02
2.063333333333332575e+01 3.656007098072079284e-03 2.251495075438745587e-03 9.421217032264276930e-04 -1.089665680795224960e-03 -5.896513534699136458e-03 -1.031105769897741262e-02
2.065000000000000568e+01 3.576105760719363799e-03 2.173487640293776755e-03 8.641318587264491856e-04 -1.169848188325027256e-03 -5.976602350735566588e-03 -1.039043131240961586e-02
2.066666666666667140e+01 3.498748967113267817e-03 2.097630137489351568e-03 7.883873989979385153e-04 -1.248128430369331793e-03 -6.054890908704704637e-03 -1.046656671075792133e-02
2.068333333333333712e+01 3.423984744133106838e-03 2.023546173878711107e-03 7.134754539037956077e-04 -1.324068138336203680e-03 -6.131251609468783489e-03 -1.054116552409110549e-02
2.070000000000000284e+01 3.350442273180206237e-03 1.950943578780146978e-03 6.381388317891482009e-04 -1.398904639926090276e-03 -6.206226361575134867e-03 -1.061410961046662174e-02
2.071666666666666856e+01 3.277928883644892332e-03 1.879896107467892482e-03 5.649068355831367554e-04 -1.471532645643955622e-03 -6.278157471247637622e-03 -1.068610595012634869e-02
2.073333333333333428e+01 3.207184220897952784e-03 1.810852751407892886e-03 4.940090160702976596e-04 -1.542884191161585051e-03 -6.348609071021119390e-03 -1.075637740195452795e-02
2.075000000000000000e+01 3.137873147270028862e-03 1.743458930948050016e-03 4.259934125631876589e-04 -1.612376691016166597e-03 -6.417816043508864712e-03 -1.082504978281725871e-02
2.076666666666666572e+01 3.069468760139827494e-03 1.678085433391166437e-03 3.584938206086664522e-04 -1.680818916836237728e-03 -6.486407966099090074e-03 -1.089194172490235910e-02
2.078333333333333144e+01 3.003446032242676304e-03 1.613200737384158255e-03 2.927682320799296009e-04 -1.747347604404261671e-03 -6.552585181306780880e-03 -1.095734853748900513e-02
2.079999999999999716e+01 2.938877715391836811e-03 1.550148830369609985e-03 2.288557058996277356e-04 -1.811850386030324942e-03 -6.617358197328826290e-03 -1.102174259913526501e-02
2.081666666666666288e+01 2.876193507747626041e-03 1.488465958935406789e-03 1.662440247176966287e-04 -1.874729352431822333e-03 -6.680763728086393412e-03 -1.108446533508533442e-02
2.083333333333332860e+01 2.814749203052015810e-03 1.428810463408641514e-03 1.044287115984785305e-04 -1.936287304662749316e-03 -6.742935813472669682e-03 -1.114555501742896422e-02
2.084999999999999432e+01 2.755206009065615941e-03 1.370320104986372635e-03 4.444692655165211531e-05 -1.996921694219726436e-03 -6.803395986464256910e-03 -1.120455637378969110e-02
2.086666666666667425e+01 2.696458701338769279e-03 1.312974434375426208e-03 -1.368287723870207143e-05 -2.055831746570246314e-03 -6.861955494324164379e-03 -1.126298618063920065e-02
2.088333333333332575e+01 2.639381926276388596e-03 1.256749358170325360e-03 -7.109565772480304368e-05 -2.113915320795315290e-03 -6.919761663439810001e-03 -1.132032980633398793e-02
2.090000000000000568e+01 2.583463340663163729e-03 1.201714207394156313e-03 -1.274645754026545986e-04 -2.170576018564786009e-03 -6.976359751298798900e-03 -1.137642141451878502e-02
2.091666666666667140e+01 2.528874110775155074e-03 1.148261188721499612e-03 -1.825737993268170857e-04 -2.226446244097099285e-03 -7.031759287356201607e-03 -1.143140824346795294e-02
2.093333333333333712e+01 2.475398348232604826e-03 1.096320082487504477e-03 -2.354827608525172401e-04 -2.280714124842309759e-03 -7.085416099683513810e-03 -1.148516631402589881e-02
2.095000000000000284e+01 2.423185152202945569e-03 1.045729408593938647e-03 -2.870345924093910500e-04 -2.333841218825743243e-03 -7.138100824019899711e-03 -1.153711114661179135e-02
2.096666666666666856e+01 2.372361649360917816e-03 9.952322913799227684e-04 -3.374829319650261535e-04 -2.385515243473787517e-03 -7.189404320743940889e-03 -1.158789369864852981e-02
2.098333333333333428e+01 2.322432727064754465e-03 9.463448577130526050e-04 -3.873467341275793662e-04 -2.436250928302727270e-03 -7.240079234086413407e-03 -1.163832554561623073e-02
2.100000000000000000e+01 2.273908389754784702e-03 8.986722058986842693e-04 -4.358494636975160743e-04 -2.486463512782528199e-03 -7.289371546134534516e-03 -1.168733556963326599e-02
2.101666666666666572e+01 2.226137789854682955e-03 8.522833730689071590e-04 -4.830972225774888152e-04 -2.535452476741607234e-03 -7.337403437121452036e-03 -1.173541550226262463e-02
2.103333333333333144e+01 2.179777953290888432e-03 8.064522493722774219e-04 -5.293026051170580731e-04 -2.582794409404496651e-03 -7.384347268182357704e-03 -1.178218968857619627e-02
2.104999999999999716e+01 2.134066497436052853e-03 7.616758807643360992e-04 -5.746896143835713341e-04 -2.629158935350735596e-03 -7.430188228471441315e-03 -1.182819501535099967e-02
2.106666666666666288e+01 2.089875549037863937e-03 7.179561206348434319e-04 -6.191510005003533074e-04 -2.674589085171763525e-03 -7.474912039547814031e-03 -1.187301987220856433e-02
2.108333333333332860e+01 2.046159045316897455e-03 6.753290641901572161e-04 -6.621433994300321467e-04 -2.718559774305627161e-03 -7.518379602948217777e-03 -1.191717618430175596e-02
2.109999999999999432e+01 2.003767951864669165e-03 6.340797024139124740e-04 -7.037840044049791443e-04 -2.761716090554436343e-03 -7.561636363022254670e-03 -1.195992031173404024e-02
2.111666666666667425e+01 1.962331549882306240e-03 5.933121781493452384e-04 -7.447700888056083338e-04 -2.803940465653946817e-03 -7.603773737586349071e-03 -1.200143303271234037e-02
2.113333333333332575e+01 1.921568653286537731e-03 5.532176344668355682e-04 -7.857413330172198767e-04 -2.845420085551946150e-03 -7.645079301301650233e-03 -1.204243098829649306e-02
2.115000000000000568e+01 1.881551138291798556e-03 5.140692914685287022e-04 -8.257129505371337431e-04 -2.885538785925820075e-03 -7.685432210479738527e-03 -1.208287649790648968e-02
2.116666666666667140e+01 1.842607719015396930e-03 4.762145465030679834e-04 -8.654048819062322428e-04 -2.924860288092066309e-03 -7.725045722051631855e-03 -1.212220959466074090e-02
2.118333333333333712e+01 1.805038306183342047e-03 4.388872388904239367e-04 -9.040798631414805053e-04 -2.963486750445943653e-03 -7.763485420517346296e-03 -1.216036879535716334e-02
2.120000000000000284e+01 1.768330112041244804e-03 4.023592284923172176e-04 -9.417373364143802935e-04 -3.001559383433374893e-03 -7.801042145283466032e-03 -1.219792265925544357e-02
2.121666666666666856e+01 1.732304212960786424e-03 3.668389873225205884e-04 -9.783361659183957820e-04 -3.038628738145256105e-03 -7.837889164135065576e-03 -1.223417382315120962e-02
2.123333333333333428e+01 1.696201675993199614e-03 3.322910002350053954e-04 -1.014003106018447143e-03 -3.074879617342025136e-03 -7.874107202914811671e-03 -1.226964201279341637e-02
2.125000000000000000e+01 1.660943304622951224e-03 2.986173346936700675e-04 -1.048829102845325609e-03 -3.110752285742389434e-03 -7.909593256386588528e-03 -1.230497453983361508e-02
2.126666666666666572e+01 1.626809550575455563e-03 2.655863684875916239e-04 -1.082795573027383034e-03 -3.145431692816810613e-03 -7.944497181247112821e-03 -1.234088402997083993e-02
2.128333333333333144e+01 1.593792583815875977e-03 2.325558519510836941e-04 -1.116315182321182342e-03 -3.179050095786564115e-03 -7.979085037776115913e-03 -1.237560072539872595e-02
2.129999999999999716e+01 1.561051198468096273e-03 1.994652598932340109e-04 -1.148915426355595713e-03 -3.212056284823613505e-03 -8.012365890280407146e-03 -1.240851135122817556e-02
2.131666666666666288e+01 1.529060732945943142e-03 1.679907456345959191e-04 -1.181098300851470039e-03 -3.244910407478119978e-03 -8.045244270245501331e-03 -1.244047913077133034e-02
2.133333333333332860e+01 1.498075169580537734e-03 1.376657776539229230e-04 -1.212318742479016626e-03 -3.276728196764605496e-03 -8.077000725372519840e-03 -1.247209314862449125e-02
2.134999999999999432e+01 1.467355385946773720e-03 1.080768996818400138e-04 -1.242813986947346062e-03 -3.307906137559182141e-03 -8.108056975018689688e-03 -1.250341992973002039e-02
2.136666666666667425e+01 1.437261957589530464e-03 7.863305552674951660e-05 -1.272538909981518881e-03 -3.338224621495967416e-03 -8.138520207901851766e-03 -1.253403699929286214e-02
2.138333333333332575e+01 1.408074986028744592e-03 4.962612210648855788e-05 -1.301536557857122965e-03 -3.368142792596915368e-03 -8.168419077798711597e-03 -1.256377409227085913e-02
2.140000000000000568e+01 1.379641432052109394e-03 2.115444275810962274e-05 -1.330078121420486025e-03 -3.397596496517481766e-03 -8.197473232781499197e-03 -1.259260916678623179e-02
2.141666666666667140e+01 1.351522414491420753e-03 -6.427128450905240544e-06 -1.358436434274065902e-03 -3.426185007683543466e-03 -8.225956752338585073e-03 -1.262131807414677495e-02
2.143333333333333712e+01 1.324122144499223410e-03 -3.349155042812557924e-05 -1.386110413868237934e-03 -3.453899065541764582e-03 -8.253909610905553820e-03 -1.264909293199434175e-02
2.145000000000000284e+01 1.297249160784467439e-03 -5.993781958232384771e-05 -1.412984991906073061e-03 -3.480942709092096563e-03 -8.281118426711813960e-03 -1.267636105364097418e-02
2.146666666666666856e+01 1.271166490399111516e-03 -8.557064538877082302e-05 -1.439387651213230564e-03 -3.507815403038879679e-03 -8.307848060495700085e-03 -1.270306691268702909e-02
2.148333333333333428e+01 1.245421207108727548e-03 -1.108451181144512167e-04 -1.465000680980288374e-03 -3.534203418535992840e-03 -8.333875102379026401e-03 -1.272914506034543251e-02
2.150000000000000000e+01 1.220373613767858877e-03 -1.356752082197321238e-04 -1.490219934737878121e-03 -3.560084704951276859e-03 -8.359545399181187580e-03 -1.275466823414871109e-02
2.151666666666666572e+01 1.195720313213308314e-03 -1.598678372822017477e-04 -1.514805938320310267e-03 -3.584974002136379068e-03 -8.384472921603165763e-03 -1.277969153914767543e-02
2.153333333333333144e+01 1.171572881739351519e-03 -1.830133919928040112e-04 -1.538980342647636081e-03 -3.609387173610625367e-03 -8.409155899061458717e-03 -1.280411844550949016e-02
2.154999999999999716e+01 1.148136471254501039e-03 -2.059582047243816620e-04 -1.562497479358574901e-03 -3.633218787814130029e-03 -8.433002880024274145e-03 -1.282808091504369398e-02
2.156666666666666288e+01 1.125133149668740458e-03 -2.285058631730558674e-04 -1.585622184927751137e-03 -3.656588574012101418e-03 -8.456631681989523058e-03 -1.285160869793373732e-02
2.158333333333332860e+01 1.102690212719884813e-03 -2.504932526942691166e-04 -1.608225229808704637e-03 -3.679459567517683397e-03 -8.479649121141692725e-03 -1.287446676436596223e-02
2.159999999999999432e+01 1.080524291876833057e-03 -2.720711733206234014e-04 -1.630406294312945585e-03 -3.702031559094534283e-03 -8.502173061643181901e-03 -1.289699474065912448e-02
2.161666666666667425e+01 1.059000789911750421e-03 -2.933902324186569467e-04 -1.652100309368614156e-03 -3.724179793994596404e-03 -8.524235716248041578e-03 -1.291880630465872329e-02
2.163333333333332575e+01 1.037985017775147839e-03 -3.142482686050224378e-04 -1.673271082564459005e-03 -3.745803503165820881e-03 -8.545838069539414203e-03 -1.294036520969248268e-02
2.165000000000000568e+01 1.017491361766067332e-03 -3.343451638910670569e-04 -1.693982926883541833e-03 -3.767181517099803170e-03 -8.567030044700439315e-03 -1.296133498503767613e-02
2.166666666666667140e+01 9.972773525789293495e-04 -3.540361911848273111e-04 -1.713982083773967543e-03 -3.787907338454111605e-03 -8.587734535373710287e-03 -1.298203280995750657e-02
2.168333333333333712e+01 9.774599088673149253e-04 -3.735110841681288287e-04 -1.733808465958842785e-03 -3.807999529842911145e-03 -8.608160714583545231e-03 -1.300213563827009450e-02
2.170000000000000284e+01 9.579260314174199925e-04 -3.927906053302555509e-04 -1.753430304470281068e-03 -3.827623383834644673e-03 -8.627949026609949695e-03 -1.302195294799631670e-02
2.171666666666666856e+01 9.389395773086907241e-04 -4.113933707308579826e-04 -1.772706509710195687e-03 -3.847261229281020642e-03 -8.647546851020307054e-03 -1.304132272059971287e-02
2.173333333333333428e+01 9.203993869268811820e-04 -4.295181708588418214e-04 -1.791404189506634256e-03 -3.866354255275035283e-03 -8.666551510008122308e-03 -1.306028877812669305e-02
2.175000000000000000e+01 9.021185009829805080e-04 -4.472536186517934715e-04 -1.809858575968858888e-03 -3.885076501432248482e-03 -8.685260348952608331e-03 -1.307896057303516851e-02
2.176666666666666572e+01 8.841963418344784371e-04 -4.649217322200477538e-04 -1.827764976146143902e-03 -3.903415566841234897e-03 -8.703406989960402185e-03 -1.309719833793386058e-02
2.178333333333333144e+01 8.663808224469667953e-04 -4.821348901938210573e-04 -1.845265211720880424e-03 -3.921519426079359341e-03 -8.721436768028093325e-03 -1.311509665716054270e-02
2.179999999999999716e+01 8.489464396123985127e-04 -4.989066082255710606e-04 -1.862435487004138364e-03 -3.939195675985005321e-03 -8.738939857940344891e-03 -1.313249343031426368e-02
2.181666666666666288e+01 8.319955352476343874e-04 -5.155151811230501788e-04 -1.879305696925293685e-03 -3.956156904179593779e-03 -8.756098908928844002e-03 -1.314969600996495833e-02
2.183333333333332860e+01 8.155468968861516108e-04 -5.319248165547565618e-04 -1.895731225732752261e-03 -3.972826866947862939e-03 -8.772967282227725136e-03 -1.316645236141011227e-02
2.184999999999999432e+01 7.993043005321765404e-04 -5.480151129967239607e-04 -1.911743740719635621e-03 -3.989359318923349149e-03 -8.789409490460786331e-03 -1.318301960094024269e-02
2.186666666666667425e+01 7.835650009182000423e-04 -5.634417588398152321e-04 -1.927629718801752209e-03 -4.005685143820447887e-03 -8.805614845945478400e-03 -1.319906371513176850e-02
2.188333333333332575e+01 7.681178257246469880e-04 -5.784964776090559951e-04 -1.943139692900171245e-03 -4.021512683459196012e-03 -8.821440665998313627e-03 -1.321496733699188859e-02
2.190000000000000568e+01 7.530405858307336010e-04 -5.933691565195529103e-04 -1.958308619044250940e-03 -4.037110767186928573e-03 -8.836959753573252543e-03 -1.323039033448938223e-02
2.191666666666667140e+01 7.383479781481323530e-04 -6.080344075941679707e-04 -1.973027571927729595e-03 -4.052358577431769762e-03 -8.852039897088950782e-03 -1.324557804956070541e-02
2.193333333333333712e+01 7.239471819991791408e-04 -6.221987651920716199e-04 -1.987597737668038433e-03 -4.067260337547604077e-03 -8.866979330295877981e-03 -1.326034603164993886e-02
2.195000000000000284e+01 7.098111405293705545e-04 -6.360878642004061390e-04 -2.001732844207071860e-03 -4.081641122030588327e-03 -8.881420726090076198e-03 -1.327488920085135790e-02
2.196666666666666856e+01 6.958835030820702565e-04 -6.497901692832436975e-04 -2.015732028333134130e-03 -4.095880624230881055e-03 -8.895750310109844933e-03 -1.328911475915780030e-02
2.198333333333333428e+01 6.822620903655890294e-04 -6.633216868213030921e-04 -2.029329507930734220e-03 -4.109995957926384016e-03 -8.909593550186742025e-03 -1.330303616509906535e-02
2.200000000000000000e+01 6.688674299816918176e-04 -6.763853553983505563e-04 -2.042658302610145422e-03 -4.123710415786246627e-03 -8.923355922242179328e-03 -1.331661769366650379e-02
2.201666666666666572e+01 6.557824604915222372e-04 -6.890531847268124236e-04 -2.055808675086753974e-03 -4.137155933784671981e-03 -8.936680555824326466e-03 -1.332985306356546801e-02
2.203333333333333144e+01 6.428915176035891483e-04 -7.015931339391611159e-04 -2.068645067822773038e-03 -4.150222691163422788e-03 -8.949847357064600467e-03 -1.334294196422501459e-02
2.204999999999999716e+01 6.314945802502163873e-04 -7.140752873024337928e-04 -2.080120715156743693e-03 -4.163124758702035910e-03 -8.962731218706507588e-03 -1.335570993925063593e-02
2.206666666666666288e+01 6.205909181705465032e-04 -7.261884627048236819e-04 -2.090988621641066535e-03 -4.174589339848142934e-03 -8.975373713298838430e-03 -1.336826465658114658e-02
2.208333333333332860e+01 6.096538817400234825e-04 -7.367235775338771674e-04 -2.101791332426451806e-03 -4.185570505547775953e-03 -8.987761166333055329e-03 -1.338042737715012045e-02
2.209999999999999432e+01 5.990917799491521931e-04 -7.469052943929066100e-04 -2.112418701506394662e-03 -4.196451965758198586e-03 -8.999874988874079565e-03 -1.339250717976561006e-02
2.211666666666667425e+01 5.886516735720254525e-04 -7.571385646048187090e-04 -2.122721701288244212e-03 -4.207005783999729492e-03 -9.011851915345935743e-03 -1.340440352436523749e-02
2.213333333333332575e+01 5.782367306112547482e-04 -7.671587359004917919e-04 -2.132866411914225574e-03 -4.217484323917735159e-03 -9.022369509273887520e-03 -1.341507440933333711e-02
2.215000000000000568e+01 5.680953056275816343e-04 -7.769469568650644352e-04 -2.142931912879975868e-03 -4.227988113759924456e-03 -9.032527726887179184e-03 -1.342535592471652724e-02
2.216666666666667140e+01 5.582500082841200702e-04 -7.865296345648144357e-04 -2.152809710237902231e-03 -4.238274218319659434e-03 -9.042564801110958284e-03 -1.343528100552473722e-02
2.218333333333333712e+01 5.486424221794926554e-04 -7.959501200852255303e-04 -2.162461616470991946e-03 -4.248262787460168298e-03 -9.052282698661342358e-03 -1.344505604322562310e-02
2.220000000000000284e+01 5.392100260956799070e-04 -8.052278713223745424e-04 -2.171970947017563391e-03 -4.257987935546644898e-03 -9.061905556990547742e-03 -1.345488405045327726e-02
2.221666666666666856e+01 5.298431437238524831e-04 -8.143268714054412768e-04 -2.181320632159182687e-03 -4.267567509997652504e-03 -9.071396388432604457e-03 -1.346445299190539638e-02
2.223333333333333428e+01 5.205966571230103172e-04 -8.232354931377637661e-04 -2.190420224086154794e-03 -4.276984774185609017e-03 -9.080604514337455371e-03 -1.347368357683468958e-02
2.225000000000000000e+01 5.115729125898173680e-04 -8.319475100334952373e-04 -2.199374760681846105e-03 -4.286165792949331831e-03 -9.089626408435868415e-03 -1.348275167267793187e-02
2.226666666666666572e+01 5.027695805446017819e-04 -8.405553785262436526e-04 -2.208270860432883387e-03 -4.295201972611787343e-03 -9.098648386749003461e-03 -1.349169190802034131e-02
2.228333333333333144e+01 4.940774844963809415e-04 -8.490901818208363176e-04 -2.216952637380001107e-03 -4.304139264494445671e-03 -9.107464621424848222e-03 -1.350042464563771562e-02
2.229999999999999716e+01 4.856048541621360896e-04 -8.573966302676805634e-04 -2.225447473280758089e-03 -4.312830408995214568e-03 -9.116077828258201815e-03 -1.350915728157432542e-02
2.231666666666666288e+01 4.772286907152822302e-04 -8.655078135975733788e-04 -2.233844964801132670e-03 -4.321342742695713675e-03 -9.124591267970844771e-03 -1.351775819233352362e-02
2.233333333333332860e+01 4.689894126514252966e-04 -8.735249651782897020e-04 -2.242069977249979470e-03 -4.329769281628024526e-03 -9.132987426552168983e-03 -1.352614888453276647e-02
2.234999999999999432e+01 4.608482209551441311e-04 -8.813974480455346108e-04 -2.250079241147144669e-03 -4.338054559031068874e-03 -9.141166866216368647e-03 -1.353444020763612705e-02
2.236666666666667425e+01 4.530094594171012981e-04 -8.890920239923420397e-04 -2.258024599238161664e-03 -4.346141189678610905e-03 -9.149156081274381624e-03 -1.354254977138103118e-02
2.238333333333332575e+01 4.452200658323160758e-04 -8.966587781898181873e-04 -2.265876668605590165e-03 -4.354119372170544428e-03 -9.157121433763076510e-03 -1.355045422164402776e-02
2.240000000000000568e+01 4.376072467630667535e-04 -9.041113908272002241e-04 -2.273502306201537378e-03 -4.361966532857671289e-03 -9.164827279392774931e-03 -1.355819210676229361e-02
2.241666666666667140e+01 4.299739996646518366e-04 -9.114332825008763291e-04 -2.280978187039734307e-03 -4.369681519827417482e-03 -9.172341709769341045e-03 -1.356579716452143911e-02
2.243333333333333712e+01 4.226578391501329551e-04 -9.186017619704986426e-04 -2.288405247887355040e-03 -4.377214555985373123e-03 -9.179767611596953772e-03 -1.357330600618572580e-02
2.245000000000000284e+01 4.153326997284584169e-04 -9.256302978580348804e-04 -2.295693772490536941e-03 -4.384624328399725976e-03 -9.187166860824548878e-03 -1.358075791170605673e-02
2.246666666666666856e+01 4.082682432085430282e-04 -9.325561574000902154e-04 -2.302824353830917447e-03 -4.391915778403248684e-03 -9.194393016764997734e-03 -1.358799670334216031e-02
2.248333333333333428e+01 4.011747004054285522e-04 -9.393694763435987997e-04 -2.309845875903032003e-03 -4.399108539072917913e-03 -9.201493936990004507e-03 -1.359498581943051690e-02
2.250000000000000000e+01 3.944354283287161917e-04 -9.460651878804366343e-04 -2.316763375729464364e-03 -4.406130367924817638e-03 -9.208501120161471931e-03 -1.360185408609163385e-02
2.251666666666666572e+01 3.875684592098390183e-04 -9.526333073469116317e-04 -2.323547006245814221e-03 -4.413072419338979861e-03 -9.215471900084955606e-03 -1.360869493724744909e-02
2.253333333333333144e+01 3.810239422384488592e-04 -9.590860335871906990e-04 -2.330136082252292663e-03 -4.419937833504194134e-03 -9.222217856252157286e-03 -1.361544929665871664e-02
2.254999999999999716e+01 3.744080873663383499e-04 -9.653935239580149329e-04 -2.336643726866090114e-03 -4.426657676752744630e-03 -9.228808024170269755e-03 -1.362207445047213666e-02
2.256666666666666288e+01 3.681529636803988347e-04 -9.715858335725552353e-04 -2.343105503927068751e-03 -4.433220042907977387e-03 -9.235321906550039359e-03 -1.362867349187000914e-02
2.258333333333332860e+01 3.617363892030580003e-04 -9.776595690325550966e-04 -2.349448902115064582e-03 -4.439662307784378315e-03 -9.241721597352762357e-03 -1.363521234659157387e-02
2.259999999999999432e+01 3.556898298899300670e-04 -9.842247732012310291e-04 -2.355637928552456982e-03 -4.446000380532134748e-03 -9.247964547872510391e-03 -1.364152216544214924e-02
2.261666666666667425e+01 3.494904964129080566e-04 -9.902818949086848906e-04 -2.361749579240092316e-03 -4.452253613674164202e-03 -9.254095275224196240e-03 -1.364769854222252707e-02
2.263333333333332575e+01 3.436491099162917420e-04 -9.960219811995291075e-04 -2.367751218759926377e-03 -4.458383413761538711e-03 -9.260163939287472529e-03 -1.365388656313586829e-02
2.265000000000000568e+01 3.376523986055718070e-04 -1.001727895518702595e-03 -2.373636474397740424e-03 -4.464435215034695016e-03 -9.266065534542280643e-03 -1.365988606043119953e-02
2.266666666666667140e+01 3.320258987775957576e-04 -1.007317263270705344e-03 -2.379971109756344461e-03 -4.470358772193309092e-03 -9.271878256942516633e-03 -1.366574650053592986e-02
2.268333333333333712e+01 3.262299791176638823e-04 -1.012777188276964193e-03 -2.385780565086098679e-03 -4.476181320960463152e-03 -9.277675459609391329e-03 -1.367140288810576691e-02
2.270000000000000284e+01 3.207775540512415808e-04 -1.018144084380599853e-03 -2.391292843940399059e-03 -4.481908455093875504e-03 -9.283394130941596475e-03 -1.367723713218197031e-02
2.271666666666666856e+01 3.151846210035625208e-04 -1.023447135418662857e-03 -2.396761112586274362e-03 -4.487524803740945874e-03 -9.288971505758579147e-03 -1.368302461585906189e-02
2.273333333333333428e+01 3.099408492373239405e-04 -1.028677613673881436e-03 -2.402121360009835862e-03 -4.493022958931593147e-03 -9.294495542922456832e-03 -1.368869071933306869e-02
2.275000000000000000e+01 3.045052003166481423e-04 -1.033788760212314651e-03 -2.407402616989322373e-03 -4.499010417092495426e-03 -9.299942934802378144e-03 -1.369404076590738720e-02
2.276666666666666572e+01 2.994568787897005963e-04 -1.039314122204272692e-03 -2.412609745678480355e-03 -4.504496460630972796e-03 -9.305253055294589529e-03 -1.369930021066803963e-02
2.278333333333333144e+01 2.937765499053980058e-04 -1.044382344873900003e-03 -2.417688910508396412e-03 -4.509679882533123782e-03 -9.310347743225410103e-03 -1.370424119268606571e-02
2.279999999999999716e+01 2.886699366993589980e-04 -1.049150670695390931e-03 -2.422651190161508126e-03 -4.514786213714109576e-03 -9.315414587395806634e-03 -1.370918510602044983e-02
2.281666666666666288e+01 2.837412467460345266e-04 -1.053909463460898140e-03 -2.427560907625152167e-03 -4.519844373605716101e-03 -9.320552849334142256e-03 -1.371402447878279987e-02
2.283333333333332860e+01 2.790071108244521073e-04 -1.058623601784922964e-03 -2.432930860790249224e-03 -4.524841082705362456e-03 -9.325594037146221413e-03 -1.371913967163500107e-02
2.284999999999999432e+01 2.742412551028280141e-04 -1.063205814692658614e-03 -2.437828629985646939e-03 -4.529713452276443175e-03 -9.330494543491786238e-03 -1.372394380458157211e-02
2.286666666666667425e+01 2.696023256505123322e-04 -1.067688900345805086e-03 -2.442472842335798120e-03 -4.534430813716774401e-03 -9.335331115781855121e-03 -1.372903947679286578e-02
2.288333333333332575e+01 2.649509506457089244e-04 -1.072133440615423558e-03 -2.447099521506749132e-03 -4.539167670394876966e-03 -9.340234625223570175e-03 -1.373346731896218226e-02
2.290000000000000568e+01 2.605288021497390439e-04 -1.076506902020616914e-03 -2.451609916176242070e-03 -4.544296270509807882e-03 -9.344834386465909401e-03 -1.373846685739879211e-02
2.291666666666667140e+01 2.560629688715906926e-04 -1.080766694244662558e-03 -2.455998537992920214e-03 -4.548898742024652664e-03 -9.349494796723501269e-03 -1.374310917942284278e-02
2.293333333333333712e+01 2.517833523517666854e-04 -1.085405403646054305e-03 -2.460329946366174476e-03 -4.553269044097862928e-03 -9.353761815500408888e-03 -1.374772826137894526e-02
2.295000000000000284e+01 2.470466655746055267e-04 -1.089673936331961171e-03 -2.464595551472622322e-03 -4.557666112304281474e-03 -9.358412097783829625e-03 -1.375212310971627404e-02
2.296666666666666856e+01 2.427810716123720029e-04 -1.093683055006256085e-03 -2.468793963987802285e-03 -4.561946893117228494e-03 -9.362460900001682088e-03 -1.375651825281686176e-02
2.298333333333333428e+01 2.386447303110508518e-04 -1.097656771162470275e-03 -2.472910893049698900e-03 -4.566133431387918440e-03 -9.367266940098185890e-03 -1.376072479461962206e-02
2.300000000000000000e+01 2.346146278506249926e-04 -1.101599292227513436e-03 -2.476958807376328578e-03 -4.570269812546536199e-03 -9.371395306406099523e-03 -1.376512732446064438e-02
2.301666666666666572e+01 2.306658368826248193e-04 -1.105464726025752334e-03 -2.481342816192797038e-03 -4.574351228387707989e-03 -9.375647723342967962e-03 -1.376912837264179096e-02
2.303333333333333144e+01 2.267960793301051765e-04 -1.109235956609031003e-03 -2.485353778290892279e-03 -4.578349881652711562e-03 -9.379586363333082891e-03 -1.377324314373745348e-02
2.304999999999999716e+01 2.229219916817392786e-04 -1.112951528265641995e-03 -2.489168591297562499e-03 -4.582285782974481435e-03 -9.383660155819959631e-03 -1.377698429336349055e-02
2.306666666666666288e+01 2.192050909814319281e-04 -1.116608484659998386e-03 -2.492941528863505760e-03 -4.586578672145768740e-03 -9.387442265490987883e-03 -1.378102868717425225e-02
2.308333333333332860e+01 2.154573664409567145e-04 -1.120194138420149829e-03 -2.496645639926566192e-03 -4.590491729440479736e-03 -9.391394741252645159e-03 -1.378461784889719287e-02
2.309999999999999432e+01 2.118373509072657402e-04 -1.123736016861796643e-03 -2.500288449260881351e-03 -4.594233972699299229e-03 -9.394888687810734260e-03 -1.378868266102174951e-02
2.311666666666667425e+01 2.078612217475988742e-04 -1.127584130020477075e-03 -2.503879529061741119e-03 -4.597914879288260079e-03 -9.398603858323268528e-03 -1.379252481633689437e-02
2.313333333333332575e+01 2.042560582333336730e-04 -1.131082059433107575e-03 -2.507400322811127995e-03 -4.601506981873124472e-03 -9.401850805512243503e-03 -1.379622410119034533e-02
2.315000000000000568e+01 2.008277220887750517e-04 -1.134392486809693811e-03 -2.510857381744393494e-03 -4.605060539307970040e-03 -9.405640707084179236e-03 -1.379987355155524315e-02
2.316666666666667140e+01 1.974774498508112715e-04 -1.137692553215599459e-03 -2.514256988446452162e-03 -4.608610515218474618e-03 -9.408889294314073254e-03 -1.380345083540509589e-02
2.318333333333333712e+01 1.941298489045213823e-04 -1.140935149076947224e-03 -2.517601870481360558e-03 -4.612037109482567364e-03 -9.412727777261632733e-03 -1.380678780342772458e-02
2.320000000000000284e+01 1.908425582835453292e-04 -1.144102784624286906e-03 -2.521214391407407707e-03 -4.615386205030822149e-03 -9.415621388976287698e-03 -1.381017951818557833e-02
2.321666666666666856e+01 1.876060920710674509e-04 -1.147223471204132737e-03 -2.524527848170237537e-03 -4.618746557606486121e-03 -9.419301231803562172e-03 -1.381333673959812477e-02
2.323333333333333428e+01 1.844888331051726708e-04 -1.150296277914738402e-03 -2.527670827479003811e-03 -4.622359953032425042e-03 -9.422152373865858022e-03 -1.381685363618612335e-02
2.325000000000000000e+01 1.813318298348669624e-04 -1.153301736990587287e-03 -2.530795743026106534e-03 -4.625626944099572695e-03 -9.425904176268935786e-03 -1.382006148668689718e-02
2.326666666666666572e+01 1.780031210611977247e-04 -1.156258723491332668e-03 -2.533870390725668099e-03 -4.628746597291891716e-03 -9.428610286856974401e-03 -1.382335892585296461e-02
2.328333333333333144e+01 1.749384455550627860e-04 -1.159168439668342883e-03 -2.536873821544152838e-03 -4.631783190027360594e-03 -9.432337376975883508e-03 -1.382621149279811106e-02
2.329999999999999716e+01 1.720149601309763348e-04 -1.162321735484735628e-03 -2.539834176086876779e-03 -4.634815126799324975e-03 -9.435228957234897615e-03 -1.382941145505065146e-02
2.331666666666666288e+01 1.690891242869830560e-04 -1.165197717693741437e-03 -2.542765163796494379e-03 -4.637810353763139465e-03 -9.438478574351642780e-03 -1.383214062234718045e-02
2.333333333333332860e+01 1.662580539300947307e-04 -1.167925402412540569e-03 -2.545602432360665173e-03 -4.640732141979459283e-03 -9.441327330334687781e-03 -1.383551497006147053e-02
2.334999999999999432e+01 1.634367378009720490e-04 -1.170654829786864793e-03 -2.548417650267286068e-03 -4.643594851963923041e-03 -9.444345861591601707e-03 -1.383841578598882065e-02
2.336666666666667425e+01 1.607088235073819086e-04 -1.173347473595715094e-03 -2.551200108959986862e-03 -4.646449712081609368e-03 -9.447045824942511272e-03 -1.384150887846407642e-02
2.338333333333332575e+01 1.579698332235699386e-04 -1.175986214338210550e-03 -2.554172518778328408e-03 -4.649279003671334155e-03 -9.449988812397922683e-03 -1.384422001859712641e-02
2.340000000000000568e+01 1.553370741394036214e-04 -1.178557584619429038e-03 -2.556925266779685405e-03 -4.652028960152274420e-03 -9.452500637914871065e-03 -1.384711983457813204e-02
2.341666666666667140e+01 1.526945324839830258e-04 -1.181087088610877685e-03 -2.559522955934874500e-03 -4.655012697374491526e-03 -9.455437824777727582e-03 -1.384976018112652786e-02
2.343333333333333712e+01 1.501608681963388084e-04 -1.183581770836891018e-03 -2.562074337023358128e-03 -4.657717586733250981e-03 -9.457813739580695975e-03 -1.385252785497701096e-02
2.345000000000000284e+01 1.473467099043535586e-04 -1.186023393386759174e-03 -2.564585294910525122e-03 -4.660315007809175993e-03 -9.460726968565329534e-03 -1.385497303865259461e-02
2.346666666666666856e+01 1.448065979408078789e-04 -1.188432519114043535e-03 -2.567053978252760178e-03 -4.662874387325101691e-03 -9.462929823302738616e-03 -1.385790208411436658e-02
2.348333333333333428e+01 1.423797149504228254e-04 -1.191043327110823807e-03 -2.569460505916089810e-03 -4.665415323973512961e-03 -9.465839908901629504e-03 -1.386026642856819785e-02
2.350000000000000000e+01 1.400033913864133853e-04 -1.193425160922521530e-03 -2.571843853798163552e-03 -4.667877959263040492e-03 -9.467900319338423340e-03 -1.386277450756780855e-02
2.351666666666666572e+01 1.376443622964535244e-04 -1.195687357429631214e-03 -2.574204785084532182e-03 -4.670317724803783183e-03 -9.470828689766721750e-03 -1.386481074411132636e-02
2.353333333333333144e+01 1.353363008495749411e-04 -1.197927303752279512e-03 -2.576526189731240691e-03 -4.672686480046252429e-03 -9.472745619414498289e-03 -1.386743475464569629e-02
2.354999999999999716e+01 1.330657158637453714e-04 -1.200135431389078499e-03 -2.578791965835188285e-03 -4.675014320895351863e-03 -9.475677084055719041e-03 -1.386967691205701243e-02
2.356666666666666288e+01 1.308712562815649678e-04 -1.202309939432379040e-03 -2.581028354271993654e-03 -4.677308873011202205e-03 -9.477467980252556046e-03 -1.387213414493351088e-02
2.358333333333332860e+01 1.286416915466693795e-04 -1.204442727076847960e-03 -2.583446504215995872e-03 -4.679816889190370477e-03 -9.480424764351985667e-03 -1.387422146747635185e-02
2.359999999999999432e+01 1.265034820301052078e-04 -1.206533283766642864e-03 -2.585674100017136112e-03 -4.682084107613630232e-03 -9.482066326127467845e-03 -1.387649149632443416e-02
2.361666666666667425e+01 1.241386793337731910e-04 -1.208587337751985133e-03 -2.587792409090351221e-03 -4.684288784125913499e-03 -9.484991661672373051e-03 -1.387855491788894842e-02
2.363333333333332575e+01 1.219919774650125269e-04 -1.210610756294665767e-03 -2.589900970959664681e-03 -4.686433787370635103e-03 -9.486510858438455818e-03 -1.388080349213662544e-02
2.365000000000000568e+01 1.199461164104791361e-04 -1.212610266932741786e-03 -2.591955823281669787e-03 -4.688561725270089589e-03 -9.489179357826204794e-03 -1.388274684081618540e-02
2.366666666666667140e+01 1.179451274445721310e-04 -1.214558922384112363e-03 -2.593954543044482957e-03 -4.690636098326550658e-03 -9.491085530538279774e-03 -1.388501026921593919e-02
2.368333333333333712e+01 1.159608279845054154e-04 -1.216676625859475875e-03 -2.595917845355680525e-03 -4.692677107079041079e-03 -9.493456803343068226e-03 -1.388683081450119844e-02
2.370000000000000284e+01 1.140225146520945551e-04 -1.218631272363104694e-03 -2.597865516536465493e-03 -4.694674628057930559e-03 -9.495200963624687504e-03 -1.388905258421725165e-02
2.371666666666666856e+01 1.120924925633518242e-04 -1.220465904144596436e-03 -2.599797169966135395e-03 -4.696649289010542717e-03 -9.497409535680550324e-03 -1.389090865514339308e-02
2.373333333333333428e+01 1.102426456119210400e-04 -1.222286362783158928e-03 -2.601697119529018231e-03 -4.698578505117347384e-03 -9.499104516798766509e-03 -1.389299063950943935e-02
2.375000000000000000e+01 1.083857854141539345e-04 -1.224094827628212064e-03 -2.603561997183862289e-03 -4.700678490100481700e-03 -9.501221256460253006e-03 -1.389505653212841883e-02
2.376666666666666572e+01 1.065817219867584524e-04 -1.225850907934896436e-03 -2.605405269147781627e-03 -4.702577457638129101e-03 -9.502780209013225732e-03 -1.389701416361739314e-02
2.378333333333333144e+01 1.045887578827658313e-04 -1.227565320057519239e-03 -2.607409671667883407e-03 -4.704420665293774888e-03 -9.504870952980505605e-03 -1.389879068138548737e-02
2.379999999999999716e+01 1.028001339793831621e-04 -1.229273155120678800e-03 -2.609254675376588943e-03 -4.706219557160804673e-03 -9.506318675158954498e-03 -1.390067499841950854e-02
2.381666666666666288e+01 1.010833826127494745e-04 -1.230950666541836235e-03 -2.611001426373185837e-03 -4.708023853082038586e-03 -9.508382846838751151e-03 -1.390234775167874769e-02
2.383333333333332860e+01 9.938369122999677783e-05 -1.232575333542182882e-03 -2.612716363811596037e-03 -4.709777970074976138e-03 -9.509761205156860506e-03 -1.390432097754535495e-02
2.384999999999999432e+01 9.770657369203468987e-05 -1.234179661799840585e-03 -2.614396889655354762e-03 -4.711493197153794783e-03 -9.511873276380072156e-03 -1.390582033923070705e-02
2.386666666666667425e+01 9.607073332325938243e-05 -1.235784910872977059e-03 -2.616089979494235548e-03 -4.713160258011548850e-03 -9.513152464518894250e-03 -1.390774056029407506e-02
2.388333333333332575e+01 9.445292723852563544e-05 -1.237347630896755814e-03 -2.617706059480086681e-03 -4.714822276837964468e-03 -9.515288629716560365e-03 -1.390911997709502225e-02
2.390000000000000568e+01 9.289911693482105813e-05 -1.239036500137387885e-03 -2.619276470056230727e-03 -4.716460004506922189e-03 -9.516486225124526008e-03 -1.391095893767761542e-02
2.391666666666667140e+01 9.132804705970772410e-05 -1.240589424792086330e-03 -2.620814274634648312e-03 -4.718250963508914368e-03 -9.518647985349276003e-03 -1.391240039336280598e-02
2.393333333333333712e+01 8.980422993929827009e-05 -1.242064699437850925e-03 -2.622335250448924564e-03 -4.719841589974790169e-03 -9.519774648680113041e-03 -1.391415494743958661e-02
2.395000000000000284e+01 8.812874666175013591e-05 -1.243531803782290052e-03 -2.623827427204493586e-03 -4.721399322695718492e-03 -9.521968449672643317e-03 -1.391566434512815989e-02
2.396666666666666856e+01 8.661683741135076478e-05 -1.244961638185672652e-03 -2.625319995950001380e-03 -4.722911159301192673e-03 -9.522949294166999090e-03 -1.391736554918282694e-02
2.398333333333333428e+01 8.516959252667073786e-05 -1.246354199681570405e-03 -2.626936524920674924e-03 -4.724415042108530242e-03 -9.525189066526650386e-03 -1.391879556960252083e-02
2.400000000000000000e+01 8.374134448393749305e-05 -1.247741513348941825e-03 -2.628395500808187405e-03 -4.725896280085361417e-03 -9.526043201617966777e-03 -1.392045273279626794e-02
2.401666666666666572e+01 8.233143583549313801e-05 -1.249108306157245682e-03 -2.629787851675449099e-03 -4.727356705728767358e-03 -9.528272990257881728e-03 -1.392179421912270731e-02
2.403333333333333144e+01 8.096256190147774125e-05 -1.250439915485261708e-03 -2.631167076161693499e-03 -4.728766945019900574e-03 -9.529016096921539766e-03 -1.392338096608206066e-02
2.404999999999999716e+01 7.959991130046244093e-05 -1.251740050936669913e-03 -2.632526523478275534e-03 -4.730160105348301010e-03 -9.531250517076365891e-03 -1.392461423990526415e-02
2.406666666666666288e+01 7.827837298107833970e-05 -1.253037689655474470e-03 -2.633872216091246669e-03 -4.731528370714836035e-03 -9.531810591958853399e-03 -1.392612163781202506e-02
2.408333333333332860e+01 7.695302291067511349e-05 -1.254451336978401306e-03 -2.635190744036827737e-03 -4.733033951273884522e-03 -9.534145492251662121e-03 -1.392740021720415521e-02
2.409999999999999432e+01 7.568294410666018485e-05 -1.255739794665872676e-03 -2.636491117550500071e-03 -4.734362448575265246e-03 -9.534703046733551332e-03 -1.392896837307473941e-02
2.411666666666667425e+01 7.427538444272840056e-05 -1.256965823968861536e-03 -2.637774957247513308e-03 -4.735679212716881019e-03 -9.537041940706253787e-03 -1.393019066548247323e-02
2.413333333333332575e+01 7.299446133249835227e-05 -1.258177418750488358e-03 -2.639024884977800474e-03 -4.736973486840671300e-03 -9.537342119213025604e-03 -1.393159033296793511e-02
2.415000000000000568e+01 7.177637017824347145e-05 -1.259359648252025236e-03 -2.640247234771451491e-03 -4.738258175738586410e-03 -9.539525444384655897e-03 -1.393272684248939366e-02
2.416666666666667140e+01 7.057429181493322587e-05 -1.260527429587087475e-03 -2.641462331555416605e-03 -4.739483458181266429e-03 -9.539623517283378137e-03 -1.393404634749546497e-02
2.418333333333333712e+01 6.938457852026175070e-05 -1.261671374671714677e-03 -2.642770787662194597e-03 -4.740695576456807267e-03 -9.541913501282403565e-03 -1.393512384038072573e-02
2.420000000000000284e+01 6.822403374971176826e-05 -1.262793975410930747e-03 -2.643973479009461853e-03 -4.741883737352708961e-03 -9.542004547726527092e-03 -1.393641120858783722e-02
2.421666666666666856e+01 6.706866574060145632e-05 -1.263901986268529736e-03 -2.645121855598466052e-03 -4.743092035282064564e-03 -9.544387317155272193e-03 -1.393732733135476069e-02
2.423333333333333428e+01 6.595433908674304467e-05 -1.264993730542228554e-03 -2.646250350404314236e-03 -4.744245460214515167e-03 -9.544452078602421591e-03 -1.393864773326669929e-02
2.425000000000000000e+01 6.484262119312838983e-05 -1.266070893331791786e-03 -2.647398152990023887e-03 -4.745516243468889984e-03 -9.546945550253097684e-03 -1.393974189601249712e-02
2.426666666666666572e+01 6.376718312786267451e-05 -1.267133405021750227e-03 -2.648518266401774218e-03 -4.746648840085872408e-03 -9.546803075945870659e-03 -1.394088915185550358e-02
2.428333333333333144e+01 6.268284426627503505e-05 -1.268175757357728473e-03 -2.649596584353897458e-03 -4.747739620772233049e-03 -9.549333312699482754e-03 -1.394204444784297864e-02
2.429999999999999716e+01 6.153644714972320170e-05 -1.269197345605163098e-03 -2.650662198220705285e-03 -4.748778513332712649e-03 -9.549135153639040988e-03 -1.394314648838861428e-02
2.431666666666666288e+01 6.047260955800900091e-05 -1.270304818517897002e-03 -2.651710317984798480e-03 -4.749848239429416488e-03 -9.551726545845025396e-03 -1.394414189229074147e-02
2.433333333333332860e+01 5.946648892986394454e-05 -1.271314001657480527e-03 -2.652728656068767486e-03 -4.750879984263841824e-03 -9.551428722945646752e-03 -1.394525769315332550e-02
2.434999999999999432e+01 5.846270579182161740e-05 -1.272264658294100818e-03 -2.653725423681693903e-03 -4.751917011447628035e-03 -9.554038982583149334e-03 -1.394610055737918741e-02
2.436666666666667425e+01 5.748735697847932234e-05 -1.273215188783568055e-03 -2.654715912795117469e-03 -4.752915709405463110e-03 -9.553635136585641660e-03 -1.394719624182016483e-02
2.438333333333332575e+01 5.651063895870449499e-05 -1.274155551913452563e-03 -2.655786601896851194e-03 -4.753898134046065371e-03 -9.556215449449368196e-03 -1.394791042661198618e-02
2.440000000000000568e+01 5.557560558686350862e-05 -1.275072670795307245e-03 -2.656760981206950523e-03 -4.754841266740246312e-03 -9.555673960630253067e-03 -1.394905930241110287e-02
2.441666666666667140e+01 5.463810199575823521e-05 -1.275977887487326438e-03 -2.657693966979454009e-03 -4.755891276131369444e-03 -9.558411523548433070e-03 -1.394996113630689663e-02
2.443333333333333712e+01 5.372662694881832088e-05 -1.276874426984831931e-03 -2.658622524010008370e-03 -4.756841642553875059e-03 -9.557728437590973583e-03 -1.395095902675450028e-02
2.445000000000000284e+01 5.281539309572033045e-05 -1.277756833171699719e-03 -2.659545567831140319e-03 -4.757825900404050179e-03 -9.559300525538671350e-03 -1.395210412607885385e-02
2.446666666666666856e+01 5.194634733542977313e-05 -1.278622231461997447e-03 -2.660439668163546746e-03 -4.758756816355374196e-03 -9.559680432853939411e-03 -1.395318826451568371e-02
2.448333333333333428e+01 5.096921796735963525e-05 -1.279471538773585982e-03 -2.661312475112295739e-03 -4.759674824863288981e-03 -9.560953368551375689e-03 -1.395401958528264853e-02
2.450000000000000000e+01 5.009311937580260813e-05 -1.280297686354855448e-03 -2.662171576047318421e-03 -4.760552250674287243e-03 -9.561429253541255460e-03 -1.395508833943553614e-02
2.451666666666666572e+01 4.925776356621078137e-05 -1.281192737784278774e-03 -2.663025647323382684e-03 -4.761427423865070147e-03 -9.562609218598923377e-03 -1.395592903479691595e-02
2.453333333333333144e+01 4.842666983753784706e-05 -1.282015408161074014e-03 -2.663859931114046734e-03 -4.762266704820558062e-03 -9.562918040061634678e-03 -1.395706131058798739e-02
2.454999999999999716e+01 4.760561788516716697e-05 -1.282800831437821542e-03 -2.664673899228193858e-03 -4.763111521442851132e-03 -9.564144707017782979e-03 -1.395785124567066986e-02
2.456666666666666288e+01 4.681340104021123320e-05 -1.283581021636559950e-03 -2.665485888279729709e-03 -4.763959908964322115e-03 -9.564380984047032158e-03 -1.395897030547257715e-02
2.458333333333332860e+01 4.602062745558581694e-05 -1.284345076113961592e-03 -2.666355894087338481e-03 -4.764870172081958968e-03 -9.565646030645462428e-03 -1.395959666374976295e-02
2.459999999999999432e+01 4.525326948950622651e-05 -1.285093283531411629e-03 -2.667148583363559977e-03 -4.765656340532074819e-03 -9.565829809094017130e-03 -1.396072143128888887e-02
2.461666666666667425e+01 4.448474454360037337e-05 -1.285835776654427765e-03 -2.667918445961526847e-03 -4.766451410743054694e-03 -9.567198030394744729e-03 -1.396138638967435279e-02
2.463333333333332575e+01 4.374458181238040513e-05 -1.286565178069633405e-03 -2.668666216997820414e-03 -4.767220151920212486e-03 -9.567303000958761808e-03 -1.396236518774042826e-02
2.465000000000000568e+01 4.292230388659550711e-05 -1.287277157648948666e-03 -2.669409940540704105e-03 -4.767999588501101345e-03 -9.568761172376117133e-03 -1.396306990540334934e-02
2.466666666666667140e+01 4.218362483267604316e-05 -1.287979371546702119e-03 -2.670141557300613217e-03 -4.768749313173653755e-03 -9.568752069854438019e-03 -1.396395137842308676e-02
2.468333333333333712e+01 4.147848212739504628e-05 -1.288672572869053665e-03 -2.670861757842030518e-03 -4.769489366857746458e-03 -9.570354092151072897e-03 -1.396455537947894308e-02
2.470000000000000284e+01 4.078175861606065728e-05 -1.289359400830668041e-03 -2.671569342464712778e-03 -4.770201283333653369e-03 -9.570220495203495339e-03 -1.396550924030369109e-02
2.471666666666666856e+01 4.009336223490017381e-05 -1.290028755101218019e-03 -2.672259387470549748e-03 -4.770910587129039565e-03 -9.571802399561471497e-03 -1.396605407529995756e-02
2.473333333333333428e+01 3.942287690626524225e-05 -1.290751776873083579e-03 -2.672940421589724454e-03 -4.771592532819261649e-03 -9.571676778539041711e-03 -1.396679617511907209e-02
2.475000000000000000e+01 3.875524201266665209e-05 -1.291416902727499615e-03 -2.673611778045897024e-03 -4.772354358854928764e-03 -9.572846777907796645e-03 -1.396717219005885920e-02
2.476666666666666572e+01 3.810883409385219561e-05 -1.292046854062688880e-03 -2.674275628563551298e-03 -4.773006125168254010e-03 -9.573304521319785446e-03 -1.396796257661018018e-02
2.478333333333333144e+01 3.745802463627011491e-05 -1.292673103317650701e-03 -2.674984644410797769e-03 -4.773677092046770855e-03 -9.574381949654485122e-03 -1.396840610167942622e-02
2.479999999999999716e+01 3.683010975914291426e-05 -1.293289508989887981e-03 -2.675632232238816990e-03 -4.774364556547053794e-03 -9.574690146868212320e-03 -1.396915886177799854e-02
2.481666666666666288e+01 3.620036088482705299e-05 -1.293890723826190839e-03 -2.676262988422726478e-03 -4.775066402881775370e-03 -9.575765422647777858e-03 -1.396974079726248652e-02
2.483333333333332860e+01 3.553280127072254056e-05 -1.294479824522176518e-03 -2.676876302303191936e-03 -4.775706190303039174e-03 -9.576051165795729930e-03 -1.397047181266619642e-02
2.484999999999999432e+01 3.491110328012564742e-05 -1.295069153238766115e-03 -2.677490213340074591e-03 -4.776319367722829841e-03 -9.577063993038629000e-03 -1.397097932973422225e-02
2.486666666666666003e+01 3.432771601302834634e-05 -1.295645623337877625e-03 -2.678093489380248878e-03 -4.776906126131974691e-03 -9.577213942471537664e-03 -1.397168399467705636e-02
2.488333333333333997e+01 3.374179016132006963e-05 -1.296204129157028191e-03 -2.678681696703380782e-03 -4.777502373592390841e-03 -9.578233584390489358e-03 -1.397211894788976186e-02
2.490000000000000568e+01 3.317419910495092840e-05 -1.296752955499696266e-03 -2.679250273275539124e-03 -4.778087577135816007e-03 -9.578239387233102031e-03 -1.397287316024545083e-02
2.491666666666667140e+01 3.260658710842041200e-05 -1.297359352154052112e-03 -2.679810139359772771e-03 -4.778685726647954879e-03 -9.579296770571990929e-03 -1.397338079628445383e-02
2.493333333333333712e+01 3.205751972239539104e-05 -1.297909683615269295e-03 -2.680366741946181575e-03 -4.779338989836570510e-03 -9.579257034113480146e-03 -1.397428229785187444e-02
2.495000000000000284e+01 3.150885270582651172e-05 -1.298435330203253539e-03 -2.680912482834192038e-03 -4.779907928072060948e-03 -9.580365833756781038e-03 -1.397464257130640215e-02
2.496666666666666856e+01 3.098431721063119574e-05 -1.298957701489018889e-03 -2.681450761721930476e-03 -4.780492028979325785e-03 -9.580307879661973183e-03 -1.397505067529608742e-02
2.498333333333333428e+01 3.045072718569603952e-05 -1.299472442575057632e-03 -2.682036855580772084e-03 -4.781068396533933590e-03 -9.581523814487392238e-03 -1.397564051561356671e-02
2.500000000000000000e+01 2.993891336902039093e-05 -1.299974245575295090e-03 -2.682569697884830320e-03 -4.781631491599274905e-03 -9.581431065252783708e-03 -1.397621981698967536e-02
2.501666666666666572e+01 2.937693388508346991e-05 -1.300468682783186263e-03 -2.683079842556447461e-03 -4.782165648851831319e-03 -9.582802982215804857e-03 -1.397686468466462044e-02
2.503333333333333144e+01 2.886773953745091749e-05 -1.300952222191356427e-03 -2.683581512974526125e-03 -4.782675649814225119e-03 -9.582735602542665279e-03 -1.397770339347849736e-02
2.504999999999999716e+01 2.837690890678115163e-05 -1.301425763193169837e-03 -2.684077233264473700e-03 -4.783191273146132454e-03 -9.583734662924111442e-03 -1.397817446778105988e-02
2.506666666666666288e+01 2.789758126891766338e-05 -1.301893448954682606e-03 -2.684560232557651419e-03 -4.783676922243945868e-03 -9.584105031049798898e-03 -1.397861566960960367e-02
2.508333333333332860e+01 2.741969510472259730e-05 -1.302355213066661802e-03 -2.685037839073226625e-03 -4.784180101131306311e-03 -9.584946782226939910e-03 -1.397890382022071686e-02
2.509999999999999432e+01 2.695320687268861075e-05 -1.302810880407788072e-03 -2.685507376276098559e-03 -4.784656193233174232e-03 -9.585171291092859855e-03 -1.397945616283260452e-02
2.511666666666666003e+01 2.649331901402665002e-05 -1.303261061648898879e-03 -2.685967157516323811e-03 -4.785199247599525481e-03 -9.586000281094636186e-03 -1.397987780274191801e-02
2.513333333333333997e+01 2.604919941834381807e-05 -1.303748438192151591e-03 -2.686413792952100591e-03 -4.785649325228127741e-03 -9.586177175571983580e-03 -1.398036629932313847e-02
2.515000000000000568e+01 2.559750065760861803e-05 -1.304195830723254689e-03 -2.686874372612695593e-03 -4.786141011672689557e-03 -9.586950493491220443e-03 -1.398092024555708072e-02
2.516666666666667140e+01 2.516504536702382828e-05 -1.304615617641173304e-03 -2.687310776341569635e-03 -4.786586466010794849e-03 -9.587047514422790406e-03 -1.398140485356749729e-02
2.518333333333333712e+01 2.468592022882130045e-05 -1.305027725588044562e-03 -2.687792747981946825e-03 -4.787049760146056161e-03 -9.587831055544901795e-03 -1.398184694983807021e-02
2.520000000000000284e+01 2.425162670546006152e-05 -1.305432381968085667e-03 -2.688218477840801680e-03 -4.787480385634096045e-03 -9.587820490348798394e-03 -1.398244464402173710e-02
2.521666666666666856e+01 2.383858585980269202e-05 -1.305832258069175881e-03 -2.688623367459738647e-03 -4.787920508853500332e-03 -9.588641655224001970e-03 -1.398285928412387573e-02
2.523333333333333428e+01 2.343137579183129061e-05 -1.306220740825610790e-03 -2.689028646637160475e-03 -4.788344098022182319e-03 -9.588535710015966620e-03 -1.398340398218386738e-02
2.525000000000000000e+01 2.302721213254152162e-05 -1.306614785165917956e-03 -2.689430959502604572e-03 -4.788764099588976864e-03 -9.589448171878340102e-03 -1.398360821277909623e-02
2.526666666666666572e+01 2.263486495703458240e-05 -1.307006451994161163e-03 -2.689807370928261852e-03 -4.789157798860713307e-03 -9.589340065593523685e-03 -1.398424882945865574e-02
2.528333333333333144e+01 2.224349456498498064e-05 -1.307383320079892565e-03 -2.690189471477990278e-03 -4.789604334881127426e-03 -9.590338522286577169e-03 -1.398444828324659113e-02
2.529999999999999716e+01 2.186402939066497709e-05 -1.307746202552290300e-03 -2.690555581167726647e-03 -4.789961416583524319e-03 -9.590173111528080621e-03 -1.398486664363011479e-02
2.531666666666666288e+01 2.148689437698071675e-05 -1.308144994518478654e-03 -2.690931713431547918e-03 -4.790361396944059144e-03 -9.591275632404923368e-03 -1.398505072895010574e-02
2.533333333333332860e+01 2.112459242635622182e-05 -1.308507899837412034e-03 -2.691293866974627923e-03 -4.790758203975826676e-03 -9.591040285070783281e-03 -1.398559952040074987e-02
2.534999999999999432e+01 2.071856548468235522e-05 -1.308859114429380792e-03 -2.691654906677640006e-03 -4.791181554927180855e-03 -9.591780129164022631e-03 -1.398586424138357348e-02
2.536666666666666003e+01 2.035186039589038359e-05 -1.309203847395821151e-03 -2.692007123407288462e-03 -4.791546160020016161e-03 -9.591979916450719609e-03 -1.398633276039200173e-02
2.538333333333333997e+01 2.000289238751392027e-05 -1.309546223883127289e-03 -2.692411363387851950e-03 -4.791900703212213265e-03 -9.592739660534064378e-03 -1.398662723489520372e-02
2.540000000000000568e+01 1.965800660804322824e-05 -1.309880323606578629e-03 -2.692786004642784819e-03 -4.792232847947656103e-03 -9.592923212494185170e-03 -1.398711038096280522e-02
2.541666666666667140e+01 1.931821425392585010e-05 -1.310208850485115265e-03 -2.693139745234333221e-03 -4.792585107771575766e-03 -9.593631563865482118e-03 -1.398731017034348170e-02
2.543333333333333712e+01 1.898758643228117346e-05 -1.310530073410906982e-03 -2.693467302907594143e-03 -4.792928287333508668e-03 -9.593686782559318268e-03 -1.398778259099262358e-02
2.545000000000000284e+01 1.865773632484082943e-05 -1.310847420554402251e-03 -2.693807416504579843e-03 -4.793304916411905529e-03 -9.594326355479172383e-03 -1.398790016071616536e-02
2.546666666666666856e+01 1.833712764446142126e-05 -1.311164413752877742e-03 -2.694126235191722681e-03 -4.793619474405646542e-03 -9.594307918382770708e-03 -1.398833889241284274e-02
2.548333333333333428e+01 1.801429028420029318e-05 -1.311472203162172140e-03 -2.694449677253259352e-03 -4.793991210833474861e-03 -9.594921064606338687e-03 -1.398856016331479803e-02
2.550000000000000000e+01 1.767078905867318302e-05 -1.311778030695530091e-03 -2.694755861358321975e-03 -4.794327547788693016e-03 -9.594802712601874575e-03 -1.398906321356231316e-02
2.551666666666666572e+01 1.735472653684758411e-05 -1.312101052415744684e-03 -2.695072078264160089e-03 -4.794679302171424642e-03 -9.595469889756185963e-03 -1.398935905189250227e-02
2.553333333333333144e+01 1.705530548057174848e-05 -1.312399659645171503e-03 -2.695357468718369894e-03 -4.794995669653225913e-03 -9.595354321510823556e-03 -1.398975901376449567e-02
2.554999999999999716e+01 1.675526494961948953e-05 -1.312685439799117981e-03 -2.695663001117253044e-03 -4.795335824065403117e-03 -9.596104725617560227e-03 -1.398992607372992990e-02
2.556666666666666288e+01 1.646464828932584090e-05 -1.312968441090852506e-03 -2.695940285676240011e-03 -4.795641987963420068e-03 -9.595945134479614766e-03 -1.399030415074569052e-02
2.558333333333332860e+01 1.617499287155148643e-05 -1.313249843840691390e-03 -2.696274208382870661e-03 -4.795954856426722784e-03 -9.596782027583759811e-03 -1.399043420340881361e-02
2.559999999999999432e+01 1.589483803736750861e-05 -1.313526872042827896e-03 -2.696551926346598543e-03 -4.796225278948490489e-03 -9.596606438317344806e-03 -1.399080864368924815e-02
2.561666666666666003e+01 1.561562276233990524e-05 -1.313791157703636091e-03 -2.696854374754276487e-03 -4.796527579191813516e-03 -9.597490400206047309e-03 -1.399090953997136899e-02
2.563333333333333997e+01 1.534631957558538733e-05 -1.314057117253765493e-03 -2.697125069577304725e-03 -4.796845935084244512e-03 -9.597187679765497442e-03 -1.399134607825213913e-02
2.565000000000000568e+01 1.507427451215517782e-05 -1.314336376688867531e-03 -2.697416711278454327e-03 -4.797086721543592988e-03 -9.597781718759178585e-03 -1.399150776269085170e-02
2.566666666666667140e+01 1.481073843828375373e-05 -1.314599806175354400e-03 -2.697658785797391479e-03 -4.797390083054350191e-03 -9.597877997306773074e-03 -1.399181873280916019e-02
2.568333333333333712e+01 1.452038780837709627e-05 -1.314849700791140058e-03 -2.697933998753350004e-03 -4.797662421571436027e-03 -9.598412667303711163e-03 -1.399219128735620411e-02
2.570000000000000284e+01 1.425938438004725162e-05 -1.315089519853166779e-03 -2.698153018594834883e-03 -4.797948087759560699e-03 -9.598478251811622466e-03 -1.399263849623767417e-02
2.571666666666666856e+01 1.400965747820300924e-05 -1.315355057866944132e-03 -2.698427340825249304e-03 -4.798217654260254934e-03 -9.598960287705378749e-03 -1.399293959109506290e-02
2.573333333333333428e+01 1.376323604487967557e-05 -1.315598432107129229e-03 -2.698644717646181239e-03 -4.798473425645387140e-03 -9.599004412718711160e-03 -1.399360736095067725e-02
2.575000000000000000e+01 1.352108168468762735e-05 -1.315839741878641490e-03 -2.698923274343249280e-03 -4.798725865783946484e-03 -9.599450012184667161e-03 -1.399383566705110320e-02
2.576666666666666572e+01 1.328453024197248651e-05 -1.316071675422529792e-03 -2.699122841402506676e-03 -4.798968217676314284e-03 -9.599434538328170674e-03 -1.399412036894566794e-02
2.578333333333333144e+01 1.304705725135027271e-05 -1.316303476792676742e-03 -2.699394246908015226e-03 -4.799239624086027063e-03 -9.599904625217961854e-03 -1.399411323068682107e-02
2.579999999999999716e+01 1.281724736694929942e-05 -1.316527235826701978e-03 -2.699608961549306366e-03 -4.799446027556774318e-03 -9.599795118776226210e-03 -1.399443756178135774e-02
2.581666666666666288e+01 1.258619151488568752e-05 -1.316753253043320823e-03 -2.699842464448682245e-03 -4.799729912047015143e-03 -9.600342928088635014e-03 -1.399457936047903729e-02
2.583333333333332860e+01 1.236449219949205597e-05 -1.316966662047370194e-03 -2.700063123852250013e-03 -4.799923132797872735e-03 -9.600229966378019328e-03 -1.399479433825438247e-02
2.584999999999999432e+01 1.211980429739459560e-05 -1.317177527886249141e-03 -2.700292098618028644e-03 -4.800179890304313683e-03 -9.600858306765016476e-03 -1.399504161877142099e-02
2.586666666666666003e+01 1.189831628251150504e-05 -1.317389541352495790e-03 -2.700492349236299251e-03 -4.800389164912299486e-03 -9.600688553833839484e-03 -1.399531457812105799e-02
2.588333333333333997e+01 1.168711471901166281e-05 -1.317597262011048487e-03 -2.700717566663280583e-03 -4.800651628644960270e-03 -9.601414938579902122e-03 -1.399553858530729403e-02
2.590000000000000568e+01 1.147834188377230374e-05 -1.317798827866535974e-03 -2.700905612144619689e-03 -4.800855856553166642e-03 -9.601213056816066543e-03 -1.399584462045448327e-02
2.591666666666667140e+01 1.127129794026020060e-05 -1.318016962871036571e-03 -2.701142025004097443e-03 -4.801087851039406371e-03 -9.602002658253708592e-03 -1.399591830136036504e-02
2.593333333333333712e+01 1.107056053270402067e-05 -1.318216147010022737e-03 -2.701310801456391873e-03 -4.801297546644689093e-03 -9.601713177466003266e-03 -1.399614440048693211e-02
2.595000000000000284e+01 1.087099633607230953e-05 -1.318411679108057568e-03 -2.701551994552168438e-03 -4.801518531982766277e-03 -9.602228184703590075e-03 -1.399623982636073911e-02
2.596666666666666856e+01 1.067615056831413805e-05 -1.318603072702826404e-03 -2.701728906551301504e-03 -4.801665134941324707e-03 -9.602243256867657242e-03 -1.399659564899112529e-02
2.598333333333333428e+01 1.048078525605781463e-05 -1.318792087175738904e-03 -2.701998660002160289e-03 -4.801884498884387981e-03 -9.602729791085146127e-03 -1.399653942334965102e-02
2.600000000000000000e+01 1.027201568179486980e-05 -1.318976863967762916e-03 -2.702167685112977745e-03 -4.802027581203960338e-03 -9.602745821863711839e-03 -1.399682913109658207e-02
2.601666666666666572e+01 1.007946979971527702e-05 -1.319157147542288121e-03 -2.702355375117118392e-03 -4.802237983221364567e-03 -9.603165103269124467e-03 -1.399687182977078087e-02
2.603333333333333144e+01 9.898598659123703956e-06 -1.319332267587536430e-03 -2.702499268488073921e-03 -4.802388322498052885e-03 -9.603119340780964450e-03 -1.399730779240739367e-02
2.604999999999999716e+01 9.715738221352578785e-06 -1.319507258315762805e-03 -2.702745307864858493e-03 -4.802580014489272499e-03 -9.603507760001956176e-03 -1.399746038556269959e-02
2.606666666666666288e+01 9.538583440663068929e-06 -1.319677810917531911e-03 -2.702926277296821816e-03 -4.802741793267450987e-03 -9.603426239764298669e-03 -1.399780451527589745e-02
2.608333333333332860e+01 9.364886034911388667e-06 -1.319845000452897965e-03 -2.703156968828529082e-03 -4.802929348151784364e-03 -9.603797750689008206e-03 -1.399797462434852410e-02
2.609999999999999432e+01 9.195782514708465981e-06 -1.320007994977275912e-03 -2.703334080191114978e-03 -4.803074314089176601e-03 -9.603622430853633180e-03 -1.399830692263518382e-02
2.611666666666666003e+01 9.024680061227400982e-06 -1.320187099640618249e-03 -2.703565644096208448e-03 -4.803268134906803037e-03 -9.604084169059745948e-03 -1.399836475602387990e-02
2.613333333333333997e+01 8.860015396316882891e-06 -1.320348026957964341e-03 -2.703695155645301218e-03 -4.803403918554629420e-03 -9.603920412994064459e-03 -1.399870563329767663e-02
2.615000000000000568e+01 8.695389827164108661e-06 -1.320504966069943349e-03 -2.703905551907521358e-03 -4.803628878728409372e-03 -9.604470319572544143e-03 -1.399874432203735558e-02
2.616666666666667140e+01 8.519341157752178823e-06 -1.320658865392523428e-03 -2.703975985528754480e-03 -4.803771577561520394e-03 -9.604259582890689248e-03 -1.399904773408095111e-02
2.618333333333333712e+01 8.356394542741836588e-06 -1.320813347135652363e-03 -2.704182005886451769e-03 -4.803969307004404485e-03 -9.604936127188453895e-03 -1.399905997920148672e-02
2.620000000000000284e+01 8.204871659533863478e-06 -1.320966516918344741e-03 -2.704339141982869520e-03 -4.804108256746307884e-03 -9.604671341821559294e-03 -1.399937572414256155e-02
2.621666666666666856e+01 8.052575881016554261e-06 -1.321117049209074006e-03 -2.704494171996904561e-03 -4.804280384076566740e-03 -9.605407257138640076e-03 -1.399944932346258893e-02
2.623333333333333428e+01 7.902289602658714549e-06 -1.321264609151680649e-03 -2.704640812540200830e-03 -4.804410693973293171e-03 -9.605099530879252639e-03 -1.399968733148107200e-02
2.625000000000000000e+01 7.752499264174093831e-06 -1.321408825914717955e-03 -2.704815853292674970e-03 -4.804568659299277879e-03 -9.605527449996561704e-03 -1.399980837263551520e-02
2.626666666666666572e+01 7.608915678986302550e-06 -1.321546940053743664e-03 -2.704976470296655781e-03 -4.804687485167242512e-03 -9.605473093592256997e-03 -1.400005680192827756e-02
2.628333333333333144e+01 7.465439422072478690e-06 -1.321685198807845364e-03 -2.705155141753526338e-03 -4.804856882097166722e-03 -9.605913552572805866e-03 -1.400007743157862319e-02
2.629999999999999716e+01 7.326111726618784264e-06 -1.321819794375838448e-03 -2.705281427622526283e-03 -4.804969971974314483e-03 -9.605856132654983642e-03 -1.400033455822153987e-02
2.631666666666666288e+01 7.185915116332951161e-06 -1.321969934021696670e-03 -2.705446838720143056e-03 -4.805159631866841655e-03 -9.606230456267489393e-03 -1.400032361486046144e-02
2.633333333333332860e+01 7.050783039254123750e-06 -1.322100538919684801e-03 -2.705534442339061103e-03 -4.805261999769612491e-03 -9.606154010272727542e-03 -1.400064847386354311e-02
2.634999999999999432e+01 6.901605663195576541e-06 -1.322234125545822259e-03 -2.705719512372164320e-03 -4.805431007440628607e-03 -9.606490862317160900e-03 -1.400067243515301305e-02
2.636666666666666003e+01 6.767348793001793018e-06 -1.322362625074524362e-03 -2.705810471499416666e-03 -4.805555316286256283e-03 -9.606339180164862393e-03 -1.400075551292993825e-02
2.638333333333333997e+01 6.639043533795687221e-06 -1.322489124326917944e-03 -2.705995633788630186e-03 -4.805714646006081087e-03 -9.606696689430911304e-03 -1.400091787048700007e-02
2.640000000000000568e+01 6.512655603503816379e-06 -1.322613933216735052e-03 -2.706097165290028816e-03 -4.805839825097427999e-03 -9.606468922444036038e-03 -1.400111848389193336e-02
2.641666666666667140e+01 6.386766584935099285e-06 -1.322736072095023448e-03 -2.706256173105071276e-03 -4.805996487427743012e-03 -9.606902294475770654e-03 -1.400120348134722276e-02
2.643333333333333712e+01 6.263893822856438510e-06 -1.322852941336013057e-03 -2.706359382775205824e-03 -4.806116378031743096e-03 -9.606668996201529753e-03 -1.400139764855227661e-02
2.645000000000000284e+01 6.142473297040627161e-06 -1.322968698417325379e-03 -2.706501072792655629e-03 -4.806280303324114538e-03 -9.607201473175609047e-03 -1.400143646916145526e-02
2.646666666666666856e+01 6.025159390054025243e-06 -1.323084641557669815e-03 -2.706588755580836836e-03 -4.806379428648941375e-03 -9.606918815139770668e-03 -1.400172944297563282e-02
2.648333333333333428e+01 5.906355432334913449e-06 -1.323200357079823463e-03 -2.706725190964373324e-03 -4.806544025285976705e-03 -9.607544345551463291e-03 -1.400169337026716150e-02
2.650000000000000000e+01 5.779415067357573065e-06 -1.323311134844878945e-03 -2.706795105477912116e-03 -4.806655267408231798e-03 -9.607187002608078355e-03 -1.400196746105879936e-02
2.651666666666666572e+01 5.662355458738495188e-06 -1.323437638296887575e-03 -2.706930984346954828e-03 -4.806754627207074360e-03 -9.607892943171759265e-03 -1.400198063875324021e-02
2.653333333333333144e+01 5.552016636452781622e-06 -1.323545232800115747e-03 -2.706982362242745920e-03 -4.806895023405679569e-03 -9.607516534860792781e-03 -1.400200706600689821e-02
2.654999999999999716e+01 5.440708993457077791e-06 -1.323659484343543604e-03 -2.707153932041115631e-03 -4.807024892801413547e-03 -9.607905604696643370e-03 -1.400211326103463494e-02
2.656666666666666288e+01 5.332628699267199520e-06 -1.323767162971854977e-03 -2.707192531964721597e-03 -4.807134338587848964e-03 -9.607753666647938368e-03 -1.400230220110467751e-02
2.658333333333332860e+01 5.225862802041946525e-06 -1.323877611600130779e-03 -2.707339503043849644e-03 -4.807274505584535444e-03 -9.608100825861866368e-03 -1.400238799282318460e-02
2.659999999999999432e+01 5.122968445307120281e-06 -1.323980104745013653e-03 -2.707426335042617972e-03 -4.807370462906910766e-03 -9.607948832317443968e-03 -1.400255642306511006e-02
2.661666666666666003e+01 5.019112207869148833e-06 -1.324083142025794758e-03 -2.707571293107686756e-03 -4.807522043854404320e-03 -9.608270616019511795e-03 -1.400256238546890297e-02
2.663333333333333997e+01 4.918356129669348931e-06 -1.324180257692384463e-03 -2.707660592370361285e-03 -4.807605292709340658e-03 -9.608112322290193047e-03 -1.400284046962279282e-02
2.665000000000000568e+01 4.818341423921213670e-06 -1.324275809897579531e-03 -2.707794908004914226e-03 -4.807766181401221077e-03 -9.608403994131271830e-03 -1.400276172543162521e-02
2.666666666666667140e+01 4.722376969506031546e-06 -1.324371932643580822e-03 -2.707888620826857246e-03 -4.807827749791497747e-03 -9.608168509417421704e-03 -1.400301646546391748e-02
2.668333333333333712e+01 4.614562408450255447e-06 -1.324469243563934856e-03 -2.708027238216289146e-03 -4.807982651388285900e-03 -9.608525294672877817e-03 -1.400294547525508804e-02
2.670000000000000284e+01 4.517496420467866784e-06 -1.324574941364263904e-03 -2.708082066490267829e-03 -4.808058353565046635e-03 -9.608250878732271447e-03 -1.400319681708557355e-02
2.671666666666666856e+01 4.425352448340065409e-06 -1.324667306392480039e-03 -2.708207937523952370e-03 -4.808202984445643195e-03 -9.608839436287045649e-03 -1.400309980953292656e-02
2.673333333333333428e+01 4.333394318690379094e-06 -1.324758397812211656e-03 -2.708252274418461881e-03 -4.808262930782370229e-03 -9.608494043066760637e-03 -1.400336218102740671e-02
2.675000000000000000e+01 4.242212274312545064e-06 -1.324839048079509305e-03 -2.708397602150437993e-03 -4.808368828664127265e-03 -9.609055962343359542e-03 -1.400335939700435642e-02
2.676666666666666572e+01 4.154862056118970247e-06 -1.324921908153418957e-03 -2.708445913309728489e-03 -4.808445503667387912e-03 -9.608572186558552580e-03 -1.400356073267075389e-02
2.678333333333333144e+01 4.067899463469931240e-06 -1.325007446797184978e-03 -2.708537505711270180e-03 -4.808560766402094483e-03 -9.609291791306671937e-03 -1.400357120313422757e-02
2.679999999999999716e+01 3.982642854887095504e-06 -1.325088983853389040e-03 -2.708620503842705529e-03 -4.808616652048803772e-03 -9.608781178884383267e-03 -1.400380371542217853e-02
2.681666666666666288e+01 3.897321944802153673e-06 -1.325170857598615250e-03 -2.708719290516380107e-03 -4.808723574965406006e-03 -9.609694392462878390e-03 -1.400377028783375902e-02
2.683333333333332860e+01 3.806166795294129242e-06 -1.325248644977958853e-03 -2.708787353181925373e-03 -4.808762842803927622e-03 -9.609167505816140764e-03 -1.400400694777042057e-02
2.684999999999999432e+01 3.722027579053184236e-06 -1.325326258460212585e-03 -2.708887383429444979e-03 -4.808870358196794953e-03 -9.609565413744308379e-03 -1.400389975338321540e-02
2.686666666666666003e+01 3.642745348908503019e-06 -1.325395893103357373e-03 -2.708942614758760598e-03 -4.808911761775619062e-03 -9.609422023748303079e-03 -1.400410488728577249e-02
2.688333333333333997e+01 3.563023253284121095e-06 -1.325482904865569198e-03 -2.709048310327525754e-03 -4.809015101885299494e-03 -9.609850113805766536e-03 -1.400401052985023390e-02
2.690000000000000568e+01 3.485530755975043544e-06 -1.325558648599422336e-03 -2.709099036352462242e-03 -4.809059304744798917e-03 -9.609635482832813713e-03 -1.400422813290819017e-02
2.691666666666667140e+01 3.409026634644132709e-06 -1.325643566651913807e-03 -2.709218825582936866e-03 -4.809148507525745457e-03 -9.610042004888906184e-03 -1.400422426454968339e-02
2.693333333333333712e+01 3.334280082513929143e-06 -1.325712599752306353e-03 -2.709251198988846428e-03 -4.809196379526649648e-03 -9.609822557651765546e-03 -1.400439633775040285e-02
2.695000000000000284e+01 3.259462384045614217e-06 -1.325788201053504194e-03 -2.709355012339214382e-03 -4.809297436641481356e-03 -9.610244854881332816e-03 -1.400436218544663484e-02
2.696666666666666856e+01 3.187309242081863009e-06 -1.325860178584579952e-03 -2.709403075738732111e-03 -4.809322120850867931e-03 -9.609956908046233051e-03 -1.400456192665292844e-02
2.698333333333333428e+01 3.114785405161455612e-06 -1.325931387492657347e-03 -2.709510033116944994e-03 -4.809430733955150084e-03 -9.610311747017478978e-03 -1.400453368208465568e-02
2.700000000000000000e+01 3.045223050246732704e-06 -1.325996087972609091e-03 -2.709571558993554164e-03 -4.809440727309786077e-03 -9.609939478675376748e-03 -1.400473046244233438e-02
2.701666666666666572e+01 2.975121591676367855e-06 -1.326062673700595124e-03 -2.709662483896035923e-03 -4.809531294074142344e-03 -9.610416013212091241e-03 -1.400461197498597578e-02
2.703333333333333144e+01 2.907429523788116670e-06 -1.326116964276022542e-03 -2.709715034578920149e-03 -4.809544618383365146e-03 -9.610047204814314847e-03 -1.400478963330714990e-02
2.704999999999999716e+01 2.832537772296409223e-06 -1.326179700478812137e-03 -2.709805719911692785e-03 -4.809664372252483999e-03 -9.610663266595311990e-03 -1.400467690423461316e-02
2.706666666666666288e+01 2.765544743198615912e-06 -1.326247069355313175e-03 -2.709835610222817871e-03 -4.809726105715946692e-03 -9.610217266486234880e-03 -1.400489461928665705e-02
2.708333333333332860e+01 2.700748830110681932e-06 -1.326307061550211202e-03 -2.709925127509954165e-03 -4.809844254124655966e-03 -9.610909394179792051e-03 -1.400489497736037009e-02
2.709999999999999432e+01 2.636248671431457733e-06 -1.326370615472478864e-03 -2.709939302182815847e-03 -4.809901196606769166e-03 -9.610373882795071598e-03 -1.400504451033249449e-02
2.711666666666666003e+01 2.572765926256676414e-06 -1.326431097301261977e-03 -2.710046946926049100e-03 -4.810026721890165065e-03 -9.611165000660582339e-03 -1.400502130934778121e-02
2.713333333333333997e+01 2.511841630896010783e-06 -1.326489552786395791e-03 -2.710043084771760011e-03 -4.810057801323969380e-03 -9.610586456924070584e-03 -1.400524297817897293e-02
2.715000000000000568e+01 2.450379538679178513e-06 -1.326549463990144484e-03 -2.710129474577838756e-03 -4.810168800696710406e-03 -9.610966771993993338e-03 -1.400517351471808856e-02
2.716666666666667140e+01 2.390335927865206248e-06 -1.326603237216808029e-03 -2.710179715398730333e-03 -4.810177248677961585e-03 -9.610874082808865820e-03 -1.400534698423393752e-02
2.718333333333333712e+01 2.331076683324433760e-06 -1.326660636031826070e-03 -2.710277704678549539e-03 -4.810274367157412780e-03 -9.611318548213761484e-03 -1.400526293382384907e-02
2.720000000000000284e+01 2.274321454343754008e-06 -1.326715995449720496e-03 -2.710330276130956586e-03 -4.810314127601995372e-03 -9.611083098955360698e-03 -1.400556145545646912e-02
2.721666666666666856e+01 2.216526416387671289e-06 -1.326774080213937888e-03 -2.710427043481021363e-03 -4.810323994003013609e-03 -9.611433954737871183e-03 -1.400549163746504094e-02
2.723333333333333428e+01 2.154924576391800707e-06 -1.326822837372544639e-03 -2.710467805359245263e-03 -4.810400089614789813e-03 -9.611175023185742836e-03 -1.400548313256464068e-02
2.725000000000000000e+01 2.097995758368283292e-06 -1.326884229900722988e-03 -2.710554393028506443e-03 -4.810451470709086602e-03 -9.611472889866773395e-03 -1.400557611442051348e-02
2.726666666666666572e+01 2.044295890165693808e-06 -1.326927061042808493e-03 -2.710586999863496323e-03 -4.810506941154374903e-03 -9.611125504944143666e-03 -1.400561686946379635e-02
2.728333333333333144e+01 1.989952102016432125e-06 -1.326987910410491528e-03 -2.710687648511244524e-03 -4.810597076949645230e-03 -9.611489273722862922e-03 -1.400561910272605202e-02
2.729999999999999716e+01 1.937054038280804956e-06 -1.327039470530538053e-03 -2.710698562951163217e-03 -4.810628863273488237e-03 -9.611046736307155697e-03 -1.400582311710876250e-02
2.731666666666666288e+01 1.884967411417208198e-06 -1.327096025925029532e-03 -2.710813163643538241e-03 -4.810749264735703426e-03 -9.611449445109275166e-03 -1.400577795671458826e-02
2.733333333333332860e+01 1.834922147160154000e-06 -1.327146363280303377e-03 -2.710822419257138006e-03 -4.810754477417369945e-03 -9.611035191886002291e-03 -1.400593412505349647e-02
2.734999999999999432e+01 1.784767494065922538e-06 -1.327199572508479686e-03 -2.710877312211132806e-03 -4.810835160781040676e-03 -9.611580856834727946e-03 -1.400584070160454213e-02
2.736666666666666003e+01 1.735781476922031259e-06 -1.327243645887663968e-03 -2.710935976493221607e-03 -4.810843293519776603e-03 -9.611048245128097148e-03 -1.400605311846861954e-02
2.738333333333333997e+01 1.681836996351987810e-06 -1.327291727955906683e-03 -2.711014069840519524e-03 -4.810925427859105534e-03 -9.611695036612383225e-03 -1.400593247283747796e-02
2.740000000000000568e+01 1.632529782102157121e-06 -1.327324312663948720e-03 -2.711068184944588795e-03 -4.810926896385162368e-03 -9.611112419719403110e-03 -1.400593465128144484e-02
2.741666666666667140e+01 1.585373300402552429e-06 -1.327375562955758611e-03 -2.711160723408502157e-03 -4.811004156290873274e-03 -9.611872023122653569e-03 -1.400605043098710790e-02
2.743333333333333712e+01 1.539057516559371090e-06 -1.327418865986132760e-03 -2.711169386057196012e-03 -4.811013652148844744e-03 -9.611277086738624631e-03 -1.400616822418866009e-02
2.745000000000000284e+01 1.493204660524585418e-06 -1.327453750820974977e-03 -2.711245050909762231e-03 -4.811143514403078657e-03 -9.611626241416705921e-03 -1.400618166498956638e-02
2.746666666666666856e+01 1.448797094814438322e-06 -1.327513860604785786e-03 -2.711252120248281317e-03 -4.811167518000456639e-03 -9.611487993184600689e-03 -1.400634919832659774e-02
2.748333333333333428e+01 1.404387222533732479e-06 -1.327557871319139928e-03 -2.711353002882881114e-03 -4.811245793540955620e-03 -9.611915234845719649e-03 -1.400630584424066884e-02
2.750000000000000000e+01 1.361012869372455383e-06 -1.327600049051277757e-03 -2.711342954145472099e-03 -4.811201422782462010e-03 -9.611806747606197951e-03 -1.400652797089584241e-02
2.751666666666666572e+01 1.313821353890540245e-06 -1.327644755815489842e-03 -2.711400818401466916e-03 -4.811293959923656528e-03 -9.612184690366124690e-03 -1.400641242487361653e-02
2.753333333333333144e+01 1.270703409594298798e-06 -1.327681194833187821e-03 -2.711408217528018822e-03 -4.811242361903955017e-03 -9.611987297834034133e-03 -1.400665136078458640e-02
2.754999999999999716e+01 1.229398386347748217e-06 -1.327725235352891558e-03 -2.711487172031538159e-03 -4.811319507410637478e-03 -9.612346619714415979e-03 -1.400647539769339471e-02
2.756666666666666288e+01 1.188609884831500484e-06 -1.327753718375969698e-03 -2.711503674204258918e-03 -4.811327207413219204e-03 -9.612124435886404764e-03 -1.400668602625686383e-02
2.758333333333332860e+01 1.148190033468541807e-06 -1.327806736425295479e-03 -2.711566599970501555e-03 -4.811475551395906318e-03 -9.612571380942576404e-03 -1.400656599675709386e-02
2.759999999999999432e+01 1.108953178419471125e-06 -1.327838333944828626e-03 -2.711581905194044087e-03 -4.811550161453339788e-03 -9.612224428710017948e-03 -1.400675047324356423e-02
2.761666666666666003e+01 1.070181079158568182e-06 -1.327891518362206771e-03 -2.711643149842606765e-03 -4.811628403170937693e-03 -9.612739279926413999e-03 -1.400669031947808334e-02
2.763333333333333997e+01 1.031858763048491408e-06 -1.327919482014370146e-03 -2.711649959293643223e-03 -4.811616878935006704e-03 -9.612288854524069642e-03 -1.400680581395331512e-02
2.765000000000000568e+01 9.900235927702545728e-07 -1.327964380866880839e-03 -2.711716511512562208e-03 -4.811651554393645697e-03 -9.612927763481972365e-03 -1.400670605076048507e-02
2.766666666666667140e+01 9.521914272681264729e-07 -1.327988175923627010e-03 -2.711706757412574425e-03 -4.811648787229620000e-03 -9.612431820189082723e-03 -1.400694379108991146e-02
2.768333333333333712e+01 9.153603841264730591e-07 -1.328029902971309805e-03 -2.711793498045269191e-03 -4.811755030173873841e-03 -9.613134539702744910e-03 -1.400684279217306524e-02
2.770000000000000284e+01 8.794240708366460632e-07 -1.328058351053531530e-03 -2.711789654339428167e-03 -4.811737501098871557e-03 -9.612487678913072750e-03 -1.400699486433703081e-02
2.771666666666666856e+01 8.441307072728585343e-07 -1.328099565622727594e-03 -2.711811004127997592e-03 -4.811814587594931240e-03 -9.613265103625683733e-03 -1.400674875721658399e-02
2.773333333333333428e+01 8.092195251276135737e-07 -1.328124537955467036e-03 -2.711846852942392024e-03 -4.811801092647305725e-03 -9.612644808972919952e-03 -1.400691065372074336e-02
2.775000000000000000e+01 7.748117972106001258e-07 -1.328165830032900993e-03 -2.711890257898909914e-03 -4.811866400826174915e-03 -9.613007423705284202e-03 -1.400679501573195464e-02
2.776666666666666572e+01 7.412519197048405435e-07 -1.328183648908151313e-03 -2.711921286346648165e-03 -4.811864448553336733e-03 -9.612819785572570414e-03 -1.400699750134172007e-02
2.778333333333333144e+01 7.039435487482293548e-07 -1.328225117026013381e-03 -2.711984543936004060e-03 -4.811918758619359270e-03 -9.613189984935538793e-03 -1.400699371732649565e-02
2.779999999999999716e+01 6.705898539216416417e-07 -1.328241492428301014e-03 -2.711994337254349137e-03 -4.811925157223626362e-03 -9.612972719776718272e-03 -1.400717622949086867e-02
2.781666666666666288e+01 6.381930509680915035e-07 -1.328264293752677572e-03 -2.712068038371817213e-03 -4.811980551690310179e-03 -9.613283394763800019e-03 -1.400709918307627838e-02
2.783333333333332860e+01 6.062279453047060800e-07 -1.328301775642013339e-03 -2.712057488805287402e-03 -4.811965007880046954e-03 -9.613070091740184495e-03 -1.400721419882790947e-02
2.784999999999999432e+01 5.744767695923657936e-07 -1.328339962602539557e-03 -2.712144595103423671e-03 -4.812048829684409043e-03 -9.613383291180001636e-03 -1.400715680325265861e-02
2.786666666666666003e+01 5.437223918800093085e-07 -1.328372988576862705e-03 -2.712135736828542691e-03 -4.812024676159196157e-03 -9.613046461960613950e-03 -1.400734658993811957e-02
2.788333333333333997e+01 5.133432599973336824e-07 -1.328411955546394225e-03 -2.712193083106848989e-03 -4.812068131446759801e-03 -9.613362634277037438e-03 -1.400721050062214874e-02
2.790000000000000568e+01 4.832892923972200258e-07 -1.328426227891170083e-03 -2.712194497171257958e-03 -4.812048557850257501e-03 -9.613034203797072436e-03 -1.400733495056876582e-02
2.791666666666667140e+01 4.498160029798286981e-07 -1.328470931234917302e-03 -2.712272195288660190e-03 -4.812111159157214310e-03 -9.613392240946235304e-03 -1.400718153366886480e-02
2.793333333333333712e+01 4.211641635930146560e-07 -1.328477712966521541e-03 -2.712283204683866873e-03 -4.812082215376579930e-03 -9.612947164536421105e-03 -1.400736760782724834e-02
2.795000000000000284e+01 3.926993161131558424e-07 -1.328528018938790684e-03 -2.712346549506884467e-03 -4.812121523678495466e-03 -9.613555604916772246e-03 -1.400735064533122250e-02
2.796666666666666856e+01 3.650782798769918025e-07 -1.328527806558277334e-03 -2.712344152574680967e-03 -4.812122619226648530e-03 -9.613158792576610365e-03 -1.400747288315297087e-02
2.798333333333333428e+01 3.376207443313450224e-07 -1.328570887718069464e-03 -2.712392250100983428e-03 -4.812171644955934649e-03 -9.613603589577980266e-03 -1.400737946286683029e-02
2.800000000000000000e+01 3.114854450838126255e-07 -1.328582835069588375e-03 -2.712367863565688392e-03 -4.812144987608218266e-03 -9.612998345812079695e-03 -1.400753037266632556e-02
2.801666666666666572e+01 2.856277268715122594e-07 -1.328621082173408801e-03 -2.712447635907765022e-03 -4.812193283023129438e-03 -9.613563924614534559e-03 -1.400745560201854811e-02
2.803333333333333144e+01 2.598531152997539067e-07 -1.328634356713528919e-03 -2.712435545358128901e-03 -4.812186394748642175e-03 -9.613098295923131961e-03 -1.400759414612329397e-02
2.804999999999999716e+01 2.349284176833659341e-07 -1.328669780274035908e-03 -2.712524630150947493e-03 -4.812274760390178839e-03 -9.613314229662946186e-03 -1.400747487532928541e-02
2.806666666666666288e+01 2.075234621956388092e-07 -1.328687444131850491e-03 -2.712490242038245909e-03 -4.812256229116474056e-03 -9.613104270239177310e-03 -1.400771162830608679e-02
2.808333333333332860e+01 1.826411149797331959e-07 -1.328729505046760554e-03 -2.712457688543860532e-03 -4.812296620633126250e-03 -9.613401785239523295e-03 -1.400762990447508224e-02
2.809999999999999432e+01 1.590887703764349303e-07 -1.328743694263396840e-03 -2.712477831919187215e-03 -4.812360393830968606e-03 -9.613204445844189885e-03 -1.400762011138864498e-02
2.811666666666666003e+01 1.354411054661280397e-07 -1.328783418372427461e-03 -2.712518064828156432e-03 -4.812401302904626733e-03 -9.613501306410966035e-03 -1.400765415602667208e-02
2.813333333333333997e+01 1.129829337626084539e-07 -1.328785850869680998e-03 -2.712542044701619220e-03 -4.812445599019173070e-03 -9.613318492893435305e-03 -1.400768258847117850e-02
2.815000000000000568e+01 9.049561099962105557e-08 -1.328832552675846771e-03 -2.712610689458731274e-03 -4.812498763247938065e-03 -9.613516989458583545e-03 -1.400767161913432125e-02
2.816666666666667140e+01 6.893390072119459092e-08 -1.328829999141882198e-03 -2.712631063897757815e-03 -4.812483722961934454e-03 -9.613204873932478661e-03 -1.400780610226336903e-02
2.818333333333333712e+01 4.751413166078739234e-08 -1.328869648581482675e-03 -2.712712290568853636e-03 -4.812548686651244370e-03 -9.613454855006007410e-03 -1.400772740331146342e-02
2.820000000000000284e+01 2.403446509305485563e-08 -1.328880374623792222e-03 -2.712705625746138650e-03 -4.812529942749452574e-03 -9.613090277064828895e-03 -1.400789767185752800e-02
2.821666666666666856e+01 2.083011429175909100e-09 -1.328921727908304214e-03 -2.712778631891548959e-03 -4.812637922628257466e-03 -9.613402013566252347e-03 -1.400775985249028653e-02
2.823333333333333428e+01 -1.831640513162634922e-08 -1.328933865840052023e-03 -2.712747147432943619e-03 -4.812626015460821395e-03 -9.612985017909641758e-03 -1.400798920866860517e-02
2.825000000000000000e+01 -3.875817301931888354e-08 -1.328967636742162811e-03 -2.712799964088515731e-03 -4.812685872027406588e-03 -9.613468723569348548e-03 -1.400785161942210560e-02
2.826666666666666572e+01 -5.907844184501540044e-08 -1.328978786645315701e-03 -2.712776133673609150e-03 -4.812661636427283465e-03 -9.612956910570196259e-03 -1.400783746026782600e-02
2.828333333333333144e+01 -7.904628397392457024e-08 -1.329002018116361844e-03 -2.712823579049859768e-03 -4.812766757184416301e-03 -9.613510734104831201e-03 -1.400788725774844770e-02
2.829999999999999716e+01 -9.862800796381705937e-08 -1.329003512552882123e-03 -2.712805548665163206e-03 -4.812772596909669146e-03 -9.612948622258019049e-03 -1.400793402145257376e-02
2.831666666666666288e+01 -1.179444743305607216e-07 -1.329031277613520112e-03 -2.712833435720069398e-03 -4.812848164728419052e-03 -9.613617752088011309e-03 -1.400789181492039827e-02
2.833333333333332860e+01 -1.386212699290360902e-07 -1.329029649495143449e-03 -2.712821459333430042e-03 -4.812864199562030994e-03 -9.612982215693255741e-03 -1.400802391412468706e-02
2.834999999999999432e+01 -1.576660379535984591e-07 -1.329066258759831762e-03 -2.712873454867231315e-03 -4.812955804614932678e-03 -9.613301061093100508e-03 -1.400792653734659991e-02
2.836666666666666003e+01 -1.753732844107821432e-07 -1.329066756647136714e-03 -2.712857204782706793e-03 -4.812937110492600951e-03 -9.613133937382443636e-03 -1.400809884915501374e-02
2.838333333333333997e+01 -1.928355260965369222e-07 -1.329079065320525185e-03 -2.712919362120217327e-03 -4.813011622924750696e-03 -9.613499353396379177e-03 -1.400792617013516331e-02
2.840000000000000568e+01 -2.098089694401934568e-07 -1.329096860526986570e-03 -2.712887211980821982e-03 -4.812988700680296585e-03 -9.613310226230574115e-03 -1.400813348528474368e-02
2.841666666666667140e+01 -2.268133294595972547e-07 -1.329113661999228044e-03 -2.712922112264591710e-03 -4.813051544245448669e-03 -9.613745891137460628e-03 -1.400791504151932022e-02
2.843333333333333712e+01 -2.432225003173668800e-07 -1.329123383853848426e-03 -2.712914324696356905e-03 -4.812996062814782830e-03 -9.613462485498899465e-03 -1.400805374493051432e-02
2.845000000000000284e+01 -2.595943431726453144e-07 -1.329142832425789060e-03 -2.712965322109277093e-03 -4.813071943306003117e-03 -9.613790688500663262e-03 -1.400794967695577660e-02
2.846666666666666856e+01 -2.757292340454700210e-07 -1.329149300457903088e-03 -2.712951558699216569e-03 -4.813053403590171996e-03 -9.613417651656592372e-03 -1.400815571166462263e-02
2.848333333333333428e+01 -2.932077891397691082e-07 -1.329176584946395413e-03 -2.712981640299449906e-03 -4.813093594591406552e-03 -9.613734001304536855e-03 -1.400807001851537420e-02
2.850000000000000000e+01 -3.098981538091242648e-07 -1.329174854840907720e-03 -2.712975419701140877e-03 -4.813081579995790414e-03 -9.613221769383039836e-03 -1.400823098343711992e-02
2.851666666666666572e+01 -3.251455422654174017e-07 -1.329204665250038929e-03 -2.713015462040674428e-03 -4.813136060565745104e-03 -9.613694138050377438e-03 -1.400818377956926548e-02
2.853333333333333144e+01 -3.404096679788671390e-07 -1.329201368218352851e-03 -2.713003694931960790e-03 -4.813096084267312093e-03 -9.613161607041904866e-03 -1.400830189418548685e-02
2.854999999999999716e+01 -3.553860717949999213e-07 -1.329218107805766116e-03 -2.713046638861364192e-03 -4.813145888608621158e-03 -9.613728449832725093e-03 -1.400817008294056795e-02
2.856666666666666288e+01 -3.701452324309987702e-07 -1.329212497778082180e-03 -2.713007962703106821e-03 -4.813117052851899509e-03 -9.613251010018425066e-03 -1.400838318005230045e-02
2.858333333333332860e+01 -3.846519324711330797e-07 -1.329248933223687668e-03 -2.713045505601374870e-03 -4.813165577518978278e-03 -9.614038796840543299e-03 -1.400821602068500794e-02
2.859999999999999432e+01 -3.989308844157931379e-07 -1.329258110802112539e-03 -2.713033179724132823e-03 -4.813127041786974432e-03 -9.613470473671082220e-03 -1.400830763998348570e-02
2.861666666666666003e+01 -4.129418708624098223e-07 -1.329285689185772182e-03 -2.713051663263669859e-03 -4.813192988551922603e-03 -9.614319684051533810e-03 -1.400817607409251923e-02
2.863333333333333997e+01 -4.267222787747682292e-07 -1.329289734400918108e-03 -2.713086592798858148e-03 -4.813182815305660708e-03 -9.613675325590374451e-03 -1.400837291702069186e-02
2.865000000000000568e+01 -4.417385917352357762e-07 -1.329317901698805248e-03 -2.713108192949138971e-03 -4.813219352299539892e-03 -9.614056112399980980e-03 -1.400823358952005271e-02
2.866666666666667140e+01 -4.559001401970012596e-07 -1.329312509420484123e-03 -2.713127037221294696e-03 -4.813201127735161448e-03 -9.613918787526896936e-03 -1.400833448615257035e-02
2.868333333333333712e+01 -4.687917766849091881e-07 -1.329343700073133336e-03 -2.713177769247874811e-03 -4.813258833733917788e-03 -9.614386208359746930e-03 -1.400825810005672765e-02
2.870000000000000284e+01 -4.815986310650501004e-07 -1.329334955165944110e-03 -2.713184054133903084e-03 -4.813223011734636854e-03 -9.614187671602577104e-03 -1.400836697984759842e-02
2.871666666666666856e+01 -4.942225067627900935e-07 -1.329376966078533529e-03 -2.713226926750298904e-03 -4.813264177069614437e-03 -9.614557436233834783e-03 -1.400827531163019966e-02
2.873333333333333428e+01 -5.066497727922374005e-07 -1.329358685513569406e-03 -2.713213082033723040e-03 -4.813211998043581338e-03 -9.614244732050096845e-03 -1.400844919120426343e-02
2.875000000000000000e+01 -5.188074458984496680e-07 -1.329389296804087866e-03 -2.713269058382445070e-03 -4.813291258924758294e-03 -9.614756958430862796e-03 -1.400827526148904628e-02
2.876666666666666572e+01 -5.309187579092272245e-07 -1.329385545163850029e-03 -2.713251036187927078e-03 -4.813261991532550611e-03 -9.614431978774805668e-03 -1.400837520546181249e-02
2.878333333333333144e+01 -5.427711672585135362e-07 -1.329416133023174438e-03 -2.713295094307765706e-03 -4.813273333571278095e-03 -9.614672687779353757e-03 -1.400823022846060806e-02
2.879999999999999716e+01 -5.542784398674759414e-07 -1.329419955515441162e-03 -2.713280535270133111e-03 -4.813293958112120630e-03 -9.614108226746746061e-03 -1.400834163939612860e-02
2.881666666666666288e+01 -5.666003882532643692e-07 -1.329444385606837198e-03 -2.713329794774362209e-03 -4.813312731123746760e-03 -9.614366335174854075e-03 -1.400825498027627285e-02
2.883333333333332860e+01 -5.783234026247411268e-07 -1.329440309692559016e-03 -2.713327538887566268e-03 -4.813317727119764688e-03 -9.613849577296938384e-03 -1.400838595056475705e-02
2.884999999999999432e+01 -5.890190964160333802e-07 -1.329471771280395058e-03 -2.713360559262921728e-03 -4.813366650829388124e-03 -9.614297766196896675e-03 -1.400831445163094706e-02
2.886666666666666003e+01 -5.998210744757575072e-07 -1.329463962516023610e-03 -2.713355132394908598e-03 -4.813336131583452124e-03 -9.613840899186883171e-03 -1.400840486498510125e-02
2.888333333333333997e+01 -6.104509232492989256e-07 -1.329496804030877791e-03 -2.713395977658005723e-03 -4.813380498104595680e-03 -9.614408766913499355e-03 -1.400825069885300311e-02
2.890000000000000568e+01 -6.209559897366743794e-07 -1.329491236993585266e-03 -2.713377287806147727e-03 -4.813345642906560577e-03 -9.613858282036834291e-03 -1.400837240804678023e-02
2.891666666666667140e+01 -6.312014726797682197e-07 -1.329540078384365770e-03 -2.713409049070111215e-03 -4.813416918433792609e-03 -9.614519452171734273e-03 -1.400821890275227681e-02
2.893333333333333712e+01 -6.415241623984595448e-07 -1.329514912178378794e-03 -2.713383061304798245e-03 -4.813334739637354677e-03 -9.613860833162277131e-03 -1.400843498318802074e-02
2.895000000000000284e+01 -6.517543127025392057e-07 -1.329523252711952482e-03 -2.713436503370239214e-03 -4.813424680374506041e-03 -9.614156288098578418e-03 -1.400835909743977821e-02
2.896666666666666856e+01 -6.617363555845045161e-07 -1.329541661565258794e-03 -2.713414878310501516e-03 -4.813420724269354238e-03 -9.613954944070322861e-03 -1.400835382893630444e-02
2.898333333333333428e+01 -6.712825709595304817e-07 -1.329557827532492492e-03 -2.713412694504338269e-03 -4.813457836671494391e-03 -9.614330379283761441e-03 -1.400843916108281649e-02
2.900000000000000000e+01 -6.814153433811093631e-07 -1.329560099340840922e-03 -2.713429057414462782e-03 -4.813393517664601301e-03 -9.614081255564984121e-03 -1.400857264897826561e-02
2.901666666666666572e+01 -6.910395717417284396e-07 -1.329585270205900938e-03 -2.713444591552031070e-03 -4.813391385532578282e-03 -9.614454743353340396e-03 -1.400854495719959340e-02
2.903333333333333144e+01 -6.998978003067065281e-07 -1.329581364408084472e-03 -2.713438176734300680e-03 -4.813357275460899629e-03 -9.614184292889162153e-03 -1.400868031280641003e-02
2.904999999999999716e+01 -7.088329578941519158e-07 -1.329608709700475606e-03 -2.713469572658248983e-03 -4.813393973485127590e-03 -9.614505887040136409e-03 -1.400858827268649728e-02
2.906666666666666288e+01 -7.176377756518239753e-07 -1.329589743072434908e-03 -2.713462564742488703e-03 -4.813364043782028014e-03 -9.614129974657924585e-03 -1.400873660441293196e-02
2.908333333333332860e+01 -7.263579494329599102e-07 -1.329626936272427411e-03 -2.713490951551988939e-03 -4.813411410662023562e-03 -9.614484361544623631e-03 -1.400855658954327371e-02
2.909999999999999432e+01 -7.348406716066027311e-07 -1.329604511553783130e-03 -2.713459708484107415e-03 -4.813331572347098221e-03 -9.614024872556452966e-03 -1.400877746072378208e-02
2.911666666666666003e+01 -7.432069322804121471e-07 -1.329623839679201433e-03 -2.713513033679811406e-03 -4.813372792229181352e-03 -9.614515689197494774e-03 -1.400865964642973582e-02
2.913333333333333997e+01 -7.521587647184576833e-07 -1.329614555463531087e-03 -2.713481257759338839e-03 -4.813356764923768828e-03 -9.614084782390739173e-03 -1.400863185598386247e-02
2.915000000000000568e+01 -7.608281069874275756e-07 -1.329638068642209712e-03 -2.713510115103775176e-03 -4.813431909529427427e-03 -9.614609271639004348e-03 -1.400863344097624807e-02
2.916666666666667140e+01 -7.688143885794670408e-07 -1.329631565345012296e-03 -2.713488180722097454e-03 -4.813403145317272057e-03 -9.614038496035634540e-03 -1.400868320158981696e-02
2.918333333333333712e+01 -7.767171861905969111e-07 -1.329653906827879366e-03 -2.713526441821782677e-03 -4.813433216500675668e-03 -9.614752530004934752e-03 -1.400861602408233660e-02
2.920000000000000284e+01 -7.845297730666643203e-07 -1.329654088821236166e-03 -2.713510562965904503e-03 -4.813398347663419737e-03 -9.614209519581312299e-03 -1.400873317518122087e-02
2.921666666666666856e+01 -7.921936363584944223e-07 -1.329673946692222410e-03 -2.713549071296204613e-03 -4.813460323313972257e-03 -9.614894341675915557e-03 -1.400862681720859045e-02
2.923333333333333428e+01 -7.996825476991507877e-07 -1.329668222128172405e-03 -2.713541871108056218e-03 -4.813419763474648290e-03 -9.614201672463282278e-03 -1.400877511798909354e-02
2.925000000000000000e+01 -8.071792487450466640e-07 -1.329693460178705535e-03 -2.713566666029368531e-03 -4.813428376658225247e-03 -9.614487610920117999e-03 -1.400860565392455202e-02
2.926666666666666572e+01 -8.147182979979144981e-07 -1.329676173997259648e-03 -2.713550841308858420e-03 -4.813407336171325601e-03 -9.614258091953892943e-03 -1.400881991261299607e-02
2.928333333333333144e+01 -8.229357505641771712e-07 -1.329703416088269096e-03 -2.713587198061889316e-03 -4.813440799577141035e-03 -9.614572633295549731e-03 -1.400862984950702016e-02
2.929999999999999716e+01 -8.308172540519879862e-07 -1.329682544024178136e-03 -2.713547285148441065e-03 -4.813396675127499212e-03 -9.614323595597391858e-03 -1.400875629591037327e-02
2.931666666666666288e+01 -8.381802615920556475e-07 -1.329699357786446245e-03 -2.713597773841725826e-03 -4.813450329832424761e-03 -9.614615821859382599e-03 -1.400860276863627289e-02
2.933333333333332860e+01 -8.453539902237219988e-07 -1.329694798474692153e-03 -2.713571843603464987e-03 -4.813477347625770217e-03 -9.614351359777208172e-03 -1.400884491861812894e-02
2.934999999999999432e+01 -8.518925232409278617e-07 -1.329727264632876976e-03 -2.713561886972732859e-03 -4.813540131605854519e-03 -9.614657537887608130e-03 -1.400872065466243939e-02
2.936666666666666003e+01 -8.587381597869613351e-07 -1.329728620814482794e-03 -2.713574777603328797e-03 -4.813516126501785931e-03 -9.614299185734550765e-03 -1.400881478903514762e-02
2.938333333333333997e+01 -8.656198468312120811e-07 -1.329751088793297911e-03 -2.713597446808557918e-03 -4.813551248078137140e-03 -9.614646255953580509e-03 -1.400872604194411918e-02
2.940000000000000568e+01 -8.717102479980950905e-07 -1.329755847795468550e-03 -2.713600766615563171e-03 -4.813540835257116776e-03 -9.614229104585226074e-03 -1.400890694452409241e-02
2.941666666666667140e+01 -8.783218929618056208e-07 -1.329785356147152996e-03 -2.713625385282804683e-03 -4.813602976006621167e-03 -9.614677326476871871e-03 -1.400874421863909300e-02
2.943333333333333712e+01 -8.846327256523178466e-07 -1.329777210161724480e-03 -2.713618413240831851e-03 -4.813573255948977968e-03 -9.614227092280111867e-03 -1.400889683461377030e-02
2.945000000000000284e+01 -8.904291084019940085e-07 -1.329798132743713248e-03 -2.713654445347311352e-03 -4.813646118724924407e-03 -9.614805094209151470e-03 -1.400873401593381341e-02
2.946666666666666856e+01 -8.963645306346386769e-07 -1.329777429866308217e-03 -2.713621275605679166e-03 -4.813639280319332615e-03 -9.614287419316356817e-03 -1.400887475680186525e-02
2.948333333333333428e+01 -9.022777303322872412e-07 -1.329808772171320406e-03 -2.713666025503316467e-03 -4.813669373277244638e-03 -9.614950240101361248e-03 -1.400867463252771818e-02
2.950000000000000000e+01 -9.079045542807433788e-07 -1.329783390073070162e-03 -2.713633369310148886e-03 -4.813684477034220650e-03 -9.614393993804554867e-03 -1.400880448940694176e-02
2.951666666666666572e+01 -9.136135403018666770e-07 -1.329802893807118750e-03 -2.713666305249589922e-03 -4.813695497327718717e-03 -9.615117221860003741e-03 -1.400868426201113542e-02
2.953333333333333144e+01 -9.191795537470011843e-07 -1.329795641417723124e-03 -2.713636383246536242e-03 -4.813678423406017766e-03 -9.614520349882863665e-03 -1.400878529280651617e-02
2.954999999999999716e+01 -9.247247563671581094e-07 -1.329818739733025241e-03 -2.713670846750938521e-03 -4.813706116082564629e-03 -9.614877458584447298e-03 -1.400862133394428603e-02
2.956666666666666288e+01 -9.300865079988115840e-07 -1.329812069304189001e-03 -2.713658870049065648e-03 -4.813684885290590333e-03 -9.614667123255111331e-03 -1.400861021230132182e-02
2.958333333333332860e+01 -9.349804777219291009e-07 -1.329832125554231050e-03 -2.713680861203494801e-03 -4.813734522142552354e-03 -9.615005245653006002e-03 -1.400846985948968164e-02
2.959999999999999432e+01 -9.399591434651499650e-07 -1.329826087542942828e-03 -2.713672295605838291e-03 -4.813684076136151568e-03 -9.614762569344171422e-03 -1.400865347081986512e-02
2.961666666666666003e+01 -9.448921500859592888e-07 -1.329844440165512493e-03 -2.713705336601934977e-03 -4.813745668037724447e-03 -9.615022079612409525e-03 -1.400842170490004986e-02
2.963333333333333997e+01 -9.499592350815371339e-07 -1.329831880465678733e-03 -2.713677097243730272e-03 -4.813763413081297016e-03 -9.614754470239033138e-03 -1.400847612800371067e-02
2.965000000000000568e+01 -9.547122545708977987e-07 -1.329855221238169290e-03 -2.713712977119685579e-03 -4.813786051777083075e-03 -9.614998364631586678e-03 -1.400828074488411588e-02
2.966666666666667140e+01 -9.594164945164963242e-07 -1.329839547049466901e-03 -2.713684646628532898e-03 -4.813692598133706251e-03 -9.614638335918778908e-03 -1.400840233346311269e-02
2.968333333333333712e+01 7.537315417314714738e-05 -1.250612780067351546e-03 -2.630915185775728297e-03 -4.731466922086769930e-03 -9.534731216889536995e-03 -1.392760279427009487e-02
2.970000000000000284e+01 3.781514937592426041e-04 -9.661643361267033357e-04 -2.348391867181992467e-03 -4.451442179945137682e-03 -9.239750449276919186e-03 -1.363334782304067259e-02
2.971666666666666856e+01 1.071331513642989923e-03 -2.920044510480868517e-04 -1.680308676859570060e-03 -3.818403325852586828e-03 -8.640055534695267880e-03 -1.300733213157379171e-02
2.973333333333333428e+01 2.161035304164180774e-03 7.961438956545391658e-04 -5.819695069669084467e-04 -2.727262634029540504e-03 -7.600892234893042235e-03 -1.200874144834583601e-02
2.975000000000000000e+01 3.622928869218601262e-03 2.239502916944545018e-03 8.770624653392472374e-04 -1.263473760573484818e-03 -6.200379442828616444e-03 -1.063180281383198540e-02
2.976666666666666572e+01 5.378266445193692277e-03 3.981984171161372446e-03 2.631614604901757158e-03 5.068280810385396686e-04 -4.442002012292124366e-03 -8.931408648026712208e-03
2.978333333333333144e+01 7.212535641735844973e-03 5.800787176569253967e-03 4.452166200584917188e-03 2.347238007979354345e-03 -2.617073516713918756e-03 -7.092715563509879688e-03
2.979999999999999716e+01 9.104901834582472889e-03 7.657813302933115518e-03 6.320055602478905944e-03 4.206187406239429369e-03 -7.762160189319231235e-04 -5.258126061945536493e-03
2.981666666666666288e+01 1.097723928835715214e-02 9.555852466297089579e-03 8.223077530574884886e-03 6.100004082653748445e-03 1.097146664560534222e-03 -3.401173248201965447e-03
2.983333333333332860e+01 1.291376601650691576e-02 1.146669300865746886e-02 1.013358468404217463e-02 8.005101983399145679e-03 2.980919518448532646e-03 -1.535685682567657084e-03
2.984999999999999432e+01 1.490296266403333403e-02 1.343667051791801875e-02 1.211360020712814491e-02 9.982226764530276186e-03 4.931710028822996680e-03 4.013012964167814319e-04
2.986666666666666003e+01 1.694881395791611456e-02 1.547214324693983387e-02 1.414620654888817768e-02 1.201625793898961070e-02 6.945991958558090859e-03 2.372562622840567684e-03
2.988333333333333997e+01 1.913648075196017553e-02 1.761903685336086919e-02 1.632156218523551916e-02 1.418407259433833792e-02 9.081193888986248755e-03 4.487060626373634564e-03
2.990000000000000568e+01 2.139406016839621658e-02 1.985586743406783303e-02 1.856740187377061910e-02 1.643735086858943636e-02 1.128272046636436682e-02 6.684901588721771891e-03
2.991666666666667140e+01 2.377026802901010052e-02 2.221612961311711376e-02 2.090080448845065691e-02 1.878183333800436186e-02 1.360652049233159779e-02 8.962121286808111958e-03
2.993333333333333712e+01 2.622000967152451900e-02 2.465452882765983150e-02 2.337511422209494552e-02 2.123996592575102746e-02 1.603369233728889690e-02 1.137054185046781386e-02
2.995000000000000284e+01 2.875248570710376220e-02 2.715682318949185631e-02 2.590106046474266802e-02 2.376788158666148787e-02 1.850157410754084408e-02 1.382666111918676513e-02
2.996666666666666856e+01 3.141240683361912894e-02 2.980977918386544176e-02 2.853388090134829219e-02 2.640886006844884656e-02 2.108581524644051811e-02 1.637967068856880162e-02
2.998333333333333428e+01 3.407680374218914621e-02 3.245105847073066069e-02 3.116499736663958658e-02 2.904337873920001881e-02 2.371405704741599146e-02 1.895391187810540820e-02
3.000000000000000000e+01 3.687204772075530768e-02 3.522175213342953332e-02 3.394990343199372901e-02 3.183996032804702753e-02 2.646041414387676968e-02 2.168174717449878122e-02
3.001666666666666572e+01 3.974588774750566905e-02 3.806267370430670843e-02 3.679951777418078579e-02 3.466794018562385782e-02 2.923182515209237636e-02 2.445956997890568266e-02
3.003333333333333144e+01 4.267347425080166012e-02 4.094796173071366813e-02 3.968936047395592998e-02 3.754223586164772558e-02 3.209866064670582886e-02 2.727549909167028067e-02
3.004999999999999716e+01 4.567100262781007003e-02 4.396666502690742967e-02 4.271262963238494498e-02 4.058886545455030193e-02 3.509511743237497816e-02 3.021760851327966527e-02
3.006666666666666288e+01 4.872559273123189955e-02 4.699541038574122503e-02 4.574807440551306031e-02 4.362244102046371891e-02 3.809463021098530300e-02 3.317304842483437960e-02
3.008333333333332860e+01 5.189482864037157916e-02 5.013985537805133730e-02 4.889870389690050001e-02 4.674002223062902889e-02 4.117428849460730289e-02 3.626461912758712630e-02
3.009999999999999432e+01 5.507865397584134348e-02 5.330023410412300378e-02 5.207994201764545167e-02 4.992571437240012761e-02 4.429543908121846840e-02 3.936713810135382408e-02
3.011666666666666003e+01 5.836035749521558541e-02 5.653962112237202742e-02 5.532430209256738313e-02 5.317988190560062750e-02 4.755884152624996475e-02 4.250014138909500444e-02
3.013333333333333997e+01 6.168549747500831626e-02 5.988454660001824026e-02 5.867119685066099488e-02 5.651275517190633424e-02 5.082994448307139035e-02 4.577816077487222024e-02
3.015000000000000568e+01 6.504665923831251528e-02 6.322708894241634014e-02 6.201947853905934172e-02 5.985376083657319157e-02 5.411511235291645294e-02 4.906636421847720975e-02
3.016666666666667140e+01 6.853712217836013809e-02 6.663415250885225405e-02 6.543641691948096084e-02 6.327869322654672279e-02 5.753158944893035226e-02 5.241096956086273989e-02
3.018333333333333712e+01 7.202818690598040974e-02 7.012665504747547796e-02 6.889472947260258384e-02 6.676150640545568116e-02 6.096331619176032640e-02 5.579285398375529587e-02
3.020000000000000284e+01 7.554600039042383419e-02 7.366309388343218745e-02 7.245087557683890789e-02 7.027528516314179852e-02 6.444436205251466432e-02 5.924535330481521533e-02
3.021666666666666856e+01 7.917969799019586308e-02 7.717829932517121516e-02 7.600137281648046417e-02 7.387111693181667993e-02 6.796755033473121654e-02 6.274191668190724769e-02
3.023333333333333428e+01 8.281460889472054554e-02 8.085639078601564167e-02 7.960565609042022372e-02 7.750794898241208930e-02 7.157934746054779585e-02 6.629022690494409953e-02
3.025000000000000000e+01 8.650037585534156581e-02 8.452248930987922571e-02 8.333609999729818529e-02 8.112245310257439057e-02 7.517360163313531463e-02 6.988751891990684084e-02
3.026666666666666572e+01 9.021432938521997680e-02 8.818186891704396513e-02 8.701976994598104032e-02 8.492128461910704307e-02 7.888690011955767911e-02 7.351164949696359363e-02
3.028333333333333144e+01 9.402515760865290395e-02 9.199688928163111956e-02 9.082060710676544135e-02 8.870209513163274107e-02 8.264598180271813532e-02 7.723640671885229070e-02
3.029999999999999716e+01 9.787501244186877503e-02 9.578134154020694069e-02 9.459916587895307594e-02 9.242072634149045562e-02 8.637945343408361121e-02 8.093009850458643406e-02
3.031666666666666288e+01 1.016866612847205920e-01 9.962987570799197723e-02 9.838738943378856627e-02 9.631982958622251068e-02 9.019714480111419574e-02 8.462274445490974850e-02
3.033333333333332860e+01 1.056282332029789273e-01 1.034937281180060148e-01 1.022998150120953825e-01 1.002365524926424750e-01 9.401689138104799004e-02 8.849277929276845589e-02
3.034999999999999432e+01 1.095889635475283397e-01 1.073863245180703835e-01 1.062722264264627792e-01 1.040942576378304091e-01 9.796135911786421624e-02 9.239435344498674041e-02
3.036666666666666003e+01 1.135257617437875899e-01 1.113911489448214109e-01 1.103122053276677644e-01 1.081234430912930422e-01 1.018499487859236829e-01 9.625827163412796483e-02
3.038333333333333997e+01 1.175359671473933387e-01 1.154036399538571067e-01 1.142212090948126896e-01 1.121928316379473267e-01 1.057501695030208383e-01 1.001432784299131629e-01
3.040000000000000568e+01 1.216252261319975270e-01 1.194533954136288711e-01 1.181885528095717591e-01 1.161034160986723074e-01 1.098302312559718830e-01 1.040722419534581000e-01
3.041666666666667140e+01 1.256855436388361058e-01 1.234403137696921948e-01 1.223050920620948473e-01 1.201093552479242099e-01 1.138548511238714200e-01 1.080964724999368687e-01
3.043333333333333712e+01 1.298009673666052355e-01 1.275123976006549975e-01 1.264345259088921758e-01 1.243007455047393101e-01 1.179009145086144794e-01 1.120665181368142860e-01
3.045000000000000284e+01 1.340133789683134458e-01 1.317222552935886082e-01 1.305761180065342364e-01 1.284593736782705387e-01 1.219995507063305895e-01 1.161485227266616932e-01
3.046666666666666856e+01 1.381552204934902717e-01 1.358542848806270908e-01 1.347330094588227722e-01 1.325601751836246733e-01 1.261364893708022961e-01 1.202736327612783096e-01
3.048333333333333428e+01 1.424174856122676081e-01 1.400734498598417699e-01 1.389960932748839084e-01 1.368351407526243735e-01 1.304175993288520241e-01 1.244287878104665124e-01
3.050000000000000000e+01 1.467964730673099183e-01 1.443750746879615965e-01 1.433399164614847787e-01 1.411644109842803141e-01 1.346820580741622808e-01 1.286636546989212149e-01
3.051666666666666572e+01 1.511233604589748147e-01 1.487041830665339903e-01 1.476932008942226926e-01 1.455389770862906551e-01 1.390300189034645584e-01 1.329710406725223837e-01
3.053333333333333144e+01 1.556011602276017036e-01 1.531114277918439737e-01 1.519942867818083188e-01 1.500202203876741802e-01 1.434094225101855413e-01 1.372597936814737296e-01
3.054999999999999716e+01 1.601747062971262126e-01 1.576955900482057416e-01 1.565744180985567113e-01 1.545388383415119971e-01 1.479167713790843774e-01 1.416853581524370465e-01
3.056666666666666288e+01 1.648562215191494706e-01 1.623113974397671633e-01 1.613500605523226217e-01 1.591799083818214999e-01 1.525911937099133642e-01 1.463027516859417565e-01
3.058333333333332860e+01 1.697567497931874170e-01 1.671099818957896554e-01 1.660596749670526506e-01 1.640130770167383123e-01 1.573710211930290370e-01 1.511267514508349286e-01
3.059999999999999432e+01 1.746083757818653603e-01 1.721427088855271292e-01 1.709760396963385942e-01 1.689281684150502894e-01 1.623364492718785967e-01 1.558935157382576875e-01
3.061666666666666003e+01 1.795078816692851909e-01 1.769892104674210820e-01 1.760156609935489558e-01 1.738201360411278928e-01 1.671238065148832885e-01 1.606595847554768142e-01
3.063333333333333997e+01 1.844175204860124262e-01 1.818504500237422550e-01 1.807999284120809513e-01 1.787437951993304519e-01 1.718958950054420010e-01 1.655066341265405694e-01
3.065000000000000568e+01 1.892368976221192600e-01 1.867374215544210792e-01 1.855739161003229221e-01 1.835551255802118920e-01 1.767401682294099385e-01 1.702122561827097424e-01
3.066666666666667140e+01 1.940503307577545189e-01 1.915682937384869389e-01 1.904540623791659004e-01 1.882741728311075891e-01 1.814500764973731861e-01 1.749636131742580147e-01
3.068333333333333712e+01 1.988635338667686103e-01 1.963534597533989345e-01 1.951872990423098586e-01 1.931346114872911079e-01 1.863110485535086902e-01 1.796929411712530067e-01
3.070000000000000284e+01 2.036884814716291292e-01 2.011311493286375152e-01 1.999554740084793503e-01 1.978885481658766154e-01 1.911012106123249343e-01 1.842302920141818123e-01
3.071666666666666856e+01 2.085048139530315536e-01 2.059446892169931320e-01 2.048183186671787837e-01 2.026396081319845610e-01 1.957899470697732069e-01 1.889686222848140640e-01
3.073333333333333428e+01 2.134215207941103920e-01 2.107250483766916482e-01 2.095921785644471458e-01 2.075280547266357967e-01 2.005692809314707226e-01 1.939551218645011454e-01
3.075000000000000000e+01 2.181749776188986190e-01 2.155721135744965156e-01 2.144215796350098235e-01 2.123674844298438225e-01 2.053654619247242685e-01 1.986919873953781057e-01
3.076666666666666572e+01 2.229628083076853895e-01 2.205318557864494600e-01 2.193280186780114660e-01 2.172526568061061147e-01 2.103170028740196373e-01 2.034143964211728994e-01
3.078333333333333144e+01 2.279740910786282604e-01 2.253373944552906349e-01 2.242016925718653408e-01 2.221938674945173886e-01 2.152422095755548159e-01 2.082784888054000638e-01
3.079999999999999716e+01 2.329287589375558798e-01 2.301667210054990642e-01 2.290922833287211691e-01 2.269710588710127097e-01 2.200587139067552711e-01 2.131095373227611112e-01
3.081666666666666288e+01 2.378675426556344230e-01 2.352184193255851263e-01 2.340847476993847820e-01 2.318222609909556808e-01 2.249151085793437421e-01 2.179169770036936959e-01
3.083333333333332860e+01 2.428224343990522671e-01 2.400939935158058758e-01 2.389410123653914197e-01 2.368427531167827949e-01 2.298622916676802130e-01 2.227992803677402156e-01
3.084999999999999432e+01 2.476851587525767118e-01 2.449387741257316176e-01 2.437409635305260447e-01 2.417929217063518599e-01 2.348804357054777303e-01 2.276271953513320512e-01
3.086666666666666003e+01 2.526884746142049054e-01 2.498269074601878470e-01 2.487812149441469278e-01 2.467967806502618933e-01 2.397740161801093228e-01 2.325058090913615094e-01
3.088333333333333997e+01 2.577413108473886605e-01 2.547407263396460064e-01 2.537633389824188179e-01 2.518100589721675719e-01 2.446613833093586599e-01 2.374227228184238037e-01
3.090000000000000568e+01 2.626422989102435435e-01 2.598521360638840205e-01 2.587368442638663391e-01 2.566502424392051451e-01 2.496378966909842956e-01 2.423251644802591753e-01
3.091666666666667140e+01 2.676144065400566929e-01 2.649641340623538066e-01 2.637626409686169571e-01 2.616383542614562074e-01 2.546071607525727809e-01 2.472596697600777382e-01
3.093333333333333712e+01 2.726588105976512355e-01 2.698604505857912228e-01 2.686494668725279422e-01 2.667225595352200052e-01 2.596384452911331686e-01 2.521968692950107283e-01
3.095000000000000284e+01 2.776785218995494464e-01 2.749323476025742896e-01 2.736322490643384175e-01 2.716724252331703116e-01 2.646480434315801600e-01 2.570710201844266241e-01
3.096666666666666856e+01 2.826549793588647441e-01 2.799587207722443183e-01 2.787345496641882581e-01 2.766307565888663778e-01 2.696385768782397219e-01 2.620624236392362638e-01
3.098333333333333428e+01 2.877756294508043711e-01 2.849992722959029390e-01 2.838120481342839563e-01 2.817538000458015834e-01 2.746387870020605138e-01 2.670707087346541608e-01
3.100000000000000000e+01 2.927584088328006873e-01 2.901257163447503173e-01 2.888849490017585953e-01 2.867803643027225791e-01 2.797133301348637691e-01 2.720196318675854319e-01
3.101666666666666572e+01 2.978613928051241366e-01 2.951026995621537918e-01 2.940029957688651274e-01 2.917606251146214746e-01 2.848211157661285076e-01 2.769934910051295440e-01
3.103333333333333144e+01 3.031694481391703500e-01 3.002089496554669612e-01 2.989864010467890854e-01 2.970109795836234357e-01 2.898668329511903119e-01 2.821121480868850062e-01
3.104999999999999716e+01 3.082419421546166993e-01 3.053763309939903081e-01 3.040923052797864234e-01 3.021903551027371182e-01 2.950947202828510529e-01 2.870162490586538606e-01
3.106666666666666288e+01 3.132295783538529554e-01 3.104832292886716694e-01 3.092818426348170058e-01 3.072529988644368548e-01 3.001871784290250922e-01 2.919855822451369876e-01
3.108333333333332860e+01 3.184371852385919910e-01 3.156559177662230931e-01 3.143115049873895783e-01 3.124841850123360465e-01 3.051709959851677256e-01 2.971988150366989268e-01
3.109999999999999432e+01 3.236145852133973100e-01 3.207464635199899772e-01 3.195667486181610339e-01 3.175519589690356526e-01 3.104140528941830568e-01 3.022809491235023960e-01
3.111666666666666003e+01 3.288423629150438732e-01 3.260062484193251842e-01 3.248497389609558139e-01 3.226883756199094289e-01 3.157097840203194061e-01 3.073483472687818518e-01
3.113333333333333997e+01 3.340012741120717554e-01 3.311888511677144042e-01 3.297911913305283660e-01 3.280164084871581287e-01 3.208200706513511524e-01 3.125362300703340424e-01
3.115000000000000568e+01 3.392265397227839929e-01 3.362950852711036887e-01 3.349797182052958178e-01 3.331769897850736517e-01 3.260002331378044071e-01 3.175904957795511185e-01
3.116666666666667140e+01 3.444037900481454750e-01 3.414679024589762912e-01 3.403030059625200554e-01 3.383421466972419411e-01 3.311875885999932545e-01 3.227743801674084478e-01
3.118333333333333712e+01 3.495760716015237635e-01 3.467022550125695157e-01 3.453288894210816973e-01 3.435940517960317520e-01 3.363211224545659128e-01 3.279722936826031665e-01
3.120000000000000284e+01 3.548610532890513758e-01 3.520445552661278787e-01 3.504867913181596850e-01 3.487179453552626818e-01 3.416780220722676620e-01 3.330571265176157647e-01
3.121666666666666856e+01 3.600434042337127272e-01 3.571815970435496257e-01 3.558865734344363041e-01 3.538682359859643412e-01 3.469101580297451193e-01 3.382276352213766102e-01
3.123333333333333428e+01 3.653550509337644137e-01 3.623621637542404073e-01 3.611995162117657698e-01 3.592687878321072503e-01 3.520820807499960847e-01 3.435416505063434989e-01
3.125000000000000000e+01 3.706401233985601174e-01 3.677103542490014476e-01 3.663066245445267821e-01 3.644913102160490803e-01 3.574724104683056902e-01 3.485884117596167453e-01
3.126666666666666572e+01 3.759610273767319266e-01 3.729919976372103041e-01 3.716073191501789719e-01 3.697168298563040523e-01 3.627430900288877713e-01 3.537497165881542949e-01
3.128333333333333144e+01 3.812667927221831676e-01 3.783709918655041027e-01 3.770040189289025068e-01 3.751844152272537647e-01 3.680065067532127254e-01 3.591537537982840145e-01
3.129999999999999716e+01 3.865086191409518035e-01 3.836366658953436204e-01 3.823177279478888191e-01 3.803801053420375888e-01 3.733880075891580219e-01 3.643917823317192606e-01
3.131666666666666288e+01 3.918749143297176607e-01 3.888512168406565994e-01 3.875612354237207291e-01 3.855697144415825006e-01 3.786837710741607355e-01 3.696390301895097208e-01
3.133333333333332860e+01 3.971906153184597277e-01 3.942887483348997968e-01 3.928791336482403973e-01 3.909978737949880712e-01 3.840153552532751258e-01 3.749824603736460205e-01
3.134999999999999432e+01 4.025340703398507247e-01 3.997788968627042361e-01 3.981679533810900673e-01 3.962937298077786052e-01 3.893849632432574981e-01 3.801274773588459444e-01
3.136666666666666003e+01 4.080104963704903054e-01 4.050856675600533197e-01 4.034946547035631048e-01 4.016056085336544013e-01 3.947761546608509753e-01 3.853418706919840009e-01
3.138333333333333997e+01 4.133131534745388413e-01 4.103259643046351379e-01 4.089896152686516295e-01 4.070671851557549625e-01 4.001199602620368334e-01 3.907559668797855879e-01
3.140000000000000568e+01 4.186900386851709621e-01 4.157948765558933668e-01 4.140717169142631993e-01 4.124185608206421549e-01 4.053499283088488614e-01 3.960619404750241324e-01
3.141666666666667140e+01 4.241622763334279567e-01 4.212310530974482381e-01 4.193530349154784287e-01 4.178920221618619979e-01 4.108193598956930703e-01 4.014011122863930803e-01
3.143333333333333712e+01 4.295053108166163036e-01 4.265653227263883629e-01 4.250342703319586191e-01 4.233845322305425096e-01 4.162912338344190166e-01 4.068658573187614036e-01
3.145000000000000284e+01 4.349378557240961007e-01 4.320611533473259769e-01 4.304676768822501276e-01 4.287483407035734273e-01 4.217413279781021540e-01 4.121946521616107195e-01
3.146666666666666856e+01 4.404458860519863683e-01 4.374094951941142617e-01 4.358464296082533718e-01 4.341229862024014730e-01 4.271766085525856571e-01 4.175215414794276048e-01
3.148333333333333428e+01 4.458796316529871628e-01 4.428178545468656191e-01 4.413506857918965132e-01 4.395320523093559917e-01 4.325565260122393729e-01 4.229341432294089764e-01
3.150000000000000000e+01 4.511958613582785493e-01 4.482507046880616075e-01 4.466281882584169916e-01 4.450166907380715409e-01 4.381922263930309036e-01 4.282545817657534282e-01
3.151666666666666572e+01 4.567979758769420973e-01 4.537367346851550187e-01 4.519507892362094603e-01 4.504976826903543952e-01 4.437372926656388272e-01 4.335881275446740735e-01
3.153333333333333144e+01 4.622520662220483412e-01 4.593542698395545743e-01 4.575360178923133514e-01 4.558997139878685489e-01 4.491787536675525550e-01 4.391623866116105002e-01
3.154999999999999716e+01 4.678823594235462235e-01 4.648827740776583783e-01 4.631648535588807070e-01 4.614879481774967762e-01 4.547658159957937984e-01 4.446872951358711301e-01
3.156666666666666288e+01 4.737947154235114811e-01 4.706944515719296285e-01 4.689092981202634958e-01 4.673085475113250009e-01 4.605084961052414716e-01 4.503930863252658123e-01
3.158333333333332860e+01 4.794857353651047482e-01 4.765386005835843264e-01 4.749799240697172298e-01 4.732442099293439064e-01 4.665035897028574907e-01 4.562773140081380352e-01
3.159999999999999432e+01 4.853282454195825268e-01 4.824864126953626875e-01 4.805054259429270558e-01 4.792723917450823490e-01 4.725841849267356509e-01 4.621676570959947772e-01
3.161666666666666003e+01 4.915329189173027191e-01 4.884623215223286019e-01 4.865408106643708264e-01 4.853184573152055092e-01 4.785469534322819296e-01 4.681421010154274143e-01
3.163333333333333997e+01 4.974660717111448194e-01 4.944662005302857821e-01 4.925718660087534118e-01 4.910765292347193944e-01 4.844696143978284852e-01 4.740290908761993771e-01
3.165000000000000568e+01 5.032747232775706125e-01 5.004650073108239949e-01 4.983855010095038507e-01 4.969232304345422846e-01 4.904298491106944269e-01 4.797636875639820220e-01
3.166666666666667140e+01 5.092149171308995026e-01 5.063034399401474817e-01 5.043310912227932929e-01 5.028744828449397408e-01 4.963304923410127301e-01 4.856501908604642925e-01
3.168333333333333712e+01 5.150773724948540799e-01 5.121171289801949023e-01 5.102597247967125549e-01 5.086810895165004842e-01 5.022271554097308410e-01 4.914806112902089796e-01
3.170000000000000284e+01 5.207489859120503217e-01 5.178915130471241079e-01 5.160002468229107908e-01 5.145431224820072869e-01 5.081186070406685795e-01 4.971166520073982964e-01
3.171666666666666856e+01 5.266743881849044184e-01 5.238266270609649444e-01 5.217313309386510944e-01 5.204137545615877825e-01 5.138867567082283649e-01 5.029453632655448425e-01
3.173333333333333428e+01 5.325634817253149800e-01 5.298236922714726349e-01 5.277382826168638408e-01 5.262124409986936868e-01 5.196089402493759835e-01 5.086790725279725089e-01
3.175000000000000000e+01 5.384258440574937188e-01 5.354769566939393544e-01 5.334727249230545310e-01 5.318601266417311013e-01 5.255888585657857437e-01 5.144056922719122404e-01
3.176666666666666572e+01 5.442143655209134012e-01 5.412524151033482056e-01 5.392088664367770123e-01 5.378429379700299107e-01 5.315064812416738782e-01 5.201960664760242325e-01
3.178333333333333144e+01 5.498971841276355521e-01 5.471564709453431430e-01 5.451531677412461141e-01 5.436681431167907919e-01 5.374489384765236411e-01 5.260046195922740697e-01
3.179999999999999716e+01 5.559765748217743164e-01 5.530710577464992284e-01 5.509128700787756516e-01 5.494758523257353700e-01 5.433478889051548411e-01 5.317352436301725493e-01
3.181666666666666288e+01 5.619336486710826417e-01 5.591991626506785940e-01 5.568513384282660628e-01 5.556006615364436074e-01 5.492360548994245084e-01 5.376207745179386599e-01
3.183333333333332860e+01 5.677766559492958276e-01 5.651579287123942308e-01 5.629864093250109836e-01 5.615940836836800232e-01 5.553112871233968351e-01 5.438340447367949748e-01
3.184999999999999432e+01 5.739781321050383411e-01 5.710544930632366345e-01 5.689669957816368973e-01 5.675974101014910067e-01 5.615021133376331131e-01 5.497680925374758276e-01
3.186666666666666003e+01 5.802572245313963872e-01 5.772977637938330187e-01 5.750380139011532776e-01 5.738015158410120220e-01 5.676322838221881106e-01 5.557260555447702810e-01
3.188333333333333997e+01 5.863456895545019476e-01 5.835754370113184208e-01 5.812734113376820666e-01 5.797564287716141518e-01 5.738254062655757659e-01 5.618733296918364539e-01
3.190000000000000568e+01 5.923273126515239406e-01 5.893713201577526206e-01 5.871299464809325297e-01 5.857640764994525018e-01 5.798831817004703737e-01 5.677976537740282437e-01
3.191666666666667140e+01 5.982799744536471120e-01 5.952814319360832940e-01 5.930638142186829276e-01 5.919797175817529400e-01 5.858481461825256753e-01 5.737429069677997262e-01
3.193333333333333712e+01 6.043891570270198965e-01 6.016004128077068192e-01 5.992275883495693511e-01 5.978073466068410946e-01 5.918694025847822671e-01 5.798818834235053288e-01
3.195000000000000284e+01 6.103616760139699560e-01 6.076069779883933597e-01 6.052159407655268719e-01 6.037187664203679249e-01 5.980583825422995936e-01 5.857501451828721617e-01
3.196666666666666856e+01 6.164556303773777168e-01 6.134698384389920545e-01 6.112314565840691882e-01 6.099106851535287532e-01 6.041454744677308142e-01 5.916459676004817148e-01
3.198333333333333428e+01 6.224521579706234764e-01 6.196729952172220779e-01 6.173863110208630545e-01 6.160234112390041705e-01 6.101884833801444197e-01 5.978685393823840455e-01
3.200000000000000000e+01 6.284599386056785031e-01 6.257223599936105884e-01 6.232903576578853189e-01 6.221258341712240236e-01 6.164108593179368212e-01 6.037031127756589122e-01
3.201666666666666572e+01 6.346028795072039541e-01 6.317691708494646008e-01 6.294208743810596474e-01 6.282017029518082163e-01 6.224270307181419826e-01 6.096087992986757298e-01
3.203333333333333144e+01 6.407119370465320651e-01 6.379068487132576459e-01 6.355971715374904019e-01 6.342375829679547383e-01 6.285822731716803613e-01 6.157266193838587531e-01
3.204999999999999716e+01 6.468486039605118032e-01 6.439309074719236081e-01 6.414090001704100263e-01 6.403189638920797622e-01 6.347289834046186963e-01 6.215782470298953921e-01
3.206666666666666288e+01 6.527975823161189517e-01 6.500428567296389071e-01 6.474864988016526546e-01 6.464707442849060293e-01 6.408047876957407851e-01 6.275356858022037576e-01
3.208333333333334281e+01 6.589371039157154719e-01 6.562939059518075879e-01 6.537474742738725864e-01 6.524634130220461348e-01 6.470215293419048219e-01 6.339823725954579769e-01
3.209999999999999432e+01 6.649962826287982853e-01 6.622787461424655131e-01 6.594709795540003583e-01 6.584224156697181529e-01 6.530300047857560131e-01 6.399580194420716461e-01
3.211666666666666003e+01 6.710665903026282741e-01 6.682336008629773394e-01 6.654693520609680224e-01 6.644769772018318532e-01 6.592078779949372969e-01 6.458112846087294967e-01
3.213333333333333997e+01 6.773255972522504997e-01 6.744652734569399621e-01 6.719113259311819686e-01 6.705184882425122561e-01 6.653942877256634469e-01 6.520552573073434832e-01
3.215000000000000568e+01 6.833469426192257945e-01 6.805294013334174386e-01 6.779245475409336752e-01 6.767669574221493178e-01 6.716002170732719989e-01 6.578042592012673939e-01
3.216666666666665719e+01 6.894958668417949799e-01 6.863906277331389694e-01 6.839477472138031366e-01 6.830215342211659602e-01 6.778066532728891369e-01 6.638192434393960228e-01
3.218333333333333712e+01 6.957292208014888013e-01 6.928185801360030593e-01 6.903138853939339015e-01 6.892780958968082183e-01 6.839715043190609522e-01 6.701867268898581420e-01
3.220000000000000284e+01 7.017544894088417751e-01 6.991220236618838069e-01 6.964040488278112617e-01 6.952809609775967292e-01 6.903217810328221571e-01 6.763291318675445085e-01
3.221666666666666856e+01 7.080064948201663100e-01 7.052830156140699192e-01 7.021972461884915528e-01 7.014983357926609653e-01 6.965263566385612171e-01 6.825520808558475094e-01
3.223333333333333428e+01 7.142624278704321483e-01 7.116670045987263382e-01 7.085294012858162072e-01 7.075070397583067550e-01 7.026880063489535644e-01 6.886196771864120381e-01
3.225000000000000000e+01 7.203979002241189811e-01 7.175734618893585548e-01 7.147229981921831010e-01 7.135094678794694500e-01 7.089786046536599162e-01 6.945644037121012637e-01
3.226666666666666572e+01 7.264901375469635658e-01 7.232564348237927598e-01 7.207780464083726191e-01 7.196848817683191291e-01 7.152211517614538439e-01 7.007024264257863955e-01
3.228333333333333144e+01 7.326718312911845166e-01 7.298935979984807476e-01 7.271214075525858078e-01 7.258227240817561876e-01 7.214092988834073239e-01 7.069704297991883379e-01
3.229999999999999716e+01 7.388257164493854390e-01 7.363721996867503838e-01 7.331547762182162309e-01 7.322121173028938168e-01 7.277832142493755319e-01 7.131879372756793067e-01
3.231666666666666288e+01 7.450529787891122524e-01 7.426678021216281955e-01 7.393591179495649923e-01 7.382731621856007953e-01 7.340137770307686438e-01 7.192658180042920124e-01
3.233333333333334281e+01 7.515411572411334618e-01 7.489310876083730140e-01 7.458983991713937778e-01 7.444469174067055439e-01 7.401456591401179841e-01 7.254257437642702699e-01
3.234999999999999432e+01 7.574440219774452032e-01 7.551080479821435931e-01 7.519844950422968077e-01 7.508503094893467233e-01 7.465656979035056873e-01 7.316998720226385311e-01
3.236666666666666003e+01 7.636481754598269944e-01 7.614510452917657712e-01 7.580256348847239645e-01 7.570391071084708878e-01 7.529518858288737349e-01 7.376816736548285069e-01
3.238333333333333997e+01 7.701906362950912133e-01 7.676223834975690608e-01 7.644621467112610036e-01 7.633031717390498239e-01 7.590100905643812901e-01 7.438142849931175249e-01
3.240000000000000568e+01 7.761957556936184277e-01 7.739232384243486251e-01 7.702434206952369911e-01 7.697912124502125364e-01 7.653577190494864624e-01 7.501229284633037508e-01
3.241666666666665719e+01 7.824118761219526208e-01 7.800370410693180379e-01 7.762918289722132714e-01 7.760082438816449102e-01 7.717195326943979694e-01 7.562577313186815697e-01
3.243333333333333712e+01 7.889297327292826845e-01 7.861176698124255902e-01 7.828595582518876883e-01 7.821371225906750269e-01 7.780237817777199139e-01 7.625801646514104304e-01
3.245000000000000284e+01 7.948731471460018794e-01 7.927520832958750985e-01 7.892487794473708185e-01 7.883365584273831494e-01 7.844709747759872620e-01 7.689328768189409580e-01
3.246666666666666856e+01 8.011492590083463261e-01 7.991014576379368295e-01 7.954825294527848589e-01 7.947743132951836653e-01 7.906538066347285065e-01 7.751044432727323130e-01
3.248333333333333428e+01 8.077876165653690155e-01 8.054032668220912905e-01 8.016820718002225510e-01 8.012307864455068263e-01 7.970773149843867200e-01 7.812048101004812617e-01
3.250000000000000000e+01 8.139193071411616742e-01 8.117997637603519001e-01 8.078159262930421081e-01 8.071999286896230918e-01 8.035319955564080852e-01 7.876848083201616335e-01
3.251666666666666572e+01 8.203820920231184033e-01 8.181681670610153612e-01 8.144614581414053589e-01 8.133712370721004614e-01 8.099852491080953287e-01 7.938677607305202333e-01
3.253333333333333144e+01 8.270302874465967902e-01 8.246562670708824649e-01 8.211036274757529396e-01 8.201703464458763859e-01 8.166395296634869627e-01 8.002198092577975652e-01
3.254999999999999716e+01 8.334053311531696151e-01 8.314548853325081090e-01 8.273845675956960077e-01 8.264757670694606873e-01 8.230448058137650458e-01 8.069973543224961965e-01
3.256666666666666288e+01 8.399980081431618339e-01 8.380185994455086052e-01 8.340314480193943281e-01 8.329651341370549744e-01 8.298940219932294804e-01 8.132602296097040107e-01
3.258333333333334281e+01 8.467330859830771717e-01 8.443751239208324710e-01 8.405907457571706320e-01 8.397289875052094121e-01 8.365478241956557648e-01 8.196659581297190966e-01
3.259999999999999432e+01 8.531635929425258613e-01 8.508773849799462496e-01 8.470754460880726144e-01 8.465846676927072378e-01 8.430092270526505782e-01 8.264821661611215786e-01
3.261666666666666003e+01 8.597458240797868356e-01 8.576791437724510248e-01 8.538525976097515180e-01 8.530635111800651815e-01 8.498606208677078611e-01 8.328312214770652311e-01
3.263333333333333997e+01 8.665409898088920482e-01 8.639679305849917723e-01 8.603218397140384166e-01 8.596867874432848611e-01 8.566213047911905853e-01 8.394318031404380820e-01
3.265000000000000568e+01 8.730216161913048056e-01 8.707497303104978492e-01 8.669495564380452768e-01 8.666269612698648261e-01 8.633774732024643850e-01 8.463842184526146895e-01
3.266666666666665719e+01 8.796801706332842974e-01 8.776260495917909132e-01 8.735255791859694030e-01 8.728910504055930053e-01 8.699777221095644775e-01 8.524938179939273164e-01
3.268333333333333712e+01 8.866014130763937295e-01 8.843671370038247437e-01 8.801759066940557652e-01 8.793091101161719658e-01 8.766308055194103055e-01 8.592502750825421476e-01
3.270000000000000284e+01 8.930545007425370052e-01 8.911765873886836609e-01 8.868918088421005042e-01 8.865177185259125459e-01 8.835747079370606105e-01 8.662101457562202400e-01
3.271666666666666856e+01 8.994543430004031670e-01 8.980204738650228169e-01 8.934740297200843839e-01 8.931252155336765197e-01 8.905368272129972063e-01 8.718203328173081967e-01
3.273333333333333428e+01 9.064860259484577298e-01 9.037827517855910875e-01 8.999855820398834361e-01 8.995905264296225612e-01 8.970268352088671682e-01 8.784285201717265679e-01
3.275000000000000000e+01 9.130472087410248516e-01 9.102502591796145515e-01 9.064826515674355711e-01 9.064351676997348672e-01 9.035168038457889184e-01 8.856247274563786576e-01
3.276666666666666572e+01 9.196324112664572281e-01 9.178633744485253931e-01 9.131599052344385736e-01 9.127434078095238990e-01 9.103935682868693480e-01 8.923599591728650360e-01
3.278333333333333144e+01 9.265852987482635639e-01 9.246678971222916932e-01 9.199490724680915443e-01 9.192597024892666946e-01 9.171476935166030797e-01 8.989859893592182516e-01
3.279999999999999716e+01 9.325706122488331973e-01 9.313403705731845283e-01 9.264022310662664017e-01 9.261895296390081356e-01 9.238912842345626819e-01 9.056061248503938232e-01
3.281666666666666288e+01 9.391031258347710686e-01 9.382515189002407219e-01 9.330284536055367672e-01 9.326406327770370153e-01 9.307261095589167699e-01 9.122113623986055631e-01
3.283333333333334281e+01 9.463225036810002377e-01 9.446492352655280200e-01 9.401955019347549847e-01 9.392887408748251676e-01 9.373830815020685048e-01 9.189588999920347279e-01
3.284999999999999432e+01 9.528874228479781161e-01 9.513311682294138816e-01 9.468571720215601673e-01 9.462944991948363249e-01 9.444350793936308053e-01 9.253487757654715873e-01
3.286666666666666003e+01 9.596441132519635264e-01 9.584087980824432806e-01 9.530553734375093455e-01 9.527043995452474379e-01 9.512143247318803896e-01 9.320294510342974625e-01
3.288333333333333997e+01 9.667049052060980863e-01 9.647698250677707588e-01 9.597684216155900616e-01 9.593264062448806362e-01 9.578246052096871521e-01 9.387291668142817569e-01
3.290000000000000568e+01 9.727015118043218500e-01 9.714766015116159670e-01 9.663717676898995190e-01 9.663090637567948171e-01 9.647046640722277688e-01 9.453847255891457690e-01
3.291666666666665719e+01 9.794783145510316258e-01 9.783859069901910122e-01 9.731536608485661377e-01 9.727598020619170338e-01 9.714916886234085114e-01 9.521317133953067779e-01
3.293333333333333712e+01 9.863646610721245045e-01 9.850704466960692463e-01 9.800800168643034604e-01 9.795669804906409484e-01 9.783607695954207317e-01 9.586288779284987127e-01
3.295000000000000284e+01 9.931523476629438019e-01 9.918059827188945299e-01 9.865711282459059817e-01 9.866692531759257978e-01 9.848509968063133835e-01 9.654251961449078490e-01
3.296666666666666856e+01 9.999406873496877735e-01 9.987412063699417919e-01 9.933146535126288201e-01 9.928733736262452814e-01 9.918075331120500548e-01 9.720144175489938698e-01
3.298333333333333428e+01 1.006632068183760831e+00 1.005252943851012271e+00 1.000301631942105862e+00 9.994422095746410273e-01 9.988284058107864682e-01 9.783928184968070374e-01
3.300000000000000000e+01 1.013454359107809122e+00 1.012461634198765337e+00 1.006669317448178225e+00 1.006669439452316128e+00 1.005580826283044349e+00 9.853550765367726783e-01
3.301666666666666572e+01 1.020159224200155368e+00 1.019398616584038075e+00 1.013219634118208479e+00 1.013169481083186385e+00 1.012714897405929015e+00 9.923021384054282468e-01
3.303333333333333144e+01 1.027249049418390792e+00 1.025937958506170533e+00 1.020160134935210960e+00 1.019885179969493016e+00 1.019534692129394626e+00 9.992468562417314848e-01
3.304999999999999716e+01 1.034004310584416331e+00 1.033051819175542452e+00 1.027042258228618943e+00 1.027328397502632384e+00 1.026515994267846787e+00 1.005638551833698990e+00
3.306666666666666288e+01 1.040711142144440826e+00 1.039905118712492138e+00 1.034083855890661985e+00 1.033667411736387765e+00 1.033350631565699507e+00 1.012633075181609499e+00
3.308333333333334281e+01 1.047643976979706570e+00 1.046572594174890014e+00 1.040809984628947138e+00 1.040149327178117922e+00 1.040408563101409944e+00 1.019547475386491264e+00
3.309999999999999432e+01 1.054619589775752209e+00 1.053559211243236593e+00 1.047231876470174461e+00 1.047454030637537947e+00 1.047076571586168514e+00 1.025991310555879998e+00
3.311666666666666003e+01 1.061565769352235566e+00 1.060528554317329064e+00 1.054066342303834558e+00 1.054445983382359175e+00 1.053939639622148094e+00 1.033058377533158545e+00
3.313333333333333997e+01 1.068064385616396272e+00 1.067245564442170336e+00 1.061143673600734694e+00 1.061231519956706171e+00 1.061425040461486002e+00 1.039699875844044774e+00
3.315000000000000568e+01 1.075261487342165978e+00 1.074403684212465571e+00 1.068326664104355839e+00 1.068333887373696944e+00 1.067922059146145353e+00 1.046352948308616027e+00
3.316666666666665719e+01 1.081999336923428645e+00 1.081394752848380714e+00 1.075306613949388312e+00 1.074924526567398564e+00 1.074598699006604985e+00 1.053251810272833211e+00
3.318333333333333712e+01 1.088524903957803547e+00 1.087984499772111091e+00 1.081498384769439047e+00 1.081629213233306963e+00 1.082137333064612683e+00 1.060057566673699103e+00
3.320000000000000284e+01 1.095814720405579479e+00 1.095158020157616541e+00 1.088622917998418149e+00 1.088979906011388943e+00 1.089331863588894445e+00 1.067195368309018511e+00
3.321666666666666856e+01 1.102946473216283474e+00 1.102403779589965938e+00 1.095820975684217879e+00 1.095695238718950915e+00 1.096187739512257453e+00 1.073639388014483442e+00
3.323333333333333428e+01 1.109600165928911863e+00 1.108928273588396740e+00 1.102487736890169101e+00 1.102438764515671021e+00 1.103419344594574136e+00 1.080332061404707389e+00
3.325000000000000000e+01 1.116714871471156334e+00 1.115849426099665420e+00 1.109188141977580644e+00 1.109830936719377048e+00 1.110175196769733086e+00 1.087573974311894398e+00
3.326666666666666572e+01 1.123891557259772078e+00 1.123297541930822208e+00 1.116045687584392265e+00 1.116444299909771454e+00 1.117217282683783841e+00 1.094654044991112185e+00
3.328333333333333144e+01 1.130710577303893904e+00 1.129940397761902027e+00 1.123304204708253984e+00 1.123353227779641417e+00 1.124254361839641447e+00 1.101795766560270229e+00
3.329999999999999716e+01 1.137601267001542293e+00 1.137023936703992044e+00 1.130465017659591842e+00 1.130847681960180262e+00 1.131415459837723292e+00 1.108375383778976708e+00
3.331666666666666288e+01 1.144597470416517382e+00 1.144705848163743989e+00 1.137338503768240194e+00 1.137374809957112820e+00 1.138638931080969030e+00 1.115406769290215427e+00
3.333333333333334281e+01 1.151562869441538961e+00 1.151428747078275805e+00 1.144391456492631631e+00 1.144128730323270560e+00 1.145638557460705087e+00 1.122510054071822028e+00
3.334999999999999432e+01 1.158596374596738032e+00 1.158169369339373977e+00 1.151540189711075746e+00 1.151869422397770792e+00 1.152887327338568246e+00 1.129077406624135138e+00
3.336666666666666003e+01 1.165472738649365292e+00 1.165384337871963716e+00 1.157774824401939684e+00 1.158422985663376092e+00 1.159646470815491215e+00 1.136373048016608545e+00
3.338333333333333997e+01 1.172490003320455276e+00 1.172115754112122987e+00 1.164626878523932429e+00 1.165049612301298332e+00 1.167081389538484171e+00 1.143185751259233607e+00
3.340000000000000568e+01 1.179561486329431697e+00 1.179299295152899107e+00 1.172032516803182656e+00 1.172494925075379335e+00 1.174237910754593939e+00 1.149506855925410687e+00
3.341666666666665719e+01 1.186415091564276381e+00 1.186493958246591429e+00 1.178958586927227437e+00 1.179272243961870803e+00 1.180749173828440579e+00 1.156618272376867873e+00
3.343333333333333712e+01 1.193496844841719140e+00 1.193456125904566179e+00 1.185791912690686623e+00 1.186584941108030922e+00 1.188109234382922486e+00 1.164193512813428866e+00
3.345000000000000284e+01 1.200646117051799244e+00 1.200877462911746463e+00 1.193146256220352530e+00 1.193605401143722489e+00 1.195347961813386650e+00 1.170845754348896817e+00
3.346666666666666856e+01 1.207666186269683584e+00 1.207444079365723510e+00 1.199632796138428326e+00 1.200079343671093701e+00 1.202660915647244533e+00 1.177766638535702182e+00
3.348333333333333428e+01 1.214554030020495334e+00 1.214672211264512303e+00 1.206570062653069542e+00 1.207311816072333954e+00 1.209659583415591655e+00 1.185271597749328887e+00
3.350000000000000000e+01 1.221620535848453759e+00 1.221857564956059017e+00 1.214103999137999823e+00 1.214600191451016942e+00 1.216348362335049949e+00 1.191492324553652393e+00
3.351666666666666572e+01 1.228915362609329875e+00 1.228663745938942897e+00 1.220865796088936417e+00 1.221253337764294900e+00 1.224000751153815791e+00 1.198348960543687003e+00
3.353333333333333144e+01 1.235641030233846749e+00 1.236322263573459868e+00 1.227889931444095195e+00 1.228667860518581900e+00 1.231407434311025284e+00 1.206016859633804117e+00
3.354999999999999716e+01 1.243190818537266873e+00 1.243521641059786242e+00 1.235425776166994005e+00 1.236062662333504036e+00 1.238432787620975528e+00 1.212994763996805947e+00
3.356666666666666288e+01 1.250347291559642082e+00 1.250453068826439473e+00 1.242134227737228258e+00 1.242382943317415833e+00 1.245830530438874817e+00 1.220017303981312695e+00
3.358333333333334281e+01 1.257285638224461044e+00 1.258171629853644280e+00 1.249336933855470066e+00 1.250024222508838267e+00 1.253395147300323753e+00 1.227563343094685733e+00
3.359999999999999432e+01 1.264892926946952656e+00 1.265551465826507016e+00 1.257372188916028088e+00 1.257945560565522314e+00 1.260848904890415456e+00 1.234441378874339579e+00
3.361666666666666003e+01 1.272455987611669892e+00 1.272651916438653830e+00 1.264047442013157108e+00 1.264643794814788169e+00 1.268298736435747864e+00 1.241775260970118921e+00
3.363333333333333997e+01 1.279460702549157780e+00 1.280355593656668400e+00 1.271278905409476190e+00 1.272075284793175776e+00 1.275520252460284665e+00 1.249482851759077029e+00
3.365000000000000568e+01 1.287189910541879367e+00 1.288003128636193706e+00 1.279168649125222323e+00 1.279726120904929321e+00 1.282831313552538655e+00 1.256431211885421950e+00
3.366666666666665719e+01 1.294657825067640378e+00 1.294945185256233255e+00 1.286042370320930273e+00 1.286560272406627625e+00 1.290559325970885407e+00 1.263677200259394340e+00
3.368333333333333712e+01 1.301319322324793415e+00 1.302039385343812583e+00 1.293327894560351243e+00 1.294116893486222830e+00 1.297934703807800627e+00 1.271269178370506792e+00
3.370000000000000284e+01 1.308789457159194480e+00 1.309763219940143442e+00 1.300839271340601622e+00 1.301605844786039690e+00 1.304678259452638711e+00 1.278153988705786448e+00
3.371666666666666856e+01 1.316452203470430904e+00 1.317250508698382561e+00 1.307824133532269117e+00 1.308491678544311698e+00 1.312313885500257404e+00 1.285378675216886313e+00
3.373333333333333428e+01 1.323257041904438713e+00 1.324633229502488962e+00 1.315690311305305782e+00 1.315698928340018004e+00 1.320470363443176032e+00 1.292566959015256423e+00
3.375000000000000000e+01 1.330501213099086755e+00 1.331412560384559018e+00 1.322566611018690441e+00 1.323217656711315193e+00 1.327984589859756204e+00 1.299784466971855901e+00
3.376666666666666572e+01 1.338469554960849850e+00 1.338450093817084019e+00 1.329472805688537651e+00 1.330501149291423602e+00 1.334268309594826230e+00 1.306822529358440121e+00
3.378333333333333144e+01 1.345255741476588884e+00 1.346375824832071411e+00 1.337015222239436030e+00 1.337874086330288037e+00 1.341119714414228170e+00 1.314403052238211966e+00
3.379999999999999716e+01 1.352444966863399767e+00 1.354254051339005560e+00 1.344308153043301424e+00 1.345036425750542719e+00 1.349289991399297506e+00 1.321364120707580581e+00
3.381666666666666288e+01 1.360250083223047302e+00 1.361644948980504255e+00 1.352121831420255660e+00 1.351934779967653766e+00 1.356727000625592483e+00 1.328697698914129033e+00
3.383333333333334281e+01 1.367464197573027507e+00 1.368558569776846534e+00 1.358906087839548471e+00 1.359481201383415216e+00 1.363815230148431201e+00 1.336287241227715139e+00
3.384999999999999432e+01 1.374410452278864936e+00 1.375731395316857064e+00 1.365733123163248575e+00 1.367534543168423600e+00 1.372447164911198891e+00 1.342818697110588877e+00
3.386666666666666003e+01 1.381866790167177061e+00 1.383326247407598908e+00 1.373694658880068475e+00 1.373984970057294364e+00 1.380110751149504100e+00 1.350346403964319153e+00
3.388333333333333997e+01 1.389642748361980873e+00 1.391097356387992701e+00 1.380859127111952578e+00 1.381578801019021752e+00 1.386912730647383851e+00 1.358238050567842858e+00
3.390000000000000568e+01 1.397141969863582522e+00 1.398652353439584273e+00 1.388522229215662263e+00 1.389044779024784626e+00 1.394494352146409266e+00 1.365033161398919503e+00
3.391666666666665719e+01 1.404170020007154962e+00 1.405956896514596099e+00 1.395702933719599415e+00 1.395651366433426244e+00 1.402484262425551576e+00 1.372312660129257234e+00
3.393333333333333712e+01 1.412184638789156566e+00 1.413378879470090332e+00 1.402773755157276758e+00 1.403808799276096808e+00 1.409214788321466738e+00 1.379833729343508564e+00
3.395000000000000284e+01 1.419558131786977651e+00 1.420642052529123234e+00 1.410199172669949652e+00 1.411433604112549478e+00 1.416713498020628847e+00 1.386696894302581917e+00
3.396666666666666856e+01 1.425621245256825764e+00 1.428149183055712257e+00 1.417500140389431396e+00 1.418346555203949810e+00 1.424424859038104563e+00 1.394574264887581627e+00
3.398333333333333428e+01 1.433480725023897451e+00 1.436133068910312671e+00 1.425585971987617606e+00 1.425777278914315049e+00 1.431578092358546161e+00 1.401781853803102829e+00
3.400000000000000000e+01 1.441493979544103965e+00 1.443031263268736986e+00 1.432569610000145710e+00 1.433027197913967488e+00 1.439448160438354440e+00 1.408725367538451900e+00
3.401666666666666572e+01 1.447997157827816350e+00 1.450143966531616480e+00 1.439304686751387674e+00 1.440710458421848417e+00 1.446948233199438327e+00 1.416583694358461987e+00
3.403333333333333144e+01 1.455501268618763167e+00 1.458023119207818352e+00 1.446996757118792498e+00 1.447344858222070263e+00 1.454458200502167342e+00 1.423234697186459119e+00
3.404999999999999716e+01 1.462821891222545467e+00 1.465002663601185917e+00 1.454519353546642746e+00 1.454577333447502951e+00 1.461216228632282732e+00 1.430597236641038883e+00
3.406666666666666288e+01 1.470077207322003643e+00 1.472174648000521779e+00 1.461152287192017729e+00 1.462828364127412240e+00 1.468514443656425028e+00 1.437929110018733914e+00
3.408333333333334281e+01 1.476788478730419518e+00 1.479199982490591703e+00 1.468055273772324476e+00 1.469326915769107567e+00 1.476191201227130101e+00 1.444371665185798292e+00
3.409999999999999432e+01 1.483462965715415027e+00 1.486278964863024354e+00 1.475453571590183754e+00 1.475825480398315070e+00 1.483054975239386897e+00 1.451894311570503193e+00
3.411666666666666003e+01 1.491500633454570179e+00 1.494037260520298505e+00 1.482285243566110688e+00 1.483350315842681733e+00 1.490493942931183202e+00 1.459070290519846269e+00
3.413333333333333997e+01 1.498178730754293309e+00 1.500517508165967628e+00 1.488894167514101197e+00 1.490004560118901367e+00 1.497177595289663543e+00 1.465176674554203640e+00
3.415000000000000568e+01 1.505263859475290511e+00 1.507896736901175760e+00 1.496774306155198353e+00 1.497284287325904684e+00 1.504860696603276482e+00 1.472424854587112808e+00
3.416666666666665719e+01 1.513450473980677113e+00 1.515763556391210187e+00 1.503434071320593812e+00 1.504376796230458391e+00 1.512084190138311302e+00 1.479985651304729366e+00
3.418333333333333712e+01 1.519324848387056726e+00 1.522108068771010903e+00 1.510143100811822459e+00 1.511408804258446148e+00 1.518974594484646445e+00 1.486691952575434961e+00
3.420000000000000284e+01 1.526482866420638240e+00 1.529837917533416913e+00 1.518259440168277186e+00 1.518854688031466393e+00 1.526445825425396086e+00 1.493973520286941081e+00
3.421666666666666856e+01 1.534425823378078535e+00 1.538332407421482362e+00 1.525784741639420128e+00 1.526077111912173878e+00 1.533609101334072689e+00 1.500880759674953380e+00
3.423333333333333428e+01 1.542213915414589742e+00 1.544025795658089395e+00 1.532006939091307807e+00 1.533352098163573096e+00 1.541867949525156600e+00 1.507970538017099349e+00
3.425000000000000000e+01 1.548411891565210974e+00 1.550870724345059459e+00 1.539112942163933351e+00 1.539933881756895273e+00 1.548712393601466397e+00 1.515119586189591194e+00
3.426666666666666572e+01 1.556422405031123946e+00 1.559576348191466177e+00 1.547063852358133040e+00 1.547299589941845577e+00 1.555345849540874514e+00 1.522238687591460637e+00
3.428333333333333144e+01 1.563690338019953163e+00 1.566554157575401618e+00 1.553326450476890219e+00 1.555389475642973141e+00 1.563091054399603053e+00 1.529433188687081779e+00
3.429999999999999716e+01 1.569132101767244603e+00 1.573020074390785616e+00 1.560414816898366697e+00 1.561787494158975109e+00 1.570170276805080256e+00 1.535797002311298343e+00
3.431666666666666288e+01 1.576214077127563229e+00 1.581388097221936073e+00 1.567871123411910261e+00 1.568413035883717166e+00 1.577882346112084999e+00 1.543491434278329688e+00
3.433333333333334281e+01 1.584574121097304999e+00 1.588664070564299591e+00 1.575442312918863053e+00 1.576641352475921298e+00 1.584848009430475324e+00 1.550734418527660141e+00
3.434999999999999432e+01 1.592397232313615296e+00 1.595398573512153861e+00 1.582885395496139047e+00 1.583455807398034265e+00 1.592086375251265284e+00 1.557132670729094226e+00
3.436666666666666003e+01 1.599139813868835525e+00 1.603036939335137134e+00 1.589653330102537732e+00 1.590205170120618572e+00 1.600489163741251941e+00 1.565380425730297675e+00
3.438333333333333997e+01 1.606638951220901168e+00 1.610919447796612447e+00 1.596746376571779091e+00 1.598156678497898220e+00 1.606924067894687447e+00 1.572447814308933767e+00
3.440000000000000568e+01 1.614655214776581138e+00 1.617585644985979121e+00 1.603940353739573554e+00 1.605122761140691523e+00 1.614138210323542655e+00 1.579289908676889675e+00
3.441666666666665719e+01 1.620897359628317380e+00 1.625210764601718649e+00 1.611702021807137397e+00 1.612197165309791513e+00 1.622230244583809045e+00 1.586095631816617280e+00
3.443333333333333712e+01 1.627014907392742682e+00 1.633017000282163123e+00 1.617934274867217415e+00 1.619862243673302782e+00 1.628977081364384905e+00 1.592176995260592642e+00
3.445000000000000284e+01 1.634514936740037561e+00 1.639112038595780474e+00 1.625036626567218478e+00 1.626803371572702384e+00 1.636346505353853287e+00 1.598770383738926215e+00
3.446666666666666856e+01 1.642953669571100006e+00 1.645818368349935668e+00 1.633522581302550236e+00 1.633388934006833271e+00 1.643265937319987158e+00 1.606060939823554579e+00
3.448333333333333428e+01 1.650129903199347270e+00 1.654528664230877855e+00 1.640485440712491583e+00 1.641437825622720226e+00 1.651269428494085423e+00 1.613567002635886372e+00
3.450000000000000000e+01 1.657553747739912486e+00 1.661731472354973649e+00 1.647492256576633229e+00 1.648423748430584590e+00 1.658917380960199583e+00 1.621921847721190302e+00
3.451666666666666572e+01 1.665046311049038108e+00 1.669350357865775347e+00 1.655155101131595696e+00 1.655086437721075887e+00 1.666050897797391128e+00 1.629355652184908188e+00
3.453333333333333144e+01 1.672124192437489665e+00 1.675752998015231920e+00 1.661764702697594354e+00 1.662887429736661593e+00 1.672902184681672955e+00 1.636745504252548722e+00
3.454999999999999716e+01 1.678466329816608482e+00 1.683204741394849879e+00 1.669272888066334781e+00 1.670153296957802791e+00 1.680511014906035383e+00 1.644532491526134788e+00
3.456666666666666288e+01 1.686281451435488465e+00 1.691850917185800940e+00 1.676982772956289836e+00 1.677544472874480386e+00 1.687879876234130272e+00 1.650783445945475769e+00
3.458333333333334281e+01 1.694451282058364816e+00 1.698849259481209018e+00 1.684374426669474678e+00 1.684858172337524440e+00 1.694394526804631429e+00 1.658565168965487002e+00
3.459999999999999432e+01 1.702219141279469383e+00 1.705994665002559696e+00 1.691224129677765475e+00 1.692005758930276160e+00 1.703524905467799222e+00 1.665666198554105026e+00
3.461666666666666003e+01 1.709904250449286733e+00 1.714690652714790042e+00 1.699377859838524962e+00 1.699573547027626530e+00 1.711200270854142502e+00 1.672420051268128205e+00
3.463333333333333997e+01 1.716262205897234105e+00 1.721684489259853734e+00 1.705803462630254286e+00 1.706351219546049069e+00 1.716728984395779589e+00 1.679807829953675613e+00
3.465000000000000568e+01 1.723349395479542912e+00 1.728398539062777628e+00 1.712931448692853964e+00 1.714833402203643553e+00 1.724443804762461507e+00 1.687823578859653395e+00
3.466666666666665719e+01 1.729571685958659844e+00 1.736698370279038839e+00 1.720904022994215854e+00 1.722496209122637234e+00 1.732392485953356154e+00 1.694321853113559317e+00
3.468333333333333712e+01 1.737655662237056475e+00 1.744339668127584453e+00 1.727671334594166552e+00 1.728133129262413137e+00 1.739521600750473240e+00 1.701316798741550951e+00
3.470000000000000284e+01 1.745808156805846556e+00 1.750384139889793911e+00 1.734410375458736775e+00 1.736425507972184645e+00 1.747780203785381348e+00 1.709258164947459857e+00
3.471666666666666856e+01 1.753205959497281752e+00 1.758154783984623659e+00 1.742182166817854760e+00 1.744043314252348820e+00 1.754720809057959352e+00 1.715292330176708457e+00
3.473333333333333428e+01 1.759803532372916646e+00 1.766499490810733874e+00 1.749129614801034904e+00 1.749434760571419778e+00 1.761963735135030351e+00 1.722616056243133187e+00
3.475000000000000000e+01 1.766514485772334053e+00 1.772815962041611293e+00 1.757052852570822887e+00 1.757193303806980245e+00 1.769266756077732206e+00 1.730051362990848718e+00
3.476666666666666572e+01 1.775352655621214026e+00 1.781219242445725159e+00 1.764628188283077437e+00 1.765974911708088957e+00 1.776609549031958002e+00 1.736827780832952195e+00
3.478333333333333144e+01 1.782841951844690520e+00 1.788036485752884541e+00 1.771825287781675806e+00 1.771779694891459700e+00 1.784547803150235756e+00 1.744425763792439410e+00
3.479999999999999716e+01 1.789479032355562493e+00 1.793486328019866516e+00 1.779005304888745309e+00 1.778959555361392830e+00 1.791787323667960008e+00 1.751322331934863197e+00
3.481666666666666288e+01 1.795502505621126454e+00 1.801387312075136915e+00 1.785950868308110673e+00 1.786783192049101521e+00 1.798776635975435800e+00 1.758692830456105138e+00
3.483333333333334281e+01 1.802921439601359310e+00 1.809800546532754684e+00 1.792971567796519450e+00 1.793061988321426492e+00 1.805783868013649762e+00 1.765668408450787874e+00
3.484999999999999432e+01 1.811032564643532794e+00 1.816458425803910925e+00 1.800293946648863885e+00 1.799512429477297726e+00 1.812973222574627785e+00 1.772811616206269925e+00
3.486666666666666003e+01 1.818305335002417644e+00 1.823195224115689239e+00 1.805751309568094376e+00 1.807342503318914995e+00 1.820399271240947581e+00 1.779849472805508981e+00
3.488333333333333997e+01 1.825268843581734579e+00 1.830888089029080845e+00 1.813368904469345733e+00 1.814444750824798502e+00 1.826296700534309370e+00 1.786544761028489470e+00
3.490000000000000568e+01 1.832256137974719756e+00 1.838603317404455373e+00 1.821958995460019937e+00 1.821273484539816412e+00 1.834025590292400310e+00 1.792298557088316979e+00
3.491666666666665719e+01 1.840186327703017710e+00 1.844980079831441966e+00 1.827645709782633077e+00 1.828959813846503968e+00 1.845094812710046162e+00 1.800090513972030237e+00
3.493333333333333712e+01 1.846541255170539575e+00 1.852825566323816897e+00 1.834995118602539943e+00 1.836024614235854058e+00 1.851500079263561860e+00 1.808531524125083001e+00
3.495000000000000284e+01 1.852617725660790526e+00 1.860191368724040561e+00 1.842967902050796969e+00 1.843337142698553421e+00 1.855061666696042666e+00 1.814940633895357536e+00
3.496666666666666856e+01 1.862345758310166133e+00 1.866404843136910685e+00 1.849191440640009398e+00 1.851439844248372601e+00 1.862396299693185764e+00 1.822308088160709660e+00
3.498333333333333428e+01 1.869684871862988373e+00 1.874172292963248942e+00 1.856300102188656265e+00 1.857279139695701575e+00 1.871126661308633921e+00 1.829061946056137922e+00
3.500000000000000000e+01 1.874182750991924218e+00 1.882139997459896019e+00 1.863845269265841820e+00 1.864168826414277724e+00 1.876151730410700269e+00 1.835440579393825766e+00
3.501666666666666572e+01 1.883303151273770348e+00 1.888964591092504808e+00 1.870355490341957472e+00 1.872328088062237272e+00 1.884714086546680267e+00 1.843339619511487060e+00
3.503333333333333144e+01 1.890713361362454492e+00 1.894183938776173415e+00 1.877658265348692401e+00 1.879204214665244121e+00 1.892533231664255355e+00 1.850235047625739204e+00
3.504999999999999716e+01 1.897554866331521595e+00 1.902244776740660503e+00 1.886415591725302932e+00 1.886228141350704046e+00 1.898661090574158328e+00 1.857012387648897977e+00
3.506666666666666288e+01 1.903610492265111143e+00 1.909979903573309823e+00 1.893217074928871480e+00 1.892941112979561691e+00 1.906622291466552710e+00 1.863943518025762636e+00
3.508333333333334281e+01 1.911196272763959314e+00 1.918648230126539289e+00 1.898549872292834673e+00 1.899499493552167850e+00 1.915112702530853417e+00 1.870015411102208924e+00
3.509999999999999432e+01 1.917921730123519186e+00 1.924254464904991524e+00 1.905406200171513076e+00 1.906900726549203728e+00 1.919173572112052417e+00 1.877392305619261181e+00
3.511666666666666003e+01 1.921869479897333033e+00 1.931641631176981289e+00 1.912505899910831975e+00 1.913789092555167493e+00 1.924658097192835537e+00 1.884723734975789933e+00
3.513333333333333997e+01 1.931058157957613153e+00 1.938339645734348693e+00 1.918960411545119316e+00 1.920907394890891240e+00 1.933382781932067918e+00 1.891803670933787318e+00
3.515000000000000568e+01 1.939949812398106710e+00 1.944462134485384519e+00 1.926243953109989526e+00 1.928116850844675101e+00 1.940345293014758665e+00 1.898543700408204193e+00
3.516666666666665719e+01 1.945820602968250990e+00 1.952548080830714516e+00 1.934862414969937383e+00 1.934928194255884026e+00 1.948709665298905103e+00 1.905022166453581800e+00
3.518333333333333712e+01 1.952837200388711558e+00 1.960131871014018090e+00 1.941503418273350379e+00 1.941312720829997174e+00 1.956951205115595060e+00 1.910833926140685257e+00
3.520000000000000284e+01 1.961622097650045138e+00 1.967740343601434461e+00 1.947088479351975598e+00 1.948436985585132675e+00 1.962213300827116758e+00 1.917348482632545759e+00
3.521666666666666856e+01 1.968022703885556890e+00 1.973721143752005691e+00 1.954739896901082519e+00 1.955596845629031577e+00 1.967700460438214449e+00 1.924403667748579627e+00
3.523333333333333428e+01 1.971945236280927105e+00 1.980922382660915693e+00 1.961875635292724018e+00 1.962493251282694695e+00 1.975699961459303600e+00 1.932373014360982744e+00
3.525000000000000000e+01 1.979581523848327196e+00 1.988622836999753840e+00 1.969306531969273522e+00 1.968169940945120766e+00 1.984185355173123888e+00 1.938917140733428690e+00
3.526666666666666572e+01 1.986687328512720230e+00 1.994711105889486857e+00 1.975510207195303680e+00 1.974625079255906135e+00 1.990390588995222254e+00 1.945125895759344248e+00
3.528333333333333144e+01 1.993180518453202987e+00 2.001582863949872060e+00 1.981101518581835252e+00 1.983129557232540030e+00 1.995831004278841636e+00 1.951805074798362405e+00
3.529999999999999716e+01 2.002282333234607137e+00 2.008678910606987777e+00 1.988600946554757831e+00 1.989358543295639992e+00 2.003434772525739760e+00 1.958578222894413079e+00
3.531666666666666288e+01 2.009794581653444823e+00 2.015849105490292281e+00 1.996588113981301316e+00 1.995486623282401339e+00 2.011092063223403503e+00 1.964372713627186240e+00
3.533333333333334281e+01 2.015533674788286600e+00 2.022768221005169842e+00 2.004283729386381552e+00 2.002828047629677588e+00 2.016526075789903505e+00 1.970414436661971580e+00
3.534999999999999432e+01 2.022203135870324964e+00 2.028287527389260436e+00 2.009180298431145317e+00 2.009714440439270611e+00 2.023910484843065127e+00 1.978865602435553317e+00
3.536666666666666003e+01 2.029459178136372888e+00 2.036168363737606235e+00 2.015282155121169261e+00 2.016169185153156906e+00 2.031569587805188259e+00 1.987040949265288958e+00
3.538333333333333997e+01 2.036296156642396049e+00 2.042958115162388566e+00 2.023885640981168521e+00 2.023845029331054146e+00 2.038874798405451383e+00 1.992392708102097565e+00
3.540000000000000568e+01 2.044068166357769112e+00 2.051133167262056300e+00 2.030488705926243753e+00 2.029908214745291151e+00 2.044849170142422068e+00 1.998366557940341348e+00
3.541666666666665719e+01 2.048809237034467046e+00 2.057918068868839434e+00 2.035631477023062796e+00 2.036463005735431153e+00 2.051447576058842426e+00 2.005538807912999211e+00
3.543333333333333712e+01 2.055059531442429588e+00 2.063501998863685127e+00 2.044000551906758112e+00 2.042227163753683516e+00 2.058793208920700835e+00 2.012122749071529881e+00
3.545000000000000284e+01 2.063106239541847575e+00 2.069959659038651090e+00 2.051378764907758168e+00 2.049825779940247727e+00 2.065146549760377592e+00 2.016166581336749530e+00
3.546666666666666856e+01 2.071290023521554780e+00 2.075291042139945308e+00 2.057188280954423742e+00 2.056356598559486937e+00 2.070686477325939467e+00 2.022751261948438017e+00
3.548333333333333428e+01 2.077788243312841843e+00 2.085184220834011004e+00 2.062108566899835349e+00 2.061618847970031698e+00 2.078997786660173208e+00 2.030743554831265119e+00
3.550000000000000000e+01 2.083519310522171875e+00 2.090842857493111939e+00 2.068542804585764117e+00 2.069555418910531852e+00 2.085112916862683186e+00 2.038080435467181761e+00
3.551666666666666572e+01 2.091481139771965481e+00 2.094704023930566539e+00 2.077678512603612582e+00 2.076794409864406443e+00 2.092312432585448967e+00 2.044450877283136681e+00
3.553333333333333144e+01 2.097718805819673626e+00 2.104293511338958478e+00 2.084970009102233401e+00 2.082899981983410864e+00 2.100047963015816421e+00 2.051608838796432188e+00
3.554999999999999716e+01 2.103582466577494259e+00 2.111940229584667872e+00 2.087085292912638224e+00 2.090149183769295593e+00 2.105470380096467142e+00 2.057468529082586262e+00
3.556666666666666288e+01 2.110525851775078010e+00 2.118208197951527261e+00 2.091650085254672664e+00 2.096080491300058579e+00 2.112054610032629398e+00 2.062741985284035628e+00
3.558333333333334281e+01 2.118352082703849337e+00 2.125815358560484203e+00 2.101061524559640681e+00 2.103987578404416414e+00 2.120739923674435978e+00 2.071795299101047760e+00
3.559999999999999432e+01 2.125872373078269373e+00 2.133803946721437583e+00 2.112696258208549338e+00 2.110753728830652598e+00 2.127248972364781388e+00 2.075647531192074791e+00
3.561666666666666003e+01 2.131857260804944865e+00 2.140322192078013330e+00 2.113223802107134563e+00 2.119230139934242363e+00 2.132809915394766165e+00 2.083789682641859375e+00
3.563333333333333997e+01 2.139416184174014024e+00 2.148556786490667836e+00 2.113840679314189064e+00 2.124723548382599247e+00 2.140900123802191413e+00 2.091292669587722308e+00
3.565000000000000568e+01 2.146394567262193132e+00 2.154614525573148587e+00 2.122255217910655745e+00 2.128364706542802409e+00 2.145706885746899051e+00 2.097967693013250479e+00
3.566666666666665719e+01 2.154037702005735522e+00 2.161332761310885697e+00 2.130411557828128188e+00 2.134336539644547948e+00 2.151653869763882732e+00 2.102849039581915491e+00
3.568333333333333712e+01 2.159986100563415778e+00 2.167659828831166369e+00 2.137853473530452408e+00 2.145514520604808073e+00 2.158790765594048366e+00 2.109349237721220849e+00
3.570000000000000284e+01 2.165096708212717047e+00 2.173989388413720025e+00 2.145818462583234609e+00 2.152854074439135346e+00 2.166946384224940125e+00 2.117546870899834399e+00
3.571666666666666856e+01 2.172136330008221705e+00 2.181259614080306886e+00 2.152652055207309179e+00 2.158643204336450072e+00 2.171295469030055436e+00 2.124820622178645202e+00
3.573333333333333428e+01 2.180273240632776055e+00 2.188692002047671448e+00 2.161463981836452053e+00 2.165629107470436576e+00 2.172095726206610511e+00 2.131242457071457430e+00
3.575000000000000000e+01 2.185163591874326627e+00 2.194262691884108829e+00 2.170329543612471213e+00 2.169686882730346600e+00 2.176653974089590715e+00 2.137625619995045412e+00
3.576666666666666572e+01 2.192502728477665919e+00 2.200773891648221792e+00 2.172997584039974672e+00 2.177376388851149702e+00 2.182687711827283827e+00 2.143045840770471777e+00
3.578333333333333144e+01 2.201083401453455046e+00 2.209832823216190789e+00 2.175904605004787662e+00 2.185075672274672254e+00 2.191911544325944927e+00 2.150416316953716933e+00
3.579999999999999716e+01 2.206643234172632528e+00 2.214897381456529146e+00 2.186653591142030617e+00 2.190372457195816747e+00 2.198234305646129538e+00 2.156583097243998548e+00
3.581666666666666288e+01 2.210813140160015067e+00 2.219571784016593163e+00 2.195870765804319724e+00 2.196230150852938046e+00 2.203070797267968395e+00 2.161797734232682178e+00
3.583333333333334281e+01 2.218166519307021023e+00 2.228231739456354887e+00 2.202541531435400213e+00 2.202791390967636431e+00 2.209597599578440263e+00 2.169063606998211213e+00
3.584999999999999432e+01 2.225718849909734676e+00 2.234884888383355417e+00 2.210988427084997543e+00 2.210512691953270714e+00 2.219490933829149082e+00 2.175826669090614729e+00
3.586666666666666003e+01 2.233494940029829845e+00 2.240057015246960770e+00 2.216724261249710892e+00 2.215630629415922481e+00 2.228907610817592477e+00 2.181320182879741498e+00
3.588333333333333997e+01 2.238388098931445747e+00 2.247103027897504823e+00 2.221924683248314381e+00 2.223401010881384643e+00 2.232500129797598820e+00 2.186653290842103470e+00
3.590000000000000568e+01 2.241809071723670943e+00 2.254480433981076448e+00 2.228013562808167869e+00 2.229918950733159821e+00 2.236558932959319179e+00 2.194284101626102323e+00
3.591666666666665719e+01 2.249770917811254378e+00 2.260212799450471710e+00 2.234346547655550630e+00 2.234445284218455896e+00 2.243254451901697699e+00 2.199969561381034389e+00
3.593333333333333712e+01 2.257528118031537190e+00 2.266135229617192604e+00 2.241799709648362615e+00 2.241788674243355484e+00 2.249086277890824714e+00 2.204295338821353756e+00
3.595000000000000284e+01 2.262807232603246455e+00 2.272648562660766647e+00 2.247137910952828221e+00 2.248857409649464234e+00 2.251137631655409255e+00 2.209028788770877050e+00
3.596666666666666856e+01 2.268746243852050259e+00 2.278542750543421480e+00 2.253158211744550776e+00 2.252775902627290439e+00 2.257950555796360614e+00 2.217004565687423323e+00
3.598333333333333428e+01 2.277470778976197874e+00 2.285189670037376608e+00 2.259969903425275373e+00 2.258841912899644644e+00 2.265569746433842901e+00 2.224345974547647931e+00
3.600000000000000000e+01 2.282387353270846742e+00 2.293408237863514998e+00 2.264193312806163760e+00 2.265421275175425020e+00 2.274659691357041158e+00 2.227176074895383717e+00
3.601666666666666572e+01 2.286654076213589626e+00 2.298813860263192677e+00 2.272247525609130125e+00 2.271565066186385540e+00 2.279836540202895723e+00 2.232382594199487258e+00
3.603333333333333144e+01 2.292035573764557910e+00 2.303172593753350039e+00 2.278868283921968718e+00 2.278338692082360506e+00 2.282501266675309282e+00 2.241318660858797607e+00
3.604999999999999716e+01 2.299555463886344242e+00 2.309826019222026794e+00 2.283509457495010331e+00 2.283042761045064761e+00 2.289787566438897137e+00 2.248051372542382964e+00
3.606666666666666288e+01 2.307089055639948594e+00 2.316491597836083827e+00 2.288302774703806275e+00 2.288920855825289369e+00 2.297077232772045896e+00 2.250618317929017564e+00
3.608333333333334281e+01 2.311341412011918450e+00 2.322795355674693862e+00 2.294591509894570169e+00 2.296202006064299361e+00 2.300698095125626619e+00 2.256485816044065729e+00
3.609999999999999432e+01 2.317963391507633197e+00 2.329327888721391737e+00 2.299936266525352213e+00 2.299096031275952079e+00 2.303399578419589311e+00 2.262049995947731151e+00
3.611666666666666003e+01 2.324553231861322011e+00 2.334234536285192174e+00 2.306131283706716495e+00 2.302144781352402969e+00 2.309657643425197193e+00 2.265581110031702483e+00
3.613333333333333997e+01 2.330389491125241630e+00 2.339498637542357429e+00 2.313696408473252752e+00 2.310361413027910427e+00 2.321728074714991319e+00 2.274183370134285287e+00
3.615000000000000568e+01 2.337005561344686289e+00 2.348332518242234546e+00 2.320518053287941029e+00 2.319229187595745589e+00 2.326865347162508701e+00 2.281347453667154745e+00
3.616666666666665719e+01 2.342363658205861121e+00 2.353373649551290026e+00 2.325204547992715032e+00 2.320513869817971919e+00 2.329844286206996351e+00 2.286409607023093482e+00
3.618333333333333712e+01 2.348895263909931419e+00 2.357283301427737676e+00 2.332669977558355257e+00 2.325223886778896354e+00 2.337361694533594658e+00 2.290163505394751997e+00
3.620000000000000284e+01 2.353538307709640787e+00 2.363892799095911990e+00 2.338384966205115933e+00 2.328769152911496221e+00 2.340988051406845738e+00 2.296460454607987423e+00
3.621666666666666856e+01 2.358912767616097916e+00 2.370305826121164028e+00 2.342986195118600623e+00 2.335677393971934190e+00 2.345608973472780523e+00 2.303438980376636191e+00
3.623333333333333428e+01 2.366688131962471520e+00 2.375653572404420544e+00 2.347164649797012004e+00 2.341151383428440536e+00 2.352431245260984571e+00 2.309436748911010806e+00
3.625000000000000000e+01 2.371534573801312273e+00 2.380829980237030963e+00 2.351982823226768549e+00 2.343175831458879976e+00 2.358078258157028984e+00 2.314491899908250439e+00
3.626666666666666572e+01 2.375721023807951138e+00 2.387592336350772726e+00 2.358790029295573909e+00 2.348758574239337982e+00 2.365667696463833458e+00 2.318942710238431903e+00
3.628333333333333144e+01 2.383517139667007623e+00 2.392552587988519885e+00 2.364753047345480752e+00 2.357542794884760706e+00 2.372237300016186712e+00 2.326113667070807800e+00
3.629999999999999716e+01 2.387881047197134343e+00 2.398101338311077413e+00 2.370840193407144803e+00 2.359408174065560804e+00 2.374520994533290796e+00 2.330914128547176389e+00
3.631666666666666288e+01 2.392877010661979220e+00 2.403773289810823055e+00 2.378484895462941839e+00 2.360918761160710755e+00 2.380472288494659416e+00 2.335440197451650324e+00
3.633333333333334281e+01 2.400070785059757128e+00 2.410592624198867995e+00 2.384247937633255709e+00 2.366319160976380509e+00 2.383969655934720766e+00 2.340157443493883882e+00
3.634999999999999432e+01 2.405549777317029125e+00 2.416313663948815638e+00 2.387487203220713283e+00 2.374397534193088521e+00 2.386810851571838477e+00 2.345256014530058053e+00
3.636666666666666003e+01 2.410501802550371497e+00 2.421781735180932760e+00 2.392739631624365426e+00 2.382015247069493746e+00 2.389797849832078214e+00 2.352059520103684687e+00
3.638333333333333997e+01 2.416576219044919593e+00 2.426173063968357635e+00 2.399765741223490068e+00 2.392300201205951993e+00 2.396758326583334764e+00 2.356383603206949395e+00
3.640000000000000568e+01 2.421490985192898737e+00 2.431486469529339889e+00 2.405462225654181552e+00 2.400130625714245625e+00 2.402598006355022520e+00 2.361907633516063143e+00
3.641666666666665719e+01 2.426539519724976390e+00 2.436293343477473616e+00 2.409218062155896956e+00 2.405615850554831958e+00 2.408150775549093847e+00 2.366771085033390065e+00
3.643333333333333712e+01 2.432106342609908989e+00 2.442826593661851398e+00 2.415989312078965501e+00 2.409518303925532123e+00 2.413849309587129177e+00 2.373052606049818714e+00
3.645000000000000284e+01 2.438006362586281561e+00 2.448588270272384460e+00 2.421821415975538461e+00 2.413113041393236013e+00 2.418990244989589034e+00 2.377341934801468160e+00
3.646666666666666856e+01 2.442668285170923603e+00 2.453612832494994844e+00 2.424947417482927303e+00 2.421971240329974240e+00 2.427657795504225113e+00 2.381561193014151367e+00
3.648333333333333428e+01 2.447816137839670336e+00 2.458596272546355710e+00 2.430773602431896663e+00 2.426722365400822756e+00 2.439045920196275752e+00 2.388785515864997322e+00
3.650000000000000000e+01 2.452317376091873946e+00 2.463628943142075034e+00 2.435870546114930146e+00 2.429173852662590782e+00 2.445201443081033599e+00 2.392466254403039283e+00
3.651666666666666572e+01 2.457359593093247696e+00 2.469749658048768559e+00 2.441099657972118031e+00 2.435812069230482990e+00 2.449923856093323415e+00 2.397215805361323948e+00
3.653333333333333144e+01 2.462065591594500447e+00 2.473506230983613552e+00 2.444983190228180003e+00 2.442766803021545918e+00 2.450909192749092025e+00 2.402774243006392307e+00
3.654999999999999716e+01 2.469405305088252955e+00 2.478681834504317560e+00 2.450978318939723177e+00 2.448669060996513824e+00 2.455297838852708026e+00 2.405971968210401268e+00
3.656666666666666288e+01 2.475594452926923150e+00 2.486612056136316529e+00 2.457659427925146023e+00 2.451716193867715887e+00 2.465437836736383836e+00 2.408552495248020175e+00
3.658333333333334281e+01 2.479166962701434329e+00 2.490479475944280985e+00 2.461463694787876300e+00 2.455931850539324390e+00 2.471423186792051752e+00 2.413211895010435537e+00
3.659999999999999432e+01 2.483005809263732822e+00 2.494962097124779454e+00 2.465422547730326652e+00 2.461245501742157060e+00 2.474904275414119947e+00 2.423364948122325391e+00
3.661666666666666003e+01 2.487816603832236240e+00 2.501763478645779859e+00 2.472775991393235451e+00 2.469314558674820859e+00 2.476779548359992589e+00 2.428442024421892054e+00
3.663333333333333997e+01 2.493245794059851583e+00 2.505413091364586897e+00 2.477299804455623367e+00 2.473470480248545211e+00 2.482846122711255266e+00 2.430246420396075191e+00
3.665000000000000568e+01 2.500814017362447128e+00 2.508839462680256815e+00 2.482301889061908184e+00 2.475911233316827609e+00 2.491972393788730589e+00 2.435992759640513317e+00
3.666666666666665719e+01 2.503329418795409378e+00 2.514999441494270016e+00 2.487329235935622052e+00 2.481374065521146921e+00 2.496921397306306467e+00 2.441437532805442068e+00
3.668333333333333712e+01 2.508740844922641600e+00 2.519861133061604974e+00 2.490551501582888516e+00 2.487939680914517560e+00 2.499036481635356299e+00 2.444824274572843237e+00
3.670000000000000284e+01 2.515595441744719274e+00 2.523867278070453413e+00 2.494893558676889889e+00 2.491265430835866823e+00 2.504893565712340564e+00 2.450666787133432223e+00
3.671666666666666856e+01 2.518551323207625092e+00 2.529301134675346230e+00 2.501780248258484551e+00 2.496975096061204269e+00 2.511800175973021521e+00 2.455828296913042497e+00
3.673333333333333428e+01 2.522174285018459194e+00 2.534426403290449770e+00 2.506783544780355921e+00 2.503255720515515037e+00 2.514283881309339552e+00 2.458837089933400666e+00
3.675000000000000000e+01 2.528852023719224462e+00 2.541449287543118718e+00 2.510715956774942192e+00 2.505655783109630441e+00 2.518772346982631749e+00 2.463895782409792012e+00
3.676666666666666572e+01 2.532310628842778133e+00 2.545810553811843402e+00 2.515373137483809973e+00 2.510590965724126100e+00 2.525059208843461800e+00 2.468806145916173200e+00
3.678333333333333144e+01 2.538044485180098953e+00 2.548210850859388366e+00 2.520399363577471519e+00 2.516457358496021257e+00 2.529959821336448478e+00 2.471872456472441026e+00
3.679999999999999716e+01 2.542615205100370979e+00 2.554537444842389426e+00 2.524120612708641964e+00 2.520965520989090436e+00 2.532089992653854704e+00 2.476447970343364169e+00
3.681666666666666288e+01 2.547888167375452095e+00 2.558872949426672871e+00 2.529308440679566949e+00 2.524692239955938611e+00 2.537427470327568546e+00 2.481779518751251246e+00
3.683333333333334281e+01 2.552723534531236016e+00 2.564460597989486779e+00 2.534668413097524109e+00 2.528631835926473226e+00 2.538092015596074891e+00 2.486367683418437391e+00
3.684999999999999432e+01 2.555719486984539213e+00 2.567304717028106698e+00 2.537564773149211916e+00 2.532109752419297699e+00 2.541121410889489951e+00 2.489428361988495375e+00
3.686666666666666003e+01 2.559962214715561402e+00 2.569612732171729252e+00 2.540955625488587444e+00 2.537300539155526558e+00 2.549815804929393082e+00 2.493050509912805968e+00
3.688333333333333997e+01 2.565470697075242779e+00 2.575475624311026834e+00 2.546709191599140443e+00 2.543087464431246225e+00 2.557108746783329778e+00 2.497871971647497524e+00
3.690000000000000568e+01 2.569842434586366853e+00 2.582031936712063214e+00 2.552878641869731791e+00 2.547541880089295496e+00 2.558487726859680400e+00 2.504599914845206499e+00
3.691666666666665719e+01 2.573075156930853868e+00 2.586251609332638868e+00 2.556246332659106280e+00 2.548552994965609830e+00 2.561195285167504387e+00 2.507723422902709665e+00
3.693333333333333712e+01 2.577817472540409049e+00 2.587558030071841930e+00 2.559924280588554257e+00 2.555446890557491191e+00 2.568072152186994028e+00 2.509624790544518813e+00
3.695000000000000284e+01 2.584075425742219601e+00 2.591869403860819876e+00 2.566719639600234526e+00 2.560191478636595797e+00 2.570743738402418543e+00 2.513577144490793724e+00
3.696666666666666856e+01 2.586685399806694541e+00 2.595912880376256116e+00 2.569198999687769991e+00 2.562969172131362772e+00 2.573131485454231537e+00 2.518361765129299989e+00
3.698333333333333428e+01 2.590501675184631480e+00 2.603340663749702522e+00 2.569710582849066505e+00 2.569348912428945031e+00 2.577588703078721899e+00 2.523497089698586660e+00
3.700000000000000000e+01 2.596450720526408684e+00 2.604985372324963411e+00 2.576375817222999576e+00 2.570884962109878824e+00 2.585586347788980000e+00 2.526952693418350826e+00
3.701666666666666572e+01 2.599269243207841917e+00 2.605293738635952039e+00 2.581420602481685034e+00 2.573816710140911290e+00 2.588497577399634597e+00 2.529799536952385797e+00
3.703333333333333144e+01 2.604936279184339565e+00 2.609265266518213888e+00 2.585619774104973789e+00 2.581747208054925302e+00 2.592581162359194114e+00 2.535225016429172307e+00
3.704999999999999716e+01 2.608105534979764606e+00 2.617813329768260644e+00 2.591591758914298715e+00 2.583585067614536435e+00 2.594071636255478097e+00 2.538643020341804668e+00
3.706666666666666288e+01 2.611939569507230718e+00 2.625855473246916372e+00 2.596283319392115985e+00 2.588690796362385083e+00 2.596731230162834247e+00 2.540141946672064055e+00
3.708333333333334281e+01 2.616007675722194392e+00 2.628649304166231548e+00 2.597682837019743118e+00 2.590187211760960562e+00 2.603755836785745181e+00 2.546485899383716056e+00
3.709999999999999432e+01 2.619586700613191432e+00 2.630752977032375650e+00 2.600702206280866680e+00 2.595026732048568707e+00 2.607473263649665807e+00 2.548760246861846213e+00
3.711666666666666003e+01 2.623536510871853356e+00 2.638795976338649485e+00 2.606704628001220492e+00 2.602228736619933702e+00 2.609025657840244872e+00 2.549045198600729645e+00
3.713333333333333997e+01 2.628008027694087367e+00 2.639944214739654793e+00 2.609583663184618985e+00 2.603091981042138237e+00 2.614423372571559767e+00 2.558224864816466493e+00
3.715000000000000568e+01 2.633661385949423561e+00 2.643278466146683048e+00 2.613392588401973970e+00 2.603254905092071692e+00 2.617652026944831789e+00 2.560967288847686429e+00
3.716666666666665719e+01 2.635657436457882863e+00 2.646274908715217311e+00 2.617491068177650870e+00 2.612880447414098750e+00 2.617673472955285963e+00 2.561624662181022138e+00
3.718333333333333712e+01 2.637740421225917675e+00 2.650940350080679853e+00 2.618297757839419759e+00 2.618262222859931931e+00 2.621932856930254463e+00 2.562666614774868901e+00
3.720000000000000284e+01 2.646050557158808658e+00 2.655228901451931023e+00 2.625670252726630682e+00 2.618176079478570006e+00 2.624425876063373408e+00 2.569894426990432024e+00
3.721666666666666856e+01 2.649021457598194740e+00 2.653966624346935532e+00 2.629249469899155756e+00 2.619505446009761762e+00 2.631982794213368226e+00 2.577500921018256452e+00
3.723333333333333428e+01 2.649498259172372361e+00 2.655044595180938938e+00 2.631676989245696152e+00 2.623398984267616640e+00 2.639829050773713437e+00 2.576506206692572132e+00
3.725000000000000000e+01 2.652864791612927764e+00 2.662110445696252992e+00 2.634916556000240107e+00 2.625724026972751979e+00 2.640630105876950573e+00 2.578437101421614752e+00
3.726666666666666572e+01 2.657233320992417713e+00 2.667205784178666050e+00 2.633581028089179377e+00 2.630892027775618480e+00 2.642383274850880426e+00 2.583277643134683554e+00
3.728333333333333144e+01 2.662215384477271574e+00 2.674408111911599217e+00 2.640301311161565412e+00 2.634691525119034594e+00 2.647828762718887674e+00 2.590199097197757538e+00
3.729999999999999716e+01 2.664936965703399441e+00 2.680740660918529805e+00 2.646603414890678074e+00 2.638480898024853083e+00 2.651552254699640176e+00 2.590773476667607156e+00
3.731666666666666288e+01 2.668053491428202140e+00 2.677301232809417453e+00 2.648180706259824824e+00 2.644308564314608034e+00 2.651851986721197818e+00 2.591754208427667461e+00
3.733333333333334281e+01 2.671225840254132677e+00 2.678555758258960751e+00 2.649627832617173162e+00 2.646834368141491201e+00 2.653896452909737302e+00 2.596810210084219417e+00
3.734999999999999432e+01 2.674886091081491113e+00 2.682753700521899098e+00 2.652824877243941337e+00 2.648140519994210074e+00 2.661994242492167206e+00 2.600349874903424841e+00
3.736666666666666003e+01 2.680009651948669802e+00 2.684646143980573552e+00 2.656048772477422215e+00 2.652116987879396426e+00 2.665939172522190592e+00 2.602345237552324164e+00
3.738333333333333997e+01 2.683107655035092076e+00 2.689441571822418275e+00 2.661706158269603328e+00 2.656188929437062640e+00 2.664169997606138374e+00 2.605501250235927380e+00
3.740000000000000568e+01 2.681164398931653814e+00 2.692533226711707250e+00 2.666902349407773265e+00 2.658451810828807105e+00 2.668274916039866884e+00 2.609247674585339460e+00
3.741666666666665719e+01 2.684920842957616127e+00 2.696144672177969159e+00 2.668605713680463953e+00 2.660733035278380676e+00 2.674302633054377765e+00 2.612715775996411693e+00
3.743333333333333712e+01 2.687570250634742308e+00 2.701064482647655751e+00 2.669996183716717653e+00 2.667028728950797234e+00 2.676963672325622934e+00 2.618508110936043298e+00
3.745000000000000284e+01 2.693575285666376384e+00 2.705869960831026155e+00 2.671275013881347693e+00 2.669501238339390348e+00 2.679408200529465933e+00 2.619616194306806367e+00
3.746666666666666856e+01 2.695279090098948949e+00 2.708187229575031107e+00 2.674642679322284611e+00 2.668505047407879971e+00 2.683795871000670186e+00 2.620307551767496523e+00
3.748333333333333428e+01 2.699620318858545698e+00 2.713899584926982023e+00 2.679712273988006377e+00 2.672167171686754550e+00 2.684283061956148408e+00 2.625401239321051516e+00
3.750000000000000000e+01 2.703211336853342583e+00 2.718224110440029762e+00 2.684540882179846211e+00 2.668127603182351315e+00 2.688047569660237723e+00 2.627967287655037953e+00
3.751666666666666572e+01 2.704527773952001724e+00 2.719590564775852926e+00 2.686933488643079571e+00 2.665511644003666358e+00 2.693400842220831759e+00 2.631098603362898469e+00
3.753333333333333144e+01 2.710288474398808489e+00 2.721436304270612005e+00 2.689807563436249271e+00 2.669422318912840097e+00 2.695614867258782521e+00 2.634683333317676901e+00
3.754999999999999716e+01 2.714498878377384461e+00 2.722935614645423552e+00 2.694547033184067519e+00 2.673707818665855829e+00 2.695844646241735365e+00 2.635348832270207886e+00
3.756666666666666288e+01 2.719252119342603358e+00 2.725179941893603353e+00 2.693665888919471563e+00 2.680566846880857224e+00 2.699987931022896692e+00 2.639062403539079948e+00
3.758333333333334281e+01 2.716698610131168756e+00 2.724734294076956775e+00 2.696058678517372798e+00 2.682632712197708269e+00 2.704814700565311369e+00 2.643636730028029902e+00
3.759999999999999432e+01 2.718719492519434677e+00 2.727955024616943280e+00 2.700795760608077245e+00 2.682326346520320648e+00 2.706952924739983057e+00 2.646692100098045675e+00
3.761666666666666003e+01 2.724443077892609644e+00 2.735417406966746512e+00 2.706951131663062782e+00 2.687987837196950558e+00 2.707225853838877594e+00 2.647972228771494851e+00
3.763333333333333997e+01 2.728751834628256656e+00 2.737093896163805162e+00 2.712262197595518121e+00 2.686990250167747174e+00 2.710647221483239555e+00 2.648370471180242713e+00
3.765000000000000568e+01 2.727837961916787624e+00 2.732017955655982266e+00 2.709450828170757219e+00 2.686524329229324604e+00 2.714270634582653052e+00 2.653560082207614634e+00
3.766666666666665719e+01 2.732272290225688849e+00 2.732043863173403420e+00 2.713096308455092753e+00 2.685716213160191490e+00 2.714712881230106678e+00 2.656658872552718709e+00
3.768333333333333712e+01 2.739270993889212136e+00 2.742862170380190534e+00 2.715850512008998852e+00 2.688527295845539289e+00 2.717096803457380361e+00 2.656399696089072116e+00
3.770000000000000284e+01 2.737657337296241611e+00 2.753148415247606451e+00 2.718576409569937180e+00 2.694993634449903919e+00 2.721948656363510466e+00 2.658958301424133808e+00
3.771666666666666856e+01 2.737429986592424758e+00 2.754131126350499947e+00 2.725957837143926810e+00 2.701580176400601108e+00 2.725061870710568268e+00 2.662829838507759561e+00
3.773333333333333428e+01 2.739634252861561148e+00 2.752186118812160132e+00 2.726063794904403093e+00 2.709536288064787080e+00 2.727038602224276076e+00 2.664949322904516027e+00
3.775000000000000000e+01 2.745318588955052874e+00 2.757306662356167060e+00 2.722696143331424068e+00 2.712193524833292901e+00 2.727322130522396026e+00 2.666374980859647081e+00
3.776666666666666572e+01 2.747876889843905879e+00 2.761408635302758707e+00 2.727996546412924772e+00 2.722145469406051621e+00 2.729703631318134427e+00 2.667094329789474916e+00
3.778333333333333144e+01 2.743978114388991862e+00 2.755723516180859534e+00 2.730376166449345998e+00 2.723427837588263678e+00 2.733514271751484870e+00 2.666561623785256518e+00
3.779999999999999716e+01 2.746166596690613471e+00 2.756095146427428588e+00 2.732545500908541758e+00 2.723795739116824599e+00 2.733710557343115077e+00 2.670347196203147533e+00
3.781666666666666288e+01 2.754062976440482480e+00 2.760330012797427734e+00 2.738035231052858176e+00 2.723210950581844703e+00 2.733799876373244953e+00 2.674360736553966333e+00
3.783333333333334281e+01 2.757772940470365253e+00 2.759869198611480279e+00 2.734949291185700737e+00 2.723889553182068379e+00 2.738605357175543986e+00 2.675090851835137506e+00
3.784999999999999432e+01 2.761540877326118970e+00 2.757576081447255412e+00 2.736893750001869297e+00 2.726406827571412173e+00 2.737484111297045608e+00 2.677057540447478790e+00
3.786666666666666003e+01 2.762374035160298114e+00 2.761844681747969155e+00 2.741398103543633002e+00 2.730909906212033889e+00 2.737838012065251458e+00 2.681678347798670092e+00
3.788333333333333997e+01 2.763520194983735578e+00 2.761744425608541498e+00 2.741985978385751199e+00 2.734794564971876785e+00 2.741990285673896910e+00 2.682083173329433023e+00
3.790000000000000568e+01 2.762899068269970115e+00 2.767913681664098124e+00 2.746220088112253599e+00 2.733807196037943310e+00 2.743197828175710562e+00 2.681999997682512848e+00
3.791666666666665719e+01 2.765725288383975577e+00 2.768940471003157100e+00 2.750502147336716163e+00 2.736902817232799823e+00 2.744863304125005676e+00 2.683114911482431975e+00
3.793333333333333712e+01 2.768402743074970029e+00 2.772418377485434515e+00 2.748361214910609807e+00 2.741984852451149202e+00 2.748316377912229047e+00 2.685191276959602913e+00
3.795000000000000284e+01 2.770203780551385719e+00 2.775078749027552139e+00 2.747374604429227318e+00 2.742554706008301757e+00 2.750283929458557264e+00 2.689908028604993895e+00
3.796666666666666856e+01 2.771013669684061043e+00 2.770864717684031753e+00 2.752512578832390755e+00 2.743923122422623706e+00 2.753102659724012913e+00 2.687218161004568451e+00
3.798333333333333428e+01 2.774079434785190923e+00 2.771068817243728777e+00 2.750933749695950947e+00 2.745570973469724674e+00 2.754688395510176857e+00 2.685997933919568759e+00
3.800000000000000000e+01 2.771915210518536732e+00 2.772258170724783088e+00 2.749661559800324007e+00 2.745650163453878356e+00 2.755705583082106003e+00 2.692783172838433270e+00
3.801666666666666572e+01 2.775781226927465983e+00 2.776300452213707803e+00 2.754890383524480235e+00 2.749421815311722472e+00 2.755803889920684036e+00 2.696676175509369777e+00
3.803333333333333144e+01 2.780635801824231201e+00 2.778150878693841808e+00 2.759112389775923990e+00 2.749533482447866994e+00 2.757705404010188488e+00 2.695648313200792678e+00
3.804999999999999716e+01 2.776502239313127340e+00 2.784242870269859615e+00 2.758755983231113262e+00 2.750614062745595501e+00 2.761610161569776789e+00 2.696862171133466379e+00
3.806666666666666288e+01 2.781499646200089604e+00 2.791465278099936498e+00 2.761870994360073439e+00 2.752961221975306128e+00 2.756211240840309440e+00 2.699781532136089623e+00
3.808333333333334281e+01 2.785048059434292345e+00 2.793679856697011576e+00 2.764365144549652875e+00 2.755702800204436365e+00 2.755338529690332550e+00 2.699857265792272365e+00
3.809999999999999432e+01 2.784643044601618822e+00 2.796134046436942189e+00 2.763704679038276435e+00 2.756110565110877264e+00 2.757997018530895517e+00 2.702522825386421967e+00
3.811666666666666003e+01 2.788165168760917911e+00 2.800410727540834088e+00 2.763405217923991852e+00 2.758140329920012679e+00 2.764065900035625578e+00 2.705048779665070846e+00
3.813333333333333997e+01 2.791874186046589656e+00 2.805901705518027089e+00 2.769164215829946762e+00 2.758812136929510661e+00 2.767023845218001377e+00 2.704286375030431788e+00
3.815000000000000568e+01 2.794276237533427132e+00 2.804464907013904273e+00 2.771324360412464660e+00 2.762021497317086904e+00 2.768117403715317337e+00 2.706955815140450916e+00
3.816666666666665719e+01 2.793298568367506451e+00 2.801701189217609134e+00 2.761043964584887878e+00 2.761284146910099935e+00 2.771180530918431639e+00 2.707944778160527477e+00
3.818333333333333712e+01 2.793840400434794535e+00 2.801255880582642632e+00 2.763648605496445310e+00 2.761047535163122735e+00 2.768334025306162349e+00 2.708167296967698867e+00
3.820000000000000284e+01 2.793914450694882312e+00 2.806038440700120429e+00 2.767178017822055747e+00 2.767398840146585659e+00 2.772502377545515095e+00 2.709941715803114270e+00
3.821666666666666856e+01 2.796256987033701069e+00 2.812806572362239965e+00 2.764295573271239093e+00 2.764700733029417545e+00 2.773689971786195585e+00 2.711238772076041137e+00
3.823333333333333428e+01 2.803153997151157650e+00 2.811911037337731845e+00 2.768777648033170724e+00 2.765446846467294328e+00 2.770888368439494709e+00 2.712922976691659382e+00
3.825000000000000000e+01 2.800555235071410021e+00 2.809733878779217431e+00 2.770736873384059606e+00 2.770376274023064411e+00 2.775395484416969705e+00 2.713418202052237049e+00
3.826666666666666572e+01 2.800656409716749895e+00 2.813532961933099319e+00 2.771110616714472563e+00 2.768344066473269471e+00 2.777835137361056361e+00 2.714663971388372676e+00
3.828333333333333144e+01 2.808539624840314719e+00 2.814419000856791975e+00 2.770942130003653414e+00 2.769254027794456618e+00 2.779908902084064160e+00 2.714478983772987242e+00
3.829999999999999716e+01 2.803039089790242411e+00 2.816183242357634953e+00 2.774102492486165694e+00 2.773599917567113327e+00 2.782827054254188859e+00 2.716672656469142133e+00
3.831666666666666288e+01 2.804642945305625634e+00 2.818985208969164269e+00 2.777531736045280031e+00 2.772415343337029547e+00 2.781126506392055830e+00 2.718532130761571075e+00
3.833333333333334281e+01 2.809820483091226340e+00 2.819218874426403065e+00 2.781230141514481780e+00 2.774014658022986524e+00 2.777275153460042834e+00 2.719561997225082628e+00
3.834999999999999432e+01 2.807745034248976257e+00 2.817459177569785034e+00 2.790091499308462453e+00 2.776012574792564802e+00 2.780186019720813029e+00 2.718116320711723599e+00
3.836666666666666003e+01 2.807210452773040377e+00 2.816989314781578990e+00 2.792481622454405343e+00 2.777293465584093290e+00 2.785928633673948607e+00 2.719874561446820493e+00
3.838333333333333997e+01 2.812853298846911709e+00 2.819016563382214180e+00 2.786377525233548091e+00 2.775664219900050522e+00 2.783455101100708262e+00 2.723498435385719230e+00
3.840000000000000568e+01 2.811572491451244993e+00 2.824587320630038256e+00 2.783847312307913047e+00 2.777624464702354246e+00 2.782868645108012462e+00 2.717310565427124125e+00
3.841666666666665719e+01 2.809137833855029243e+00 2.825350310714104474e+00 2.785785859923080476e+00 2.781875824731283586e+00 2.785798051990182600e+00 2.718404410361943579e+00
3.843333333333333712e+01 2.812487397456847837e+00 2.823017616297978982e+00 2.787449371660040143e+00 2.780266553421856912e+00 2.787081384240597703e+00 2.722682794062778466e+00
3.845000000000000284e+01 2.814964691937658969e+00 2.824412380402170797e+00 2.791316678980026555e+00 2.779059949738039492e+00 2.789308836979565775e+00 2.722400057647559102e+00
3.846666666666666856e+01 2.814692008393415712e+00 2.826109259411499597e+00 2.794139413957265727e+00 2.780426009906519447e+00 2.788358909429267118e+00 2.723705566207577977e+00
3.848333333333333428e+01 2.814539519763797681e+00 2.829535303887844133e+00 2.793420246857073241e+00 2.781195955665322739e+00 2.788627206302845440e+00 2.726944613567214404e+00
3.850000000000000000e+01 2.817585221929502115e+00 2.826803566037323190e+00 2.795031272503214925e+00 2.784303455485245937e+00 2.791057900501174860e+00 2.726384741979924531e+00
3.851666666666666572e+01 2.816631460713804103e+00 2.823743774163741005e+00 2.794716387079408726e+00 2.784918380522916515e+00 2.790823017990600619e+00 2.724659000783631768e+00
3.853333333333333144e+01 2.818307109486810624e+00 2.829610251335639592e+00 2.794533249009944598e+00 2.783123571833798326e+00 2.790826191850287241e+00 2.728669156874221624e+00
3.854999999999999716e+01 2.818018511488177502e+00 2.830772427731151453e+00 2.797430089025831901e+00 2.786153025654545701e+00 2.791149292746858190e+00 2.728624532699603034e+00
3.856666666666666288e+01 2.818935247825204105e+00 2.830201643331460737e+00 2.797920565768883261e+00 2.787314619512538005e+00 2.793147945165938228e+00 2.726313917917505769e+00
3.858333333333334281e+01 2.822812779575173625e+00 2.831100063327800953e+00 2.797699136916183882e+00 2.782779302587141235e+00 2.792091950570171122e+00 2.728138842180748647e+00
3.859999999999999432e+01 2.820668253251010782e+00 2.831834423511780496e+00 2.800548561074004628e+00 2.785063437050985247e+00 2.792932131540021512e+00 2.726572873156532406e+00
3.861666666666666003e+01 2.819809820447600757e+00 2.834321334941077630e+00 2.798393059540886352e+00 2.787109338057815577e+00 2.794979497173358585e+00 2.727002305123000347e+00
3.863333333333333997e+01 2.823865611400427245e+00 2.832201706502483152e+00 2.797988241816926624e+00 2.787767886709105802e+00 2.795519820231818553e+00 2.731088629996902384e+00
3.865000000000000568e+01 2.823295525763058755e+00 2.831768017970418772e+00 2.799612396500888778e+00 2.788046066247363175e+00 2.792898728337700920e+00 2.732776466267484494e+00
3.866666666666665719e+01 2.821707686080238808e+00 2.836442892704223340e+00 2.800891588897614692e+00 2.788854443321928223e+00 2.796729590737553561e+00 2.729929628076726456e+00
3.868333333333333712e+01 2.822687382504561526e+00 2.836313990239537564e+00 2.797543425049810573e+00 2.788427727223532049e+00 2.797932175924266573e+00 2.728894338275027920e+00
3.870000000000000284e+01 2.824318833456706646e+00 2.834075867439421526e+00 2.796048049766027166e+00 2.783071159691438368e+00 2.794195166503695482e+00 2.731751523096547452e+00
3.871666666666666856e+01 2.824521334033123221e+00 2.834321439517301311e+00 2.799952383114819643e+00 2.783922421774492673e+00 2.796456272888489192e+00 2.732577855969462011e+00
3.873333333333333428e+01 2.824752427916660036e+00 2.836084914383882882e+00 2.801398929742970889e+00 2.783818593674488806e+00 2.794784898894343783e+00 2.731320780089200095e+00
3.875000000000000000e+01 2.825017489161948614e+00 2.837574703808563914e+00 2.800768957454978114e+00 2.782159637352091597e+00 2.794589386372362316e+00 2.731648780701646739e+00
3.876666666666666572e+01 2.826132243643493247e+00 2.834784997782499261e+00 2.802411842593584446e+00 2.784816494125039288e+00 2.795836095700144686e+00 2.732449289686933014e+00
3.878333333333333144e+01 2.825832853350289664e+00 2.832517565703702722e+00 2.805347380042396033e+00 2.778481766492105542e+00 2.796427251131220704e+00 2.733350417028208579e+00
3.879999999999999716e+01 2.823942257752421359e+00 2.835202550799398313e+00 2.801881907372860248e+00 2.779446283669560813e+00 2.800808299343634733e+00 2.732128062520767120e+00
3.881666666666666288e+01 2.825708310200859330e+00 2.836598100913131582e+00 2.797982569426545663e+00 2.781240693786311891e+00 2.798289459828753323e+00 2.730647899925687572e+00
3.883333333333334281e+01 2.825523237283448896e+00 2.826696492534277461e+00 2.795547410779227526e+00 2.782043261709135074e+00 2.793047687027722326e+00 2.730727296126975734e+00
3.884999999999999432e+01 2.825193474743561861e+00 2.822952613796180454e+00 2.794850262507389882e+00 2.780461170337036325e+00 2.798821122603093237e+00 2.732955428079810289e+00
3.886666666666666003e+01 2.828363168219427237e+00 2.828175677781367803e+00 2.793822807360862193e+00 2.782766337716759519e+00 2.798529129406821525e+00 2.730724495012313291e+00
3.888333333333333997e+01 2.828776434853237376e+00 2.825780984959422426e+00 2.791628892679804963e+00 2.790078420390620817e+00 2.796775185428531874e+00 2.731123226089622769e+00
3.890000000000000568e+01 2.826553090495825149e+00 2.824548339908552030e+00 2.785711891418149122e+00 2.787561951787687065e+00 2.791190325360634272e+00 2.729889602983970764e+00
3.891666666666665719e+01 2.824765958890303352e+00 2.828505135593514908e+00 2.790526189051744321e+00 2.775941040314266584e+00 2.792132660537059330e+00 2.730264088849135629e+00
3.893333333333333712e+01 2.826585977191923504e+00 2.826395585995808091e+00 2.795522143983635299e+00 2.771691072762581420e+00 2.792591980788099892e+00 2.726196403252904243e+00
3.895000000000000284e+01 2.826989462453401103e+00 2.825965930477366772e+00 2.793862506620850006e+00 2.777071352558242001e+00 2.790159686241880710e+00 2.725616455993369769e+00
3.896666666666666856e+01 2.826196526410435617e+00 2.824562809299955290e+00 2.793870934856848454e+00 2.788574002269474050e+00 2.794725669604818830e+00 2.730321172344480019e+00
3.898333333333333428e+01 2.824956549424409769e+00 2.824529836286179041e+00 2.791848383274616374e+00 2.795281044373648438e+00 2.795579285642929346e+00 2.730014582152645808e+00
3.900000000000000000e+01 2.823605709379748419e+00 2.825736275526253838e+00 2.790586870071007031e+00 2.788402505952555011e+00 2.793850769022750757e+00 2.729751565468751195e+00
3.901666666666666572e+01 2.823585133823878657e+00 2.828046585611597497e+00 2.795224370632275246e+00 2.786257744699880856e+00 2.792608901214091777e+00 2.729773258623425569e+00
3.903333333333333144e+01 2.823720133051752512e+00 2.823350953512035133e+00 2.801812294620295685e+00 2.785957878756893713e+00 2.789017600445179212e+00 2.723610344140616313e+00
3.904999999999999716e+01 2.824214055953335745e+00 2.818731212760846372e+00 2.797120501680159244e+00 2.786351051211773289e+00 2.789823520761774311e+00 2.721929148334301107e+00
3.906666666666666288e+01 2.823553586729399267e+00 2.819209618649161975e+00 2.786844554160716747e+00 2.788116587277873926e+00 2.792009949297860505e+00 2.725692541332328300e+00
3.908333333333334281e+01 2.821984163146809887e+00 2.823789214947203696e+00 2.784359772250981635e+00 2.786739186693008463e+00 2.793990473939609753e+00 2.722472077545936120e+00
3.909999999999999432e+01 2.821198726040504923e+00 2.823064245441747833e+00 2.790050709447033928e+00 2.786437132994911359e+00 2.791009624435967229e+00 2.723662706903373198e+00
3.911666666666666003e+01 2.821822711665865846e+00 2.821657022450543284e+00 2.792101628338873542e+00 2.785819646785493209e+00 2.789484614937930207e+00 2.725747470816830553e+00
3.913333333333333997e+01 2.820578808137248483e+00 2.821862190468609644e+00 2.793273697939367306e+00 2.784338327674654057e+00 2.792536687938227846e+00 2.722046655602685217e+00
3.915000000000000568e+01 2.815687676937428385e+00 2.825142567590190001e+00 2.796356029496978923e+00 2.781543507407386429e+00 2.790470957989744871e+00 2.718939312141549713e+00
3.916666666666665719e+01 2.816304122960139100e+00 2.826705219340194475e+00 2.800432242051072329e+00 2.781636522167484138e+00 2.785975500414057393e+00 2.720402349257690755e+00
3.918333333333333712e+01 2.819294442504947540e+00 2.825666015363400785e+00 2.794786371992467267e+00 2.779885351411820693e+00 2.785994599415667849e+00 2.721220615002874155e+00
3.920000000000000284e+01 2.818813947747259352e+00 2.822196188322031674e+00 2.791165033115174943e+00 2.780105103697949165e+00 2.786420897077514613e+00 2.721157842302750929e+00
3.921666666666666856e+01 2.817002943691730543e+00 2.822104155158866590e+00 2.794342590537787885e+00 2.780210362837652216e+00 2.784766768118890123e+00 2.716811275736723097e+00
3.923333333333333428e+01 2.814232199808230472e+00 2.826530081835441521e+00 2.791997981202901435e+00 2.780444569808694144e+00 2.784174558521023801e+00 2.717025780830192527e+00
3.925000000000000000e+01 2.814968237605536494e+00 2.827419570035883734e+00 2.789120837845962431e+00 2.775787622171181468e+00 2.785152142374185846e+00 2.716796465608463329e+00
3.926666666666666572e+01 2.814039645210361762e+00 2.823631309462666383e+00 2.788981723337059737e+00 2.776743895461909695e+00 2.783996656600040698e+00 2.714697989187879301e+00
3.928333333333333144e+01 2.812834990716239325e+00 2.822433889831547749e+00 2.787332932292902576e+00 2.775675598877548556e+00 2.779880533177119695e+00 2.713720163716603295e+00
3.929999999999999716e+01 2.808023737958512012e+00 2.821191561372593970e+00 2.785824623262118660e+00 2.773829362986294900e+00 2.778230915120381450e+00 2.711694485707010660e+00
3.931666666666666288e+01 2.809236977487700404e+00 2.820598226987366619e+00 2.783754984077075001e+00 2.768684216673833909e+00 2.778616368515466561e+00 2.711397030197960856e+00
3.933333333333334281e+01 2.808699840444744300e+00 2.819209834697909756e+00 2.784265729120718902e+00 2.767152314453871664e+00 2.780050529750752286e+00 2.710197372576536257e+00
3.934999999999999432e+01 2.802518580431497597e+00 2.817751512362481225e+00 2.785186927000878221e+00 2.771671069321923309e+00 2.777236007704777521e+00 2.709262714764966162e+00
3.936666666666666003e+01 2.804180086492668700e+00 2.818461209262084655e+00 2.785255180100581818e+00 2.771180024207940740e+00 2.771777268227985314e+00 2.706854321126506591e+00
3.938333333333333997e+01 2.807026888692030653e+00 2.817011752034481287e+00 2.781055573656620261e+00 2.769958390892234057e+00 2.772436628725152730e+00 2.705766966031594833e+00
3.940000000000000568e+01 2.805117266833919043e+00 2.813280085469572089e+00 2.778548652811790642e+00 2.767289832993396370e+00 2.771766705012474130e+00 2.704624723546906750e+00
3.941666666666665719e+01 2.801179686060120133e+00 2.813040697790829547e+00 2.775230440979409074e+00 2.761709885316997681e+00 2.767862448962644439e+00 2.701704863708621396e+00
3.943333333333333712e+01 2.798088759485052091e+00 2.810470788101590678e+00 2.771351169867333208e+00 2.761487974235234066e+00 2.767346590800246808e+00 2.696939672840301672e+00
3.945000000000000284e+01 2.799059094382335022e+00 2.809514198120651063e+00 2.769026437106566263e+00 2.762731140054709655e+00 2.766926118986533290e+00 2.696037986106348594e+00
3.946666666666666856e+01 2.799331510113665100e+00 2.810338506240165124e+00 2.768896145103890039e+00 2.758843181687440804e+00 2.764708490288764420e+00 2.696947643920843518e+00
3.948333333333333428e+01 2.798726327861492447e+00 2.808508272780299908e+00 2.765350147588073071e+00 2.759155564377975711e+00 2.764186096036147955e+00 2.694732522103246097e+00
3.950000000000000000e+01 2.792723585065847391e+00 2.805201218204537383e+00 2.760945096320707837e+00 2.757328561357650365e+00 2.761724571955141982e+00 2.694336254101175054e+00
3.951666666666666572e+01 2.789443285379415105e+00 2.805577687878305859e+00 2.760886914215681109e+00 2.756495954712173457e+00 2.761509012951926856e+00 2.691589478728685592e+00
3.953333333333333144e+01 2.790132666404812056e+00 2.804662410637770442e+00 2.767877205781971384e+00 2.755614871239937536e+00 2.760107960994068854e+00 2.688676080038943095e+00
3.954999999999999716e+01 2.788425576564879549e+00 2.802561340300876225e+00 2.762233603049899955e+00 2.752536396130647489e+00 2.755900551237028484e+00 2.689645215004710543e+00
3.956666666666666288e+01 2.787858198089900430e+00 2.802476946524131041e+00 2.758467932920900534e+00 2.752540019525459680e+00 2.757712642335887754e+00 2.691160303178603108e+00
3.958333333333334281e+01 2.784524128683000921e+00 2.800205631906806936e+00 2.762537721113988542e+00 2.751731037624726373e+00 2.755612248867036040e+00 2.690507552607101172e+00
3.959999999999999432e+01 2.786269201655836358e+00 2.797252447224643390e+00 2.761601500922393981e+00 2.746643679937130766e+00 2.750305110273766118e+00 2.685784426418699411e+00
3.961666666666666003e+01 2.782841511556757741e+00 2.795744258971845309e+00 2.759284643279472427e+00 2.745761045258225064e+00 2.750734126876313468e+00 2.684387162943207894e+00
3.963333333333333997e+01 2.774927283419097446e+00 2.795214912554814912e+00 2.757705832160818105e+00 2.745307305087972161e+00 2.749959135331422111e+00 2.685399068065927430e+00
3.965000000000000568e+01 2.771727264301057758e+00 2.794702928735652847e+00 2.756267871885452081e+00 2.744707995473668838e+00 2.748162074105639618e+00 2.680593319104537908e+00
3.966666666666665719e+01 2.768866735881674757e+00 2.790016753146413286e+00 2.754183178726839376e+00 2.740599309204502010e+00 2.746089025103104042e+00 2.678144220118103380e+00
3.968333333333333712e+01 2.770778360429585696e+00 2.788096112582615138e+00 2.753867765566320180e+00 2.738690092163444945e+00 2.745309013924257968e+00 2.678476726154943588e+00
3.970000000000000284e+01 2.771395928433072697e+00 2.786718646107518182e+00 2.751328688579232296e+00 2.739062909629944809e+00 2.741961970685558914e+00 2.675628561426010243e+00
3.971666666666666856e+01 2.769676901171918892e+00 2.783407582203732300e+00 2.748224349028185465e+00 2.733958899367504802e+00 2.739601012502262734e+00 2.671421122265045245e+00
3.973333333333333428e+01 2.769044920906354346e+00 2.782999600777624760e+00 2.747825130368502400e+00 2.733199940476860768e+00 2.736193020361298078e+00 2.669911778075900077e+00
3.975000000000000000e+01 2.765213222622008526e+00 2.780540249734025249e+00 2.746510369954410002e+00 2.734303643607265855e+00 2.734329570183994473e+00 2.669062315462222834e+00
3.976666666666666572e+01 2.763926965655256751e+00 2.777469416695720561e+00 2.739273621318390806e+00 2.729469383240885172e+00 2.735117044789139307e+00 2.665541547139465006e+00
3.978333333333333144e+01 2.767925168895784882e+00 2.776085622253212648e+00 2.736088869231648957e+00 2.726420453388401111e+00 2.732859567282641677e+00 2.664518865004195991e+00
3.979999999999999716e+01 2.763572975399710696e+00 2.775590144612998689e+00 2.736826976974200853e+00 2.726124447635920767e+00 2.730397545912087498e+00 2.663304972987568853e+00
3.981666666666666288e+01 2.756485752337807238e+00 2.770556148417979259e+00 2.737415425860767471e+00 2.722586403634063235e+00 2.725547096183041251e+00 2.659640415206838693e+00
3.983333333333334281e+01 2.755140335729954870e+00 2.769077438447780537e+00 2.731315571545164467e+00 2.717620894639430240e+00 2.723753376737315879e+00 2.657572095840128323e+00
3.984999999999999432e+01 2.754732613359993199e+00 2.767747901051552439e+00 2.725125170674006281e+00 2.715814150925711878e+00 2.724448822692548067e+00 2.654302288706087420e+00
3.986666666666666003e+01 2.752932088286855095e+00 2.761885915930801794e+00 2.725672085843073411e+00 2.714946299022086507e+00 2.719490520670289069e+00 2.652453291847211680e+00
3.988333333333333997e+01 2.749731636722069439e+00 2.759420792067709627e+00 2.729365837925326943e+00 2.711837099627329550e+00 2.713894869015615718e+00 2.649696553277502531e+00
3.990000000000000568e+01 2.745971271091356414e+00 2.757806920905904402e+00 2.726739353452329429e+00 2.709976921531139560e+00 2.713194126819929330e+00 2.647110857493442992e+00
3.991666666666665719e+01 2.742898118873808855e+00 2.754755998205030032e+00 2.718882939544610355e+00 2.708702495440447500e+00 2.710658700904116536e+00 2.642871745608441625e+00
3.993333333333333712e+01 2.740962453113849673e+00 2.751691138657741398e+00 2.714969490206867064e+00 2.703909883812664727e+00 2.707418773180855442e+00 2.640093714226321442e+00
3.995000000000000284e+01 2.738998107119329894e+00 2.749966971323185128e+00 2.712384107991265392e+00 2.699186222840083804e+00 2.709129162999527107e+00 2.640162296467592373e+00
3.996666666666666856e+01 2.735858605583880276e+00 2.748662551949781818e+00 2.710209371621340679e+00 2.696989139578416239e+00 2.701158764068330331e+00 2.634276291750079046e+00
3.998333333333333428e+01 2.733084611650809848e+00 2.743141911553199197e+00 2.710665560227697224e+00 2.694992874269208194e+00 2.698696576216675247e+00 2.629473247044926687e+00
4.000000000000000000e+01 2.731686591525334329e+00 2.738151639508238588e+00 2.707803309967977690e+00 2.691688998329217153e+00 2.693429561128446448e+00 2.629245905404561157e+00
4.001666666666666572e+01 2.724382369831614525e+00 2.737504639512523763e+00 2.701287159392780080e+00 2.688274891190727267e+00 2.689898647212771277e+00 2.628770592735111045e+00
4.003333333333333144e+01 2.719924772305064131e+00 2.734311919400578716e+00 2.699930062308606882e+00 2.687305931958081651e+00 2.690678246535218587e+00 2.622873576660021744e+00
4.004999999999999716e+01 2.721518833341096233e+00 2.733615867633431229e+00 2.693556675751570761e+00 2.680137966818896711e+00 2.689058796722622713e+00 2.619253520208426167e+00
4.006666666666666288e+01 2.718270362455545097e+00 2.730894137821496592e+00 2.690778740631556865e+00 2.678012480966080133e+00 2.683837184888440586e+00 2.618059311423130975e+00
4.008333333333334281e+01 2.715503898859124909e+00 2.720196454849969303e+00 2.691500257855497846e+00 2.677444901031776237e+00 2.677323670631387653e+00 2.612106012531246080e+00
4.009999999999999432e+01 2.712120852256194592e+00 2.714067779611291087e+00 2.686836124394776704e+00 2.671126599696338033e+00 2.669436308451582640e+00 2.607563304702928075e+00
4.011666666666666003e+01 2.706018392812757245e+00 2.712365884889883283e+00 2.681102250571215873e+00 2.667699628265673084e+00 2.664142198610620849e+00 2.606398126798184389e+00
4.013333333333333997e+01 2.703618606344349029e+00 2.708089616830661406e+00 2.679286076158038821e+00 2.667504218627042789e+00 2.659278773822168596e+00 2.604313405028513273e+00
4.015000000000000568e+01 2.701164747935427712e+00 2.702100971582817479e+00 2.676253914066892392e+00 2.663941052282551070e+00 2.655018132457726665e+00 2.599474989712644568e+00
4.016666666666665719e+01 2.695999492837729328e+00 2.701978614724061867e+00 2.671352393632816735e+00 2.658428119321931682e+00 2.652436637585063650e+00 2.597130138599200944e+00
4.018333333333333712e+01 2.693124944165920187e+00 2.695681170365652246e+00 2.667784520344048005e+00 2.654323208612570983e+00 2.651148377392457345e+00 2.592958123454097041e+00
4.020000000000000284e+01 2.688961572399253708e+00 2.686598363149234281e+00 2.666419065031872204e+00 2.652635427943047741e+00 2.649593853486676753e+00 2.590321451508235118e+00
4.021666666666666856e+01 2.686382135180152897e+00 2.688244396059179309e+00 2.661011860750532421e+00 2.648362896991499849e+00 2.645023783503319681e+00 2.586362781904235852e+00
4.023333333333333428e+01 2.681641502720348846e+00 2.685589424955334259e+00 2.657040534144577304e+00 2.643559245278023884e+00 2.637663163398332067e+00 2.580441364631408607e+00
4.025000000000000000e+01 2.678087410858558393e+00 2.680710223269689774e+00 2.653832016890646184e+00 2.640307312468655798e+00 2.631433359553523754e+00 2.577928459166651365e+00
4.026666666666666572e+01 2.673898393620215863e+00 2.674104783603613367e+00 2.651069203307656164e+00 2.637193733524501926e+00 2.634587747358961174e+00 2.575355436283613297e+00
4.028333333333333144e+01 2.670096239073929567e+00 2.671511582621783898e+00 2.646598117063170719e+00 2.632710923974320494e+00 2.638181342004325192e+00 2.569337849371077453e+00
4.029999999999999716e+01 2.667117475227491763e+00 2.669430730044699551e+00 2.642610213003116826e+00 2.630152685607995533e+00 2.632543131174190254e+00 2.565458000572943487e+00
4.031666666666666288e+01 2.662218756582432899e+00 2.668126021379191304e+00 2.638292053857531183e+00 2.628788734082224021e+00 2.626338600858154848e+00 2.562693752102718214e+00
4.033333333333334281e+01 2.661045505886576290e+00 2.663120413833307332e+00 2.635024605515515095e+00 2.622456009966765311e+00 2.625654488279864029e+00 2.558085410697964246e+00
4.034999999999999432e+01 2.656425498900824245e+00 2.660580710657553194e+00 2.634192818215094434e+00 2.618059952157602233e+00 2.619811273826906817e+00 2.550850214345636857e+00
4.036666666666666003e+01 2.650462549987679495e+00 2.656473457859596987e+00 2.627796997257643152e+00 2.614451993119728979e+00 2.616944406813558555e+00 2.547800309905395189e+00
4.038333333333333997e+01 2.647180697263453730e+00 2.645879305726232200e+00 2.622537158937856550e+00 2.607486282510167452e+00 2.611749165904893477e+00 2.545762845240699512e+00
4.040000000000000568e+01 2.638822798477614029e+00 2.641112867681873588e+00 2.619300561242298375e+00 2.601289198815288639e+00 2.604389299209427744e+00 2.542349126655496949e+00
4.041666666666665719e+01 2.632500332125559339e+00 2.639002872112265141e+00 2.611366596046994726e+00 2.597340815361651067e+00 2.600220211712052087e+00 2.536429455725461857e+00
4.043333333333333712e+01 2.631368470550328631e+00 2.633859727868205880e+00 2.605149060897574032e+00 2.594301857204059480e+00 2.597896380637203961e+00 2.533972341553617724e+00
4.045000000000000284e+01 2.629016946053784665e+00 2.628813321092582811e+00 2.602733904316181679e+00 2.590022548055854301e+00 2.595886337792201015e+00 2.532680742730453627e+00
4.046666666666666856e+01 2.625202764529870780e+00 2.624476828140555273e+00 2.598626509950924035e+00 2.584211999018434458e+00 2.591525437392395048e+00 2.526698634617687844e+00
4.048333333333333428e+01 2.619321084553630996e+00 2.620551616870998579e+00 2.595674982047725177e+00 2.579715033324188944e+00 2.584407359293005246e+00 2.519738705339384488e+00
4.050000000000000000e+01 2.611856061052515887e+00 2.615282571007377044e+00 2.589458654976513063e+00 2.576094114225859766e+00 2.581419475757086079e+00 2.513464064079935945e+00
4.051666666666666572e+01 2.606963361997296502e+00 2.614512940944993424e+00 2.582592700842672784e+00 2.572368434815098581e+00 2.575420096622436983e+00 2.507677793889937501e+00
4.053333333333333144e+01 2.606666044159393181e+00 2.611041269882214078e+00 2.579845023933109882e+00 2.567525250776110823e+00 2.569796001470672220e+00 2.501813651959970741e+00
4.054999999999999716e+01 2.599589194633208145e+00 2.606811629204509817e+00 2.576108656450194268e+00 2.563628324229501043e+00 2.567743581925420848e+00 2.498337194569471897e+00
4.056666666666666288e+01 2.592882717048563990e+00 2.605060774094417386e+00 2.569089085713216480e+00 2.560087648234602220e+00 2.563551986033755004e+00 2.493448836698451743e+00
4.058333333333334281e+01 2.589921238168961803e+00 2.601605555040343631e+00 2.565197494574671389e+00 2.552979294625708828e+00 2.556400535214214287e+00 2.488998075234549301e+00
4.059999999999999432e+01 2.584876304204745789e+00 2.593816167189951116e+00 2.561714952043420368e+00 2.545463969642220103e+00 2.550502095341124598e+00 2.485633032656258568e+00
4.061666666666666003e+01 2.575862173237045027e+00 2.589334396553313766e+00 2.556547499096949672e+00 2.539241312573143894e+00 2.547881324232885714e+00 2.478603021162292919e+00
4.063333333333333997e+01 2.570003499008798542e+00 2.581534871682802823e+00 2.553165136773551058e+00 2.535027030486287636e+00 2.541628589353086110e+00 2.473594813504564449e+00
4.065000000000000568e+01 2.567865198738804366e+00 2.576587065230978801e+00 2.547720613148757085e+00 2.530622660191032214e+00 2.535615398111643159e+00 2.470195677370404574e+00
4.066666666666665719e+01 2.561286908423275666e+00 2.575482133151469899e+00 2.539605293262634955e+00 2.524748203141927938e+00 2.531192249921483395e+00 2.469068119094770974e+00
4.068333333333333712e+01 2.556711873549628145e+00 2.566967772662457126e+00 2.531673139981377663e+00 2.519073928598218881e+00 2.525836187431543145e+00 2.461039010943967043e+00
4.070000000000000284e+01 2.553005368670406838e+00 2.560280027734558317e+00 2.527353507672097432e+00 2.515147924270435542e+00 2.520897432150399631e+00 2.448910186665525401e+00
4.071666666666666856e+01 2.548565739567047128e+00 2.559225515137561580e+00 2.524612744526928854e+00 2.510860386408014122e+00 2.514163150191019991e+00 2.442321433617150817e+00
4.073333333333333428e+01 2.542053120393538812e+00 2.554422996467197393e+00 2.519982529251272307e+00 2.506024449868606396e+00 2.508990461547877082e+00 2.439216869810183486e+00
4.075000000000000000e+01 2.537114345833812568e+00 2.543884194806290466e+00 2.513643667559976258e+00 2.501109388737809081e+00 2.503476815365823338e+00 2.439478696555850146e+00
4.076666666666666572e+01 2.529002769099319092e+00 2.535128510191845486e+00 2.506670067864477769e+00 2.494502689886121782e+00 2.498488311823443109e+00 2.435169518381258502e+00
4.078333333333333144e+01 2.521894880840555686e+00 2.533806911399829609e+00 2.497447822201489753e+00 2.486141630204925068e+00 2.492887856779916866e+00 2.426215796835977656e+00
4.079999999999999716e+01 2.515829232818333594e+00 2.527733141911960857e+00 2.491738208951051803e+00 2.479304471080032712e+00 2.489153988260341510e+00 2.417838345006812162e+00
4.081666666666666288e+01 2.509511103899844553e+00 2.521862184040433164e+00 2.488571595785822321e+00 2.472576295882132680e+00 2.483536371252054842e+00 2.412767875122140193e+00
4.083333333333334281e+01 2.505208338096184928e+00 2.519933738344271479e+00 2.483052237496490289e+00 2.467408290336462251e+00 2.477807977996136835e+00 2.407352368506986195e+00
4.084999999999999432e+01 2.500503519387430984e+00 2.508423847281803010e+00 2.475934005638262825e+00 2.460237398619133931e+00 2.469444152296883743e+00 2.401017976344884897e+00
4.086666666666666003e+01 2.492160757017417350e+00 2.500571228508736255e+00 2.469536233623087274e+00 2.452743960259800460e+00 2.461058451142676518e+00 2.393971698699330908e+00
4.088333333333333997e+01 2.484645682993834370e+00 2.498053578120797535e+00 2.462187404860884055e+00 2.447759649069673582e+00 2.454099536072246845e+00 2.386986253210196640e+00
4.090000000000000568e+01 2.476099977872181945e+00 2.492707659716586033e+00 2.453439188325641229e+00 2.442907846098776314e+00 2.446009587367054650e+00 2.379341015376053026e+00
4.091666666666665719e+01 2.468251459105899048e+00 2.483500811080376014e+00 2.447110129941461931e+00 2.435223958324571836e+00 2.441056294121247916e+00 2.374107673569453958e+00
4.093333333333333712e+01 2.463955140661493015e+00 2.476691829493271158e+00 2.442477690046386485e+00 2.429563927141916935e+00 2.435816535428076968e+00 2.369545121987276293e+00
4.095000000000000284e+01 2.459692284831201725e+00 2.468660598112755622e+00 2.436875313660426645e+00 2.423748165653795805e+00 2.430182795439538079e+00 2.361819552968245084e+00
4.096666666666666856e+01 2.452629750717961521e+00 2.461073515310181037e+00 2.427763582020082023e+00 2.414125025563274463e+00 2.423804744456283800e+00 2.354177814337893970e+00
4.098333333333333428e+01 2.443728624010185424e+00 2.454175446529152094e+00 2.419575759820053573e+00 2.407086684796743814e+00 2.417778391076510047e+00 2.346593951992347105e+00
4.100000000000000000e+01 2.436696710875598360e+00 2.448490389289919467e+00 2.413269012422191384e+00 2.401766152595287807e+00 2.410386576610328291e+00 2.339062965754850065e+00
4.101666666666666572e+01 2.429065161324745148e+00 2.442516580518359515e+00 2.405812688555594825e+00 2.393241337644001820e+00 2.400672847933234433e+00 2.331738096921542880e+00
4.103333333333333144e+01 2.421328445354256509e+00 2.435723920094765571e+00 2.397678347240258301e+00 2.384685469381393474e+00 2.391793334950052419e+00 2.325611959706193055e+00
4.104999999999999716e+01 2.412065535187348786e+00 2.430960410196920662e+00 2.390954415789093623e+00 2.376526858473631876e+00 2.385622190866466319e+00 2.320387822114340803e+00
4.106666666666666288e+01 2.405192737365810185e+00 2.422307696074237793e+00 2.384546129198580111e+00 2.369460759461716748e+00 2.377847016836300398e+00 2.313371113484421926e+00
4.108333333333334281e+01 2.398333008868934524e+00 2.412529860940136217e+00 2.378982960391363921e+00 2.363549441605216295e+00 2.370470447606900066e+00 2.306282374252748735e+00
4.109999999999999432e+01 2.391441767305146460e+00 2.405157539554890533e+00 2.371568723570520287e+00 2.357091836456834955e+00 2.363125485420240590e+00 2.297817083250870418e+00
4.111666666666666003e+01 2.385362603058310604e+00 2.397312290326758522e+00 2.361686296908853233e+00 2.349329217913746159e+00 2.358275570860516979e+00 2.289356554366672736e+00
4.113333333333333997e+01 2.378466906471014664e+00 2.390087936656436263e+00 2.352009245797536785e+00 2.340103308000630378e+00 2.351682546637153592e+00 2.281444862321519995e+00
4.115000000000000568e+01 2.368553522492760965e+00 2.381156218435418914e+00 2.343865326178836472e+00 2.332129925192897968e+00 2.342050417629448322e+00 2.274431373755449126e+00
4.116666666666665719e+01 2.359717682966079089e+00 2.371934799617781309e+00 2.335573200270750327e+00 2.323678439722795641e+00 2.332615880125349150e+00 2.266856366068242146e+00
4.118333333333333712e+01 2.351003725843560321e+00 2.364290094791356989e+00 2.328944388639979213e+00 2.315754917121450429e+00 2.322948170309923288e+00 2.258697915346856266e+00
4.120000000000000284e+01 2.340465927526235834e+00 2.355756012571696978e+00 2.320995738310217327e+00 2.308204982595252641e+00 2.314496753977596022e+00 2.248662502738703051e+00
4.121666666666666856e+01 2.330862661250495016e+00 2.346090173505011478e+00 2.313438681818421383e+00 2.296906359558966493e+00 2.306039398138776786e+00 2.235332618648081748e+00
4.123333333333333428e+01 2.324053747747530707e+00 2.338172592590673560e+00 2.303756711464501894e+00 2.287984235018259760e+00 2.299151937519138489e+00 2.225718254252994743e+00
4.125000000000000000e+01 2.317036004224599210e+00 2.329108464133206713e+00 2.294061747535660611e+00 2.280982726927620163e+00 2.291301298089593708e+00 2.217559026754692741e+00
4.126666666666666572e+01 2.309470688329512189e+00 2.320985444283410803e+00 2.286003182605915285e+00 2.273287638883314976e+00 2.281653374885753927e+00 2.208880044219879490e+00
4.128333333333333144e+01 2.300332916511989456e+00 2.313194549716443227e+00 2.276692292231728310e+00 2.264992193516241148e+00 2.273914095845222860e+00 2.200692614930249480e+00
4.129999999999999716e+01 2.291879354347534203e+00 2.304564002421053193e+00 2.268444121129866264e+00 2.253844247777888832e+00 2.266042182235193714e+00 2.191265648241866870e+00
4.131666666666666288e+01 2.281386959173190565e+00 2.294436118909643163e+00 2.259362990937445748e+00 2.244426326499423752e+00 2.256862314899473976e+00 2.182304389939294431e+00
4.133333333333334281e+01 2.270182081657860174e+00 2.282846529806819014e+00 2.249583568831607927e+00 2.237530333220846934e+00 2.247248358497055065e+00 2.176924023936412489e+00
4.134999999999999432e+01 2.260136066957458834e+00 2.272772950431176220e+00 2.240633559809745545e+00 2.227850043664963309e+00 2.237108259257402754e+00 2.169818192438524473e+00
4.136666666666666003e+01 2.251468748209226156e+00 2.264138075957636165e+00 2.230313123570609068e+00 2.217943401927613412e+00 2.226819253936724863e+00 2.160173655208921684e+00
4.138333333333333997e+01 2.243169914281202715e+00 2.254484385500460597e+00 2.219791377444123803e+00 2.208547326365705388e+00 2.216947753750175831e+00 2.150517649002880116e+00
4.140000000000000568e+01 2.233972770872322489e+00 2.245236570872605419e+00 2.211049266178032990e+00 2.196220368791395039e+00 2.207985614402576680e+00 2.139415541501066720e+00
4.141666666666665719e+01 2.221991198355000918e+00 2.235188479823616348e+00 2.201392334716199439e+00 2.187334764841132984e+00 2.199582477969493688e+00 2.129742341202580214e+00
4.143333333333333712e+01 2.211409969096218564e+00 2.224583998637554405e+00 2.191434252489169676e+00 2.178491104834161529e+00 2.191090960714392910e+00 2.121749508890449221e+00
4.145000000000000284e+01 2.201801391985966472e+00 2.215805405626165570e+00 2.180450544631034493e+00 2.168467936686216735e+00 2.181626113047676618e+00 2.111917113215887820e+00
4.146666666666666856e+01 2.191589623258098030e+00 2.206871140754092853e+00 2.169988756667113439e+00 2.158359964767698980e+00 2.170579031977573070e+00 2.100263988243155744e+00
4.148333333333333428e+01 2.182428493636618061e+00 2.197190544433067938e+00 2.159724146540423551e+00 2.146264596488677068e+00 2.159385014291868021e+00 2.091742839961229894e+00
4.150000000000000000e+01 2.172265520283552132e+00 2.184641016952914683e+00 2.148454510395576555e+00 2.134904712238785862e+00 2.148245047808639896e+00 2.082093987250360545e+00
4.151666666666666572e+01 2.160985074380276316e+00 2.172785660701534560e+00 2.136610489084539211e+00 2.127298339338131949e+00 2.138075079227641950e+00 2.071279559246770763e+00
4.153333333333333144e+01 2.150284194261382620e+00 2.162872190713036602e+00 2.126353673455320337e+00 2.117229490081457666e+00 2.126832146134552737e+00 2.061387176754421624e+00
4.154999999999999716e+01 2.138774711344493706e+00 2.150707466869243856e+00 2.117075450979934992e+00 2.104862080324344298e+00 2.115668628086118552e+00 2.048960379992375902e+00
4.156666666666666288e+01 2.127470159403714867e+00 2.139146299158372067e+00 2.105378278504022038e+00 2.094225093811389993e+00 2.105610439699235670e+00 2.037287683156580709e+00
4.158333333333334281e+01 2.115861119853511330e+00 2.129569087698253149e+00 2.094263751717965416e+00 2.082083274889565239e+00 2.094848239175158167e+00 2.028118778677982625e+00
4.159999999999999432e+01 2.104724232002413764e+00 2.118955522657490764e+00 2.082916247350655059e+00 2.070117449813386745e+00 2.084160627510428743e+00 2.017062144709897975e+00
4.161666666666666003e+01 2.093098230131178461e+00 2.107257283919523605e+00 2.071322672844593260e+00 2.059822303887698602e+00 2.072811401430025846e+00 2.005711098122273661e+00
4.163333333333333997e+01 2.081373470971811912e+00 2.094138987554973852e+00 2.060073111792462441e+00 2.047034122147275870e+00 2.060564335506101408e+00 1.994111266779599267e+00
4.165000000000000568e+01 2.069470132569240839e+00 2.082744967487031751e+00 2.048488965901483549e+00 2.034094280847746017e+00 2.047982131407807049e+00 1.982278485400491563e+00
4.166666666666665719e+01 2.056440035175601810e+00 2.071398050542297309e+00 2.036064048510197289e+00 2.023668504284183989e+00 2.036088841511012770e+00 1.969986734167865627e+00
4.168333333333333712e+01 2.044114950171710632e+00 2.059630174105110179e+00 2.023713300877785670e+00 2.012572159328152477e+00 2.024476083320388309e+00 1.957442708805309906e+00
4.170000000000000284e+01 2.033211576124041464e+00 2.047366830561017093e+00 2.011618504186045708e+00 1.999707665195336270e+00 2.013760544793926410e+00 1.945863006043207832e+00
4.171666666666666856e+01 2.018389609496983983e+00 2.034397365686139381e+00 1.998847261784135521e+00 1.987332220393145832e+00 2.001686978532878580e+00 1.933899128026372871e+00
4.173333333333333428e+01 2.005686202964454434e+00 2.020603733733157270e+00 1.985740693744363350e+00 1.975268742065291461e+00 1.988776584269302372e+00 1.921977672267582316e+00
4.175000000000000000e+01 1.993976882350631197e+00 2.007373785528702381e+00 1.973551582057531784e+00 1.962296594886951961e+00 1.975683020571356030e+00 1.910430341457764136e+00
4.176666666666666572e+01 1.980499707817442445e+00 1.995088158171547610e+00 1.961214720264504052e+00 1.949237910754581193e+00 1.962601188165580934e+00 1.897993685579590029e+00
4.178333333333333144e+01 1.968478580615936169e+00 1.983055627475401428e+00 1.947704236740142703e+00 1.936870909497506510e+00 1.949584653027090830e+00 1.884894088043622684e+00
4.179999999999999716e+01 1.953934323363319736e+00 1.969752210280573790e+00 1.934434482897356311e+00 1.923921841015477696e+00 1.935807457014591559e+00 1.870899669874073190e+00
4.181666666666666288e+01 1.940086680611784464e+00 1.955608721964751995e+00 1.921000462639345541e+00 1.910341497410311673e+00 1.923466341333367691e+00 1.857547106768557610e+00
4.183333333333334281e+01 1.926400932525672571e+00 1.941827371779170308e+00 1.907331818541974977e+00 1.896964286438930225e+00 1.911049849790174671e+00 1.844314837186445732e+00
4.184999999999999432e+01 1.912053835465591600e+00 1.926998471049952588e+00 1.893759919507616463e+00 1.883331318413550282e+00 1.896621710254215554e+00 1.830878023803508947e+00
4.186666666666666003e+01 1.898760163502612341e+00 1.913275882882277790e+00 1.879444544856442079e+00 1.868811063616093504e+00 1.882832601173126674e+00 1.817836112889027911e+00
4.188333333333333997e+01 1.884802370295324714e+00 1.899344805037792572e+00 1.864753940049167280e+00 1.854227578764538809e+00 1.869188627110200951e+00 1.804084857307203471e+00
4.190000000000000568e+01 1.870218861623596185e+00 1.884075515108917021e+00 1.850940578031555761e+00 1.839989660183400266e+00 1.854329889055777114e+00 1.790355173169421832e+00
4.191666666666665719e+01 1.856239131116019792e+00 1.869982798420131598e+00 1.836433603816101101e+00 1.825160291942348412e+00 1.840034482852816122e+00 1.775834961165027481e+00
4.193333333333333712e+01 1.841650697560624161e+00 1.855604309397911766e+00 1.821559778857517520e+00 1.810551036119339985e+00 1.825950953442470270e+00 1.760798300822833395e+00
4.195000000000000284e+01 1.826688773687829892e+00 1.840900052692365785e+00 1.806829403707581383e+00 1.796324629434499442e+00 1.810982313828489287e+00 1.746311895215876042e+00
4.196666666666666856e+01 1.811620666811894376e+00 1.826263907606842540e+00 1.791840142172323125e+00 1.781651675110086819e+00 1.796303554968657901e+00 1.731748646138166370e+00
4.198333333333333428e+01 1.796389830046209113e+00 1.810998401686738202e+00 1.776600833801087465e+00 1.766746573891495808e+00 1.781733812728877098e+00 1.717370803300825255e+00
4.200000000000000000e+01 1.781118690394803306e+00 1.795696371126955793e+00 1.761437103080055744e+00 1.751762518642031141e+00 1.766641844023589147e+00 1.702821606522632258e+00
4.201666666666666572e+01 1.765978705502778023e+00 1.780278127486068396e+00 1.746414549162817131e+00 1.736606443949185952e+00 1.751622079223819295e+00 1.687982545770800868e+00
4.203333333333333144e+01 1.750727963528250442e+00 1.764734290837661534e+00 1.731094478434254569e+00 1.721207559346636495e+00 1.736473003796484171e+00 1.673011282154599266e+00
4.204999999999999716e+01 1.735100848224934156e+00 1.748990761674712235e+00 1.715527115726157570e+00 1.705617425426132483e+00 1.721112714677428990e+00 1.657617374872367044e+00
4.206666666666666288e+01 1.719158490316327059e+00 1.733125513216939195e+00 1.699772046868854414e+00 1.689866832204937941e+00 1.705531216575331355e+00 1.642042704882463955e+00
4.208333333333334281e+01 1.702907875478711919e+00 1.716901654281981715e+00 1.683635966086691749e+00 1.673796365639353967e+00 1.689616281779887430e+00 1.626189315763410859e+00
4.209999999999999432e+01 1.686407220628156400e+00 1.700564010323280417e+00 1.667277293538688587e+00 1.657586947450874204e+00 1.673385510333255777e+00 1.610418998102617127e+00
4.211666666666666003e+01 1.669813553650037363e+00 1.684047899049848640e+00 1.650874500695398872e+00 1.641270946842384504e+00 1.657039468685728156e+00 1.594360446996540004e+00
4.213333333333333997e+01 1.653056994369668908e+00 1.667220527073490555e+00 1.634181049731805446e+00 1.624784408708724426e+00 1.640558737683998736e+00 1.577923215448229000e+00
4.215000000000000568e+01 1.636052286118028221e+00 1.650006387904073391e+00 1.617309948438988787e+00 1.608090964022060421e+00 1.623952118792573618e+00 1.561472244948474586e+00
4.216666666666665719e+01 1.618917878978904490e+00 1.632639607554333461e+00 1.600087890807017965e+00 1.591048420268634578e+00 1.606998567917442555e+00 1.544718137828490434e+00
4.218333333333333712e+01 1.601638700643823965e+00 1.615192342550174631e+00 1.582945658656395915e+00 1.573860383974530652e+00 1.589885001808986731e+00 1.528136644942468036e+00
4.220000000000000284e+01 1.584076489284449885e+00 1.597716039132021537e+00 1.565642288521674530e+00 1.556519115486937554e+00 1.572609476737958811e+00 1.511442593389197508e+00
4.221666666666666856e+01 1.566269799976838684e+00 1.579952973382198422e+00 1.547904977349943145e+00 1.538991376724007765e+00 1.555032396341525125e+00 1.494229538484068254e+00
4.223333333333333428e+01 1.548362618602618923e+00 1.561928603996171283e+00 1.530044165110679533e+00 1.521436993327060838e+00 1.537395811519508992e+00 1.476702422080210075e+00
4.225000000000000000e+01 1.530276923251593812e+00 1.543771661154163866e+00 1.511873691769242134e+00 1.503354893843627194e+00 1.519513159914381628e+00 1.458750869827677654e+00
4.226666666666666572e+01 1.511861106718743519e+00 1.525407684241119055e+00 1.493713371151580427e+00 1.485087430080424875e+00 1.501554358187814797e+00 1.441145095980431501e+00
4.228333333333333144e+01 1.493290796595424297e+00 1.506689303843551597e+00 1.475313384911673742e+00 1.466702410068005724e+00 1.483073262369207779e+00 1.423162671628982245e+00
4.229999999999999716e+01 1.474763611669847041e+00 1.487803224562691540e+00 1.456475701019730007e+00 1.448152503183761652e+00 1.464488240037998379e+00 1.404866544341271561e+00
4.231666666666666288e+01 1.455363883256244550e+00 1.468558249252384762e+00 1.437406710210924699e+00 1.429110102769789670e+00 1.445612348661653668e+00 1.386369250516028551e+00
4.233333333333334281e+01 1.435865822772223632e+00 1.449090839161206068e+00 1.418148595942833046e+00 1.410010365942713895e+00 1.426432840196541596e+00 1.367530458144901928e+00
4.234999999999999432e+01 1.416572233549430848e+00 1.429630230849717742e+00 1.398786240457074781e+00 1.390917885693730316e+00 1.407075172642508809e+00 1.348528812141757349e+00
4.236666666666666003e+01 1.396794413429746751e+00 1.409878599783889408e+00 1.379337839588214321e+00 1.371455685191624640e+00 1.387649255504171508e+00 1.329384110519813200e+00
4.238333333333333997e+01 1.376751058540895967e+00 1.389800557325801433e+00 1.359246464091213413e+00 1.351681115549248524e+00 1.367989759529722349e+00 1.309986838275036591e+00
4.240000000000000568e+01 1.356419257819270419e+00 1.368440899150282331e+00 1.338967903224619782e+00 1.331510480946567432e+00 1.347965671170421098e+00 1.290327893906342949e+00
4.241666666666665719e+01 1.335522020128075971e+00 1.347276198375949807e+00 1.318320838391665140e+00 1.310844466175070000e+00 1.327465414539085176e+00 1.270224894969797180e+00
4.243333333333333712e+01 1.314364777461663802e+00 1.326982831955256126e+00 1.297501044805461801e+00 1.290214599543954010e+00 1.306435942847697707e+00 1.249834573127183823e+00
4.245000000000000284e+01 1.293356751799973114e+00 1.306134218512382761e+00 1.276599977849810275e+00 1.269398151121243545e+00 1.285516871295244057e+00 1.229555532677725216e+00
4.246666666666666856e+01 1.272412117879175186e+00 1.284904543186102366e+00 1.255693640456751359e+00 1.248517490222695647e+00 1.264601195868523709e+00 1.209220372157326029e+00
4.248333333333333428e+01 1.251225693782581860e+00 1.263586719828593052e+00 1.234719905538147700e+00 1.227713693946478113e+00 1.243550654150592294e+00 1.188653314112101622e+00
4.250000000000000000e+01 1.229894395086609471e+00 1.242048316112021489e+00 1.213418767118858543e+00 1.206645926591757734e+00 1.222405459372220449e+00 1.167958356980377310e+00
4.251666666666666572e+01 1.208393543503485157e+00 1.220326899028113976e+00 1.192177888432873312e+00 1.185345877553341420e+00 1.200886293588285580e+00 1.147077696677993197e+00
4.253333333333333144e+01 1.186775931811161255e+00 1.198528425430689159e+00 1.170830340315023754e+00 1.163994035790681947e+00 1.179568013907744017e+00 1.125996897559856658e+00
4.254999999999999716e+01 1.165007334519427840e+00 1.176598371838941670e+00 1.149047495329108770e+00 1.142486322074053984e+00 1.158108432323212478e+00 1.104866731728044060e+00
4.256666666666666288e+01 1.143048175650567488e+00 1.154496817204637926e+00 1.127333106612315117e+00 1.120808477842035300e+00 1.136362882915917361e+00 1.083677937071910735e+00
4.258333333333334281e+01 1.120997157742149586e+00 1.132247373632147891e+00 1.105507296628575942e+00 1.099130394943071520e+00 1.114469881140581986e+00 1.062372773152126859e+00
4.259999999999999432e+01 1.098876483802412984e+00 1.110003877748633849e+00 1.083510827871254412e+00 1.077334551987687794e+00 1.092464959353265153e+00 1.040995380892472566e+00
4.261666666666666003e+01 1.076694313726483498e+00 1.087599244704756662e+00 1.061432334022326840e+00 1.055383180665754983e+00 1.070351658829201025e+00 1.019532344780515132e+00
4.263333333333333997e+01 1.054350360932871489e+00 1.065054994333795468e+00 1.039328856251632960e+00 1.033273646469619722e+00 1.048188399627521195e+00 9.978731709235122427e-01
4.265000000000000568e+01 1.031889529619584023e+00 1.042417491511091088e+00 1.016977421123205216e+00 1.011165815605633345e+00 1.025876512260624818e+00 9.760072220358020356e-01
4.266666666666665719e+01 1.009367530420736125e+00 1.019692571196433750e+00 9.946918356848649667e-01 9.889042081853559596e-01 1.003488650566632945e+00 9.541729501485323173e-01
4.268333333333333712e+01 9.867695352577747769e-01 9.968363440798579944e-01 9.722377411224094601e-01 9.666030338104990571e-01 9.809144314488170702e-01 9.323179702633741517e-01
4.270000000000000284e+01 9.640974406060369706e-01 9.739097708297747014e-01 9.499037132758589852e-01 9.442127306322104507e-01 9.584353740863251758e-01 9.103147711095086470e-01
4.271666666666666856e+01 9.399668914224680316e-01 9.495159350262309950e-01 9.271158221938774480e-01 9.208463952483151305e-01 9.356774899220525743e-01 8.875726625232025491e-01
4.273333333333333428e+01 9.191177898040584493e-01 9.286324703379970069e-01 9.046924677604887277e-01 8.993892995699408477e-01 9.131073962498630348e-01 8.664820881992053581e-01
4.275000000000000000e+01 8.960465265258081846e-01 9.054811885019201645e-01 8.818190577303117728e-01 8.768183124588037058e-01 8.900684477937617078e-01 8.445894631013962650e-01
4.276666666666666572e+01 8.735297747214608721e-01 8.821730361585334856e-01 8.592981133399627547e-01 8.552481138171978969e-01 8.675542708958845495e-01 8.226541286334513314e-01
4.278333333333333144e+01 8.509538950104177379e-01 8.585219124376693989e-01 8.365020246212229171e-01 8.323120962584756866e-01 8.444926137084785012e-01 8.005276480716063681e-01
4.279999999999999716e+01 8.273859877665650231e-01 8.354964146976249229e-01 8.139769878316724938e-01 8.095314863283463724e-01 8.218958727968472822e-01 7.780741296399313889e-01
4.281666666666666288e+01 8.042751500295546307e-01 8.128005313253040542e-01 7.911492225833227643e-01 7.876111685628079950e-01 7.988745933539324051e-01 7.573423363623469351e-01
4.283333333333334281e+01 7.819857803044540923e-01 7.898753578542254683e-01 7.688326754996579471e-01 7.649089800110225879e-01 7.763813699168077287e-01 7.364248812910838549e-01
4.284999999999999432e+01 7.594543617883077191e-01 7.660918161858050190e-01 7.460007751533483944e-01 7.418642134073843986e-01 7.533598851241017913e-01 7.138774268181226068e-01
4.286666666666666003e+01 7.363044915147264335e-01 7.433443217490266486e-01 7.229151459507797695e-01 7.188964634983034951e-01 7.300389185604850839e-01 6.908644329355616565e-01
4.288333333333333997e+01 7.121000075193028023e-01 7.191070624891791052e-01 6.987714412449531620e-01 6.951273084961699933e-01 7.056444631089253683e-01 6.675218841437003947e-01
4.290000000000000568e+01 6.868623323455332885e-01 6.933228770828449017e-01 6.741537873237221090e-01 6.701126841143459911e-01 6.807447902846303078e-01 6.426671976838681521e-01
4.291666666666665719e+01 6.617114673172960204e-01 6.668154487086355164e-01 6.484786459798225211e-01 6.446666410170494022e-01 6.548438307948061254e-01 6.170586452543119771e-01
4.293333333333333712e+01 6.358205022753645741e-01 6.406358030314387442e-01 6.229527885638647122e-01 6.193097629021018236e-01 6.290165105008120872e-01 5.922678169545338989e-01
4.295000000000000284e+01 6.104948258770371838e-01 6.158644547295827332e-01 5.981544377906822252e-01 5.949507542697773932e-01 6.037033148134415272e-01 5.678956190782347146e-01
4.296666666666666856e+01 5.868351089453121006e-01 5.920863781179622753e-01 5.748161494169682362e-01 5.717332458610561163e-01 5.802641205076066733e-01 5.451813499981854605e-01
4.298333333333333428e+01 5.646622919345829494e-01 5.695590400261878461e-01 5.531424184993425364e-01 5.500717059041717594e-01 5.583123858903092929e-01 5.239957397083921942e-01
4.300000000000000000e+01 5.442458332659356746e-01 5.488454095525684417e-01 5.328894095349703264e-01 5.299457468879705813e-01 5.377992353625223876e-01 5.044165849792807688e-01
4.301666666666666572e+01 5.249293250185688153e-01 5.292889711511805650e-01 5.139733823107243138e-01 5.111303387237495777e-01 5.185455434789449924e-01 4.857827333362049749e-01
4.303333333333333144e+01 5.066631321863895865e-01 5.108170693148612607e-01 4.958183494018956194e-01 4.932316856477862999e-01 5.001514735598049377e-01 4.683859467491204298e-01
4.304999999999999716e+01 4.889461188112010914e-01 4.928001583373781691e-01 4.784797769009949686e-01 4.759071186249409502e-01 4.825619417605689909e-01 4.516665211987357376e-01
4.306666666666666288e+01 4.721623446795286672e-01 4.757299803269567362e-01 4.617961440869717271e-01 4.593283078109531292e-01 4.656185782778303195e-01 4.354217181076698862e-01
4.308333333333334281e+01 4.561300704187536414e-01 4.595207677834660664e-01 4.459394215607461187e-01 4.438012567047499024e-01 4.495171685173025566e-01 4.199610102858007954e-01
4.309999999999999432e+01 4.407139830910660194e-01 4.439135889497845544e-01 4.305873117929939209e-01 4.284882907069744729e-01 4.339003353055946866e-01 4.052218027440801507e-01
4.311666666666666003e+01 4.257292255168151351e-01 4.286334522558605808e-01 4.159689765648697524e-01 4.135504790499688332e-01 4.190788294436919026e-01 3.911244410177135977e-01
4.313333333333333997e+01 4.113294725769905957e-01 4.139598934910452277e-01 4.018068510784277292e-01 4.002799885746230468e-01 4.046700380889172166e-01 3.774002529034115594e-01
4.315000000000000568e+01 3.975125970583643920e-01 4.003425779720799493e-01 3.882179764940442146e-01 3.874753572488465192e-01 3.909248509342795330e-01 3.641910009488386613e-01
4.316666666666665719e+01 3.842222603000142733e-01 3.866817390180968261e-01 3.751044790923170891e-01 3.741863390863695016e-01 3.775938910915527247e-01 3.516713669319251334e-01
4.318333333333333712e+01 3.714149698929541388e-01 3.734590868191833835e-01 3.625068820538261405e-01 3.609937488138741934e-01 3.647916156366117768e-01 3.395710459255660285e-01
4.320000000000000284e+01 3.590222494039127521e-01 3.613573453634787436e-01 3.503602830194575968e-01 3.489738383743034023e-01 3.524654609526832738e-01 3.278025126846441095e-01
4.321666666666666856e+01 3.471682437301749080e-01 3.494479654473325314e-01 3.386329337217439672e-01 3.373002481827535037e-01 3.405260616731833334e-01 3.164880467132435427e-01
4.323333333333333428e+01 3.357014327155702915e-01 3.374567185543709269e-01 3.273925981398194129e-01 3.259263589464337918e-01 3.290369037236911542e-01 3.057314941992779755e-01
4.325000000000000000e+01 3.247529832738374478e-01 3.262000314852895322e-01 3.165049626606576960e-01 3.151611144840986700e-01 3.179780304736428143e-01 2.952526236904861046e-01
4.326666666666666572e+01 3.141185807826718523e-01 3.156538459970952282e-01 3.060780694829938753e-01 3.046531390816623053e-01 3.073765426800534883e-01 2.851372995454251602e-01
4.328333333333333144e+01 3.038619841221571471e-01 3.053608981196019867e-01 2.959523412842557932e-01 2.947964304005421532e-01 2.970840997292811259e-01 2.754525608006156423e-01
4.329999999999999716e+01 2.938929085297978805e-01 2.951481002841009338e-01 2.862755431726064503e-01 2.851441771412620008e-01 2.872255227980156089e-01 2.661624770654755223e-01
4.331666666666666288e+01 2.843304745737968431e-01 2.854753247838135999e-01 2.768610105170151159e-01 2.758979267521358136e-01 2.776168086392731826e-01 2.570626197394574874e-01
4.333333333333334281e+01 2.751437668961385086e-01 2.761685939356235409e-01 2.678547828936592712e-01 2.670583188207429348e-01 2.684125168360501079e-01 2.481870090443508148e-01
4.334999999999999432e+01 2.662359111679397650e-01 2.676503585432552512e-01 2.591028555722819093e-01 2.584395981012129195e-01 2.594474464897511545e-01 2.397700357604742039e-01
4.336666666666666003e+01 2.576409202299669854e-01 2.595243422346197870e-01 2.506904642693001950e-01 2.499598147646193147e-01 2.508121649855214463e-01 2.317138086933150376e-01
4.338333333333333997e+01 2.493535188045969686e-01 2.511926608980561415e-01 2.425965632148739948e-01 2.417500183428597793e-01 2.424967017298058358e-01 2.239146507092162064e-01
4.340000000000000568e+01 2.414383200762538484e-01 2.428544204349420976e-01 2.347679264319634251e-01 2.338038265647545688e-01 2.345410101934741198e-01 2.162642011339353798e-01
4.341666666666665719e+01 2.337306413913614045e-01 2.348353491204236143e-01 2.272080014289401539e-01 2.258978925376464442e-01 2.268139396703888477e-01 2.089122358549051484e-01
4.343333333333333712e+01 2.263002972558660897e-01 2.272521917909589850e-01 2.198922582466961428e-01 2.184601250078295753e-01 2.192706577700370973e-01 2.019083656181387132e-01
4.345000000000000284e+01 2.190958901148783167e-01 2.199010314341709738e-01 2.129059302780240415e-01 2.117454421769364992e-01 2.120577544568487960e-01 1.951047838691750413e-01
4.346666666666666856e+01 2.121866630644476948e-01 2.127539155568670126e-01 2.061493918722224761e-01 2.051787133858887779e-01 2.050791369150301580e-01 1.885441121114895535e-01
4.348333333333333428e+01 2.054996291974019451e-01 2.059917655463185393e-01 1.996314865486870649e-01 1.984843869016844620e-01 1.983656075213406089e-01 1.822130201320605603e-01
4.350000000000000000e+01 1.990573951348399984e-01 1.994486007219521684e-01 1.932508544815006168e-01 1.919194365256327028e-01 1.918316615442361706e-01 1.761425186187075276e-01
4.351666666666666572e+01 1.928436740459128773e-01 1.930045398256929057e-01 1.871391673252771337e-01 1.857847656160239447e-01 1.855773463173888138e-01 1.702347221398565202e-01
4.353333333333333144e+01 1.868397380663006091e-01 1.866908778415773684e-01 1.812191553907388231e-01 1.798487325109000556e-01 1.794503895292254014e-01 1.645205665020023633e-01
4.354999999999999716e+01 1.810416223219808440e-01 1.807513896027888312e-01 1.755405752991783808e-01 1.741091395671628406e-01 1.735823713725600792e-01 1.590316946295389777e-01
4.356666666666666288e+01 1.753968442931775618e-01 1.752894561229063342e-01 1.700285061397852904e-01 1.685576698004897234e-01 1.678989901636295801e-01 1.537468494085122428e-01
4.358333333333334281e+01 1.699935964738443772e-01 1.699211090745503805e-01 1.646999681593731557e-01 1.632052912913282416e-01 1.624410302099419112e-01 1.486141068892058437e-01
4.359999999999999432e+01 1.647705936995643161e-01 1.645348945909896332e-01 1.595662243958159421e-01 1.580379340874044913e-01 1.571908707717167286e-01 1.436396607322780461e-01
4.361666666666666003e+01 1.597850444574747397e-01 1.593502478674168887e-01 1.545827109591325632e-01 1.531041611031385419e-01 1.521110618218016741e-01 1.388655477506858804e-01
4.363333333333333997e+01 1.549132033561644306e-01 1.543860250232082787e-01 1.498017669656432349e-01 1.482832042116200011e-01 1.472136531823814709e-01 1.342555427421915082e-01
4.365000000000000568e+01 1.502140322392225835e-01 1.497522970813609522e-01 1.452275030639210984e-01 1.436773805747927069e-01 1.424753698781400235e-01 1.298175606479245736e-01
4.366666666666665719e+01 1.456532194728489826e-01 1.450702335241567109e-01 1.408367260325439629e-01 1.391697096092074648e-01 1.379209439561640826e-01 1.254973388396916911e-01
4.368333333333333712e+01 1.412706978223899623e-01 1.405916272633332964e-01 1.365038151569767377e-01 1.348509346619184146e-01 1.334933339650215267e-01 1.213328748771974469e-01
4.370000000000000284e+01 1.370409557285510449e-01 1.363265723775789473e-01 1.323129738957972978e-01 1.307195433068808754e-01 1.292488269282816571e-01 1.173128209165414659e-01
4.371666666666666856e+01 1.329247934455471958e-01 1.322045363206055812e-01 1.282570782872704818e-01 1.267102493159833476e-01 1.251308497008457310e-01 1.134383296920126044e-01
4.373333333333333428e+01 1.289567076815425484e-01 1.281688986092238414e-01 1.243661539606536054e-01 1.228179307877227261e-01 1.211636060860014491e-01 1.096724218998133826e-01
4.375000000000000000e+01 1.251359174452388034e-01 1.243039328452004572e-01 1.206070673965187190e-01 1.190686952055993314e-01 1.172810923720409432e-01 1.060289589431804291e-01
4.376666666666666572e+01 1.214681711670499570e-01 1.205901923116049629e-01 1.169730614487389658e-01 1.154107764648356349e-01 1.135331525542662146e-01 1.025181555506335662e-01
4.378333333333333144e+01 1.178805087553768949e-01 1.169484293165286154e-01 1.134475105262888056e-01 1.118553835135883273e-01 1.099331183413840424e-01 9.911012531272059278e-02
4.379999999999999716e+01 1.144220995104111849e-01 1.134322002388882394e-01 1.100421432580840631e-01 1.084976470549115779e-01 1.064777353389983056e-01 9.583032566894734983e-02
4.381666666666666288e+01 1.110736012886580082e-01 1.101432475106083886e-01 1.067657088300286994e-01 1.051995530051890032e-01 1.031192137687534094e-01 9.265716449364171103e-02
4.383333333333334281e+01 1.078445609458288934e-01 1.068796340873276879e-01 1.035807846841422936e-01 1.020198386639789290e-01 9.983193515823857167e-02 8.962393834982840257e-02
4.384999999999999432e+01 1.047062566026918246e-01 1.036613987645996354e-01 1.005109632756347737e-01 9.893825587890682505e-02 9.667035153976431816e-02 8.670139549196582973e-02
4.386666666666666003e+01 1.016957888749475819e-01 1.005902855044270572e-01 9.753654196304370472e-02 9.597603587406011716e-02 9.360103152764059908e-02 8.385819803073857326e-02
4.388333333333333997e+01 9.877845138247895451e-02 9.769069592471557595e-02 9.467154965466106908e-02 9.307617073333686319e-02 9.065029645457668706e-02 8.104651864477191436e-02
4.390000000000000568e+01 9.594192366326792509e-02 9.486692179766000044e-02 9.188556668892745860e-02 9.028201575080659069e-02 8.778328790682750349e-02 7.831353579900664219e-02
4.391666666666665719e+01 9.320844082871980463e-02 9.206257232973087679e-02 8.919765329119910824e-02 8.761772771787426639e-02 8.503533756930610477e-02 7.566843688499481912e-02
4.393333333333333712e+01 9.055715787450892285e-02 8.935459540605450446e-02 8.657522129709370462e-02 8.501698789112351051e-02 8.235081700734134258e-02 7.312787684547319977e-02
4.395000000000000284e+01 8.798400308529714942e-02 8.691477125217404731e-02 8.405561660307991900e-02 8.243596038469158671e-02 7.974191122571941404e-02 7.067192646506549603e-02
4.396666666666666856e+01 8.546271800375351835e-02 8.447401491447110999e-02 8.163180501316950888e-02 8.003043153238312279e-02 7.721526442623791175e-02 6.830110960528847086e-02
4.398333333333333428e+01 8.305913844708685823e-02 8.194481529271427367e-02 7.928369873087054431e-02 7.767150570578175428e-02 7.479065879481634760e-02 6.602680978332757522e-02
4.400000000000000000e+01 8.071558811590416604e-02 7.953396974352243409e-02 7.699300290638236288e-02 7.537755421633257624e-02 7.245962122917536108e-02 6.380351331580302876e-02
4.401666666666666572e+01 7.846255678755478802e-02 7.732266733458567631e-02 7.474412590004757273e-02 7.313747377686453943e-02 7.018572069707366967e-02 6.166440718049857189e-02
4.403333333333333144e+01 7.628263856938997944e-02 7.515729157888953460e-02 7.260266464227657646e-02 7.100982221830885732e-02 6.798427393224579229e-02 5.958283806168428176e-02
4.404999999999999716e+01 7.417021631212256105e-02 7.299619488933034583e-02 7.051352748736400278e-02 6.892253723091336381e-02 6.583218929415091125e-02 5.759508786143463510e-02
4.406666666666666288e+01 7.212069231967666028e-02 7.086134199845327275e-02 6.851192590079459299e-02 6.689657518802276381e-02 6.376083596834572487e-02 5.563899469517850221e-02
4.408333333333334281e+01 7.014180576942331824e-02 6.889440874240725099e-02 6.658388945109473822e-02 6.494866830614400011e-02 6.175698103101475572e-02 5.374317353139993619e-02
4.409999999999999432e+01 6.822335797159671811e-02 6.697974427999155156e-02 6.470768989157336948e-02 6.304908514250794072e-02 5.983951452213014111e-02 5.190471261717980594e-02
4.411666666666666003e+01 6.636017159124282805e-02 6.512165497267231873e-02 6.285953464765563214e-02 6.120761988867521458e-02 5.795463612371840739e-02 5.012625415278542523e-02
4.413333333333333997e+01 6.456797364572069986e-02 6.330023424599244553e-02 6.108523881881667422e-02 5.942180023827474400e-02 5.612524419673700637e-02 4.841378593408886960e-02
4.415000000000000568e+01 6.282399091357261656e-02 6.154045115938304444e-02 5.936293045520101702e-02 5.769618464064027452e-02 5.434771717549045228e-02 4.673950357833352165e-02
4.416666666666665719e+01 6.113660140497857026e-02 5.983104389249425947e-02 5.768769936488838540e-02 5.602256263671823167e-02 5.261671788744418793e-02 4.511764254390290829e-02
4.418333333333333712e+01 5.948751363931700092e-02 5.817273914205289137e-02 5.607027126493840941e-02 5.441334440845875531e-02 5.094958448685175945e-02 4.354228621662789567e-02
4.420000000000000284e+01 5.790273673479032213e-02 5.658255077610898492e-02 5.450036187196721782e-02 5.283695202689267512e-02 4.934243603377892057e-02 4.203032825029658776e-02
4.421666666666666856e+01 5.636890927402254947e-02 5.501898658644354539e-02 5.297901970860787596e-02 5.130292484519462237e-02 4.779396247049235574e-02 4.054625149557447572e-02
4.423333333333333428e+01 5.488485264580037631e-02 5.351936875227654433e-02 5.149239725965699260e-02 4.981679873082928145e-02 4.627721693919015916e-02 3.912308722895115054e-02
4.425000000000000000e+01 5.343459072567055546e-02 5.205739186256490292e-02 5.006326520588466611e-02 4.839603745653944106e-02 4.480406201861763388e-02 3.773052000242134441e-02
4.426666666666666572e+01 5.203524667935637005e-02 5.064515063705139764e-02 4.867763488009717310e-02 4.700158708116438516e-02 4.335985621338235563e-02 3.638983875758063785e-02
4.428333333333333144e+01 5.067066945541795486e-02 4.926829753287537833e-02 4.734655038277077455e-02 4.562893204267223085e-02 4.197943416858852805e-02 3.507479401167712396e-02
4.429999999999999716e+01 4.932901382479017161e-02 4.793732740003215503e-02 4.603921022492089843e-02 4.432534208788770774e-02 4.064732178227702802e-02 3.380647822971319383e-02
4.431666666666666288e+01 4.802824265814716748e-02 4.664598135461000411e-02 4.476539420515390083e-02 4.306354415975997829e-02 3.935355522883011992e-02 3.257514471327994932e-02
4.433333333333334281e+01 4.676105720206522043e-02 4.538963273990294367e-02 4.353012262080824257e-02 4.180942736792735842e-02 3.807889987552998123e-02 3.137611263847529808e-02
4.434999999999999432e+01 4.554555409635008267e-02 4.417276587702856361e-02 4.233443784741556387e-02 4.061927705654446580e-02 3.684455985015079593e-02 3.021348076189435058e-02
4.436666666666666003e+01 4.436392023522291866e-02 4.298799101173890469e-02 4.117970430397357995e-02 3.946759525586409495e-02 3.564689174053035231e-02 2.908611743088365675e-02
4.438333333333333997e+01 4.322147861485275966e-02 4.184399965655531684e-02 4.005366357008136730e-02 3.831764494548117045e-02 3.448332811894724848e-02 2.799239292491191924e-02
4.440000000000000568e+01 4.211087745959803813e-02 4.072804643348187925e-02 3.895894211308470467e-02 3.721257901762998338e-02 3.336099659242566795e-02 2.692673122220910417e-02
4.441666666666665719e+01 4.103234160289432469e-02 3.964846434209657461e-02 3.789030240383543802e-02 3.615451160509083189e-02 3.226075249924521132e-02 2.589388269162347378e-02
4.443333333333333712e+01 3.998308386287732774e-02 3.859391849811616426e-02 3.686128721790149498e-02 3.510787438486621947e-02 3.119427129111482927e-02 2.488409484545857017e-02
4.445000000000000284e+01 3.896767543061989414e-02 3.757879939920403395e-02 3.585554950478477693e-02 3.408741911718047440e-02 3.015832524155509162e-02 2.391251921986166373e-02
4.446666666666666856e+01 3.797542956627545513e-02 3.658421889055468723e-02 3.488211724563638344e-02 3.312858904767171375e-02 2.916933347435579291e-02 2.295879184727887129e-02
4.448333333333333428e+01 3.701676309330063225e-02 3.562500025735274023e-02 3.392984911320857944e-02 3.216219522203566522e-02 2.819764603541117035e-02 2.204049679969350556e-02
4.450000000000000000e+01 3.608536892965556742e-02 3.468680884505461609e-02 3.301183798431189809e-02 3.126266226118036562e-02 2.724937602082516327e-02 2.114216388574072236e-02
4.451666666666666572e+01 3.517717340362643691e-02 3.378031891112577567e-02 3.212061477824985217e-02 3.036448280671559530e-02 2.632495898575352294e-02 2.027284393430120804e-02
4.453333333333333144e+01 3.429697655157802616e-02 3.289810860138059345e-02 3.124986377366134258e-02 2.947739582605513747e-02 2.543106236843215365e-02 1.942584435958323238e-02
4.454999999999999716e+01 3.343828654385959387e-02 3.203856424150496041e-02 3.040079147699083217e-02 2.862418850727224337e-02 2.456122442669453343e-02 1.860159838720911243e-02
4.456666666666666288e+01 3.260709659462208976e-02 3.120540434925266407e-02 2.957919807931539552e-02 2.779694587236638051e-02 2.371250935227752973e-02 1.780165524551460127e-02
4.458333333333334281e+01 3.179514071002092351e-02 3.039318102169536254e-02 2.878496269109430752e-02 2.699393276611954454e-02 2.289001105172438003e-02 1.702221421882759572e-02
4.459999999999999432e+01 3.101047826585937028e-02 2.960642997972823959e-02 2.800538824467834614e-02 2.620817572597279946e-02 2.208634896827537525e-02 1.626563184305539547e-02
4.461666666666666003e+01 3.024338922152549486e-02 2.883691508680674004e-02 2.724710327050709757e-02 2.546249753375521424e-02 2.131215561515549528e-02 1.552472608231836304e-02
4.463333333333333997e+01 2.950050252938309775e-02 2.809425500370466705e-02 2.651072621665847770e-02 2.472621400689492197e-02 2.055210295055982100e-02 1.481300746815508024e-02
4.465000000000000568e+01 2.877536898735449239e-02 2.736760766187994187e-02 2.580289827672006125e-02 2.398784394330263220e-02 1.982007382640455992e-02 1.411245352518157060e-02
4.466666666666665719e+01 2.807283147707855323e-02 2.666801793928210568e-02 2.510731081650200563e-02 2.328699799655817998e-02 1.910800868221368062e-02 1.343827038447447698e-02
4.468333333333333712e+01 2.738788235222885600e-02 2.597848229452500227e-02 2.442833232325231779e-02 2.261629527450039270e-02 1.841642828134781168e-02 1.277594035026260316e-02
4.470000000000000284e+01 2.672170425218821019e-02 2.531366517351377188e-02 2.377082132390880703e-02 2.195993716017442809e-02 1.773787359404020020e-02 1.213523338058385311e-02
4.471666666666666856e+01 2.607410578663028888e-02 2.466310810984577787e-02 2.313186028421267137e-02 2.130387086080610948e-02 1.708082025463235690e-02 1.150924176657075991e-02
4.473333333333333428e+01 2.544215145405937309e-02 2.403318267086469728e-02 2.250469017078335701e-02 2.065341268839408079e-02 1.643947319033560103e-02 1.090005649502436870e-02
4.475000000000000000e+01 2.482979564864026475e-02 2.342071270893143764e-02 2.189369330149769366e-02 2.005527732130235261e-02 1.581149451246113835e-02 1.030643566493861726e-02
4.476666666666666572e+01 2.423098249895940665e-02 2.282082126804584055e-02 2.130587757781150088e-02 1.948594253218752931e-02 1.520264172662598619e-02 9.730510465987810345e-03
4.478333333333333144e+01 2.365257036264244855e-02 2.223881593140630136e-02 2.073405817814405819e-02 1.889142773132503061e-02 1.460840092412901692e-02 9.169719089255144728e-03
4.479999999999999716e+01 2.308461193855562005e-02 2.167152884014992079e-02 2.017939080382697564e-02 1.832870987277490649e-02 1.403561739936015802e-02 8.622328611766708756e-03
4.481666666666666288e+01 2.253496788320183061e-02 2.112212607710530973e-02 1.963296337498255176e-02 1.779465778382161717e-02 1.347592392349086267e-02 8.096395530982260919e-03
4.483333333333334281e+01 2.199917044656762508e-02 2.058358834909809407e-02 1.910130362953486177e-02 1.726261013374016245e-02 1.293191974853996791e-02 7.584706210080240617e-03
4.484999999999999432e+01 2.147732467101805612e-02 2.006367773784059269e-02 1.858420055715731892e-02 1.673486121610252841e-02 1.239881243036343103e-02 7.084068155631621094e-03
4.486666666666666003e+01 2.096710097715268756e-02 1.955289266123006950e-02 1.808501093758015446e-02 1.620851631346044083e-02 1.188304439523385318e-02 6.586301559662608926e-03
4.488333333333333997e+01 2.047234857831594854e-02 1.906046169724669517e-02 1.759377642329237185e-02 1.572673246910871389e-02 1.137621346234949683e-02 6.097111988629359478e-03
4.490000000000000568e+01 1.998958795880903527e-02 1.857726344819563349e-02 1.711443880320717009e-02 1.529492994887001606e-02 1.088170998530318782e-02 5.621151670593725960e-03
4.491666666666665719e+01 1.951953556429564599e-02 1.810864433078436531e-02 1.664890699004538399e-02 1.484564758743339360e-02 1.040373443894506908e-02 5.166973252760562532e-03
4.493333333333333712e+01 1.906261238496939972e-02 1.765087924414520879e-02 1.619685999638074622e-02 1.437696244349168616e-02 9.941170880196218904e-03 4.722032772012679618e-03
4.495000000000000284e+01 1.861520442908636344e-02 1.720585252816149088e-02 1.575918198966338654e-02 1.390639368060749177e-02 9.489906466473631633e-03 4.289068307707490611e-03
4.496666666666666856e+01 1.818180108830810479e-02 1.677170452882859042e-02 1.532952833614562374e-02 1.348481072808076567e-02 9.044347136237477353e-03 3.866393297912670748e-03
4.498333333333333428e+01 1.775764415275267114e-02 1.634920441079242351e-02 1.490912844061538511e-02 1.307513439284611542e-02 8.613962222767980459e-03 3.451996801009036588e-03
4.500000000000000000e+01 1.734600095458464775e-02 1.593824084249161402e-02 1.449701100532261797e-02 1.264336376973560286e-02 8.192998873241331623e-03 3.052183592574914898e-03
4.501666666666666572e+01 1.694360343811406391e-02 1.553515078933737602e-02 1.410189472030237007e-02 1.222480984589405760e-02 7.786002083625941442e-03 2.659884620535399053e-03
4.503333333333333144e+01 1.655317176397904169e-02 1.514645634943061724e-02 1.371597150459407354e-02 1.185408889219493819e-02 7.384543232332246680e-03 2.280165938819683682e-03
4.504999999999999716e+01 1.617037639443583141e-02 1.476349487846233093e-02 1.333970950345311074e-02 1.147591500116557778e-02 6.993956273503335389e-03 1.906485781481518467e-03
4.506666666666666288e+01 1.579930361926222548e-02 1.439355349958617268e-02 1.296925601726857911e-02 1.109258647290037487e-02 6.612474340511358822e-03 1.548902221131719060e-03
4.508333333333334281e+01 1.543589335677539830e-02 1.403025512525102499e-02 1.261044055068259381e-02 1.072474820586302030e-02 6.245137621478835839e-03 1.197995846515916701e-03
4.509999999999999432e+01 1.508269884618722821e-02 1.367933705839708379e-02 1.226160676030917628e-02 1.036511093369806361e-02 5.889104069632463030e-03 8.580890516865732377e-04
4.511666666666666003e+01 1.473847671049017052e-02 1.333463485598086577e-02 1.192136734145879048e-02 1.002765957651484408e-02 5.537588796854800433e-03 5.215941149909735647e-04
4.513333333333333997e+01 1.440225882911055563e-02 1.300036317103772827e-02 1.158911414052306993e-02 9.685650121223406822e-03 5.192957403558690586e-03 1.964164739638450707e-04
4.515000000000000568e+01 1.407523643071406476e-02 1.267258169407664385e-02 1.126220826997673986e-02 9.340559994318436629e-03 4.857922331100304920e-03 -1.221112779831732339e-04
4.516666666666665719e+01 1.375518949946274647e-02 1.235465011270891859e-02 1.094676267417461941e-02 9.031588999953939212e-03 4.537009394760424703e-03 -4.311703172278557802e-04
4.518333333333333712e+01 1.344478728166640345e-02 1.204441133255818031e-02 1.063923155464341526e-02 8.737287964346444544e-03 4.223057114405222821e-03 -7.332701079542509577e-04
4.520000000000000284e+01 1.314004485043540615e-02 1.174036021865960608e-02 1.034030606475750888e-02 8.447907271378228208e-03 3.916371552508614469e-03 -1.028220374782915251e-03
4.521666666666666856e+01 1.284527172852274746e-02 1.144546915816990577e-02 1.004405717671227535e-02 8.166745591493742434e-03 3.609162051264185999e-03 -1.313092616100917107e-03
4.523333333333333428e+01 1.255456220019213545e-02 1.115644398363039788e-02 9.758659000416627927e-03 7.879737197274609348e-03 3.303676335191596449e-03 -1.591401182228324978e-03
4.525000000000000000e+01 1.227432897357374521e-02 1.087571582081118399e-02 9.478656001949251758e-03 7.583854636434182381e-03 3.012099288332621087e-03 -1.863923493403005054e-03
4.526666666666666572e+01 1.199902621406939360e-02 1.060028492961863009e-02 9.206441068143580292e-03 7.287135852645679895e-03 2.732617837527306307e-03 -2.134266807841951000e-03
4.528333333333333144e+01 1.173150907642676183e-02 1.033421832684623155e-02 8.940731497061508645e-03 7.021535806263937314e-03 2.460450354209569538e-03 -2.395751435227940710e-03
4.529999999999999716e+01 1.146928431947623686e-02 1.007185566078240557e-02 8.681772844743775724e-03 6.758450190913433547e-03 2.195602909862466243e-03 -2.651301120967443099e-03
4.531666666666666288e+01 1.121459362449091744e-02 9.818481022130527008e-03 8.429060750475562275e-03 6.489727180987977899e-03 1.934681475225574114e-03 -2.886434427764494621e-03
4.533333333333334281e+01 1.096568304819517739e-02 9.569415322127837811e-03 8.181050179351632978e-03 6.238433822651523984e-03 1.674851187586070796e-03 -3.114427639946820703e-03
4.534999999999999432e+01 1.072219416767866348e-02 9.327709804862947124e-03 7.940706510860756975e-03 5.993146868600270245e-03 1.424560664418447623e-03 -3.349553614019127983e-03
4.536666666666666003e+01 1.048544438079350959e-02 9.090855212733440355e-03 7.705193202374978692e-03 5.769830988081326058e-03 1.180079529939029401e-03 -3.587233146576190423e-03
4.538333333333333997e+01 1.025287594469967249e-02 8.859653872485183379e-03 7.475732003594510663e-03 5.539061125265292568e-03 9.444835890588799921e-04 -3.819960191315984171e-03
4.540000000000000568e+01 1.002721576448327954e-02 8.634513081864893247e-03 7.251456275909259723e-03 5.304768912345666533e-03 7.118389872709527180e-04 -4.047951806890302123e-03
4.541666666666665719e+01 9.806197138920233827e-03 8.414046551277786987e-03 7.035074711475922116e-03 5.085002634434998385e-03 4.855130192811600814e-04 -4.271950227524126328e-03
4.543333333333333712e+01 9.592141390436936463e-03 8.200396772239861021e-03 6.821302936716269229e-03 4.870923839511088344e-03 2.634474638008619065e-04 -4.485707788281429950e-03
4.545000000000000284e+01 9.381789045123547013e-03 7.989906711300906808e-03 6.612074782528625135e-03 4.658592734363113316e-03 4.890714686211940080e-05 -4.694122966606501662e-03
4.546666666666666856e+01 9.177406061674941995e-03 7.786512990406175248e-03 6.408727599376320624e-03 4.451518826771327410e-03 -1.600695978543504867e-04 -4.894011634039767064e-03
4.548333333333333428e+01 8.975913656348297187e-03 7.585946665756788769e-03 6.210786530938578083e-03 4.247665840053040445e-03 -3.658595655248842544e-04 -5.093079962129782451e-03
4.550000000000000000e+01 8.781320047139006685e-03 7.392043470263212970e-03 6.016884333361693406e-03 4.052452765360385969e-03 -5.666885052531021394e-04 -5.283420881706899809e-03
4.551666666666666572e+01 8.589230808534589756e-03 7.200821849426812353e-03 5.827047292693513653e-03 3.859340795121117551e-03 -7.620473800255385616e-04 -5.472232944121527970e-03
4.553333333333333144e+01 8.401928034088667133e-03 7.015769247827649720e-03 5.642265253609408254e-03 3.673206794844798527e-03 -9.495593573255988991e-04 -5.654862177275935334e-03
4.554999999999999716e+01 8.220119387144890488e-03 6.834130068654258386e-03 5.460309860356026002e-03 3.489788469692476063e-03 -1.135226614170405319e-03 -5.833974360916809911e-03
4.556666666666666288e+01 8.041651627974067199e-03 6.657291178912263553e-03 5.283795033700415707e-03 3.309633077057287393e-03 -1.317179202984333688e-03 -6.009039446346803141e-03
4.558333333333334281e+01 7.867979871553729132e-03 6.484110032068363116e-03 5.111391539210625654e-03 3.136532683926027392e-03 -1.494443949358481398e-03 -6.178952894480008000e-03
4.559999999999999432e+01 7.698201782154690843e-03 6.315032532964135435e-03 4.944810125718632557e-03 2.967763685085010421e-03 -1.666283737603923426e-03 -6.344282805783903710e-03
4.561666666666666003e+01 7.533086098831650798e-03 6.150040528483747930e-03 4.779933740304919895e-03 2.799359108631856944e-03 -1.837069016392473301e-03 -6.506461892858974097e-03
4.563333333333333997e+01 7.370242139228337132e-03 5.988991594981469407e-03 4.617385113092209968e-03 2.636380060989353558e-03 -2.003826682114119313e-03 -6.665332635040979378e-03
4.565000000000000568e+01 7.212412139410401268e-03 5.831673735934979515e-03 4.457538224678093443e-03 2.479322469377080989e-03 -2.165892287333909694e-03 -6.818701326035246472e-03
4.566666666666665719e+01 7.057312885692234444e-03 5.677207298231420549e-03 4.303682196886067859e-03 2.324466177601853655e-03 -2.324516986283835414e-03 -6.970612262380093509e-03
4.568333333333333712e+01 6.907294573290605547e-03 5.527532812609053763e-03 4.154641017940600978e-03 2.171018019483886979e-03 -2.478604669786300344e-03 -7.119474434850619690e-03
4.570000000000000284e+01 6.759339390556634401e-03 5.379795458164179922e-03 4.008208326833244579e-03 2.025465419038142024e-03 -2.629609669601223627e-03 -7.264571604794023939e-03
4.571666666666666856e+01 6.615544407226814014e-03 5.237231301778344679e-03 3.865233757098034476e-03 1.881363594111428285e-03 -2.776238469580613859e-03 -7.405324498639596215e-03
4.573333333333333428e+01 6.474487128253792259e-03 5.096806672894502004e-03 3.725023985444488647e-03 1.739100115405058707e-03 -2.921774492510042110e-03 -7.544991431992876391e-03
4.575000000000000000e+01 6.336861338643736373e-03 4.960795431946284778e-03 3.588702445024861618e-03 1.601962946304756738e-03 -3.062667667612945215e-03 -7.681390620878292101e-03
4.576666666666666572e+01 6.202609859687499561e-03 4.825850119699120859e-03 3.454905217614255477e-03 1.469067857379565897e-03 -3.200808548532111091e-03 -7.814250018130105072e-03
4.578333333333333144e+01 6.070903263458955063e-03 4.695432231250768786e-03 3.324837569919916573e-03 1.333134446658987499e-03 -3.334899208319971626e-03 -7.942931207044926639e-03
4.579999999999999716e+01 5.942660276587120177e-03 4.567397827940515576e-03 3.196896081530610674e-03 1.199746791097511733e-03 -3.467897706311788737e-03 -8.068958685156037147e-03
4.581666666666666288e+01 5.816852231131795087e-03 4.442558071439546216e-03 3.072700475284029405e-03 1.073121453533266512e-03 -3.597476772747308475e-03 -8.193589201153756232e-03
4.583333333333334281e+01 5.694673537919129301e-03 4.320787787879485156e-03 2.950752611386065968e-03 9.529175048322891016e-04 -3.724868486311310335e-03 -8.314981313604261418e-03
4.584999999999999432e+01 5.574361115216684183e-03 4.201195249917541973e-03 2.831863093654523374e-03 8.315654778063058441e-04 -3.850661538194210132e-03 -8.433741453240837030e-03
4.586666666666666003e+01 5.457632509753490742e-03 4.084955581165565681e-03 2.715371159717742348e-03 7.122348973437160006e-04 -3.971609590778995245e-03 -8.548894007103456302e-03
4.588333333333333997e+01 5.342589876587006126e-03 3.970919016219510815e-03 2.601676632679193572e-03 5.957004898825249591e-04 -4.089482042055222338e-03 -8.662089080326980731e-03
4.590000000000000568e+01 5.231216747960825558e-03 3.859610367677318576e-03 2.490622358234986441e-03 4.815658090153670558e-04 -4.204660924657696586e-03 -8.772903582861667215e-03
4.591666666666665719e+01 5.121354856407373674e-03 3.750485497798569743e-03 2.381814471652164700e-03 3.709925093563203611e-04 -4.318168445447270049e-03 -8.882017643753863448e-03
4.593333333333333712e+01 5.014585331865981967e-03 3.644654463195391974e-03 2.275682250398382376e-03 2.640690580142957011e-04 -4.427723433223025758e-03 -8.987193526101690949e-03
4.595000000000000284e+01 4.909906887605775677e-03 3.540312820925412170e-03 2.171596148145194492e-03 1.577925584233797721e-04 -4.535984258974589019e-03 -9.090001875898531120e-03
4.596666666666666856e+01 4.807394946457601952e-03 3.439443802026392275e-03 2.070303497862049664e-03 5.575165613225246822e-05 -4.640696556089754683e-03 -9.191362833966381859e-03
4.598333333333333428e+01 4.707389690724879394e-03 3.339725502749655694e-03 1.970549984973871821e-03 -4.425503160045162111e-05 -4.743755898918202568e-03 -9.291099659636620212e-03
4.600000000000000000e+01 4.609551061803567398e-03 3.242344875850757240e-03 1.873646365780640881e-03 -1.423292433269296626e-04 -4.844303730437189356e-03 -9.388409716615128686e-03
4.601666666666666572e+01 4.514081990165320912e-03 3.147229820317311993e-03 1.778557710359411105e-03 -2.392638921087273881e-04 -4.942833779229836681e-03 -9.483144362886363962e-03
4.603333333333333144e+01 4.420195767156046181e-03 3.054348351726608908e-03 1.686020227554091986e-03 -3.317915484758344200e-04 -5.038997805635462776e-03 -9.576050531780937874e-03
4.604999999999999716e+01 4.329140637405711964e-03 2.963162439364373530e-03 1.595012859886122411e-03 -4.241626266253085086e-04 -5.133270924381501572e-03 -9.665489226128599551e-03
4.606666666666666288e+01 4.239347884717407054e-03 2.874091354349943544e-03 1.506170617743109522e-03 -5.163561883027124400e-04 -5.225598700200667114e-03 -9.753777931610656607e-03
4.608333333333334281e+01 4.152050249917389746e-03 2.787325302121905404e-03 1.419330346740373724e-03 -6.030939553321349811e-04 -5.315391581798411570e-03 -9.840851052883342956e-03
4.609999999999999432e+01 4.066231947280683594e-03 2.701987583546717770e-03 1.334492656513176344e-03 -6.866920160778109891e-04 -5.403913918194927848e-03 -9.926208260600644095e-03
4.611666666666666003e+01 3.982984076064595771e-03 2.619078565737761270e-03 1.251784516266854714e-03 -7.728131899354997439e-04 -5.489699223540268555e-03 -1.000910482789420936e-02
4.613333333333333997e+01 3.900838285825485464e-03 2.537373694061571556e-03 1.170582376802778305e-03 -8.552327081940718943e-04 -5.574326450491723893e-03 -1.009066894607654925e-02
4.615000000000000568e+01 3.820957522670846967e-03 2.458030796593894517e-03 1.091264046211813882e-03 -9.368765520653592541e-04 -5.656692318656111537e-03 -1.017097125378185925e-02
4.616666666666665719e+01 3.742504162371031347e-03 2.380069642914853147e-03 1.013619245131146393e-03 -1.015210016282856688e-03 -5.737557517198373438e-03 -1.024902807397219499e-02
4.618333333333333712e+01 3.665544168307660958e-03 2.304155522188984766e-03 9.385810174673374362e-04 -1.092795240375406783e-03 -5.816220585010743391e-03 -1.032465619165034119e-02
4.620000000000000284e+01 3.590638420866412196e-03 2.229473049164190993e-03 8.654572862375416219e-04 -1.169815821650628659e-03 -5.893770925986706148e-03 -1.039848225118401685e-02
4.621666666666666856e+01 3.517129708205588273e-03 2.156746558574789037e-03 7.945429350943723464e-04 -1.242884297065204339e-03 -5.969045949242346265e-03 -1.047121011151012568e-02
4.623333333333333428e+01 3.445596741317978780e-03 2.085280098376317628e-03 7.240429561482292133e-04 -1.315035675795293195e-03 -6.043167408204335248e-03 -1.054161410796361671e-02
4.625000000000000000e+01 3.375068352139382055e-03 2.015700852028646465e-03 6.533228051501955560e-04 -1.387728811013515858e-03 -6.115648432969190453e-03 -1.061095152173852779e-02
4.626666666666666572e+01 3.306584509837864200e-03 1.947395184645081979e-03 5.824355319375099527e-04 -1.455163127951139687e-03 -6.186120858381191460e-03 -1.067893330282717983e-02
4.628333333333333144e+01 3.239126879698094475e-03 1.880529610221239566e-03 5.144065485899895372e-04 -1.522401383230716308e-03 -6.255754556337776717e-03 -1.074573446103048620e-02
4.629999999999999716e+01 3.173494645282169506e-03 1.815421701445070436e-03 4.497539485451571895e-04 -1.590440493598563321e-03 -6.323461266708995006e-03 -1.081108602693729367e-02
4.631666666666666288e+01 3.108985804562819453e-03 1.751257011613134053e-03 3.861860515517672007e-04 -1.654772714368516265e-03 -6.390091339628420526e-03 -1.087533093227614767e-02
4.633333333333334281e+01 3.046158302977513936e-03 1.688842447229809036e-03 3.237496780190664758e-04 -1.718224951465819293e-03 -6.454801282319301212e-03 -1.093794742668869301e-02
4.634999999999999432e+01 2.984337121785082553e-03 1.627490378265697511e-03 2.621490513384324610e-04 -1.780680000378024848e-03 -6.518644985351682714e-03 -1.099853413026082201e-02
4.636666666666666003e+01 2.923975031206053898e-03 1.567617551209150905e-03 2.016651378188822979e-04 -1.840629841369521890e-03 -6.580466185096819909e-03 -1.105822441414239417e-02
4.638333333333333997e+01 2.865001705222454918e-03 1.508721849091486985e-03 1.419985436617804484e-04 -1.901397912251946709e-03 -6.641651833552794648e-03 -1.111721731181413049e-02
4.640000000000000568e+01 2.807119877686590787e-03 1.451608511795122623e-03 8.445052334234703104e-05 -1.958965693088410894e-03 -6.700968303107636935e-03 -1.117498434103349550e-02
4.641666666666665719e+01 2.750694268483571889e-03 1.395282598199748493e-03 2.830621722622605758e-05 -2.016159388275161595e-03 -6.759326644489852508e-03 -1.123114833908742810e-02
4.643333333333333712e+01 2.695132290099840674e-03 1.340536380020427914e-03 -2.672786175771099397e-05 -2.073299053261317467e-03 -6.816535772036216509e-03 -1.128640441493644446e-02
4.645000000000000284e+01 2.641080862331920791e-03 1.286531464392258635e-03 -8.114905813510928058e-05 -2.126165069386241717e-03 -6.872366079750860841e-03 -1.134048358613228349e-02
4.646666666666666856e+01 2.587805153779261774e-03 1.233871646925722076e-03 -1.345184588324260214e-04 -2.179473039560553532e-03 -6.927149166738755248e-03 -1.139382566999938909e-02
4.648333333333333428e+01 2.536067360783933466e-03 1.182398309156484353e-03 -1.861795530172492298e-04 -2.233277751349182615e-03 -6.980554609679000787e-03 -1.144610595888656719e-02
4.650000000000000000e+01 2.485010326161300829e-03 1.131742116884072117e-03 -2.363981686448052288e-04 -2.284578865451178820e-03 -7.033095963505234423e-03 -1.149728944032795200e-02
4.651666666666666572e+01 2.435458200773893325e-03 1.082472169723409493e-03 -2.854247098926271007e-04 -2.333999181779483189e-03 -7.084165777973034858e-03 -1.154767666447113934e-02
4.653333333333333144e+01 2.386646786835244609e-03 1.033914903853328914e-03 -3.339714422082805368e-04 -2.382385177274239443e-03 -7.134446826437111470e-03 -1.159669990641341158e-02
4.654999999999999716e+01 2.339036931087820625e-03 9.868214610510820002e-04 -3.813602956869675538e-04 -2.430838043268372228e-03 -7.183271307987006311e-03 -1.164422438453123487e-02
4.656666666666666288e+01 2.292301200504680628e-03 9.402892350333512568e-04 -4.276800293028543577e-04 -2.478487853482202585e-03 -7.231488034600401862e-03 -1.169083229034446371e-02
4.658333333333334281e+01 2.246599602669043308e-03 8.952108733307639508e-04 -4.727660130014737648e-04 -2.524668263787117027e-03 -7.278355748613986147e-03 -1.173627630239848334e-02
4.659999999999999432e+01 2.201824456656641983e-03 8.505709492421843505e-04 -5.171598015621313394e-04 -2.570015705442798074e-03 -7.324571922974230237e-03 -1.178059550623296835e-02
4.661666666666666003e+01 2.157871657948551552e-03 8.073446749326020902e-04 -5.604932522339407808e-04 -2.614537459911445410e-03 -7.369615959419757549e-03 -1.182406784801341010e-02
4.663333333333333997e+01 2.115065321748012955e-03 7.645879596083904198e-04 -6.033923786399335472e-04 -2.658406601844570585e-03 -7.413919383675397594e-03 -1.186659606536864635e-02
4.665000000000000568e+01 2.072891465771490704e-03 7.230185343832973462e-04 -6.455819615078680056e-04 -2.701059327906054318e-03 -7.457244140542555917e-03 -1.190846609509881374e-02
4.666666666666665719e+01 2.031898928481563199e-03 6.821974137780955011e-04 -6.864880820567852669e-04 -2.742712030168394707e-03 -7.499645390904883212e-03 -1.194951870810012640e-02
4.668333333333333712e+01 1.991429885831065907e-03 6.421498350235651121e-04 -7.261021911520389215e-04 -2.783169239670699353e-03 -7.541322541005371187e-03 -1.198981365966614483e-02
4.670000000000000284e+01 1.952113763272008209e-03 6.031220409399660337e-04 -7.648277165120879843e-04 -2.823266573307328317e-03 -7.581925809537623344e-03 -1.202934439662608525e-02
4.671666666666666856e+01 1.913368834742114766e-03 5.646207028670558424e-04 -8.035037017163208003e-04 -2.862595770128013774e-03 -7.621948426799791607e-03 -1.206830772644936454e-02
4.673333333333333428e+01 1.875713634844098504e-03 5.271920434403405209e-04 -8.413953951939528563e-04 -2.901168022101979511e-03 -7.660796915088251800e-03 -1.210599731068363362e-02
4.675000000000000000e+01 1.838544172570831222e-03 4.902918155380261208e-04 -8.782932442257126125e-04 -2.938810187642667496e-03 -7.699282408767022835e-03 -1.214275409653301808e-02
4.676666666666666572e+01 1.802243130873039433e-03 4.545270179977127295e-04 -9.142481377458289496e-04 -2.975640051266227690e-03 -7.736525785776804040e-03 -1.217917477808093396e-02
4.678333333333333144e+01 1.766679855872416074e-03 4.192489558156903707e-04 -9.498431517196119370e-04 -3.011826928015353365e-03 -7.773483720890940127e-03 -1.221512140894286114e-02
4.679999999999999716e+01 1.731805514338761575e-03 3.851502309645667642e-04 -9.844883780231951549e-04 -3.047197840855281857e-03 -7.809214578573642207e-03 -1.225009583858752485e-02
4.681666666666666288e+01 1.697741938301610028e-03 3.518844033294680302e-04 -1.018329868573671646e-03 -3.081804919333498705e-03 -7.844702241155071878e-03 -1.228408036702047755e-02
4.683333333333334281e+01 1.664219727906441270e-03 3.194113860440011502e-04 -1.051710820517325062e-03 -3.115194492184688354e-03 -7.879161252641079041e-03 -1.231762246215532298e-02
4.684999999999999432e+01 1.631584777544586818e-03 2.867850462839331878e-04 -1.084511605373355853e-03 -3.148217947015370232e-03 -7.913046710550096161e-03 -1.235057024362100700e-02
4.686666666666666003e+01 1.599392898560218898e-03 2.542359553497014284e-04 -1.116546353515726186e-03 -3.180892799525494689e-03 -7.946272314606893372e-03 -1.238288168524660435e-02
4.688333333333333997e+01 1.568131153377760748e-03 2.223207741489884569e-04 -1.147804137368037833e-03 -3.213000429651551026e-03 -7.978781959262657916e-03 -1.241443759464531255e-02
4.690000000000000568e+01 1.537262218209761852e-03 1.917662896795757708e-04 -1.178648157328362383e-03 -3.244245730181904291e-03 -8.010695318745741575e-03 -1.244529238989310928e-02
4.691666666666665719e+01 1.507301501747609343e-03 1.622569767849321265e-04 -1.208753620220351334e-03 -3.274855207530217964e-03 -8.041842935331208753e-03 -1.247523109477662387e-02
4.693333333333333712e+01 1.477682637631085863e-03 1.329810276635198102e-04 -1.238311260526702828e-03 -3.305000701265687225e-03 -8.072514468592308437e-03 -1.250472756079021135e-02
4.695000000000000284e+01 1.448865739714499858e-03 1.042419777889939172e-04 -1.267102121047448092e-03 -3.334393515479510371e-03 -8.102303116118958135e-03 -1.253401330840661979e-02
4.696666666666666856e+01 1.420517903279567944e-03 7.583406023867511104e-05 -1.295109179047508607e-03 -3.362797149341739764e-03 -8.131734907321766168e-03 -1.256260697873053632e-02
4.698333333333333428e+01 1.392710639274369246e-03 4.818228656651764731e-05 -1.322313469984024879e-03 -3.390750747559784142e-03 -8.160276342506650807e-03 -1.259045592843538106e-02
4.700000000000000000e+01 1.365569961185910232e-03 2.079777947170781199e-05 -1.349198966749662982e-03 -3.418560295741735963e-03 -8.188390200476625136e-03 -1.261754347676417864e-02
4.701666666666666572e+01 1.338904135416255818e-03 -5.504665079722719064e-06 -1.375965196660336497e-03 -3.445534899398464222e-03 -8.215773988884039758e-03 -1.264428483494697830e-02
4.703333333333333144e+01 1.312818767743537465e-03 -3.147754504508196779e-05 -1.402123682619785478e-03 -3.472095710667524524e-03 -8.243002646978012105e-03 -1.267054318310419439e-02
4.704999999999999716e+01 1.287176312795819746e-03 -5.673643235664960091e-05 -1.427550470030766348e-03 -3.497968048922499903e-03 -8.269424823418450657e-03 -1.269632058564165202e-02
4.706666666666666288e+01 1.262206547994091385e-03 -8.168871323357225402e-05 -1.452470371182812978e-03 -3.523373730818585119e-03 -8.295238581165554834e-03 -1.272146091836226685e-02
4.708333333333334281e+01 1.237522382575497121e-03 -1.060740181785520893e-04 -1.477193974388191569e-03 -3.548327136373401712e-03 -8.320483965842496304e-03 -1.274630429735684224e-02
4.709999999999999432e+01 1.213574245761715699e-03 -1.299961846085658543e-04 -1.501200024122593523e-03 -3.572762559735123862e-03 -8.345367409397733832e-03 -1.277066969526268261e-02
4.711666666666666003e+01 1.189947692716851121e-03 -1.534522674324081894e-04 -1.524518552545394735e-03 -3.596482229980185307e-03 -8.369852110298014319e-03 -1.279321901006260330e-02
4.713333333333333997e+01 1.166909595476253204e-03 -1.762379318020356909e-04 -1.547405193244111212e-03 -3.619671444907743979e-03 -8.393529794629801463e-03 -1.281490361857325067e-02
4.715000000000000568e+01 1.144207708581989908e-03 -1.985869423828969232e-04 -1.570199455824891057e-03 -3.642693934110337924e-03 -8.416760314073646124e-03 -1.283738127886967229e-02
4.716666666666665719e+01 1.122071310035172324e-03 -2.203122852115391877e-04 -1.592416061228087848e-03 -3.665359332060521419e-03 -8.439478751713179808e-03 -1.286019404200272609e-02
4.718333333333333712e+01 1.100335086201598405e-03 -2.417656097769498133e-04 -1.614045195754730501e-03 -3.687652164971756338e-03 -8.462059740236133748e-03 -1.288244613515261879e-02
4.720000000000000284e+01 1.079003833222175971e-03 -2.626731775500655759e-04 -1.635162543799474968e-03 -3.709458157706592256e-03 -8.484225077317081309e-03 -1.290466269017694588e-02
4.721666666666666856e+01 1.058157135281655994e-03 -2.833611515860863343e-04 -1.656031218317678471e-03 -3.730748545461534758e-03 -8.506006138531755495e-03 -1.292650481020943265e-02
4.723333333333333428e+01 1.037639385811437625e-03 -3.034923682582869159e-04 -1.676595601690268264e-03 -3.751474710846974901e-03 -8.527071952341473693e-03 -1.294766314708045533e-02
4.725000000000000000e+01 1.017644333761567486e-03 -3.234286262204731080e-04 -1.696512862225275182e-03 -3.771877126871485408e-03 -8.547971487750102154e-03 -1.296813399245008019e-02
4.726666666666666572e+01 9.979887369301236946e-04 -3.428478850461703226e-04 -1.715952265684111619e-03 -3.791703455078653581e-03 -8.568360544946170346e-03 -1.298851582059540322e-02
4.728333333333333144e+01 9.788162338235384136e-04 -3.618978319046444771e-04 -1.735075568342951029e-03 -3.811085898160407239e-03 -8.588203296469337777e-03 -1.300843893040945151e-02
4.729999999999999716e+01 9.598487349007702460e-04 -3.805575613863458931e-04 -1.754175243238057262e-03 -3.830206340357310106e-03 -8.607714836248843426e-03 -1.302758361954642861e-02
4.731666666666666288e+01 9.414434564390307012e-04 -3.987966828819399954e-04 -1.772785511991304200e-03 -3.849119391600269811e-03 -8.627117929873879404e-03 -1.304624310309147710e-02
4.733333333333334281e+01 9.232407869495096566e-04 -4.167238200910370997e-04 -1.790806842930910006e-03 -3.867539244478318799e-03 -8.646495971567139810e-03 -1.306460281087844233e-02
4.734999999999999432e+01 9.055186867104076266e-04 -4.342667608422165872e-04 -1.808270450167828421e-03 -3.885530577493887232e-03 -8.665202795245846926e-03 -1.308266257859130519e-02
4.736666666666666003e+01 8.880651961497971992e-04 -4.515485735507808918e-04 -1.825607980911720697e-03 -3.902628503060914539e-03 -8.683377266795803268e-03 -1.310026462523528924e-02
4.738333333333333997e+01 8.710123752258433450e-04 -4.683715038676942912e-04 -1.842734152795943384e-03 -3.919222995681531999e-03 -8.701094777741483557e-03 -1.311755498913841009e-02
4.740000000000000568e+01 8.542579960350818631e-04 -4.849674506874467202e-04 -1.859403238737883770e-03 -3.936158733142714437e-03 -8.718656738556212690e-03 -1.313447598895702874e-02
4.741666666666665719e+01 8.378083299273002141e-04 -5.011756266019886915e-04 -1.875654774826917941e-03 -3.953204475804193013e-03 -8.735719266193067017e-03 -1.315116330239956936e-02
4.743333333333333712e+01 8.217812575533136894e-04 -5.172004974834504797e-04 -1.891634213034209741e-03 -3.970140897893122307e-03 -8.752549556882833343e-03 -1.316735643465386657e-02
4.745000000000000284e+01 8.059522889989129872e-04 -5.327407122957509992e-04 -1.907446416995157729e-03 -3.986744054853997611e-03 -8.768872481560776103e-03 -1.318326338926715385e-02
4.746666666666666856e+01 7.905294910453027199e-04 -5.480589777664692745e-04 -1.922863820595332703e-03 -4.002630945845463660e-03 -8.784969856319366222e-03 -1.319885176091228733e-02
4.748333333333333428e+01 7.753469009250141698e-04 -5.630478354080685737e-04 -1.937900013190623069e-03 -4.018052019022743705e-03 -8.800661180929952865e-03 -1.321414098048115209e-02
4.750000000000000000e+01 7.605435735623723194e-04 -5.777469457452538877e-04 -1.952626932280985975e-03 -4.033411675368385116e-03 -8.816143299810452749e-03 -1.322911112121393125e-02
4.751666666666666572e+01 7.459393553804878835e-04 -5.921496334286807488e-04 -1.967359910357552484e-03 -4.048433979358868895e-03 -8.831332526865846855e-03 -1.324372894213975832e-02
4.753333333333333144e+01 7.317132742090772576e-04 -6.062673072022256408e-04 -1.981773623858310539e-03 -4.063112075402121846e-03 -8.846151015312586283e-03 -1.325810644564391280e-02
4.754999999999999716e+01 7.176945966260030001e-04 -6.201895227788946580e-04 -1.995847855197604818e-03 -4.077419962706096794e-03 -8.860805208807009253e-03 -1.327230294745137401e-02
4.756666666666666288e+01 7.040102615692667111e-04 -6.337314736493456641e-04 -2.009562049664893185e-03 -4.091522555121130701e-03 -8.875045757355691858e-03 -1.328624808038882110e-02
4.758333333333334281e+01 6.905398963771006886e-04 -6.470424868081095732e-04 -2.022908348419596037e-03 -4.105245927410133486e-03 -8.889110012456400908e-03 -1.329978154330579976e-02
4.759999999999999432e+01 6.773447639726499787e-04 -6.600583758773706121e-04 -2.035959886217749738e-03 -4.118592968166451436e-03 -8.902805492638511328e-03 -1.331294899230603054e-02
4.761666666666666003e+01 6.644391690673590294e-04 -6.728977387616038577e-04 -2.048939663464355559e-03 -4.131694365685974549e-03 -8.916329585692854207e-03 -1.332589639362490551e-02
4.763333333333333997e+01 6.517471143665080641e-04 -6.854232005849114195e-04 -2.061672378534484644e-03 -4.144649716731000320e-03 -8.929440601618890416e-03 -1.333878495084060006e-02
4.765000000000000568e+01 6.393420852438579712e-04 -6.977659657983417306e-04 -2.073981868675395419e-03 -4.157410346505135620e-03 -8.942442178028012570e-03 -1.335144468382618715e-02
4.766666666666665719e+01 6.271150164330366013e-04 -7.097694605532937039e-04 -2.086125606119663446e-03 -4.169822420797502857e-03 -8.955067461722011901e-03 -1.336383113076869932e-02
4.768333333333333712e+01 6.152186879257889830e-04 -7.216101689193364426e-04 -2.098059395055476822e-03 -4.181939498562609568e-03 -8.967582332684270741e-03 -1.337592681175850742e-02
4.770000000000000284e+01 6.034548468080670400e-04 -7.332058056754813110e-04 -2.109783727323664461e-03 -4.193940554542335830e-03 -8.979716379441943577e-03 -1.338786718380070330e-02
4.771666666666666856e+01 5.930583228660010102e-04 -7.445665697737210422e-04 -2.121220905349669849e-03 -4.205777896464217916e-03 -8.991627190802660430e-03 -1.339960149278607814e-02
4.773333333333333428e+01 5.831554706795023411e-04 -7.557276671273055295e-04 -2.131471073217199898e-03 -4.216173002847998889e-03 -9.003340810331095928e-03 -1.341102305825841653e-02
4.775000000000000000e+01 5.731867239058579437e-04 -7.655958023767265750e-04 -2.141255282769437534e-03 -4.226146586690540836e-03 -9.014861311662855994e-03 -1.342220736301645047e-02
4.776666666666666572e+01 5.634771049031209655e-04 -7.751527216923957122e-04 -2.150821527001769290e-03 -4.236051073453031210e-03 -9.026178167882285483e-03 -1.343316993581103978e-02
4.778333333333333144e+01 5.540062486173170627e-04 -7.845618970576703592e-04 -2.160288430690481334e-03 -4.245730067338749671e-03 -9.037233882372819327e-03 -1.344298425733143378e-02
4.779999999999999716e+01 5.446584989375950715e-04 -7.937058571117381559e-04 -2.169621298269659888e-03 -4.255245430054103821e-03 -9.048141515353437872e-03 -1.345233783282726199e-02
4.781666666666666288e+01 5.354543747381904431e-04 -8.027784586670962510e-04 -2.178753517608324978e-03 -4.264613766466874775e-03 -9.057748847467279527e-03 -1.346161905308563590e-02
4.783333333333334281e+01 5.264298602079235797e-04 -8.117183868882917042e-04 -2.187714655751929211e-03 -4.273806801940487760e-03 -9.067011406151523692e-03 -1.347069449283356049e-02
4.784999999999999432e+01 5.175793153990084503e-04 -8.204480610509902070e-04 -2.196539864231795026e-03 -4.282840870279031563e-03 -9.076220020223027540e-03 -1.347965033419179504e-02
4.786666666666666003e+01 5.088638234876840995e-04 -8.289938815231808226e-04 -2.205205803769257761e-03 -4.291728822899009213e-03 -9.085162851453927255e-03 -1.348850314000414781e-02
4.788333333333333997e+01 5.002684357740039061e-04 -8.374279248506191200e-04 -2.213756360640116178e-03 -4.300451682147559199e-03 -9.093964550727952345e-03 -1.349725411829370662e-02
4.790000000000000568e+01 4.918415428716411096e-04 -8.457523840160531851e-04 -2.222171821793557465e-03 -4.308999347537039934e-03 -9.102588056576889006e-03 -1.350573017788604668e-02
4.791666666666665719e+01 4.835985866646956241e-04 -8.538942373924652846e-04 -2.230440880624993700e-03 -4.317425654649780301e-03 -9.111074256721330214e-03 -1.351399801808966794e-02
4.793333333333333712e+01 4.754497920727667718e-04 -8.618941919765842454e-04 -2.238549877674887029e-03 -4.325723327640986458e-03 -9.119468286661394640e-03 -1.352224800273608626e-02
4.795000000000000284e+01 4.674118789634449842e-04 -8.697803407067762789e-04 -2.246486044569230914e-03 -4.333873152767865437e-03 -9.127772922469584368e-03 -1.353037475527250205e-02
4.796666666666666856e+01 4.595812642012730856e-04 -8.775102168838446164e-04 -2.254306728085278023e-03 -4.341903574042826550e-03 -9.135860739976629438e-03 -1.353829950148928950e-02
4.798333333333333428e+01 4.518920062258107904e-04 -8.851084392755298067e-04 -2.262012922188090091e-03 -4.349740428863924785e-03 -9.143756567273566074e-03 -1.354610447884895680e-02
4.800000000000000000e+01 4.442710279750464761e-04 -8.925935299060325841e-04 -2.269590827276232042e-03 -4.357453070238620323e-03 -9.151559274015060724e-03 -1.355382652798681718e-02
