# Fig 5f
# 0. time (h), 1. flux 0 g/kg, 2. flux 10 g/kg, 3. flux 20 g/kg, 4. flux 35 g/kg, 5. flux 70 g/kg, 6. flux 100 g/kg
0.000000000000000000e+00 -5.375441558308004545e-04 -1.272044923590635590e-01 -2.553952786141615583e-01 -4.506172704309899246e-01 -9.205042721786097504e-01 -1.340349143965066547e+00
1.666666666666571928e-02 3.224760844243551279e-04 -9.167880368903515154e-02 -1.849263391019276559e-01 -3.148427626180777539e-01 -6.458124997566302428e-01 -9.429155211970625672e-01
3.333333333333143855e-02 -1.812440011586443896e-04 -1.036381974675285311e-01 -2.084396679652543993e-01 -3.688400996312541924e-01 -7.548701281692518084e-01 -1.116412465236515050e+00
4.999999999999715783e-02 9.959486952573373241e-05 -9.819427653152223989e-02 -1.977889998582826325e-01 -3.496748025019558170e-01 -7.162442488226576920e-01 -1.034566540536582480e+00
6.666666666666998253e-02 -4.838815261504902124e-05 -1.003258837008608184e-01 -2.019338530397175313e-01 -3.579655773038780131e-01 -7.334979551956913868e-01 -1.074386171928867428e+00
8.333333333333570181e-02 2.800339979157680321e-05 -9.984801168714846353e-02 -2.012338726263977196e-01 -3.557038755317439849e-01 -7.299976553321696482e-01 -1.066335323011416758e+00
1.000000000000014211e-01 -1.740678414177543315e-05 -1.010816032459361108e-01 -2.036843473825929729e-01 -3.604274383040581009e-01 -7.403924718779804071e-01 -1.084672653390903019e+00
1.166666666666671404e-01 1.824745203991848100e-06 -1.015347964412930404e-01 -2.045865428455488078e-01 -3.621340290058602807e-01 -7.449402175024218975e-01 -1.092744964681736208e+00
1.333333333333328596e-01 -1.348098002207547818e-05 -1.022343500513970688e-01 -2.060640230182124721e-01 -3.651779954231840208e-01 -7.518561123139465563e-01 -1.104335478365507717e+00
1.499999999999985789e-01 -8.080765489367672708e-06 -1.025246038269044813e-01 -2.066470674363232174e-01 -3.660607631317882582e-01 -7.541971687036971295e-01 -1.108432202333288652e+00
1.666666666666642982e-01 -1.154607744569968871e-05 -1.027652288845822826e-01 -2.071427657105513742e-01 -3.669439171775501496e-01 -7.564955702122676540e-01 -1.112188983127905262e+00
1.833333333333300175e-01 -1.033088502678735117e-05 -1.029595403181478852e-01 -2.075426916180826142e-01 -3.676873781374651040e-01 -7.583144057603800059e-01 -1.115243646034382197e+00
2.000000000000028422e-01 -1.123840113395037650e-05 -1.031478407332563213e-01 -2.079289183604543234e-01 -3.683821353004706478e-01 -7.600583384103897222e-01 -1.118044304889474372e+00
2.166666666666685614e-01 -1.101225433624649162e-05 -1.033167169847770267e-01 -2.082764598537628076e-01 -3.690169813705143076e-01 -7.614419925140049061e-01 -1.120477866548785562e+00
2.333333333333342807e-01 -1.127498214021655208e-05 -1.034768968768746134e-01 -2.086044900003812819e-01 -3.696115615061897897e-01 -7.627079830488655565e-01 -1.122721677926530992e+00
2.500000000000000000e-01 -1.125089715968437181e-05 -1.036270452485194699e-01 -2.089123964648504916e-01 -3.701693533187721541e-01 -7.638941469279958429e-01 -1.124772629930135270e+00
2.666666666666657193e-01 -1.132858759813002502e-05 -1.037699553576646727e-01 -2.092043515129176356e-01 -3.706969864781927138e-01 -7.650100090370488548e-01 -1.126681018920612232e+00
2.833333333333314386e-01 -1.132741434704302315e-05 -1.039059957874714085e-01 -2.094823414865452371e-01 -3.711978248162985383e-01 -7.660651444699324575e-01 -1.128460731083359647e+00
2.999999999999971578e-01 -1.133636048042031914e-05 -1.040362695679343530e-01 -2.097477321796166749e-01 -3.716752485489626667e-01 -7.670661450941299586e-01 -1.130132176423737977e+00
3.166666666666699825e-01 -1.131982257243948533e-05 -1.041611394515205985e-01 -2.100021347099295665e-01 -3.721314915122886924e-01 -7.680189397224226333e-01 -1.131707023429560532e+00
3.333333333333357018e-01 -1.129371112739347581e-05 -1.042813000909272453e-01 -2.102462495535751263e-01 -3.725686151981084659e-01 -7.689278935538493842e-01 -1.133196132635834408e+00
3.500000000000014211e-01 -1.125663300001344262e-05 -1.043968895955880716e-01 -2.104811384515426487e-01 -3.729881820452073393e-01 -7.697969088016682893e-01 -1.134607743564163496e+00
3.666666666666671404e-01 -1.120765552001103586e-05 -1.045085327731984925e-01 -2.107073640881977905e-01 -3.733915107978529324e-01 -7.706291422032824912e-01 -1.135949223757905857e+00
3.833333333333328596e-01 -1.115225807694044110e-05 -1.046161441488397958e-01 -2.109255402046853189e-01 -3.737798819124930616e-01 -7.714273962950255470e-01 -1.137226498721400469e+00
3.999999999999985789e-01 -1.108622005222803328e-05 -1.047203917602985979e-01 -2.111362720006655647e-01 -3.741540641058851979e-01 -7.721940643203618615e-01 -1.138444942757006917e+00
4.166666666666642982e-01 -1.101577876163206359e-05 -1.048209850668757742e-01 -2.113397991991235736e-01 -3.745153030914845638e-01 -7.729313305769140996e-01 -1.139609136487291563e+00
4.333333333333300175e-01 -1.093636252080260565e-05 -1.049187099364724401e-01 -2.115368618277638779e-01 -3.748638675455196467e-01 -7.737111476145560607e-01 -1.140723169746366228e+00
4.500000000000028422e-01 -1.085401995609910343e-05 -1.050130069346927875e-01 -2.117273561126594150e-01 -3.752011917478411118e-01 -7.744815918020384604e-01 -1.141790670205533820e+00
4.666666666666685614e-01 -1.076385636268853389e-05 -1.051049204198992587e-01 -2.119122348643513731e-01 -3.755269792436812804e-01 -7.752172191804139745e-01 -1.142814887452946238e+00
4.833333333333342807e-01 -1.067226047687159062e-05 -1.051935191480846271e-01 -2.120910142328032988e-01 -3.758431202782884228e-01 -7.759254950856944166e-01 -1.143798747690180306e+00
5.000000000000000000e-01 -1.057352087275458097e-05 -1.052802106598524634e-01 -2.122649896387344970e-01 -3.761483983174463974e-01 -7.766068652777253778e-01 -1.144744895549518526e+00
5.166666666666657193e-01 -1.047486510840533949e-05 -1.053636330205433846e-01 -2.124331293501492413e-01 -3.764457989126863136e-01 -7.772632633743514763e-01 -1.145655703665809488e+00
5.333333333333314386e-01 -1.036929807042405600e-05 -1.054456385519765282e-01 -2.125973149940795504e-01 -3.767324546897569126e-01 -7.778961520110331263e-01 -1.146533352930392491e+00
5.499999999999971578e-01 -1.026534649801780940e-05 -1.055243109973963700e-01 -2.127557704224047330e-01 -3.770131777876028489e-01 -7.785069301152235388e-01 -1.147379822416468631e+00
5.666666666666699825e-01 -1.015446162479310369e-05 -1.056020662022495449e-01 -2.129111299369984556e-01 -3.772829443445793740e-01 -7.790968818666914597e-01 -1.148196917887589930e+00
5.833333333333357018e-01 -1.004683391852278588e-05 -1.056763950014372733e-01 -2.130607677078028006e-01 -3.775489757965793669e-01 -7.796671855565713294e-01 -1.148986270169237933e+00
6.000000000000014211e-01 -9.931791483870697410e-06 -1.057502710232979398e-01 -2.132082648820074200e-01 -3.778030587303931598e-01 -7.802189281324789505e-01 -1.149749390266716853e+00
6.166666666666671404e-01 -9.821886685820527398e-06 -1.058205919515237264e-01 -2.133497454991919173e-01 -3.780558674768813021e-01 -7.807531166790413479e-01 -1.150487687408879411e+00
6.333333333333328596e-01 -9.703703016808504681e-06 -1.058908432678137834e-01 -2.134901447467601743e-01 -3.783146548593122604e-01 -7.812706787665024688e-01 -1.151202413850758166e+00
6.499999999999985789e-01 -9.592535456715239631e-06 -1.059574950379977565e-01 -2.136240336317199173e-01 -3.785775963338776640e-01 -7.817724749843750764e-01 -1.151894737870278851e+00
6.666666666666642982e-01 -9.472114864745229793e-06 -1.060243544606808141e-01 -2.137579092329203734e-01 -3.788372096754093477e-01 -7.822593072895384081e-01 -1.152565737803169288e+00
6.833333333333300175e-01 -9.360485977246492360e-06 -1.060876620502919088e-01 -2.138846819525686282e-01 -3.790884659009812752e-01 -7.827319112349545582e-01 -1.153216410168075523e+00
7.000000000000028422e-01 -9.238618244329039743e-06 -1.061513787037896284e-01 -2.140123178147043115e-01 -3.793310723625520908e-01 -7.831909701618445796e-01 -1.153847677465056565e+00
7.166666666666685614e-01 -9.127213688162714327e-06 -1.062116566864681755e-01 -2.141325852198747437e-01 -3.795668864278019528e-01 -7.836371222585248875e-01 -1.154460389861359237e+00
7.333333333333342807e-01 -9.004526319744433758e-06 -1.062724667278390628e-01 -2.142543521347325397e-01 -3.797758519765847551e-01 -7.840709607779851043e-01 -1.155055341363128818e+00
7.500000000000000000e-01 -8.893926765342220883e-06 -1.063299687246655190e-01 -2.143688176945708068e-01 -3.799739326147078544e-01 -7.844930438952475438e-01 -1.155633267115991902e+00
7.666666666666657193e-01 -8.771027154805447439e-06 -1.063881112242989618e-01 -2.144851301024802426e-01 -3.801689214761024282e-01 -7.849038768704843516e-01 -1.156194846331156656e+00
7.833333333333314386e-01 -8.661680654595415807e-06 -1.064430311540082719e-01 -2.145943461779722117e-01 -3.803590659491101200e-01 -7.853039399468949577e-01 -1.156740721277421224e+00
7.999999999999971578e-01 -8.539109406748903055e-06 -1.064987145686811243e-01 -2.147056383514019673e-01 -3.805449965968200621e-01 -7.856936843032760187e-01 -1.157271493650728456e+00
8.166666666666699825e-01 -8.431377772479510131e-06 -1.065512253068032905e-01 -2.148100380740172177e-01 -3.807268082827763855e-01 -7.860735185714354811e-01 -1.157787722553272669e+00
8.333333333333357018e-01 -8.309562031125725145e-06 -1.066046427578651312e-01 -2.149167412281386413e-01 -3.809046616976398680e-01 -7.864438397192207164e-01 -1.158289935226928913e+00
8.500000000000014211e-01 -8.203551516456009923e-06 -1.066548892306680846e-01 -2.150165902526367245e-01 -3.810786930042642795e-01 -7.868050132875946678e-01 -1.158778627456680699e+00
8.666666666666671404e-01 -8.083038049091874070e-06 -1.067062208191352085e-01 -2.151190905019654265e-01 -3.812490591519476224e-01 -7.871573763238927102e-01 -1.159254266212620177e+00
8.833333333333328596e-01 -7.978825553334453077e-06 -1.067543293081291145e-01 -2.152146014358060910e-01 -3.814158481384664623e-01 -7.875012562478864719e-01 -1.159717292785982679e+00
8.999999999999985789e-01 -7.860099487383881127e-06 -1.068037264824352739e-01 -2.153132392423717512e-01 -3.815792416217126948e-01 -7.878369562036581231e-01 -1.160168125906463343e+00
9.166666666666642982e-01 -7.757800707655893816e-06 -1.068498148662211100e-01 -2.154046501073043629e-01 -3.817392672243754559e-01 -7.881647561161762017e-01 -1.160607159549726042e+00
9.333333333333300175e-01 -7.641209836567609798e-06 -1.068974163243427422e-01 -2.154997318020821784e-01 -3.818961500842073531e-01 -7.884849264759713483e-01 -1.161034765128791557e+00
9.500000000000028422e-01 -7.540911228833647867e-06 -1.069416034698258966e-01 -2.155872784593620972e-01 -3.820498406812168346e-01 -7.887977195859325885e-01 -1.161451300815465215e+00
9.666666666666685614e-01 -7.426685559368783113e-06 -1.069875342270548146e-01 -2.156790600479308595e-01 -3.822006368999769643e-01 -7.891033719809674718e-01 -1.161857107360974029e+00
9.833333333333342807e-01 -7.328420631058184373e-06 -1.070299331591857278e-01 -2.157629399342893273e-01 -3.823483768085755852e-01 -7.894021115314168169e-01 -1.162252510439203190e+00
1.000000000000000000e+00 -7.216721840481600384e-06 -1.070743034782540015e-01 -2.158516367524475621e-01 -3.824934758030265614e-01 -7.896941492484041980e-01 -1.162637815148659826e+00
1.016666666666665719e+00 -7.120560483019059904e-06 -1.071150061060141268e-01 -2.159320580639894072e-01 -3.826356020643917333e-01 -7.899796903741217458e-01 -1.163013316629387228e+00
1.033333333333331439e+00 -7.011485651513346283e-06 -1.071579159458186242e-01 -2.160178599041715219e-01 -3.827753701384472018e-01 -7.902589260473215083e-01 -1.163379300695195129e+00
1.049999999999997158e+00 -6.917485292288793190e-06 -1.071970124825505494e-01 -2.160950141908321021e-01 -3.829121868058508737e-01 -7.905320386029962565e-01 -1.163736037540528345e+00
1.066666666666669983e+00 -6.811110710936570249e-06 -1.072385509136282167e-01 -2.161780744657547659e-01 -3.830470075774763949e-01 -7.907992032357844536e-01 -1.164083788277941789e+00
1.083333333333335702e+00 -6.719317134129991484e-06 -1.072761228460352018e-01 -2.162521602687316746e-01 -3.831787812819549277e-01 -7.910605842925731990e-01 -1.164422803776272497e+00
1.100000000000001421e+00 -6.615698107004528287e-06 -1.073163649069785730e-01 -2.163326198133772860e-01 -3.833091082408016104e-01 -7.913163438313047804e-01 -1.164753324649827393e+00
1.116666666666667140e+00 -6.526145289631552358e-06 -1.073524982114699849e-01 -2.164038184925927977e-01 -3.834360320758459229e-01 -7.915666301370863911e-01 -1.165075583186196972e+00
1.133333333333332860e+00 -6.425320612930358056e-06 -1.073915094068804837e-01 -2.164818131247594757e-01 -3.835624437862497071e-01 -7.918115864263682857e-01 -1.165389803705676020e+00
1.149999999999998579e+00 -6.338031330009513944e-06 -1.074262820148133152e-01 -2.165502936546798984e-01 -3.836846430456016255e-01 -7.920513552175569849e-01 -1.165696202294853823e+00
1.166666666666664298e+00 -6.240007811490359268e-06 -1.074641232366447541e-01 -2.166259488680460921e-01 -3.838077153793871266e-01 -7.922860667731842499e-01 -1.165994987299676211e+00
1.183333333333330017e+00 -6.154989267792732704e-06 -1.074976083725970727e-01 -2.166918728453800791e-01 -3.839251539311079320e-01 -7.925158485232902672e-01 -1.166286360604348538e+00
1.200000000000002842e+00 -6.059759743612215259e-06 -1.075343380846750935e-01 -2.167653205145263218e-01 -3.840455250380233054e-01 -7.927408241323253835e-01 -1.166570517491861692e+00
1.216666666666668561e+00 -5.977010282339924844e-06 -1.075666048760688387e-01 -2.168288210228138668e-01 -3.841578395188672279e-01 -7.929611121056915346e-01 -1.166847646690274409e+00
1.233333333333334281e+00 -5.884548403190050985e-06 -1.076022819499333066e-01 -2.169001601690417891e-01 -3.842758319788057708e-01 -7.931768270230939999e-01 -1.167117931146107068e+00
1.250000000000000000e+00 -5.804053078714071946e-06 -1.076333944918391183e-01 -2.169613616822563540e-01 -3.843826907550293437e-01 -7.933880761538767423e-01 -1.167381548006716008e+00
1.266666666666665719e+00 -5.714321232527382632e-06 -1.076680672518338377e-01 -2.170306910908635090e-01 -3.844981085862929082e-01 -7.935949654469578451e-01 -1.167638668989261719e+00
1.283333333333331439e+00 -5.636057476790728584e-06 -1.076980793499034555e-01 -2.170897064046741765e-01 -3.845995510969171249e-01 -7.937975978051401427e-01 -1.167889460617185238e+00
1.299999999999997158e+00 -5.549007456856706579e-06 -1.077317935974772267e-01 -2.171571143540441673e-01 -3.847121174020594614e-01 -7.939777287073063183e-01 -1.168134084463802846e+00
1.316666666666669983e+00 -5.472944229968501679e-06 -1.077607581922423868e-01 -2.172140429226769309e-01 -3.848087177939067960e-01 -7.941501294018278312e-01 -1.168372697557130913e+00
1.333333333333335702e+00 -5.388522050645706237e-06 -1.077935534831934022e-01 -2.172796086391079184e-01 -3.849185504009577374e-01 -7.943205781150944889e-01 -1.168605452545450341e+00
1.350000000000001421e+00 -5.314626485870816943e-06 -1.078215193795126065e-01 -2.173345376312883770e-01 -3.850107237314676079e-01 -7.944875770856959507e-01 -1.168832497666620007e+00
1.366666666666667140e+00 -5.232777552693234630e-06 -1.078534346835538782e-01 -2.173983301576534743e-01 -3.851179281172892321e-01 -7.946515455787750426e-01 -1.169053976911103021e+00
1.383333333333332860e+00 -5.161015572805095881e-06 -1.078804454642308536e-01 -2.174513367652948503e-01 -3.852061390918661288e-01 -7.948125689450881159e-01 -1.169270030215382228e+00
1.399999999999998579e+00 -5.081682777321458825e-06 -1.079115164354659262e-01 -2.175134223393424271e-01 -3.853109146533644780e-01 -7.949706146947743690e-01 -1.169480793879132285e+00
1.416666666666664298e+00 -5.012014548995876415e-06 -1.079376115720048906e-01 -2.175645791271913487e-01 -3.853956161049585383e-01 -7.951258613318943347e-01 -1.169667356790316859e+00
1.433333333333330017e+00 -4.935136955851962564e-06 -1.079678719858896269e-01 -2.176250234802356576e-01 -3.854979452722184785e-01 -7.952782335013311998e-01 -1.169845374994856968e+00
1.450000000000002842e+00 -4.867516649597968971e-06 -1.079930868563081375e-01 -2.176743992956829687e-01 -3.855793070346738016e-01 -7.954279426005670395e-01 -1.170020687101531731e+00
1.466666666666668561e+00 -4.793028399832969548e-06 -1.080225683556786942e-01 -2.177332654500830911e-01 -3.856792253246212332e-01 -7.955748600381297164e-01 -1.170191820002609129e+00
1.483333333333334281e+00 -4.727410807893884636e-06 -1.080469361746103224e-01 -2.177809297839486680e-01 -3.857574316941692061e-01 -7.957192619692781133e-01 -1.170359179179674136e+00
1.500000000000000000e+00 -4.655246555175231128e-06 -1.080756681835658012e-01 -2.178382797699667528e-01 -3.858549784010510408e-01 -7.958609233306348507e-01 -1.170522968461008562e+00
1.516666666666665719e+00 -4.591583507306032793e-06 -1.080992211706271466e-01 -2.178842986388054848e-01 -3.859302084256903131e-01 -7.960002425966489215e-01 -1.170683051086618853e+00
1.533333333333331439e+00 -4.521677328273497803e-06 -1.081272320014939614e-01 -2.179401881872392588e-01 -3.860253917100421317e-01 -7.961368264404592443e-01 -1.170839783791441713e+00
1.549999999999997158e+00 -4.459920894731144490e-06 -1.081500012550297846e-01 -2.179846221665480699e-01 -3.860977915995035814e-01 -7.962712903970968759e-01 -1.170992929990648079e+00
1.566666666666669983e+00 -4.392207969854902371e-06 -1.081773193171477881e-01 -2.180391050986736634e-01 -3.861906571765088003e-01 -7.964029536671505261e-01 -1.171142946523518580e+00
1.583333333333335702e+00 -4.332308732663417300e-06 -1.081993344727317785e-01 -2.180820092746631189e-01 -3.862603509293181525e-01 -7.965328114558729578e-01 -1.171289451112648594e+00
1.600000000000001421e+00 -4.266723669380320700e-06 -1.082259847440004558e-01 -2.181351324258479496e-01 -3.863509561435687911e-01 -7.966596823882291512e-01 -1.171433082061515751e+00
1.616666666666667140e+00 -4.208632050894408174e-06 -1.082472735645686468e-01 -2.181765569148322037e-01 -3.864180453254830172e-01 -7.967852411310996086e-01 -1.171573209886245470e+00
1.633333333333332860e+00 -4.145110787830870481e-06 -1.082732798848869554e-01 -2.182283632648935601e-01 -3.865064488601972492e-01 -7.969074130285983548e-01 -1.171710790068616115e+00
1.649999999999998579e+00 -4.088775589999835993e-06 -1.082938679837312651e-01 -2.182683541351871925e-01 -3.865710296725819450e-01 -7.970290748137242032e-01 -1.171844779949265281e+00
1.666666666666664298e+00 -4.027252114498316371e-06 -1.083192538860384829e-01 -2.183188852353872278e-01 -3.866572939979596168e-01 -7.971466397239906909e-01 -1.171976659606681404e+00
1.683333333333330017e+00 -3.972623135360705219e-06 -1.083391644327071496e-01 -2.183574853227290002e-01 -3.867194583155359466e-01 -7.972652524698187193e-01 -1.172104696215466424e+00
1.700000000000002842e+00 -3.913034754880161386e-06 -1.083639493148891714e-01 -2.184067806369834885e-01 -3.868036490824775520e-01 -7.973781156028424411e-01 -1.172231338106155540e+00
1.716666666666668561e+00 -3.860061481138092664e-06 -1.083832043005936441e-01 -2.184440319316029999e-01 -3.868634917712309718e-01 -7.974954425981048978e-01 -1.172353521435815171e+00
1.733333333333334281e+00 -3.802347375401718092e-06 -1.084074062556103502e-01 -2.184921300590716153e-01 -3.869456662404014424e-01 -7.976030048788566029e-01 -1.172475505879346569e+00
1.750000000000000000e+00 -3.750979546285703243e-06 -1.084260252620098397e-01 -2.185280738729499517e-01 -3.870032701966460986e-01 -7.977215132747569326e-01 -1.172591905299538162e+00
1.766666666666665719e+00 -3.695076735725352415e-06 -1.084496609307809833e-01 -2.185750127387237340e-01 -3.870834826399341400e-01 -7.978176358096269460e-01 -1.172710436959521818e+00
1.783333333333331439e+00 -3.645265788144376393e-06 -1.084676618862588510e-01 -2.186096897323587807e-01 -3.871389205825893076e-01 -7.979193195219229651e-01 -1.172820931945253609e+00
1.799999999999997158e+00 -3.591111444631802111e-06 -1.084907469141795089e-01 -2.186555067294211341e-01 -3.872172317644302919e-01 -7.980333968726114335e-01 -1.172938908077619580e+00
1.816666666666669983e+00 -3.542807853089599772e-06 -1.085081468548908662e-01 -2.186889571438386803e-01 -3.872705805540703761e-01 -7.981342422119249713e-01 -1.173042826056962751e+00
1.833333333333335702e+00 -3.490344655540089969e-06 -1.085306964329928181e-01 -2.187336891395436911e-01 -3.873470600924067697e-01 -7.982377266307350006e-01 -1.173151374669447966e+00
1.850000000000001421e+00 -3.443500337323549641e-06 -1.085475120350002515e-01 -2.187659521217643621e-01 -3.873984040383215977e-01 -7.983314750667100945e-01 -1.173250364985849004e+00
1.866666666666667140e+00 -3.392669475853627581e-06 -1.085695412404954763e-01 -2.188096345058395675e-01 -3.874731257209941271e-01 -7.984357307454430508e-01 -1.173355918363709227e+00
1.883333333333332860e+00 -3.347237935994940121e-06 -1.085857890388394892e-01 -2.188407475232262700e-01 -3.875225485653331914e-01 -7.985236501243155871e-01 -1.173466912076136959e+00
1.899999999999998579e+00 -3.297985242108441028e-06 -1.086073128654515552e-01 -2.188834140217431889e-01 -3.875955823927775823e-01 -7.986306843010473333e-01 -1.173555045456371460e+00
1.916666666666664298e+00 -3.253920958893638703e-06 -1.086230092149324949e-01 -2.189134129487667058e-01 -3.876431597578871568e-01 -7.987010873264379640e-01 -1.173664367513386431e+00
1.933333333333330017e+00 -3.206192080370191481e-06 -1.086440425267475446e-01 -2.189550960027421833e-01 -3.877145692605787342e-01 -7.987860573755543037e-01 -1.173746115063062367e+00
1.950000000000002842e+00 -3.163451200885975161e-06 -1.086592035554430485e-01 -2.189840156558380269e-01 -3.877603683205983476e-01 -7.988878971645599902e-01 -1.173833744556328496e+00
1.966666666666668561e+00 -3.117194715859444925e-06 -1.086797610331715486e-01 -2.190247464249081844e-01 -3.878302109972705525e-01 -7.989739735952940958e-01 -1.173921369208139831e+00
1.983333333333334281e+00 -3.075733836522579060e-06 -1.086944025876813574e-01 -2.190526206213670168e-01 -3.878742916551342068e-01 -7.990627906313692019e-01 -1.174013969620884223e+00
2.000000000000000000e+00 -3.030898551871479165e-06 -1.087144986891367127e-01 -2.190924290017726983e-01 -3.879426185013895578e-01 -7.991426066248787929e-01 -1.174110420682934919e+00
2.016666666666665719e+00 -2.990677781825685798e-06 -1.087286363292371133e-01 -2.191192914866320063e-01 -3.879850332658292822e-01 -7.992328693070747114e-01 -1.174185271837765665e+00
2.033333333333331439e+00 -2.947215170658651654e-06 -1.087482851702693681e-01 -2.191582042257582685e-01 -3.880518875949951485e-01 -7.993070723753784579e-01 -1.174280774500970903e+00
2.049999999999997158e+00 -2.908193703039528575e-06 -1.087619339610964159e-01 -2.191840872753205716e-01 -3.880926800697481749e-01 -7.994009606353044139e-01 -1.174342525263149195e+00
2.066666666666669983e+00 -2.866057606592917691e-06 -1.087811492245542438e-01 -2.192221314874702731e-01 -3.881580959186874957e-01 -7.994540774305093356e-01 -1.174418264140788315e+00
2.083333333333335702e+00 -2.828196155251247768e-06 -1.087943237148828041e-01 -2.192470652309890800e-01 -3.881973000132687424e-01 -7.995245037256953902e-01 -1.174509670434848996e+00
2.100000000000001421e+00 -2.787341297771631944e-06 -1.088131185685843605e-01 -2.192842672494738632e-01 -3.882613048625461749e-01 -7.996146690772159005e-01 -1.174580788458455594e+00
2.116666666666667140e+00 -2.750602843880382556e-06 -1.088258328131636032e-01 -2.193082808354580304e-01 -3.882989468733352156e-01 -7.996883880640971443e-01 -1.174661582008691640e+00
2.133333333333332860e+00 -2.710985002966302789e-06 -1.088442199134802835e-01 -2.193446659971352575e-01 -3.883615633981088999e-01 -7.997642828592854691e-01 -1.174725438659544929e+00
2.149999999999998579e+00 -2.675332596330956639e-06 -1.088564874700653773e-01 -2.193677875229327889e-01 -3.883976728288255353e-01 -7.998318350983810721e-01 -1.174812012089512692e+00
2.166666666666664298e+00 -2.636909704396969777e-06 -1.088744789545695174e-01 -2.194033801879508028e-01 -3.884589244493061311e-01 -7.999095564183708040e-01 -1.174854429397974132e+00
2.183333333333330017e+00 -2.602308515500056197e-06 -1.088863128594530078e-01 -2.194256362753403966e-01 -3.884935321208051739e-01 -7.999721571512323770e-01 -1.174918893182607116e+00
2.200000000000002842e+00 -2.565040879417806370e-06 -1.089039203915813797e-01 -2.194604600041387688e-01 -3.885534450411567975e-01 -8.000538146696336561e-01 -1.175002393660139477e+00
2.216666666666668561e+00 -2.531455943428466731e-06 -1.089153332462634433e-01 -2.194818761756745784e-01 -3.885865840121505155e-01 -8.000964132125802930e-01 -1.175062933042950952e+00
2.233333333333334281e+00 -2.495304217176762231e-06 -1.089325680937869995e-01 -2.195159537805358718e-01 -3.886451877546235889e-01 -8.001553606386454520e-01 -1.175133441983221783e+00
2.250000000000000000e+00 -2.462702728205888608e-06 -1.089435723945561402e-01 -2.195365547344090840e-01 -3.886768946441991335e-01 -8.002333940576819016e-01 -1.175187678297793026e+00
2.266666666666665719e+00 -2.427628931110259841e-06 -1.089604448801200914e-01 -2.195699082052671169e-01 -3.887342217222052310e-01 -8.002962135836889646e-01 -1.175264991875393239e+00
2.283333333333331439e+00 -2.395979421835273810e-06 -1.089710528708141557e-01 -2.195897178147276363e-01 -3.887645350813255796e-01 -8.003618160891964317e-01 -1.175294670400011565e+00
2.299999999999997158e+00 -2.361947366940139945e-06 -1.089875729367153351e-01 -2.196223683672952898e-01 -3.888206204701533664e-01 -8.004185295461336835e-01 -1.175347854053238716e+00
2.316666666666669983e+00 -2.331218479337276265e-06 -1.089977962609586515e-01 -2.196414096885374034e-01 -3.888495802236105470e-01 -8.004864534998943348e-01 -1.175423993209961937e+00
2.333333333333335702e+00 -2.298192635606758860e-06 -1.090139738864794733e-01 -2.196733784990212157e-01 -3.889044599258539847e-01 -8.005384435196603032e-01 -1.175475863096619111e+00
2.350000000000001421e+00 -2.268354471235902354e-06 -1.090238236717848419e-01 -2.196916729450825723e-01 -3.889321076789846177e-01 -8.006107439523743041e-01 -1.175538046081497034e+00
2.366666666666667140e+00 -2.236301834028074235e-06 -1.090396685250139969e-01 -2.197229797435807097e-01 -3.889858159449121611e-01 -8.006413039012131305e-01 -1.175582868718709317e+00
2.383333333333332860e+00 -2.207326162746736048e-06 -1.090491554576831501e-01 -2.197405492552459982e-01 -3.890121925850500983e-01 -8.006906557878608055e-01 -1.175653106506013179e+00
2.399999999999998579e+00 -2.176214715228905711e-06 -1.090646769184608622e-01 -2.197712127283723837e-01 -3.890647648849416274e-01 -8.007600462016043474e-01 -1.175670979590391685e+00
2.416666666666664298e+00 -2.148073155037200364e-06 -1.090738112858751219e-01 -2.197880786981242784e-01 -3.890899098558093239e-01 -8.008134544508770380e-01 -1.175715961367750140e+00
2.433333333333330017e+00 -2.117872310852498652e-06 -1.090890184550255826e-01 -2.198181170157161579e-01 -3.891413813595206994e-01 -8.008699443919439220e-01 -1.175785095093565769e+00
2.450000000000002842e+00 -2.090538188659964631e-06 -1.090978101809166184e-01 -2.198342998832537865e-01 -3.891653331026073692e-01 -8.009179410815472355e-01 -1.175829247650760356e+00
2.466666666666668561e+00 -2.061216403242797500e-06 -1.091127118823095182e-01 -2.198637307534952456e-01 -3.892157380020813684e-01 -8.009771056058484495e-01 -1.175883972585844539e+00
2.483333333333334281e+00 -2.034663972170299301e-06 -1.091211706025162348e-01 -2.198792501423173784e-01 -3.892385337228590481e-01 -8.010205984461266082e-01 -1.175921487567361812e+00
2.500000000000000000e+00 -2.006193365942385482e-06 -1.091357753632207772e-01 -2.199080907630213133e-01 -3.892879052197723566e-01 -8.010845791851785025e-01 -1.175984798405670384e+00
2.516666666666665719e+00 -1.980398211070548627e-06 -1.091439104491962603e-01 -2.199229655815774787e-01 -3.893095807691341892e-01 -8.011058570517022304e-01 -1.175993710775232293e+00
2.533333333333331439e+00 -1.952750773158279764e-06 -1.091582270545743000e-01 -2.199512326744607060e-01 -3.893579508462263195e-01 -8.011464994330482758e-01 -1.176031156489265372e+00
2.549999999999997158e+00 -1.927688736431588690e-06 -1.091660475319984475e-01 -2.199654814013805304e-01 -3.893785405555809653e-01 -8.012079036442926183e-01 -1.176094277435742130e+00
2.566666666666669983e+00 -1.900837225885248439e-06 -1.091800844294914252e-01 -2.199931913397367711e-01 -3.894259404430654992e-01 -8.012536026665640909e-01 -1.176131819686718538e+00
2.583333333333335702e+00 -1.876484782622282510e-06 -1.091875985183649173e-01 -2.200068329771811548e-01 -3.894454774740255809e-01 -8.013022909723331866e-01 -1.176179819767016577e+00
2.600000000000001421e+00 -1.850403126970841010e-06 -1.092013630192088663e-01 -2.200340026541410532e-01 -3.894919387546908474e-01 -8.013425988466129635e-01 -1.176211075077203239e+00
2.616666666666667140e+00 -1.826738128223352050e-06 -1.092085794757637063e-01 -2.200470523520088595e-01 -3.895104558266012096e-01 -8.013941117590501761e-01 -1.176246168713764639e+00
2.633333333333332860e+00 -1.801401946060672218e-06 -1.092220784941489997e-01 -2.200736964742565083e-01 -3.895560050760251691e-01 -8.014303759219769674e-01 -1.176278918089834535e+00
2.649999999999998579e+00 -1.778402605241474075e-06 -1.092290057925299207e-01 -2.200861711536974408e-01 -3.895735344024873203e-01 -8.014868296896195954e-01 -1.176318328393879176e+00
2.666666666666664298e+00 -1.753788340039259021e-06 -1.092422463213506417e-01 -2.201123036306454617e-01 -3.896181994633848289e-01 -8.015013441248746151e-01 -1.176364420501833541e+00
2.683333333333330017e+00 -1.731434005389863282e-06 -1.092488925198978472e-01 -2.201242197114728905e-01 -3.896347699829921241e-01 -8.015351249144325729e-01 -1.176390498936704887e+00
2.700000000000002842e+00 -1.707518725961274200e-06 -1.092618815228241363e-01 -2.201498554116605166e-01 -3.896785774512879219e-01 -8.015893668962890128e-01 -1.176438220374414145e+00
2.716666666666668561e+00 -1.685789878402270919e-06 -1.092682543566873277e-01 -2.201612287482714037e-01 -3.896942180186133142e-01 -8.016282667349829971e-01 -1.176460654671277695e+00
2.733333333333334281e+00 -1.662549977921937861e-06 -1.092809986709634695e-01 -2.201863801620628780e-01 -3.897371933474182426e-01 -8.016706516544348515e-01 -1.176484184313058901e+00
2.750000000000000000e+00 -1.641426991989166815e-06 -1.092871056114421840e-01 -2.201972266878484963e-01 -3.897519329024897172e-01 -8.017043952705815713e-01 -1.176512370633329141e+00
2.766666666666665719e+00 -1.618841566095694472e-06 -1.092996120191106063e-01 -2.202219069121936768e-01 -3.897941013799864352e-01 -8.017500224849540835e-01 -1.176549872297591781e+00
2.783333333333331439e+00 -1.598305292702125877e-06 -1.093054603235811550e-01 -2.202322413749167040e-01 -3.898079668714576340e-01 -8.017797021563660698e-01 -1.176591609294382668e+00
2.799999999999997158e+00 -1.576354434171652862e-06 -1.093177354054879202e-01 -2.202564635343336741e-01 -3.898493543094715963e-01 -8.018306714032579219e-01 -1.176612528722447371e+00
2.816666666666669983e+00 -1.556386321300854533e-06 -1.093233321863404522e-01 -2.202663000569878016e-01 -3.898623713239066091e-01 -8.018371860856841060e-01 -1.176655290910842533e+00
2.833333333333335702e+00 -1.535050038871953030e-06 -1.093353817511757836e-01 -2.202900770179999079e-01 -3.899029989681574992e-01 -8.018648200180809038e-01 -1.176673811144271609e+00
2.850000000000001421e+00 -1.515633819920556158e-06 -1.093407339688676760e-01 -2.202994293593455721e-01 -3.899151938968929976e-01 -8.019138893912178823e-01 -1.176692134552852265e+00
2.866666666666667140e+00 -1.494892789805650590e-06 -1.093525640083469613e-01 -2.203227736117007729e-01 -3.899550839036048933e-01 -8.019470956225620561e-01 -1.176714670925600892e+00
2.883333333333332860e+00 -1.476010860929781226e-06 -1.093576782460662367e-01 -2.203316551800621748e-01 -3.899664814333189677e-01 -8.019837056170278089e-01 -1.176747891906869459e+00
2.899999999999998579e+00 -1.455846543840128421e-06 -1.093692946777985314e-01 -2.203545788197042721e-01 -3.900056558413574348e-01 -8.020120964806266572e-01 -1.176786459259800521e+00
2.916666666666664298e+00 -1.437483347605190055e-06 -1.093741773094776965e-01 -2.203630026526205710e-01 -3.900162796864176107e-01 -8.020519760746229743e-01 -1.176802627148681335e+00
2.933333333333330017e+00 -1.417878320253240334e-06 -1.093855858940979975e-01 -2.203855173731140149e-01 -3.900547598759224743e-01 -8.020766715177014561e-01 -1.176842621648774401e+00
2.950000000000002842e+00 -1.400017523465454849e-06 -1.093902431183845919e-01 -2.203934961643747303e-01 -3.900646332333189137e-01 -8.021220024386892522e-01 -1.176855983859934840e+00
2.966666666666668561e+00 -1.380953885525965637e-06 -1.094014494507897090e-01 -2.204156137666742898e-01 -3.901024396446690079e-01 -8.021240092966870350e-01 -1.176868402285387027e+00
2.983333333333334281e+00 -1.363580956899459110e-06 -1.094058872976729768e-01 -2.204231602291568115e-01 -3.901115849947350833e-01 -8.021464408818304026e-01 -1.176887567386702305e+00
3.000000000000000000e+00 -1.345042153452380770e-06 -1.094168968060788699e-01 -2.204448905494540700e-01 -3.901487373487534382e-01 -8.021901246130961338e-01 -1.176917973684468821e+00
3.016666666666665719e+00 -1.328142639664686895e-06 -1.094211211385190397e-01 -2.204520172747527484e-01 -3.901571760448720450e-01 -8.022185326092199364e-01 -1.176952666848618545e+00
3.033333333333331439e+00 -1.310112630011560975e-06 -1.094319390935804270e-01 -2.204733705444107128e-01 -3.901936937771663394e-01 -8.022505654693118382e-01 -1.176965517754697599e+00
3.049999999999997158e+00 -1.293671620449623687e-06 -1.094359556112041443e-01 -2.204800893638901027e-01 -3.902014465304441959e-01 -8.022740984493587080e-01 -1.177001824165550214e+00
3.066666666666669983e+00 -1.276135627471159440e-06 -1.094465871337983592e-01 -2.205010758800935722e-01 -3.902373489118471372e-01 -8.023096919934491478e-01 -1.177012195449232745e+00
3.083333333333335702e+00 -1.260140157337526000e-06 -1.094504013756371491e-01 -2.205073980569631498e-01 -3.902444351001688738e-01 -8.023295816209576881e-01 -1.177020602515200354e+00
3.100000000000001421e+00 -1.243083314506802301e-06 -1.094608516479454452e-01 -2.205280278857635334e-01 -3.902797402488106249e-01 -8.023708443596128115e-01 -1.177035892542371398e+00
3.116666666666667140e+00 -1.227520127302526665e-06 -1.094644690181420382e-01 -2.205339643357742963e-01 -3.902861797232219376e-01 -8.023673664292574337e-01 -1.177063322783188148e+00
3.133333333333332860e+00 -1.210928170565014846e-06 -1.094747426451354450e-01 -2.205542472755987748e-01 -3.903209049500693251e-01 -8.023855449486334557e-01 -1.177095367959031691e+00
3.149999999999998579e+00 -1.195784386541144316e-06 -1.094781685089715600e-01 -2.205598086328573459e-01 -3.903267169059592145e-01 -8.024253577280925365e-01 -1.177104770502257258e+00
3.166666666666664298e+00 -1.179643348396744107e-06 -1.094882700370772566e-01 -2.205797542323976457e-01 -3.903608790490429303e-01 -8.024495556166700849e-01 -1.177138321078728733e+00
3.183333333333330017e+00 -1.164906273111718828e-06 -1.094915095538852023e-01 -2.205849509378205731e-01 -3.903660819739067644e-01 -8.024775026885494489e-01 -1.177145479088073987e+00
3.200000000000002842e+00 -1.149202214641304240e-06 -1.095014435068039221e-01 -2.206045684012391817e-01 -3.903996974112905471e-01 -8.024971589688921769e-01 -1.177150858211187590e+00
3.216666666666668561e+00 -1.134861033366024245e-06 -1.095045016611633643e-01 -2.206094105029257901e-01 -3.904043091579944003e-01 -8.025287519422036331e-01 -1.177163446993872986e+00
3.233333333333334281e+00 -1.119580970580209782e-06 -1.095142724556421587e-01 -2.206287087892594423e-01 -3.904373938042222658e-01 -8.025449228162533366e-01 -1.177188049160255989e+00
3.250000000000000000e+00 -1.105623521478725801e-06 -1.095171540201494292e-01 -2.206332059857396000e-01 -3.904414316543161068e-01 -8.025823436214094553e-01 -1.177217290699940966e+00
3.266666666666665719e+00 -1.090755822600733811e-06 -1.095267660445358865e-01 -2.206521938459025112e-01 -3.904740009630508490e-01 -8.025749842091550734e-01 -1.177224237649338257e+00
3.283333333333331439e+00 -1.077170990274901202e-06 -1.095294756281531279e-01 -2.206563555946373101e-01 -3.904774816597580411e-01 -8.025892949282860123e-01 -1.177255324522348712e+00
3.299999999999997158e+00 -1.062702406492118995e-06 -1.095389331133764521e-01 -2.206750415181732150e-01 -3.905095506299948727e-01 -8.026254698474845073e-01 -1.177259910592738601e+00
3.316666666666669983e+00 -1.049479338874194414e-06 -1.095414752607168085e-01 -2.206788770003881850e-01 -3.905124904440224198e-01 -8.026462262932574365e-01 -1.177262119169098620e+00
3.333333333333335702e+00 -1.035399189331253612e-06 -1.095507822866100128e-01 -2.206972692684323889e-01 -3.905440735963994214e-01 -8.026707454314281343e-01 -1.177272236722818333e+00
3.350000000000001421e+00 -1.022527827053540520e-06 -1.095531614450500763e-01 -2.207007874401751835e-01 -3.905464884746362997e-01 -8.026869480429715820e-01 -1.177294788149279459e+00
3.366666666666667140e+00 -1.008824312672749223e-06 -1.095623219799343184e-01 -2.207188940988099313e-01 -3.905775997511720665e-01 -8.027152436709287242e-01 -1.177321742136951288e+00
3.383333333333332860e+00 -9.962940730597055402e-07 -1.095645424697182790e-01 -2.207221036530220282e-01 -3.905795049047922074e-01 -8.027280963536234104e-01 -1.177326378475447299e+00
3.399999999999998579e+00 -9.829565731815484542e-07 -1.095735603773051597e-01 -2.207399325194822348e-01 -3.906101580522723382e-01 -8.027623160893093690e-01 -1.177355105140830194e+00
3.416666666666664298e+00 -9.707580416369554682e-07 -1.095756263929834745e-01 -2.207428419069622505e-01 -3.906115682390157162e-01 -8.027515851014261905e-01 -1.177357736025137047e+00
3.433333333333330017e+00 -9.577758230977679635e-07 -1.095845054342938496e-01 -2.207604005766413691e-01 -3.906417765947959309e-01 -8.027628264020393312e-01 -1.177357992354938876e+00
3.450000000000002842e+00 -9.458995647557295980e-07 -1.095864210574397229e-01 -2.207630180074610093e-01 -3.906427061620071362e-01 -8.027959366387954487e-01 -1.177365846971106578e+00
3.466666666666668561e+00 -9.332625376496529608e-07 -1.095951648921447141e-01 -2.207803138594419401e-01 -3.906724826605138534e-01 -8.028136538750493267e-01 -1.177386169805422211e+00
3.483333333333334281e+00 -9.216995822120441837e-07 -1.095969340895782962e-01 -2.207826473091592800e-01 -3.906729455510717375e-01 -8.028352994289071898e-01 -1.177411323527466358e+00
3.500000000000000000e+00 -9.093981710386326034e-07 -1.096055462798451313e-01 -2.207996875166011730e-01 -3.907023027365755796e-01 -8.028486132489512928e-01 -1.177413947684781137e+00
3.516666666666665719e+00 -8.981399126692820965e-07 -1.096071729101415482e-01 -2.208017447394216015e-01 -3.907023124948997284e-01 -8.028741619827626241e-01 -1.177441046230366828e+00
3.533333333333331439e+00 -8.861638713037267468e-07 -1.096156569213647125e-01 -2.208185362791508510e-01 -3.907312625482159407e-01 -8.028841777891169151e-01 -1.177441519938677406e+00
3.549999999999997158e+00 -8.752020621312950475e-07 -1.096171447396630250e-01 -2.208203248193577883e-01 -3.907308323390747962e-01 -8.029157945055053203e-01 -1.177439496034615063e+00
3.566666666666669983e+00 -8.635423073651436410e-07 -1.096255039440923867e-01 -2.208368744763412606e-01 -3.907593870930013980e-01 -8.029018457863777991e-01 -1.177445745915507214e+00
3.583333333333335702e+00 -8.528677772825006510e-07 -1.096268566028940211e-01 -2.208384016597872146e-01 -3.907585297010073289e-01 -8.029103318557887503e-01 -1.177464546611487251e+00
3.600000000000001421e+00 -8.415158834596092112e-07 -1.096350942849911581e-01 -2.208547160103759011e-01 -3.907867006265217658e-01 -8.029409819638992918e-01 -1.177487794601086879e+00
3.616666666666667140e+00 -8.311210344252459419e-07 -1.096363153394159795e-01 -2.208559889657662478e-01 -3.907854284428392000e-01 -8.029561738698413054e-01 -1.177488914385775409e+00
3.633333333333332860e+00 -8.200676227708176243e-07 -1.096444346866290442e-01 -2.208720744254376034e-01 -3.908132266602679095e-01 -8.029752923569748457e-01 -1.177514173996650371e+00
3.649999999999998579e+00 -8.099444073710927679e-07 -1.096455275958748976e-01 -2.208731000776525122e-01 -3.908115517015428586e-01 -8.029861682846805016e-01 -1.177513374198088547e+00
3.666666666666664298e+00 -7.991817618718241415e-07 -1.096535317162224965e-01 -2.208889630664104542e-01 -3.908389879938061195e-01 -8.030092475835252097e-01 -1.177509821014984137e+00
3.683333333333330017e+00 -7.893228047287664322e-07 -1.096544998458477416e-01 -2.208897480127212654e-01 -3.908369219218237323e-01 -8.030169475180300998e-01 -1.177514304731613226e+00
3.700000000000002842e+00 -7.788421167705299415e-07 -1.096623917648981150e-01 -2.209053944503959199e-01 -3.908640067518878713e-01 -8.030461595996989388e-01 -1.177531514548392666e+00
3.716666666666668561e+00 -7.692403009125117186e-07 -1.096632384077042277e-01 -2.209059454439606662e-01 -3.908615608617124204e-01 -8.030299366324872290e-01 -1.177553572315144459e+00
3.733333333333334281e+00 -7.590341224449408601e-07 -1.096710210374708255e-01 -2.209213810800381150e-01 -3.908883043827313664e-01 -8.030361352097548089e-01 -1.177553091974362864e+00
3.750000000000000000e+00 -7.496820028124947916e-07 -1.096717494829291123e-01 -2.209217045271043012e-01 -3.908854896556498981e-01 -8.030644927986211323e-01 -1.177577171762064445e+00
3.766666666666665719e+00 -7.397432137226929976e-07 -1.096794255254371908e-01 -2.209369350683155209e-01 -3.909119017281882935e-01 -8.030775169865577157e-01 -1.177574744588244737e+00
3.783333333333331439e+00 -7.306337603360571513e-07 -1.096800389512070928e-01 -2.209370371660090981e-01 -3.909087288368901514e-01 -8.030945594821071731e-01 -1.177569682746903545e+00
3.799999999999997158e+00 -7.209542921548724160e-07 -1.096876111719393559e-01 -2.209520681827797650e-01 -3.909348190363815534e-01 -8.031033069532809154e-01 -1.177573018299562069e+00
3.816666666666669983e+00 -7.120815308223548002e-07 -1.096881126247612054e-01 -2.209519549515248926e-01 -3.909312983406098008e-01 -8.031244126256047444e-01 -1.177589029792870390e+00
3.833333333333335702e+00 -7.026542699748437434e-07 -1.096955837262477834e-01 -2.209667918677662435e-01 -3.909570759726987421e-01 -8.031300285611998602e-01 -1.177609636865338594e+00
3.850000000000001421e+00 -6.940118529981516191e-07 -1.096959761568134517e-01 -2.209664691605575104e-01 -3.909532175198808246e-01 -8.031573587982042683e-01 -1.177608114551067731e+00
3.866666666666667140e+00 -6.848292689325964736e-07 -1.097033487768689086e-01 -2.209811172516728539e-01 -3.909786916034810877e-01 -8.031388199533961991e-01 -1.177630889146693782e+00
3.883333333333332860e+00 -6.764104219097609236e-07 -1.097036350509826702e-01 -2.209805907601602171e-01 -3.909745051870064936e-01 -8.031430754701612829e-01 -1.177627489927141724e+00
3.899999999999998579e+00 -6.674670450770695774e-07 -1.097109117626336033e-01 -2.209950551500223792e-01 -3.909996844346837475e-01 -8.031696433023544079e-01 -1.177621146138006170e+00
3.916666666666664298e+00 -6.592657978201358398e-07 -1.097110946634738959e-01 -2.209943304091518124e-01 -3.909951795287686105e-01 -8.031808127355832827e-01 -1.177623215942700474e+00
3.933333333333330017e+00 -6.505544581388168783e-07 -1.097182779731401686e-01 -2.210086160874511207e-01 -3.910200724330216704e-01 -8.031960400649864606e-01 -1.177638144865795988e+00
3.950000000000002842e+00 -6.425650321394202406e-07 -1.097183602065952973e-01 -2.210076984808136968e-01 -3.910152582039456703e-01 -8.032030282505504548e-01 -1.177657865144507099e+00
3.966666666666668561e+00 -6.340792497346513682e-07 -1.097254525555938914e-01 -2.210218103001999890e-01 -3.910398730247305332e-01 -8.032223681692282069e-01 -1.177655162929124977e+00
3.983333333333334281e+00 -6.262958877135248308e-07 -1.097254367569470007e-01 -2.210207050633879455e-01 -3.910347583834611340e-01 -8.032262940465995094e-01 -1.177676994147965450e+00
4.000000000000000000e+00 -6.180297933619230165e-07 -1.097324405243494533e-01 -2.210346477425206568e-01 -3.910591031621954428e-01 -8.032519206943160572e-01 -1.177672489210716655e+00
4.016666666666665719e+00 -6.104469079105713440e-07 -1.097323292584005267e-01 -2.210333599681011951e-01 -3.910536967952359944e-01 -8.032316252883719976e-01 -1.177665176888835319e+00
4.033333333333331439e+00 -6.023942799541593684e-07 -1.097392467603500454e-01 -2.210471380951805342e-01 -3.910777793488531273e-01 -8.032341940161786820e-01 -1.177666344267091159e+00
4.049999999999997158e+00 -5.950065670368741167e-07 -1.097390425307818163e-01 -2.210456727366220120e-01 -3.910720896399169089e-01 -8.032591473273215099e-01 -1.177680318137789950e+00
4.066666666666669983e+00 -5.871623726275320351e-07 -1.097458760166563629e-01 -2.210592907735687840e-01 -3.910959175106947794e-01 -8.032687575231612920e-01 -1.177699027415336053e+00
4.083333333333335702e+00 -5.799640066369414989e-07 -1.097455812460487318e-01 -2.210576526485098781e-01 -3.910899526065903520e-01 -8.032824582190125629e-01 -1.177695530820145553e+00
4.100000000000001421e+00 -5.723221015528495409e-07 -1.097523329126748326e-01 -2.210711149361617167e-01 -3.911135331123610226e-01 -8.032879142266406980e-01 -1.177716490501611313e+00
4.116666666666667140e+00 -5.653088689458782983e-07 -1.097519499664247750e-01 -2.210693087313124194e-01 -3.911073009489617891e-01 -8.033057877613185571e-01 -1.177711167994180963e+00
4.133333333333332860e+00 -5.578637934331786201e-07 -1.097586219476300307e-01 -2.210826194912958176e-01 -3.911306412061939519e-01 -8.033082340319571690e-01 -1.177702817716384187e+00
4.149999999999998579e+00 -5.510302449729323411e-07 -1.097581531303830765e-01 -2.210806497638568568e-01 -3.911241494990939649e-01 -8.033324474761621703e-01 -1.177703127124339222e+00
4.166666666666664298e+00 -5.437767634335511405e-07 -1.097647475046864829e-01 -2.210938131035634358e-01 -3.911472564237526428e-01 -8.033105910500268898e-01 -1.177716364998345977e+00
4.183333333333330017e+00 -5.371182654432363412e-07 -1.097641950617847528e-01 -2.210916842878114519e-01 -3.911405126648521136e-01 -8.033117594304167719e-01 -1.177734353148470525e+00
4.200000000000002842e+00 -5.300511638392013817e-07 -1.097707138563483176e-01 -2.211047042010154673e-01 -3.911633929776394125e-01 -8.033353651549585139e-01 -1.177730040080829932e+00
4.216666666666668561e+00 -5.235633952759683549e-07 -1.097700799705828567e-01 -2.211024206091916633e-01 -3.911564044364986281e-01 -8.033436304529353311e-01 -1.177750230231668915e+00
4.233333333333334281e+00 -5.166778243361942452e-07 -1.097765251592728447e-01 -2.211153009819824267e-01 -3.911790646652361092e-01 -8.033560329821474166e-01 -1.177744195076456446e+00
4.250000000000000000e+00 -5.103558791970226745e-07 -1.097758119807793753e-01 -2.211128668088495619e-01 -3.911718383961047540e-01 -8.033601989813632382e-01 -1.177735191949299765e+00
4.266666666666665719e+00 -5.036464279087109179e-07 -1.097821854645831680e-01 -2.211256114206279211e-01 -3.911942848833222519e-01 -8.033768222765789169e-01 -1.177734774837968290e+00
4.283333333333331439e+00 -4.974864861315406182e-07 -1.097813950549802325e-01 -2.211230307460523292e-01 -3.911868277353340861e-01 -8.033780156692339469e-01 -1.177747274133854605e+00
4.299999999999997158e+00 -4.909490773714446724e-07 -1.097876987251884123e-01 -2.211356432734763733e-01 -3.912090666401107919e-01 -8.034010311897062939e-01 -1.177764590466136685e+00
4.316666666666669983e+00 -4.849462702286918352e-07 -1.097868330602941728e-01 -2.211329200666011241e-01 -3.912013852661755942e-01 -8.033778202737292817e-01 -1.177759642093775039e+00
4.333333333333335702e+00 -4.785764864129613838e-07 -1.097930687648039499e-01 -2.211454040864678228e-01 -3.912234225702884149e-01 -8.033777724743323967e-01 -1.177779251032083030e+00
4.350000000000001421e+00 -4.727268934683990860e-07 -1.097921298194602380e-01 -2.211425422086719661e-01 -3.912155234316924135e-01 -8.034002431262742272e-01 -1.177772539293868048e+00
4.366666666666667140e+00 -4.665198976993135989e-07 -1.097982992763750221e-01 -2.211549012011699289e-01 -3.912373649448978030e-01 -8.034073732993262107e-01 -1.177762755484260682e+00
4.383333333333332860e+00 -4.608196493028207542e-07 -1.097972890087619141e-01 -2.211519044084687691e-01 -3.912292543187472216e-01 -8.034186606453971313e-01 -1.177761759272463626e+00
4.399999999999998579e+00 -4.547710208604536378e-07 -1.098033939153289923e-01 -2.211641417591071190e-01 -3.912509056838072152e-01 -8.034217288458040951e-01 -1.177773736380254288e+00
4.416666666666664298e+00 -4.492162771017087413e-07 -1.098023141940404346e-01 -2.211610137045089686e-01 -3.912425896665657765e-01 -8.034372736230066536e-01 -1.177790466096741318e+00
4.433333333333330017e+00 -4.433218827215781294e-07 -1.098083562280035425e-01 -2.211731327046816686e-01 -3.912640563623770995e-01 -8.034374121875169639e-01 -1.177784965292587360e+00
4.450000000000002842e+00 -4.379084238418065740e-07 -1.098072088649550276e-01 -2.211698769420040733e-01 -3.912555409164986675e-01 -8.034593865530951229e-01 -1.177803975063675068e+00
4.466666666666668561e+00 -4.321647316940951491e-07 -1.098131896649030964e-01 -2.211818807927671271e-01 -3.912768282291058664e-01 -8.034350770853244672e-01 -1.177796790258012871e+00
4.483333333333334281e+00 -4.268889829299106141e-07 -1.098119764200583132e-01 -2.211785007773935385e-01 -3.912681191092138855e-01 -8.034340034199752845e-01 -1.177786517594513249e+00
4.500000000000000000e+00 -4.212918833455588803e-07 -1.098178975815326669e-01 -2.211903925946028249e-01 -3.912892322020946612e-01 -8.034554833941763841e-01 -1.177784956167464037e+00
4.516666666666665719e+00 -4.161499440231544259e-07 -1.098166201701911704e-01 -2.211868916887950454e-01 -3.912803349788588347e-01 -8.034616449909167679e-01 -1.177796390876074240e+00
4.533333333333331439e+00 -4.106956164741463034e-07 -1.098224832474235246e-01 -2.211986745027161028e-01 -3.913012788799613006e-01 -8.034719925604774104e-01 -1.177812668454452316e+00
4.549999999999997158e+00 -4.056843682506249058e-07 -1.098211433394710168e-01 -2.211950559787500270e-01 -3.912921989664346900e-01 -8.034741192411880562e-01 -1.177806666914135603e+00
4.566666666666669983e+00 -4.003681583132894486e-07 -1.098269498459367444e-01 -2.212067327380072002e-01 -3.913129785578355335e-01 -8.034887606128949811e-01 -1.177825264322623022e+00
4.583333333333335702e+00 -3.954847734827645170e-07 -1.098255490688243435e-01 -2.212029997774243029e-01 -3.913037212147102983e-01 -8.034879858358167093e-01 -1.177817559421744598e+00
4.600000000000001421e+00 -3.903037278785836684e-07 -1.098313004782998648e-01 -2.212145733508737722e-01 -3.913243412338434646e-01 -8.035090926049486271e-01 -1.177806741745611507e+00
4.616666666666667140e+00 -3.855444261331707430e-07 -1.098298404161879016e-01 -2.212107290493035561e-01 -3.913149115714997239e-01 -8.034838053532902258e-01 -1.177804771110750881e+00
4.633333333333332860e+00 -3.804951932255924872e-07 -1.098355381621553134e-01 -2.212222022272217203e-01 -3.913353766155436841e-01 -8.034818596741031271e-01 -1.177815812269637386e+00
4.649999999999998579e+00 -3.758559014121233898e-07 -1.098340203587003933e-01 -2.212182495976227903e-01 -3.913257796002613254e-01 -8.035025150158756624e-01 -1.177831636356007516e+00
4.666666666666664298e+00 -3.709356937073143383e-07 -1.098396658370090623e-01 -2.212296250948882215e-01 -3.913460941341591615e-01 -8.035078494132580351e-01 -1.177825251384347682e+00
4.683333333333330017e+00 -3.664135748356734458e-07 -1.098380917944172391e-01 -2.212255670664551033e-01 -3.913363345912911351e-01 -8.035173920105590506e-01 -1.177843411076662683e+00
4.700000000000002842e+00 -3.616182023486052180e-07 -1.098436863646965883e-01 -2.212368475243272625e-01 -3.913565029579675891e-01 -8.035187241557509852e-01 -1.177835362656428186e+00
4.716666666666668561e+00 -3.572107996451102919e-07 -1.098420575456655751e-01 -2.212326869484666225e-01 -3.913465855599027043e-01 -8.035325887826342273e-01 -1.177824151859303559e+00
4.733333333333334281e+00 -3.525372684595585146e-07 -1.098476025322088767e-01 -2.212438749383188741e-01 -3.913666119747856165e-01 -8.035310465567643279e-01 -1.177821764292831697e+00
4.750000000000000000e+00 -3.482412641213679425e-07 -1.098459203622128011e-01 -2.212396145889549137e-01 -3.913565412726274784e-01 -8.035514067999480758e-01 -1.177832423631429482e+00
4.766666666666665719e+00 -3.436862629230953631e-07 -1.098514170549116792e-01 -2.212507126137091273e-01 -3.913764298220928084e-01 -8.035253016937992099e-01 -1.177847924617845710e+00
4.783333333333331439e+00 -3.394988395808501567e-07 -1.098496829232920302e-01 -2.212463551907833670e-01 -3.913662102377427621e-01 -8.035226073740899810e-01 -1.177841162340139913e+00
4.799999999999997158e+00 -3.350592156955309884e-07 -1.098551325787949784e-01 -2.212573656806197109e-01 -3.913859648946950709e-01 -8.035425542614901273e-01 -1.177859008231393778e+00
4.816666666666669983e+00 -3.309781139558244301e-07 -1.098533478378609235e-01 -2.212529138060538303e-01 -3.913756007206833920e-01 -8.035471884117766361e-01 -1.177850588170941126e+00
4.833333333333335702e+00 -3.266506799887529990e-07 -1.098587516806092401e-01 -2.212638391266755766e-01 -3.913952253412489313e-01 -8.035560454445441758e-01 -1.177839010929967234e+00
4.850000000000001421e+00 -3.226726762887531971e-07 -1.098569176471319297e-01 -2.212592953543123242e-01 -3.913847207452396670e-01 -8.035566973935446278e-01 -1.177836316919332216e+00
4.866666666666667140e+00 -3.184547820141817454e-07 -1.098622768689806600e-01 -2.212701378071294522e-01 -3.914042190757704431e-01 -8.035698997991211900e-01 -1.177846670776739879e+00
4.883333333333332860e+00 -3.145777153191426102e-07 -1.098603948253558532e-01 -2.212655046214817844e-01 -3.913935781052957918e-01 -8.035677018713828224e-01 -1.177861841052856740e+00
4.899999999999998579e+00 -3.104661471437162913e-07 -1.098657105864623285e-01 -2.212762664446717986e-01 -3.914129537837066630e-01 -8.035874233750722739e-01 -1.177854798678900528e+00
4.916666666666664298e+00 -3.066869183807892653e-07 -1.098637817815043133e-01 -2.212715462658750853e-01 -3.914021803684945011e-01 -8.035606329862612363e-01 -1.177872338909237593e+00
4.933333333333330017e+00 -3.026796538119760202e-07 -1.098690552115888230e-01 -2.212822296397753408e-01 -3.914214369284658712e-01 -8.035573075076216654e-01 -1.177863650459189504e+00
4.950000000000002842e+00 -2.989958347924968826e-07 -1.098670808614652800e-01 -2.212774248182318437e-01 -3.914105348856065092e-01 -8.035766465071103593e-01 -1.177851757771710695e+00
4.966666666666668561e+00 -2.950895290367557402e-07 -1.098723130608098425e-01 -2.212880318661226142e-01 -3.914296757589739162e-01 -8.035806814714206991e-01 -1.177848768542503866e+00
4.983333333333334281e+00 -2.914988250108090493e-07 -1.098702943485488220e-01 -2.212831446851652173e-01 -3.914186487946809678e-01 -8.035889587191906713e-01 -1.177858856872118443e+00
5.000000000000000000e+00 -2.876916678847168766e-07 -1.098754863889809114e-01 -2.212936774654458705e-01 -3.914376773138850130e-01 -8.035890313671699703e-01 -1.177873782140234304e+00
5.016666666666665719e+00 -2.841912290617027672e-07 -1.098734244680438232e-01 -2.212887101532796386e-01 -3.914265290276514597e-01 -8.036016770630775019e-01 -1.177866467514729454e+00
5.033333333333331439e+00 -2.804797378843252997e-07 -1.098785773922735104e-01 -2.212991706725678243e-01 -3.914454484293215519e-01 -8.035989167616032214e-01 -1.177883762202303952e+00
5.049999999999997158e+00 -2.770677794062818104e-07 -1.098764733853370423e-01 -2.212941253930279795e-01 -3.914341823174961599e-01 -8.036181049782959995e-01 -1.177874818910636501e+00
5.066666666666669983e+00 -2.734503044941516044e-07 -1.098815882093310686e-01 -2.213045156035836625e-01 -3.914529957431707174e-01 -8.035907045774112190e-01 -1.177862676261604014e+00
5.083333333333335702e+00 -2.701243472392058949e-07 -1.098794432098515322e-01 -2.212993944621493292e-01 -3.914416152021178430e-01 -8.035868378420343294e-01 -1.177859450751414627e+00
5.100000000000001421e+00 -2.665978527472419925e-07 -1.098845209234634163e-01 -2.213097162638218984e-01 -3.914603257039585005e-01 -8.036056709992620561e-01 -1.177869304290641850e+00
5.116666666666667140e+00 -2.633556595815995822e-07 -1.098823359964574697e-01 -2.213045213087738716e-01 -3.914488340317644477e-01 -8.036091973278526313e-01 -1.177883997394545190e+00
5.133333333333332860e+00 -2.599186262848185404e-07 -1.098873775643183781e-01 -2.213147765494712371e-01 -3.914674445744804610e-01 -8.036169760583197208e-01 -1.177876470109680884e+00
5.149999999999998579e+00 -2.567578974010255508e-07 -1.098851537486444790e-01 -2.213095097745527984e-01 -3.914558449736090240e-01 -8.036165580946386111e-01 -1.177893553406565097e+00
5.166666666666664298e+00 -2.534070758562691216e-07 -1.098901601108141363e-01 -2.213197002515157608e-01 -3.914743584363032380e-01 -8.036287212982025085e-01 -1.177884397626775215e+00
5.183333333333330017e+00 -2.503261084535793760e-07 -1.098878984173839307e-01 -2.213143635971983048e-01 -3.914626540159245049e-01 -8.036254888026661547e-01 -1.177872012949837233e+00
5.200000000000002842e+00 -2.470601038040797938e-07 -1.098928704880049456e-01 -2.213244910592840065e-01 -3.914810731955709056e-01 -8.036442115106000594e-01 -1.177868581052283536e+00
5.216666666666668561e+00 -2.440566618927782196e-07 -1.098905718992834318e-01 -2.213190864128226909e-01 -3.914692669763158439e-01 -8.036163189070519852e-01 -1.177878246426879105e+00
5.233333333333334281e+00 -2.408726909869932067e-07 -1.098955105675210736e-01 -2.213291525619896505e-01 -3.914875945879221497e-01 -8.036119920459157129e-01 -1.177892749676463735e+00
5.250000000000000000e+00 -2.379449953743052483e-07 -1.098931760413735942e-01 -2.213236817600248429e-01 -3.914756895025508499e-01 -8.036303826993688171e-01 -1.177885030359779872e+00
5.266666666666665719e+00 -2.348410164368868723e-07 -1.098980821732986335e-01 -2.213336882517133175e-01 -3.914939281844582730e-01 -8.036334762116157382e-01 -1.177901924413379486e+00
5.283333333333331439e+00 -2.319868953221851158e-07 -1.098957126432446446e-01 -2.213281530808974829e-01 -3.914819270833641562e-01 -8.036408348516917988e-01 -1.177892593433636170e+00
5.299999999999997158e+00 -2.289614431851490676e-07 -1.099005870834057763e-01 -2.213381015263993778e-01 -3.915000793945536128e-01 -8.036399956551155688e-01 -1.177880029336507928e+00
5.316666666666669983e+00 -2.261788545889154885e-07 -1.098981834592475115e-01 -2.213325037246481330e-01 -3.914879850409552775e-01 -8.036517559757128115e-01 -1.177876416486739908e+00
5.333333333333335702e+00 -2.232295451485788285e-07 -1.099030270296043332e-01 -2.213423956914498114e-01 -3.915060534723530106e-01 -8.036481145819449612e-01 -1.177885906635936619e+00
5.350000000000001421e+00 -2.205166979036500071e-07 -1.099005901976046196e-01 -2.213367369503413118e-01 -3.914938685507073912e-01 -8.036664509937919698e-01 -1.177900247857496252e+00
5.366666666666667140e+00 -2.176414959436577597e-07 -1.099054036992193617e-01 -2.213465739633851959e-01 -3.915118555201144712e-01 -8.036381167871895492e-01 -1.177892365900336413e+00
5.383333333333332860e+00 -2.149977285581857356e-07 -1.099029345216010894e-01 -2.213408559283626953e-01 -3.914995826383121380e-01 -8.036333996545028668e-01 -1.177909110256311953e+00
5.399999999999998579e+00 -2.121945084042025513e-07 -1.099077187357789531e-01 -2.213506394710735292e-01 -3.915174904932876565e-01 -8.036514233487772607e-01 -1.177899616027334062e+00
5.416666666666664298e+00 -2.096168035632100641e-07 -1.099052180513964555e-01 -2.213448637441636502e-01 -3.915051321857414557e-01 -8.036541471503170220e-01 -1.177886875256054067e+00
5.433333333333330017e+00 -2.068838930565775364e-07 -1.099099737378096964e-01 -2.213545952602725686e-01 -3.915229632040579388e-01 -8.036611450852290117e-01 -1.177883115857795149e+00
5.450000000000002842e+00 -2.043710893193076275e-07 -1.099074423650228255e-01 -2.213487633982439695e-01 -3.915105219313728679e-01 -8.036599506010805305e-01 -1.177892468271977133e+00
5.466666666666668561e+00 -2.017074769651985701e-07 -1.099121702638646558e-01 -2.213584442919726836e-01 -3.915282783260588539e-01 -8.036713622107617416e-01 -1.177906664473915566e+00
5.483333333333334281e+00 -1.992573123445786565e-07 -1.099096089998035375e-01 -2.213525578112321146e-01 -3.915157564785622935e-01 -8.036673780416693225e-01 -1.177898646594569776e+00
5.500000000000000000e+00 -1.966605265328752209e-07 -1.099143098297292870e-01 -2.213621894502038057e-01 -3.915334403982102529e-01 -8.036853787630964252e-01 -1.177915249954135435e+00
5.516666666666665719e+00 -1.942719810918468444e-07 -1.099117194523815538e-01 -2.213562498244512622e-01 -3.915208402967890744e-01 -8.036566830762554847e-01 -1.177905630742219323e+00
5.533333333333331439e+00 -1.917406504651206645e-07 -1.099163939144675584e-01 -2.213658335377952646e-01 -3.915384538290806460e-01 -8.036516312317912858e-01 -1.177892754776737272e+00
5.549999999999997158e+00 -1.894120429533539745e-07 -1.099137751803620222e-01 -2.213598422028072166e-01 -3.915257777275815698e-01 -8.036693362289604181e-01 -1.177888860318155428e+00
5.566666666666669983e+00 -1.869441158722715412e-07 -1.099184239583055889e-01 -2.213693792844913244e-01 -3.915433228997179382e-01 -8.036717467606772081e-01 -1.177898085601335909e+00
5.583333333333335702e+00 -1.846742768894394914e-07 -1.099157776037838069e-01 -2.213633376357700966e-01 -3.915305729873164720e-01 -8.036784391694483665e-01 -1.177912166224970969e+00
5.600000000000001421e+00 -1.822681353059986606e-07 -1.099204013640216193e-01 -2.213728293441628858e-01 -3.915480517680486883e-01 -8.036769397987869601e-01 -1.177904025980108349e+00
5.616666666666667140e+00 -1.800552134494465725e-07 -1.099177281056497452e-01 -2.213667387424498034e-01 -3.915352301703366455e-01 -8.036880576499113582e-01 -1.177920519424297430e+00
5.633333333333332860e+00 -1.777092795570979365e-07 -1.099223274969683001e-01 -2.213761863014648834e-01 -3.915526444713922083e-01 -8.036837784806247775e-01 -1.177910779869510538e+00
5.649999999999998579e+00 -1.755518539955373630e-07 -1.099196280332227493e-01 -2.213700480659188674e-01 -3.915397532532663982e-01 -8.037014968136042548e-01 -1.177897778972640586e+00
5.666666666666664298e+00 -1.732650398661403356e-07 -1.099242036882137064e-01 -2.213794526689490949e-01 -3.915571049323164354e-01 -8.036724866706603798e-01 -1.177893777442142298e+00
5.683333333333330017e+00 1.293913500218240578e-03 -1.086392652561171956e-01 -2.199668216125361120e-01 -3.901469061276964245e-01 -8.024617544125425272e-01 -1.176624596791034705e+00
5.700000000000002842e+00 3.006456361361616644e-03 -1.069542302181608201e-01 -2.184931558372520677e-01 -3.887119098074605650e-01 -8.009527652418123589e-01 -1.175360719614192861e+00
5.716666666666668561e+00 4.476568453639737100e-03 -1.055164206511869235e-01 -2.170103308061616110e-01 -3.872849734008407263e-01 -7.997137610043737466e-01 -1.174121235322729273e+00
5.733333333333334281e+00 6.138539396828994292e-03 -1.038886495726056430e-01 -2.154587325315011070e-01 -3.857900487320087279e-01 -7.983138397927195262e-01 -1.172856231645087455e+00
5.750000000000000000e+00 7.797769157786478729e-03 -1.022673908348171457e-01 -2.138658822826397521e-01 -3.842593130394669210e-01 -7.969450412894466540e-01 -1.171568568403642985e+00
5.766666666666665719e+00 9.848323262971633157e-03 -1.002630060362882936e-01 -2.119159981664981152e-01 -3.823835339567561165e-01 -7.952278301181459064e-01 -1.169970378709534797e+00
5.783333333333331439e+00 1.196312617790794633e-02 -9.819999977680164693e-02 -2.098971365395781163e-01 -3.804507459776647615e-01 -7.934790322809929242e-01 -1.168336934372462332e+00
5.799999999999997158e+00 1.414700245181658815e-02 -9.607613028016838419e-02 -2.078300538493538241e-01 -3.784661391411121567e-01 -7.916870281292752720e-01 -1.166669207567278210e+00
5.816666666666669983e+00 1.639736627117423587e-02 -9.388700068287171574e-02 -2.056981042421330008e-01 -3.764227681652002055e-01 -7.898473836144729310e-01 -1.164953214776762058e+00
5.833333333333335702e+00 1.871584022865423885e-02 -9.163322810492301185e-02 -2.035133014299221887e-01 -3.743236677430497594e-01 -7.879576482050039132e-01 -1.163188652799570733e+00
5.850000000000001421e+00 2.161200309466464534e-02 -8.881274577817323268e-02 -2.007614707192180992e-01 -3.716792511668867149e-01 -7.855395994287756034e-01 -1.160913243696475972e+00
5.866666666666667140e+00 2.461150895154586710e-02 -8.589477792386387978e-02 -1.979223490053570178e-01 -3.689516670153047406e-01 -7.830650910347832783e-01 -1.158586077505035394e+00
5.883333333333332860e+00 2.768727020724394763e-02 -8.290568667674233505e-02 -1.950159281644400777e-01 -3.661707809227205956e-01 -7.805372563950928599e-01 -1.156215118500332872e+00
5.899999999999998579e+00 3.085425650343440879e-02 -7.982943554551094612e-02 -1.920268631608419707e-01 -3.633107764452153665e-01 -7.779415782402786528e-01 -1.153778996447314853e+00
5.916666666666664298e+00 3.410684532260282315e-02 -7.667332321340486478e-02 -1.889644898647460936e-01 -3.603812654081108846e-01 -7.752825608443669747e-01 -1.151278149174759680e+00
5.933333333333330017e+00 3.775478212663595234e-02 -7.312957118763388498e-02 -1.855170555838878965e-01 -3.570764919216750100e-01 -7.722775601739466644e-01 -1.148438727387512959e+00
5.950000000000002842e+00 4.151014677414180398e-02 -6.948191041269494161e-02 -1.819750033760904606e-01 -3.536822199141699263e-01 -7.691910818914129422e-01 -1.145524653366662093e+00
5.966666666666668561e+00 4.535681640439963302e-02 -6.574579898071311601e-02 -1.783522037377310021e-01 -3.502158612917891101e-01 -7.660488489631439579e-01 -1.142547027917150126e+00
5.983333333333334281e+00 4.930351942661854309e-02 -6.191373092702016218e-02 -1.746355473680014647e-01 -3.466586353933619469e-01 -7.628304456251049359e-01 -1.139490746890770678e+00
6.000000000000000000e+00 5.334674874050705090e-02 -5.799004335564280493e-02 -1.708284319709016119e-01 -3.430206724380445160e-01 -7.595327074501327935e-01 -1.136360892573858417e+00
6.016666666666665719e+00 5.769382415830554001e-02 -5.376813932852934214e-02 -1.667289817351604031e-01 -3.390988263961131621e-01 -7.559606314369134994e-01 -1.132977904138055880e+00
6.033333333333331439e+00 6.215220639332785790e-02 -4.943878039490517962e-02 -1.625281638551734908e-01 -3.350770890152043879e-01 -7.523074920558558976e-01 -1.129502448679502891e+00
6.049999999999997158e+00 6.671052891777579097e-02 -4.501268428662943272e-02 -1.582347785116521299e-01 -3.309686822826237718e-01 -7.485745900411951981e-01 -1.125966684171692878e+00
6.066666666666669983e+00 7.137415557903301067e-02 -4.048454808681177519e-02 -1.538420822891203854e-01 -3.267684064266326294e-01 -7.447576406411091643e-01 -1.122343262830166388e+00
6.083333333333335702e+00 7.614084519154190600e-02 -3.585710537973010870e-02 -1.493527111355608950e-01 -3.224757794289324631e-01 -7.408534930416420528e-01 -1.118635410592493606e+00
6.100000000000001421e+00 8.111449012790056257e-02 -3.102649804784080034e-02 -1.446638851109968427e-01 -3.179890845892914819e-01 -7.367699674828490641e-01 -1.114745463842172990e+00
6.116666666666667140e+00 8.619894477714819259e-02 -2.608925323727171591e-02 -1.398725097202294654e-01 -3.134043658279810907e-01 -7.325940788523006564e-01 -1.110767664303847546e+00
6.133333333333332860e+00 9.138714447888095227e-02 -2.104983058716800026e-02 -1.349826159443049123e-01 -3.087251619251995538e-01 -7.283277719025618158e-01 -1.106706941938394806e+00
6.149999999999998579e+00 9.668101502953982407e-02 -1.590715081600432151e-02 -1.299907899024109470e-01 -3.039495260988941960e-01 -7.239768131644525040e-01 -1.102560715466767149e+00
6.166666666666664298e+00 1.020792443233157626e-01 -1.066299568862539605e-02 -1.248993621271374393e-01 -2.990777255663619738e-01 -7.195335715826859380e-01 -1.098321399930083819e+00
6.183333333333330017e+00 1.076866111601669784e-01 -5.212906320629909565e-03 -1.196058320507938644e-01 -2.940059527806709871e-01 -7.149029523694416799e-01 -1.093905003262914732e+00
6.200000000000002842e+00 1.134051455377238088e-01 3.453581498476562925e-04 -1.142067855017919603e-01 -2.888335869338369832e-01 -7.101786886848214797e-01 -1.089394739820788161e+00
6.216666666666668561e+00 1.192291066448164655e-01 6.006261108471157122e-03 -1.087076556514854631e-01 -2.835644906765558138e-01 -7.053643181998915379e-01 -1.084794903281846912e+00
6.233333333333334281e+00 1.251609221879822487e-01 1.177243335299013073e-02 -1.031058257429896402e-01 -2.781959210465818066e-01 -7.004555842103806773e-01 -1.080108401408200303e+00
6.250000000000000000e+00 1.311981949070880615e-01 1.764249319942517644e-02 -9.740243482823325583e-02 -2.727295489290074149e-01 -6.954517235772238459e-01 -1.075329566319541907e+00
6.266666666666665719e+00 1.372344189861359476e-01 2.351050597394990782e-02 -9.170161658573772190e-02 -2.672667297229182060e-01 -6.904536307115797245e-01 -1.070556260749033095e+00
6.283333333333331439e+00 1.433661541283468011e-01 2.947273681514964161e-02 -8.590740923960653308e-02 -2.617115307385395329e-01 -6.853663850251433542e-01 -1.065694468202614820e+00
6.299999999999997158e+00 1.495977494668458418e-01 3.553379682328507150e-02 -8.001591156641767177e-02 -2.560604944336418720e-01 -6.801869825145101522e-01 -1.060738654473342812e+00
6.316666666666669983e+00 1.559258377305031973e-01 4.168975173133017409e-02 -7.403064217541850678e-02 -2.503177218930239811e-01 -6.749179791824750918e-01 -1.055691750945663809e+00
6.333333333333335702e+00 1.623514607690997591e-01 4.794188988658514700e-02 -6.795073628746468863e-02 -2.444823370245813865e-01 -6.695594269056348580e-01 -1.050560646573228452e+00
6.350000000000001421e+00 1.686596796777150020e-01 5.407758023022832261e-02 -6.198662228582381417e-02 -2.387616569295545887e-01 -6.643142353649074128e-01 -1.045540366140703226e+00
6.366666666666667140e+00 1.750474840660798392e-01 6.029300028440189030e-02 -5.594218769180048234e-02 -2.329599378987098901e-01 -6.589872825106996013e-01 -1.040437287042552450e+00
6.383333333333332860e+00 1.815236834822061274e-01 6.659660594867407302e-02 -4.980998556216242185e-02 -2.270702441330305632e-01 -6.535716255061518876e-01 -1.035248494263230290e+00
6.399999999999998579e+00 1.880812735139790748e-01 7.298139412272844351e-02 -4.359670271649643963e-02 -2.211001805558535094e-01 -6.480760703536209144e-01 -1.029983538008459876e+00
6.416666666666664298e+00 1.947223661589363441e-01 7.944904973855934638e-02 -3.730115602639666461e-02 -2.150485262603166747e-01 -6.425003993195700369e-01 -1.024641475521254064e+00
6.433333333333330017e+00 2.014454012537380823e-01 8.599810121018659770e-02 -3.092471431335811274e-02 -2.089167075243387184e-01 -6.368477137380240682e-01 -1.019224433726269918e+00
6.450000000000002842e+00 2.082497948619786154e-01 9.262821624576117463e-02 -2.446779962659001439e-02 -2.027055088470637034e-01 -6.311180829611354737e-01 -1.013733758041797994e+00
6.466666666666668561e+00 2.151349477875230398e-01 9.933849000739974899e-02 -1.793120938079361543e-02 -1.964152312614227680e-01 -6.253119195106828787e-01 -1.008172266028872999e+00
6.483333333333334281e+00 2.221002411593943349e-01 1.061285382600789390e-01 -1.131515333853595241e-02 -1.900460443236599850e-01 -6.194296390362540317e-01 -1.002539648840814035e+00
6.500000000000000000e+00 2.291448677946595347e-01 1.129977893622845370e-01 -4.620371854155846600e-03 -1.835992542842777020e-01 -6.134727406704642005e-01 -9.968360255265312775e-01
6.516666666666665719e+00 2.357233215192647002e-01 1.194046098846266862e-01 1.615535318149755430e-03 -1.776055504744531444e-01 -6.079533742078042646e-01 -9.915563436359342564e-01
6.533333333333331439e+00 2.423381401003318891e-01 1.258503135750286828e-01 7.893245924402795752e-03 -1.715653944579690338e-01 -6.023776772550710756e-01 -9.862140055855602716e-01
6.549999999999997158e+00 2.490135167605301014e-01 1.323584427255683760e-01 1.423525409147432912e-02 -1.654580428444286933e-01 -5.967300997476546742e-01 -9.808021310214618538e-01
6.566666666666669983e+00 2.557343661394358425e-01 1.389133151924364373e-01 2.062562359241295121e-02 -1.593008781629939308e-01 -5.910307344692344866e-01 -9.753422598589576165e-01
6.583333333333335702e+00 2.625061635849695318e-01 1.455206790380789983e-01 2.706906129879303735e-02 -1.530892769126078745e-01 -5.852767910332702384e-01 -9.698308539876031587e-01
6.600000000000001421e+00 2.696566823433254045e-01 1.525048568165950913e-01 3.388731966093617987e-02 -1.465060481862725805e-01 -5.791627551491554948e-01 -9.639740621489072403e-01
6.616666666666667140e+00 2.768813656872068374e-01 1.595613268131778895e-01 4.077694497234413823e-02 -1.398544848135439000e-01 -5.729890940968718205e-01 -9.580691508538011769e-01
6.633333333333332860e+00 2.841636552483882139e-01 1.666751176988837402e-01 4.772277534936102128e-02 -1.331486531259327699e-01 -5.667669006847732005e-01 -9.521246464152265387e-01
6.649999999999998579e+00 2.915121467046333792e-01 1.738549795618797578e-01 5.473350854705847507e-02 -1.263794272846950617e-01 -5.604853634244004734e-01 -9.461275486146085711e-01
6.666666666666664298e+00 2.989228580713536587e-01 1.810960909275028952e-01 6.180477984210962228e-02 -1.195507511157518354e-01 -5.541477959306064793e-01 -9.400796630381161867e-01
6.683333333333330017e+00 3.062853354394310390e-01 1.882889840184526764e-01 6.882819901397135842e-02 -1.127692899317067066e-01 -5.478571242711310907e-01 -9.340796529393186054e-01
6.700000000000002842e+00 3.137003873599440995e-01 1.955347455116427380e-01 7.590477732596398464e-02 -1.059343693021020660e-01 -5.415129896747931104e-01 -9.280291233768884762e-01
6.716666666666668561e+00 3.211725825128037282e-01 2.028378719065601632e-01 8.303882082673363918e-02 -9.904203029588591611e-02 -5.351123903405421434e-01 -9.219273311287878858e-01
6.733333333333334281e+00 3.286980224097184600e-01 2.101944845604843404e-01 9.022637821169350592e-02 -9.209632103185211305e-02 -5.286604614691754467e-01 -9.157797800525955267e-01
6.750000000000000000e+00 3.362774035479134671e-01 2.176051389107097611e-01 9.746808800963080444e-02 -8.509667747043521413e-02 -5.221562663576817531e-01 -9.095857203808193070e-01
6.766666666666665719e+00 3.437973955160449346e-01 2.249573071247353839e-01 1.046521269690966482e-01 -7.815316324911374124e-02 -5.157066869786179897e-01 -9.034479002800652747e-01
6.783333333333331439e+00 3.513614908370459866e-01 2.323542853518824336e-01 1.118816398270948004e-01 -7.116312058924860462e-02 -5.092107902156155497e-01 -8.972664793374988124e-01
6.799999999999997158e+00 3.589738578045154060e-01 2.398000487279213500e-01 1.191605407634455660e-01 -6.412324059106418173e-02 -5.026661425877417821e-01 -8.910396505762717689e-01
6.816666666666669983e+00 3.666311900296301274e-01 2.472911605414733482e-01 1.264852958824483897e-01 -5.703730952983387253e-02 -4.960768453628078278e-01 -8.847723274921939218e-01
6.833333333333335702e+00 3.743340977864370034e-01 2.548284213583701940e-01 1.338563791824558535e-01 -4.990513868749185677e-02 -4.894426014123033353e-01 -8.784652528766768720e-01
6.850000000000001421e+00 3.420525356151155050e-01 2.226864183085201787e-01 1.018642159675508391e-01 -8.163904153236249683e-02 -5.203908793276833533e-01 -9.084767515322081932e-01
6.866666666666667140e+00 3.070703635390111264e-01 1.880781170260965307e-01 6.764422752031488961e-02 -1.152400390759115434e-01 -5.523679222650620391e-01 -9.388566128421970136e-01
6.883333333333332860e+00 2.712523006695291561e-01 1.527959165904799466e-01 3.291143864702507360e-02 -1.491196359109678016e-01 -5.841392359624223429e-01 -9.687700154958258647e-01
6.899999999999998579e+00 2.337048122880109047e-01 1.159041078746246567e-01 -3.311759179819381230e-03 -1.843199953083735354e-01 -6.168967849042539253e-01 -9.995346329307209787e-01
6.916666666666664298e+00 1.949688957143589085e-01 7.792487789239005425e-02 -4.052294730203064715e-02 -2.203671283690576410e-01 -6.502495204006553120e-01 -1.030848085535341907e+00
6.933333333333330017e+00 1.917358647583174980e-01 7.523873036676265169e-02 -4.266346723649104555e-02 -2.217110767841928565e-01 -6.499509313053158932e-01 -1.029752964871174292e+00
6.950000000000002842e+00 1.893932890386918755e-01 7.328631310809025079e-02 -4.423236299859233112e-02 -2.227398230003202195e-01 -6.500026358990675934e-01 -1.029663356256323326e+00
6.966666666666668561e+00 1.864429518071515635e-01 7.063796638713165654e-02 -4.658778748246475421e-02 -2.246961003400050061e-01 -6.513303103678557138e-01 -1.031153157172661317e+00
6.983333333333334281e+00 1.837913257939948475e-01 6.823165438564234020e-02 -4.875973761030450576e-02 -2.265572066507189619e-01 -6.527714880355255378e-01 -1.032924475721470170e+00
7.000000000000000000e+00 1.810960590860305475e-01 6.574057428482134313e-02 -5.105728542231725842e-02 -2.286063804644393738e-01 -6.545415281971465049e-01 -1.035107982995291609e+00
7.016666666666665719e+00 1.784993021298859062e-01 6.331804231105508940e-02 -5.331644664752685503e-02 -2.306618011389683642e-01 -6.564185668713257149e-01 -1.037435130880129064e+00
7.033333333333331439e+00 1.759225384449413232e-01 6.089338663811526969e-02 -5.560019398158957959e-02 -2.327752044470636494e-01 -6.584179454186370739e-01 -1.039892489359089067e+00
7.049999999999997158e+00 1.733923326251754216e-01 5.849735081458747044e-02 -5.787299528594813669e-02 -2.349028426068340281e-01 -6.604773820074223423e-01 -1.042404166437288504e+00
7.066666666666669983e+00 1.708833442194634955e-01 5.610877984689784798e-02 -6.015182801491351233e-02 -2.370559137267789773e-01 -6.625927740702687307e-01 -1.044957278836604386e+00
7.083333333333335702e+00 1.683995590152903288e-01 5.373398674514951595e-02 -6.242818325832675402e-02 -2.392216783869353103e-01 -6.647422985114158633e-01 -1.047526665780870392e+00
7.100000000000001421e+00 1.659330635816694266e-01 5.136717425128284331e-02 -6.470540377488645523e-02 -2.414006681661449993e-01 -6.669199897209041605e-01 -1.050104481578408633e+00
7.116666666666667140e+00 1.634837326782751232e-01 4.900968734315141323e-02 -6.698103852838258043e-02 -2.435878154249724870e-01 -6.691165033182344679e-01 -1.052680164073548585e+00
7.133333333333332860e+00 1.610497956558167854e-01 4.666064578414093333e-02 -6.925446838330932831e-02 -2.457811646614415924e-01 -6.713262216363606871e-01 -1.055248352441325199e+00
7.149999999999998579e+00 1.586312283126792289e-01 4.432122304773841726e-02 -7.152398959574965409e-02 -2.479773522511099504e-01 -6.735433487394577590e-01 -1.057803273831101620e+00
7.166666666666664298e+00 1.562283600726508959e-01 4.199216521834511773e-02 -7.378789166596122495e-02 -2.501737185124016660e-01 -6.757635109496951120e-01 -1.060340654651868553e+00
7.183333333333330017e+00 1.538417714078214316e-01 3.967488835486991661e-02 -7.604418662522260952e-02 -2.523674630276654396e-01 -6.779823365161437021e-01 -1.062856569260807404e+00
7.200000000000002842e+00 1.514724533331969769e-01 3.737080713020947409e-02 -7.829107817419062032e-02 -2.545559929987231129e-01 -6.801959751759483197e-01 -1.065347666380858094e+00
7.216666666666668561e+00 1.491216218110385794e-01 3.508135665794632346e-02 -8.052650023360384546e-02 -2.567367705650170917e-01 -6.824008801165953875e-01 -1.067810910061599783e+00
7.233333333333334281e+00 1.467903513898664025e-01 3.280810561611591930e-02 -8.274857965270629445e-02 -2.589071774883044963e-01 -6.845938530536431754e-01 -1.070243808327422830e+00
7.250000000000000000e+00 1.444797917007094867e-01 3.055251030999583603e-02 -8.495552521800547874e-02 -2.610651298620387806e-01 -6.867720276827754544e-01 -1.072643954798800037e+00
7.266666666666665719e+00 1.421911285945098302e-01 2.831599725667327885e-02 -8.714568312441924036e-02 -2.632085567900655509e-01 -6.889328095904319049e-01 -1.075009560055375291e+00
7.283333333333331439e+00 1.399253412894188031e-01 2.609987695173010894e-02 -8.931738679172528117e-02 -2.653353950679864792e-01 -6.910738821262294440e-01 -1.077339032394074581e+00
7.299999999999997158e+00 1.376835929434531147e-01 2.390543508045536725e-02 -9.146922347326499891e-02 -2.674440115050941702e-01 -6.931932186695728415e-01 -1.079630863512845096e+00
7.316666666666669983e+00 1.354665975071840389e-01 2.173378433699503856e-02 -9.359992028437290335e-02 -2.695327727676790630e-01 -6.952889646766299281e-01 -1.081884065361636171e+00
7.333333333333335702e+00 1.332752369801515901e-01 1.958606207270343486e-02 -9.570821125442000032e-02 -2.716003122875711440e-01 -6.973595713208528002e-01 -1.084097705807424816e+00
7.350000000000001421e+00 1.311102253312653454e-01 1.746306678880240118e-02 -9.779311072610190336e-02 -2.736453741374261783e-01 -6.994037282003013889e-01 -1.086271101891980839e+00
7.366666666666667140e+00 1.289721906647007255e-01 1.536580616095603938e-02 -9.985362128533233073e-02 -2.756668091681726551e-01 -7.014202102594987442e-01 -1.088403756633527175e+00
7.383333333333332860e+00 1.268617271832151172e-01 1.329479079901170653e-02 -1.018888592299227597e-01 -2.776636470375985488e-01 -7.034081663811414531e-01 -1.090495347562237871e+00
7.399999999999998579e+00 1.247792629900596334e-01 1.125070226319433049e-02 -1.038981928468707960e-01 -2.796350510974560666e-01 -7.053668203163030448e-01 -1.092545649126264840e+00
7.416666666666664298e+00 1.227251636786939742e-01 9.234038890164017119e-03 -1.058809919955026047e-01 -2.815803668504102131e-01 -7.072953963605955741e-01 -1.094554694620361257e+00
7.433333333333330017e+00 1.206998006700022441e-01 7.245138729581774260e-03 -1.078367721476190533e-01 -2.834989830514074716e-01 -7.091933859808922103e-01 -1.096522417468218658e+00
7.450000000000002842e+00 1.187032957720042942e-01 5.284318361519293322e-03 -1.097650827351218661e-01 -2.853903673295742904e-01 -7.110604480785305270e-01 -1.098449001049642826e+00
7.466666666666668561e+00 1.167360588483446759e-01 3.351998421241214349e-03 -1.116655569056028974e-01 -2.872541474665235017e-01 -7.128963376356257653e-01 -1.100334603815109835e+00
7.483333333333334281e+00 1.147981419587418700e-01 1.448157175833953781e-03 -1.135379740776569502e-01 -2.890900424978981587e-01 -7.147008377124237644e-01 -1.102179662857736719e+00
7.500000000000000000e+00 1.128897086356988738e-01 -4.269949315746275360e-04 -1.153821226445204545e-01 -2.908977885146482589e-01 -7.164738738760704218e-01 -1.103984608506492382e+00
7.516666666666665719e+00 1.110106389290147766e-01 -2.273319877989218862e-03 -1.171979081337949646e-01 -2.926772443446939986e-01 -7.182154623186479681e-01 -1.105749838191985690e+00
7.533333333333331439e+00 1.091610823667430452e-01 -4.090909919113264008e-03 -1.189852546713644904e-01 -2.944283257836862733e-01 -7.199256128652756770e-01 -1.107475960114235880e+00
7.549999999999997158e+00 1.073408998385650126e-01 -5.879640505975042460e-03 -1.207441577562161916e-01 -2.961510152592718437e-01 -7.216044215497151582e-01 -1.109163293329598066e+00
7.566666666666669983e+00 1.055499992364559575e-01 -7.639623417319711673e-03 -1.224746667267479217e-01 -2.978453001913995979e-01 -7.232521087605675580e-01 -1.110812364250496787e+00
7.583333333333335702e+00 1.037882284631713170e-01 -9.371030567843724110e-03 -1.241768781835572155e-01 -2.995113190838277206e-01 -7.248688905111868586e-01 -1.112423834267503686e+00
7.600000000000001421e+00 1.027909704296663812e-01 -1.034510321290846475e-02 -1.251289595838957214e-01 -3.004381819750355231e-01 -7.257719349762969951e-01 -1.113341804835277671e+00
7.616666666666667140e+00 1.018726880247830674e-01 -1.124572803205297483e-02 -1.260132332893583729e-01 -3.013053348855440627e-01 -7.266317663543762073e-01 -1.114224193545845454e+00
7.633333333333332860e+00 1.009977939917734435e-01 -1.210690592476287852e-02 -1.268618274463941265e-01 -3.021421963481668582e-01 -7.274703353695539665e-01 -1.115084506806274023e+00
7.649999999999998579e+00 1.001860403653475479e-01 -1.290795575688696850e-02 -1.276531006168432902e-01 -3.029257583212789928e-01 -7.282607930923479245e-01 -1.115895166232278690e+00
7.666666666666664298e+00 9.942905661294880459e-02 -1.365667130396332196e-02 -1.283944454609700081e-01 -3.036624476060851285e-01 -7.290082654578596832e-01 -1.116662936924351257e+00
7.683333333333330017e+00 9.726231354385635186e-02 -1.580408379302522884e-02 -1.305227911482521874e-01 -3.057668182668591417e-01 -7.310713758179684385e-01 -1.118696337434558208e+00
7.700000000000002842e+00 9.504934697474304306e-02 -1.798926756379206487e-02 -1.326801967004327676e-01 -3.078865017792989933e-01 -7.331144771605426769e-01 -1.120675663131726951e+00
7.716666666666668561e+00 9.286169173405016408e-02 -2.014394959390379547e-02 -1.348017722975401733e-01 -3.099618093152892717e-01 -7.350924864444502438e-01 -1.122570448705865198e+00
7.733333333333334281e+00 9.065798692921243906e-02 -2.231097123002442895e-02 -1.369320294846253505e-01 -3.120397389099954788e-01 -7.370586878644711515e-01 -1.124443827951228991e+00
7.750000000000000000e+00 8.845419820729334692e-02 -2.447528318026969893e-02 -1.390566934313778036e-01 -3.141075980200138673e-01 -7.390038273212633513e-01 -1.126284999839474610e+00
7.766666666666665719e+00 8.927344499229858399e-02 -2.364209755859918161e-02 -1.382102830667384374e-01 -3.132457296471233277e-01 -7.381248159891098393e-01 -1.125404662147506896e+00
7.783333333333331439e+00 9.029853571940078816e-02 -2.262276403295995775e-02 -1.371977009747822884e-01 -3.122482221343340081e-01 -7.371816583904498010e-01 -1.124518531568421187e+00
7.799999999999997158e+00 9.138193551620886479e-02 -2.155799950104230270e-02 -1.361525247588464549e-01 -3.112372606899325711e-01 -7.362672416405560138e-01 -1.123685283775786470e+00
7.816666666666669983e+00 9.260842219100778872e-02 -2.035998990789609706e-02 -1.349836737768835560e-01 -3.101172136632878717e-01 -7.352714130319454311e-01 -1.122781170154620867e+00
7.833333333333335702e+00 9.394297835178824774e-02 -1.906183507445112502e-02 -1.337228753397410597e-01 -3.089157239251490994e-01 -7.342134610512701665e-01 -1.121818854966749601e+00
7.850000000000001421e+00 9.518934593731900873e-02 -1.785647234105981751e-02 -1.325588991738727851e-01 -3.078145522285402058e-01 -7.332634213647489796e-01 -1.120960048310549739e+00
7.866666666666667140e+00 9.653408798411623748e-02 -1.655622109619502708e-02 -1.313029956993567171e-01 -3.066267264273436211e-01 -7.322354039783246504e-01 -1.120017504764119654e+00
7.883333333333332860e+00 9.799038270791876615e-02 -1.514781090692920301e-02 -1.299435002830640062e-01 -3.053432438262846382e-01 -7.311169753601534094e-01 -1.118979254023549696e+00
7.899999999999998579e+00 9.954888179327386899e-02 -1.364208136449772228e-02 -1.284915296444110178e-01 -3.039721486708205633e-01 -7.299145361043613001e-01 -1.117854885468180681e+00
7.916666666666664298e+00 1.012093777438568126e-01 -1.203850669031116156e-02 -1.269452720989882044e-01 -3.025096144907093443e-01 -7.286268334441291517e-01 -1.116646218000573398e+00
7.933333333333330017e+00 1.026551314798183207e-01 -1.065026214807240391e-02 -1.256139088453775698e-01 -3.012606380489561975e-01 -7.275474593178981042e-01 -1.115625681502757205e+00
7.950000000000002842e+00 1.041771842667822690e-01 -9.186309903307864413e-03 -1.242069903062040653e-01 -2.999370935332292820e-01 -7.263912859321445259e-01 -1.114525829155634362e+00
7.966666666666668561e+00 1.057903749920086067e-01 -7.632388634605618422e-03 -1.227115930847491043e-01 -2.985279572432247841e-01 -7.251498332480647013e-01 -1.113330922723306582e+00
7.983333333333334281e+00 1.074853810981463154e-01 -5.998595813913988085e-03 -1.211385549476389351e-01 -2.970427917457170164e-01 -7.238343940677176569e-01 -1.112062086901222546e+00
8.000000000000000000e+00 1.092643504718770753e-01 -4.283006970892913601e-03 -1.194856915941380493e-01 -2.954790348891485063e-01 -7.224432876058188846e-01 -1.110710867930627233e+00
8.016666666666665719e+00 1.091323949902961166e-01 -4.462226899835762886e-03 -1.197109372996242316e-01 -2.957672514822521359e-01 -7.228328257041354288e-01 -1.111072478265833663e+00
8.033333333333331439e+00 1.089371527822818042e-01 -4.692283151191641889e-03 -1.199741841226145272e-01 -2.960737184328761651e-01 -7.231937162956063592e-01 -1.111361703961674552e+00
8.049999999999997158e+00 1.087760138891890882e-01 -4.880615635258161653e-03 -1.201878158924717249e-01 -2.963182317648682118e-01 -7.234680753609233905e-01 -1.111543052270969278e+00
8.066666666666669983e+00 1.085933819027986996e-01 -5.084883425377439981e-03 -1.204120926845503314e-01 -2.965657142537005964e-01 -7.237276838559737469e-01 -1.111702770566961540e+00
8.083333333333335702e+00 1.084116669174397946e-01 -5.284172306535026703e-03 -1.206271158857152859e-01 -2.967986729144259650e-01 -7.239588626378258285e-01 -1.111827244068399834e+00
8.100000000000001421e+00 1.024485967035625167e-01 -1.120995761924481644e-02 -1.265117117801520252e-01 -3.026130813053917179e-01 -7.295516490164619672e-01 -1.117116433620808591e+00
8.116666666666667140e+00 9.607594780078843044e-02 -1.750211887643685418e-02 -1.327187836077022565e-01 -3.086826776161350483e-01 -7.352427602262225914e-01 -1.122385585051751011e+00
8.133333333333332860e+00 8.958196944189074362e-02 -2.388468497872727261e-02 -1.389859042083220197e-01 -3.147696570060282140e-01 -7.408643954268636644e-01 -1.127530288986052120e+00
8.149999999999998579e+00 8.281171008899837482e-02 -3.052073032155118437e-02 -1.454838278320232658e-01 -3.210541545222146409e-01 -7.466157055738478210e-01 -1.132782651896907966e+00
8.166666666666664298e+00 7.583504559253764765e-02 -3.734432034469702122e-02 -1.521505578365405786e-01 -3.274811647950189863e-01 -7.524613165676840021e-01 -1.138109856015568688e+00
8.183333333333330017e+00 7.458230590741231347e-02 -3.848162231797463279e-02 -1.531711726300223619e-01 -3.283277440076163289e-01 -7.529075212357162483e-01 -1.138241152019421110e+00
8.200000000000002842e+00 7.352054209368824589e-02 -3.945739497885873692e-02 -1.540601817408245866e-01 -3.290892123345648401e-01 -7.533878714842600077e-01 -1.138534993444646926e+00
8.216666666666668561e+00 7.235765141822458890e-02 -4.055029498620428552e-02 -1.550832500839413597e-01 -3.300105029272269452e-01 -7.540916578891955213e-01 -1.139099133585014689e+00
8.233333333333334281e+00 7.126186937705296376e-02 -4.158640351552528314e-02 -1.560606637374459260e-01 -3.309020142582421165e-01 -7.548042466300871611e-01 -1.139711894218583543e+00
8.250000000000000000e+00 7.016906756585722382e-02 -4.262721958202583816e-02 -1.570501031122974733e-01 -3.318163046577242148e-01 -7.555663967513385204e-01 -1.140410938529686113e+00
8.266666666666665719e+00 6.910641637686192051e-02 -4.364359860871178109e-02 -1.580206276744261229e-01 -3.327201873057184511e-01 -7.563372984663370158e-01 -1.141112430601026739e+00
8.283333333333331439e+00 6.805887819681520623e-02 -4.464910519939142841e-02 -1.589843348088749442e-01 -3.336232991442477092e-01 -7.571201219118586234e-01 -1.141833788237722302e+00
8.299999999999997158e+00 6.703142673548614927e-02 -4.563781558071224737e-02 -1.599343686309599166e-01 -3.345173980377605938e-01 -7.579034331503026189e-01 -1.142558399524636226e+00
8.316666666666669983e+00 6.601921624173351377e-02 -4.661388111539132434e-02 -1.608742786615372788e-01 -3.354051279162112431e-01 -7.586869972853796940e-01 -1.143281725437244489e+00
8.333333333333335702e+00 6.502272555499703788e-02 -4.757633369352710917e-02 -1.618026032659500291e-01 -3.362842563154094244e-01 -7.594669705382628422e-01 -1.144002261320406832e+00
8.350000000000001421e+00 6.404028320329942237e-02 -4.852649269897031659e-02 -1.627203168779892684e-01 -3.371552698344414400e-01 -7.602427963253964860e-01 -1.144716762149998956e+00
8.366666666666667140e+00 6.307159643059220833e-02 -4.946440126694157113e-02 -1.636272549935146037e-01 -3.380175543610360323e-01 -7.610128857425545457e-01 -1.145424630881083372e+00
8.383333333333332860e+00 6.211600921779031337e-02 -5.039045574706801228e-02 -1.645236451488862883e-01 -3.388710698350704265e-01 -7.617766458435483168e-01 -1.146124694841841318e+00
8.399999999999998579e+00 6.117326135961329708e-02 -5.130487281767574792e-02 -1.654094696569791412e-01 -3.397155522892794099e-01 -7.625331752871553626e-01 -1.146816175119987902e+00
8.416666666666664298e+00 6.024307725530275714e-02 -5.220771961712530884e-02 -1.662847317086973420e-01 -3.405508241002611625e-01 -7.632821876814739337e-01 -1.147498620254561397e+00
8.433333333333330017e+00 5.932529207920797520e-02 -5.309910259400728999e-02 -1.671494070644100882e-01 -3.413766877610207584e-01 -7.640230504537663947e-01 -1.148171406461147903e+00
8.450000000000002842e+00 5.841979268800889802e-02 -5.397904980985598206e-02 -1.680034641963416286e-01 -3.421929493766484587e-01 -7.647552705775061410e-01 -1.148834205556918731e+00
8.466666666666668561e+00 5.752650532650947779e-02 -5.484755766932178367e-02 -1.688468304508763396e-01 -3.429994309235653849e-01 -7.654782315608346099e-01 -1.149486649273580907e+00
8.483333333333334281e+00 5.664536513005985485e-02 -5.570460854714171656e-02 -1.696794213974907872e-01 -3.437959704311978060e-01 -7.661914762466007778e-01 -1.150128448209164267e+00
8.500000000000000000e+00 5.577632707819709518e-02 -5.655020672862591524e-02 -1.705011555740168216e-01 -3.445824043050669805e-01 -7.668941255327875739e-01 -1.150759366207567913e+00
8.516666666666665719e+00 5.533288542522973169e-02 -5.697458986110808671e-02 -1.709061499530008799e-01 -3.449589296727396670e-01 -7.672007247771621685e-01 -1.151009695763217433e+00
8.533333333333331439e+00 5.493027556522125932e-02 -5.736177650271875178e-02 -1.712775514577665192e-01 -3.453071213110547877e-01 -7.674978969414523178e-01 -1.151250570176580945e+00
8.549999999999997158e+00 5.454784548816089124e-02 -5.773128643783815434e-02 -1.716338350965897763e-01 -3.456436822392290331e-01 -7.677937069664209080e-01 -1.151489404524507654e+00
8.566666666666669983e+00 5.419723285385954353e-02 -5.807091872411243583e-02 -1.719622282406561564e-01 -3.459552480817549291e-01 -7.680649916219516316e-01 -1.151708926350938134e+00
8.583333333333335702e+00 5.387376294439741309e-02 -5.838514752924479217e-02 -1.722667368276218913e-01 -3.462455726632658881e-01 -7.683191452499221752e-01 -1.151910639081875631e+00
8.600000000000001421e+00 5.326920810100388426e-02 -5.897906847313875295e-02 -1.728494213146933300e-01 -3.468117126429206554e-01 -7.688399922305307888e-01 -1.152367809561879453e+00
8.616666666666667140e+00 5.267041751613422973e-02 -5.956635201486287085e-02 -1.734245143009964241e-01 -3.473683750535173642e-01 -7.693454176584290094e-01 -1.152802161899040501e+00
8.633333333333332860e+00 5.209293867823610452e-02 -6.013201426356026141e-02 -1.739775960232129159e-01 -3.479023026301297783e-01 -7.698252492004910019e-01 -1.153207065967704059e+00
8.649999999999998579e+00 5.152749187454537527e-02 -6.068558151067907080e-02 -1.745184238308462588e-01 -3.484237047379076802e-01 -7.702904213989084647e-01 -1.153595456283926790e+00
8.666666666666664298e+00 5.097745903925914035e-02 -6.122379412644766983e-02 -1.750439533223488442e-01 -3.489297298183912655e-01 -7.707391400175847007e-01 -1.153965967388965064e+00
8.683333333333330017e+00 4.982212041358449750e-02 -6.236182075852977208e-02 -1.761635295389478439e-01 -3.500204999175771103e-01 -7.717491847709606612e-01 -1.154874654965001746e+00
8.700000000000002842e+00 4.863769102658090787e-02 -6.352458126872308208e-02 -1.773033440169007602e-01 -3.511243179648789181e-01 -7.727561970481903186e-01 -1.155765811469925630e+00
8.716666666666668561e+00 4.745484102676603144e-02 -6.468287946028739022e-02 -1.784358608393795675e-01 -3.522162911882833480e-01 -7.737412186875834985e-01 -1.156629114136810133e+00
8.733333333333334281e+00 4.625639206305150880e-02 -6.585476140763206476e-02 -1.795798959451075094e-01 -3.533165614718540293e-01 -7.747267413444061113e-01 -1.157490693323816933e+00
8.750000000000000000e+00 4.504936727395329049e-02 -6.703356450429813485e-02 -1.807292202231625400e-01 -3.544195649506752810e-01 -7.757094987701960154e-01 -1.158348534976143984e+00
8.766666666666665719e+00 4.475803158523441322e-02 -6.730373627894052635e-02 -1.809771971967612247e-01 -3.546327502618672467e-01 -7.758330716078688516e-01 -1.158379542463953138e+00
8.783333333333331439e+00 4.452167719138322433e-02 -6.752457468107803118e-02 -1.811815241141236099e-01 -3.548108484094516513e-01 -7.759433669223797514e-01 -1.158417252038000278e+00
8.799999999999997158e+00 4.429349829851111225e-02 -6.774084823049487947e-02 -1.813848697998786397e-01 -3.549935170697913200e-01 -7.760704166376000135e-01 -1.158480226510367084e+00
8.816666666666669983e+00 4.410022082062296095e-02 -6.792471906773417389e-02 -1.815586058331776498e-01 -3.551507100353341606e-01 -7.761798800150716549e-01 -1.158530076410684284e+00
8.833333333333335702e+00 4.393131576317534787e-02 -6.808624901019065534e-02 -1.817120874301257905e-01 -3.552903161713019120e-01 -7.762778008365628368e-01 -1.158571007969766198e+00
8.850000000000001421e+00 4.883519853764640983e-02 -6.322337224841399761e-02 -1.768902311095426894e-01 -3.505311289214223525e-01 -7.716690654765646640e-01 -1.154084934060033651e+00
8.866666666666667140e+00 5.412651436532315424e-02 -5.801214180832169054e-02 -1.717584225066458303e-01 -3.455192959022821975e-01 -7.669408953169721821e-01 -1.149596971426330105e+00
8.883333333333332860e+00 5.955480800938923319e-02 -5.268679526989791806e-02 -1.665397794837783774e-01 -3.404551657242683160e-01 -7.622459665340234336e-01 -1.145188909132409671e+00
8.899999999999998579e+00 6.526906143806439353e-02 -4.709828364645161219e-02 -1.610747561175941422e-01 -3.351707162602164947e-01 -7.573868393905868190e-01 -1.140642252192885620e+00
8.916666666666664298e+00 7.120975776842390637e-02 -4.129676554871374722e-02 -1.554149425895015868e-01 -3.297189744554731017e-01 -7.524084059368008059e-01 -1.135971374716380211e+00
8.933333333333330017e+00 7.553755151618415931e-02 -3.710598576922215924e-02 -1.513645356402211206e-01 -3.258758115707475755e-01 -7.489973044022270043e-01 -1.132806823783695238e+00
8.950000000000002842e+00 7.996119878299076666e-02 -3.282132614634461487e-02 -1.472145879226073317e-01 -3.219365798561349967e-01 -7.454738257334254659e-01 -1.129477685936831177e+00
8.966666666666668561e+00 8.457646823616207787e-02 -2.834532204925444693e-02 -1.428768347876767653e-01 -3.178088109570843534e-01 -7.417498434890990033e-01 -1.125934009037097727e+00
8.983333333333334281e+00 8.932681010166311497e-02 -2.373796721668692405e-02 -1.384129887792417690e-01 -3.135531413772600362e-01 -7.378987120381602649e-01 -1.122263244588370457e+00
9.000000000000000000e+00 9.423325441825113058e-02 -1.897872439020151236e-02 -1.338013767638129847e-01 -3.091541544405334019e-01 -7.339113811435777901e-01 -1.118441569648742639e+00
9.016666666666665719e+00 9.125559881639101756e-02 -2.203631439779618617e-02 -1.369395512104308044e-01 -3.123921955591779653e-01 -7.372788328366929322e-01 -1.121707470147772057e+00
9.033333333333331439e+00 8.782761101719402386e-02 -2.548926840482904077e-02 -1.404153961791765326e-01 -3.158888093180463597e-01 -7.406968938544530312e-01 -1.124857264232744791e+00
9.049999999999997158e+00 8.435368733272891051e-02 -2.895449469466088860e-02 -1.438646610414360538e-01 -3.192972578952555929e-01 -7.439149507950858498e-01 -1.127742565364633132e+00
9.066666666666669983e+00 8.061480372495496982e-02 -3.265844880446081011e-02 -1.475276071176605253e-01 -3.228832476743820346e-01 -7.472339029847355762e-01 -1.130673754985590973e+00
9.083333333333335702e+00 7.671046796653620270e-02 -3.650593832239133057e-02 -1.513132150053308755e-01 -3.265647599296349068e-01 -7.505854081283193091e-01 -1.133640857445065819e+00
9.100000000000001421e+00 7.743339945492920540e-02 -3.575472465642776793e-02 -1.505298850058318094e-01 -3.256472254423414259e-01 -7.494790338334268442e-01 -1.132301337293007526e+00
9.116666666666667140e+00 7.842914908587647616e-02 -3.474867752836106188e-02 -1.495105365850512291e-01 -3.246425192138532867e-01 -7.483760292313946794e-01 -1.131069245408815815e+00
9.133333333333332860e+00 7.928193954489565209e-02 -3.389591936631467656e-02 -1.486552993268140943e-01 -3.237587667194870011e-01 -7.474398039324537946e-01 -1.130057239350469311e+00
9.149999999999998579e+00 8.023500391556262490e-02 -3.295067535895158939e-02 -1.477153800406011963e-01 -3.228370917966408293e-01 -7.464983210235357491e-01 -1.129065526619153825e+00
9.166666666666664298e+00 8.117341810875304542e-02 -3.202491217430124965e-02 -1.468002635456681915e-01 -3.219263679349205209e-01 -7.455872943016744747e-01 -1.128123929186419128e+00
9.183333333333330017e+00 8.549256935091170684e-02 -2.775172879344985077e-02 -1.425721271515811017e-01 -3.177666918328927448e-01 -7.415616057987944876e-01 -1.124188351814924491e+00
9.200000000000002842e+00 9.006728662467852753e-02 -2.325021082958894647e-02 -1.381430186367747504e-01 -3.134419800142735912e-01 -7.374654688612336528e-01 -1.120259489286473231e+00
9.216666666666668561e+00 9.474415504051063308e-02 -1.866457230724976810e-02 -1.336478144371521515e-01 -3.090787529758055596e-01 -7.333900035763281089e-01 -1.116387341608559458e+00
9.233333333333334281e+00 9.961110866938452379e-02 -1.390208318252772295e-02 -1.289895408944269073e-01 -3.045714801544723849e-01 -7.292121144361702889e-01 -1.112431108645235422e+00
9.250000000000000000e+00 1.046320772167048524e-01 -8.996740392442826098e-03 -1.242000884486674089e-01 -2.999503033731016344e-01 -7.249505278596964919e-01 -1.108400320273875694e+00
9.266666666666665719e+00 1.227348961997217908e-01 8.867190140204799648e-03 -1.065782223091993608e-01 -2.826934361028500819e-01 -7.085378592804645326e-01 -1.092651919498188073e+00
9.283333333333331439e+00 1.420013225294200765e-01 2.779442469540275781e-02 -8.799451955106674106e-02 -2.646265470250249163e-01 -6.916500586220460933e-01 -1.076698241076304408e+00
9.299999999999997158e+00 1.618167556001162966e-01 4.720543088836128692e-02 -6.899312600491092073e-02 -2.462352922692551682e-01 -6.746602365989117223e-01 -1.060756806039194533e+00
9.316666666666669983e+00 1.825674160609906949e-01 6.750121760390716263e-02 -4.915938682484533723e-02 -2.270955129685195695e-01 -6.570691513499327119e-01 -1.044263167310552687e+00
9.333333333333335702e+00 2.041063472424902714e-01 8.854136353128509718e-02 -2.862387304528678580e-02 -2.073162119035559248e-01 -6.389393940389057613e-01 -1.027243154221269661e+00
9.350000000000001421e+00 2.054839200342476746e-01 8.956013652573650841e-02 -2.796127982857398234e-02 -2.071615591693100611e-01 -6.397895092032507280e-01 -1.028528185771236503e+00
9.366666666666667140e+00 2.059288556762440547e-01 8.975875510599767848e-02 -2.800300022652577742e-02 -2.075351252985092321e-01 -6.407205808111715584e-01 -1.029461972940357573e+00
9.383333333333332860e+00 2.065300751420751924e-01 9.018371456293247657e-02 -2.774717291218442225e-02 -2.075030219447764057e-01 -6.409956169862807140e-01 -1.029569190075657614e+00
9.399999999999998579e+00 2.066878513042844090e-01 9.021239430697404471e-02 -2.783936536724411145e-02 -2.077442843341989198e-01 -6.413790510718161419e-01 -1.029692597936256782e+00
9.416666666666664298e+00 2.066617259322400257e-01 9.009258378384810140e-02 -2.804478403245395240e-02 -2.080488331144381142e-01 -6.417247051004537628e-01 -1.029710457596225703e+00
9.433333333333330017e+00 2.185695806590495505e-01 1.018342359654269974e-01 -1.646525730565860657e-02 -1.966920723165945240e-01 -6.307465433481524997e-01 -1.018795491180869206e+00
9.450000000000002842e+00 2.311982527482021876e-01 1.142388321485185154e-01 -4.282485348500289328e-03 -1.848239710537719349e-01 -6.194871607803646985e-01 -1.007829272429629164e+00
9.466666666666668561e+00 2.439448163895577004e-01 1.267255331935812357e-01 7.946550115730031602e-03 -1.729635473510287846e-01 -6.083636530967860834e-01 -9.970970471794470269e-01
9.483333333333334281e+00 2.571568967008606155e-01 1.396533126412429771e-01 2.059221548855661235e-02 -1.607228069239899360e-01 -5.969390098802809241e-01 -9.861257249921988599e-01
9.500000000000000000e+00 2.706955236359612216e-01 1.528896858782682333e-01 3.352812816383750338e-02 -1.482184834512555449e-01 -5.853074801312687647e-01 -9.749784658331376308e-01
9.516666666666665719e+00 2.794611442764942111e-01 1.613808286594670405e-01 4.174777698809700732e-02 -1.403833203804828456e-01 -5.782136523785306181e-01 -9.682184693468280923e-01
9.533333333333331439e+00 2.881663448685487516e-01 1.698329463423141061e-01 4.995016597932672164e-02 -1.325315397727826194e-01 -5.710166585993252664e-01 -9.612700463656524974e-01
9.549999999999997158e+00 2.970647135979720410e-01 1.784899144017324801e-01 5.836940740402007943e-02 -1.244439180632411629e-01 -5.635377349233030575e-01 -9.540021059675617421e-01
9.566666666666669983e+00 3.060059751296269059e-01 1.871977141417254242e-01 6.684782728241174532e-02 -1.162849421972257102e-01 -5.559593240028927186e-01 -9.466178734735268829e-01
9.583333333333335702e+00 3.150514015580226368e-01 1.960154891881659422e-01 7.544228537062706852e-02 -1.080009247851352744e-01 -5.482382474701238406e-01 -9.390829565276533897e-01
9.600000000000001421e+00 3.159521316405483615e-01 1.967579640713146838e-01 7.603280356905998960e-02 -1.076085855717238970e-01 -5.481243948796560295e-01 -9.388915641415676028e-01
9.616666666666667140e+00 3.163166871687473902e-01 1.970188275489215546e-01 7.619666278159341333e-02 -1.075597829377344661e-01 -5.481677113877432284e-01 -9.387225982218861953e-01
9.633333333333332860e+00 3.165212340320368023e-01 1.971559991202889439e-01 7.627339784089452734e-02 -1.075468163435363000e-01 -5.481431859126253414e-01 -9.384371919643176296e-01
9.649999999999998579e+00 3.163603530829200428e-01 1.969545862794725988e-01 7.603705671090849050e-02 -1.078105329228536274e-01 -5.483276407085067028e-01 -9.383395535957583800e-01
9.666666666666664298e+00 3.159300789013929633e-01 1.965038520153265522e-01 7.557118353321026771e-02 -1.082754303990940553e-01 -5.486586071903535311e-01 -9.383915023349813644e-01
9.683333333333330017e+00 3.255903841177091307e-01 2.060801837029371530e-01 8.506642280447174187e-02 -9.888712370110862293e-02 -5.394442079508424692e-01 -9.292453573225689656e-01
9.700000000000002842e+00 3.357333222423127261e-01 2.160919827921971847e-01 9.494819459859885069e-02 -8.918900197378561157e-02 -5.301186021645986068e-01 -9.201794178783490041e-01
9.716666666666668561e+00 3.458984679020409847e-01 2.260974542899756579e-01 1.047940387841541504e-01 -7.957301126055375817e-02 -5.209829667620681226e-01 -9.113966674306430704e-01
9.733333333333334281e+00 3.563561186010251736e-01 2.363759783326106478e-01 1.148929586994057311e-01 -6.973380791513715538e-02 -5.116936147484421049e-01 -9.025126770775390161e-01
9.750000000000000000e+00 3.669911203849839376e-01 2.468174214641188913e-01 1.251401811372733763e-01 -5.976760719463994342e-02 -5.023260345912686775e-01 -8.935794635095924976e-01
9.766666666666665719e+00 3.565278546935072845e-01 2.363141531944609186e-01 1.146023987825150608e-01 -7.033303665778350977e-02 -5.128291987809295849e-01 -9.038496735771195389e-01
9.783333333333331439e+00 3.447102807107320088e-01 2.245733479159976453e-01 1.029454591400411345e-01 -8.183948739029625608e-02 -5.238556798959310701e-01 -9.143013998683143795e-01
9.799999999999997158e+00 3.324998543518725147e-01 2.125174381981638494e-01 9.105127435518184376e-02 -9.347020874352601760e-02 -5.347638091124724546e-01 -9.244886079912314480e-01
9.816666666666669983e+00 3.193836204653932032e-01 1.996116395518782449e-01 7.836332016426413027e-02 -1.058135923349825536e-01 -5.462280197944001658e-01 -9.351816972434890962e-01
9.833333333333335702e+00 3.056204033495308892e-01 1.861041686182638155e-01 6.511704237702035936e-02 -1.186535928226401387e-01 -5.580844156772608589e-01 -9.462509948007724603e-01
9.850000000000001421e+00 3.136008411715383026e-01 1.942005776174204612e-01 7.332741152817254249e-02 -1.102791397288618858e-01 -5.493947987065511684e-01 -9.375199864475785017e-01
9.866666666666667140e+00 3.224127148152547973e-01 2.030250056927237756e-01 8.216021286349914354e-02 -1.014458591493781064e-01 -5.406610759737470184e-01 -9.291447156093720627e-01
9.883333333333332860e+00 3.311078188031011948e-01 2.116705429690294571e-01 9.075075508246024936e-02 -9.295117587815839022e-02 -5.324953924868848221e-01 -9.215201860904642661e-01
9.899999999999998579e+00 3.402584588255523901e-01 2.207305513205745362e-01 9.971306901080842500e-02 -8.414890216135172130e-02 -5.241659503376938645e-01 -9.138273120470145061e-01
9.916666666666664298e+00 3.496342360905303481e-01 2.299835213397238842e-01 1.088366193286660344e-01 -7.523078577116265597e-02 -5.158201590179651852e-01 -9.061659167566260553e-01
9.933333333333330017e+00 3.615844040347783728e-01 2.417686230946360648e-01 1.204499260301706148e-01 -6.388940272798646069e-02 -5.051999650731916480e-01 -8.963275579265499449e-01
9.950000000000002842e+00 3.739617708546795205e-01 2.539484942023128022e-01 1.324248054400337382e-01 -5.223383104596018844e-02 -4.943609314995565662e-01 -8.863125374684265312e-01
9.966666666666668561e+00 3.866863314948594255e-01 2.664505088670706678e-01 1.446971724833858164e-01 -4.031552760027260623e-02 -4.833246000915393248e-01 -8.761082658895956721e-01
9.983333333333334281e+00 3.997978820359548990e-01 2.793194656234140871e-01 1.573167455515227797e-01 -2.807745620188258767e-02 -4.720121968084238229e-01 -8.656240825405319139e-01
1.000000000000000000e+01 4.132739110408046312e-01 2.925364334310281977e-01 1.702683343993724174e-01 -1.552934824228226207e-02 -4.604234025041304967e-01 -8.548538158833548506e-01
1.001666666666666572e+01 4.017203352510000935e-01 2.809060204189540721e-01 1.585625479515647140e-01 -2.733466235947035888e-02 -4.723753452761036420e-01 -8.667752059950324384e-01
1.003333333333333144e+01 3.886969496478735464e-01 2.679369280629835814e-01 1.456522854312680693e-01 -4.013868323934806359e-02 -4.848327889177749261e-01 -8.787807170212796892e-01
1.004999999999999716e+01 3.753159547811226182e-01 2.546985016105896005e-01 1.325612247576138658e-01 -5.299299219781557907e-02 -4.970552664769783968e-01 -8.903665547774369804e-01
1.006666666666666998e+01 3.609793700464533628e-01 2.405663583971631436e-01 1.186388329351310555e-01 -6.658978438931893729e-02 -5.098429610068589968e-01 -9.024437773854183664e-01
1.008333333333333570e+01 3.459840969975519487e-01 2.258233976360431161e-01 1.041524552877698684e-01 -8.068333164204387342e-02 -5.230005672561436336e-01 -9.148556029241020626e-01
1.010000000000000142e+01 3.572159526418784981e-01 2.371347114868101180e-01 1.155385424987103726e-01 -6.919876808173343330e-02 -5.113934839430566148e-01 -9.034064202147817912e-01
1.011666666666666714e+01 3.695574970405392512e-01 2.494328793170123570e-01 1.277859333576084888e-01 -5.704856682610612989e-02 -4.996085913878480222e-01 -8.922378049595832694e-01
1.013333333333333286e+01 3.818999542738574782e-01 2.616557693284070063e-01 1.398807839558771637e-01 -4.516703395651628511e-02 -4.883615741307010261e-01 -8.818114991868111208e-01
1.014999999999999858e+01 3.949250549261205667e-01 2.745095686343164143e-01 1.525539041313085931e-01 -3.278407406077292474e-02 -4.767800771257778569e-01 -8.711494118481420967e-01
1.016666666666666430e+01 4.083622290548674649e-01 2.877367739978137218e-01 1.655617516504632458e-01 -2.012274084572760260e-02 -4.650344655082516154e-01 -8.603685087080346072e-01
1.018333333333333002e+01 4.593111716546859347e-01 3.381566428714143924e-01 2.154324205081294408e-01 2.888319859760630701e-02 -4.182657668823117070e-01 -8.158237389092922731e-01
1.020000000000000284e+01 5.136255241858528331e-01 3.917139169217681571e-01 2.682094347384687549e-01 8.045026504440197512e-02 -3.697108868554562777e-01 -7.700437307931874420e-01
1.021666666666666856e+01 5.698902123198882341e-01 4.470665125601454015e-01 3.226277779855739047e-01 1.334373066412041231e-01 -3.201766925992145518e-01 -7.234776077841551523e-01
1.023333333333333428e+01 6.291131958618396691e-01 5.052712035143115399e-01 3.797936874158345799e-01 1.890270218156975823e-01 -2.682918003896106462e-01 -6.745792190497329477e-01
1.025000000000000000e+01 6.909182068082737604e-01 5.659804412969930976e-01 4.393888747408120632e-01 2.469463915617311212e-01 -2.142162203733211923e-01 -6.234280175700986915e-01
1.026666666666666572e+01 6.445847592817778304e-01 5.192788200966212964e-01 3.923358822909592813e-01 1.994437886545491201e-01 -2.622493007558576728e-01 -6.708370788245636707e-01
1.028333333333333144e+01 5.920122395017385353e-01 4.668434320162301865e-01 3.400641609404108090e-01 1.475102792000196339e-01 -3.128010119247134346e-01 -7.191153121037400231e-01
1.029999999999999716e+01 5.382474865026414257e-01 4.135494971771058181e-01 2.872707761672076976e-01 9.555597831805266729e-02 -3.622801050328683381e-01 -7.655963169268942270e-01
1.031666666666666998e+01 4.808148324758491077e-01 3.568196390293457143e-01 2.312744469579406104e-01 4.073851759274062234e-02 -4.139234734924872594e-01 -8.138940352559633773e-01
1.033333333333333570e+01 4.212418093828151910e-01 2.981399445493322364e-01 1.735161668665483603e-01 -1.557686075312400727e-02 -4.665552280738914925e-01 -8.630596888096946362e-01
1.035000000000000142e+01 4.185160271856461223e-01 2.960154480844809366e-01 1.720011243527233835e-01 -1.617039671247206753e-02 -4.650168590790644263e-01 -8.599751234503085762e-01
1.036666666666666714e+01 4.170778054375948174e-01 2.949790464722731320e-01 1.713669647969967291e-01 -1.621128657945645340e-02 -4.638186733113355276e-01 -8.582196599913674007e-01
1.038333333333333286e+01 4.146554797354181088e-01 2.928502970319573628e-01 1.695293589674917722e-01 -1.763295950578708249e-02 -4.644629345780698637e-01 -8.587837005262931589e-01
1.039999999999999858e+01 4.126612064561550053e-01 2.910824443277850726e-01 1.679833824684445476e-01 -1.887131769640362777e-02 -4.652031408011198521e-01 -8.596948006141044152e-01
1.041666666666666430e+01 4.105373638115075718e-01 2.891421323840167590e-01 1.662195182010300643e-01 -2.039894875320578949e-02 -4.664158466941905612e-01 -8.612305822631544094e-01
1.043333333333333002e+01 3.968845333808067033e-01 2.757305414664183996e-01 1.530447020344510300e-01 -3.324026010109830398e-02 -4.786741244473410872e-01 -8.734848443792393446e-01
1.045000000000000284e+01 3.824787198028051782e-01 2.616074447613744303e-01 1.392003782379936383e-01 -4.668911168289725105e-02 -4.913889319095586794e-01 -8.860429802629494755e-01
1.046666666666666856e+01 3.678253443417246471e-01 2.472644174521589910e-01 1.251638438503048234e-01 -6.029053856604486838e-02 -5.041732080097317548e-01 -8.986085936815432218e-01
1.048333333333333428e+01 3.526260468301090634e-01 2.323951961880590389e-01 1.106208104859464914e-01 -7.436937406324137245e-02 -5.173821663180790953e-01 -9.115667315218995981e-01
1.050000000000000000e+01 3.370130667154838666e-01 2.171308175975878441e-01 9.569982830514202343e-02 -8.880384738084211305e-02 -5.309080360475617599e-01 -9.248158476199571654e-01
1.051666666666666572e+01 3.467472324717488785e-01 2.270199598081478198e-01 1.057300462625484910e-01 -7.861342025402262568e-02 -5.206862325005474634e-01 -9.152289782337778012e-01
1.053333333333333144e+01 3.576411800865321178e-01 2.379320764500800767e-01 1.166449435522521200e-01 -6.774897670855088705e-02 -5.102914444880591871e-01 -9.058903522347862003e-01
1.054999999999999716e+01 3.686807835999921790e-01 2.489024057404853052e-01 1.275275489750380686e-01 -5.704949882791113258e-02 -5.003475848746929966e-01 -8.971737464474112134e-01
1.056666666666666998e+01 3.804942267379382570e-01 2.605847129560821540e-01 1.390608758112467647e-01 -4.579027645246795675e-02 -4.900278799135808772e-01 -8.881576581091236156e-01
1.058333333333333570e+01 3.928320399523653195e-01 2.727434087241910055e-01 1.510245818221037928e-01 -3.416573167760859203e-02 -4.794618280085168882e-01 -8.789158189777392938e-01
1.060000000000000142e+01 3.910058635049730724e-01 2.708185460091835361e-01 1.489897011838244301e-01 -3.639479635573681510e-02 -4.823119046212848149e-01 -8.825381826131788454e-01
1.061666666666666714e+01 3.887340196360289379e-01 2.684975760463612637e-01 1.466112007919662397e-01 -3.888371460498049603e-02 -4.851913259327198524e-01 -8.859261590568263678e-01
1.063333333333333286e+01 3.866471935374251045e-01 2.663902318139690362e-01 1.444761983873084910e-01 -4.108231869256000202e-02 -4.876555358831097253e-01 -8.887668195403208848e-01
1.064999999999999858e+01 3.843603205559367741e-01 2.641001307641398510e-01 1.421759995098398344e-01 -4.341803645105654641e-02 -4.901811971231622156e-01 -8.915899092664636427e-01
1.066666666666666430e+01 3.820286886429996587e-01 2.617764979045030804e-01 1.398543117992390727e-01 -4.575568125254287494e-02 -4.926568899826050951e-01 -8.943141283010467291e-01
1.068333333333333002e+01 3.671121388774657435e-01 2.469785762609447988e-01 1.251735422303440481e-01 -6.026973399358970251e-02 -5.068273380291292707e-01 -9.082488227629175181e-01
1.070000000000000284e+01 3.513194904910251215e-01 2.313826632658189386e-01 1.097744838564986419e-01 -7.538076589252502846e-02 -5.213097536604061055e-01 -9.222639308150504256e-01
1.071666666666666856e+01 3.351749925531241625e-01 2.154888548796560221e-01 9.413187305014179829e-02 -9.065477229176788221e-02 -5.357776422916131764e-01 -9.361527222829592043e-01
1.073333333333333428e+01 3.184057445193382851e-01 1.990112368804046461e-01 7.794667318119560817e-02 -1.064119564797276346e-01 -5.506063142029697932e-01 -9.503502793271897398e-01
1.075000000000000000e+01 3.011576508281972320e-01 1.820888037473804011e-01 6.135030318675467609e-02 -1.225314259742923267e-01 -5.657062459854892422e-01 -9.647920183323349663e-01
1.076666666666666572e+01 3.039159770922609805e-01 1.850273353190700631e-01 6.446257034251776097e-02 -1.191898080338151256e-01 -5.620299302296294375e-01 -9.612000500845975237e-01
1.078333333333333144e+01 3.074717926489953235e-01 1.886655194089140175e-01 6.817383257432006738e-02 -1.154053434489087093e-01 -5.582964931149204668e-01 -9.578979092864263745e-01
1.079999999999999716e+01 3.109861453156596567e-01 1.921998738675231855e-01 7.171832073376019356e-02 -1.118807637416680267e-01 -5.550313725326853076e-01 -9.552143843417197910e-01
1.081666666666666998e+01 3.149708974630169300e-01 1.961624034328371124e-01 7.564854233377234227e-02 -1.080333930213620147e-01 -5.515743848161398510e-01 -9.524107837181635672e-01
1.083333333333333570e+01 3.192260100853660520e-01 2.003639720634900201e-01 7.978643913475767790e-02 -1.040239611313904244e-01 -5.480436472506883261e-01 -9.495648539266171584e-01
1.085000000000000142e+01 3.151184871835802648e-01 1.962517586703132755e-01 7.566290512524656564e-02 -1.081872932968568068e-01 -5.524221516934492149e-01 -9.543038928403851928e-01
1.086666666666666714e+01 3.107273311048331932e-01 1.918870678003181951e-01 7.131971855320806686e-02 -1.125171396445273919e-01 -5.568212175863184177e-01 -9.588952599829907442e-01
1.088333333333333286e+01 3.064395023710893007e-01 1.876438260329804653e-01 6.711674971291413383e-02 -1.166773810191940874e-01 -5.609714599869732865e-01 -9.631535238185985337e-01
1.089999999999999858e+01 3.020230547593432124e-01 1.832831799778501247e-01 6.280804982883653187e-02 -1.209245438379653870e-01 -5.651588798898250499e-01 -9.673991867241401588e-01
1.091666666666666430e+01 2.975703889065073326e-01 1.788942728856172948e-01 5.847953336111756661e-02 -1.251781295236967517e-01 -5.693172300971729438e-01 -9.715815544323356256e-01
1.093333333333333002e+01 2.882662424803331680e-01 1.697014539699300828e-01 4.939679213393227686e-02 -1.341072436693779568e-01 -5.779450928208845761e-01 -9.800290703347711574e-01
1.095000000000000284e+01 2.785997225361471208e-01 1.601804140955974953e-01 4.002050441355792937e-02 -1.432763038187594706e-01 -5.866847726336739122e-01 -9.884852227525622315e-01
1.096666666666666856e+01 2.687752629464087439e-01 1.505258522987430181e-01 3.053551449353767225e-02 -1.525176782411308551e-01 -5.954161989314331604e-01 -9.968825294742570398e-01
1.098333333333333428e+01 2.586863181914738630e-01 1.406257396340299670e-01 2.082390888242390339e-02 -1.619579059309173841e-01 -6.042916572674030817e-01 -1.005391441667192742e+00
1.100000000000000000e+01 2.483884551762363113e-01 1.305318376617493337e-01 1.093367224618205583e-02 -1.715551861429775171e-01 -6.132820574622500631e-01 -1.013986374760706966e+00
1.101666666666666572e+01 2.486501248025810573e-01 1.309151054000806669e-01 1.143423455081012466e-02 -1.709008877329738496e-01 -6.123938224113456563e-01 -1.013097484696157791e+00
1.103333333333333144e+01 2.493921092813061180e-01 1.317222332377389893e-01 1.230099279925609031e-02 -1.699682267724129947e-01 -6.114382813540096828e-01 -1.012336244766434357e+00
1.104999999999999716e+01 2.501495115898860200e-01 1.325091590702658639e-01 1.311222226104452777e-02 -1.691437551867580324e-01 -6.107085076541609592e-01 -1.011884243606501643e+00
1.106666666666666998e+01 2.511998920513086042e-01 1.335640120419855914e-01 1.416641131732740942e-02 -1.681118611944884544e-01 -6.098474144908841987e-01 -1.011336926880181508e+00
1.108333333333333570e+01 2.524351887472160438e-01 1.347847156182560013e-01 1.536706895729736226e-02 -1.669612188674857445e-01 -6.089181226122861723e-01 -1.010736854516819161e+00
1.110000000000000142e+01 2.479816024150910680e-01 1.303541205158753602e-01 1.095611483705389265e-02 -1.713566370373691417e-01 -6.133435912693071534e-01 -1.015266873264054848e+00
1.111666666666666714e+01 2.433289924322064313e-01 1.257492230994081139e-01 6.397002623659281927e-03 -1.758583792215384911e-01 -6.177640688683949666e-01 -1.019672548239283882e+00
1.113333333333333286e+01 2.387481422819141830e-01 1.212307530797611665e-01 1.939673433543565896e-03 -1.802339200523426221e-01 -6.219971593184193681e-01 -1.023828788237568732e+00
1.114999999999999858e+01 2.340797990067502998e-01 1.166345335300335989e-01 -2.585255751417978032e-03 -1.846617564261676947e-01 -6.262432495489776985e-01 -1.027960538698943216e+00
1.116666666666666430e+01 2.293877403756849620e-01 1.120217859405407967e-01 -7.119497794710330334e-03 -1.890876853587226958e-01 -6.304587548811048103e-01 -1.032036622435286821e+00
1.118333333333333002e+01 2.271512844140548271e-01 1.098476286301593580e-01 -9.232918751994818526e-03 -1.911208006828643002e-01 -6.323566371639260941e-01 -1.033873293290908713e+00
1.120000000000000284e+01 2.250463317583626388e-01 1.077932927065193836e-01 -1.123831573463134753e-02 -1.930637358465246700e-01 -6.342064049817014437e-01 -1.035697483889605142e+00
1.121666666666666856e+01 2.229560754533206068e-01 1.057462949123451207e-01 -1.324369407077114966e-02 -1.950171811196614591e-01 -6.360873831791379329e-01 -1.037564818945340139e+00
1.123333333333333428e+01 2.209494938309198853e-01 1.037778779975340043e-01 -1.517555810954152214e-02 -1.969040267706817782e-01 -6.379130465194609023e-01 -1.039379992449728007e+00
1.125000000000000000e+01 2.189990283210796751e-01 1.018618237001935878e-01 -1.705861365729026413e-02 -1.987469709530537698e-01 -6.397018264658137499e-01 -1.041156553057190015e+00
1.126666666666666572e+01 2.144043583101614137e-01 9.732291034372130001e-02 -2.154194639777473261e-02 -2.031534661729852420e-01 -6.439538092485058707e-01 -1.045287450860467482e+00
1.128333333333333144e+01 2.096876746873620467e-01 9.267703473760686983e-02 -2.611671002966860916e-02 -2.076267706746909580e-01 -6.482104538023506501e-01 -1.049363982981238674e+00
1.129999999999999716e+01 2.049751661701064431e-01 8.804530860048935537e-02 -3.066703329291895971e-02 -2.120602216459741007e-01 -6.523904194706068305e-01 -1.053332146319847951e+00
1.131666666666666998e+01 2.001955796596431025e-01 8.335338105629808148e-02 -3.527036820997298677e-02 -2.165357098091059418e-01 -6.565865843291225357e-01 -1.057297488397416219e+00
1.133333333333333570e+01 1.953784000903119045e-01 7.862943871446043120e-02 -3.989993363122795733e-02 -2.210285744729603152e-01 -6.607808505794101617e-01 -1.061248165933201371e+00
1.135000000000000142e+01 1.912675197512703762e-01 7.460994327205272558e-02 -4.382743883338177660e-02 -2.248239858556367599e-01 -6.642911690717284712e-01 -1.064534279744878464e+00
1.136666666666666714e+01 1.871659976783388579e-01 7.059878170346435555e-02 -4.774796352772889968e-02 -2.286144229176596265e-01 -6.678012112429171365e-01 -1.067827539010849369e+00
1.138333333333333286e+01 1.830370940938856328e-01 6.656023913343774023e-02 -5.169568624283214786e-02 -2.324316028969921899e-01 -6.713367237140980270e-01 -1.071147337123035337e+00
1.139999999999999858e+01 1.789032108133012111e-01 6.251731829620878200e-02 -5.564711840744829968e-02 -2.362515431173874136e-01 -6.748715906619680016e-01 -1.074464823704682548e+00
1.141666666666666430e+01 1.747564911127487131e-01 5.846232236239162078e-02 -5.960977944676966456e-02 -2.400812419001348008e-01 -6.784119972490572081e-01 -1.077784919835196531e+00
1.143333333333333002e+01 1.732800281664287345e-01 5.705382179926727498e-02 -6.095051360922068562e-02 -2.413277461498256060e-01 -6.794695309273673933e-01 -1.078722335166287349e+00
1.145000000000000284e+01 1.719721375898182192e-01 5.579706739930807846e-02 -6.215676607226109512e-02 -2.424657228958810029e-01 -6.804797618398791270e-01 -1.079662640084573244e+00
1.146666666666666856e+01 1.707099073198659334e-01 5.457477271170547983e-02 -6.333965424332246852e-02 -2.435963302780332074e-01 -6.815180914950260682e-01 -1.080650864120369370e+00
1.148333333333333428e+01 1.695635157905394097e-01 5.346022900049365173e-02 -6.442279976533173136e-02 -2.446385030553691331e-01 -6.824914075635457600e-01 -1.081582457959817223e+00
1.150000000000000000e+01 1.685042581200102418e-01 5.242646602546548878e-02 -6.543156769049883470e-02 -2.456153400333279668e-01 -6.834157284456490178e-01 -1.082466645129766425e+00
1.151666666666666572e+01 1.661542345353764494e-01 5.010929121763043476e-02 -6.771561991950937609e-02 -2.478535262440317577e-01 -6.855586847534222983e-01 -1.084514624831825813e+00
1.153333333333333144e+01 1.637987378310506725e-01 4.779155018929609477e-02 -6.999493615848778605e-02 -2.500782112966577486e-01 -6.876624207637724862e-01 -1.086493119849104794e+00
1.154999999999999716e+01 1.615039472728969638e-01 4.553696544277834046e-02 -7.220850554079685790e-02 -2.522327666598729867e-01 -6.896822737110948065e-01 -1.088371385886790721e+00
1.156666666666666998e+01 1.592298919306420202e-01 4.330436281481927357e-02 -7.439870953839747281e-02 -2.543613051779081702e-01 -6.916674309213241001e-01 -1.090204133532292952e+00
1.158333333333333570e+01 1.569911737122981210e-01 4.110782095048806650e-02 -7.655203591709396072e-02 -2.564514171335359749e-01 -6.936080623742016948e-01 -1.091984872551764241e+00
1.160000000000000142e+01 1.546742723470584113e-01 3.883449730662156402e-02 -7.878060112405053939e-02 -2.586140951529203869e-01 -6.956126917267686505e-01 -1.093819769221526128e+00
1.161666666666666714e+01 1.523812204740190579e-01 3.658590590901068113e-02 -8.098341401595512967e-02 -2.607491818907916592e-01 -6.975837963792181906e-01 -1.095614639729020956e+00
1.163333333333333286e+01 1.501153824157487049e-01 3.436506707485652290e-02 -8.315787027316536018e-02 -2.628547342382657748e-01 -6.995212893786011410e-01 -1.097371297182627048e+00
1.164999999999999858e+01 1.478745054215013510e-01 3.216951416712923034e-02 -8.530669027009900318e-02 -2.649338421124305953e-01 -7.014291302003741180e-01 -1.099094668299162914e+00
1.166666666666666430e+01 1.456591598655885555e-01 2.999967371943685138e-02 -8.742958374806490685e-02 -2.669863743729841143e-01 -7.033078530408073403e-01 -1.100785979520854552e+00
1.168333333333333002e+01 1.434688578888943522e-01 2.785498372322193356e-02 -8.952711268521013066e-02 -2.690131925825487436e-01 -7.051587852073869511e-01 -1.102446794715003398e+00
1.170000000000000284e+01 1.413035037791460780e-01 2.573527315842189661e-02 -9.159960566939168158e-02 -2.710145619965362851e-01 -7.069824548467115166e-01 -1.104078037828058800e+00
1.171666666666666856e+01 1.391627270667728788e-01 2.364012952520055250e-02 -9.364743914059406316e-02 -2.729910452439625046e-01 -7.087796877510512683e-01 -1.105680899790312477e+00
1.173333333333333428e+01 1.370462563145008750e-01 2.156927212933603538e-02 -9.567097641782269790e-02 -2.749429866145026158e-01 -7.105510101348327945e-01 -1.107256413817051754e+00
1.175000000000000000e+01 1.349537301397298328e-01 1.952233553611773878e-02 -9.767061999008823381e-02 -2.768708855051019158e-01 -7.122969762336830435e-01 -1.108804885431912801e+00
1.176666666666666572e+01 1.330961247026380134e-01 1.770830896791839720e-02 -9.943942146749366884e-02 -2.785709905076829696e-01 -7.138223151510276754e-01 -1.110139304570979757e+00
1.178333333333333144e+01 1.312762674231022220e-01 1.593046706384825331e-02 -1.011735241941471852e-01 -2.802385594715136596e-01 -7.153194588511255780e-01 -1.111448465655625606e+00
1.179999999999999716e+01 1.294836270111440479e-01 1.417874742160415633e-02 -1.028825308857733850e-01 -2.818824072512580714e-01 -7.167952699931359195e-01 -1.112736657335804180e+00
1.181666666666666998e+01 1.277234757376066177e-01 1.245870328685285723e-02 -1.045606581944709401e-01 -2.834964560952992763e-01 -7.182426821555231156e-01 -1.113996803826348136e+00
1.183333333333333570e+01 1.259930413167801300e-01 1.076769065697416768e-02 -1.062104355712169962e-01 -2.850829097307451265e-01 -7.196635279738549107e-01 -1.115229668411217956e+00
1.185000000000000142e+01 1.234497501420869503e-01 8.271019129334727937e-03 -1.086583016695274601e-01 -2.874552960810379254e-01 -7.218379998801465192e-01 -1.117184718208025229e+00
1.186666666666666714e+01 1.208773629165355717e-01 5.750623412114186372e-03 -1.111243835117395190e-01 -2.898373173608817521e-01 -7.240009762201897736e-01 -1.119110806728363272e+00
1.188333333333333286e+01 1.183164649096784954e-01 3.245303074520192697e-03 -1.135718322915217071e-01 -2.921953869094250367e-01 -7.261274598987828011e-01 -1.120991592851695140e+00
1.189999999999999858e+01 1.157436612599563874e-01 7.306650498945843663e-04 -1.160259492434610740e-01 -2.945562364225861596e-01 -7.282478797704815543e-01 -1.122860834577887879e+00
1.191666666666666430e+01 1.131681550038426964e-01 -1.784679303396968309e-03 -1.184787244359470776e-01 -2.969127391679597383e-01 -7.303569177731303874e-01 -1.124722278537601428e+00
1.193333333333333002e+01 1.115311084673408226e-01 -3.368652533087450242e-03 -1.200076729376386153e-01 -2.983573179853781232e-01 -7.315853363356320527e-01 -1.125736562442944066e+00
1.195000000000000284e+01 1.099542485306998912e-01 -4.897731650881805704e-03 -1.214870706499226599e-01 -2.997607030455616273e-01 -7.327924171596713609e-01 -1.126746096963589849e+00
1.196666666666666856e+01 1.083910384968915647e-01 -6.416449080180825805e-03 -1.229594168991072767e-01 -3.011618953608645732e-01 -7.340084858667220713e-01 -1.127772610701609945e+00
1.198333333333333428e+01 1.068678173243530066e-01 -7.897427121378952294e-03 -1.243963202722099953e-01 -3.025308492901691571e-01 -7.351997693767567954e-01 -1.128778317117587582e+00
1.200000000000000000e+01 1.053737916352427972e-01 -9.350977488064626808e-03 -1.258074983485837905e-01 -3.038764766190257816e-01 -7.363730911012722480e-01 -1.129768640379382960e+00
1.201666666666666572e+01 1.044364817175294641e-01 -1.025415154154767604e-02 -1.266748102833211431e-01 -3.046882107260083239e-01 -7.370368290915606524e-01 -1.130270110991067334e+00
1.203333333333333144e+01 1.035657880485718191e-01 -1.109568083697835134e-02 -1.274854156103895075e-01 -3.054504793911611005e-01 -7.376680101109870380e-01 -1.130750502659236600e+00
1.204999999999999716e+01 1.027365357755396363e-01 -1.189927596883115501e-02 -1.282615448475624143e-01 -3.061832804012821208e-01 -7.382808067685207032e-01 -1.131217488365167556e+00
1.206666666666666998e+01 1.019620576742891471e-01 -1.265095186065252376e-02 -1.289886043144934380e-01 -3.068709322783325644e-01 -7.388557162716176130e-01 -1.131649772935740206e+00
1.208333333333333570e+01 1.012359744557497360e-01 -1.335665861766348154e-02 -1.296720106429085917e-01 -3.075182393471752595e-01 -7.393957272747506693e-01 -1.132048951310765883e+00
1.210000000000000142e+01 1.019188972851158281e-01 -1.266813757673909344e-02 -1.289764500366873123e-01 -3.068100691840212058e-01 -7.386385066070382255e-01 -1.131201405957185768e+00
1.211666666666666714e+01 1.027454168126622769e-01 -1.184776303300857057e-02 -1.281608317068680114e-01 -3.059997511312212426e-01 -7.378189121110971804e-01 -1.130318542852008390e+00
1.213333333333333286e+01 1.036482811461162945e-01 -1.095949315574506686e-02 -1.272859828520373215e-01 -3.051414085041868063e-01 -7.369734485598933293e-01 -1.129423917982409709e+00
1.214999999999999858e+01 1.046639346952805416e-01 -9.964868162232836529e-03 -1.263106065188790150e-01 -3.041898065564690445e-01 -7.360546123212388103e-01 -1.128461791403948533e+00
1.216666666666666430e+01 1.057775941273738779e-01 -8.877167681773292379e-03 -1.252464663856288907e-01 -3.031581123371180908e-01 -7.350707100321595133e-01 -1.127438078527813525e+00
1.218333333333333002e+01 1.081461202340298633e-01 -6.549732866770015087e-03 -1.229591902283598825e-01 -3.009297886224667762e-01 -7.329412097296267303e-01 -1.125314965080969953e+00
1.220000000000000284e+01 1.106972794563140933e-01 -4.053631549647597650e-03 -1.205169937152505144e-01 -2.985645497694592310e-01 -7.307124971772208655e-01 -1.123115022808419905e+00
1.221666666666666856e+01 1.133720567833192278e-01 -1.443585815707251795e-03 -1.179697245582562032e-01 -2.961059158654211210e-01 -7.284161056836525594e-01 -1.120856662969713202e+00
1.223333333333333428e+01 1.162003483076436416e-01 1.313637308018368501e-03 -1.152817482032982010e-01 -2.935156723745183660e-01 -7.260107905826940211e-01 -1.118496517774245858e+00
1.225000000000000000e+01 1.191710239846661135e-01 4.207227013084274131e-03 -1.124643253777318774e-01 -2.908063061981713826e-01 -7.235043094085766846e-01 -1.116040973928856372e+00
1.226666666666666572e+01 1.264858849233685689e-01 1.140026581451841596e-02 -1.053931796895691275e-01 -2.839149831456890261e-01 -7.169875274421425582e-01 -1.109720164702802103e+00
1.228333333333333144e+01 1.342592836763008279e-01 1.901657726980528901e-02 -9.793500207247236855e-02 -2.766909094899219212e-01 -7.102582023015484580e-01 -1.103285461181380489e+00
1.229999999999999716e+01 1.422857072399734690e-01 2.685909235378665730e-02 -9.027613062625347573e-02 -2.693018908352480256e-01 -7.034355673561990541e-01 -1.096792064273512501e+00
1.231666666666666998e+01 1.506796606129514604e-01 3.505125136413877324e-02 -8.228674487274313665e-02 -2.616096334122522404e-01 -6.963664133723396210e-01 -1.090070355559419335e+00
1.233333333333333570e+01 1.593968713746789501e-01 4.354927722286938696e-02 -7.400789746247056489e-02 -2.536474730087345808e-01 -6.890761081732762472e-01 -1.083131082552587499e+00
1.235000000000000142e+01 1.914693119033641644e-01 7.518153461248816560e-02 -4.282037371244379331e-02 -2.231266856020220068e-01 -6.601137790646709469e-01 -1.055325831346793031e+00
1.236666666666666714e+01 2.258092023967482320e-01 1.089149665790903471e-01 -9.703531141119886225e-03 -1.909483151230867981e-01 -6.300836060208612199e-01 -1.026947940843041529e+00
1.238333333333333286e+01 2.613273483874721803e-01 1.437106385655559371e-01 2.435908318975858744e-02 -1.579862765056166962e-01 -5.996445312013133355e-01 -9.983382329567106472e-01
1.239999999999999858e+01 2.987247688177560034e-01 1.802999621939419261e-01 6.013224526373277257e-02 -1.234394392436343746e-01 -5.678636052224086406e-01 -9.684617869793576972e-01
1.241666666666666430e+01 3.377636823428046275e-01 2.184602706995955324e-01 9.740349038826892625e-02 -8.749293283956355305e-02 -5.348304305603875930e-01 -9.373527716635007279e-01
1.243333333333333002e+01 3.107909668375481438e-01 1.911166015234938564e-01 6.970402392138637382e-02 -1.156594754259756136e-01 -5.636636186410377558e-01 -9.658440867147624065e-01
1.245000000000000284e+01 2.796800605979580800e-01 1.600187000264870762e-01 3.864429892699532826e-02 -1.465833916548856253e-01 -5.937553033047010542e-01 -9.942992247357329560e-01
1.246666666666666856e+01 2.481159629854273185e-01 1.287216837883292386e-01 7.641431768145321400e-03 -1.770668442688442812e-01 -6.225646094348137316e-01 -1.020908097476523668e+00
1.248333333333333428e+01 2.143251552158259576e-01 9.537905278740416160e-02 -2.522623706666723281e-02 -2.091514823299134296e-01 -6.524314712598867638e-01 -1.048285145567535048e+00
1.250000000000000000e+01 1.792834246007327659e-01 6.092569642074350394e-02 -5.906483107084992135e-02 -2.420059037634769983e-01 -6.826599958395079826e-01 -1.075874219855175173e+00
1.251666666666666572e+01 1.767904141848850585e-01 5.885100648102545295e-02 -6.070736848138588715e-02 -2.429709345092976869e-01 -6.819160128303923818e-01 -1.073618754625076610e+00
1.253333333333333144e+01 1.751435088481532731e-01 5.749455448769145299e-02 -6.176535212962847715e-02 -2.435662471215061242e-01 -6.813906212986987621e-01 -1.072235976739845276e+00
1.254999999999999716e+01 1.727934474584164048e-01 5.536736426302860115e-02 -6.366386372334333077e-02 -2.451124767505821478e-01 -6.821089867543227436e-01 -1.072407717274260097e+00
1.256666666666666998e+01 1.706625390125343089e-01 5.341981869773786140e-02 -6.542410251371447161e-02 -2.465868430867733940e-01 -6.829355498899464250e-01 -1.072871879068905798e+00
1.258333333333333570e+01 1.683925426066166797e-01 5.130737171764935406e-02 -6.737643060365597347e-02 -2.482969456180321444e-01 -6.841156869835640641e-01 -1.073794738019216100e+00
1.260000000000000142e+01 2.316956493787421245e-01 1.141801453507219066e-01 -4.953916724650870608e-03 -1.865952292663635714e-01 -6.243610833279156225e-01 -1.016159522830744288e+00
1.261666666666666714e+01 3.001065554891971798e-01 1.817187574260533678e-01 6.168773670682500820e-02 -1.213495400193083940e-01 -5.626410693534892316e-01 -9.577974296698414935e-01
1.263333333333333286e+01 3.710509928713629502e-01 2.515008347517174725e-01 1.302786432098909375e-01 -5.458362599101403839e-02 -5.002826638034166828e-01 -8.992672901209164404e-01
1.264999999999999858e+01 4.465339696387348178e-01 3.256278475856584365e-01 2.030226760584289414e-01 1.605462686362444172e-02 -4.346300724521757752e-01 -8.377099930755570467e-01
1.266666666666666430e+01 5.259891769818451079e-01 4.035747163848192320e-01 2.794356918036321469e-01 9.015136069802787144e-02 -3.658935000838511864e-01 -7.731105268676226050e-01
1.268333333333333002e+01 5.425336762491647091e-01 4.190114108052734321e-01 2.937649556852713895e-01 1.028632924917515790e-01 -3.565879110478370473e-01 -7.657216124104461175e-01
1.270000000000000284e+01 5.565645674310074620e-01 4.322140449040232091e-01 3.061452610260751439e-01 1.140766763785993065e-01 -3.475868649717859804e-01 -7.574084739624739049e-01
1.271666666666666856e+01 5.714824198442632897e-01 4.464802811768056601e-01 3.197710560061981511e-01 1.268184013951489386e-01 -3.363590308229983949e-01 -7.462689051978189658e-01
1.273333333333333428e+01 5.854313570832265778e-01 4.598875556495676808e-01 3.326543215588370073e-01 1.389990521094630060e-01 -3.252726667388739501e-01 -7.349789311170784600e-01
1.275000000000000000e+01 5.993156495307102594e-01 4.733133873953493387e-01 3.456357145839814016e-01 1.513870310314381906e-01 -3.137337881197969081e-01 -7.230734913596801317e-01
1.276666666666666572e+01 6.126550980962268689e-01 4.862524251145612375e-01 3.581894134975026622e-01 1.634387940585914911e-01 -3.023260199730318787e-01 -7.112062517494619485e-01
1.278333333333333144e+01 6.257820582570349233e-01 4.990229559008555471e-01 3.706194623839755842e-01 1.754421012350401710e-01 -2.908114500181835926e-01 -6.991994212799838015e-01
1.279999999999999716e+01 6.386375445038887655e-01 5.115653367895833803e-01 3.828656132662829337e-01 1.873169366895068855e-01 -2.793324973036253045e-01 -6.872353093750399600e-01
1.281666666666666998e+01 6.512980885949819498e-01 5.239441364309541660e-01 3.949812432087759784e-01 1.991063468854338270e-01 -2.678726481862858111e-01 -6.753032670825477313e-01
1.283333333333333570e+01 6.637676423022720318e-01 5.361589086644199531e-01 4.069527202874967386e-01 2.107802800295789647e-01 -2.564714509092206329e-01 -6.634705249742562927e-01
1.285000000000000142e+01 6.763026636912246037e-01 5.484544314838156742e-01 4.190230503432888498e-01 2.225829508743986940e-01 -2.449126691969259750e-01 -6.515315579503682120e-01
1.286666666666666714e+01 6.886797935740471832e-01 5.606135240574998679e-01 4.309784867216011617e-01 2.342913320763682639e-01 -2.334337622193294604e-01 -6.397059827476586635e-01
1.288333333333333286e+01 7.009076440940398278e-01 5.726384710015471891e-01 4.428109797127548486e-01 2.458925848908750655e-01 -2.220450765890329692e-01 -6.280037494954938682e-01
1.289999999999999858e+01 7.129904818725454341e-01 5.845300893200642278e-01 4.545216517798951750e-01 2.573898273213309218e-01 -2.107476166895854708e-01 -6.164343758769134096e-01
1.291666666666666430e+01 7.249260071761534086e-01 5.962870235032734501e-01 4.661119016652919833e-01 2.687796521788701209e-01 -1.995470078454329999e-01 -6.050071577325096817e-01
1.293333333333333002e+01 7.364768975065041356e-01 6.076735619421526069e-01 4.773423357511665244e-01 2.798209806892062446e-01 -1.886771766400611450e-01 -5.939415548941138212e-01
1.295000000000000284e+01 7.478682723288364587e-01 6.189106123851114694e-01 4.884306225603942675e-01 2.907310700476274934e-01 -1.779305219975295116e-01 -5.830325425164398778e-01
1.296666666666666856e+01 7.591082336460082125e-01 6.300029499821274692e-01 4.993821260988166033e-01 3.015181764566334799e-01 -1.673053775495938200e-01 -5.722847050619971343e-01
1.298333333333333428e+01 7.701878473886865084e-01 6.409430471177648414e-01 5.101903209014135854e-01 3.121737318824898688e-01 -1.568122723506651384e-01 -5.617080445377498066e-01
1.300000000000000000e+01 7.811100051081042439e-01 6.517339488570772499e-01 5.208587909852820941e-01 3.226964621424829316e-01 -1.464543027222129645e-01 -5.513037092012682550e-01
1.301666666666666572e+01 7.919956360846474031e-01 6.624967283957068354e-01 5.315048683514397299e-01 3.331996711726203375e-01 -1.361230825396555766e-01 -5.409663500365639033e-01
1.303333333333333144e+01 8.027339363427189456e-01 6.731189571533311433e-01 5.420137630337559242e-01 3.435685842650720856e-01 -1.259333331108958842e-01 -5.308073972922809913e-01
1.304999999999999716e+01 8.133212650289767254e-01 6.835943937436895768e-01 5.523796341455695647e-01 3.537982506930402171e-01 -1.158903374092830063e-01 -5.208321832587686773e-01
1.306666666666666998e+01 8.237601441623104703e-01 6.939249430679833575e-01 5.626036850445400583e-01 3.638904863899712350e-01 -1.059929599951527912e-01 -5.110376272777998885e-01
1.308333333333333570e+01 8.340481367827929926e-01 7.041086581729678606e-01 5.726844252735014962e-01 3.738422270654225277e-01 -9.624219512265494436e-02 -5.014241905202160288e-01
1.310000000000000142e+01 8.256901486869014928e-01 6.957690456626522968e-01 5.643698430423074175e-01 3.656001692861947094e-01 -1.041676087107935161e-01 -5.089723070039100516e-01
1.311666666666666714e+01 8.159271553013737188e-01 6.861117011704540580e-01 5.548263057799119879e-01 3.562591136216219923e-01 -1.129105358445824103e-01 -5.171495702683494011e-01
1.313333333333333286e+01 8.054301101356714510e-01 6.757826366363069992e-01 5.446702706087279688e-01 3.463880031718775121e-01 -1.220266373262655635e-01 -5.256620984418909348e-01
1.314999999999999858e+01 7.938332936522362049e-01 6.643950442295541992e-01 5.334968876167658358e-01 3.355578225202027753e-01 -1.320229952159574505e-01 -5.350749436490935818e-01
1.316666666666666430e+01 7.813405815025346035e-01 6.521472375617354267e-01 5.214948987042475892e-01 3.239364910331636871e-01 -1.427607703236581094e-01 -5.452670669628174593e-01
1.318333333333333002e+01 7.854068554430712057e-01 6.563672775420319461e-01 5.258675177414333657e-01 3.285295566159575076e-01 -1.377606517115920470e-01 -5.403109615522441178e-01
1.320000000000000284e+01 7.897047250380200278e-01 6.607614369232338580e-01 5.303527239908778501e-01 3.331399242095553492e-01 -1.330037725226642653e-01 -5.358768799303044172e-01
1.321666666666666856e+01 7.936316183221087117e-01 6.647522439518883663e-01 5.343980344038032904e-01 3.372537854169779803e-01 -1.288923137517813955e-01 -5.322337729272994533e-01
1.323333333333333428e+01 7.975718961432779475e-01 6.687344861453650147e-01 5.384141734045890804e-01 3.413037605405156993e-01 -1.249354811418196959e-01 -5.288262153102013530e-01
1.325000000000000000e+01 8.013601677410138180e-01 6.725500411108926713e-01 5.422487697059981127e-01 3.451471917125347177e-01 -1.212497205731276201e-01 -5.257400813309363041e-01
1.326666666666666572e+01 8.254073029639898973e-01 6.964779938237947166e-01 5.660426631685009369e-01 3.687055431122612803e-01 -9.849759548895724304e-02 -5.042494314175754999e-01
1.328333333333333144e+01 8.506849600623013208e-01 7.215369211800272131e-01 5.908662412189898960e-01 3.931406714841314542e-01 -7.521975596082795812e-02 -4.824894383978968748e-01
1.329999999999999716e+01 8.765212815266261170e-01 7.470865995848383623e-01 6.161112698352784189e-01 4.178994390879059440e-01 -5.181993634560297379e-02 -4.606976469864695334e-01
1.331666666666666998e+01 9.033348345788151379e-01 7.735691304241940625e-01 6.422453146128823676e-01 4.434824729687931177e-01 -2.771271653508552979e-02 -4.382083164405583542e-01
1.333333333333333570e+01 9.309325185654268031e-01 8.007987615255205416e-01 6.690921144043456836e-01 4.697325539348689571e-01 -3.010538393327693435e-03 -4.151008815653658424e-01
1.335000000000000142e+01 9.396904201982007043e-01 8.092888992427283990e-01 6.773052530726987319e-01 4.775245320234581814e-01 3.759219969916864981e-03 -4.092795507880789829e-01
1.336666666666666714e+01 9.478753597204467862e-01 8.172672526400429627e-01 6.850698181393138908e-01 4.849688330685748561e-01 1.044386832399501683e-02 -4.032665520046728180e-01
1.338333333333333286e+01 9.561620666494670129e-01 8.253845689449584855e-01 6.930124519198670452e-01 4.926498438559661075e-01 1.751272889151058929e-02 -3.967357392513167769e-01
1.339999999999999858e+01 9.641284373042798839e-01 8.332039256056011922e-01 7.006795827924025000e-01 5.000895493483594745e-01 2.441990520074975926e-02 -3.903079196279927721e-01
1.341666666666666430e+01 9.719670591656356384e-01 8.409113488652751878e-01 7.082502120638899390e-01 5.074575157873821851e-01 3.130981084846385515e-02 -3.838640820466579506e-01
1.343333333333333002e+01 9.796101080980307296e-01 8.484344387868768544e-01 7.156488705724414201e-01 5.146704615484203327e-01 3.808201488748814284e-02 -3.775269133600810956e-01
1.345000000000000284e+01 9.871061062691603993e-01 8.558197163481597869e-01 7.229181899398874345e-01 5.217666974676145042e-01 4.476061877849576986e-02 -3.712835839258784576e-01
1.346666666666666856e+01 9.944472720075918648e-01 8.630572816601634889e-01 7.300462174844590812e-01 5.287309806918265576e-01 5.132173716548366071e-02 -3.651643458500534734e-01
1.348333333333333428e+01 1.001651462654316926e+00 8.701631252985478904e-01 7.370481314330273870e-01 5.355760504264462929e-01 5.777313670974047050e-02 -3.591651837346705456e-01
1.350000000000000000e+01 1.008720593712928659e+00 8.771380592831745648e-01 7.439235362965445075e-01 5.422999094888130145e-01 6.410864387619764904e-02 -3.532929439260470983e-01
1.351666666666666572e+01 1.014661640035588341e+00 8.829947023600218659e-01 7.496906730669370411e-01 5.479304843282474247e-01 6.938222491852763518e-02 -3.484638607762903795e-01
1.353333333333333144e+01 1.020412239551737210e+00 8.886683967885267155e-01 7.552816552191481403e-01 5.533957053440802243e-01 7.450570823907419482e-02 -3.437859283727075499e-01
1.354999999999999716e+01 1.026009063988007064e+00 8.941941593400102306e-01 7.607297612303073331e-01 5.587251598245736028e-01 7.950227352352845500e-02 -3.392440896151829866e-01
1.356666666666666998e+01 1.031435221125705404e+00 8.995533733913819718e-01 7.660154552636080361e-01 5.638966278992466608e-01 8.434489909262969654e-02 -3.348675994629433106e-01
1.358333333333333570e+01 1.036703680842084419e+00 9.047576748437227145e-01 7.711501516200210959e-01 5.689201080928814047e-01 8.904092102263000408e-02 -3.306495373694322004e-01
1.360000000000000142e+01 1.042817321767781635e+00 9.108039706684283310e-01 7.771226626241423130e-01 5.747737043156527781e-01 9.453850705607004523e-02 -3.256736033245408724e-01
1.361666666666666714e+01 1.048841870425885947e+00 9.167598327962978022e-01 7.830028006122483619e-01 5.805310833777624913e-01 9.992434027230778781e-02 -3.208333679632067725e-01
1.363333333333333286e+01 1.054746695023229819e+00 9.225958618668701483e-01 7.887623150162472729e-01 5.861653841313645419e-01 1.051771407594473129e-01 -3.161420594347064128e-01
1.364999999999999858e+01 1.060554089987783444e+00 9.283343521823059774e-01 7.944242723076012647e-01 5.917014006563554585e-01 1.103248686981454368e-01 -3.115677881251419090e-01
1.366666666666666430e+01 1.066256206973922094e+00 9.339676290810500214e-01 7.999811601860365995e-01 5.971320869017696653e-01 1.153613909592332426e-01 -3.071146681777754406e-01
1.368333333333333002e+01 1.071731869834748441e+00 9.393755543078881054e-01 8.053137617129202397e-01 6.023396504697924314e-01 1.201735757118613662e-01 -3.028908174424508881e-01
1.370000000000000284e+01 1.077098025692252214e+00 9.446745767704788355e-01 8.105383721802174035e-01 6.074397768180065382e-01 1.248761601726833814e-01 -2.987826958612054273e-01
1.371666666666666856e+01 1.082360097501842588e+00 9.498706729440368202e-01 8.156604862690363111e-01 6.124376287658817031e-01 1.294739170280831964e-01 -2.947854574183923493e-01
1.373333333333333428e+01 1.087516299901821304e+00 9.549619974393780408e-01 8.206779923738488636e-01 6.173310786456926991e-01 1.339643942129957466e-01 -2.909014709154941203e-01
1.375000000000000000e+01 1.092569265703437820e+00 9.599507165579281853e-01 8.255933391197031179e-01 6.221223849500784331e-01 1.383500040395548025e-01 -2.871279658394637058e-01
1.376666666666666572e+01 1.097645706016980194e+00 9.649626654185597951e-01 8.305315966296797914e-01 6.269353653259509551e-01 1.427509556908083121e-01 -2.833483427135525812e-01
1.378333333333333144e+01 1.102629318974466033e+00 9.698817557697096969e-01 8.353768438957406284e-01 6.316545889288393001e-01 1.470538620380431039e-01 -2.796728998121091325e-01
1.379999999999999716e+01 1.107517260375515233e+00 9.747053184016932770e-01 8.401264974540055830e-01 6.362777670140290498e-01 1.512572299164128553e-01 -2.761014886962975257e-01
1.381666666666666998e+01 1.112313509572555592e+00 9.794372978467378310e-01 8.447846276209377558e-01 6.408091285253098013e-01 1.553657569385262227e-01 -2.726285843264771303e-01
1.383333333333333570e+01 1.117018193622775435e+00 9.840777933931893484e-01 8.493514069473586670e-01 6.452488668882605527e-01 1.593801362226449081e-01 -2.692530630873513631e-01
1.385000000000000142e+01 1.056710748350840223e+00 9.241171177859520691e-01 7.897459002905904413e-01 5.862015202912235212e-01 1.017547906729193569e-01 -3.255224534918070289e-01
1.386666666666666714e+01 9.924254851807924327e-01 8.604472940283193205e-01 7.267034877335910581e-01 5.241228452582677999e-01 4.201736863736523636e-02 -3.832170567934833905e-01
1.388333333333333286e+01 9.263377292852302824e-01 7.951614856071052007e-01 6.622314631169043952e-01 4.608842615196027115e-01 -1.833133483031403402e-02 -4.412271956626361291e-01
1.389999999999999858e+01 8.573543046106127941e-01 7.271150428310136915e-01 5.951314028738505790e-01 3.952046807487948343e-01 -8.077183905704489464e-02 -5.012525778923911934e-01
1.391666666666666430e+01 7.862212848907923490e-01 6.570320430107162712e-01 5.261086154194414277e-01 3.277596869069429042e-01 -1.447151596535341533e-01 -5.627752452662961868e-01
1.393333333333333002e+01 7.704633079194602718e-01 6.420270829475777097e-01 5.118443121203629653e-01 3.145363812711802209e-01 -1.560469553301696843e-01 -5.736812197304126393e-01
1.395000000000000284e+01 7.556687723208673768e-01 6.278033885911374901e-01 4.981721887097286805e-01 3.016001460198320938e-01 -1.678847898987687326e-01 -5.859093455757439228e-01
1.396666666666666856e+01 7.399863263834325355e-01 6.125851921592301297e-01 4.833972441400846698e-01 2.873959212805640151e-01 -1.814051429517128944e-01 -6.001935435036058752e-01
1.398333333333333428e+01 7.246258347304231906e-01 5.976247660543421159e-01 4.688137043393998393e-01 2.732850848058622772e-01 -1.950735721835540060e-01 -6.147826355967748180e-01
1.400000000000000000e+01 7.090945937821947487e-01 5.824509931509983529e-01 4.539741953096843585e-01 2.588483007670120961e-01 -2.092173222367716967e-01 -6.298875053100286836e-01
1.401666666666666572e+01 7.006378196925994173e-01 5.742679454481036672e-01 4.460379448294223281e-01 2.511795349444000958e-01 -2.169271601376672465e-01 -6.388214304241196517e-01
1.403333333333333144e+01 6.924858894834446943e-01 5.663334646074952294e-01 4.382945300441393743e-01 2.436207311308631884e-01 -2.246963229121679284e-01 -6.478804646702235326e-01
1.404999999999999716e+01 6.844310738909542557e-01 5.584580766300744070e-01 4.305707409992597379e-01 2.360260019640076090e-01 -2.325968567234515116e-01 -6.570626126405305634e-01
1.406666666666666998e+01 6.765858865456796378e-01 5.507623114452345758e-01 4.230005987275561319e-01 2.285470244863156419e-01 -2.404342758182379802e-01 -6.661379831229586879e-01
1.408333333333333570e+01 6.688880516910822305e-01 5.431933761664193838e-01 4.155343137777147700e-01 2.211452318584627708e-01 -2.482225350336335901e-01 -6.751050178114035294e-01
1.410000000000000142e+01 6.572644539046041956e-01 5.317109787660380116e-01 4.041719862994114232e-01 2.098795863146013796e-01 -2.597422206312240411e-01 -6.875748705968801611e-01
1.411666666666666714e+01 6.455434823834252933e-01 5.201372861818557292e-01 3.927252849264598056e-01 1.985448059439897384e-01 -2.712630341149484536e-01 -6.999120328865233720e-01
1.413333333333333286e+01 6.338687902484435588e-01 5.086113197561010768e-01 3.813286579614494354e-01 1.872675141129686027e-01 -2.826775022310683561e-01 -7.120429226324441752e-01
1.414999999999999858e+01 6.221481534142484504e-01 4.970390992294608790e-01 3.698873962189564990e-01 1.759509965334698500e-01 -2.940945539285164667e-01 -7.240934562488712256e-01
1.416666666666666430e+01 6.104204392305530025e-01 4.854594488522122608e-01 3.584388622184265238e-01 1.646312086526493246e-01 -3.054802771927848659e-01 -7.360381354415747035e-01
1.418333333333333002e+01 6.010448473583149820e-01 4.762123678988632869e-01 3.493036494662608571e-01 1.555968891830737943e-01 -3.146366590274431996e-01 -7.457812303868824877e-01
1.420000000000000284e+01 5.918000629329523976e-01 4.670838030392779894e-01 3.402754715271567587e-01 1.466554857397069089e-01 -3.237131444444945605e-01 -7.554180293274983526e-01
1.421666666666666856e+01 5.826000125615331537e-01 4.579915659160101460e-01 3.312764587854769016e-01 1.377355796126394361e-01 -3.327646661738533629e-01 -7.649859454520592239e-01
1.423333333333333428e+01 5.735014153211356325e-01 4.489949734812055393e-01 3.223681458807020617e-01 1.289020175988916384e-01 -3.417168629883289288e-01 -7.744041375528050164e-01
1.425000000000000000e+01 5.644836118372238420e-01 4.400746195882823120e-01 3.135325206498196238e-01 1.201395422633291937e-01 -3.505814742023653507e-01 -7.836823331000355441e-01
1.426666666666666572e+01 5.540326116486796737e-01 4.297304971560598208e-01 3.032841133989152560e-01 1.099849811691663570e-01 -3.607607705246609342e-01 -7.941594364238319104e-01
1.428333333333333144e+01 5.435772096095285999e-01 4.193871986254921747e-01 2.930431051893983008e-01 9.985112150549323162e-02 -3.708696025968348797e-01 -8.044894544246614654e-01
1.429999999999999716e+01 5.331777271125324180e-01 4.091032362601489947e-01 2.828661428590857896e-01 8.979038736109835883e-02 -3.808655621130653257e-01 -8.146449079762294598e-01
1.431666666666666998e+01 5.228000188893361377e-01 3.988437365523770928e-01 2.727168930207976572e-01 7.976539851723932206e-02 -3.907915637147064691e-01 -8.246771872359611733e-01
1.433333333333333570e+01 5.124604149422357091e-01 3.886246600397216255e-01 2.626111719124759603e-01 6.979122573890426950e-02 -4.006353693457299636e-01 -8.345786333516922451e-01
1.435000000000000142e+01 5.038933007101176198e-01 3.801649988313074435e-01 2.542521087641427258e-01 6.154505183058742862e-02 -4.087897796979667597e-01 -8.428193614209529283e-01
1.436666666666666714e+01 4.954711932097941585e-01 3.718430089296780316e-01 2.460237819201182841e-01 5.342129787634818799e-02 -4.168283647254006907e-01 -8.509322394882899987e-01
1.438333333333333286e+01 4.871264452757971264e-01 3.635940451917945015e-01 2.378649754964916596e-01 4.536370558767004874e-02 -4.247951538438668462e-01 -8.589477136766108245e-01
1.439999999999999858e+01 4.789006479325704779e-01 3.554614505934519109e-01 2.298203520353726825e-01 3.741976326639745443e-02 -4.326368045685954900e-01 -8.668071065890302629e-01
1.441666666666666430e+01 4.707773893624930261e-01 3.474292983635970389e-01 2.218752777859986092e-01 2.957585820231632689e-02 -4.403643065507257814e-01 -8.745199454388619120e-01
1.443333333333333002e+01 4.711334625279710586e-01 3.478014446739430277e-01 2.222562181209966348e-01 2.993495386813940090e-02 -4.402089467142519252e-01 -8.746749375183451303e-01
1.445000000000000284e+01 4.721228652283393501e-01 3.487594502645075534e-01 2.231757928444327022e-01 3.076262244753721897e-02 -4.397409981294258530e-01 -8.746313573292611165e-01
1.446666666666666856e+01 4.734169121522253110e-01 3.499893102801073241e-01 2.243344629096512000e-01 3.178374807056662948e-02 -4.391659237031399488e-01 -8.745158005334536799e-01
1.448333333333333428e+01 4.752140529490414544e-01 3.516983959125468684e-01 2.259489113212805600e-01 3.322789535737583066e-02 -4.382222910317600251e-01 -8.740339996703087033e-01
1.450000000000000000e+01 4.774314325547024396e-01 3.538087444378495983e-01 2.279467157940135713e-01 3.503156411415293131e-02 -4.369554865765784002e-01 -8.732163882701883262e-01
1.451666666666666572e+01 5.074163301616883004e-01 3.834296555587580757e-01 2.571875529115629222e-01 6.365449851497168021e-02 -4.099814014565967280e-01 -8.478173616950062108e-01
1.453333333333333144e+01 5.397855896144432286e-01 4.152698407838713024e-01 2.884809743366997803e-01 9.408022701863529014e-02 -3.817757556516808704e-01 -8.216172569164604811e-01
1.454999999999999716e+01 5.735030475301009512e-01 4.483469839988595829e-01 3.208992967465291724e-01 1.254706954435164390e-01 -3.529298612941133562e-01 -7.949463485082042258e-01
1.456666666666666998e+01 6.092715699763004977e-01 4.833944988137284238e-01 3.552075857851755836e-01 1.586381932847353848e-01 -3.225115545973789577e-01 -7.667543453913211460e-01
1.458333333333333570e+01 6.468286768198672210e-01 5.201695686517189277e-01 3.911836163019657420e-01 1.933902488963258615e-01 -2.906336187192015696e-01 -7.370555126996717332e-01
1.460000000000000142e+01 6.297610959472621506e-01 5.027391310105477906e-01 3.733979280048307925e-01 1.751056630967026406e-01 -3.097665432892667270e-01 -7.561325182571716486e-01
1.461666666666666714e+01 6.101458373600082696e-01 4.830067782860640868e-01 3.535629681247162703e-01 1.551690671696471235e-01 -3.295645233616326109e-01 -7.749331919009624370e-01
1.463333333333333286e+01 5.904318513001550750e-01 4.633396379612608751e-01 3.339600610552474480e-01 1.357153511506876131e-01 -3.482831209714490894e-01 -7.921833669847732073e-01
1.464999999999999858e+01 5.692776393820904168e-01 4.423405576840909181e-01 3.131356438647506790e-01 1.152052129797678098e-01 -3.676967771142874986e-01 -8.099321556859853111e-01
1.466666666666666430e+01 5.473546488168306023e-01 4.206570496054596875e-01 2.917111354193882011e-01 9.421889143893980023e-02 -3.873254202319076356e-01 -8.277692082064527224e-01
1.468333333333333002e+01 5.431209474396997416e-01 4.165763104927080462e-01 2.877958259200190105e-01 9.058006352323670629e-02 -3.901173730507261905e-01 -8.294608836208330338e-01
1.470000000000000284e+01 5.393113988022917304e-01 4.128728394520350120e-01 2.842084084093212670e-01 8.718865878534146074e-02 -3.929034382479155152e-01 -8.314575029884007096e-01
1.471666666666666856e+01 5.351455104823495956e-01 4.087896305622364945e-01 2.802167277807446899e-01 8.335270218533029352e-02 -3.962512727649952771e-01 -8.341668767938400508e-01
1.473333333333333428e+01 5.311056272033046755e-01 4.048229422326715121e-01 2.763313653393960068e-01 7.960371903338167576e-02 -3.995753462981300741e-01 -8.369439945777413792e-01
1.475000000000000000e+01 5.270002112532090610e-01 4.007855394488049061e-01 2.723683005929903311e-01 7.576557514173291874e-02 -4.030302759620298936e-01 -8.399082367880627009e-01
1.476666666666666572e+01 5.199069534713581797e-01 3.937823988874148418e-01 2.654618696011396550e-01 6.901962572652453609e-02 -4.093052457546281220e-01 -8.456092552491309977e-01
1.478333333333333144e+01 5.125862051030246613e-01 3.865668486787052216e-01 2.583590923493173652e-01 6.209940759138979360e-02 -4.157092143507135074e-01 -8.514110381664116156e-01
1.479999999999999716e+01 5.051741428031139014e-01 3.792717286249563391e-01 2.511878863921679916e-01 5.512667049901842642e-02 -4.221385780324017345e-01 -8.572301662328847272e-01
1.481666666666666998e+01 4.975890651361764006e-01 3.718128961704406654e-01 2.438621727544363627e-01 4.801150533608800064e-02 -4.286913176093281042e-01 -8.631731813217138338e-01
1.483333333333333570e+01 4.898655741519759022e-01 3.642238765361480168e-01 2.364140364362520008e-01 4.078405365709757840e-02 -4.353406322986785870e-01 -8.692167691368107851e-01
1.485000000000000142e+01 4.863592107247324270e-01 3.608226643962533231e-01 2.331217773719542474e-01 3.766000682642298841e-02 -4.380400578193512917e-01 -8.714899785978840185e-01
1.486666666666666714e+01 4.829965896222155886e-01 3.575471821321261623e-01 2.299371389988563441e-01 3.461403551562252517e-02 -4.407404180785240988e-01 -8.738441835502265276e-01
1.488333333333333286e+01 4.795973934480671219e-01 3.542246519473629673e-01 2.266944262723381565e-01 3.149264532228233243e-02 -4.435600039742630951e-01 -8.763567600075612418e-01
1.489999999999999858e+01 4.762658327428042071e-01 3.509633306515911877e-01 2.235059937829910748e-01 2.841492780981659180e-02 -4.463625451744546724e-01 -8.788734256120215305e-01
1.491666666666666430e+01 4.729558795932525261e-01 3.477189789660116714e-01 2.203299138278618508e-01 2.534218085401808429e-02 -4.491780601155028196e-01 -8.814147274813327604e-01
1.493333333333333002e+01 4.812564475394344732e-01 3.559830315013177149e-01 2.285555538793323516e-01 3.350043282290812025e-02 -4.412182139253187363e-01 -8.736493563924060402e-01
1.495000000000000284e+01 4.903721354792660581e-01 3.649951749549449342e-01 2.374603036115294774e-01 4.223259804215392238e-02 -4.329320403803006978e-01 -8.657566658652045000e-01
1.496666666666666856e+01 4.998391403871043637e-01 3.743119808182084340e-01 2.466231916316044270e-01 5.115541544911862692e-02 -4.246029274003907394e-01 -8.579086318860330573e-01
1.498333333333333428e+01 5.099339049493261111e-01 3.842240965924295648e-01 2.563486950218550331e-01 6.059303497520561466e-02 -4.158520213537806876e-01 -8.496756537215609528e-01
1.500000000000000000e+01 5.205370939804235819e-01 3.946187481624287563e-01 2.665311920762514775e-01 7.045088168233593073e-02 -4.067469629427113986e-01 -8.411009493124572689e-01
1.501666666666666572e+01 5.200613966799351173e-01 3.940094467922580224e-01 2.657895778230980333e-01 6.951859889997215325e-02 -4.080434479287806115e-01 -8.424700192997148784e-01
1.503333333333333144e+01 5.192626388349964595e-01 3.931219961879116598e-01 2.648164436942029298e-01 6.842908590577530259e-02 -4.093016488727596047e-01 -8.435985780415213853e-01
1.504999999999999716e+01 5.186309141655222055e-01 3.924289533484175974e-01 2.640661965835045533e-01 6.760542593304350034e-02 -4.101856570295843718e-01 -8.442571377787418951e-01
1.506666666666666998e+01 5.178771303477595067e-01 3.916308240876599234e-01 2.632275969622412393e-01 6.671989131152883390e-02 -4.110677570085300991e-01 -8.448658622148071951e-01
1.508333333333333570e+01 5.171226417208499848e-01 3.908438026744375793e-01 2.624124126030966120e-01 6.587662078141381938e-02 -4.118636335829294337e-01 -8.453619891181972656e-01
1.510000000000000142e+01 5.141299552664718719e-01 3.878456918721411295e-01 2.594147026026202285e-01 6.289575903291419468e-02 -4.146857465092856909e-01 -8.477864282921546701e-01
1.511666666666666714e+01 5.109667127159615019e-01 3.846963023939078408e-01 2.562849271585041500e-01 5.981135798174722767e-02 -4.175474803498464560e-01 -8.502104971626509577e-01
1.513333333333333286e+01 5.077160620509253430e-01 3.814734266049371048e-01 2.530950736051182925e-01 5.668694083211228696e-02 -4.204085992422817997e-01 -8.524079985682490035e-01
1.514999999999999858e+01 5.043368464352275815e-01 3.781318669705429625e-01 2.497970837078143380e-01 5.346862221022394279e-02 -4.233368958473308075e-01 -8.552094755500110335e-01
1.516666666666666430e+01 5.008519115923113496e-01 3.746932129407618550e-01 2.464101159946787412e-01 5.017238357523465253e-02 -4.263236361007174957e-01 -8.575710048841639344e-01
1.518333333333333002e+01 5.069332300095439336e-01 3.807470565814244368e-01 2.524378622465828781e-01 5.616582086514141509e-02 -4.203676117506598975e-01 -8.516168489590527635e-01
1.520000000000000284e+01 5.135803902143212252e-01 3.873188562675148883e-01 2.589346793771151178e-01 6.255353087909931720e-02 -4.142022482567895292e-01 -8.455109308333961238e-01
1.521666666666666856e+01 5.204010122420450468e-01 3.940332519109435161e-01 2.655431102088594564e-01 6.900544362308523583e-02 -4.080788398345143175e-01 -8.395765474163536801e-01
1.523333333333333428e+01 5.276278677163218633e-01 4.011328718066520249e-01 2.725153490834841263e-01 7.578868006540681601e-02 -4.016913145239913163e-01 -8.333921370446272237e-01
1.525000000000000000e+01 5.351587243990018061e-01 4.085195894675460182e-01 2.797576413967530762e-01 8.281952299233819037e-02 -3.951029876682883302e-01 -8.270369900362302129e-01
1.526666666666666572e+01 5.716261472103962848e-01 4.445946830141245809e-01 3.154300712970111720e-01 1.178688548311818962e-01 -3.615819093012632157e-01 -7.948425520099466901e-01
1.528333333333333144e+01 6.105732897927091951e-01 4.829866847735950208e-01 3.532534234714238552e-01 1.548183744783221127e-01 -3.267366422129931447e-01 -7.617686825728267053e-01
1.529999999999999716e+01 6.508820867280142863e-01 5.226311257740872129e-01 3.922197128847313419e-01 1.927529171568716504e-01 -2.912352626302281422e-01 -7.282118942374773418e-01
1.531666666666666998e+01 6.932837056298423173e-01 5.642909611451510932e-01 4.331246858799839283e-01 2.325175016663619254e-01 -2.540998238441695145e-01 -6.930652540809458806e-01
1.533333333333333570e+01 7.375015303398609889e-01 6.077081889330716580e-01 4.757304864751369378e-01 2.739080357032939728e-01 -2.154575743500197482e-01 -6.563875608055880218e-01
1.535000000000000142e+01 7.464135857570549648e-01 6.160589378190898247e-01 4.835243592246846189e-01 2.809058747126863542e-01 -2.100080743641571102e-01 -6.515248149133733291e-01
1.536666666666666714e+01 7.541464659292030914e-01 6.233765466927807530e-01 4.904335888207926319e-01 2.872514764467365422e-01 -2.046093107368386899e-01 -6.461166152443764688e-01
1.538333333333333286e+01 7.622512740691900213e-01 6.311564291386222436e-01 4.978974604345410837e-01 2.942971218050311477e-01 -1.981526705981230818e-01 -6.393621495086069251e-01
1.539999999999999858e+01 7.698299579753644650e-01 6.384638714713543051e-01 5.049476827031802451e-01 3.010177450902396523e-01 -1.918246008649679424e-01 -6.326025211367134471e-01
1.541666666666666430e+01 7.772928046736106156e-01 6.457017987632412970e-01 5.119740471250627811e-01 3.077792463347150398e-01 -1.853228074966410677e-01 -6.255893970610527655e-01
1.543333333333333002e+01 7.846159034790253228e-01 6.528329875629075296e-01 5.189214343735861767e-01 3.145035129862689960e-01 -1.787603876184800378e-01 -6.184904973590259480e-01
1.545000000000000284e+01 7.917908095767152155e-01 6.598361601910699425e-01 5.257638184407298354e-01 3.211584165678254554e-01 -1.721972484570492845e-01 -6.113995561359889530e-01
1.546666666666666856e+01 7.987851943655738252e-01 6.666773871594898759e-01 5.324653830599013205e-01 3.277019341589061940e-01 -1.657002631768330903e-01 -6.043900157686624697e-01
1.548333333333333428e+01 8.056370228033388203e-01 6.733945964179061106e-01 5.390590264526632369e-01 3.341600976673397283e-01 -1.592603548949335368e-01 -5.974582658500579013e-01
1.550000000000000000e+01 8.123454376691742196e-01 6.799820451933560328e-01 5.455368418783751450e-01 3.405211415921253204e-01 -1.528963159870999344e-01 -5.906335270823201977e-01
1.551666666666666572e+01 8.214666148229837761e-01 6.889762116067835729e-01 5.544142516324536141e-01 3.492649524394037530e-01 -1.442155580917446056e-01 -5.816086078150386474e-01
1.553333333333333144e+01 8.306415798503046233e-01 6.980227729521026880e-01 5.633412963193031864e-01 3.580501002793287646e-01 -1.355246839749016941e-01 -5.726362202550612235e-01
1.554999999999999716e+01 8.397805735126681048e-01 7.070341392165065963e-01 5.722325266103177599e-01 3.667969433292052051e-01 -1.268895571365706021e-01 -5.637631744170977788e-01
1.556666666666666998e+01 8.489386099192697266e-01 7.160671282141758409e-01 5.811455487092658245e-01 3.755675743327513416e-01 -1.182424017667074029e-01 -5.549115261146769784e-01
1.558333333333333570e+01 8.580906561178976988e-01 7.250952658438432064e-01 5.900559399920448644e-01 3.843380422026491106e-01 -1.096035990158573253e-01 -5.460979963182495123e-01
1.560000000000000142e+01 8.645600755558711104e-01 7.314610572919720832e-01 5.963260253054688542e-01 3.905016066520312634e-01 -1.034939169576702400e-01 -5.397513420690072117e-01
1.561666666666666714e+01 8.708351779300939066e-01 7.376475619793146921e-01 6.024318589900117260e-01 3.965215067753340983e-01 -9.749007868801842780e-02 -5.335020721926522214e-01
1.563333333333333286e+01 8.770129872129073245e-01 7.437479532531514614e-01 6.084626762109242026e-01 4.024794199724816557e-01 -9.152802424886162524e-02 -5.273050351514644296e-01
1.564999999999999858e+01 8.830348770854419271e-01 7.497012840178031157e-01 6.143539799505913779e-01 4.083056968311584156e-01 -8.568995026475967336e-02 -5.212504509898718830e-01
1.566666666666666430e+01 8.889283364119615616e-01 7.555333913872803731e-01 6.201292061691235924e-01 4.140227718564827852e-01 -7.995789670068226274e-02 -5.153262386795434136e-01
1.568333333333333002e+01 8.945621119425095635e-01 7.611111888254754598e-01 6.256553412024394856e-01 4.194998681496945325e-01 -7.446223547000742349e-02 -5.096598708436756997e-01
1.570000000000000284e+01 9.000567579723071088e-01 7.665547987973004851e-01 6.310519265017751067e-01 4.248520279149559098e-01 -6.909175002731493542e-02 -5.041437370407080287e-01
1.571666666666666856e+01 9.054150605680917341e-01 7.718664970317780094e-01 6.363212166080176591e-01 4.300799419498932408e-01 -6.384916975598545208e-02 -4.987822582132248606e-01
1.573333333333333428e+01 9.106373610261381257e-01 7.770459254105248625e-01 6.414611706737841645e-01 4.351825703265484457e-01 -5.873738364383312288e-02 -4.935784445367260576e-01
1.575000000000000000e+01 9.157258536721843978e-01 7.820940404100366061e-01 6.464727317011390584e-01 4.401586873321490789e-01 -5.375753698937266872e-02 -4.885324065696994844e-01
1.576666666666666572e+01 9.208036454841643792e-01 7.871342414980033730e-01 6.514775819739687668e-01 4.451280019197642601e-01 -4.879472682029616787e-02 -4.835316912760306285e-01
1.578333333333333144e+01 9.257575027229990594e-01 7.920525096620083527e-01 6.563622798883972376e-01 4.499773944141049475e-01 -4.396134637424997660e-02 -4.786853847948617791e-01
1.579999999999999716e+01 9.305844547990270721e-01 7.968453498056927709e-01 6.611230456463333960e-01 4.547031517196695183e-01 -3.926022013352220563e-02 -4.739944143595723469e-01
1.581666666666666998e+01 9.352878179209663800e-01 8.015162910431097298e-01 6.657628373790223097e-01 4.593083436435435041e-01 -3.468823151926068993e-02 -4.694545067006322125e-01
1.583333333333333570e+01 9.398673992928988641e-01 8.060653509221338275e-01 6.702813301734590334e-01 4.637934690269502891e-01 -3.024550014620125404e-02 -4.650646005347515155e-01
1.585000000000000142e+01 9.442007359073963935e-01 8.103704457143559026e-01 6.745575135198870198e-01 4.680378392938373544e-01 -2.604699615807004251e-02 -4.609351795296439125e-01
1.586666666666666714e+01 9.484042007692971010e-01 8.145472057566156554e-01 6.787067492131978463e-01 4.721558101461100776e-01 -2.198046237387421553e-02 -4.569549274945328698e-01
1.588333333333333286e+01 9.524837961295448130e-01 8.186007003971035312e-01 6.827343655250094345e-01 4.761520033323245471e-01 -1.804253095183216624e-02 -4.531200436580191671e-01
1.589999999999999858e+01 9.564374620539941585e-01 8.225294005725711788e-01 6.866380124693628462e-01 4.800241252271955084e-01 -1.423532837252965491e-02 -4.494321993473983645e-01
1.591666666666666430e+01 9.602672037524572213e-01 8.263357467621958996e-01 6.904202251343686259e-01 4.837742858868580020e-01 -1.055685047447933733e-02 -4.458892331080254179e-01
1.593333333333333002e+01 9.640983017151929513e-01 8.301437279560642812e-01 6.942040222236605107e-01 4.875240045435899616e-01 -6.889408324576638647e-03 -4.423769336929916918e-01
1.595000000000000284e+01 9.678163548144564921e-01 8.338388521229553874e-01 6.978747404790671682e-01 4.911600736110862675e-01 -3.344419730471119741e-03 -4.390028453717166879e-01
1.596666666666666856e+01 9.714189542331017613e-01 8.374185595723130371e-01 7.014298418211603048e-01 4.946800859460112054e-01 7.686708199433174235e-05 -4.357666747667650609e-01
1.598333333333333428e+01 9.749096146195904700e-01 8.408869815527203473e-01 7.048734524620975384e-01 4.980878926293535458e-01 3.379450001529935022e-03 -4.326624326969130130e-01
1.600000000000000000e+01 9.782885537770734663e-01 8.442443699240915755e-01 7.082057977894278267e-01 5.013837347216710816e-01 6.563853126455037983e-03 -4.296884722776062593e-01
1.601666666666666572e+01 9.375693668755286092e-01 8.038000852167710431e-01 6.680476446761521858e-01 4.616859459058991755e-01 -3.190199880968009466e-02 -4.669315591781654229e-01
1.603333333333333144e+01 8.940110110832579782e-01 7.607107900832621450e-01 6.254395008441780979e-01 4.198315567806726323e-01 -7.185824036048293895e-02 -5.051577711981559693e-01
1.604999999999999716e+01 8.491532481016940137e-01 7.164531743628859140e-01 5.817955075160402556e-01 3.771343377132817531e-01 -1.122604238251459635e-01 -5.436228029915207705e-01
1.606666666666666288e+01 8.021941830794231398e-01 6.701903682896538372e-01 5.362428936874296115e-01 3.326609510744974463e-01 -1.541916097370229499e-01 -5.835424507556683515e-01
1.608333333333332860e+01 7.536335939907775616e-01 6.224074359379760946e-01 4.892472907674485505e-01 2.868551595471832139e-01 -1.972614156861810519e-01 -6.246003153940895558e-01
1.609999999999999432e+01 7.383724956199857470e-01 6.077401982792114410e-01 4.751724363257208705e-01 2.736372857310078177e-01 -2.087484475201339396e-01 -6.353435353273011454e-01
1.611666666666667425e+01 7.235149426934941452e-01 5.933687376323806273e-01 4.612827581402029753e-01 2.604274982497026825e-01 -2.207151449876235960e-01 -6.470949768347583619e-01
1.613333333333332575e+01 7.078949355069500404e-01 5.781755600245434001e-01 4.465098873235047727e-01 2.462359775994769073e-01 -2.339254320307299073e-01 -6.603383518716149370e-01
1.615000000000000568e+01 6.922723538010315814e-01 5.629482976522426352e-01 4.316667780237326557e-01 2.319147725755935918e-01 -2.474178646244195867e-01 -6.739781910722750791e-01
1.616666666666667140e+01 6.763456112892943795e-01 5.473924953201981802e-01 4.164704601915256710e-01 2.172041920018549510e-01 -2.613915714367952003e-01 -6.881528550256206245e-01
1.618333333333333712e+01 6.800168636006039824e-01 5.512665885760215101e-01 4.205301956802834917e-01 2.214689884197636460e-01 -2.571392535185007544e-01 -6.848614605129813571e-01
1.620000000000000284e+01 6.845991917502646240e-01 5.559451994777641071e-01 4.252860406381318015e-01 2.262645038870218228e-01 -2.527307642619923134e-01 -6.816846735805160984e-01
1.621666666666666856e+01 6.894381642000764199e-01 5.608077651250324980e-01 4.301508477324012536e-01 2.310619879473785887e-01 -2.485371797144493300e-01 -6.788142951038975692e-01
1.623333333333333428e+01 6.949384536339383578e-01 5.662800335929532025e-01 4.355741457865970334e-01 2.363444882666609903e-01 -2.439967591677248970e-01 -6.756076604606107150e-01
1.625000000000000000e+01 7.009215051164202626e-01 5.721957721405129815e-01 4.414036423383319585e-01 2.419770744348690161e-01 -2.391986749668404966e-01 -6.721216862881137510e-01
1.626666666666666572e+01 7.341169150579536229e-01 6.050852044303868249e-01 4.739579131254563205e-01 2.739454451425825110e-01 -2.090748304033470117e-01 -6.443019628562509649e-01
1.628333333333333144e+01 7.695987561995591975e-01 6.401076759130726046e-01 5.084920235917901321e-01 3.076695625870007889e-01 -1.776749180732840883e-01 -6.155086519985251137e-01
1.629999999999999716e+01 8.064723687487309611e-01 6.764123864924087570e-01 5.441997823727472428e-01 3.424119124311759688e-01 -1.455426940449805473e-01 -5.860502286873555677e-01
1.631666666666666288e+01 8.453741626033088874e-01 7.146669269303101979e-01 5.817810152406658331e-01 3.789233117632316850e-01 -1.118122755283436354e-01 -5.549718153530550646e-01
1.633333333333332860e+01 8.860725846788026772e-01 7.546620185677482828e-01 6.210488007863208537e-01 4.170512268774650977e-01 -7.655297580044152783e-02 -5.222855856600827629e-01
1.634999999999999432e+01 8.896805473099270722e-01 7.578070010984045979e-01 6.237218998876334908e-01 4.190143676440296616e-01 -7.618678819065541341e-02 -5.229616995310013561e-01
1.636666666666667425e+01 8.922466992829607424e-01 7.600398063955476902e-01 6.256194521363168670e-01 4.204183438914008697e-01 -7.580471255258344754e-02 -5.230255011908567786e-01
1.638333333333332575e+01 8.952135475846437762e-01 7.627587184201396475e-01 6.280905959664712102e-01 4.225323733242177249e-01 -7.436957902438816326e-02 -5.217251251644630106e-01
1.640000000000000568e+01 8.977011439732168752e-01 7.650489037138147319e-01 6.301847280409949015e-01 4.243503939603435748e-01 -7.303155547766489175e-02 -5.203657462104442910e-01
1.641666666666667140e+01 9.001119496029650335e-01 7.672979867055146341e-01 6.322755549630615368e-01 4.262230200388936741e-01 -7.149864310312557814e-02 -5.187237191987461582e-01
1.643333333333333712e+01 9.020633902834963580e-01 7.691168024179003693e-01 6.339659264821283502e-01 4.277414925485787944e-01 -7.021729982593477581e-02 -5.172794140250329686e-01
1.645000000000000284e+01 9.038808457750959757e-01 7.708242432849903292e-01 6.355677922322835460e-01 4.292043228506288721e-01 -6.892105911994839129e-02 -5.158003768711167947e-01
1.646666666666666856e+01 9.055565257623048314e-01 7.724069231376933242e-01 6.370615687177823006e-01 4.305843652895277041e-01 -6.765774111571785931e-02 -5.143524492686283311e-01
1.648333333333333428e+01 9.071192026868546421e-01 7.738900451319883356e-01 6.384695770507927692e-01 4.318995420841176824e-01 -6.642481290094008617e-02 -5.129409667129466444e-01
1.650000000000000000e+01 9.085721971958223842e-01 7.752747947589366806e-01 6.397903555714095081e-01 4.331433210880559215e-01 -6.523662405356309146e-02 -5.115872658185962596e-01
1.651666666666666572e+01 9.133645163173643722e-01 7.799835074474730234e-01 6.444192820275947975e-01 4.376657821562391915e-01 -6.086329810621509545e-02 -5.071807992379250285e-01
1.653333333333333144e+01 9.182950612136016044e-01 7.848233629582891391e-01 6.491713349808940769e-01 4.422988425877387164e-01 -5.642072690601729335e-02 -5.027611051312348422e-01
1.654999999999999716e+01 9.232483954223380529e-01 7.896826244956057783e-01 6.539386911747298026e-01 4.469413137986954498e-01 -5.198854966993776694e-02 -4.983829144278485446e-01
1.656666666666666288e+01 9.282974412700445432e-01 7.946365061900459992e-01 6.587997268937165751e-01 4.516750798635768560e-01 -4.747443551356386737e-02 -4.939410263903760701e-01
1.658333333333332860e+01 9.334094889658918204e-01 7.996532748997606799e-01 6.637231874938902543e-01 4.564705463599563751e-01 -4.290452202466369519e-02 -4.894563169988601636e-01
1.659999999999999432e+01 9.351473862215117228e-01 8.013208003688379044e-01 6.653228537469039194e-01 4.579829631356400199e-01 -4.150935732175560500e-02 -4.880366326469860461e-01
1.661666666666667425e+01 9.367184706361625368e-01 8.028375235815623512e-01 6.667875385023928070e-01 4.593849869956944110e-01 -4.017331186065114385e-02 -4.866413306070340727e-01
1.663333333333332575e+01 9.382433964749046229e-01 8.043188066915716306e-01 6.682276896225988194e-01 4.607784528854712014e-01 -3.881626829113465210e-02 -4.852159800025943048e-01
1.665000000000000568e+01 9.396483969019463478e-01 8.056874142699574914e-01 6.695634043615046327e-01 4.620769740211223553e-01 -3.753713744793524265e-02 -4.838719314448025610e-01
1.666666666666667140e+01 9.409664732612730287e-01 8.069757515562923089e-01 6.708244770060333151e-01 4.633087909794274539e-01 -3.631423045592863802e-02 -4.825914682638151598e-01
1.668333333333333712e+01 9.420624403346232745e-01 8.080483890559819748e-01 6.718760264083526446e-01 4.643383349854566244e-01 -3.528361225367136755e-02 -4.815096602765709388e-01
1.670000000000000284e+01 9.430605898735033854e-01 8.090272619619114369e-01 6.728388498669957141e-01 4.652853007859708567e-01 -3.433077347356749270e-02 -4.805166532200202401e-01
1.671666666666666856e+01 9.439629310292718678e-01 8.099150785421209697e-01 6.737135967298165662e-01 4.661491236001127358e-01 -3.345857034257183199e-02 -4.796173172464114898e-01
1.673333333333333428e+01 9.447700395285426600e-01 8.107114546884915951e-01 6.744998304547369372e-01 4.669277710093063249e-01 -3.267055962461461183e-02 -4.788158498264535878e-01
1.675000000000000000e+01 9.454835192718126224e-01 8.114170788766669196e-01 6.751980747730662591e-01 4.676213646616934616e-01 -3.196818125266686489e-02 -4.781132563360717680e-01
1.676666666666666572e+01 9.462281931930769385e-01 8.121552625879447929e-01 6.759304365038594220e-01 4.683499050303174260e-01 -3.123630376384117086e-02 -4.773982247561611159e-01
1.678333333333333144e+01 9.468894793109975394e-01 8.128115611477649827e-01 6.765826998122980163e-01 4.689991412697868123e-01 -3.058753085378899603e-02 -4.767801641553243153e-01
1.679999999999999716e+01 9.474635976841097040e-01 8.133824718138372711e-01 6.771509810396898477e-01 4.695654815423773165e-01 -3.002503088351639315e-02 -4.762606467424329026e-01
1.681666666666666288e+01 9.479538753366613113e-01 8.138711357765009424e-01 6.776382505918583377e-01 4.700518862889782601e-01 -2.954597774512131292e-02 -4.758353196352675396e-01
1.683333333333332860e+01 9.483597628851262451e-01 8.142769490578724012e-01 6.780437551073027480e-01 4.704573396005578556e-01 -2.915105245043317708e-02 -4.755041710181787673e-01
1.684999999999999432e+01 9.484350896405822073e-01 8.143553472390941961e-01 6.781245237560459271e-01 4.705418529215740220e-01 -2.907239403276022996e-02 -4.754900398079074386e-01
1.686666666666667425e+01 9.484113096115774910e-01 8.143371111820570940e-01 6.781105318168083596e-01 4.705341807466669191e-01 -2.908546919355795013e-02 -4.755731971363664767e-01
1.688333333333332575e+01 9.482975471810527468e-01 8.142307137808010298e-01 6.780099737717371067e-01 4.704416492663004434e-01 -2.918435337502181884e-02 -4.757489222913718896e-01
1.690000000000000568e+01 9.480894413074318905e-01 8.140313289887363135e-01 6.778178143870438044e-01 4.702584803782962619e-01 -2.937539609544223898e-02 -4.760238767444502361e-01
1.691666666666667140e+01 9.477902511756406412e-01 8.137421106763842449e-01 6.775368404748451923e-01 4.699872863875481643e-01 -2.965628470805414460e-02 -4.763954711221969895e-01
1.693333333333333712e+01 9.474001168499944781e-01 8.133629343963978409e-01 6.771668490308581090e-01 4.696277820379217149e-01 -3.002753727301750442e-02 -4.768637555609980261e-01
1.695000000000000284e+01 9.469205430736040707e-01 8.128951588624881985e-01 6.767090652131362294e-01 4.691810080120162874e-01 -3.048798516114157447e-02 -4.774271465821181559e-01
1.696666666666666856e+01 9.463521860939898556e-01 8.123395197750273855e-01 6.761641017814511434e-01 4.686475652499636491e-01 -3.103702636664090395e-02 -4.780845330390801062e-01
1.698333333333333428e+01 9.456961879738231547e-01 8.116970909709778637e-01 6.755330615337858946e-01 4.680284386962049181e-01 -3.167378600791681542e-02 -4.788343001216465722e-01
1.700000000000000000e+01 9.449535843666653223e-01 8.109687524363321520e-01 6.748168618019422249e-01 4.673244971593682462e-01 -3.239722463047027545e-02 -4.796749782374811755e-01
1.701666666666666572e+01 9.440018352288023218e-01 8.100327871075749808e-01 6.738947091013512969e-01 4.664162395597716837e-01 -3.332260006016073833e-02 -4.807170619688667101e-01
1.703333333333333144e+01 9.429576139996358464e-01 8.090055764380905678e-01 6.728824790093481667e-01 4.654189674477292593e-01 -3.433656439306984054e-02 -4.818494485711551922e-01
1.704999999999999716e+01 9.418261871867714685e-01 8.078921420613777160e-01 6.717848911232108255e-01 4.643372245389921771e-01 -3.543517230121196598e-02 -4.830685857067162359e-01
1.706666666666666288e+01 9.406061135207939294e-01 8.066909199013180265e-01 6.706001821460557677e-01 4.631691072354340855e-01 -3.662051803732621624e-02 -4.843766063787218745e-01
1.708333333333332860e+01 9.392997619038857549e-01 8.054041969750967978e-01 6.693306231021418640e-01 4.619167061891306658e-01 -3.789051358199409941e-02 -4.857711689552209333e-01
1.709999999999999432e+01 9.379079056876524767e-01 8.040327791312036343e-01 6.679768781647480447e-01 4.605806060659651813e-01 -3.924455149626823042e-02 -4.872512555647030563e-01
1.711666666666667425e+01 9.364320374180771234e-01 8.025780557891430966e-01 6.665403629614846670e-01 4.591621906171938772e-01 -4.068111492085712405e-02 -4.888151381479567958e-01
1.713333333333332575e+01 9.348733055545342951e-01 8.010411678172882910e-01 6.650221291940728863e-01 4.576624362206053176e-01 -4.219902741505882071e-02 -4.904611631109654368e-01
1.715000000000000568e+01 9.332329934764482804e-01 7.994233996505406559e-01 6.634234563111616190e-01 4.560827732534341594e-01 -4.379683472872007710e-02 -4.921875515590432015e-01
1.716666666666667140e+01 9.315123012954282800e-01 7.977257883067041533e-01 6.617454689097028719e-01 4.544243416355496779e-01 -4.547324766370686167e-02 -4.939925184037330386e-01
1.718333333333333712e+01 9.295890661869258276e-01 7.958269951301453204e-01 6.598677429294215191e-01 4.525681998080843260e-01 -4.734290475250490376e-02 -4.959860424938182244e-01
1.720000000000000284e+01 9.275799828029693828e-01 7.938434191061511935e-01 6.579062363458000329e-01 4.506297366706566998e-01 -4.929244969109948526e-02 -4.980572456097378531e-01
1.721666666666666856e+01 9.254904467930337164e-01 7.917802032189650285e-01 6.558660595578776897e-01 4.486137011951007447e-01 -5.131763734148551276e-02 -5.002025494868903577e-01
1.723333333333333428e+01 9.233192626155480864e-01 7.896360036481294697e-01 6.537456794878104827e-01 4.465183868444367876e-01 -5.342040088251159835e-02 -5.024240492584678419e-01
1.725000000000000000e+01 9.210688469389703981e-01 7.874131845861271906e-01 6.515474221185109105e-01 4.443461825354341199e-01 -5.559854411076365494e-02 -5.047193725793110985e-01
1.726666666666666572e+01 9.187399519157645189e-01 7.851126471992750933e-01 6.492720682010389988e-01 4.420978453113086903e-01 -5.785127870617202267e-02 -5.070875926627536057e-01
1.728333333333333144e+01 9.163342657050054241e-01 7.827359336830238545e-01 6.469211184254868297e-01 4.397747625305300501e-01 -6.017698203655177241e-02 -5.095268854275356585e-01
1.729999999999999716e+01 9.138528784897594903e-01 7.802841500960018273e-01 6.444957531381211302e-01 4.373780448491165207e-01 -6.257443759963514374e-02 -5.120356843187077178e-01
1.731666666666666288e+01 9.112970416001926477e-01 7.777586016448772011e-01 6.419972956862212143e-01 4.349090262786127759e-01 -6.504227466074043174e-02 -5.146123003896102555e-01
1.733333333333332860e+01 9.086680934082930206e-01 7.751605398398065949e-01 6.394269327892305732e-01 4.323689584889198745e-01 -6.757909096714939667e-02 -5.172551451038870374e-01
1.734999999999999432e+01 9.058442683990148847e-01 7.723690936430318565e-01 6.366647974758482542e-01 4.296394521268969702e-01 -7.029903930589014027e-02 -5.200737974982970746e-01
1.736666666666667425e+01 9.029418982418213613e-01 7.695002574516437432e-01 6.338265519703023543e-01 4.268355651283202157e-01 -7.308912439423038976e-02 -5.229578645829313643e-01
1.738333333333332575e+01 8.999664389029439215e-01 7.665592998542515302e-01 6.309171697036906057e-01 4.239621053048442390e-01 -7.594522313761702115e-02 -5.259039593332689444e-01
1.740000000000000568e+01 8.969166033142913497e-01 7.635448095961218096e-01 6.279351903043860483e-01 4.210174179646081205e-01 -7.886937873542375355e-02 -5.289143153559482391e-01
1.741666666666667140e+01 8.937947916235771117e-01 7.604591217862690655e-01 6.248829356319611783e-01 4.180037050832017820e-01 -8.185939445385226332e-02 -5.319867141498555441e-01
1.743333333333333712e+01 8.904790712772806538e-01 7.571812025423304560e-01 6.216402904105733374e-01 4.148023018277244289e-01 -8.502979262567922358e-02 -5.352311605410378093e-01
1.745000000000000284e+01 8.870858714967784220e-01 7.538271523421197218e-01 6.183229599130868337e-01 4.115281852460453971e-01 -8.826768739949911180e-02 -5.385375693350644699e-01
1.746666666666666856e+01 8.836205397745506840e-01 7.504021642764656663e-01 6.149359202844658645e-01 4.081860853582681137e-01 -9.156902289625325209e-02 -5.419027746237072840e-01
1.748333333333333428e+01 8.800819065122380547e-01 7.469049996942143110e-01 6.114777101106921853e-01 4.047744533022206714e-01 -9.493588068087821519e-02 -5.453289866893126225e-01
1.750000000000000000e+01 8.764724041560669754e-01 7.433380082685988599e-01 6.079505717274156229e-01 4.012956142989746455e-01 -9.836618565572761985e-02 -5.488141182573598176e-01
1.751666666666666572e+01 8.727929636478422015e-01 7.397019621167497672e-01 6.043553524607955252e-01 3.977501725046200254e-01 -1.018592251991116138e-01 -5.523573737048339538e-01
1.753333333333333144e+01 8.690450721369528120e-01 7.359983092907594893e-01 6.006935764655456644e-01 3.941396255377995761e-01 -1.054135623534288579e-01 -5.559572176944407307e-01
1.754999999999999716e+01 8.652299226661120946e-01 7.322282736703503714e-01 5.969662644906927884e-01 3.904651384949555104e-01 -1.090280121910741917e-01 -5.596122960177968286e-01
1.756666666666666288e+01 8.613487891603530677e-01 7.283931854409935180e-01 5.931748162882437558e-01 3.867279678929967934e-01 -1.127011678247544918e-01 -5.633211425933940530e-01
1.758333333333332860e+01 8.574028529162097678e-01 7.244941688970978344e-01 5.893203869378759174e-01 3.829293029366980794e-01 -1.164318305919346680e-01 -5.670822816796453614e-01
1.759999999999999432e+01 8.531490406973128993e-01 7.202899833616880354e-01 5.851636403268187792e-01 3.788327415822271838e-01 -1.204478727894740531e-01 -5.711144368769308644e-01
1.761666666666667425e+01 8.488172438508067019e-01 7.160097980069243251e-01 5.809329671191053590e-01 3.746653879635212792e-01 -1.245264470978639931e-01 -5.752004688746726879e-01
1.763333333333332575e+01 8.444171644178587455e-01 7.116629227982071981e-01 5.766372833158935896e-01 3.704356269982256311e-01 -1.286607097519181786e-01 -5.793353073116311869e-01
1.765000000000000568e+01 8.399448514895725415e-01 7.072452595069171899e-01 5.722722419761988588e-01 3.661387587608821992e-01 -1.328561640470000416e-01 -5.835253077682825973e-01
1.766666666666667140e+01 8.354039468646382582e-01 7.027602901443964489e-01 5.678413012701541973e-01 3.617780945347141563e-01 -1.371099640072857839e-01 -5.877678049639097901e-01
1.768333333333333712e+01 8.309166942982456616e-01 6.983292140877852550e-01 5.634647756062454160e-01 3.574722069478625808e-01 -1.413079262132575786e-01 -5.919532517313036424e-01
1.770000000000000284e+01 8.263709049893629421e-01 6.938401875234107008e-01 5.590310811519410006e-01 3.531102246255637400e-01 -1.455589718324757365e-01 -5.961875836481351776e-01
1.771666666666666856e+01 8.217634103497225562e-01 6.892901792911787506e-01 5.545372841743165804e-01 3.486895130698264844e-01 -1.498649138607248410e-01 -6.004716159920228113e-01
1.773333333333333428e+01 8.170980772859666175e-01 6.846831437064234693e-01 5.499874221962713916e-01 3.442143165821057726e-01 -1.542210204989109268e-01 -6.048000565418200081e-01
1.775000000000000000e+01 8.123748157902354050e-01 6.800191758996049218e-01 5.453815491348182887e-01 3.396846849405894542e-01 -1.586268935403517544e-01 -6.091722162635150317e-01
1.776666666666666572e+01 8.073524820566552185e-01 6.750589189866439410e-01 5.404823290213177645e-01 3.348664240814146487e-01 -1.633079735175788916e-01 -6.138041601885624310e-01
1.778333333333333144e+01 8.022591158119372068e-01 6.700297757087898542e-01 5.355163201070640699e-01 3.299848327901456768e-01 -1.680432570717584617e-01 -6.184804890646302677e-01
1.779999999999999716e+01 7.971044926997751245e-01 6.649412266285293915e-01 5.304926133290440715e-01 3.250484320364050994e-01 -1.728257285616852656e-01 -6.231959261767529012e-01
1.781666666666666288e+01 7.918845455023192370e-01 6.597889494723331305e-01 5.254066903445422376e-01 3.200524131026573627e-01 -1.776611551628274610e-01 -6.279569339824766505e-01
1.783333333333332860e+01 7.866027696771547006e-01 6.545763606410087698e-01 5.202619697740112903e-01 3.149999103798881150e-01 -1.825466901703417799e-01 -6.327609402760434598e-01
1.784999999999999432e+01 7.812595782050826276e-01 6.493036428512031222e-01 5.150586805660343215e-01 3.098911990434002894e-01 -1.874823594265109805e-01 -6.376081623751288507e-01
1.786666666666667425e+01 7.758566801962434312e-01 6.439725183908910910e-01 5.097984615910556849e-01 3.047277942699560538e-01 -1.924667000751134061e-01 -6.424972865218669948e-01
1.788333333333332575e+01 7.703951457653334112e-01 6.385839736201186501e-01 5.044822671760741395e-01 2.995106195678732819e-01 -1.974987770605947102e-01 -6.474273398074300578e-01
1.790000000000000568e+01 7.648763577623379772e-01 6.331393489822186860e-01 4.991113638731545787e-01 2.942408362750634221e-01 -2.025772918079498108e-01 -6.523969749127214168e-01
1.791666666666667140e+01 7.593013730646458459e-01 6.276397552464031415e-01 4.936868208491398402e-01 2.889196237908284171e-01 -2.077011530131460393e-01 -6.574049992230739381e-01
1.793333333333333712e+01 7.558388762130364702e-01 6.242369967895421423e-01 4.903427363803374850e-01 2.856525474700853384e-01 -2.108424158258778158e-01 -6.605069355094405070e-01
1.795000000000000284e+01 7.524613254644447746e-01 6.209099956301872281e-01 4.870651150561231546e-01 2.824379520651860709e-01 -2.139628979404626652e-01 -6.636116405556627962e-01
1.796666666666666856e+01 7.490912711306899618e-01 6.175845351724400523e-01 4.837831362934242874e-01 2.792105021150834143e-01 -2.171126839994324542e-01 -6.667516261820769508e-01
1.798333333333333428e+01 7.457759216758763632e-01 6.143098873456340758e-01 4.805482949324110797e-01 2.760249820895752659e-01 -2.202285628699581499e-01 -6.698553319532247752e-01
1.800000000000000000e+01 7.424942570298660449e-01 6.110660631781713592e-01 4.773414925310963119e-01 2.728641028825093962e-01 -2.233237402692377360e-01 -6.729323597585271655e-01
1.801666666666666572e+01 7.368528075877396333e-01 6.054791891464035292e-01 4.718093073391710912e-01 2.674073859226128169e-01 -2.286291860831060618e-01 -6.781183094396933120e-01
1.803333333333333144e+01 7.310916604843614719e-01 5.997827106366709904e-01 4.661778687562954659e-01 2.618678500502336082e-01 -2.339743716236595272e-01 -6.833002411254027741e-01
1.804999999999999716e+01 7.252996714230713904e-01 5.940621705692175070e-01 4.605293493577550246e-01 2.563220925854393650e-01 -2.392985828147493055e-01 -6.884364431935019457e-01
1.806666666666666288e+01 7.194238350744466270e-01 5.882622917918280958e-01 4.548064346620004916e-01 2.507094712372917034e-01 -2.446711216633944141e-01 -6.936052725238729399e-01
1.808333333333332860e+01 7.134886078200615156e-01 5.824066891806023438e-01 4.490317532242998344e-01 2.450510205492822391e-01 -2.500748686510683716e-01 -6.987939583395579302e-01
1.809999999999999432e+01 7.073670714614737065e-01 5.763689889334783212e-01 4.430792610829832334e-01 2.392213711079280991e-01 -2.556334909754978679e-01 -7.041242804981365788e-01
1.811666666666667425e+01 7.011776649480276902e-01 5.702668030453249548e-01 4.370658196139598495e-01 2.333360202688887219e-01 -2.612355417840322436e-01 -7.094891502732312283e-01
1.813333333333332575e+01 6.949248188609072896e-01 5.641040711846866396e-01 4.309947629342807951e-01 2.273975685136442604e-01 -2.668803756677993744e-01 -7.148897116333031709e-01
1.815000000000000568e+01 6.886089460865801870e-01 5.578808654676090661e-01 4.248658002709960191e-01 2.214052063646147206e-01 -2.725699768144854707e-01 -7.203287774790787523e-01
1.816666666666667140e+01 6.822322597960791546e-01 5.515992817152565175e-01 4.186808298784405746e-01 2.153604502961127543e-01 -2.783034778501593531e-01 -7.258057631462222492e-01
1.818333333333333712e+01 6.756772271974624822e-01 5.451425494801780403e-01 4.123239961060314873e-01 2.091488324603581195e-01 -2.841914548779591598e-01 -7.314265244793786147e-01
1.820000000000000284e+01 6.690568360619869592e-01 5.386230227651264135e-01 4.059071333828809802e-01 2.028814968622771886e-01 -2.901254943732959890e-01 -7.370854500209708116e-01
1.821666666666666856e+01 6.623768381427340701e-01 5.320462786939295086e-01 3.994355146983391003e-01 1.965631976800251979e-01 -2.961017335238999015e-01 -7.427797538302115532e-01
1.823333333333333428e+01 6.556359166783189973e-01 5.254108451647874212e-01 3.929075311825107608e-01 1.901919996349886177e-01 -3.021227222035185456e-01 -7.485123636080605047e-01
1.825000000000000000e+01 6.488364490287206188e-01 5.187190289192723514e-01 3.863253633235188000e-01 1.837700777107676431e-01 -3.081866190054772248e-01 -7.542816141411665676e-01
1.826666666666666572e+01 6.418611083902683312e-01 5.118542139662716206e-01 3.795735516172106805e-01 1.771831594612160443e-01 -3.144032817029045468e-01 -7.601924018607874034e-01
1.828333333333333144e+01 6.348219827307530760e-01 5.049283716456572924e-01 3.727631804297097395e-01 1.705418543383649954e-01 -3.206644791568099562e-01 -7.661393523000659123e-01
1.829999999999999716e+01 6.277247202795159797e-01 4.979466802053936214e-01 3.658994596419347656e-01 1.638508998600028688e-01 -3.269663353725255628e-01 -7.721196310733478008e-01
1.831666666666666288e+01 6.205679674667085033e-01 4.909076686233106446e-01 3.589807798182708676e-01 1.571084892707967362e-01 -3.333113376269497552e-01 -7.781357078456031529e-01
1.833333333333332860e+01 6.133539920984527605e-01 4.838136443206314530e-01 3.520092686273494920e-01 1.503166707164656224e-01 -3.396973694929600329e-01 -7.841860727717739898e-01
1.834999999999999432e+01 6.060837151349162122e-01 4.766654304141297316e-01 3.449857359622077180e-01 1.434761124883703609e-01 -3.461240255298558277e-01 -7.902701284934293691e-01
1.836666666666667425e+01 5.987586292534514687e-01 4.694643997547896519e-01 3.379115118909764015e-01 1.365881839660743335e-01 -3.525898966399239609e-01 -7.963862408756123834e-01
1.838333333333332575e+01 5.913798164364758581e-01 4.622117204925697553e-01 3.307876719571678503e-01 1.296539101586534903e-01 -3.590941087853553593e-01 -8.025333821746211127e-01
1.840000000000000568e+01 5.839486013573065293e-01 4.549085613327963351e-01 3.236154693355792755e-01 1.226744317092485215e-01 -3.656352296137059255e-01 -8.087103934263885074e-01
1.841666666666667140e+01 5.764660165523776136e-01 4.475560604687427446e-01 3.163960010129408529e-01 1.156510201805771298e-01 -3.722121007205887455e-01 -8.149158396538285221e-01
1.843333333333333712e+01 5.689333826825397900e-01 4.401554813959676071e-01 3.091305339461057344e-01 1.085847895298659854e-01 -3.788236553043140553e-01 -8.211484965575012174e-01
1.845000000000000284e+01 5.613517697765860737e-01 4.327079277575970329e-01 3.018201563511601626e-01 1.014769642147911599e-01 -3.854686509049769505e-01 -8.274069207651427726e-01
1.846666666666666856e+01 5.537224104220981324e-01 4.252146101765510444e-01 2.944660364286509346e-01 9.432877699215583278e-02 -3.921458642999168798e-01 -8.336894938780146092e-01
1.848333333333333428e+01 5.460463963841866164e-01 4.176766151253186177e-01 2.870694541737358052e-01 8.714133248891520189e-02 -3.988538312875332115e-01 -8.399947909187671646e-01
1.850000000000000000e+01 5.383248831220496244e-01 4.100952295787037571e-01 2.796315932572194241e-01 7.991572481778694281e-02 -4.055913963206191353e-01 -8.463217294813392133e-01
1.851666666666666572e+01 5.314875018882961877e-01 4.033917923275859296e-01 2.730653046505020498e-01 7.355168818670652919e-02 -4.114956484326015573e-01 -8.518460656882033133e-01
1.853333333333333144e+01 5.246662748192315595e-01 3.967015224065343348e-01 2.665091195553963010e-01 6.719339354017747623e-02 -4.174044243332198367e-01 -8.573830237356679929e-01
1.854999999999999716e+01 5.178255135039249168e-01 3.899902919715076410e-01 2.599306451034740784e-01 6.081070383542942076e-02 -4.233400680446312014e-01 -8.629458313669118308e-01
1.856666666666666288e+01 5.109872712175790310e-01 3.832809672937966816e-01 2.533536410150167284e-01 5.442925475377725919e-02 -4.292733906660601839e-01 -8.685013852844308824e-01
1.858333333333332860e+01 5.041428858924610346e-01 3.765654016734710785e-01 2.467705134404410972e-01 4.804203070611541559e-02 -4.352094044506609194e-01 -8.740528832057381514e-01
1.859999999999999432e+01 4.878494074307616613e-01 3.604841640488246624e-01 2.309091589203447481e-01 3.251707879614323948e-02 -4.499009881542248013e-01 -8.879567161604997594e-01
1.861666666666667425e+01 4.709538877609784069e-01 3.438539435018110879e-01 2.145536742014411691e-01 1.658275884390983390e-02 -4.647978396969157933e-01 -9.018971961492139311e-01
1.863333333333332575e+01 4.538461826512120156e-01 3.270495950249103778e-01 1.980623482370217070e-01 5.702525268126489933e-04 -4.796478366766534496e-01 -9.157102824877388914e-01
1.865000000000000568e+01 4.363197618256950405e-01 3.098546647342601545e-01 1.812088471038043602e-01 -1.576374768957913147e-02 -4.947377672858416786e-01 -9.297113562687449040e-01
1.866666666666667140e+01 4.184780359116730963e-01 2.923686903639888257e-01 1.640871554328894866e-01 -3.233392913303557298e-02 -5.099976834030125472e-01 -9.438388201664151822e-01
1.868333333333333712e+01 4.172339843854428465e-01 2.913449598364436510e-01 1.632859135778483017e-01 -3.281370667848181738e-02 -5.098048444987157701e-01 -9.432144966265570973e-01
1.870000000000000284e+01 4.167147944802718773e-01 2.909654587052020736e-01 1.630464082277709170e-01 -3.286011388129576188e-02 -5.094953762693764654e-01 -9.427714228198585955e-01
1.871666666666666856e+01 4.162404778528116522e-01 2.905797259460972670e-01 1.627485935808476725e-01 -3.304212156857243982e-02 -5.094983346248005418e-01 -9.427769724031926923e-01
1.873333333333333428e+01 4.162220156991869868e-01 2.906146056765714358e-01 1.628362309000409847e-01 -3.289101054755387554e-02 -5.092777400482537686e-01 -9.426267348668391222e-01
1.875000000000000000e+01 4.164954659002431114e-01 2.909137304592074869e-01 1.631606423050982468e-01 -3.254163739023947788e-02 -5.089340154524986115e-01 -9.423816904402815275e-01
1.876666666666666572e+01 4.058261414857588512e-01 2.803529713951878333e-01 1.527125917257722287e-01 -4.282136464951334653e-02 -5.188076046262265484e-01 -9.518777789517354204e-01
1.878333333333333144e+01 3.947299286341404145e-01 2.694137727735356203e-01 1.419364231887178252e-01 -5.334894455637521210e-02 -5.287241253196017787e-01 -9.612061660366667537e-01
1.879999999999999716e+01 3.836917968763423614e-01 2.585635535454430811e-01 1.312811721251970765e-01 -6.370692590327471649e-02 -5.383536657849750107e-01 -9.701397082163958352e-01
1.881666666666666288e+01 3.724276948805674281e-01 2.475082566013877550e-01 1.204416641384469661e-01 -7.421769925089607978e-02 -5.480610033402485426e-01 -9.790868960928009734e-01
1.883333333333332860e+01 3.610559459367277957e-01 2.363607081343522542e-01 1.095260995730659992e-01 -8.478064165638021787e-02 -5.577624799853388993e-01 -9.879878234108878665e-01
1.884999999999999432e+01 3.551229765120858528e-01 2.306123921668647714e-01 1.039677301536978404e-01 -9.005410799578913994e-02 -5.623641597888839883e-01 -9.920069521132557355e-01
1.886666666666667425e+01 3.494200548417938923e-01 2.250713277641160914e-01 9.859344584987425608e-02 -9.517945897831607549e-02 -5.669081583768367238e-01 -9.960611974918885947e-01
1.888333333333332575e+01 3.437054873869160310e-01 2.195051115464478897e-01 9.318040088986473402e-02 -1.003638967028301493e-01 -5.715589666399659707e-01 -1.000262033091195546e+00
1.890000000000000568e+01 3.381248707607047987e-01 2.140640020472439897e-01 8.788363240138896693e-02 -1.054450586226948067e-01 -5.761335413785004800e-01 -1.004405022645322942e+00
1.891666666666667140e+01 3.326206133976574719e-01 2.086927794170137240e-01 8.265042943140647747e-02 -1.104716417052824390e-01 -5.806706807157784311e-01 -1.008517387966044065e+00
1.893333333333333712e+01 3.272159296601818701e-01 2.034162242424901179e-01 7.750693401652497538e-02 -1.154151921443939272e-01 -5.851365060036325394e-01 -1.012557924940279630e+00
1.895000000000000284e+01 3.218972976296705646e-01 1.982217701010624555e-01 7.244169190888982701e-02 -1.202853301256736895e-01 -5.895359676412443850e-01 -1.016528379270278837e+00
1.896666666666666856e+01 3.166681721988604536e-01 1.931135858218728241e-01 6.745968957017579870e-02 -1.250759844404427945e-01 -5.938601146387869623e-01 -1.020418222024228827e+00
1.898333333333333428e+01 3.115237828552855359e-01 1.880875365069936134e-01 6.255744826026235494e-02 -1.297899346444392754e-01 -5.981100636559670836e-01 -1.024227724049681543e+00
1.900000000000000000e+01 3.064638592958453533e-01 1.831437028341799389e-01 5.773539132911689742e-02 -1.344261050693701942e-01 -6.022836921653645925e-01 -1.027954777838334000e+00
1.901666666666666572e+01 3.014862090778868686e-01 1.782801601355511745e-01 5.299179198362029969e-02 -1.389856980752593174e-01 -6.063814875439402785e-01 -1.031600008638751786e+00
1.903333333333333144e+01 2.965898514725772150e-01 1.734962098380292139e-01 4.832622913101398271e-02 -1.434688943203425160e-01 -6.104032536608370307e-01 -1.035163560734976285e+00
1.904999999999999716e+01 2.917734396721131107e-01 1.687907275422736164e-01 4.373775014365614139e-02 -1.478764558083781600e-01 -6.143494979614001483e-01 -1.038646442074573129e+00
1.906666666666666288e+01 2.870358749304970369e-01 1.641627464580739659e-01 3.922551566867954476e-02 -1.522090959805677546e-01 -6.182206499450557668e-01 -1.042049731898618159e+00
1.908333333333332860e+01 2.823761130472223213e-01 1.596112906647079166e-01 3.478872244196499347e-02 -1.564675323820114983e-01 -6.220174022170925632e-01 -1.045374511391363503e+00
1.909999999999999432e+01 2.777932024835255698e-01 1.551355063563062964e-01 3.042654587044956588e-02 -1.606524393524899896e-01 -6.257405416961676625e-01 -1.048621941382271050e+00
1.911666666666667425e+01 2.732861541043780651e-01 1.507345009972327898e-01 2.613809511013451617e-02 -1.647645459516459132e-01 -6.293908573965113495e-01 -1.051793218964217180e+00
1.913333333333332575e+01 2.688540080109624308e-01 1.464073549216557690e-01 2.192255309952966316e-02 -1.688046287521844102e-01 -6.329691686234814041e-01 -1.054889678118170027e+00
1.915000000000000568e+01 2.644957799769340201e-01 1.421531637375180457e-01 1.777910412943733975e-02 -1.727735311366206117e-01 -6.364764215134767200e-01 -1.057912700135546391e+00
1.916666666666667140e+01 2.602104803856628568e-01 1.379710215802766871e-01 1.370688214125763936e-02 -1.766720969842773270e-01 -6.399135361310646086e-01 -1.060863645952768941e+00
1.918333333333333712e+01 2.559971808892765321e-01 1.338599880794283936e-01 9.704990149033556474e-03 -1.805011920043420037e-01 -6.432815018553988962e-01 -1.063743830959165804e+00
1.920000000000000284e+01 2.518549286798283382e-01 1.298191158344349228e-01 5.772504843884401077e-03 -1.842617218927969647e-01 -6.465812945499517239e-01 -1.066554718756332010e+00
1.921666666666666856e+01 2.477827177334760156e-01 1.258474663348515266e-01 1.908475275623848369e-03 -1.879546000207872603e-01 -6.498139886821148181e-01 -1.069297708883376163e+00
1.923333333333333428e+01 2.437795502718750895e-01 1.219440917846743855e-01 -1.888035026667206134e-03 -1.915807528752500044e-01 -6.529806482463273998e-01 -1.071974095290647577e+00
1.925000000000000000e+01 2.398444212470565995e-01 1.181080255242104443e-01 -5.617972959824689069e-03 -1.951411439753498178e-01 -6.560823690859378665e-01 -1.074585326046398892e+00
1.926666666666666572e+01 2.359763239386148959e-01 1.143382760043245017e-01 -9.282316241208430491e-03 -1.986367417566346216e-01 -6.591202330831457123e-01 -1.077132862991033502e+00
1.928333333333333144e+01 2.321742611399990608e-01 1.106338571253389497e-01 -1.288204273320348210e-02 -2.020685248748635143e-01 -6.620953246759258004e-01 -1.079617967380828158e+00
1.929999999999999716e+01 2.284372352030057951e-01 1.069937719227419121e-01 -1.641812958019247745e-02 -2.054374817240033901e-01 -6.650087715004404654e-01 -1.082042198214361761e+00
1.931666666666666288e+01 2.247642211618148533e-01 1.034170071965682947e-01 -1.989156113837327669e-02 -2.087446331149767076e-01 -6.678617168821687766e-01 -1.084406811394732495e+00
1.933333333333332860e+01 2.211541913935639869e-01 9.990254588778153810e-02 -2.330332368575233765e-02 -2.119909597702055726e-01 -6.706553344339069023e-01 -1.086713182730786986e+00
1.934999999999999432e+01 2.176061491309685403e-01 9.644937356926994165e-02 -2.665442119818022329e-02 -2.151774928395784880e-01 -6.733907352037956651e-01 -1.088962502431127355e+00
1.936666666666667425e+01 2.141190997897206849e-01 9.305650986855595885e-02 -2.994586904106251099e-02 -2.183052709669570379e-01 -6.760689576134080170e-01 -1.091156278498398136e+00
1.938333333333332575e+01 2.106920381106046902e-01 8.972297548205360185e-02 -3.317868662178644762e-02 -2.213752530258352447e-01 -6.786911317718208325e-01 -1.093295747223931969e+00
1.940000000000000568e+01 2.073239543375612337e-01 8.644777034418126005e-02 -3.635384072409179185e-02 -2.243884094338307877e-01 -6.812584076655395782e-01 -1.095382270750292486e+00
1.941666666666667140e+01 2.040138406479856947e-01 8.322991489306059976e-02 -3.947232327812965486e-02 -2.273457934346933274e-01 -6.837718960023627668e-01 -1.097417054688686999e+00
1.943333333333333712e+01 2.007607067888940999e-01 8.006841543896323077e-02 -4.253513481190022982e-02 -2.302484680851379084e-01 -6.862325982399068991e-01 -1.099401360383745363e+00
1.945000000000000284e+01 1.975635868772111781e-01 7.696226976484055182e-02 -4.554322255420773652e-02 -2.330973858059247616e-01 -6.886416036699388732e-01 -1.101336354442815857e+00
1.946666666666666856e+01 1.944215108131872038e-01 7.391052389778209053e-02 -4.849752788372787421e-02 -2.358934432478290710e-01 -6.910000076680828940e-01 -1.103222800535833992e+00
1.948333333333333428e+01 1.913335008339081267e-01 7.091223196213324032e-02 -5.139903833403967892e-02 -2.386376156004151317e-01 -6.933088970733103373e-01 -1.105062314412013302e+00
1.950000000000000000e+01 1.882986022711947427e-01 6.796642924700711796e-02 -5.424875583128602879e-02 -2.413309313540551726e-01 -6.955691953473853717e-01 -1.106855612007224599e+00
1.951666666666666572e+01 1.853158845864381066e-01 6.507215911349738258e-02 -5.704762813379894021e-02 -2.439743837387437775e-01 -6.977819419653465971e-01 -1.108602699453918428e+00
1.953333333333333144e+01 1.823844188267826627e-01 6.222850613410180198e-02 -5.979653724186457381e-02 -2.465688818535153037e-01 -6.999482199784867742e-01 -1.110304181592371542e+00
1.954999999999999716e+01 1.795032931833367151e-01 5.943458575008707390e-02 -6.249636164699387542e-02 -2.491152899543846722e-01 -7.020689557256363234e-01 -1.111966802493020934e+00
1.956666666666666288e+01 1.766715985345041207e-01 5.668949592151033973e-02 -6.514802670994256084e-02 -2.516145062826917189e-01 -7.041451255274575605e-01 -1.113602755671134981e+00
1.958333333333332860e+01 1.738884452497702904e-01 5.399230081019917166e-02 -6.775246961295190717e-02 -2.540674589993945354e-01 -7.061776234938775820e-01 -1.115190157692809825e+00
1.959999999999999432e+01 1.711529417653495644e-01 5.134208864058878441e-02 -7.031060626427031168e-02 -2.564750992119941286e-01 -7.081674404566947745e-01 -1.116735839106109740e+00
1.961666666666667425e+01 1.684641825484518574e-01 4.873801167247145821e-02 -7.282327846884391331e-02 -2.588383195280076210e-01 -7.101155168003734364e-01 -1.118244203037908502e+00
1.963333333333332575e+01 1.658213152461021356e-01 4.617925136786470153e-02 -7.529127466297502735e-02 -2.611579295829432601e-01 -7.120227450000631286e-01 -1.119713703002052752e+00
1.965000000000000568e+01 1.632235466021126347e-01 4.366499209254946084e-02 -7.771541466102908913e-02 -2.634347266737656068e-01 -7.138899773668337945e-01 -1.121146918823519689e+00
1.966666666666667140e+01 1.606700718285425655e-01 4.119440115503253397e-02 -8.009656473827923839e-02 -2.656695317321347560e-01 -7.157180951255085466e-01 -1.122544362422114084e+00
1.968333333333333712e+01 1.581600484030151743e-01 3.876661652819462373e-02 -8.243559902725274002e-02 -2.678631890697830698e-01 -7.175079405070656779e-01 -1.123907065003187045e+00
1.970000000000000284e+01 1.556926389082184670e-01 3.638079494608841696e-02 -8.473333269834665282e-02 -2.700165575491150216e-01 -7.192603638727583792e-01 -1.125235935271292620e+00
1.971666666666666856e+01 1.532670446807580522e-01 3.403616963106233240e-02 -8.699050967852789418e-02 -2.721304196526215802e-01 -7.209761369609146708e-01 -1.126531788127301814e+00
1.973333333333333428e+01 1.508825030570504766e-01 3.173202746302095090e-02 -8.920785503134226468e-02 -2.742055121898981374e-01 -7.226560814104682207e-01 -1.127795493788587677e+00
1.975000000000000000e+01 1.485382736145080818e-01 2.946764238725777321e-02 -9.138610593146516414e-02 -2.762425833065917380e-01 -7.243009889691115477e-01 -1.129027840330525390e+00
1.976666666666666572e+01 1.462336266314820388e-01 2.724226038666206773e-02 -9.352600717196105085e-02 -2.782423646177389354e-01 -7.259115900085209017e-01 -1.130229615304614965e+00
1.978333333333333144e+01 1.439678437813071143e-01 2.505512788830516202e-02 -9.562830734104448005e-02 -2.802055790125981272e-01 -7.274886495627903571e-01 -1.131401591326117062e+00
1.979999999999999716e+01 1.417402020503943094e-01 2.290549645274135224e-02 -9.769377200155955621e-02 -2.821329433828319577e-01 -7.290328992574476308e-01 -1.132544513312641943e+00
1.981666666666666288e+01 1.395499592102283082e-01 2.079262905006977122e-02 -9.972312625221324556e-02 -2.840251875767879630e-01 -7.305450470916444727e-01 -1.133659104941454610e+00
1.983333333333332860e+01 1.373963890279493449e-01 1.871583207969324675e-02 -1.017170372435446529e-01 -2.858830351644450762e-01 -7.320257331298880565e-01 -1.134746082884446672e+00
1.984999999999999432e+01 1.352788124335659870e-01 1.667445995639699197e-02 -1.036761522524195234e-01 -2.877071531601578802e-01 -7.334756615901716348e-01 -1.135806136800824540e+00
1.986666666666667425e+01 1.331965780074298444e-01 1.466789241512222487e-02 -1.056011094137149636e-01 -2.894981651108715082e-01 -7.348955138992606662e-01 -1.136839943939724540e+00
1.988333333333332575e+01 1.311490511325206221e-01 1.269549693593589879e-02 -1.074925475337516895e-01 -2.912566995842307827e-01 -7.362858885316304614e-01 -1.137848157957908501e+00
1.990000000000000568e+01 1.291356155117226456e-01 1.075662045889492525e-02 -1.093511023649075126e-01 -2.929833867214431398e-01 -7.376474384416726870e-01 -1.138831406885492559e+00
1.991666666666667140e+01 1.271556512330936362e-01 8.850622569170797996e-03 -1.111774097555445345e-01 -2.946788585782880165e-01 -7.389807241102788193e-01 -1.139790331169640236e+00
1.993333333333333712e+01 1.252085276960478166e-01 6.976874141230797119e-03 -1.129721070219138063e-01 -2.963437346365639935e-01 -7.402863986718868361e-01 -1.140725530712433544e+00
1.995000000000000284e+01 1.232936267387286927e-01 5.134745637550543196e-03 -1.147358142832314576e-01 -2.979786219541185610e-01 -7.415650696472155801e-01 -1.141637591769184779e+00
1.996666666666666856e+01 1.214103436064722791e-01 3.323629454568180226e-03 -1.164691225543525860e-01 -2.995840979244981384e-01 -7.428174004739875880e-01 -1.142527106327952735e+00
1.998333333333333428e+01 1.195580741918390449e-01 1.542954347141193422e-03 -1.181725877117521667e-01 -3.011607241299938398e-01 -7.440439923217925244e-01 -1.143394623900358509e+00
2.000000000000000000e+01 1.177362332641070791e-01 -2.078238198981415051e-04 -1.198467465305518981e-01 -3.027090523222666918e-01 -7.452451584767205706e-01 -1.144240697646777827e+00
2.001666666666666572e+01 1.159442709214474204e-01 -1.929235956178915190e-03 -1.214921439671726444e-01 -3.042296349884784923e-01 -7.464214990253577042e-01 -1.145065865702025398e+00
2.003333333333333144e+01 1.141816535011216938e-01 -3.621812328572747864e-03 -1.231093215649907285e-01 -3.057230070929131127e-01 -7.475736212859255270e-01 -1.145870643152689716e+00
2.004999999999999716e+01 1.124478600983862819e-01 -5.286086170923107869e-03 -1.246988029833280415e-01 -3.071896899845359408e-01 -7.487018981883647450e-01 -1.146655550091190578e+00
2.006666666666666288e+01 1.107423868157257629e-01 -6.922582990713499994e-03 -1.262611058466966418e-01 -3.086301975208949333e-01 -7.498064403080346718e-01 -1.147421083370191885e+00
2.008333333333332860e+01 1.090647263630655367e-01 -8.531815947055709781e-03 -1.277967473736359993e-01 -3.100450408823274273e-01 -7.508890269047759913e-01 -1.148167722694822146e+00
2.009999999999999432e+01 1.074143694780652358e-01 -1.011429401126310093e-02 -1.293062444595586280e-01 -3.114347151313939244e-01 -7.519481393579191542e-01 -1.148895940186196452e+00
2.011666666666667425e+01 1.057908180644263896e-01 -1.167052422481873117e-02 -1.307901002276144198e-01 -3.127996943265849983e-01 -7.529853497103173865e-01 -1.149606201067091993e+00
2.013333333333332575e+01 1.041935769650812471e-01 -1.320100506774085983e-02 -1.322487871431026474e-01 -3.141404449398666476e-01 -7.540005729572554216e-01 -1.150298953919618228e+00
2.015000000000000568e+01 1.026221549430084978e-01 -1.470621818641184263e-02 -1.336827606595225593e-01 -3.154574258660285402e-01 -7.549918668797312993e-01 -1.150974635031915216e+00
2.016666666666667140e+01 1.010760786895721075e-01 -1.618662047490221356e-02 -1.350924658990503013e-01 -3.167510922176907107e-01 -7.559746930365517370e-01 -1.151633675356333875e+00
2.018333333333333712e+01 9.955488984648105943e-02 -1.764264538607627358e-02 -1.364783438810222571e-01 -3.180218801088491309e-01 -7.569376990772020974e-01 -1.152276484777066123e+00
2.020000000000000284e+01 9.805813369965310500e-02 -1.907471882432782914e-02 -1.378408374075432707e-01 -3.192702306074284846e-01 -7.578777509397413015e-01 -1.152903469101976608e+00
2.021666666666666856e+01 9.658536616770432848e-02 -2.048326908161868937e-02 -1.391803756269231473e-01 -3.204965689489412961e-01 -7.587986352907624132e-01 -1.153515024384893506e+00
2.023333333333333428e+01 9.513616242638525677e-02 -2.186872155249641736e-02 -1.404973750301003188e-01 -3.217013134100752958e-01 -7.597001608230113945e-01 -1.154111530491986448e+00
2.025000000000000000e+01 9.371011252877194109e-02 -2.323149397444506867e-02 -1.417922486999416976e-01 -3.228848690145333378e-01 -7.605828852900090586e-01 -1.154693365040220465e+00
2.026666666666666572e+01 9.230681688440196819e-02 -2.457199123508104974e-02 -1.430654060464866817e-01 -3.240476257903772139e-01 -7.614474236587770450e-01 -1.155260893481252937e+00
2.028333333333333144e+01 9.092588332229702142e-02 -2.589061171316856327e-02 -1.443172539034139057e-01 -3.251899701617049221e-01 -7.622942294836813071e-01 -1.155814471456167114e+00
2.029999999999999716e+01 8.956692323054725458e-02 -2.718775044366835564e-02 -1.455481904178864971e-01 -3.263122837534576104e-01 -7.631236933843705827e-01 -1.156354446783486978e+00
2.031666666666666288e+01 8.822955042226890421e-02 -2.846379300525028744e-02 -1.467585932837963403e-01 -3.274149407025693237e-01 -7.639362473102201401e-01 -1.156881155579677189e+00
2.033333333333332860e+01 8.691338256695149700e-02 -2.971911904019945705e-02 -1.479488184528154893e-01 -3.284983076468701579e-01 -7.647322509993981221e-01 -1.157394927011333063e+00
2.034999999999999432e+01 8.561804476064754921e-02 -3.095410735377903191e-02 -1.491192285596071587e-01 -3.295627430864823126e-01 -7.655120684441594214e-01 -1.157896082745188959e+00
2.036666666666667425e+01 8.434317097260767004e-02 -3.216913164812015835e-02 -1.502701763269845003e-01 -3.306086173706382914e-01 -7.662760483753623397e-01 -1.158384936451921865e+00
2.038333333333332575e+01 8.308840138604910164e-02 -3.336455460273396456e-02 -1.514020133330872819e-01 -3.316362721189930474e-01 -7.670245276235180265e-01 -1.158861794097888254e+00
2.040000000000000568e+01 8.185338198972340329e-02 -3.454072069136944478e-02 -1.525150860018998356e-01 -3.326460312890932580e-01 -7.677578420304070894e-01 -1.159326954900133266e+00
2.041666666666667140e+01 8.063776697078427202e-02 -3.569795520055583232e-02 -1.536097281839226836e-01 -3.336382212663650537e-01 -7.684763139190534664e-01 -1.159780706951532459e+00
2.043333333333333712e+01 7.944121848177168599e-02 -3.683657309605231633e-02 -1.546862689581669503e-01 -3.346131702277875264e-01 -7.691802512969627692e-01 -1.160223330700988820e+00
2.045000000000000284e+01 7.826340475750850900e-02 -3.795689846053313526e-02 -1.557450280584248836e-01 -3.355711769135350520e-01 -7.698699540987768986e-01 -1.160655103350858752e+00
2.046666666666666856e+01 7.710399878296583798e-02 -3.905925754891157592e-02 -1.567863211368056842e-01 -3.365125613944524585e-01 -7.705457210552771885e-01 -1.161076293752948407e+00
2.048333333333333428e+01 7.596267819585365844e-02 -4.014396441485739569e-02 -1.578104693559036487e-01 -3.374376286264342273e-01 -7.712078408471578772e-01 -1.161487165428628954e+00
2.050000000000000000e+01 7.483912749845975099e-02 -4.121132460184290247e-02 -1.588177874200186190e-01 -3.383466834887984831e-01 -7.718565975416837865e-01 -1.161887972984188222e+00
2.051666666666666572e+01 7.373304021730676949e-02 -4.226163679932375128e-02 -1.598085725165270810e-01 -3.392400278124795276e-01 -7.724922703425288750e-01 -1.162278962250175018e+00
2.053333333333333144e+01 7.264412035552213209e-02 -4.329519474962637005e-02 -1.607831078102376632e-01 -3.401179456208240914e-01 -7.731151344121751645e-01 -1.162660377108747589e+00
2.054999999999999716e+01 7.157208221308920815e-02 -4.431228784731724296e-02 -1.617416701028155102e-01 -3.409807129129763803e-01 -7.737254512305140608e-01 -1.163032454932393822e+00
2.056666666666666288e+01 7.051664563790996376e-02 -4.531320080229490205e-02 -1.626845371235189630e-01 -3.418286019466376113e-01 -7.743234730792962761e-01 -1.163395425952075568e+00
2.058333333333332860e+01 6.947753184024337003e-02 -4.629821325239206337e-02 -1.636119849903756585e-01 -3.426618841502280244e-01 -7.749094581345449262e-01 -1.163749515311344407e+00
2.059999999999999432e+01 6.845446487766188026e-02 -4.726760161326245407e-02 -1.645242829634351034e-01 -3.434808221902835856e-01 -7.754836601143888508e-01 -1.164094942020963641e+00
2.061666666666667425e+01 6.744717445299297509e-02 -4.822164076172695546e-02 -1.654216956914147940e-01 -3.442856749931661464e-01 -7.760463178586822774e-01 -1.164431919664733028e+00
2.063333333333332575e+01 6.645539685592163903e-02 -4.916060238428294343e-02 -1.663044831416261304e-01 -3.450766623846287517e-01 -7.765976653681396780e-01 -1.164760656289814955e+00
2.065000000000000568e+01 6.547887459991583170e-02 -5.008474743084322112e-02 -1.671728971693774435e-01 -3.458540832859642311e-01 -7.771379346278308731e-01 -1.165081355178436473e+00
2.066666666666667140e+01 6.451735442012436483e-02 -5.099432389875768051e-02 -1.680271938960653799e-01 -3.466181682914669659e-01 -7.776673522196199118e-01 -1.165394214646741977e+00
2.068333333333333712e+01 6.357058560400040415e-02 -5.188957025781251037e-02 -1.688676168240512421e-01 -3.473691053698553799e-01 -7.781861422330073053e-01 -1.165699427423138257e+00
2.070000000000000284e+01 6.263832161865065529e-02 -5.277072173545081790e-02 -1.696944096366552468e-01 -3.481071943477057617e-01 -7.786945232790034588e-01 -1.165997181821368356e+00
2.071666666666666856e+01 6.172032004456171755e-02 -5.363801431845730688e-02 -1.705078150535004333e-01 -3.488326513460343059e-01 -7.791927067702181242e-01 -1.166287661648835350e+00
2.073333333333333428e+01 6.081634316207901181e-02 -5.449168193357011719e-02 -1.713080611433226430e-01 -3.495456843148611603e-01 -7.796808972586385389e-01 -1.166571045903250337e+00
2.075000000000000000e+01 5.992615870586021770e-02 -5.533195367401458342e-02 -1.720953693225779624e-01 -3.502465477762750634e-01 -7.801592998286492886e-01 -1.166847509209624878e+00
2.076666666666666572e+01 5.904953868868228345e-02 -5.615905538517008272e-02 -1.728699542801060973e-01 -3.509354612907708559e-01 -7.806281169640433282e-01 -1.167117221813113837e+00
2.078333333333333144e+01 5.818625914791651643e-02 -5.697321099961042551e-02 -1.736320331138710704e-01 -3.516126315621562748e-01 -7.810875426501285856e-01 -1.167380349632237246e+00
2.079999999999999716e+01 5.733610007391482660e-02 -5.777463962265968339e-02 -1.743818206395997827e-01 -3.522782787612377398e-01 -7.815377663911329265e-01 -1.167637054517918216e+00
2.081666666666666288e+01 5.649884554140087445e-02 -5.856355102191247719e-02 -1.751195236991890947e-01 -3.529325913297529094e-01 -7.819789771201823836e-01 -1.167887494132240800e+00
2.083333333333332860e+01 5.567428392948563232e-02 -5.934015030594982226e-02 -1.758453461576423571e-01 -3.535757760659640203e-01 -7.824113596827714234e-01 -1.168131822298582367e+00
2.084999999999999432e+01 5.486220783246795879e-02 -6.010464274144006191e-02 -1.765594915140269172e-01 -3.542080215308812119e-01 -7.828350937026710143e-01 -1.168370189171906492e+00
2.086666666666667425e+01 5.406241393103943665e-02 -6.085722777050103088e-02 -1.772621591706899091e-01 -3.548295540820612937e-01 -7.832503515695262708e-01 -1.168602741283051527e+00
2.088333333333332575e+01 5.327470263726148680e-02 -6.159810281226610340e-02 -1.779535457416410449e-01 -3.554405646474858571e-01 -7.836573092630623183e-01 -1.168829621449287481e+00
2.090000000000000568e+01 5.249887771343895310e-02 -6.232746449962337648e-02 -1.786338464772829204e-01 -3.560412000293882717e-01 -7.840561316650817014e-01 -1.169050968794394629e+00
2.091666666666667140e+01 5.173474616152209937e-02 -6.304550874617828593e-02 -1.793032523123768429e-01 -3.566316277111867272e-01 -7.844469832750236016e-01 -1.169266919027127649e+00
2.093333333333333712e+01 5.098211826974985428e-02 -6.375242775109497828e-02 -1.799619469643587710e-01 -3.572120791355634650e-01 -7.848300291308206722e-01 -1.169477604741522514e+00
2.095000000000000284e+01 5.024080746835705991e-02 -6.444840632086693000e-02 -1.806101027357256417e-01 -3.577826675262246181e-01 -7.852054274339290707e-01 -1.169664119176561323e+00
2.096666666666666856e+01 4.951062998875530724e-02 -6.513361973691896012e-02 -1.812478973860555398e-01 -3.583435484558649686e-01 -7.855733305780689957e-01 -1.169842104643563419e+00
2.098333333333333428e+01 4.879140491194997042e-02 -6.580823805235958002e-02 -1.818755037244410566e-01 -3.588949285308470349e-01 -7.859338892881306826e-01 -1.170017396271323618e+00
2.100000000000000000e+01 4.808295523755718587e-02 -6.647243084420836889e-02 -1.824930934820220008e-01 -3.594369947095314433e-01 -7.862872553294264488e-01 -1.170188520095685414e+00
2.101666666666666572e+01 4.738510935870684365e-02 -6.712636698723481454e-02 -1.831008272059969633e-01 -3.599699308743804504e-01 -7.866335745709791549e-01 -1.170355880397887516e+00
2.103333333333333144e+01 4.669770057701602001e-02 -6.777021330114928188e-02 -1.836988623598598269e-01 -3.604937001689573761e-01 -7.869729895747596959e-01 -1.170519678926838392e+00
2.104999999999999716e+01 4.602056505714186702e-02 -6.840413348108177749e-02 -1.842873610768779868e-01 -3.610086500191683756e-01 -7.873056375864798673e-01 -1.170679778751281930e+00
2.106666666666666288e+01 4.535354059116314396e-02 -6.902828818527770305e-02 -1.848664836341741002e-01 -3.615150526224850669e-01 -7.876316578681954450e-01 -1.170836534606217283e+00
2.108333333333332860e+01 4.469646695071907011e-02 -6.964283703717073781e-02 -1.854363903682970383e-01 -3.620128796078178612e-01 -7.879511834347133759e-01 -1.170989710177179566e+00
2.109999999999999432e+01 4.404918665225816127e-02 -7.024793724328123878e-02 -1.859972405298912501e-01 -3.625021005243125871e-01 -7.882643429328909379e-01 -1.171139760110706973e+00
2.111666666666667425e+01 4.341154511058261528e-02 -7.084374209034707826e-02 -1.865491851106032550e-01 -3.629830556609920378e-01 -7.885712661761093978e-01 -1.171286303074506430e+00
2.113333333333332575e+01 4.278339043931891905e-02 -7.143040150308085923e-02 -1.870923682330664639e-01 -3.634559833914035587e-01 -7.888720791019901979e-01 -1.171429974733229074e+00
2.115000000000000568e+01 4.216457333565272469e-02 -7.200806305078505387e-02 -1.876269293960720341e-01 -3.639205473732227136e-01 -7.891669030830988918e-01 -1.171570147491882041e+00
2.116666666666667140e+01 4.155494708285820127e-02 -7.257687178057907473e-02 -1.881530091389974069e-01 -3.643771401822188394e-01 -7.894558603937749108e-01 -1.171707773322784973e+00
2.118333333333333712e+01 4.095436756030980396e-02 -7.313696871069101657e-02 -1.886707503646256334e-01 -3.648248440544108462e-01 -7.897390692671384382e-01 -1.171841812564933250e+00
2.120000000000000284e+01 4.036269319514838166e-02 -7.368849285593671861e-02 -1.891802875730633771e-01 -3.652659160136331185e-01 -7.900166437358580040e-01 -1.171973740772624062e+00
2.121666666666666856e+01 3.977978487440885641e-02 -7.423158390145001562e-02 -1.896817532574013865e-01 -3.657014682833204522e-01 -7.902886984160708561e-01 -1.172101830647807041e+00
2.123333333333333428e+01 3.920550589148714266e-02 -7.476638058624579530e-02 -1.901752777330268374e-01 -3.661310151397569324e-01 -7.905553432935802372e-01 -1.172228521246992949e+00
2.125000000000000000e+01 3.863972169545452917e-02 -7.529301780675182187e-02 -1.906609924003372647e-01 -3.665534614507825473e-01 -7.908166872583849427e-01 -1.172350760680778814e+00
2.126666666666666572e+01 3.808229994579864774e-02 -7.581162508548855428e-02 -1.911390110802423381e-01 -3.669684401410123198e-01 -7.910728389965333562e-01 -1.172472792337607705e+00
2.128333333333333144e+01 3.753311055322614692e-02 -7.632232669961286353e-02 -1.916094683363148699e-01 -3.673763131786849101e-01 -7.913238995504936479e-01 -1.172589248803634243e+00
2.129999999999999716e+01 3.699202566297340317e-02 -7.682524197748075157e-02 -1.920724925137707040e-01 -3.677771853181734385e-01 -7.915699707488986769e-01 -1.172707818769876953e+00
2.131666666666666288e+01 3.645891965283012959e-02 -7.732049634844548325e-02 -1.925282088630669575e-01 -3.681712064165981735e-01 -7.918111554209196212e-01 -1.172818373087361143e+00
2.133333333333332860e+01 3.593366909871451020e-02 -7.780821060751998142e-02 -1.929767175740532692e-01 -3.685585335448959832e-01 -7.920475495340095762e-01 -1.172936363790546777e+00
2.134999999999999432e+01 3.541615272683660415e-02 -7.828850337951813454e-02 -1.934181425606995020e-01 -3.689393072874090351e-01 -7.922792485878068502e-01 -1.173040350603244297e+00
2.136666666666667425e+01 3.490625119886804628e-02 -7.876149230272017077e-02 -1.938526058039568567e-01 -3.693136543910796044e-01 -7.925063476149174502e-01 -1.173149032716980900e+00
2.138333333333332575e+01 3.440384697376567408e-02 -7.922729216111659700e-02 -1.942802202812457524e-01 -3.696816923584327341e-01 -7.927289384309131881e-01 -1.173248103012641153e+00
2.140000000000000568e+01 3.390882478585759835e-02 -7.968601710965997342e-02 -1.947010988580258617e-01 -3.700435441435577788e-01 -7.929471131261383032e-01 -1.173353652023252591e+00
2.141666666666667140e+01 3.342107176021148762e-02 -8.013777838465786785e-02 -1.951153472480312012e-01 -3.703993209518347540e-01 -7.931609588279640022e-01 -1.173464661685762467e+00
2.143333333333333712e+01 3.294047626170279464e-02 -8.058268562030458659e-02 -1.955230810547916309e-01 -3.707491338751255916e-01 -7.933705604708233272e-01 -1.173552865680638657e+00
2.145000000000000284e+01 3.246692784620370392e-02 -8.102084724489713730e-02 -1.959244042443306910e-01 -3.710930917853377253e-01 -7.935760045095560100e-01 -1.173662207716418271e+00
2.146666666666666856e+01 3.200031929463811181e-02 -8.145236988577359005e-02 -1.963194163229456113e-01 -3.714312970098228583e-01 -7.937587806911361454e-01 -1.173744021623430056e+00
2.148333333333333428e+01 3.154054645903790755e-02 -8.187735722090537516e-02 -1.967082208035257906e-01 -3.717638495063860793e-01 -7.939338107194503502e-01 -1.173831744794253451e+00
2.150000000000000000e+01 3.108750522225863649e-02 -8.229591347480995356e-02 -1.970909218599653789e-01 -3.720908500794427587e-01 -7.941069496989858756e-01 -1.173919415560512824e+00
2.151666666666666572e+01 3.064109127876903094e-02 -8.270814137050162829e-02 -1.974676150262922592e-01 -3.724123968652562899e-01 -7.942766710497868310e-01 -1.174012037309932310e+00
2.153333333333333144e+01 3.020120326172931122e-02 -8.311414187913276908e-02 -1.978383949166851452e-01 -3.727285832728545190e-01 -7.944433925720223444e-01 -1.174108523277601179e+00
2.154999999999999716e+01 2.976774321764006498e-02 -8.351401408200016807e-02 -1.982033592888597096e-01 -3.730395020070159662e-01 -7.946071891676860233e-01 -1.174183420840850145e+00
2.156666666666666288e+01 2.934061414910844184e-02 -8.390785248365122129e-02 -1.985626077478212792e-01 -3.733452442646840175e-01 -7.947680271304651267e-01 -1.174278958633775405e+00
2.158333333333332860e+01 2.891971952778515237e-02 -8.429574758181407335e-02 -1.989162344831994222e-01 -3.736458984869634459e-01 -7.949260760278060722e-01 -1.174340773258778059e+00
2.159999999999999432e+01 2.850496466017040861e-02 -8.467778853195413735e-02 -1.992643287348200842e-01 -3.739415525815083519e-01 -7.950812579857411411e-01 -1.174416558191606841e+00
2.161666666666667425e+01 2.809625676840615122e-02 -8.505406568830282954e-02 -1.996069629179587912e-01 -3.742322923625120423e-01 -7.952337765077095444e-01 -1.174507991364160286e+00
2.163333333333332575e+01 2.769350437507526672e-02 -8.542466935124269634e-02 -1.999442280310529119e-01 -3.745182014051104402e-01 -7.953835036548925208e-01 -1.174579148585532140e+00
2.165000000000000568e+01 2.729661747871844207e-02 -8.578968813936807547e-02 -2.002762196484008939e-01 -3.747993622534062652e-01 -7.955307057446276975e-01 -1.174659976061498190e+00
2.166666666666667140e+01 2.690550771274720365e-02 -8.614920788570794297e-02 -2.006030316772137168e-01 -3.750758555420552476e-01 -7.956751626964377877e-01 -1.174723873076225056e+00
2.168333333333333712e+01 2.652008812537484314e-02 -8.650331290953230945e-02 -2.009246919533300424e-01 -3.753477604105762144e-01 -7.958172602107345117e-01 -1.174810474653444015e+00
2.170000000000000284e+01 2.614027313386890414e-02 -8.685208629296474470e-02 -2.012413020280994780e-01 -3.756151550314206777e-01 -7.959566151622982089e-01 -1.174852948613352988e+00
2.171666666666666856e+01 2.576597852391851115e-02 -8.719560951869159693e-02 -2.015529723690160646e-01 -3.758781155557793796e-01 -7.960938252850472407e-01 -1.174917450378311523e+00
2.173333333333333428e+01 2.539712137436415940e-02 -8.753396426223426785e-02 -2.018597791134626451e-01 -3.761367166541048079e-01 -7.962282235033952826e-01 -1.175000974943686272e+00
2.175000000000000000e+01 2.503362008047553197e-02 -8.786723257974030088e-02 -2.021618166372295966e-01 -3.763910319903950308e-01 -7.963607865495963001e-01 -1.175061546216493724e+00
2.176666666666666572e+01 2.467539439391681563e-02 -8.819549465086307105e-02 -2.024591336014627818e-01 -3.766411334933941202e-01 -7.964903490952293108e-01 -1.175132086328459780e+00
2.178333333333333144e+01 2.432236539749323828e-02 -8.851883058464099507e-02 -2.027516915437894973e-01 -3.768870917071484583e-01 -7.966185646036810786e-01 -1.175186354093807894e+00
2.179999999999999716e+01 2.397445545115572604e-02 -8.883731860335043751e-02 -2.030397591668509638e-01 -3.771289763981099386e-01 -7.967433819635785230e-01 -1.175263694155104011e+00
2.181666666666666288e+01 2.363158814123850551e-02 -8.915103231436612152e-02 -2.033233561711365323e-01 -3.773668565903956496e-01 -7.968676437808026591e-01 -1.175293415527517205e+00
2.183333333333332860e+01 2.329368823788527040e-02 -8.946004192585219061e-02 -2.036025753695268337e-01 -3.776007993011170627e-01 -7.969877996657815933e-01 -1.175346630965639072e+00
2.184999999999999432e+01 2.296068168194289119e-02 -8.976441702053319927e-02 -2.038772585602707244e-01 -3.778308701213741183e-01 -7.971089448720316550e-01 -1.175422792638331604e+00
2.186666666666667425e+01 2.263249558533533129e-02 -9.006422713446116113e-02 -2.041477037433581665e-01 -3.780571342158604575e-01 -7.972243460730560338e-01 -1.175474689746417667e+00
2.188333333333332575e+01 2.230905821822833091e-02 -9.035954116784797319e-02 -2.044139416726883374e-01 -3.782796553133536688e-01 -7.973441172066354499e-01 -1.175536899572475980e+00
2.190000000000000568e+01 2.199029897824304747e-02 -9.065043045756637774e-02 -2.046760239801482806e-01 -3.784984959200974886e-01 -7.974541749592837236e-01 -1.175581749131990650e+00
2.191666666666667140e+01 2.167614837648810730e-02 -9.093696491341736465e-02 -2.049338103548339340e-01 -3.787137176870155608e-01 -7.975750330813742295e-01 -1.175652011638783856e+00
2.193333333333333712e+01 2.136653801831998184e-02 -9.121920869888183736e-02 -2.051875847664038910e-01 -3.789253814142298782e-01 -7.976739943265305222e-01 -1.175669914017303919e+00
2.195000000000000284e+01 2.106140057868593346e-02 -9.149722471417533198e-02 -2.054372252963762024e-01 -3.791335469123805479e-01 -7.977781551811589100e-01 -1.175714921383796518e+00
2.196666666666666856e+01 2.076066978156787882e-02 -9.177107430201775218e-02 -2.056821747923365529e-01 -3.793194776389413603e-01 -7.978944583220675124e-01 -1.175784078034480817e+00
2.198333333333333428e+01 2.046428039873748536e-02 -9.204082349397571527e-02 -2.059244189338233777e-01 -3.794978776273744137e-01 -7.979976001614688119e-01 -1.175828253558149683e+00
2.200000000000000000e+01 2.017216822983495042e-02 -9.230653707635512462e-02 -2.061632810002623217e-01 -3.796749196707391305e-01 -7.981033558331720457e-01 -1.175883000604530215e+00
2.201666666666666572e+01 1.988427007683473205e-02 -9.256827873548535701e-02 -2.063990174334000283e-01 -3.798489839528040868e-01 -7.981993476509233743e-01 -1.175920537906339325e+00
2.203333333333333144e+01 1.960052371051259831e-02 -9.282610993875874128e-02 -2.066314013487002832e-01 -3.800205333654695927e-01 -7.983057880953196017e-01 -1.175983868432577850e+00
2.204999999999999716e+01 1.932086786928174926e-02 -9.308008835165385020e-02 -2.068600676873024458e-01 -3.801895331196999406e-01 -7.983959137436371645e-01 -1.175992808432037684e+00
2.206666666666666288e+01 1.904524224083281939e-02 -9.333026703609093033e-02 -2.070851198986072561e-01 -3.803560366727873898e-01 -7.985050483452008629e-01 -1.176030275785532986e+00
2.208333333333332860e+01 1.877358744952064423e-02 -9.357670037151208375e-02 -2.073065898944645991e-01 -3.805200856108475471e-01 -7.985778323537235934e-01 -1.176093414188225994e+00
2.209999999999999432e+01 1.850584502686570404e-02 -9.381945314623633958e-02 -2.075245710851519876e-01 -3.806817139046816956e-01 -7.986649423076597198e-01 -1.176130976091171787e+00
2.211666666666667425e+01 1.824195740090476386e-02 -9.405857870761630268e-02 -2.077391126529825605e-01 -3.808409649814292752e-01 -7.987687996921234435e-01 -1.176178995733230481e+00
2.213333333333332575e+01 1.798186788571727937e-02 -9.429412867526777708e-02 -2.079312712136531238e-01 -3.809978660552779117e-01 -7.988569020470881465e-01 -1.176210269634304195e+00
2.215000000000000568e+01 1.772552066720000860e-02 -9.452615954984555646e-02 -2.081154846331831065e-01 -3.811524680102780782e-01 -7.989476953043542773e-01 -1.176245382176992482e+00
2.216666666666667140e+01 1.747286079318901772e-02 -9.475471955918066125e-02 -2.082982718963967139e-01 -3.813047828813162510e-01 -7.990294760535148200e-01 -1.176278149934204542e+00
2.218333333333333712e+01 1.722383415758439382e-02 -9.497986447659861886e-02 -2.084781606188738645e-01 -3.814548821896466269e-01 -7.991216512308799702e-01 -1.176317577878251308e+00
2.220000000000000284e+01 1.697838748706517395e-02 -9.520164551579496370e-02 -2.086555980059055238e-01 -3.816027465366675919e-01 -7.991977604956894687e-01 -1.176363687244838863e+00
2.221666666666666856e+01 1.673646832542579482e-02 -9.542011897117289032e-02 -2.088305410906944604e-01 -3.817484871787607537e-01 -7.992934959516648785e-01 -1.176389781714347382e+00
2.223333333333333428e+01 1.649802501730021978e-02 -9.563533595167285351e-02 -2.090030518427448969e-01 -3.818920273338301530e-01 -7.993486486109491196e-01 -1.176437519060215431e+00
2.225000000000000000e+01 1.626300669794342180e-02 -9.582769625369211286e-02 -2.091731653773571398e-01 -3.820335586155926832e-01 -7.994209172318833545e-01 -1.176459969109656223e+00
2.226666666666666572e+01 1.603136327335285410e-02 -9.601270158953044420e-02 -2.093409225707235088e-01 -3.821728974407463952e-01 -7.995128308594837696e-01 -1.176483516724976974e+00
2.228333333333333144e+01 1.580304541258354886e-02 -9.619661408312668582e-02 -2.095063591780791101e-01 -3.823103906085247305e-01 -7.995883043074463181e-01 -1.176511718235075943e+00
2.229999999999999716e+01 1.557800452992129554e-02 -9.637772707309237574e-02 -2.096695121956305974e-01 -3.824456366491202908e-01 -7.996659049425998145e-01 -1.176549233861227117e+00
2.231666666666666288e+01 1.535619277572274760e-02 -9.655643585504936066e-02 -2.098304116492750726e-01 -3.825792949395347975e-01 -7.997351542346310405e-01 -1.176590984972449183e+00
2.233333333333332860e+01 1.513756302501443468e-02 -9.673274459805861203e-02 -2.099890951513636583e-01 -3.827105656898146524e-01 -7.998145192178858220e-01 -1.176611918704145276e+00
2.234999999999999432e+01 1.494202567597638885e-02 -9.690668000179848696e-02 -2.101455910462482202e-01 -3.828407590199024435e-01 -7.998787729554980297e-01 -1.176654694919755384e+00
2.236666666666667425e+01 1.475385491079589037e-02 -9.707831996029060717e-02 -2.102999341808714506e-01 -3.829680803986880155e-01 -7.999620085478399423e-01 -1.176673228208012567e+00
2.238333333333332575e+01 1.456686922140562786e-02 -9.724766133147275116e-02 -2.104521512770157754e-01 -3.830953710545230151e-01 -8.000063758621148713e-01 -1.176691564561976877e+00
2.240000000000000568e+01 1.438260475226458071e-02 -9.741477415323675226e-02 -2.106022770679331080e-01 -3.832186672320798682e-01 -8.000669172371210891e-01 -1.176714114151684365e+00
2.241666666666667140e+01 1.420069303674444290e-02 -9.757965141367105910e-02 -2.107503359858639291e-01 -3.833436007071246987e-01 -8.001464528272083099e-01 -1.176747348006789595e+00
2.243333333333333712e+01 1.402104103837547959e-02 -9.774235787330604053e-02 -2.108963629033000498e-01 -3.834625315655568190e-01 -8.002107792031706301e-01 -1.176785927424037537e+00
2.245000000000000284e+01 1.384372512097709756e-02 -9.790288870818425471e-02 -2.110403808453145125e-01 -3.835855725436634889e-01 -8.002778501976802739e-01 -1.176802107003314335e+00
2.246666666666666856e+01 1.366859515051284564e-02 -9.806130834248580341e-02 -2.111824228736024767e-01 -3.836994824658963577e-01 -8.003360205914257230e-01 -1.176842112390598105e+00
2.248333333333333428e+01 1.349575406235882687e-02 -9.821761554461246047e-02 -2.113225119309940225e-01 -3.838204302025551296e-01 -8.004053607317567209e-01 -1.176855486468396439e+00
2.250000000000000000e+01 1.332504515443036670e-02 -9.837187068460481743e-02 -2.114606791711469147e-01 -3.839292343970028831e-01 -8.004587618070675425e-01 -1.176867918187190609e+00
2.251666666666666572e+01 1.315657404866258859e-02 -9.852406497995234991e-02 -2.115969492114713468e-01 -3.840474310847077355e-01 -8.005324268945698263e-01 -1.176887093816034291e+00
2.253333333333333144e+01 1.299017825640740899e-02 -9.867425911653283921e-02 -2.117313493641414246e-01 -3.841515965335821070e-01 -8.005644863238519093e-01 -1.176917509859052524e+00
2.254999999999999716e+01 1.282597320444210827e-02 -9.882244916181597005e-02 -2.118639080390770646e-01 -3.842669489702793539e-01 -8.006152007979935314e-01 -1.176952213590767071e+00
2.256666666666666288e+01 1.266378188132928628e-02 -9.896869048068153429e-02 -2.119946436916543275e-01 -3.843670741224028964e-01 -8.006858848600795220e-01 -1.176965074414273449e+00
2.258333333333332860e+01 1.250373851853704352e-02 -9.911299322648774168e-02 -2.121235951223737481e-01 -3.844798359878396354e-01 -8.007405837036541962e-01 -1.177001391305464217e+00
2.259999999999999432e+01 1.234564345207736676e-02 -9.925538222297312918e-02 -2.122507657039319484e-01 -3.845761722857741760e-01 -8.007983309195435551e-01 -1.177011771417688202e+00
2.261666666666667425e+01 1.218965898858640449e-02 -9.939586939247124775e-02 -2.123762113128567219e-01 -3.846865242231391480e-01 -8.008475742969649591e-01 -1.177020187590075206e+00
2.263333333333332575e+01 1.203555319072780252e-02 -9.953450659506762888e-02 -2.124999114790389332e-01 -3.847792007720868268e-01 -8.009079487396917330e-01 -1.177035487483988341e+00
2.265000000000000568e+01 1.188352707388891025e-02 -9.967129296577578734e-02 -2.126219533556012453e-01 -3.848873711819885690e-01 -8.009526524626003896e-01 -1.177062927191875996e+00
2.266666666666667140e+01 1.173330566131963910e-02 -9.980628855233354690e-02 -2.127422734316279651e-01 -3.849765558262704945e-01 -8.010177959689612770e-01 -1.177094980587799711e+00
2.268333333333333712e+01 1.158513968799383502e-02 -9.993948403548696957e-02 -2.128610162858331489e-01 -3.850825567714148412e-01 -8.010403648241875008e-01 -1.177104391907659586e+00
2.270000000000000284e+01 1.143869876435167632e-02 -1.000709401611985100e-01 -2.129780397857509722e-01 -3.851683972716711812e-01 -8.010821745930510884e-01 -1.177137950045799464e+00
2.271666666666666856e+01 1.129429874716573155e-02 -1.002006499428882563e-01 -2.130935901297869028e-01 -3.852721670366316964e-01 -8.011446819927069418e-01 -1.177145116967129868e+00
2.273333333333333428e+01 1.115153641818418528e-02 -1.003286323519557849e-01 -2.132073959705884092e-01 -3.853548254162907361e-01 -8.011914838385547633e-01 -1.177150505657573731e+00
2.275000000000000000e+01 1.101081252625352690e-02 -1.004549010304338075e-01 -2.133198772971529322e-01 -3.854563491740017334e-01 -8.012412465116309779e-01 -1.177163101862627403e+00
2.276666666666666572e+01 1.087162747698506432e-02 -1.005795217990802237e-01 -2.134305291105502156e-01 -3.855359984999974232e-01 -8.012826199830435092e-01 -1.177187711034357820e+00
2.278333333333333144e+01 1.073449221444179938e-02 -1.007025023802842756e-01 -2.135400853043674108e-01 -3.856352464415963022e-01 -8.013351690285395179e-01 -1.177216960429825710e+00
2.279999999999999716e+01 1.059878507479710893e-02 -1.008238947751182585e-01 -2.136476447651951549e-01 -3.857120315771696006e-01 -8.013724655242746575e-01 -1.177223914333419774e+00
2.281666666666666288e+01 1.046515655973782009e-02 -1.009435897240273106e-01 -2.137544810124382966e-01 -3.858089936440632917e-01 -8.014299152872118581e-01 -1.177255008824617200e+00
2.283333333333332860e+01 1.033283094840798354e-02 -1.010617647368689670e-01 -2.138589770547360269e-01 -3.858830355959992908e-01 -8.014455258893823375e-01 -1.177259601173122228e+00
2.284999999999999432e+01 1.020263016976434046e-02 -1.011783334850581001e-01 -2.139633429540426790e-01 -3.859777281283551797e-01 -8.014803034415413086e-01 -1.177261816567462649e+00
2.286666666666667425e+01 1.007358853523273277e-02 -1.012933754481411958e-01 -2.140647798675394120e-01 -3.860491358342912349e-01 -8.015354904765108479e-01 -1.177271941346017536e+00
2.288333333333332575e+01 9.946737585198388645e-03 -1.014068946139611849e-01 -2.141669309099728524e-01 -3.861415942504350940e-01 -8.015753318185064868e-01 -1.177294499557235863e+00
2.290000000000000568e+01 9.820891700315090636e-03 -1.015188791818940200e-01 -2.142652194569843460e-01 -3.862104693641977282e-01 -8.016186332232188017e-01 -1.177321459376852175e+00
2.291666666666667140e+01 9.697320935917665141e-03 -1.016293505872934572e-01 -2.143652427109789815e-01 -3.863007437013551426e-01 -8.016532871208280620e-01 -1.177326102190885182e+00
2.293333333333333712e+01 9.574578486506640784e-03 -1.017383910062497343e-01 -2.144602914703473417e-01 -3.863671759859720889e-01 -8.016997978186007900e-01 -1.177354834396469485e+00
2.295000000000000284e+01 9.454231315342655206e-03 -1.018458754547023060e-01 -2.145580815480908621e-01 -3.864553232248450487e-01 -8.017303590122242252e-01 -1.177357471704728598e+00
2.296666666666666856e+01 9.334494407541580815e-03 -1.019518082381723617e-01 -2.146499678439396375e-01 -3.865193931993923804e-01 -8.017821774686983982e-01 -1.177357734707523473e+00
2.298333333333333428e+01 9.217314502086357622e-03 -1.020566744513340396e-01 -2.147452478768085982e-01 -3.866054732651743042e-01 -8.017896284228909209e-01 -1.177365594739099075e+00
2.300000000000000000e+01 9.100480700882844151e-03 -1.021601572752581649e-01 -2.148342622466919150e-01 -3.866672583248439987e-01 -8.018181125493356598e-01 -1.177385922791772677e+00
2.301666666666666572e+01 8.986446474776919532e-03 -1.022625125207583668e-01 -2.149270283290898031e-01 -3.867513335593397161e-01 -8.018679884707745620e-01 -1.177411082224099292e+00
2.303333333333333144e+01 8.872405460055535209e-03 -1.023635957968250382e-01 -2.150134194187704184e-01 -3.868109145430598250e-01 -8.019019977933194987e-01 -1.177413711402043317e+00
2.304999999999999716e+01 8.761499285644633664e-03 -1.024634121710795848e-01 -2.151037956753105995e-01 -3.868930497614944675e-01 -8.019393900314149004e-01 -1.177440815352820636e+00
2.306666666666666288e+01 8.650167880004949392e-03 -1.025619317466238828e-01 -2.151876774445317386e-01 -3.869505080476882131e-01 -8.019685566919624309e-01 -1.177441293752538920e+00
2.308333333333332860e+01 8.542356172150501400e-03 -1.026591340703373739e-01 -2.152758122835404797e-01 -3.870307706001233083e-01 -8.020091907505477735e-01 -1.177439275065981006e+00
2.309999999999999432e+01 8.433603951425958437e-03 -1.027550373274775108e-01 -2.153572516835873252e-01 -3.870861822212885439e-01 -8.020346371332973678e-01 -1.177445530127836149e+00
2.311666666666667425e+01 8.328860715676738788e-03 -1.028496629902279219e-01 -2.154433255679446824e-01 -3.871646347551954137e-01 -8.020806931693342801e-01 -1.177464335622973035e+00
2.313333333333332575e+01 8.222543517947366112e-03 -1.029430220810606811e-01 -2.155223114148811792e-01 -3.872180670544166370e-01 -8.020834955220845774e-01 -1.177487587909853639e+00
2.315000000000000568e+01 8.120875064349960745e-03 -1.030351442725080530e-01 -2.156064287610345576e-01 -3.872947665904449277e-01 -8.021066528602218693e-01 -1.177488712381912217e+00
2.316666666666667140e+01 8.016822613814991727e-03 -1.031260362167647493e-01 -2.156829832996110807e-01 -3.873462813349756728e-01 -8.021510258211231870e-01 -1.177513976168421017e+00
2.318333333333333712e+01 7.918101466210022282e-03 -1.032157298287749853e-01 -2.157652153383486371e-01 -3.874212816627617406e-01 -8.021801179818085492e-01 -1.177513180891909927e+00
2.320000000000000284e+01 7.816269773502486709e-03 -1.033042288286673271e-01 -2.158393900838940505e-01 -3.874709366777031594e-01 -8.022128171741295111e-01 -1.177509632368794801e+00
2.321666666666666856e+01 7.720364981938658382e-03 -1.033915641748492376e-01 -2.159197724292747644e-01 -3.875442872958579366e-01 -8.022370123786775054e-01 -1.177514120128372754e+00
2.323333333333333428e+01 7.620742544823341617e-03 -1.034777386079628742e-01 -2.159916581249316514e-01 -3.875921356371697102e-01 -8.022732483588074226e-01 -1.177531333861521645e+00
2.325000000000000000e+01 7.527470513878339702e-03 -1.035627829015583479e-01 -2.160702092962246967e-01 -3.876638831311542410e-01 -8.022937787966827328e-01 -1.177553395706403938e+00
2.326666666666666572e+01 7.430100624087272558e-03 -1.036466996734202728e-01 -2.161398868011402130e-01 -3.877099759913638644e-01 -8.023356591627743839e-01 -1.177552919080569582e+00
2.328333333333333144e+01 7.339304341987743299e-03 -1.037295180398710576e-01 -2.162166325703482883e-01 -3.877801660384985194e-01 -8.023328606569526400e-01 -1.177577002686712282e+00
2.329999999999999716e+01 7.244208039236637621e-03 -1.038112388641039135e-01 -2.162841788655795738e-01 -3.878245530820884635e-01 -8.023516564299953968e-01 -1.177574579077695693e+00
2.331666666666666288e+01 7.155782837960263099e-03 -1.038918942850866889e-01 -2.163591433307021916e-01 -3.878932297472034718e-01 -8.023920563693569541e-01 -1.177569521166528688e+00
2.333333333333332860e+01 7.062957845675198187e-03 -1.039714793872778681e-01 -2.164246370410921882e-01 -3.879359585920010289e-01 -8.024168377870962710e-01 -1.177572860406075117e+00
2.334999999999999432e+01 6.976826604773296754e-03 -1.040500308403321666e-01 -2.164978632846755180e-01 -3.880031636000819129e-01 -8.024453527486454796e-01 -1.177588875325904949e+00
2.336666666666667425e+01 6.886251150541093831e-03 -1.041275379660397959e-01 -2.165613667001921872e-01 -3.880442783806483664e-01 -8.024655727253917625e-01 -1.177609485623369867e+00
2.338333333333332575e+01 6.802348674781730220e-03 -1.042040447585127344e-01 -2.166328791923784469e-01 -3.881100489989094959e-01 -8.024977130974190187e-01 -1.177607966666346151e+00
2.340000000000000568e+01 6.713983513763083916e-03 -1.042795292684092490e-01 -2.166944543254570033e-01 -3.881495883980023431e-01 -8.025144295385036042e-01 -1.177630744402662799e+00
2.341666666666667140e+01 6.632245778895512478e-03 -1.043540481009512522e-01 -2.167642904451883568e-01 -3.882139574952038208e-01 -8.025523763964059754e-01 -1.177627348370651195e+00
2.343333333333333712e+01 6.546050893109034950e-03 -1.044275621907137935e-01 -2.168240000114659283e-01 -3.882519529209686460e-01 -8.025455971049674231e-01 -1.177621007920787388e+00
2.345000000000000284e+01 6.466413798248865294e-03 -1.045001494985580148e-01 -2.168922030801690159e-01 -3.883149481773279788e-01 -8.025604350720416669e-01 -1.177623080754033102e+00
2.346666666666666856e+01 6.382346342530961607e-03 -1.045717422700837979e-01 -2.169501078368132330e-01 -3.883514315221229252e-01 -8.025971099175847057e-01 -1.177638012581278426e+00
2.348333333333333428e+01 6.304747267824955224e-03 -1.046424546419649770e-01 -2.170167215245662751e-01 -3.884130788157553749e-01 -8.026183629818339771e-01 -1.177657735761020730e+00
2.350000000000000000e+01 6.222762440460756148e-03 -1.047121728985182937e-01 -2.170728761222638636e-01 -3.884480816261498548e-01 -8.026433664125014467e-01 -1.177655036319644077e+00
2.351666666666666572e+01 6.147140668470055073e-03 -1.047810685339809894e-01 -2.171379416987185007e-01 -3.885084067052563261e-01 -8.026600493406209624e-01 -1.177676870267180265e+00
2.353333333333333144e+01 6.067192151140671924e-03 -1.048489553259808194e-01 -2.171923942531994445e-01 -3.885419599033873572e-01 -8.026888122245802171e-01 -1.177672368015499904e+00
2.354999999999999716e+01 5.993489440549670810e-03 -1.049160978864929900e-01 -2.172559471563672850e-01 -3.886009893089317768e-01 -8.027021292876317382e-01 -1.177665058581098378e+00
2.356666666666666288e+01 5.915531020948921331e-03 -1.049821920365396899e-01 -2.173087395550818146e-01 -3.886331253172773947e-01 -8.027367986036373360e-01 -1.177666228599739684e+00
2.358333333333332860e+01 5.843692489549689138e-03 -1.050476554566961707e-01 -2.173708128679131546e-01 -3.886908878046681504e-01 -8.027265582445961556e-01 -1.177680204960394716e+00
2.359999999999999432e+01 5.767678045242851173e-03 -1.051119830331109367e-01 -2.174219824642795729e-01 -3.887216416184601786e-01 -8.027382478694407020e-01 -1.177698916656622297e+00
2.361666666666667425e+01 5.697651764781782799e-03 -1.051758534305703430e-01 -2.174826070827103330e-01 -3.887781687360551963e-01 -8.027717854710711975e-01 -1.177695422467273101e+00
2.363333333333332575e+01 5.623535225482683558e-03 -1.052384373037496823e-01 -2.175321884086278412e-01 -3.888075765370003767e-01 -8.027899261267789077e-01 -1.177716384479641887e+00
2.365000000000000568e+01 5.555271697134585816e-03 -1.053008286312216574e-01 -2.175913944409827161e-01 -3.888629014134176720e-01 -8.028119835331278820e-01 -1.177711064255303253e+00
2.366666666666667140e+01 5.483007285913330149e-03 -1.053616765018757645e-01 -2.176394228986458512e-01 -3.888910009882305396e-01 -8.028257068299722299e-01 -1.177702716432863506e+00
2.368333333333333712e+01 5.416459310311595200e-03 -1.054226831441527068e-01 -2.176972430139501868e-01 -3.889451553139030571e-01 -8.028516523346508338e-01 -1.177703028089102544e+00
2.370000000000000284e+01 5.346001839040481589e-03 -1.054817938810767852e-01 -2.177437544460613383e-01 -3.889719852964033109e-01 -8.028620646068855837e-01 -1.177716268087623419e+00
2.371666666666666856e+01 5.281124314531372189e-03 -1.055414806598279076e-01 -2.178002182667222453e-01 -3.890250020465448877e-01 -8.028940625655150987e-01 -1.177734258318709148e+00
2.373333333333333428e+01 5.212429323066931040e-03 -1.055988398135426498e-01 -2.178452500984800755e-01 -3.890506001027406735e-01 -8.028805357556139111e-01 -1.177729947314924530e+00
2.375000000000000000e+01 5.149178942741460333e-03 -1.056571752151385657e-01 -2.179003913945615212e-01 -3.891025128159986135e-01 -8.028894040670027099e-01 -1.177750139447843125e+00
2.376666666666666572e+01 5.082202726902692626e-03 -1.057128312991246349e-01 -2.179439814191761193e-01 -3.891269159217932705e-01 -8.029204165602159549e-01 -1.177744106280580683e+00
2.378333333333333144e+01 5.020537640824567285e-03 -1.057697251726932575e-01 -2.179978351799189973e-01 -3.891777578541195104e-01 -8.029359689497357344e-01 -1.177735105241870750e+00
2.379999999999999716e+01 4.955237283912283797e-03 -1.058238283172321798e-01 -2.180400215685869003e-01 -3.892010022120874213e-01 -8.029554388896117390e-01 -1.177734690047270272e+00
2.381666666666666288e+01 4.895116957837603207e-03 -1.058792404364871931e-01 -2.180926219530674726e-01 -3.892508059586006763e-01 -8.029666631751886108e-01 -1.177747191174371322e+00
2.383333333333332860e+01 4.831450452012837904e-03 -1.059318956433130815e-01 -2.181334421255295974e-01 -3.892729265263032423e-01 -8.029900815966097838e-01 -1.177764509300763374e+00
2.384999999999999432e+01 4.772835578242124767e-03 -1.059858713169982147e-01 -2.181848236165534749e-01 -3.893217235358917838e-01 -8.029981180720153766e-01 -1.177759562669169924e+00
2.386666666666667425e+01 4.710761905921919020e-03 -1.060371582708248689e-01 -2.182243147858720922e-01 -3.893427539296152040e-01 -8.030276566254878068e-01 -1.177779173313290961e+00
2.388333333333332575e+01 4.653614318835872996e-03 -1.060897628805820975e-01 -2.182745116950579600e-01 -3.893905746744167895e-01 -8.030117893547402685e-01 -1.177772463242729106e+00
2.390000000000000568e+01 4.593093467917081299e-03 -1.061397191983850519e-01 -2.183127101457704167e-01 -3.894105474570042080e-01 -8.030183134729761418e-01 -1.177762681260912991e+00
2.391666666666667140e+01 4.537376076705398192e-03 -1.061910032367129747e-01 -2.183617559606419178e-01 -3.894574228569053220e-01 -8.030469812712173194e-01 -1.177761686698317600e+00
2.393333333333333712e+01 4.478369035253224224e-03 -1.062396425142978773e-01 -2.183986971755941253e-01 -3.894763700635548997e-01 -8.030603123583746061e-01 -1.177773665348960552e+00
2.395000000000000284e+01 4.424045767264077507e-03 -1.062896717771621147e-01 -2.184466244536648893e-01 -3.895223278459163385e-01 -8.030776536782626707e-01 -1.177790396579872612e+00
2.396666666666666856e+01 4.366514501730331919e-03 -1.063369941981332778e-01 -2.184823431062297983e-01 -3.895402807368960607e-01 -8.030866983143661875e-01 -1.177784897296612954e+00
2.398333333333333428e+01 4.313550246498771244e-03 -1.063858179685002042e-01 -2.185291835771448199e-01 -3.895853473164291869e-01 -8.031080918576062322e-01 -1.177803908527898624e+00
2.400000000000000000e+01 4.257457686521828183e-03 -1.064318360661698076e-01 -2.185637132613776068e-01 -3.896023361930249784e-01 -8.031139952436976426e-01 -1.177796725170726422e+00
2.401666666666666572e+01 4.205818252488936933e-03 -1.064794921027362867e-01 -2.186094973731116942e-01 -3.896465383060752075e-01 -8.031416023476974919e-01 -1.177786454009758454e+00
2.403333333333333144e+01 4.151128270814776443e-03 -1.065242260239316341e-01 -2.186428704839043780e-01 -3.896625906977272957e-01 -8.031233689312150537e-01 -1.177784893991082882e+00
2.404999999999999716e+01 4.100780354783829969e-03 -1.065707512779011934e-01 -2.186876275863840202e-01 -3.897059537625723880e-01 -8.031279014385127590e-01 -1.177796330053859641e+00
2.406666666666666288e+01 4.047457746043980030e-03 -1.066142283411143782e-01 -2.187198755338438938e-01 -3.897210976552930584e-01 -8.031547324233512253e-01 -1.177812608946849027e+00
2.408333333333332860e+01 3.998368903665006947e-03 -1.066596553655935614e-01 -2.187636340984032146e-01 -3.897636461648945616e-01 -8.031661633733963024e-01 -1.177806608680306066e+00
2.409999999999999432e+01 3.946379359796753881e-03 -1.067019030843706501e-01 -2.187947876836497108e-01 -3.897779097681498550e-01 -8.031816454616225176e-01 -1.177825207326496315e+00
2.411666666666667425e+01 3.898517979140337601e-03 -1.067462620354973357e-01 -2.188375753425594594e-01 -3.898196691822369275e-01 -8.031888863159640790e-01 -1.177817503660872678e+00
2.413333333333332575e+01 3.847828064719098756e-03 -1.067873042675013262e-01 -2.188676646716216923e-01 -3.898330771028851727e-01 -8.032084719166031617e-01 -1.177806687343500913e+00
2.415000000000000568e+01 3.801163341641194699e-03 -1.068306260595904833e-01 -2.189095083461399249e-01 -3.898740703769603133e-01 -8.032126420230161212e-01 -1.177804717910235333e+00
2.416666666666667140e+01 3.751740471528625109e-03 -1.068704863284117290e-01 -2.189385626610832469e-01 -3.898866484299549073e-01 -8.032385050705026508e-01 -1.177815760188499761e+00
2.418333333333333712e+01 3.706242385715725202e-03 -1.069128002044892473e-01 -2.189794885645879874e-01 -3.899268967256876439e-01 -8.032184685753104292e-01 -1.177831585389817137e+00
2.420000000000000284e+01 3.658054799824627962e-03 -1.069515084378267061e-01 -2.190075361472914317e-01 -3.899386699798962908e-01 -8.032212734732816495e-01 -1.177825201529381527e+00
2.421666666666666856e+01 3.613694096237636978e-03 -1.069928417719397118e-01 -2.190475695689422797e-01 -3.899781950465182612e-01 -8.032464513739274725e-01 -1.177843362303203634e+00
2.423333333333333428e+01 3.566710837840066269e-03 -1.070304250519894390e-01 -2.190746388017829616e-01 -3.899891872186055375e-01 -8.032562841007736543e-01 -1.177835314930747446e+00
2.425000000000000000e+01 3.523459002091927812e-03 -1.070708009275009448e-01 -2.191138025042540516e-01 -3.900280104193259434e-01 -8.032702016559837288e-01 -1.177824105221987772e+00
2.426666666666666572e+01 3.477649898945606079e-03 -1.071072918663924650e-01 -2.191399211952561876e-01 -3.900382443935046517e-01 -8.032758730129064828e-01 -1.177821718695968523e+00
2.428333333333333144e+01 3.435479138567590525e-03 -1.071467321416713081e-01 -2.191782383691970038e-01 -3.900763864576993201e-01 -8.032939555667689691e-01 -1.177832379034617016e+00
2.429999999999999716e+01 3.390814779854151549e-03 -1.071821596838653384e-01 -2.192034329852820540e-01 -3.900858850109434339e-01 -8.032966099663061410e-01 -1.177847880976105488e+00
2.431666666666666288e+01 3.349698005721509549e-03 -1.072206851576932990e-01 -2.192409267834264930e-01 -3.901233655063130468e-01 -8.033210244863853156e-01 -1.177841119638159295e+00
2.433333333333332860e+01 3.306149722261175761e-03 -1.072550789940927146e-01 -2.192652227304739132e-01 -3.901321500504394968e-01 -8.032993889926288711e-01 -1.177858966427039134e+00
2.434999999999999432e+01 3.266060531246586969e-03 -1.072927119727785650e-01 -2.193019153749747041e-01 -3.901689884457357760e-01 -8.033007582425374382e-01 -1.177850547283905147e+00
2.436666666666667425e+01 3.223600377937967890e-03 -1.073261012396422298e-01 -2.193253372939325818e-01 -3.901770796919833417e-01 -8.033245550232177568e-01 -1.177838971044981697e+00
2.438333333333332575e+01 3.184513031254218324e-03 -1.073628633074821259e-01 -2.193612504683135345e-01 -3.902132950840261905e-01 -8.033330099381867928e-01 -1.177836277908075546e+00
2.440000000000000568e+01 3.143113766910594822e-03 -1.073952775540705645e-01 -2.193838221756818085e-01 -3.902207128555281179e-01 -8.033455971241306726e-01 -1.177846632582327135e+00
2.441666666666667140e+01 3.105003177006287508e-03 -1.074311936143634294e-01 -2.194189770766389602e-01 -3.902563237826281450e-01 -8.033499464093329934e-01 -1.177861803683099673e+00
2.443333333333333712e+01 3.064638246682221696e-03 -1.074626613715205653e-01 -2.194407217401022347e-01 -3.902630873115419119e-01 -8.033667477288789494e-01 -1.177854762117871879e+00
2.445000000000000284e+01 3.027479956324698272e-03 -1.074977518714523156e-01 -2.194751390159274118e-01 -3.902981113008569536e-01 -8.033681182925460629e-01 -1.177872303146927146e+00
2.446666666666666856e+01 2.988123474550948965e-03 -1.075282975557374648e-01 -2.194960791706215275e-01 -3.903042399319780476e-01 -8.033913050430525615e-01 -1.177863615455928326e+00
2.448333333333333428e+01 2.951893643955621604e-03 -1.075625819101494185e-01 -2.195297789306435710e-01 -3.903386938652256832e-01 -8.033682822771215370e-01 -1.177851723566241571e+00
2.450000000000000000e+01 2.913520375159686041e-03 -1.075922308331443700e-01 -2.195499364852785129e-01 -3.903442062262953427e-01 -8.033684056489014402e-01 -1.177848735105225364e+00
2.451666666666666572e+01 2.878195765626666291e-03 -1.076257256971184656e-01 -2.195829383339696350e-01 -3.903781065483016288e-01 -8.033910389919433070e-01 -1.177858824168638741e+00
2.453333333333333144e+01 2.840781109006455026e-03 -1.076545030072860315e-01 -2.196023345892274548e-01 -3.903830206101187583e-01 -8.033983305550598253e-01 -1.177873750130941755e+00
2.454999999999999716e+01 2.806339065211166470e-03 -1.076872271006237836e-01 -2.196346578554868312e-01 -3.904163833210534396e-01 -8.034097751689999178e-01 -1.177866436199377809e+00
2.456666666666666288e+01 2.769859040204746166e-03 -1.077151568179836871e-01 -2.196533131988589183e-01 -3.904207164652342965e-01 -8.034129994391635554e-01 -1.177883731541930601e+00
2.458333333333332860e+01 2.736277476889692299e-03 -1.077471297183694859e-01 -2.196849769389405127e-01 -3.904535571156169671e-01 -8.034286958387970579e-01 -1.177874788927901539e+00
2.459999999999999432e+01 2.700708703073090213e-03 -1.077742350392522641e-01 -2.197029109653431123e-01 -3.904573261822034125e-01 -8.034289852294268508e-01 -1.177862647011263642e+00
2.461666666666667425e+01 2.667966090973312998e-03 -1.078054757298431837e-01 -2.197339328340739695e-01 -3.904896598739466818e-01 -8.034511054569849486e-01 -1.177859422138070711e+00
2.463333333333332575e+01 2.633285775718232236e-03 -1.078317783206681618e-01 -2.197511657948831854e-01 -3.904928811910756692e-01 -8.034269560133334709e-01 -1.177869276277323074e+00
2.465000000000000568e+01 2.601361125021427190e-03 -1.078623057537268920e-01 -2.197815629129989679e-01 -3.905247225837116809e-01 -8.034260280545556521e-01 -1.177883969990092039e+00
2.466666666666667140e+01 2.567547048165367846e-03 -1.078878259849228721e-01 -2.197981142528292464e-01 -3.905274121425637568e-01 -8.034476466339579570e-01 -1.177876443294099351e+00
2.468333333333333712e+01 2.536419896310582438e-03 -1.079176589451278645e-01 -2.198279034235883223e-01 -3.905587753311232646e-01 -8.034539456613898345e-01 -1.177893527177442889e+00
2.470000000000000284e+01 2.503450394131546356e-03 -1.079424170121705828e-01 -2.198437918527159363e-01 -3.905609485593712349e-01 -8.034644271137512117e-01 -1.177884371952733211e+00
2.471666666666666856e+01 2.473100792141837579e-03 -1.079715733944087708e-01 -2.198729894980245847e-01 -3.905918472969968080e-01 -8.034666867049179428e-01 -1.177871987864757664e+00
2.473333333333333428e+01 2.440954745404784725e-03 -1.079955897339220233e-01 -2.198882330948555008e-01 -3.905935190460703144e-01 -8.034814571492767676e-01 -1.177868556531832978e+00
2.475000000000000000e+01 2.411363245547362526e-03 -1.080240863443335392e-01 -2.199168552397849918e-01 -3.906239667803562132e-01 -8.034808108409099425e-01 -1.177878222442169998e+00
2.476666666666666572e+01 2.380020063546622443e-03 -1.080473808048077605e-01 -2.199314715243392837e-01 -3.906251514819735760e-01 -8.035020417722180675e-01 -1.177892726198677131e+00
2.478333333333333144e+01 2.351167706181643037e-03 -1.080752346113430101e-01 -2.199595338020579049e-01 -3.906551612613278213e-01 -8.034768908443759017e-01 -1.177885007393467687e+00
2.479999999999999716e+01 2.320607315344447742e-03 -1.080978263518385801e-01 -2.199735404150698070e-01 -3.906558729505602012e-01 -8.034750692152422546e-01 -1.177901901928283701e+00
2.481666666666666288e+01 2.292475616027375793e-03 -1.081250546654095035e-01 -2.200010585132104735e-01 -3.906854574372047861e-01 -8.034958425465614784e-01 -1.177892571445363412e+00
2.483333333333332860e+01 2.262678446491413458e-03 -1.081469623189145884e-01 -2.200144724144371677e-01 -3.906857097548278590e-01 -8.035012939813379607e-01 -1.177880007879523738e+00
2.484999999999999432e+01 2.235249384288921348e-03 -1.081735804783859750e-01 -2.200414619290667062e-01 -3.907148812349328093e-01 -8.035109505742931146e-01 -1.177876395497323259e+00
2.486666666666666003e+01 2.206196356578303888e-03 -1.081948220765446833e-01 -2.200542976726076461e-01 -3.907146874414342275e-01 -8.035123958655435716e-01 -1.177885886089706124e+00
2.488333333333333997e+01 2.179452362150896202e-03 -1.082208458623821756e-01 -2.200807722768058639e-01 -3.907434578565222583e-01 -8.035263703923646306e-01 -1.177900227757957330e+00
2.490000000000000568e+01 2.151124874048560009e-03 -1.082414386727999361e-01 -2.200930459638358039e-01 -3.907428308480269119e-01 -8.035249375308296527e-01 -1.177892346231815601e+00
2.491666666666667140e+01 2.125048820553252556e-03 -1.082668845916091860e-01 -2.201190192349680719e-01 -3.907712117972169108e-01 -8.035454034804643264e-01 -1.177909091015703735e+00
2.493333333333333712e+01 2.097428736573602164e-03 -1.082868450685467443e-01 -2.201307463762744443e-01 -3.907701640885792305e-01 -8.035194144998797361e-01 -1.177899597195608994e+00
2.495000000000000284e+01 2.072003925354649456e-03 -1.083117271481812138e-01 -2.201562318359394921e-01 -3.907981668181835788e-01 -8.035168258232611160e-01 -1.177886856860882681e+00
2.496666666666666856e+01 2.045073566220539322e-03 -1.083310721906121793e-01 -2.201674275889336230e-01 -3.907967105470953051e-01 -8.035368731466091541e-01 -1.177883097875798368e+00
2.498333333333333428e+01 2.020283717410962122e-03 -1.083554046749112404e-01 -2.201924374752157187e-01 -3.908243459632080308e-01 -8.035416069333094491e-01 -1.177892450679875802e+00
2.500000000000000000e+01 1.994025845309372377e-03 -1.083741503927814487e-01 -2.202031169307928915e-01 -3.908224929107543266e-01 -8.035505610451265657e-01 -1.177906647254742811e+00
2.501666666666666572e+01 1.969855088435870562e-03 -1.083979474097815365e-01 -2.202276637897839506e-01 -3.908497715974738052e-01 -8.035513093294494036e-01 -1.177898629749913217e+00
2.503333333333333144e+01 1.944252898244499010e-03 -1.084161093901513107e-01 -2.202378408545691280e-01 -3.908475331889130766e-01 -8.035646053659202259e-01 -1.177915233464791989e+00
2.504999999999999716e+01 1.920685760169120676e-03 -1.084393848286748646e-01 -2.202619373581581053e-01 -3.908744654170581700e-01 -8.035625005220948802e-01 -1.177905614615166963e+00
2.506666666666666288e+01 1.895722867788028577e-03 -1.084569782082432099e-01 -2.202716255369022991e-01 -3.908718527405004584e-01 -8.035823120914749040e-01 -1.177892739034939851e+00
2.508333333333332860e+01 1.872744262599988600e-03 -1.084797456712659064e-01 -2.202952840443187232e-01 -3.908984484863471387e-01 -8.035556204245222212e-01 -1.177888844921294309e+00
2.509999999999999432e+01 1.848404694536468808e-03 -1.084967851616159829e-01 -2.203044965252729803e-01 -3.908954723245362528e-01 -8.035523849078211045e-01 -1.177898070531359531e+00
2.511666666666666003e+01 1.825999914612320800e-03 -1.085190579306315600e-01 -2.203277290512984099e-01 -3.909217412760858656e-01 -8.035718094675374790e-01 -1.177912151481340652e+00
2.513333333333333997e+01 1.802268097568081751e-03 -1.085355578247771957e-01 -2.203364787098079647e-01 -3.909184121083801311e-01 -8.035759292314368363e-01 -1.177904011553770669e+00
2.515000000000000568e+01 1.780422803488954011e-03 -1.085573488475994192e-01 -2.203592968945629060e-01 -3.909443636850012394e-01 -8.035842890366380331e-01 -1.177920505309286714e+00
2.516666666666667140e+01 1.757283552622551127e-03 -1.085733230605984562e-01 -2.203675962906524455e-01 -3.909406916825066691e-01 -8.035844437882062596e-01 -1.177910766056515568e+00
2.518333333333333712e+01 1.735983766145643425e-03 -1.085946449731801516e-01 -2.203900114023949197e-01 -3.909663350272840066e-01 -8.035971689821066466e-01 -1.177897765483457704e+00
2.520000000000000284e+01 1.713422280033395379e-03 -1.086101070689540760e-01 -2.203978728559882472e-01 -3.909623300653325417e-01 -8.035944881124148509e-01 -1.177893764253403752e+00
2.521666666666666856e+01 1.692654373350853305e-03 -1.086309722171091424e-01 -2.204198963506590059e-01 -3.909876740384603533e-01 -8.036137527316196127e-01 -1.177902886593325649e+00
2.523333333333333428e+01 1.670656224570661076e-03 -1.086459354524646898e-01 -2.204273321703842659e-01 -3.909833457528090195e-01 -8.035864370233732901e-01 -1.177916859895645318e+00
2.525000000000000000e+01 1.650406916142693053e-03 -1.086663558785476019e-01 -2.204489732997197693e-01 -3.910083989132391302e-01 -8.035826469021256635e-01 -1.177908621649983889e+00
2.526666666666666572e+01 1.628958034972396952e-03 -1.086808330973288023e-01 -2.204559956684141453e-01 -3.910037565901994250e-01 -8.036015526291107047e-01 -1.177925013408126054e+00
2.528333333333333144e+01 1.609214362387904060e-03 -1.087008204942198630e-01 -2.204772645449879220e-01 -3.910285273180310051e-01 -8.036051511676903791e-01 -1.177915181165477110e+00
2.529999999999999716e+01 1.588301010883956142e-03 -1.087148242039423368e-01 -2.204838847602639262e-01 -3.910235799708556836e-01 -8.036130002873225209e-01 -1.177902076861987890e+00
2.531666666666666288e+01 1.569050316749972390e-03 -1.087343899549055998e-01 -2.205047914187157343e-01 -3.910480764007708832e-01 -8.036126521433283321e-01 -1.177897977323365319e+00
2.533333333333332860e+01 1.548659093640548197e-03 -1.087479323809487780e-01 -2.205110203806293356e-01 -3.910428328088604855e-01 -8.036248831920771440e-01 -1.177907008673954259e+00
2.534999999999999432e+01 1.529889045829231024e-03 -1.087670875354186939e-01 -2.205315746276218791e-01 -3.910670628592203268e-01 -8.036217181905545015e-01 -1.177920896930794825e+00
2.536666666666666003e+01 1.510006903165813990e-03 -1.087801805949680650e-01 -2.205374229562146460e-01 -3.910615315547357196e-01 -8.036405061400891947e-01 -1.177912568695895335e+00
2.538333333333333997e+01 1.491705497621920954e-03 -1.087989358868216988e-01 -2.205576343564425168e-01 -3.910855029046615972e-01 -8.036126852228575590e-01 -1.177928877732010715e+00
2.540000000000000568e+01 1.472319727815938738e-03 -1.088115911679498199e-01 -2.205631123990317022e-01 -3.910796921140370919e-01 -8.036084236166268768e-01 -1.177918959378412067e+00
2.541666666666667140e+01 1.454475265649761732e-03 -1.088299570347414230e-01 -2.205829902615590588e-01 -3.911034121775296968e-01 -8.036268762430697210e-01 -1.177905767082551902e+00
2.543333333333333712e+01 1.435573477951660555e-03 -1.088421858551274352e-01 -2.205881081669774924e-01 -3.910973299414786108e-01 -8.036300312166746451e-01 -1.177901587550167495e+00
2.545000000000000284e+01 1.418174550722850046e-03 -1.088601724765908552e-01 -2.206076614312220685e-01 -3.911208059287113459e-01 -8.036374497337137601e-01 -1.177910541155680946e+00
2.546666666666666856e+01 1.399744661439983806e-03 -1.088719858969266069e-01 -2.206124289254806081e-01 -3.911144600629837265e-01 -8.036366700421903042e-01 -1.177924351528802038e+00
2.548333333333333428e+01 1.382780142293805548e-03 -1.088896031799639758e-01 -2.206316663595375427e-01 -3.911376989866780507e-01 -8.036484880288452537e-01 -1.177915950582466342e+00
2.550000000000000000e+01 1.364810366256074235e-03 -1.089010119639842317e-01 -2.206360928934342491e-01 -3.911310970839512735e-01 -8.036449041901188028e-01 -1.177932186878845711e+00
2.551666666666666572e+01 1.348269405361828118e-03 -1.089182695564610559e-01 -2.206550230545531732e-01 -3.911541057578254432e-01 -8.036632960336566045e-01 -1.177922197907530055e+00
2.553333333333333144e+01 1.330748252885539636e-03 -1.089292844994733250e-01 -2.206591178600673386e-01 -3.911472551908213302e-01 -8.036350231138662537e-01 -1.177908926963417091e+00
2.554999999999999716e+01 1.314620270336201843e-03 -1.089461912258857662e-01 -2.206777490551036780e-01 -3.911700402356376172e-01 -8.036303615005446765e-01 -1.177904676881208701e+00
2.556666666666666288e+01 1.297536536558846574e-03 -1.089568229628180979e-01 -2.206815211024510115e-01 -3.911629481570623179e-01 -8.036484378509781701e-01 -1.177913565209986357e+00
2.558333333333332860e+01 1.281811217503794160e-03 -1.089733875216032655e-01 -2.206998614340401343e-01 -3.911855160063444359e-01 -8.036512140049512087e-01 -1.177927311780985864e+00
2.559999999999999432e+01 1.265153977994617780e-03 -1.089836462346897017e-01 -2.207033194610140414e-01 -3.911781893610546956e-01 -8.036582629513890907e-01 -1.177918845804020176e+00
2.561666666666666003e+01 1.249821264256384271e-03 -1.089998774091649331e-01 -2.207213768137601673e-01 -3.912005462627248242e-01 -8.036571190907922935e-01 -1.177935019679132500e+00
2.563333333333333997e+01 1.233579867256235632e-03 -1.090097729304606716e-01 -2.207245293184996182e-01 -3.911929917967457149e-01 -8.036685798575115003e-01 -1.177924969681235945e+00
2.565000000000000568e+01 1.218629952193237172e-03 -1.090256793167583838e-01 -2.207423113548790117e-01 -3.912151438202098874e-01 -8.036646446368522767e-01 -1.177911635638519305e+00
2.566666666666667140e+01 1.202794011721524010e-03 -1.090352211601688104e-01 -2.207451666062677231e-01 -3.912073680861983815e-01 -8.036826926214962752e-01 -1.177907325491815316e+00
2.568333333333333712e+01 1.188217334414041907e-03 -1.090508111616005360e-01 -2.207626807749320519e-01 -3.912293211258535686e-01 -8.036540489752102001e-01 -1.177916155889122463e+00
2.570000000000000284e+01 1.172776724269607553e-03 -1.090600085463655777e-01 -2.207652468093598552e-01 -3.912213304900912236e-01 -8.036490444380239850e-01 -1.177929846725854102e+00
2.571666666666666856e+01 1.158563962189185139e-03 -1.090752903767436971e-01 -2.207825003557363497e-01 -3.912430902720793746e-01 -8.036667943300810357e-01 -1.177921326362010745e+00
2.573333333333333428e+01 1.143508809767927736e-03 -1.090841522626258830e-01 -2.207847849895167303e-01 -3.912348909194641733e-01 -8.036692494155420752e-01 -1.177937448131155307e+00
2.575000000000000000e+01 1.129650873570750514e-03 -1.090991339452732495e-01 -2.208017849596950188e-01 -3.912564630057999149e-01 -8.036759852432212581e-01 -1.177927344721082514e+00
2.576666666666666572e+01 1.114971551922385807e-03 -1.091076690782763758e-01 -2.208037958008659818e-01 -3.912480609519080055e-01 -8.036745289991950036e-01 -1.177913952458566671e+00
2.578333333333333144e+01 1.101459578953256808e-03 -1.091223583979295253e-01 -2.208205490537248072e-01 -3.912694507363629337e-01 -8.036856886751955198e-01 -1.177909591616574048e+00
2.579999999999999716e+01 1.087146702666602844e-03 -1.091305752060950374e-01 -2.208222935065739523e-01 -3.912608518603249430e-01 -8.036814512096446261e-01 -1.177918374540218416e+00
2.581666666666666288e+01 1.073972052064845134e-03 -1.091449800466640641e-01 -2.208388067171936087e-01 -3.912820645505935557e-01 -8.036992097541812985e-01 -1.177932017427613554e+00
2.583333333333332860e+01 1.060016469475346182e-03 -1.091528870490063724e-01 -2.208402919758719607e-01 -3.912732745064199658e-01 -8.036702439768611539e-01 -1.177923450286108231e+00
2.584999999999999432e+01 1.047170715594069506e-03 -1.091670153841530905e-01 -2.208565716171593252e-01 -3.912943152083184217e-01 -8.036649497895704819e-01 -1.177939525524591025e+00
2.586666666666666003e+01 1.033563503110569194e-03 -1.091746202451878839e-01 -2.208578046872051726e-01 -3.912853394877023883e-01 -8.036824245295575153e-01 -1.177929378379449998e+00
2.588333333333333997e+01 1.021038430511109337e-03 -1.091884791758598872e-01 -2.208738571026832853e-01 -3.913062131591213411e-01 -8.036846050214618842e-01 -1.177915939712264048e+00
2.590000000000000568e+01 1.007770886899647970e-03 -1.091957897442390746e-01 -2.208748447574821472e-01 -3.912970570992546082e-01 -8.036910738134949161e-01 -1.177911534139071126e+00
2.591666666666667140e+01 9.955584846133450159e-04 -1.092093857105690818e-01 -2.208906762436282922e-01 -3.913177685535844663e-01 -8.036893528579599488e-01 -1.177920274528417632e+00
2.593333333333333712e+01 9.826221249095250503e-04 -1.092164100123693415e-01 -2.208914250590783279e-01 -3.913084373416227391e-01 -8.037002551008387563e-01 -1.177933877339434776e+00
2.595000000000000284e+01 9.707145816816221571e-04 -1.092297494624194787e-01 -2.209070414201209642e-01 -3.913289912490060529e-01 -8.036957615191581139e-01 -1.177925269613185222e+00
2.596666666666666856e+01 9.581011332778161319e-04 -1.092364951235815923e-01 -2.209075580021103713e-01 -3.913194899265172721e-01 -8.037132727035546376e-01 -1.177941306938460775e+00
2.598333333333333428e+01 9.464908337649981501e-04 -1.092495845995044568e-01 -2.209229649423237740e-01 -3.913398908205588111e-01 -8.036840339853971171e-01 -1.177931120117294173e+00
2.600000000000000000e+01 9.341922310222770766e-04 -1.092560589506478969e-01 -2.209232555956769928e-01 -3.913302242850807966e-01 -8.036784915183767808e-01 -1.177917639242792802e+00
2.601666666666666572e+01 9.228717502261262525e-04 -1.092689049271169943e-01 -2.209384587513074094e-01 -3.913504765737990110e-01 -8.036957314260976259e-01 -1.177913196813017427e+00
2.603333333333333144e+01 9.108801303247392612e-04 -1.092751150599135246e-01 -2.209385295836938934e-01 -3.913406495795205831e-01 -8.036976789134129273e-01 -1.177921902184249969e+00
2.604999999999999716e+01 8.998422284321730066e-04 -1.092877238823111441e-01 -2.209535344532869150e-01 -3.913607575464273514e-01 -8.037039202147435724e-01 -1.177935469360974707e+00
2.606666666666666288e+01 8.881499231997429678e-04 -1.092936766830688022e-01 -2.209533914022986101e-01 -3.913507747043939999e-01 -8.037019734708619190e-01 -1.177926827755794381e+00
2.608333333333332860e+01 8.773875404095633247e-04 -1.093060548748595040e-01 -2.209682033442289251e-01 -3.913707425063185363e-01 -8.037126565111892829e-01 -1.177942830960601039e+00
2.609999999999999432e+01 8.659870736055975569e-04 -1.093117570859093862e-01 -2.209678521842735888e-01 -3.913606083065414021e-01 -8.037079448101337453e-01 -1.177932612148515634e+00
2.611666666666666003e+01 8.554933277134614327e-04 -1.093239102299444210e-01 -2.209824764113782758e-01 -3.913804399762112474e-01 -8.037252451026946076e-01 -1.177919096586433234e+00
2.613333333333333997e+01 8.443774094206502653e-04 -1.093293685636005791e-01 -2.209819227606690528e-01 -3.913701587808912641e-01 -8.036957750626910757e-01 -1.177914621282492025e+00
2.615000000000000568e+01 8.341455906997497513e-04 -1.093413023198309131e-01 -2.209963643374854014e-01 -3.913898582376466040e-01 -8.036900221044034343e-01 -1.177923295759344846e+00
2.616666666666667140e+01 8.233071144842958600e-04 -1.093465231514134106e-01 -2.209956136622130696e-01 -3.913794342803132986e-01 -8.037070616168996429e-01 -1.177936833714330334e+00
2.618333333333333712e+01 8.133306798263344618e-04 -1.093582432108632790e-01 -2.210098775242211877e-01 -3.913990053289428950e-01 -8.037088103695314567e-01 -1.177928162135204682e+00
2.620000000000000284e+01 8.027627168421789822e-04 -1.093632326857150033e-01 -2.210089351424072424e-01 -3.913884427217055317e-01 -8.037148582620856629e-01 -1.177944137324585139e+00
2.621666666666666856e+01 7.930352881115916444e-04 -1.093747446282824776e-01 -2.210230260899883892e-01 -3.914078890591476401e-01 -8.037127192274937659e-01 -1.177933889584934946e+00
2.623333333333333428e+01 7.827310824449938090e-04 -1.093795087302635999e-01 -2.210218971757293982e-01 -3.913971917943184775e-01 -8.037232159958660471e-01 -1.177920343699029093e+00
2.625000000000000000e+01 7.732464399421834890e-04 -1.093908179895803912e-01 -2.210358198779926453e-01 -3.914165170110319725e-01 -8.037183182084598476e-01 -1.177915841248251994e+00
2.626666666666666572e+01 7.631994046601723366e-04 -1.093953625518556405e-01 -2.210345094669527721e-01 -3.914056889662190786e-01 -8.037354394866187413e-01 -1.177924489714530454e+00
2.628333333333333144e+01 7.539514848974760049e-04 -1.094064744160391095e-01 -2.210482684663236386e-01 -3.914248965492161947e-01 -8.037057711758704981e-01 -1.177938001560975501e+00
2.629999999999999716e+01 7.441551981270982030e-04 -1.094108051260541115e-01 -2.210467814569077316e-01 -3.914139414903295977e-01 -8.036998387203734273e-01 -1.177929305160563933e+00
2.631666666666666288e+01 7.351380893624728059e-04 -1.094217247383939412e-01 -2.210603811723552692e-01 -3.914330348266574222e-01 -8.037167081725079543e-01 -1.177945255612278252e+00
2.633333333333332860e+01 7.255862900062242911e-04 -1.094258471393561860e-01 -2.210587223311914207e-01 -3.914219564104653992e-01 -8.037182877801775094e-01 -1.177934984097022797e+00
2.634999999999999432e+01 7.167942287726938042e-04 -1.094365795040276729e-01 -2.210721670627508184e-01 -3.914409387889227210e-01 -8.037241708302603760e-01 -1.177921412243135846e+00
2.636666666666666003e+01 7.074808116135707526e-04 -1.094404989981257320e-01 -2.210703410275913217e-01 -3.914297405680585706e-01 -8.037218682608235909e-01 -1.177916885878564468e+00
2.638333333333333997e+01 6.989081775649949721e-04 -1.094510490417461984e-01 -2.210836349585562077e-01 -3.914486151823176052e-01 -8.037322061989162769e-01 -1.177925511966048555e+00
2.640000000000000568e+01 6.898271902927317206e-04 -1.094547708969831612e-01 -2.210816462428109586e-01 -3.914373006071338312e-01 -8.037271503061511613e-01 -1.177939002225599996e+00
2.641666666666667140e+01 6.814685047060935023e-04 -1.094651435000545681e-01 -2.210947934432187789e-01 -3.914560705591889067e-01 -8.037441188925948943e-01 -1.177930283921038157e+00
2.643333333333333712e+01 6.726141439929620661e-04 -1.094686728901345801e-01 -2.210926464371995026e-01 -3.914446429805980565e-01 -8.037142823124391322e-01 -1.177946213526915864e+00
2.645000000000000284e+01 6.644640646276457098e-04 -1.094788723501864819e-01 -2.211056508678476973e-01 -3.914633112828266315e-01 -8.037081969789082736e-01 -1.177935921133930641e+00
2.646666666666666856e+01 6.558306725429003184e-04 -1.094822143917002083e-01 -2.211033498441270784e-01 -3.914517739561473308e-01 -8.037249214216816151e-01 -1.177922327406369041e+00
2.648333333333333428e+01 6.478839904249661386e-04 -1.094922451424360788e-01 -2.211162153583004775e-01 -3.914703435354726646e-01 -8.037263570859314310e-01 -1.177917780907366208e+00
2.650000000000000000e+01 6.394660507929968629e-04 -1.094954047671209268e-01 -2.211137644727466933e-01 -3.914586996210636105e-01 -8.037320997757075869e-01 -1.177926387703289501e+00
2.651666666666666572e+01 6.317176886184417382e-04 -1.095052711329906475e-01 -2.211264948194897884e-01 -3.914771733185569147e-01 -8.037296578544180781e-01 -1.177939859013905632e+00
2.653333333333333144e+01 6.235098223926311637e-04 -1.095082530524947168e-01 -2.211238981168745510e-01 -3.914654258859729952e-01 -8.037398605139085550e-01 -1.177931122364694883e+00
2.654999999999999716e+01 6.159548291143734488e-04 -1.095179593222381925e-01 -2.211364969443835038e-01 -3.914838064629460046e-01 -8.037346699296459285e-01 -1.177947034075291777e+00
2.656666666666666288e+01 6.079517916776978111e-04 -1.095207681037013298e-01 -2.211337583598099732e-01 -3.914719584923211926e-01 -8.037515083880562017e-01 -1.177936723937073049e+00
2.658333333333332860e+01 6.005853388225452670e-04 -1.095303185021449383e-01 -2.211462292172624300e-01 -3.914902486302598850e-01 -8.037215289594890066e-01 -1.177923110946937912e+00
2.659999999999999432e+01 5.927820174487766127e-04 -1.095329585647532716e-01 -2.211433525800828859e-01 -3.914783030172774847e-01 -8.037153136109613794e-01 -1.177918547105860414e+00
2.661666666666666003e+01 5.855993985675172217e-04 -1.095423571446362265e-01 -2.211556989225282044e-01 -3.914965053189830013e-01 -8.037319143941037414e-01 -1.177927137619511289e+00
2.663333333333333997e+01 5.779908074470009854e-04 -1.095448328892923706e-01 -2.211526879592571049e-01 -3.914844648766395707e-01 -8.037332274247352970e-01 -1.177940592895661664e+00
2.665000000000000568e+01 5.709874335992203443e-04 -1.095540835829262594e-01 -2.211649131472906427e-01 -3.915025818705852312e-01 -8.037388507628906442e-01 -1.177931840328465318e+00
2.666666666666667140e+01 5.635687124023622220e-04 -1.095563992876772141e-01 -2.211617714824929415e-01 -3.914904493249202200e-01 -8.037362901807501014e-01 -1.177947736566369752e+00
2.668333333333333712e+01 5.567401092000690303e-04 -1.095655059286080868e-01 -2.211738787852997878e-01 -3.915084834708775774e-01 -8.037463779439540934e-01 -1.177937411346799745e+00
2.670000000000000284e+01 5.495065184854226259e-04 -1.095676657522386271e-01 -2.211706099454512353e-01 -3.914962614735054136e-01 -8.037410725139506606e-01 -1.177923782396203878e+00
2.671666666666666856e+01 5.428483241412552498e-04 -1.095766320761346474e-01 -2.211826025428363651e-01 -3.915142151573294815e-01 -8.037578005913750268e-01 -1.177919203632889378e+00
2.673333333333333428e+01 5.357952440343995018e-04 -1.095786400665197668e-01 -2.211792099577724879e-01 -3.915019062835726760e-01 -8.037276985015042730e-01 -1.177927779932913532e+00
2.675000000000000000e+01 5.293032047177078031e-04 -1.095874697130666126e-01 -2.211910909447118434e-01 -3.915197818221649029e-01 -8.037213723626204231e-01 -1.177941221475205857e+00
2.676666666666666572e+01 5.224261300294807692e-04 -1.095893298106390829e-01 -2.211875779535408815e-01 -3.915073885740041892e-01 -8.037378683209842611e-01 -1.177932455319521177e+00
2.678333333333333144e+01 5.160960992885012082e-04 -1.095980263272380018e-01 -2.211993503414790285e-01 -3.915251882171454367e-01 -8.037390769664728429e-01 -1.177948338541102258e+00
2.679999999999999716e+01 5.093906358450133332e-04 -1.095997423686627809e-01 -2.211957201932294725e-01 -3.915127130237391895e-01 -8.037445984754401085e-01 -1.177938000154076015e+00
2.681666666666666288e+01 5.032185689124050792e-04 -1.096083092097011602e-01 -2.212073869119985658e-01 -3.915304389561611309e-01 -8.037419369839141625e-01 -1.177924357083607765e+00
2.683333333333332860e+01 4.966804349560024166e-04 -1.096098849314675189e-01 -2.212036427678277239e-01 -3.915178841775833751e-01 -8.037519265397630175e-01 -1.177919765698621113e+00
2.684999999999999432e+01 4.906623915213659997e-04 -1.096183254630408305e-01 -2.212152066690993568e-01 -3.915355385221151452e-01 -8.037465236316523320e-01 -1.177928330065137974e+00
2.686666666666666003e+01 4.842874116514623412e-04 -1.096197645040901114e-01 -2.212113516040064565e-01 -3.915229064489864630e-01 -8.037631572163288496e-01 -1.177941759728040161e+00
2.688333333333333997e+01 4.784195449338509202e-04 -1.096280820047033505e-01 -2.212228154622045417e-01 -3.915404912660759296e-01 -8.037329518944839046e-01 -1.177932981996127726e+00
2.690000000000000568e+01 4.722036460199722499e-04 -1.096293879100996987e-01 -2.212188524698911751e-01 -3.915277841249273916e-01 -8.037265314214826484e-01 -1.177948853819540842e+00
2.691666666666667140e+01 4.664822115117478376e-04 -1.096375855750327255e-01 -2.212302189834354782e-01 -3.915453014168764345e-01 -8.037429376008371484e-01 -1.177938504446125245e+00
2.693333333333333712e+01 4.604214281455731145e-04 -1.096387617989473123e-01 -2.212261509758937095e-01 -3.915325213681888905e-01 -8.037440574032254093e-01 -1.177924849602236090e+00
2.695000000000000284e+01 4.548427728246041231e-04 -1.096468427308267407e-01 -2.212374227724411280e-01 -3.915499730792226241e-01 -8.037494924089921833e-01 -1.177920247221293959e+00
2.696666666666666856e+01 4.489332334397573175e-04 -1.096478926360140854e-01 -2.212332525832921004e-01 -3.915371222229037662e-01 -8.037467448350379406e-01 -1.177928801186268082e+00
2.698333333333333428e+01 4.434937957403616688e-04 -1.096558598662466660e-01 -2.212444322202386238e-01 -3.915545102409576095e-01 -8.037566511376960099e-01 -1.177942220843722909e+00
2.700000000000000000e+01 4.377317292362197638e-04 -1.096567867268165297e-01 -2.212401626081311468e-01 -3.915415906153851267e-01 -8.037511649151307669e-01 -1.177933433080601944e+00
2.701666666666666572e+01 4.324280369674736793e-04 -1.096646432078774713e-01 -2.212512525749893155e-01 -3.915589167743075971e-01 -8.037677184908579298e-01 -1.177949295358728277e+00
2.703333333333333144e+01 4.268097623033925009e-04 -1.096654502693305971e-01 -2.212468862233682443e-01 -3.915459303592657703e-01 -8.037374242728635432e-01 -1.177938936309342211e+00
2.704999999999999716e+01 4.216384257752585872e-04 -1.096731987749284543e-01 -2.212578889373256752e-01 -3.915631964405468235e-01 -8.037309235734942936e-01 -1.177925271197316048e+00
2.706666666666666288e+01 4.161603538159257222e-04 -1.096738892386974751e-01 -2.212534284543968832e-01 -3.915501451588738191e-01 -8.037472537509996462e-01 -1.177920659570229622e+00
2.708333333333332860e+01 4.111180713120293913e-04 -1.096815324651980728e-01 -2.212643462697867491e-01 -3.915673528924186186e-01 -8.037482978403722722e-01 -1.177929204739995184e+00
2.709999999999999432e+01 4.057767053395766751e-04 -1.096821094132487684e-01 -2.212597941943988400e-01 -3.915542386129818309e-01 -8.037536590569374084e-01 -1.177942615655682035e+00
2.711666666666666003e+01 4.008602558320130795e-04 -1.096896500680261538e-01 -2.212706294007882601e-01 -3.915713896783861170e-01 -8.037508383475050477e-01 -1.177933819432262830e+00
2.713333333333333997e+01 3.956521841485626358e-04 -1.096901164702142190e-01 -2.212659882058874705e-01 -3.915582142147066014e-01 -8.037606735061044727e-01 -1.177949673375897621e+00
2.715000000000000568e+01 3.908584289021637347e-04 -1.096975571994118631e-01 -2.212767430313884176e-01 -3.915753102438472300e-01 -8.037551165977433465e-01 -1.177939306245933571e+00
2.716666666666667140e+01 3.857803272442149171e-04 -1.096979159359104394e-01 -2.212720151234562893e-01 -3.915620753577510604e-01 -8.037716017427481985e-01 -1.177925632409114298e+00
2.718333333333333712e+01 3.811062059896608008e-04 -1.097052593243712654e-01 -2.212826917392792803e-01 -3.915791179351933993e-01 -8.037412324914920969e-01 -1.177921012729929329e+00
2.720000000000000284e+01 3.761548315207343925e-04 -1.097055131951147344e-01 -2.212778794568954766e-01 -3.915658253375931541e-01 -8.037346633592514777e-01 -1.177929550314388507e+00
2.721666666666666856e+01 3.715973583446973262e-04 -1.097127617643781777e-01 -2.212884799743549680e-01 -3.915828160023201998e-01 -8.037509285426497341e-01 -1.177942953889751898e+00
2.723333333333333428e+01 3.667695472740655546e-04 -1.097129134921602939e-01 -2.212835855903753091e-01 -3.915694673545185300e-01 -8.037519082470504506e-01 -1.177934150301787497e+00
2.725000000000000000e+01 3.623258094125999173e-04 -1.097200696987472995e-01 -2.212941120602716361e-01 -3.915864076007026795e-01 -8.037572067110136942e-01 -1.177949997204193799e+00
2.726666666666666572e+01 3.576184766038179117e-04 -1.097201219329133476e-01 -2.212891377918640989e-01 -3.915730045164632633e-01 -8.037543236190185514e-01 -1.177939623018162019e+00
2.728333333333333144e+01 3.532856346189167194e-04 -1.097271881726611525e-01 -2.212995922111009595e-01 -3.915898957963090954e-01 -8.037640983481829648e-01 -1.177925941724039749e+00
2.729999999999999716e+01 3.486957729502979998e-04 -1.097271434936475387e-01 -2.212945402123290550e-01 -3.915764398430381377e-01 -8.037584811061597723e-01 -1.177921315234748523e+00
2.731666666666666288e+01 3.444710590902073932e-04 -1.097341221010834228e-01 -2.213049245252947106e-01 -3.915932835656307232e-01 -8.037749081435070497e-01 -1.177929846328543695e+00
2.733333333333332860e+01 3.399957355829945804e-04 -1.097339830253178383e-01 -2.212997968918217206e-01 -3.915797762650677361e-01 -8.037444747063332562e-01 -1.177943243511082372e+00
2.734999999999999432e+01 3.358764497984760068e-04 -1.097408762741889643e-01 -2.213101129904789521e-01 -3.915965737998461371e-01 -8.037378474290811647e-01 -1.177934433707049200e+00
2.736666666666666003e+01 3.315128056728739087e-04 -1.097406452539346072e-01 -2.213049117613876127e-01 -3.915830166308857385e-01 -8.037540574069030885e-01 -1.177950274537430619e+00
2.738333333333333997e+01 3.274963157030067970e-04 -1.097474553552646448e-01 -2.213151614856860849e-01 -3.915997693074194097e-01 -8.037549822260856569e-01 -1.177939894376283103e+00
2.740000000000000568e+01 3.232415595074914893e-04 -1.097471347692417498e-01 -2.213098886459263226e-01 -3.915861637051073485e-01 -8.037602272403004955e-01 -1.177926206629923200e+00
2.741666666666667140e+01 3.193252948944423305e-04 -1.097538638803129546e-01 -2.213200737861853451e-01 -3.916028728156825123e-01 -8.037572910975734342e-01 -1.177921574264743976e+00
2.743333333333333712e+01 3.151767103171821544e-04 -1.097534560510265295e-01 -2.213147312684566048e-01 -3.915892201744042289e-01 -8.037670143251895993e-01 -1.177930099824694654e+00
2.745000000000000284e+01 3.113581763869827340e-04 -1.097601062697230873e-01 -2.213248535664412431e-01 -3.916058869723563762e-01 -8.037613457755951041e-01 -1.177943491594834358e+00
2.746666666666666856e+01 3.073131175770834624e-04 -1.097596134601771245e-01 -2.213194432498449271e-01 -3.915921886468299307e-01 -8.037777232982159514e-01 -1.177934676407535575e+00
2.748333333333333428e+01 3.035898703099984899e-04 -1.097661868319162737e-01 -2.213295044011139856e-01 -3.916088143505725427e-01 -8.037472352645463891e-01 -1.177950512037300168e+00
2.750000000000000000e+01 2.996457436611718356e-04 -1.097656112491151442e-01 -2.213240281145929800e-01 -3.915950716556361177e-01 -8.037405583925100183e-01 -1.177940126744266847e+00
2.751666666666666572e+01 2.960153948431125826e-04 -1.097721097717819644e-01 -2.213340297684322500e-01 -3.916116574483107238e-01 -8.037567213436613844e-01 -1.177926433557412667e+00
2.753333333333333144e+01 2.921696726385199705e-04 -1.097714535702010719e-01 -2.213284892915867441e-01 -3.915978716619134548e-01 -8.037575994760891573e-01 -1.177921796169894675e+00
2.754999999999999716e+01 2.886299002187179739e-04 -1.097778791813851379e-01 -2.213384330537366551e-01 -3.916144186920558767e-01 -8.037627989738463929e-01 -1.177930316949475475e+00
2.756666666666666288e+01 2.848801333287704382e-04 -1.097771444664078916e-01 -2.213328301174921631e-01 -3.916005910549231750e-01 -8.037598176405630346e-01 -1.177943704058243002e+00
2.758333333333332860e+01 2.814286899254448077e-04 -1.097834990385950088e-01 -2.213427175488567045e-01 -3.916171004389280008e-01 -8.037694970133316685e-01 -1.177934884290874784e+00
2.759999999999999432e+01 2.777724913518509939e-04 -1.097826878365963654e-01 -2.213370538390087017e-01 -3.916032321548361672e-01 -8.037637847753645870e-01 -1.177950715491899780e+00
2.761666666666666003e+01 2.744071696840121792e-04 -1.097889732502677074e-01 -2.213468864591291718e-01 -3.916197049770426819e-01 -8.037801201186484112e-01 -1.177940325782802500e+00
2.763333333333333997e+01 2.708421960589567010e-04 -1.097880874879232221e-01 -2.213411636143881867e-01 -3.916057972168747181e-01 -8.037495856717922216e-01 -1.177926627851325181e+00
2.765000000000000568e+01 2.675608389742672490e-04 -1.097943055444665778e-01 -2.213509429022391950e-01 -3.916222345295057305e-01 -8.037428666255352905e-01 -1.177921986174911728e+00
2.766666666666667140e+01 2.640848060171387080e-04 -1.097933472181837067e-01 -2.213451625182484006e-01 -3.916082884296548383e-01 -8.037589895064415346e-01 -1.177930502904047216e+00
2.768333333333333712e+01 2.608853127735832715e-04 -1.097994995955549474e-01 -2.213548899125756253e-01 -3.916246912544975589e-01 -8.037598278674933372e-01 -1.177943886019816366e+00
2.770000000000000284e+01 2.574960067900838108e-04 -1.097984706087600654e-01 -2.213490535408388360e-01 -3.916107079196417540e-01 -8.037649886284410350e-01 -1.177935062322105875e+00
2.771666666666666856e+01 2.543763470456391934e-04 -1.098045590006724165e-01 -2.213587304408205780e-01 -3.916270772496746599e-01 -8.037619688166679488e-01 -1.177950889692799707e+00
2.773333333333333428e+01 2.510716116073107582e-04 -1.098034611912845071e-01 -2.213528395925494496e-01 -3.916130577510503197e-01 -8.037716108767479772e-01 -1.177940496240825530e+00
2.775000000000000000e+01 2.480297916009229745e-04 -1.098094872544852219e-01 -2.213624673605253113e-01 -3.916293945508567131e-01 -8.037658614202780605e-01 -1.177926794317411430e+00
2.776666666666666572e+01 2.448075072856564500e-04 -1.098083224065639907e-01 -2.213565235047352531e-01 -3.916153399298473725e-01 -8.037821608896318359e-01 -1.177922148942849301e+00
2.778333333333333144e+01 2.418415766984101270e-04 -1.098142877581580606e-01 -2.213661034663068627e-01 -3.916316451362514273e-01 -8.037515868304014877e-01 -1.177930662164325737e+00
2.779999999999999716e+01 2.386996827043086529e-04 -1.098130576086302629e-01 -2.213601080327511073e-01 -3.916175564033380074e-01 -8.037448318557465221e-01 -1.177944041877226455e+00
2.781666666666666288e+01 2.358077465416918961e-04 -1.098189638240293503e-01 -2.213696414775005172e-01 -3.916338309257692551e-01 -8.037609206604469092e-01 -1.177935214805363673e+00
2.783333333333332860e+01 2.327442364416282728e-04 -1.098176700641274872e-01 -2.213635958579297236e-01 -3.916197090637312805e-01 -8.037617251654898265e-01 -1.177951038934845762e+00
2.784999999999999432e+01 2.299244498144815366e-04 -1.098235186780204681e-01 -2.213730840406257783e-01 -3.916359537855175765e-01 -8.037668529312372856e-01 -1.177940642232613966e+00
2.786666666666666003e+01 2.269373703075825029e-04 -1.098221629562710216e-01 -2.213669895904214202e-01 -3.916217997482488999e-01 -8.037638003689275834e-01 -1.177926936837674354e+00
2.788333333333333997e+01 2.241879334473013746e-04 -1.098279554639071398e-01 -2.213764337309041541e-01 -3.916380155273699315e-01 -8.037734106367848685e-01 -1.177922288324796396e+00
2.790000000000000568e+01 2.212753765715901521e-04 -1.098265393869581191e-01 -2.213702917649554014e-01 -3.916238302414030148e-01 -8.037676295149096539e-01 -1.177930798571530158e+00
2.791666666666667140e+01 2.185945339996733794e-04 -1.098322772430671418e-01 -2.213796930531182205e-01 -3.916400179121423131e-01 -8.037838984111226326e-01 -1.177944175345535749e+00
2.793333333333333712e+01 2.157546420533111738e-04 -1.098308023765171421e-01 -2.213735048518103987e-01 -3.916258022776589742e-01 -8.037532906894780949e-01 -1.177935345399984124e+00
2.795000000000000284e+01 2.131406846867937616e-04 -1.098364869984810588e-01 -2.213828644457369599e-01 -3.916419626493127804e-01 -8.037465051259654603e-01 -1.177951166719258369e+00
2.796666666666666856e+01 2.103716458548378137e-04 -1.098349548655081637e-01 -2.213766312557429727e-01 -3.916277175400695310e-01 -8.037625648906925324e-01 -1.177940767274250566e+00
2.798333333333333428e+01 2.078229043012647060e-04 -1.098405876326640634e-01 -2.213859502799239154e-01 -3.916438513987571257e-01 -8.037633405710676859e-01 -1.177927058938687654e+00
2.800000000000000000e+01 2.051229484244535754e-04 -1.098389997179594069e-01 -2.213796733160225683e-01 -3.916295776631703029e-01 -8.037684402503443293e-01 -1.177922407711057717e+00
2.801666666666666572e+01 2.026377942335787035e-04 -1.098445819744971463e-01 -2.213889528652576155e-01 -3.916456857710247652e-01 -8.037653597941412098e-01 -1.177930915390530187e+00
2.803333333333333144e+01 2.000051988397532363e-04 -1.098429397234038929e-01 -2.213826333081459763e-01 -3.916313842333822293e-01 -8.037749430035341369e-01 -1.177944289672745004e+00
2.804999999999999716e+01 1.975820455020652164e-04 -1.098484727792249510e-01 -2.213918744473646893e-01 -3.916474673324853439e-01 -8.037691349083262438e-01 -1.177935457247769824e+00
2.806666666666666288e+01 1.950151290348894244e-04 -1.098467776011566310e-01 -2.213855134461543694e-01 -3.916331387922141749e-01 -8.037853777849018888e-01 -1.177951276185506657e+00
2.808333333333332860e+01 1.926524288572871641e-04 -1.098522627324665796e-01 -2.213947172121893403e-01 -3.916491976022433708e-01 -8.037547413832371035e-01 -1.177940874359481471e+00
2.809999999999999432e+01 1.901495552488546240e-04 -1.098505160003527825e-01 -2.213883158866301049e-01 -3.916348428372031232e-01 -8.037479297817605728e-01 -1.177927163490059215e+00
2.811666666666666003e+01 1.878458079304489846e-04 -1.098559544505302854e-01 -2.213974832874833487e-01 -3.916508780571334447e-01 -8.037639648279958360e-01 -1.177922509958442721e+00
2.813333333333333997e+01 1.854053842922387418e-04 -1.098541575015355570e-01 -2.213910427244083212e-01 -3.916364978222944271e-01 -8.037647159638962036e-01 -1.177931015449607210e+00
2.815000000000000568e+01 1.831591156984118014e-04 -1.098595504824476793e-01 -2.214001747412394638e-01 -3.916525101314848323e-01 -8.037697917302789596e-01 -1.177944387576397745e+00
2.816666666666667140e+01 1.807795755528138486e-04 -1.098577046193669887e-01 -2.213936959998594745e-01 -3.916381051597789265e-01 -8.037666875286425539e-01 -1.177935553044054506e+00
2.818333333333333712e+01 1.785893439142209073e-04 -1.098630533101289108e-01 -2.214027935871693831e-01 -3.916540952170811662e-01 -8.037762477020728991e-01 -1.177951369926602210e+00
2.820000000000000284e+01 1.762691655616226009e-04 -1.098611598018335717e-01 -2.213962776973838753e-01 -3.916396662213256774e-01 -8.037704166415217122e-01 -1.177940966082413166e+00
2.821666666666666856e+01 1.741335749552698443e-04 -1.098664653509588418e-01 -2.214053417841998772e-01 -3.916556346683494616e-01 -8.037866373693399735e-01 -1.177927253045296219e+00
2.823333333333333428e+01 1.718712823838838897e-04 -1.098645254333282806e-01 -2.213987897479516853e-01 -3.916411823390009705e-01 -8.037559765334164608e-01 -1.177922597526152027e+00
2.825000000000000000e+01 1.697889758948698598e-04 -1.098697889591498805e-01 -2.214078212386992317e-01 -3.916571297976343402e-01 -8.037491427568871361e-01 -1.177931101140202719e+00
2.826666666666666572e+01 1.675831290030195141e-04 -1.098678038350552610e-01 -2.214012340309765570e-01 -3.916426548075978564e-01 -8.037651567652556173e-01 -1.177944471435955487e+00
2.828333333333333144e+01 1.655527757490978425e-04 -1.098730264273599655e-01 -2.214102338048633267e-01 -3.916585818815738196e-01 -8.037658870045788495e-01 -1.177935635086390098e+00
2.829999999999999716e+01 1.634019611283757021e-04 -1.098709972688112629e-01 -2.214036123757320285e-01 -3.916440848829314536e-01 -8.037709424067221997e-01 -1.177951450216325746e+00
2.831666666666666288e+01 1.614222602698528572e-04 -1.098761799886516233e-01 -2.214125812880698152e-01 -3.916599921598942768e-01 -8.037678179884941709e-01 -1.177941044631958256e+00
2.833333333333332860e+01 1.593251021876609312e-04 -1.098741079370748885e-01 -2.214059265610827110e-01 -3.916454737865989189e-01 -8.037773585400102005e-01 -1.177927329744562712e+00
2.834999999999999432e+01 1.573947886049289081e-04 -1.098792518175961130e-01 -2.214148654445632636e-01 -3.916613618360775262e-01 -8.037715079332961032e-01 -1.177922672530388626e+00
2.836666666666666003e+01 1.553499507969967374e-04 -1.098771379844192403e-01 -2.214081783185813668e-01 -3.916468227035037608e-01 -8.037877097901223733e-01 -1.177931174535034486e+00
2.838333333333333997e+01 1.534677989140015633e-04 -1.098822440324923461e-01 -2.214170879829571725e-01 -3.916626920792072863e-01 -8.037570281816212026e-01 -1.177944543253692133e+00
2.840000000000000568e+01 1.514739800283530172e-04 -1.098800895009572204e-01 -2.214103693298272169e-01 -3.916481327845068861e-01 -8.037501755267006942e-01 -1.177935705356090823e+00
2.841666666666667140e+01 1.496387874051936524e-04 -1.098851586971733851e-01 -2.214192505656805421e-01 -3.916639840242534532e-01 -8.037661716087537433e-01 -1.177951518983136436e+00
2.843333333333333712e+01 1.476947140282873689e-04 -1.098829645222922508e-01 -2.214125012352300415e-01 -3.916494051482866667e-01 -8.037668840567706585e-01 -1.177941111912264915e+00
2.845000000000000284e+01 1.459053082867511550e-04 -1.098879978233954363e-01 -2.214213548106969132e-01 -3.916652387740901520e-01 -8.037719221257629831e-01 -1.177927395430373059e+00
2.846666666666666856e+01 1.440097362493516966e-04 -1.098857650348021159e-01 -2.214145756306395707e-01 -3.916506408801959660e-01 -8.037687804909250389e-01 -1.177922736762285094e+00
2.848333333333333428e+01 1.422649725176060428e-04 -1.098907633719744120e-01 -2.214234022913386668e-01 -3.916664573987718168e-01 -8.037783043453549103e-01 -1.177931237392652264e+00
2.850000000000000000e+01 1.404166931273466477e-04 -1.098884929698017154e-01 -2.214165940677876310e-01 -3.916518410346260248e-01 -8.037724370877399327e-01 -1.177944604764047831e+00
2.851666666666666572e+01 1.387154638564401586e-04 -1.098934572490334743e-01 -2.214253945395691370e-01 -3.916676409391207647e-01 -8.037886228901032215e-01 -1.177935765536729740e+00
2.853333333333333144e+01 1.369133020479121354e-04 -1.098911502074981367e-01 -2.214185580558577782e-01 -3.916530066360849882e-01 -8.037579235655180065e-01 -1.177951577873978417e+00
2.854999999999999716e+01 1.352545177759510915e-04 -1.098960813099206374e-01 -2.214273330459999856e-01 -3.916687904046977642e-01 -8.037510548391910703e-01 -1.177941169532342958e+00
2.856666666666666288e+01 1.334973155690574297e-04 -1.098937385783135406e-01 -2.214204690643853390e-01 -3.916541386801017932e-01 -8.037670356714147202e-01 -1.177927451694036565e+00
2.858333333333332860e+01 1.318799137624340474e-04 -1.098986373630002900e-01 -2.214292192591927055e-01 -3.916699067760452402e-01 -8.037677329699162154e-01 -1.177922791780643408e+00
2.859999999999999432e+01 1.301665524856838031e-04 -1.098962598667406060e-01 -2.214223285220131565e-01 -3.916552381312033426e-01 -8.037727562764780398e-01 -1.177931291228420552e+00
2.861666666666666003e+01 1.285895087210657593e-04 -1.099011271706762383e-01 -2.214310545911520600e-01 -3.916709910069822165e-01 -8.037695999878068376e-01 -1.177944657446497567e+00
2.863333333333333997e+01 1.269189013364242053e-04 -1.098987158124625080e-01 -2.214241378196440124e-01 -3.916563059291457982e-01 -8.037791096184051520e-01 -1.177935817080667080e+00
2.865000000000000568e+01 1.253812075685179948e-04 -1.099035524514528211e-01 -2.214328404142980600e-01 -3.916720440225623934e-01 -8.037732281915881405e-01 -1.177951628318340438e+00
2.866666666666667140e+01 1.237522816050758774e-04 -1.099011081091282316e-01 -2.214258983107081635e-01 -3.916573429840282672e-01 -8.037894003162951995e-01 -1.177941218882563312e+00
2.868333333333333712e+01 1.222529516754862131e-04 -1.099059148779260725e-01 -2.214345780634124072e-01 -3.916730667210838179e-01 -8.037586859268434081e-01 -1.177927499874771744e+00
2.870000000000000284e+01 1.206646637589514300e-04 -1.099034384062648889e-01 -2.214276113119431066e-01 -3.916583501818193258e-01 -8.037518035125785776e-01 -1.177922838896761970e+00
2.871666666666666856e+01 1.192027391109276818e-04 -1.099082160788516643e-01 -2.214362688388950562e-01 -3.916740599752214225e-01 -8.037677713530217982e-01 -1.177931337336973971e+00
2.873333333333333428e+01 1.176540771967907303e-04 -1.099057083102867871e-01 -2.214292781038534608e-01 -3.916593283820105631e-01 -8.037684557546795894e-01 -1.177944702565277169e+00
2.875000000000000000e+01 1.162286268156157413e-04 -1.099104576417292561e-01 -2.214379140052311623e-01 -3.916750246333678964e-01 -8.037734664950598740e-01 -1.177935861225277048e+00
2.876666666666666572e+01 1.147186048548044752e-04 -1.099079193871571464e-01 -2.214308999335935502e-01 -3.916602784192557141e-01 -8.037702977255730685e-01 -1.177951671515950149e+00
2.878333333333333144e+01 1.133287217993378794e-04 -1.099126411094766692e-01 -2.214395147921927598e-01 -3.916759615183804666e-01 -8.037797952500108645e-01 -1.177941261149523688e+00
2.879999999999999716e+01 1.118563759361490670e-04 -1.099100731615604148e-01 -2.214324780136266435e-01 -3.916612011040682129e-01 -8.037739017543512610e-01 -1.177927541146207124e+00
2.881666666666666288e+01 1.105011708037982203e-04 -1.099147679886578743e-01 -2.214410723973177231e-01 -3.916768714300518095e-01 -8.037900622369960058e-01 -1.177922879252849331e+00
2.883333333333332860e+01 1.090655585767574527e-04 -1.099121711178073363e-01 -2.214340135246078978e-01 -3.916620972242199072e-01 -8.037593350147603788e-01 -1.177931376826775844e+00
2.884999999999999432e+01 1.077441650992656157e-04 -1.099168397459325264e-01 -2.214425879857590262e-01 -3.916777551444514116e-01 -8.037524409510857781e-01 -1.177944741209687507e+00
2.886666666666666003e+01 1.063443710796860324e-04 -1.099142147023806776e-01 -2.214355076144607914e-01 -3.916629675446350878e-01 -8.037683977320072559e-01 -1.177935899033637490e+00
2.888333333333333997e+01 1.050559470197426440e-04 -1.099188578106298358e-01 -2.214440626903437515e-01 -3.916786134168818712e-01 -8.037690711515543818e-01 -1.177951708517664287e+00
2.890000000000000568e+01 1.036910791131559614e-04 -1.099162053247244863e-01 -2.214369614009831233e-01 -3.916638128082916559e-01 -8.037740711917357173e-01 -1.177941297348340521e+00
2.891666666666667140e+01 1.024348011508817620e-04 -1.099208235739867062e-01 -2.214454976150080912e-01 -3.916794469782161614e-01 -8.037708917980782575e-01 -1.177927576488949413e+00
2.893333333333333712e+01 1.011039864448752714e-04 -1.099181443567657512e-01 -2.214383759715866373e-01 -3.916646337362960084e-01 -8.037803790144361082e-01 -1.177922913815328654e+00
2.895000000000000284e+01 9.987905297661357144e-05 -1.099227383909932992e-01 -2.214468938322503300e-01 -3.916802565418058268e-01 -8.037744752444722085e-01 -1.177931410648876298e+00
2.896666666666666856e+01 9.858144223385459490e-05 -1.099200331363216071e-01 -2.214397523840331283e-01 -3.916654310287961960e-01 -8.037906258157375694e-01 -1.177944774304901854e+00
2.898333333333333428e+01 9.738707054313546863e-05 -1.099246035831103890e-01 -2.214482523865148045e-01 -3.916810427970219277e-01 -8.037598876641454115e-01 -1.177935931415346804e+00
2.900000000000000000e+01 9.612183385752447564e-05 -1.099218729649326515e-01 -2.214410916677938823e-01 -3.916662053675336042e-01 -8.037529836782358883e-01 -1.177951740205293474e+00
2.901666666666666572e+01 9.495726100545184931e-05 -1.099264204356213831e-01 -2.214495742935181921e-01 -3.916818064157884804e-01 -8.037689310446499702e-01 -1.177941328352938966e+00
2.903333333333333144e+01 9.372359179810777570e-05 -1.099236651116109187e-01 -2.214423948236994011e-01 -3.916669574118347152e-01 -8.037695951147026951e-01 -1.177927606761152379e+00
2.904999999999999716e+01 9.258807584488355747e-05 -1.099281902015495638e-01 -2.214508605421094400e-01 -3.916825480491833433e-01 -8.037745860437285339e-01 -1.177922943416485069e+00
2.906666666666666288e+01 9.138518757974071463e-05 -1.099254108120961831e-01 -2.214436628275429364e-01 -3.916676878048314103e-01 -8.037713976043374675e-01 -1.177931439615435227e+00
2.908333333333332860e+01 9.027800349250304508e-05 -1.099299141016811809e-01 -2.214521120935834531e-01 -3.916832683305053187e-01 -8.037808760421965015e-01 -1.177944802651599732e+00
2.909999999999999432e+01 8.910512711039574431e-05 -1.099271112695446861e-01 -2.214448966258519280e-01 -3.916683971690661514e-01 -8.037749635250565072e-01 -1.177935959148529443e+00
2.911666666666666003e+01 8.802556716554911607e-05 -1.099315933236138382e-01 -2.214533298841641906e-01 -3.916839678746146802e-01 -8.037911056546738209e-01 -1.177951767345882139e+00
2.913333333333333997e+01 8.688195499833145641e-05 -1.099287676574234041e-01 -2.214460971422607116e-01 -3.916690861104119570e-01 -8.037603582056288554e-01 -1.177941354905525317e+00
2.915000000000000568e+01 8.582933091356687407e-05 -1.099332290255876643e-01 -2.214545148246344630e-01 -3.916846472783577782e-01 -8.037534457732439241e-01 -1.177927632687393755e+00
2.916666666666667140e+01 8.471425163284440586e-05 -1.099303811167309380e-01 -2.214472652745629877e-01 -3.916697552164771223e-01 -8.037693851205445217e-01 -1.177922968769543388e+00
2.918333333333333712e+01 8.368789055359186215e-05 -1.099348223352875908e-01 -2.214556678007333357e-01 -3.916853071217633042e-01 -8.037700412296842067e-01 -1.177931464424851749e+00
2.920000000000000284e+01 8.260063323911342353e-05 -1.099319527604816493e-01 -2.214484018958556288e-01 -3.916704050587146435e-01 -8.037750244027871416e-01 -1.177944826928246869e+00
2.921666666666666856e+01 8.159988020717406378e-05 -1.099363743517772635e-01 -2.214567896739673969e-01 -3.916859479676877420e-01 -8.037718282604787712e-01 -1.177935982901490597e+00
2.923333333333333428e+01 8.053974936331129424e-05 -1.099334836719720460e-01 -2.214495078562984665e-01 -3.916710361918319672e-01 -8.037812992267930889e-01 -1.177951790590512360e+00
2.925000000000000000e+01 7.956396560658908262e-05 -1.099378861446414779e-01 -2.214578812840479194e-01 -3.916865703633428120e-01 -8.037753792606262548e-01 -1.177941377648023202e+00
2.926666666666666572e+01 7.853028565152464610e-05 -1.099349749071301535e-01 -2.214505839828679878e-01 -3.916716491538262956e-01 -8.037915142061553553e-01 -1.177927654892073406e+00
2.928333333333333144e+01 7.757884757224892537e-05 -1.099393587570509645e-01 -2.214589434473605845e-01 -3.916871748397579012e-01 -8.037607588323618657e-01 -1.177922990482201060e+00
2.929999999999999716e+01 7.657095798445098334e-05 -1.099364274937054409e-01 -2.214516310801782906e-01 -3.916722444683625182e-01 -8.037538392083920513e-01 -1.177931485672613077e+00
2.931666666666666288e+01 7.564325741537965525e-05 -1.099407932031698371e-01 -2.214599769578001198e-01 -3.916877619125603838e-01 -8.037697717313495582e-01 -1.177944847721110522e+00
2.933333333333332860e+01 7.466051437897372087e-05 -1.099378424338766924e-01 -2.214526499316975261e-01 -3.916728226434975646e-01 -8.037704210621600120e-01 -1.177936003244590912e+00
2.934999999999999432e+01 7.375596085780379162e-05 -1.099421904727711646e-01 -2.214609825888025352e-01 -3.916883320837850624e-01 -8.037753976306893922e-01 -1.177951810498039542e+00
2.936666666666666003e+01 7.279773718599042104e-05 -1.099392207028776491e-01 -2.214536413052172747e-01 -3.916733841722742082e-01 -8.037721949312942593e-01 -1.177941397125487732e+00
2.938333333333333997e+01 7.191575269743585180e-05 -1.099435515290562854e-01 -2.214619610935575633e-01 -3.916888858387899686e-01 -8.037816595338701520e-01 -1.177927673910014406e+00
2.940000000000000568e+01 7.098143775830554703e-05 -1.099405632512036601e-01 -2.214546059352934804e-01 -3.916739295341659655e-01 -8.037757332272895683e-01 -1.177923009079984817e+00
2.941666666666667140e+01 7.012146074258553813e-05 -1.099448773109638761e-01 -2.214629132031850633e-01 -3.916894236513586702e-01 -8.037918620528509139e-01 -1.177931503871112673e+00
2.943333333333333712e+01 6.921045945412324888e-05 -1.099418710042819186e-01 -2.214555445431993785e-01 -3.916744591950078180e-01 -8.037610999383371091e-01 -1.177944865528562479e+00
2.945000000000000284e+01 6.837194041567302765e-05 -1.099461687325110765e-01 -2.214638396291806199e-01 -3.916899459794223048e-01 -8.037541741910104731e-01 -1.177936020668221007e+00
2.946666666666666856e+01 6.748366848916142352e-05 -1.099431448642460979e-01 -2.214564578306774389e-01 -3.916749736066999499e-01 -8.037701009006672503e-01 -1.177951827549299946e+00
2.948333333333333428e+01 6.666607037656659596e-05 -1.099474266839514797e-01 -2.214647410640247505e-01 -3.916904532693263330e-01 -8.037707444614095031e-01 -1.177941413807438220e+00
2.950000000000000000e+01 6.579996027536008153e-05 -1.099443857091731425e-01 -2.214573464809047043e-01 -3.916754732076792589e-01 -8.037757154065345855e-01 -1.177927690197045907e+00
2.951666666666666572e+01 6.500275959664693327e-05 -1.099486520324367694e-01 -2.214656181813237368e-01 -3.916909459543094774e-01 -8.037725071233760010e-01 -1.177923025006946789e+00
2.953333333333333144e+01 6.415825872719226313e-05 -1.099455943947690306e-01 -2.214582111587297397e-01 -3.916759584250247284e-01 -8.037819663093003220e-01 -1.177931519456978160e+00
2.954999999999999716e+01 6.338095095829680153e-05 -1.099498456230713905e-01 -2.214664716380826959e-01 -3.916914244540192214e-01 -8.037760346028458569e-01 -1.177944880780774417e+00
2.956666666666666288e+01 6.255752260726309252e-05 -1.099467717544357348e-01 -2.214590525110003982e-01 -3.916764296725857020e-01 -8.037921582201539294e-01 -1.177936035590176678e+00
2.958333333333332860e+01 6.179960995595978673e-05 -1.099510082783965031e-01 -2.214673020723857966e-01 -3.916918891774676115e-01 -8.037613903619356126e-01 -1.177951842151872652e+00
2.959999999999999432e+01 6.099672611570592989e-05 -1.099479185994905323e-01 -2.214598711675502540e-01 -3.916768873526350059e-01 -8.037544594019565558e-01 -1.177941428094823495e+00
2.961666666666666003e+01 6.025772163112965124e-05 -1.099521408014596663e-01 -2.214681101059828572e-01 -3.916923405214656206e-01 -8.037703811639331786e-01 -1.177927704147903709e+00
2.963333333333333997e+01 5.947486857203658028e-05 -1.099490357209975677e-01 -2.214606677412307434e-01 -3.916773318556434069e-01 -8.037710198106395865e-01 -1.177923038648263310e+00
2.965000000000000568e+01 5.875430160886228881e-05 -1.099532439716063431e-01 -2.214688963436702851e-01 -3.916927788712233904e-01 -8.037759859682402919e-01 -1.177931532805683190e+00
2.966666666666667140e+01 5.799098010887089252e-05 -1.099501238892901800e-01 -2.214614428273185276e-01 -3.916777635607616714e-01 -8.037727729315822245e-01 -1.177944893843175356e+00
2.968333333333333712e+01 7.075553871981348289e-03 -1.029980531821234474e-01 -2.145724444290671717e-01 -3.848824139897313867e-01 -7.972404747875528885e-01 -1.171628367561262207e+00
2.970000000000000284e+01 1.461404028499808765e-02 -9.557815910607485310e-02 -2.072770026410232225e-01 -3.777690890929107925e-01 -7.905780152630668134e-01 -1.165353413761247348e+00
2.971666666666666856e+01 2.230710862035206396e-02 -8.803348373972966212e-02 -1.998839605851312207e-01 -3.706347562633633963e-01 -7.839967338849316292e-01 -1.159229159594794334e+00
2.973333333333333428e+01 3.034720124071076802e-02 -8.016017173135669971e-02 -1.921904789504244315e-01 -3.631996567990385394e-01 -7.772135485364315421e-01 -1.152932503182246382e+00
2.975000000000000000e+01 3.867980480202663079e-02 -7.204404668214728358e-02 -1.842589331275234499e-01 -3.555645368912794813e-01 -7.702672863032566930e-01 -1.146485428632423531e+00
2.976666666666666572e+01 4.486306052945743944e-02 -6.606086107707172250e-02 -1.784873493874945261e-01 -3.500675977505027792e-01 -7.653968829675651397e-01 -1.142045028867718415e+00
2.978333333333333144e+01 5.115146520322520762e-02 -5.996461842647275026e-02 -1.725879215592160953e-01 -3.444643980208549894e-01 -7.603850857555773946e-01 -1.137398791937587639e+00
2.979999999999999716e+01 5.768445082642141564e-02 -5.363252954291271302e-02 -1.664508258750380942e-01 -3.386137683639117157e-01 -7.551312915486424471e-01 -1.132476216858330220e+00
2.981666666666666288e+01 6.438571119544461707e-02 -4.713804810511797172e-02 -1.601623088915433424e-01 -3.326067302524229885e-01 -7.497376681656096054e-01 -1.127382130990929765e+00
2.983333333333332860e+01 7.127806653100698941e-02 -4.044885380427003935e-02 -1.536799841252117771e-01 -3.264262488097730008e-01 -7.441587299741182493e-01 -1.122122402145633302e+00
2.984999999999999432e+01 7.866084731954987863e-02 -3.328011061959410682e-02 -1.467225234659479682e-01 -3.197759688497303632e-01 -7.381335307823382319e-01 -1.116398091087131172e+00
2.986666666666666003e+01 8.625862776831040579e-02 -2.590588736129916317e-02 -1.395687751007988198e-01 -3.129340319968246242e-01 -7.319223368977367805e-01 -1.110522142462699202e+00
2.988333333333333997e+01 9.405036528016627595e-02 -1.833963553858562051e-02 -1.322314734074269138e-01 -3.059235599164664698e-01 -7.255551526152995701e-01 -1.104477082875337635e+00
2.990000000000000568e+01 1.020423457083359520e-01 -1.057716134168948385e-02 -1.246974166751241564e-01 -2.987245527704305292e-01 -7.190129818205542866e-01 -1.098256743780270162e+00
2.991666666666667140e+01 1.102316318055030497e-01 -2.623616670266384985e-03 -1.169773078456592258e-01 -2.913370293438072856e-01 -7.122965703694829065e-01 -1.091855220741895005e+00
2.993333333333333712e+01 1.185169671403374370e-01 5.421495048151729265e-03 -1.091697557038422695e-01 -2.838702629784876641e-01 -7.055068776701231004e-01 -1.085377859315475257e+00
2.995000000000000284e+01 1.269942527390238440e-01 1.365555599756931859e-02 -1.011773332604172931e-01 -2.762230584509857145e-01 -6.985337132927719184e-01 -1.078718964708614170e+00
2.996666666666666856e+01 1.356666737795600708e-01 2.208221028685159598e-02 -9.299553948434659267e-02 -2.683902385670378643e-01 -6.913845349249284622e-01 -1.071884671006341438e+00
2.998333333333333428e+01 1.445302870912301141e-01 3.069683564044036611e-02 -8.462754641842652747e-02 -2.603760388649604129e-01 -6.840609437797291470e-01 -1.064873278904195697e+00
3.000000000000000000e+01 1.535877561485886611e-01 3.950133201221486118e-02 -7.607364515835392249e-02 -2.521779835068168052e-01 -6.765597259152672516e-01 -1.057678842860812818e+00
3.001666666666666572e+01 1.626248787197130674e-01 4.828470279489675832e-02 -6.754173997631851556e-02 -2.440034771722254248e-01 -6.690818531287987536e-01 -1.050505896443098441e+00
3.003333333333333144e+01 1.718371752052908208e-01 5.724287026665245137e-02 -5.883520348712301118e-02 -2.356560988349186148e-01 -6.614317409888933463e-01 -1.043158400792716822e+00
3.004999999999999716e+01 1.812320256075012348e-01 6.638188537580606841e-02 -4.994966453424282832e-02 -2.271292891230615174e-01 -6.536024393925632392e-01 -1.035634645385991259e+00
3.006666666666666288e+01 1.908032836582421732e-01 7.569572660056816948e-02 -4.089054244048592746e-02 -2.184312874894457912e-01 -6.456015855315274665e-01 -1.027942867537815275e+00
3.008333333333332860e+01 2.005533058626207121e-01 8.518659095393338321e-02 -3.165624983450571195e-02 -2.095605937746776726e-01 -6.374312915350961450e-01 -1.020075864586254211e+00
3.009999999999999432e+01 2.101554003589964914e-01 9.453035793045197477e-02 -2.256783433063786967e-02 -2.008331139240463470e-01 -6.293986934964401758e-01 -1.012335222297322090e+00
3.011666666666666003e+01 2.199079835867000232e-01 1.040256258637110715e-01 -1.332728621651384227e-02 -1.919522324025840498e-01 -6.212087443368990991e-01 -1.004439368053414050e+00
3.013333333333333997e+01 2.298246632481667218e-01 1.136849469543231572e-01 -3.922486153011143888e-03 -1.829073312681040175e-01 -6.128528425881898389e-01 -9.963783645410680956e-01
3.015000000000000568e+01 2.398949733176639343e-01 1.234970229979315964e-01 5.634296866745779758e-03 -1.737104541782879819e-01 -6.043454354312299825e-01 -9.881658688051224715e-01
3.016666666666667140e+01 2.501201537641444816e-01 1.334641002698101209e-01 1.534621438299368749e-02 -1.643584611524805117e-01 -5.956823767627924537e-01 -9.798020534809404047e-01
3.018333333333333712e+01 2.601701158914286327e-01 1.432585449535414557e-01 2.488855797768189937e-02 -1.551705883027406918e-01 -5.871732271348015786e-01 -9.715872516282599847e-01
3.020000000000000284e+01 2.703484583610835101e-01 1.531841352576707727e-01 3.456432352752671078e-02 -1.458471229373170253e-01 -5.785246793767726547e-01 -9.632295835086333025e-01
3.021666666666666856e+01 2.806699986362695687e-01 1.632539671518641877e-01 4.438450250795174939e-02 -1.363789401891554731e-01 -5.697284087743310632e-01 -9.547269170190176846e-01
3.023333333333333428e+01 2.911244714055014060e-01 1.734563521674662434e-01 5.433727114386622398e-02 -1.267770375980646347e-01 -5.607981046952014159e-01 -9.460941184271736137e-01
3.025000000000000000e+01 3.017125919063841644e-01 1.837931190241272605e-01 6.442506174120801732e-02 -1.170393085684479501e-01 -5.517310828361197128e-01 -9.373273542835582894e-01
3.026666666666666572e+01 3.120992597645068090e-01 1.939313353435708487e-01 7.431769319148162634e-02 -1.074927783944825549e-01 -5.428437076511715143e-01 -9.287349398066260253e-01
3.028333333333333144e+01 3.225910953753391985e-01 2.041770408319691366e-01 8.431971027121494544e-02 -9.783239506646317085e-02 -5.338362362115248727e-01 -9.200223529191646765e-01
3.029999999999999716e+01 3.332014051358014872e-01 2.145431737840569064e-01 9.444419899271723484e-02 -8.804637042506688327e-02 -5.247012510587327760e-01 -9.111877606202843927e-01
3.031666666666666288e+01 3.439210054000781391e-01 2.250200803377385705e-01 1.046815852711535655e-01 -7.814581339210541211e-02 -5.154516731058417234e-01 -9.022433062758768996e-01
3.033333333333332860e+01 3.547523833978192265e-01 2.356111006607851110e-01 1.150340071667680930e-01 -6.813150378861045076e-02 -5.060863198310568967e-01 -8.931879523158675616e-01
3.034999999999999432e+01 3.653566865867162727e-01 2.459781272265104957e-01 1.251644248077627697e-01 -5.833373432903081468e-02 -4.969271979427433705e-01 -8.843353191641325495e-01
3.036666666666666003e+01 3.760443177869228770e-01 2.564300303427801686e-01 1.353821992653201911e-01 -4.844378038970462153e-02 -4.876694625845887643e-01 -8.753879086247804420e-01
3.038333333333333997e+01 3.868276503813358747e-01 2.669796227037147252e-01 1.457002993571655525e-01 -3.845111648341621030e-02 -4.783061223892913216e-01 -8.663394995116850961e-01
3.040000000000000568e+01 3.976973242635886696e-01 2.776173333572762303e-01 1.561082876375630701e-01 -2.836604145130992502e-02 -4.688499182817089106e-01 -8.572019797602574709e-01
3.041666666666667140e+01 4.086556585771795036e-01 2.883460458316062236e-01 1.666084060257228550e-01 -1.818671706257493637e-02 -4.592997165572516027e-01 -8.479750983871090497e-01
3.043333333333333712e+01 4.197007235625839772e-01 2.991627272064503185e-01 1.771983772742133367e-01 -7.916567698136253023e-03 -4.496594031877521602e-01 -8.386651618644090922e-01
3.045000000000000284e+01 4.308325620287313806e-01 3.100672423811656198e-01 1.878777767100469898e-01 2.443106311963949909e-03 -4.399296251600040564e-01 -8.292747694203772557e-01
3.046666666666666856e+01 4.420494142104933744e-01 3.210588927153932848e-01 1.986444809537335487e-01 1.289041333340189104e-02 -4.301115091225150566e-01 -8.198053644875912260e-01
3.048333333333333428e+01 4.533508236097500421e-01 3.321364204953741739e-01 2.094970936155375885e-01 2.342445744877053038e-02 -4.202067109528219713e-01 -8.102576265590620830e-01
3.050000000000000000e+01 4.647363725349653585e-01 3.432979759734318681e-01 2.204342496168334442e-01 3.404403297212962171e-02 -4.102176710286648542e-01 -8.006323533650460123e-01
3.051666666666666572e+01 4.768961423534544553e-01 3.552288874543635400e-01 2.321363751903975925e-01 4.542125075632265363e-02 -3.994927882296529509e-01 -7.902993588659528168e-01
3.053333333333333144e+01 4.891885980576312076e-01 3.672897214589418979e-01 2.439654302458106327e-01 5.692039109756795445e-02 -3.886605851904162412e-01 -7.798763818461271757e-01
3.054999999999999716e+01 5.015838712041135183e-01 3.794518179060958896e-01 2.558941792677910110e-01 6.851642128269375132e-02 -3.777407133433774433e-01 -7.693769517107258427e-01
3.056666666666666288e+01 5.140976950419936520e-01 3.917316031160485990e-01 2.679394509113141587e-01 8.022770698532438738e-02 -3.667117687697639128e-01 -7.587766594755246397e-01
3.058333333333332860e+01 5.267213201653221377e-01 4.041207058641696492e-01 2.800933279706007140e-01 9.204660406008725870e-02 -3.555796759624477721e-01 -7.480800691828475291e-01
3.059999999999999432e+01 5.379398874416865262e-01 4.151151106777338784e-01 2.908632889492420159e-01 1.024985680926428638e-01 -3.457716371200990069e-01 -7.386680612317473305e-01
3.061666666666666003e+01 5.491541550186863629e-01 4.261129345648722588e-01 3.016446230320427024e-01 1.129739635696135197e-01 -3.359148403976892627e-01 -7.291919614524994264e-01
3.063333333333333997e+01 5.604248190880765090e-01 4.371724260649099691e-01 3.124933604422077127e-01 1.235239170554555815e-01 -3.259701141540392033e-01 -7.196244998575141993e-01
3.065000000000000568e+01 5.717145695765578628e-01 4.482552790617038707e-01 3.233692962178700836e-01 1.341059378306377337e-01 -3.159853619047458539e-01 -7.100204577951184648e-01
3.066666666666667140e+01 5.830390789205261992e-01 4.593765963231682958e-01 3.342868713920044144e-01 1.447336164728335872e-01 -3.059507332662022572e-01 -7.003721439200637500e-01
3.068333333333333712e+01 5.942741192672668094e-01 4.704119687069807099e-01 3.451217691783715624e-01 1.552830033817191313e-01 -2.959880733036042155e-01 -6.907994940669540673e-01
3.070000000000000284e+01 6.055324683037532907e-01 4.814734160470498514e-01 3.559852382837117579e-01 1.658639212165663457e-01 -2.859897719674147631e-01 -6.811971578131019722e-01
3.071666666666666856e+01 6.168169869460957688e-01 4.925638419943212942e-01 3.668796926801463076e-01 1.764782449180369861e-01 -2.759561073554542832e-01 -6.715677998421644146e-01
3.073333333333333428e+01 6.281257302643461493e-01 5.036806012952573797e-01 3.778023086510778339e-01 1.871228827454318733e-01 -2.658916723893616774e-01 -6.619166221580172760e-01
3.075000000000000000e+01 6.394596583203829843e-01 5.148238891003302786e-01 3.887529883174319911e-01 1.977974379857588005e-01 -2.557972829355209532e-01 -6.522444584355784336e-01
3.076666666666666572e+01 6.505799678406113395e-01 5.257564721715874967e-01 3.994959839886116915e-01 2.082687178955995588e-01 -2.458996857891721233e-01 -6.427707034266142427e-01
3.078333333333333144e+01 6.617071417026360036e-01 5.366986965834807943e-01 4.102510929600141076e-01 2.187550917677754669e-01 -2.359838611031164490e-01 -6.332840398096241108e-01
3.079999999999999716e+01 6.728498550426983416e-01 5.476588093804886093e-01 4.210261656891439164e-01 2.292636049795536146e-01 -2.260447873938462027e-01 -6.237819257480893276e-01
3.081666666666666288e+01 6.840024544762909331e-01 5.586305899323267266e-01 4.318145473235995846e-01 2.397874698218425416e-01 -2.160902546779719380e-01 -6.142729217467047809e-01
3.083333333333332860e+01 6.951671322895366378e-01 5.696162191727266455e-01 4.426180546285986006e-01 2.503280570143783801e-01 -2.061195333069655578e-01 -6.047565857641136189e-01
3.084999999999999432e+01 7.061024628701001449e-01 5.803755465885073184e-01 4.531980842719777192e-01 2.606492029377170394e-01 -1.963620990480859085e-01 -5.954550253997610287e-01
3.086666666666666003e+01 7.170320584659028995e-01 5.911314631866790847e-01 4.637769810272642790e-01 2.709721542771916236e-01 -1.865997358625346991e-01 -5.861542425450473326e-01
3.088333333333333997e+01 7.279642412397268059e-01 6.018919721868841721e-01 4.743622770134281463e-01 2.813040364220309453e-01 -1.768271336706233043e-01 -5.768511798045079519e-01
3.090000000000000568e+01 7.388938271987367523e-01 6.126514280095141096e-01 4.849479740034177144e-01 2.916381337618756397e-01 -1.670532098993158798e-01 -5.675548384866281326e-01
3.091666666666667140e+01 7.498229268941474235e-01 6.234116906296665039e-01 4.955358697218301689e-01 3.019759183796103530e-01 -1.572769946594036461e-01 -5.582643642290909813e-01
3.093333333333333712e+01 7.606293342510737077e-01 6.340514371057226484e-01 5.060053472972875221e-01 3.121973797198798750e-01 -1.476147024005029507e-01 -5.490925505281787355e-01
3.095000000000000284e+01 7.714261750270833273e-01 6.446833149250668082e-01 5.164687830876176777e-01 3.224144153401642954e-01 -1.379566035061226825e-01 -5.399318655872746842e-01
3.096666666666666856e+01 7.822175379517657401e-01 6.553111989615103550e-01 5.269298842308035580e-01 3.326300619525205948e-01 -1.283006404698011638e-01 -5.307804663437648562e-01
3.098333333333333428e+01 7.930008802057144646e-01 6.659324875230856478e-01 5.373855234760716026e-01 3.428411520229074916e-01 -1.186503443881817971e-01 -5.216426657982897730e-01
3.100000000000000000e+01 8.037773376532260095e-01 6.765483877036961857e-01 5.478365922155077339e-01 3.530482813820022825e-01 -1.090053116460233673e-01 -5.125179792258856004e-01
3.101666666666666572e+01 8.144245011675947943e-01 6.870369697756263383e-01 5.581619948213808469e-01 3.631316400632100816e-01 -9.948196344025228566e-02 -5.035186775056429420e-01
3.103333333333333144e+01 8.250561953280522998e-01 6.975117767111301825e-01 5.684747384769267553e-01 3.732040624852255850e-01 -8.996926988231020161e-02 -4.945364381488238648e-01
3.104999999999999716e+01 8.356768059313848251e-01 7.079767731093061789e-01 5.787785705106600620e-01 3.832690365814439004e-01 -8.046508223476718513e-02 -4.855698837871539331e-01
3.106666666666666288e+01 8.462839426250864383e-01 7.184292830279875863e-01 5.890706341638002330e-01 3.933232175777329198e-01 -7.097319543136076936e-02 -4.766225746679833564e-01
3.108333333333332860e+01 8.568788773697878502e-01 7.288706045705383163e-01 5.993519364608406175e-01 4.033675470254642348e-01 -6.149277416810677854e-02 -4.676938258051319131e-01
3.109999999999999432e+01 8.672154275678335411e-01 7.390558420569419695e-01 6.093793581147582961e-01 4.131613975675900163e-01 -5.225774935505207719e-02 -4.590099144582878710e-01
3.111666666666666003e+01 8.775229324146721632e-01 7.492136437127842052e-01 6.193813941346826279e-01 4.229318226776769274e-01 -4.304432046593398287e-02 -4.503513966983849759e-01
3.113333333333333997e+01 8.878099584311840431e-01 7.593522206346599024e-01 6.293656273641973220e-01 4.326859323487188824e-01 -3.384723302326187594e-02 -4.417147287677519185e-01
3.115000000000000568e+01 8.980715117361756095e-01 7.694664147985724734e-01 6.393265618831427410e-01 4.424178982565137308e-01 -2.467291269882196728e-02 -4.331074441228081051e-01
3.116666666666667140e+01 9.083102370837703443e-01 7.795587679739728326e-01 6.492667005695037519e-01 4.521297944803363000e-01 -1.552021452592029262e-02 -4.245278466214596480e-01
3.118333333333333712e+01 9.185256306988771602e-01 7.896286340355217481e-01 6.591851513423762077e-01 4.618206269056223667e-01 -6.390220102324333309e-03 -4.159771301707440583e-01
3.120000000000000284e+01 9.287183987875891056e-01 7.996764990638866033e-01 6.690825870790022556e-01 4.714908237400673441e-01 2.717752554737756527e-03 -4.074548206444996712e-01
3.121666666666666856e+01 9.388885715688125577e-01 8.097026241703655369e-01 6.789588871377006951e-01 4.811401034691591416e-01 1.180363947716205238e-02 -3.989609499703665740e-01
3.123333333333333428e+01 9.490367639786541076e-01 8.197074516814844003e-01 6.888143503884727181e-01 4.907687373425348998e-01 2.086716950875534479e-02 -3.904950165953736674e-01
3.125000000000000000e+01 9.591631837499468016e-01 8.296912189894886103e-01 6.986492507284919329e-01 5.003768905399306188e-01 2.990829418510359411e-02 -3.820567819687160638e-01
3.126666666666666572e+01 9.690190765141850626e-01 8.394068662660564284e-01 7.082180433781039008e-01 5.097217942856853146e-01 3.869133490249012514e-02 -3.738746033720715678e-01
3.128333333333333144e+01 9.788370279148090880e-01 8.490862480462960660e-01 7.177518819748253120e-01 5.190336874798320288e-01 4.744302018240605795e-02 -3.657261498479654205e-01
3.129999999999999716e+01 9.886256267931283759e-01 8.587376209709811636e-01 7.272586740628655955e-01 5.283198060273502916e-01 5.616904591156654525e-02 -3.576074208943868515e-01
3.131666666666666288e+01 9.983802427152510539e-01 8.683560457703297653e-01 7.367332250339411193e-01 5.375745122376140994e-01 6.486297024339013340e-02 -3.495255998310694001e-01
3.133333333333332860e+01 1.008103710968851763e+00 8.779440164012179970e-01 7.461779239868285840e-01 5.468000248670349395e-01 7.352671580412556418e-02 -3.414786693782719817e-01
3.134999999999999432e+01 1.017795626798685849e+00 8.875010428204646029e-01 7.555921376071662587e-01 5.559955951543024133e-01 8.215915520144856377e-02 -3.334677130222510333e-01
3.136666666666666003e+01 1.027456981871248676e+00 8.970280134983870113e-01 7.649768058901540435e-01 5.651620361893329170e-01 9.076091370648482759e-02 -3.254921934741832334e-01
3.138333333333333997e+01 1.037088013481212379e+00 9.065251128907318989e-01 7.743322053690934181e-01 5.742994059690229580e-01 9.933190819294776541e-02 -3.175518266764289499e-01
3.140000000000000568e+01 1.046689284554556343e+00 9.159928189411278288e-01 7.836586813924891759e-01 5.834080992872426874e-01 1.078726189867029311e-01 -3.096458546347858887e-01
3.141666666666667140e+01 1.056261194524571678e+00 9.254315078654433702e-01 7.929565520708343751e-01 5.924883803778278057e-01 1.163833333538234760e-01 -3.017739335936145961e-01
3.143333333333333712e+01 1.065552807576834571e+00 9.345917848150767648e-01 8.019780134434574270e-01 6.012948784741939390e-01 1.246258219356309316e-01 -2.941666431790251890e-01
3.145000000000000284e+01 1.074799307322306552e+00 9.437083646514734525e-01 8.109571306085298081e-01 6.100606136715480687e-01 1.328296674249269671e-01 -2.865988724851645242e-01
3.146666666666666856e+01 1.084009219676459912e+00 9.527894143792463577e-01 8.199016986129720186e-01 6.187927543032323285e-01 1.410004100146207417e-01 -2.790665340192663990e-01
3.148333333333333428e+01 1.093178066701217643e+00 9.618301385119008007e-01 8.288067466802424565e-01 6.274861198505513604e-01 1.491318023373423562e-01 -2.715768568841733788e-01
3.150000000000000000e+01 1.102308714609719908e+00 9.708333647966184143e-01 8.376748800137366890e-01 6.361431909998900291e-01 1.572261054957558579e-01 -2.641279135333817751e-01
3.151666666666666572e+01 1.112285003393228999e+00 9.806776039022252478e-01 8.473786538116254707e-01 6.456271915340338063e-01 1.661219526599507224e-01 -2.559072306164500987e-01
3.153333333333333144e+01 1.122281791282698338e+00 9.905393231773715890e-01 8.570966496298160209e-01 6.551201967189799191e-01 1.750137314004128475e-01 -2.477027179742948282e-01
3.154999999999999716e+01 1.132271485775469211e+00 1.000391966505420838e+00 8.668035769496009735e-01 6.645989435171297810e-01 1.838835709624576931e-01 -2.395259014915298024e-01
3.156666666666666288e+01 1.142271723075750645e+00 1.010254093317449087e+00 8.765186384277309228e-01 6.740840128095241246e-01 1.927551895071510646e-01 -2.313498553730521379e-01
3.158333333333332860e+01 1.152274503175291676e+00 1.020117940059889206e+00 8.862344554970316146e-01 6.835684907518373432e-01 2.016230559308019032e-01 -2.231786644700176903e-01
3.159999999999999432e+01 1.161267693433119419e+00 1.028977800472674398e+00 8.949520022238565131e-01 6.920641471081283580e-01 2.095278137714233768e-01 -2.159407234129627484e-01
3.161666666666666003e+01 1.170198205755328846e+00 1.037778676308292347e+00 9.036140823159990454e-01 7.005099014578314298e-01 2.173948335505249962e-01 -2.087303037613968959e-01
3.163333333333333997e+01 1.179098310737877409e+00 1.046551479489946423e+00 9.122503585263700421e-01 7.089331502018242359e-01 2.252457382270906527e-01 -2.015322529494195103e-01
3.165000000000000568e+01 1.187948308394576102e+00 1.055275519939069540e+00 9.208393381439338166e-01 7.173110073306441237e-01 2.330542716273905357e-01 -1.943760442600713789e-01
3.166666666666667140e+01 1.196757994505674993e+00 1.063960360378833681e+00 9.293902064037017352e-01 7.256521718403922128e-01 2.408279230102285118e-01 -1.872554535567307055e-01
3.168333333333333712e+01 1.205397228846867952e+00 1.072476415261134797e+00 9.377739633611555936e-01 7.338285812581969436e-01 2.484411989369174900e-01 -1.802929771826337901e-01
3.170000000000000284e+01 1.213988054784473913e+00 1.080945242532922013e+00 9.461117174005413410e-01 7.419605042513454096e-01 2.560120261755882143e-01 -1.733737462676681329e-01
3.171666666666666856e+01 1.222534556021969809e+00 1.089370579327901156e+00 9.544071469056633061e-01 7.500509413474125697e-01 2.635421608085568579e-01 -1.664969730214176380e-01
3.173333333333333428e+01 1.231035784187110460e+00 1.097751137460629911e+00 9.626584605054084864e-01 7.580980036272463307e-01 2.710291140991692993e-01 -1.596654774069226068e-01
3.175000000000000000e+01 1.239493366289431631e+00 1.106088577077869450e+00 9.708672729220425568e-01 7.661030895521161455e-01 2.784738802236233490e-01 -1.528784194864863943e-01
3.176666666666666572e+01 1.248291250394284235e+00 1.114764647419846488e+00 9.794128547597453771e-01 7.744413699082313141e-01 2.862410359051895115e-01 -1.457825715829383362e-01
3.178333333333333144e+01 1.257071506313887532e+00 1.123422074907071355e+00 9.879387760660851558e-01 7.827579779841269403e-01 2.939809831589649813e-01 -1.387196400998561563e-01
3.179999999999999716e+01 1.265823103525042237e+00 1.132050284318739442e+00 9.964349390331184164e-01 7.910435638494498489e-01 3.016866535572131913e-01 -1.316939430468199168e-01
3.181666666666666288e+01 1.274553862152821626e+00 1.140657379802503923e+00 1.004909700343532108e+00 7.993070750426192195e-01 3.093683688041163893e-01 -1.246936453038540588e-01
3.183333333333332860e+01 1.283260761832512475e+00 1.149240444399411087e+00 1.013360259388134788e+00 8.075459024820257348e-01 3.170240166996468600e-01 -1.177201756735010985e-01
3.184999999999999432e+01 1.291432129236137927e+00 1.157290952626740532e+00 1.021281330582263447e+00 8.152600525090081263e-01 3.241678782940671799e-01 -1.112436409732863590e-01
3.186666666666666003e+01 1.299547944257223753e+00 1.165287983128833638e+00 1.029150738159021472e+00 8.229253264314865257e-01 3.312687415900029686e-01 -1.048053192317509319e-01
3.188333333333333997e+01 1.307624140131543600e+00 1.173246813361763508e+00 1.036983271062434486e+00 8.305552740029068515e-01 3.383373883138272031e-01 -9.839742797688437459e-02
3.190000000000000568e+01 1.315651346659065135e+00 1.181157506785329492e+00 1.044768589030563355e+00 8.381390468626828127e-01 3.453612481697127534e-01 -9.203425625585053005e-02
3.191666666666667140e+01 1.323634729083464023e+00 1.189025153647646604e+00 1.052511400653134643e+00 8.456811817240205142e-01 3.523442986747679639e-01 -8.571234991368963108e-02
3.193333333333333712e+01 1.331573388989860662e+00 1.196848673449315337e+00 1.060210510602353384e+00 8.531803115281653138e-01 3.592847114352148985e-01 -7.943394836553999139e-02
3.195000000000000284e+01 1.339469033651785823e+00 1.204629726971683690e+00 1.067867437395958907e+00 8.606379288612825418e-01 3.661835141202390842e-01 -7.319807119733370837e-02
3.196666666666666856e+01 1.347322085207224740e+00 1.212368616275229405e+00 1.075482462702065822e+00 8.680541863339805708e-01 3.730407335536216618e-01 -6.700469108584634903e-02
3.198333333333333428e+01 1.355133527329623444e+00 1.220066237268501830e+00 1.083056483835029615e+00 8.754299481463859722e-01 3.798571173417887858e-01 -6.085288760803338193e-02
3.200000000000000000e+01 1.362903981981097079e+00 1.227723176073921119e+00 1.090590046563689741e+00 8.827655108042694598e-01 3.866330387591932483e-01 -5.474204923529710221e-02
3.201666666666666572e+01 1.370505144759686100e+00 1.235211753514181332e+00 1.097956234316938451e+00 8.899351325427181658e-01 3.932462650969608675e-01 -4.879042045733816141e-02
3.203333333333333144e+01 1.378058596854364382e+00 1.242653230395514008e+00 1.105276001763970894e+00 8.970592652921667298e-01 3.998153683787381563e-01 -4.288198446192835467e-02
3.204999999999999716e+01 1.385568556922727845e+00 1.250051784112960807e+00 1.112553351612351804e+00 9.041415620425624633e-01 4.063433694287950093e-01 -3.701439558653529110e-02
3.206666666666666288e+01 1.393033323355881814e+00 1.257405535322285717e+00 1.119786272916621250e+00 9.111798002317317291e-01 4.128276197606838838e-01 -3.119058254437556341e-02
3.208333333333334281e+01 1.400454750074663135e+00 1.264716214493074586e+00 1.126976458679832760e+00 9.181755475530620769e-01 4.192695787850855282e-01 -2.540909638686250638e-02
3.209999999999999432e+01 1.407833070382807028e+00 1.271984015956910241e+00 1.134124088579766321e+00 9.251289182241142495e-01 4.256693050022877234e-01 -1.966988729493596502e-02
3.211666666666666003e+01 1.415169215117377366e+00 1.279209809289945321e+00 1.141230019780565375e+00 9.320407070074775424e-01 4.320275410821124429e-01 -1.397210707886349310e-02
3.213333333333333997e+01 1.422463710688202543e+00 1.286394225769823763e+00 1.148294771474520859e+00 9.389113989018993411e-01 4.383448363242253287e-01 -8.315157349737591422e-03
3.215000000000000568e+01 1.429717261551872953e+00 1.293537926112601433e+00 1.155318985066073001e+00 9.457416603534515298e-01 4.446218204240255933e-01 -2.698195726646987393e-03
3.216666666666665719e+01 1.436930470421045269e+00 1.300641418068950950e+00 1.162303238020279572e+00 9.525320422601725179e-01 4.508590866784442097e-01 2.879475188329150281e-03
3.218333333333333712e+01 1.443974147227268690e+00 1.307576256601946207e+00 1.169119881533654537e+00 9.591561644627449867e-01 4.569336923701842190e-01 8.298912813953254058e-03
3.220000000000000284e+01 1.450970544261778628e+00 1.314464463489223967e+00 1.175890578825232735e+00 9.657351553457755866e-01 4.629649601072358678e-01 1.367690368069447888e-02
3.221666666666666856e+01 1.457923994906970444e+00 1.321310197017649068e+00 1.182619294355219841e+00 9.722727308786759393e-01 4.689559007475104235e-01 1.901579929322999921e-02
3.223333333333333428e+01 1.464832759704561393e+00 1.328111584809539725e+00 1.189304042391457816e+00 9.787667332075937754e-01 4.749039550154393607e-01 2.431274834977283777e-02
3.225000000000000000e+01 1.471698613643716014e+00 1.334870391145653201e+00 1.195946469368572185e+00 9.852187521635583645e-01 4.808106029276005833e-01 2.956920314443776260e-02
3.226666666666666572e+01 1.478521835194676948e+00 1.341586841355283832e+00 1.202546764879756758e+00 9.916289073756935357e-01 4.866759502214885735e-01 3.478522952727588352e-02
3.228333333333333144e+01 1.485303344124386804e+00 1.348261801730370912e+00 1.209105787477794181e+00 9.979980455233613545e-01 4.925006785904543216e-01 3.996165592159104524e-02
3.229999999999999716e+01 1.492043720008280783e+00 1.354895841473575668e+00 1.215624041826965929e+00 1.004326683734563019e+00 4.982853418428415671e-01 4.509907223885199767e-02
3.231666666666666288e+01 1.498743645344750020e+00 1.361489653267774491e+00 1.222102221992182214e+00 1.010615492276643712e+00 5.040306696699538014e-01 5.019825389157670653e-02
3.233333333333334281e+01 1.505403718034652227e+00 1.368043830628846935e+00 1.228540883053289345e+00 1.016865080212483674e+00 5.097371941112950333e-01 5.525991199809365123e-02
3.234999999999999432e+01 1.511894175040922716e+00 1.374429335576673905e+00 1.234811794985597233e+00 1.022948464666388890e+00 5.152813968744043294e-01 6.016456700951464814e-02
3.236666666666666003e+01 1.518337888890554099e+00 1.380768782476971657e+00 1.241037270266022841e+00 1.028987380700842724e+00 5.207832165899916044e-01 6.502951226378277105e-02
3.238333333333333997e+01 1.524739176056688184e+00 1.387066285633788532e+00 1.247221262892906024e+00 1.034985488017828859e+00 5.262456413037461811e-01 6.985705510036020749e-02
3.240000000000000568e+01 1.531096318379293386e+00 1.393320013187258954e+00 1.253361806223332930e+00 1.040940630553875534e+00 5.316661388203359762e-01 7.464434701950765916e-02
3.241666666666665719e+01 1.537411111633888883e+00 1.399531678934597512e+00 1.259460554554137302e+00 1.046854416989683179e+00 5.370461783884576956e-01 7.939283749619394093e-02
3.243333333333333712e+01 1.543814510881780455e+00 1.405831418099281693e+00 1.265646856822842281e+00 1.052854858753574874e+00 5.425102568143127524e-01 8.422318306972738367e-02
3.245000000000000284e+01 1.550184864401856100e+00 1.412097824065054352e+00 1.271799562370720116e+00 1.058821332776649582e+00 5.479396221270810274e-01 8.901942843519179693e-02
3.246666666666666856e+01 1.556519079741877087e+00 1.418327930844507145e+00 1.277915891090671829e+00 1.064751259388311055e+00 5.533324635713547934e-01 9.378055604756381503e-02
3.248333333333333428e+01 1.562820172018396514e+00 1.424524873645165224e+00 1.283999038211794952e+00 1.070648022766206742e+00 5.586926223872532571e-01 9.851098823328650889e-02
3.250000000000000000e+01 1.569087543492062364e+00 1.430688083701870061e+00 1.290048540451347314e+00 1.076511160142440415e+00 5.640198482155085458e-01 1.032107308176042626e-01
3.251666666666666572e+01 1.575453101381745435e+00 1.436948698515108980e+00 1.296194733228346330e+00 1.082469846071505426e+00 5.694400384402239501e-01 1.080020811702870759e-01
3.253333333333333144e+01 1.581794267085143701e+00 1.443184435995803483e+00 1.302315623368781372e+00 1.088402703910530622e+00 5.748338621185764552e-01 1.127686012205775523e-01
3.254999999999999716e+01 1.588107894325083036e+00 1.449392382078531050e+00 1.308408510694980542e+00 1.094307289432884467e+00 5.801997029957404184e-01 1.175096027452244979e-01
3.256666666666666288e+01 1.594396702525755050e+00 1.455575375613669564e+00 1.314476370469380262e+00 1.100186786074768719e+00 5.855412975691887123e-01 1.222292952299555285e-01
3.258333333333334281e+01 1.600659995221553222e+00 1.461732764974376320e+00 1.320518639426883967e+00 1.106040693152545495e+00 5.908584045894326175e-01 1.269276539480400645e-01
3.259999999999999432e+01 1.606636148042479784e+00 1.467604478391406619e+00 1.326276912055334600e+00 1.111613148170992327e+00 5.959022057252983950e-01 1.313636566917766868e-01
3.261666666666666003e+01 1.612571497761006833e+00 1.473436327196331108e+00 1.331996421786025397e+00 1.117148317823970283e+00 6.009132204122878962e-01 1.357723823865329416e-01
3.263333333333333997e+01 1.618473753483906874e+00 1.479235728038217124e+00 1.337684212291763597e+00 1.122652831800225348e+00 6.058967229859326675e-01 1.401575817360195264e-01
3.265000000000000568e+01 1.624338623818154081e+00 1.484998197469222569e+00 1.343335600403750441e+00 1.128121708137339363e+00 6.108469212661036263e-01 1.445126125537704032e-01
3.266666666666665719e+01 1.630168923665183733e+00 1.490726464020691866e+00 1.348953237687740225e+00 1.133557477425110482e+00 6.157660823496279301e-01 1.488394413825509799e-01
3.268333333333333712e+01 1.635833029158155316e+00 1.496289594929180122e+00 1.354406912467037705e+00 1.138831122211429792e+00 6.205283961399288284e-01 1.530159189083623861e-01
3.270000000000000284e+01 1.641455359548848358e+00 1.501811700676856765e+00 1.359820382329683719e+00 1.144065776582121163e+00 6.252549693756209725e-01 1.571603147658104382e-01
3.271666666666666856e+01 1.647039973896410103e+00 1.507296667844000071e+00 1.365197313858245831e+00 1.149264815047744692e+00 6.299483909733822884e-01 1.612743773483220899e-01
3.273333333333333428e+01 1.652585286840825507e+00 1.512742780111258956e+00 1.370535849246890647e+00 1.154426187662935144e+00 6.346061210232291083e-01 1.653551924986810806e-01
3.275000000000000000e+01 1.658093012677975597e+00 1.518151681911404927e+00 1.375837587695941888e+00 1.159551385783289090e+00 6.392294523747130697e-01 1.694039398429870169e-01
3.276666666666666572e+01 1.663563446109197042e+00 1.523523629839407922e+00 1.381102718019082687e+00 1.164640550743637926e+00 6.438183718307758374e-01 1.734205970434230804e-01
3.278333333333333144e+01 1.668997437091051639e+00 1.528859443024462639e+00 1.386332030290134743e+00 1.169694415776930674e+00 6.483735670232376735e-01 1.774058105376197236e-01
3.279999999999999716e+01 1.674395529198060339e+00 1.534159663352552716e+00 1.391526000202034430e+00 1.174713453113635175e+00 6.528954605207578643e-01 1.813600101740723280e-01
3.281666666666666288e+01 1.679758368460731566e+00 1.539424916894903683e+00 1.396685243909838725e+00 1.179698253786392037e+00 6.573845699499583084e-01 1.852837996604859705e-01
3.283333333333334281e+01 1.685086509670935540e+00 1.544655751843919012e+00 1.401810288402733473e+00 1.184649330962312064e+00 6.618414144108624164e-01 1.891777490435131992e-01
3.284999999999999432e+01 1.690248676583994580e+00 1.549721606549321784e+00 1.406771376342585533e+00 1.189438179196812939e+00 6.661409354559899576e-01 1.929206471120600008e-01
3.286666666666666003e+01 1.695369166118516624e+00 1.554746489584044378e+00 1.411692188665579550e+00 1.194187931276233794e+00 6.704043453474676229e-01 1.966309716417020959e-01
3.288333333333333997e+01 1.700452077202278200e+00 1.559734359463278874e+00 1.416576508180804383e+00 1.198902100322560837e+00 6.746344650558250278e-01 2.003108153799293689e-01
3.290000000000000568e+01 1.705495625459306774e+00 1.564683312646150126e+00 1.421422317231948895e+00 1.203578495152012096e+00 6.788286927512412472e-01 2.039571910249914077e-01
3.291666666666665719e+01 1.710501508663483161e+00 1.569594988532267088e+00 1.426231224144896670e+00 1.208218628610278955e+00 6.829883975745649760e-01 2.075713987808286698e-01
3.293333333333333712e+01 1.715601972435603528e+00 1.574600841430876752e+00 1.431133857966069067e+00 1.212951825635968151e+00 6.872393568308341472e-01 2.112753834361064953e-01
3.295000000000000284e+01 1.720673864778692774e+00 1.579577976786167737e+00 1.436007611129147765e+00 1.217656002565995266e+00 6.914613372040920858e-01 2.149517782697187573e-01
3.296666666666666856e+01 1.725714124538272110e+00 1.584523448642828569e+00 1.440849708749499136e+00 1.222328600179503955e+00 6.956524684666269831e-01 2.185995413582496050e-01
3.298333333333333428e+01 1.730725667698161274e+00 1.589440253202407227e+00 1.445663253991804176e+00 1.226972862382187612e+00 6.998164290033394019e-01 2.222228576342316075e-01
3.300000000000000000e+01 1.735707817462136315e+00 1.594327760302742814e+00 1.450447648740563089e+00 1.231588247658435220e+00 7.039528588222431216e-01 2.258215617525416163e-01
3.301666666666666572e+01 1.740529200816460786e+00 1.599055355077920515e+00 1.455073084996803212e+00 1.236046251611182090e+00 7.079368443715107206e-01 2.292746974175970398e-01
3.303333333333333144e+01 1.745314171554878557e+00 1.603747098028000861e+00 1.459663343261565549e+00 1.240470125014698777e+00 7.118898159155889749e-01 2.327009699963899780e-01
3.304999999999999716e+01 1.750066768431571163e+00 1.608406909016347752e+00 1.464222179097617316e+00 1.244863393473821134e+00 7.158146724757639134e-01 2.361025699726508886e-01
3.306666666666666288e+01 1.754785077279640948e+00 1.613032763239879541e+00 1.468747460357594736e+00 1.249223772946215005e+00 7.197087497530608724e-01 2.394764412912704643e-01
3.308333333333334281e+01 1.759470731382956510e+00 1.617626233005136527e+00 1.473240752807833287e+00 1.253552761511760316e+00 7.235734542863087038e-01 2.428238447152984980e-01
3.309999999999999432e+01 1.764123841455458308e+00 1.622187412710040633e+00 1.477702099923427159e+00 1.257850365422017447e+00 7.274086958998097208e-01 2.461446353979932222e-01
3.311666666666666003e+01 1.768745170420086943e+00 1.626717050080191518e+00 1.482132230492934744e+00 1.262117284332465950e+00 7.312151244898886793e-01 2.494394317650239223e-01
3.313333333333333997e+01 1.773335150853148967e+00 1.631215552773356059e+00 1.486531562066087053e+00 1.266353951408353939e+00 7.349930971523437329e-01 2.527086430242759252e-01
3.315000000000000568e+01 1.777894350854548167e+00 1.635683497404023523e+00 1.490900640540088862e+00 1.270560880970995177e+00 7.387431549581031653e-01 2.559528121075683726e-01
3.316666666666665719e+01 1.782423241481912557e+00 1.640121350547982360e+00 1.495239938096511345e+00 1.274738498202035553e+00 7.424657615103468222e-01 2.591724289663438485e-01
3.318333333333333712e+01 1.786922318875925564e+00 1.644529632116500606e+00 1.499549939065880189e+00 1.278887322996663523e+00 7.461614157903393441e-01 2.623680500693582607e-01
3.320000000000000284e+01 1.791392048981579110e+00 1.648908786440089314e+00 1.503831091895903915e+00 1.283007838662265643e+00 7.498305765128726597e-01 2.655401867267797034e-01
3.321666666666666856e+01 1.795832889547370970e+00 1.653259258958036604e+00 1.508083866002379425e+00 1.287100455657867348e+00 7.534737401554990610e-01 2.686893512496071890e-01
3.323333333333333428e+01 1.800245293370801303e+00 1.657581506664470128e+00 1.512308716803985043e+00 1.291165610370639039e+00 7.570913871965462283e-01 2.718160396389682210e-01
3.325000000000000000e+01 1.804629701974221234e+00 1.661875974583895355e+00 1.516506099277882047e+00 1.295203781310735547e+00 7.606839925008216374e-01 2.749207317536216943e-01
3.326666666666666572e+01 1.808853838776183443e+00 1.666011139909834071e+00 1.520545269253498644e+00 1.299085490600634163e+00 7.641255265202682168e-01 2.778812477053495544e-01
3.328333333333333144e+01 1.813042788257918758e+00 1.670111863655146855e+00 1.524550724010340863e+00 1.302934674815046101e+00 7.675380003550098529e-01 2.808167766180315050e-01
3.329999999999999716e+01 1.817200509509594220e+00 1.674181892075345734e+00 1.528526092175201523e+00 1.306754691409051539e+00 7.709241078278333825e-01 2.837292562841630672e-01
3.331666666666666288e+01 1.821325153958721410e+00 1.678219228826423048e+00 1.532469307127498404e+00 1.310543295431806587e+00 7.742811834157908857e-01 2.866156046089264331e-01
3.333333333333334281e+01 1.825418327720081502e+00 1.682225481718200522e+00 1.536381882147110023e+00 1.314301941568590815e+00 7.776105219462405849e-01 2.894770012923408298e-01
3.334999999999999432e+01 1.829480156812568925e+00 1.686200726095614444e+00 1.540263874306081693e+00 1.318030657353806756e+00 7.809120205169179929e-01 2.923132579220856786e-01
3.336666666666666003e+01 1.833511386836180979e+00 1.690145682447531827e+00 1.544115977090195768e+00 1.321730098711457968e+00 7.841862789200576556e-01 2.951249389097770903e-01
3.338333333333333997e+01 1.837512443843318577e+00 1.694060774759966748e+00 1.547938582568354038e+00 1.325400647342220850e+00 7.874336332796405546e-01 2.979123809349463747e-01
3.340000000000000568e+01 1.841483873341309030e+00 1.697946533871015129e+00 1.551732208070539576e+00 1.329042810674715192e+00 7.906545658288878231e-01 3.006760998033875532e-01
3.341666666666665719e+01 1.845426132081066983e+00 1.701803412887766376e+00 1.555497290214191253e+00 1.332657010963939737e+00 7.938494859439059192e-01 3.034165644479832613e-01
3.343333333333333712e+01 1.849339702914788219e+00 1.705631878156532277e+00 1.559234290378179733e+00 1.336243703589583331e+00 7.970188433062356248e-01 3.061342511262433730e-01
3.345000000000000284e+01 1.853225035790552866e+00 1.709432368071880814e+00 1.562943636880618437e+00 1.339803313000636820e+00 8.001630679515278066e-01 3.088296423153250037e-01
3.346666666666666856e+01 1.857082566787132016e+00 1.713205326281727281e+00 1.566625763969096363e+00 1.343336270991815962e+00 8.032825985542677572e-01 3.115032049906914513e-01
3.348333333333333428e+01 1.860912721489626609e+00 1.716951172600950315e+00 1.570281090060302143e+00 1.346842997272977627e+00 8.063778670496049017e-01 3.141553933917982655e-01
3.350000000000000000e+01 1.864715916142364094e+00 1.720670333963180809e+00 1.573910033627639038e+00 1.350323914734389730e+00 8.094493022413665750e-01 3.167866654678070937e-01
3.351666666666666572e+01 1.868758807831845115e+00 1.724627934056566447e+00 1.577776161017573564e+00 1.354040074583463316e+00 8.127511213358761255e-01 3.196436217884329745e-01
3.353333333333333144e+01 1.872791674248128535e+00 1.728574812831717766e+00 1.581630938543119091e+00 1.357744067071701144e+00 8.160398362677638850e-01 3.224885299276121220e-01
3.354999999999999716e+01 1.876807880729889355e+00 1.732504674503574371e+00 1.585468386166484445e+00 1.361430464415332331e+00 8.193114094855913354e-01 3.253189033053495161e-01
3.356666666666666288e+01 1.880812331919327729e+00 1.736422656744695869e+00 1.589293852846194177e+00 1.365104968990566103e+00 8.225724135021568184e-01 3.281422041960509461e-01
3.358333333333334281e+01 1.884803023198086791e+00 1.740326842049092271e+00 1.593105517314288511e+00 1.368765901987324840e+00 8.258215318808582728e-01 3.309574165128281176e-01
3.359999999999999432e+01 1.888514397944184964e+00 1.743953253677877457e+00 1.596641025869480757e+00 1.372153538954851371e+00 8.288061527531801476e-01 3.335198103094506039e-01
3.361666666666666003e+01 1.892196532732112857e+00 1.747551459686491837e+00 1.600149370822878447e+00 1.375515822998886861e+00 8.317704782914669970e-01 3.360679397350544440e-01
3.363333333333333997e+01 1.895856748368878186e+00 1.751128483040462314e+00 1.603637293530848718e+00 1.378858988922722739e+00 8.347195048728743849e-01 3.386053169027832821e-01
3.365000000000000568e+01 1.899490586688579841e+00 1.754679666205630539e+00 1.607099948790262633e+00 1.382177903592967327e+00 8.376472913327186465e-01 3.411251158541773743e-01
3.366666666666665719e+01 1.903100661202956623e+00 1.758207556212643796e+00 1.610539811324696258e+00 1.385474930862382381e+00 8.405559331572783899e-01 3.436290898133391725e-01
3.368333333333333712e+01 1.906553208619950590e+00 1.761579105474874396e+00 1.613824557149718064e+00 1.388618939522596074e+00 8.433174948196814347e-01 3.459928846632328581e-01
3.370000000000000284e+01 1.909974456288206168e+00 1.764920219564722448e+00 1.617079757863273626e+00 1.391734860790379447e+00 8.460548041735910241e-01 3.483363112170767550e-01
3.371666666666666856e+01 1.913368179129083080e+00 1.768234492408837344e+00 1.620308795567783289e+00 1.394825788790359455e+00 8.487701706849443140e-01 3.506608541914940091e-01
3.373333333333333428e+01 1.916732667757508946e+00 1.771520085779664688e+00 1.623509721298669772e+00 1.397889543389660316e+00 8.514609287726866427e-01 3.529633841194873001e-01
3.375000000000000000e+01 1.920069474654249930e+00 1.774778488972695634e+00 1.626683965847414148e+00 1.400927473983005100e+00 8.541282064138353558e-01 3.552448583016962202e-01
3.376666666666666572e+01 1.923512211709814679e+00 1.778142514872737667e+00 1.629963526041614985e+00 1.404070242943674884e+00 8.568990913827815303e-01 3.576284117463548462e-01
3.378333333333333144e+01 1.926936138385998865e+00 1.781487670622170283e+00 1.633224199966212931e+00 1.407194161964679946e+00 8.596517605214027968e-01 3.599950640115199829e-01
3.379999999999999716e+01 1.930338150980957401e+00 1.784810995738926653e+00 1.636463158427754694e+00 1.410296641824823283e+00 8.623842422129920360e-01 3.623436030823625198e-01
3.381666666666666288e+01 1.933720991794504629e+00 1.788115325062571870e+00 1.639683323235051615e+00 1.413380756893419576e+00 8.650999945910782252e-01 3.646779450244714282e-01
3.383333333333334281e+01 1.937083866111323216e+00 1.791399887982290551e+00 1.642883963540824555e+00 1.416445819247445614e+00 8.677984783119516710e-01 3.669977166309745797e-01
3.384999999999999432e+01 1.940293878008003681e+00 1.794532566767613968e+00 1.645933761059873213e+00 1.419361809062298585e+00 8.703532051316467122e-01 3.691803938963839626e-01
3.386666666666666003e+01 1.943476604819281306e+00 1.797638672107817470e+00 1.648957726288402981e+00 1.422253195912386303e+00 8.728867516650082869e-01 3.713457390972702554e-01
3.388333333333333997e+01 1.946635882427796505e+00 1.800721881140272762e+00 1.651959391004610644e+00 1.425123252867612544e+00 8.754017560366075257e-01 3.734956608628310915e-01
3.390000000000000568e+01 1.949769671226989187e+00 1.803780044019995810e+00 1.654936507609168661e+00 1.427969571867772069e+00 8.778954127989473388e-01 3.756269279259419336e-01
3.391666666666665719e+01 1.952879454800189540e+00 1.806814602224230182e+00 1.657890479129053185e+00 1.430793500019360565e+00 8.803689155397936839e-01 3.777406034171110205e-01
3.393333333333333712e+01 1.955965210614665883e+00 1.809825507025935032e+00 1.660821229293351520e+00 1.433594914710836221e+00 8.828220572937884869e-01 3.798363597432733996e-01
3.395000000000000284e+01 1.959027564593475157e+00 1.812813359536037394e+00 1.663729335551030086e+00 1.436374360268350969e+00 8.852552946192023819e-01 3.819146438030376900e-01
3.396666666666666856e+01 1.962066820464533512e+00 1.815778450202243599e+00 1.666615073559752025e+00 1.439132086410586764e+00 8.876688052375373283e-01 3.839756473681402715e-01
3.398333333333333428e+01 1.965083415462318017e+00 1.818721198399517736e+00 1.669478850296934880e+00 1.441868482994411726e+00 8.900629660793024645e-01 3.860197316893849151e-01
3.400000000000000000e+01 1.968077683013352175e+00 1.821641936824991870e+00 1.672320992030896791e+00 1.444583864670861306e+00 8.924380685611480457e-01 3.880471922044425592e-01
3.401666666666666572e+01 1.970648630610953189e+00 1.824141944750124145e+00 1.674745101691433424e+00 1.446885615773977118e+00 8.944117699337594818e-01 3.896872009932367265e-01
3.403333333333333144e+01 1.973173822174219438e+00 1.826597935608898826e+00 1.677126940577005509e+00 1.449147782264423423e+00 8.963522004634602025e-01 3.912992055917804413e-01
3.404999999999999716e+01 1.975664048565578756e+00 1.829020191077137536e+00 1.679476304323343605e+00 1.451379343517648746e+00 8.982662431103366485e-01 3.928878534990219440e-01
3.406666666666666288e+01 1.978112916985313996e+00 1.831401974262618193e+00 1.681786135998323051e+00 1.453572706590435804e+00 9.001450101760678502e-01 3.944429612356269987e-01
3.408333333333334281e+01 1.980524349343779411e+00 1.833747058256851137e+00 1.684060057935210519e+00 1.455731297930121348e+00 9.019914075484648519e-01 3.959670261018414239e-01
3.409999999999999432e+01 1.983299436641125624e+00 1.836454157406294252e+00 1.686694355277692292e+00 1.458247452155855495e+00 9.041871144774761282e-01 3.978298860683825433e-01
3.411666666666666003e+01 1.986062060381684979e+00 1.839147917855695313e+00 1.689314550287157379e+00 1.460748276849965555e+00 9.063649152678877607e-01 3.996728865116959684e-01
3.413333333333333997e+01 1.988802200033179091e+00 1.841818770669638061e+00 1.691911486494817263e+00 1.463225355373828585e+00 9.085183200406357074e-01 4.014917710683185703e-01
3.415000000000000568e+01 1.991527359225559346e+00 1.844474510604482642e+00 1.694493246246956186e+00 1.465687232448945609e+00 9.106570839810269602e-01 4.032976431787680949e-01
3.416666666666665719e+01 1.994234458150532241e+00 1.847112178031735663e+00 1.697056965953003482e+00 1.468131208480069061e+00 9.127789535417103473e-01 4.050887608440989496e-01
3.418333333333333712e+01 1.996790965636010551e+00 1.849600062289094904e+00 1.699471798351723573e+00 1.470427824061832256e+00 9.147582357176567980e-01 4.067436632375322492e-01
3.420000000000000284e+01 1.999322245396503162e+00 1.852063310718587319e+00 1.701862620560520512e+00 1.472701470303231064e+00 9.167175822281865560e-01 4.083823120432719112e-01
3.421666666666666856e+01 2.001832171874464272e+00 1.854505661309933551e+00 1.704233057100142501e+00 1.474955563207154929e+00 9.186598579134557241e-01 4.100069506290412447e-01
3.423333333333333428e+01 2.004318504078514085e+00 1.856924787653631004e+00 1.706580700189334054e+00 1.477187565385362999e+00 9.205822076696859035e-01 4.116143236682022200e-01
3.425000000000000000e+01 2.006782694522253774e+00 1.859322115552666688e+00 1.708906950080512965e+00 1.479398839288818879e+00 9.224858972878604568e-01 4.132055744315233925e-01
3.426666666666666572e+01 2.009358658554783350e+00 1.861830780562806487e+00 1.711344151133800340e+00 1.481720437867821705e+00 9.244984730039110810e-01 4.149042999171643209e-01
3.428333333333333144e+01 2.011921000768234435e+00 1.864325660219778857e+00 1.713767484826863363e+00 1.484028095633227684e+00 9.264975988420358632e-01 4.165910263573683880e-01
3.429999999999999716e+01 2.014466510566518931e+00 1.866803702054934400e+00 1.716174051953249124e+00 1.486319177623216969e+00 9.284813037824500848e-01 4.182645066637352138e-01
3.431666666666666288e+01 2.016997829026778266e+00 1.869267657797690774e+00 1.718566699428439204e+00 1.488596699910331500e+00 9.304530272773784416e-01 4.199286107583085625e-01
3.433333333333334281e+01 2.019514077269730201e+00 1.871716688688846553e+00 1.720944629537482395e+00 1.490859931985977882e+00 9.324122013587951008e-01 4.215829223941125470e-01
3.434999999999999432e+01 2.021881778593255241e+00 1.874018106468804179e+00 1.723175963290150436e+00 1.492978309205495346e+00 9.342318205511060958e-01 4.231043838053659689e-01
3.436666666666666003e+01 2.024226957045366149e+00 1.876297678348691544e+00 1.725386171252928591e+00 1.495076767974828025e+00 9.360349237430757308e-01 4.246131769063573036e-01
3.438333333333333997e+01 2.026553369423346407e+00 1.878559003259890670e+00 1.727578708127443186e+00 1.497158518132833072e+00 9.378240813934904940e-01 4.261111466742346088e-01
3.440000000000000568e+01 2.028858927632716025e+00 1.880799896338307908e+00 1.729751299629645356e+00 1.499221127293623335e+00 9.395964657897246664e-01 4.275950214218756651e-01
3.441666666666665719e+01 2.031145064041349979e+00 1.883021751233505459e+00 1.731905299532444653e+00 1.501265899088179978e+00 9.413532333753344972e-01 4.290658003497760387e-01
3.443333333333333712e+01 2.033545874410310983e+00 1.885357879580685569e+00 1.734173216014136987e+00 1.503424033554531025e+00 9.432220391958846539e-01 4.306471766936209589e-01
3.445000000000000284e+01 2.035935804835409257e+00 1.887682993247103980e+00 1.736430060990550972e+00 1.505571081277082168e+00 9.450803463628134615e-01 4.322194641097942269e-01
3.446666666666666856e+01 2.038311639896384087e+00 1.889994035873030720e+00 1.738672927530023005e+00 1.507704383094063294e+00 9.469261379421672897e-01 4.337813575702279545e-01
3.448333333333333428e+01 2.040675993316593662e+00 1.892293726589237224e+00 1.740904626325197269e+00 1.509826912571123891e+00 9.487627853680268286e-01 4.353366488083656449e-01
3.450000000000000000e+01 2.043027957220922008e+00 1.894581195550048891e+00 1.743124329418822338e+00 1.511937896584506280e+00 9.505896624780159065e-01 4.368848506196538750e-01
3.451666666666666572e+01 2.045368118709647742e+00 1.896857057170323380e+00 1.745332676349514056e+00 1.514038018096088845e+00 9.524075635118919303e-01 4.384268544032214332e-01
3.453333333333333144e+01 2.047696411778681114e+00 1.899121266826106380e+00 1.747529643589962101e+00 1.516127286740633684e+00 9.542165713648127490e-01 4.399627798868039896e-01
3.454999999999999716e+01 2.050013080666968079e+00 1.901374083605344101e+00 1.749715503025843555e+00 1.518205996642269406e+00 9.560170291008369681e-01 4.414929801747186078e-01
3.456666666666666288e+01 2.052318234751054682e+00 1.903615627274893862e+00 1.751890384433330006e+00 1.520274295048022584e+00 9.578091101574964794e-01 4.430176141805623469e-01
3.458333333333334281e+01 2.054612064245339376e+00 1.905846099967824170e+00 1.754054496014913367e+00 1.522332402015686759e+00 9.595930513268480233e-01 4.445368939441408096e-01
3.459999999999999432e+01 2.056760421931326910e+00 1.907932121366269440e+00 1.756075244304384109e+00 1.524248997165912112e+00 9.612409739669441899e-01 4.459267600058914316e-01
3.461666666666666003e+01 2.058889752254653427e+00 1.909999859039043901e+00 1.758078478300817427e+00 1.526149367023759806e+00 9.628761694267933269e-01 4.473075500845685726e-01
3.463333333333333997e+01 2.061003690929438026e+00 1.912052781231549092e+00 1.760067513232240977e+00 1.528036555311739431e+00 9.645009885807629413e-01 4.486808362234246395e-01
3.465000000000000568e+01 2.063100195332456366e+00 1.914088726711471899e+00 1.762040084879868740e+00 1.529908129434029984e+00 9.661125583573622055e-01 4.500432753750762682e-01
3.466666666666665719e+01 2.065180634326739373e+00 1.916109024511713832e+00 1.763997477824678306e+00 1.531765308586960472e+00 9.677119221525906090e-01 4.513957308721875950e-01
3.468333333333333712e+01 2.067244897869199516e+00 1.918113547596323132e+00 1.765939534281758538e+00 1.533607887782009849e+00 9.692987374754614693e-01 4.527377274082732828e-01
3.470000000000000284e+01 2.069293510702786776e+00 1.920102791195883229e+00 1.767866726986693227e+00 1.535436301472666631e+00 9.708733458189680032e-01 4.540695288395897866e-01
3.471666666666666856e+01 2.071326682640941108e+00 1.922076948491042270e+00 1.769779232298422267e+00 1.537250698507302449e+00 9.724358340613443730e-01 4.553911746845008546e-01
3.473333333333333428e+01 2.073344738771385920e+00 1.924036337055831547e+00 1.771677352082773327e+00 1.539051362281620428e+00 9.739864377644888993e-01 4.567028810857728938e-01
3.475000000000000000e+01 2.075347920839890392e+00 1.925981180639039447e+00 1.773561303400109646e+00 1.540838494418902638e+00 9.755253259845507730e-01 4.580048032375524936e-01
3.476666666666666572e+01 2.077202062495457913e+00 1.927778067408416396e+00 1.775298445702783834e+00 1.542480706897259024e+00 9.769245213052807353e-01 4.591728094767049129e-01
3.478333333333333144e+01 2.079033779577764918e+00 1.929553322181185804e+00 1.777014777345629515e+00 1.544103413778790124e+00 9.783074226637006321e-01 4.603273657444147959e-01
3.479999999999999716e+01 2.080846770263264922e+00 1.931310457717049456e+00 1.778713645084037953e+00 1.545709681200834851e+00 9.796763880584217210e-01 4.614700800518770629e-01
3.481666666666666288e+01 2.082639032823872860e+00 1.933047347065244281e+00 1.780392810829875216e+00 1.547297090820236365e+00 9.810285530969913292e-01 4.625976499906642725e-01
3.483333333333334281e+01 2.084411946658429216e+00 1.934765354851685659e+00 1.782053585444974164e+00 1.548866883055115329e+00 9.823649727796046616e-01 4.637109833507930823e-01
3.484999999999999432e+01 2.086299917851345942e+00 1.936598105349417898e+00 1.783828773545254265e+00 1.550550539373507730e+00 9.838135662478179055e-01 4.649340353138921023e-01
3.486666666666666003e+01 2.088177061224957054e+00 1.938419965507013787e+00 1.785593035928177752e+00 1.552223253600714115e+00 9.852514227779270994e-01 4.661467927244464793e-01
3.488333333333333997e+01 2.090040175627366104e+00 1.940227867765873304e+00 1.787343450207725004e+00 1.553882342576304865e+00 9.866764750276809659e-01 4.673479384210911247e-01
3.490000000000000568e+01 2.091891860984504081e+00 1.942024499156778772e+00 1.789082789688079211e+00 1.555530729418662661e+00 9.880920415945200208e-01 4.685412210071985828e-01
3.491666666666665719e+01 2.093731187870425003e+00 1.943808960613974124e+00 1.790810193569944753e+00 1.557167601381350908e+00 9.894974542018107888e-01 4.697261358736507519e-01
3.493333333333333712e+01 2.095558717858501563e+00 1.945581841477628693e+00 1.792526268603285899e+00 1.558793599694787702e+00 9.908934578669793547e-01 4.709035504674486949e-01
3.495000000000000284e+01 2.097374365649128602e+00 1.947343073919369560e+00 1.794230960484396453e+00 1.560408695714239791e+00 9.922800965698748143e-01 4.720735727379961610e-01
3.496666666666666856e+01 2.099178353475455339e+00 1.949092890587250881e+00 1.795924510973625488e+00 1.562013150006930529e+00 9.936576754804772316e-01 4.732365364375314409e-01
3.498333333333333428e+01 2.100970769184371090e+00 1.950831390560127998e+00 1.797607022304458013e+00 1.563607077586411265e+00 9.950263370004063246e-01 4.743925908789475843e-01
3.500000000000000000e+01 2.102751785906788129e+00 1.952558752335374459e+00 1.799278679273959014e+00 1.565190671166179825e+00 9.963862915455669045e-01 4.755419442516199968e-01
3.501666666666666572e+01 2.104386970432431614e+00 1.954141298016941697e+00 1.800806587712010742e+00 1.566632305975679040e+00 9.976093680486450843e-01 4.765602706385649867e-01
3.503333333333333144e+01 2.106003038797565896e+00 1.955705458058428325e+00 1.802316859769047763e+00 1.568057521750039651e+00 9.988191130450917443e-01 4.775681669809558882e-01
3.504999999999999716e+01 2.107603584867955959e+00 1.957254674939660211e+00 1.803812778795131466e+00 1.569469331979138182e+00 1.000017847182199882e+00 4.785671978595690268e-01
3.506666666666666288e+01 2.109186542599945202e+00 1.958786779352768237e+00 1.805292070396799398e+00 1.570865293837071297e+00 1.001202687926853407e+00 4.795540361888421255e-01
3.508333333333334281e+01 2.110753277306797848e+00 1.960303086256532268e+00 1.806756001710006831e+00 1.572246606381018763e+00 1.002374668930674506e+00 4.805295529300528945e-01
3.509999999999999432e+01 2.112303689972705456e+00 1.961803459946464434e+00 1.808204405238285739e+00 1.573613058829541167e+00 1.003533443053096219e+00 4.814932906085386266e-01
3.511666666666666003e+01 2.113838286796732024e+00 1.963288387532725165e+00 1.809637743002066701e+00 1.574965064185120278e+00 1.004679345732264251e+00 4.824455336051815535e-01
3.513333333333333997e+01 2.115357272745814310e+00 1.964758055139258497e+00 1.811056182366051370e+00 1.576302775805886514e+00 1.005812458052870006e+00 4.833863379076402400e-01
3.515000000000000568e+01 2.116860971002854086e+00 1.966212772090605299e+00 1.812460020036781971e+00 1.577626466632754410e+00 1.006933016469682141e+00 4.843159406468673933e-01
3.516666666666665719e+01 2.118349610490532609e+00 1.967652759969445331e+00 1.813849465120449755e+00 1.578936334760854709e+00 1.008041188082328565e+00 4.852345148482934412e-01
3.518333333333333712e+01 2.119958113912419062e+00 1.969212181105571169e+00 1.815357892866400702e+00 1.580364472434665712e+00 1.009265603455675064e+00 4.862668497349311725e-01
3.520000000000000284e+01 2.121560068758703732e+00 1.970764903486612152e+00 1.816859486993972261e+00 1.581785630803660858e+00 1.010483004103079452e+00 4.872926445459799250e-01
3.521666666666666856e+01 2.123152274869296363e+00 1.972307871415720948e+00 1.818351348462807993e+00 1.583197170925459751e+00 1.011691439688030325e+00 4.883107035143308128e-01
3.523333333333333428e+01 2.124737180543461168e+00 1.973843633182169155e+00 1.819836125835323282e+00 1.584601908517196511e+00 1.012894151891817307e+00 4.893247124674120485e-01
3.525000000000000000e+01 2.126313799664423243e+00 1.975371243414480560e+00 1.821312920261007218e+00 1.585999005428022635e+00 1.014090466392273626e+00 4.903341537424318886e-01
3.526666666666666572e+01 2.127747900316587781e+00 1.976757250970386792e+00 1.822649094131672864e+00 1.587257134086867527e+00 1.015152620641571080e+00 4.912152293241402456e-01
3.528333333333333144e+01 2.129166023343443293e+00 1.978127928026683024e+00 1.823970613908658223e+00 1.588501721328571037e+00 1.016204116905001120e+00 4.920885452513754088e-01
3.529999999999999716e+01 2.130571753843078842e+00 1.979486723461288289e+00 1.825280787622011403e+00 1.589735822636984430e+00 1.017247366077243864e+00 4.929557941504015828e-01
3.531666666666666288e+01 2.131962896838334398e+00 1.980831349437593314e+00 1.826577232434125619e+00 1.590956896366487960e+00 1.018279425019515072e+00 4.938135939838972921e-01
3.533333333333334281e+01 2.133340774440934950e+00 1.982163085791421642e+00 1.827861191148167030e+00 1.592166128357637378e+00 1.019301332500476276e+00 4.946628192352552356e-01
3.534999999999999432e+01 2.134705209204096121e+00 1.983481730642335350e+00 1.829132433765795929e+00 1.593363246873716221e+00 1.020312702587919951e+00 4.955029640893524046e-01
3.536666666666666003e+01 2.136056667862569647e+00 1.984787729621949159e+00 1.830391385205156096e+00 1.594548645303352163e+00 1.021313848587965367e+00 4.963342806771184335e-01
3.538333333333333997e+01 2.137395305476896823e+00 1.986081223672089058e+00 1.831638171924205194e+00 1.595722427040009217e+00 1.022304824517447752e+00 4.971567843890181693e-01
3.540000000000000568e+01 2.138721403028179591e+00 1.987362481447003226e+00 1.832873053530265972e+00 1.596884835116337831e+00 1.023285838588249952e+00 4.979706718012156808e-01
3.541666666666665719e+01 2.140035153643022436e+00 1.988631687988667851e+00 1.834096205720133321e+00 1.598036029544216419e+00 1.024257029829755750e+00 4.987760727923093995e-01
3.543333333333333712e+01 2.141336776213710991e+00 1.989889055930374351e+00 1.835307834577261321e+00 1.599176209155600992e+00 1.025218577327893454e+00 4.995731644901675872e-01
3.545000000000000284e+01 2.142626461015705974e+00 1.991134771868559916e+00 1.836508119384135496e+00 1.600305545154087516e+00 1.026170637764310278e+00 5.003621065487816599e-01
3.546666666666666856e+01 2.143904401042300734e+00 1.992369023389186422e+00 1.837697243331015473e+00 1.601424215275119467e+00 1.027113377177980125e+00 5.011430680260379189e-01
3.548333333333333428e+01 2.145170776521486911e+00 1.993591988258899272e+00 1.838875382302665340e+00 1.602532388161568511e+00 1.028046954457648710e+00 5.019162109995788379e-01
3.550000000000000000e+01 2.146425767590320888e+00 1.994803844135177417e+00 1.840042707796757826e+00 1.603630230546455371e+00 1.028971530014113567e+00 5.026816982700754721e-01
3.551666666666666572e+01 2.148208838022267919e+00 1.996541044645704810e+00 1.841732533726778476e+00 1.605245978876907342e+00 1.030401531351931022e+00 5.039385380020233729e-01
3.553333333333333144e+01 2.150012975700907436e+00 1.998297739539255158e+00 1.843440305066266438e+00 1.606877387860693451e+00 1.031842753646306843e+00 5.052043272642240401e-01
3.554999999999999716e+01 2.151824659634922199e+00 2.000061013950290789e+00 1.845153750245930313e+00 1.608513263362194134e+00 1.033286782188040931e+00 5.064736017526614287e-01
3.556666666666666288e+01 2.153652976873820624e+00 2.001840366841639351e+00 1.846882785816977623e+00 1.610164219062061974e+00 1.034745948582658004e+00 5.077604293872149954e-01
3.558333333333334281e+01 2.155493289843512184e+00 2.003631350418308088e+00 1.848623154773534782e+00 1.611826266527010887e+00 1.036216934647783861e+00 5.090620765445365015e-01
3.559999999999999432e+01 2.156672485788293514e+00 2.004764735955128607e+00 1.849709680767724462e+00 1.612840770989902195e+00 1.037058841151564881e+00 5.097573129301655737e-01
3.561666666666666003e+01 2.157823533716479503e+00 2.005872134566150322e+00 1.850772451062108415e+00 1.613835074784089274e+00 1.037889275538574685e+00 5.104491532992425640e-01
3.563333333333333997e+01 2.158963508770268103e+00 2.006969933528143457e+00 1.851827117625751029e+00 1.614823579112632190e+00 1.038719378365575485e+00 5.111450932798102809e-01
3.565000000000000568e+01 2.160080771402997701e+00 2.008046028480541256e+00 1.852861104983780427e+00 1.615792908735043998e+00 1.039533751892547153e+00 5.118275101572774544e-01
3.566666666666665719e+01 2.161181172096608094e+00 2.009106070967243252e+00 1.853879865073910116e+00 1.616748235615409035e+00 1.040336800767758918e+00 5.124999936990723981e-01
3.568333333333333712e+01 2.162398020353398564e+00 2.010282488585962035e+00 1.855014905473976849e+00 1.617819583661105343e+00 1.041254529605354806e+00 5.132840884724526598e-01
3.570000000000000284e+01 2.163606032296987447e+00 2.011450192612963761e+00 1.856141361235718268e+00 1.618882508212734717e+00 1.042164105618590408e+00 5.140595891672793405e-01
3.571666666666666856e+01 2.164801834877296383e+00 2.012605897172725644e+00 1.857256037667875281e+00 1.619933979352143671e+00 1.043062924081579412e+00 5.148244596571420750e-01
3.573333333333333428e+01 2.165988344643470231e+00 2.013752569563024508e+00 1.858361952881087298e+00 1.620977110392179510e+00 1.043954350647459783e+00 5.155824474643144750e-01
3.575000000000000000e+01 2.167164609076045245e+00 2.014889267014493335e+00 1.859458171977213192e+00 1.622010975471099847e+00 1.044837506225565926e+00 5.163328077412763228e-01
3.576666666666666572e+01 2.168331285943376319e+00 2.016016649123141491e+00 1.860545358224843904e+00 1.623036245406277889e+00 1.045713101964324432e+00 5.170763661443966708e-01
3.578333333333333144e+01 2.169488277796969289e+00 2.017134619218921010e+00 1.861623415011194105e+00 1.624052828336060461e+00 1.046581071083044323e+00 5.178131255567800517e-01
3.579999999999999716e+01 2.170635812566941159e+00 2.018243403791123658e+00 1.862692568607605237e+00 1.625060948794607274e+00 1.047441652023483716e+00 5.185433677531295915e-01
3.581666666666666288e+01 2.171773953521308087e+00 2.019343063336323407e+00 1.863752877540691744e+00 1.626060662532686774e+00 1.048294904385319137e+00 5.192671747195751752e-01
3.583333333333334281e+01 2.172902846522124509e+00 2.020433740270997536e+00 1.864804483013102088e+00 1.627052106168618062e+00 1.049140964225822259e+00 5.199846979235738242e-01
3.584999999999999432e+01 2.173887625252497902e+00 2.021381316840604736e+00 1.865714047847846002e+00 1.627903208499714038e+00 1.049851206381567703e+00 5.205711763755136445e-01
3.586666666666666003e+01 2.174855359747685402e+00 2.022312570163159240e+00 1.866608021665958184e+00 1.628739833183518337e+00 1.050549474317378884e+00 5.211475057366919961e-01
3.588333333333333997e+01 2.175809584102705418e+00 2.023230876183048643e+00 1.867489617938407287e+00 1.629564916747828995e+00 1.051238003251101061e+00 5.217151895771505732e-01
3.590000000000000568e+01 2.176748193543738275e+00 2.024134024132648424e+00 1.868356518850813774e+00 1.630375961343774049e+00 1.051913857318435230e+00 5.222708640798082724e-01
3.591666666666665719e+01 2.177672509652755828e+00 2.025023283247039618e+00 1.869209942453552875e+00 1.631174112849547830e+00 1.052578006267858246e+00 5.228153589261494982e-01
3.593333333333333712e+01 2.178582386558428841e+00 2.025898471234694131e+00 1.870049669795790237e+00 1.631959099753519382e+00 1.053230048209466085e+00 5.233481781751743167e-01
3.595000000000000284e+01 2.179478292981417376e+00 2.026760029002192542e+00 1.870876111849002932e+00 1.632731292321872862e+00 1.053870265961503572e+00 5.238695669620417883e-01
3.596666666666666856e+01 2.180360389882201932e+00 2.027608098471982867e+00 1.871689388996430781e+00 1.633490781904983313e+00 1.054498691897055584e+00 5.243795528974396492e-01
3.598333333333333428e+01 2.181228958922456496e+00 2.028442945809395326e+00 1.872489750944804188e+00 1.634237794645109876e+00 1.055115514375849495e+00 5.248783429619838792e-01
3.600000000000000000e+01 2.182084194011736145e+00 2.029264752595219878e+00 1.873277365211594825e+00 1.634972481453471627e+00 1.055720859547891521e+00 5.253660888666501494e-01
3.601666666666666572e+01 2.183061337661483581e+00 2.030207998077965481e+00 1.874185914311302881e+00 1.635827241327968862e+00 1.056443657903644473e+00 5.259678942198356966e-01
3.603333333333333144e+01 2.184033582113405814e+00 2.031146157278932218e+00 1.875089189764008735e+00 1.636676436145551472e+00 1.057160280694262822e+00 5.265631179224076197e-01
3.604999999999999716e+01 2.184997706445127363e+00 2.032076153419756004e+00 1.875984267619050794e+00 1.637517404808728205e+00 1.057868756629696483e+00 5.271505566729803860e-01
3.606666666666666288e+01 2.185956118808736193e+00 2.033000492531974235e+00 1.876873752497316472e+00 1.638352918155527860e+00 1.058572285482148878e+00 5.277338748598254803e-01
3.608333333333334281e+01 2.186907800963587611e+00 2.033918197245359938e+00 1.877756710497863857e+00 1.639182104294760300e+00 1.059270162868609644e+00 5.283125446051170071e-01
3.609999999999999432e+01 2.187718150932192795e+00 2.034695444544364573e+00 1.878500133804741568e+00 1.639873271059206994e+00 1.059834274676146881e+00 5.287624356388418434e-01
3.611666666666666003e+01 2.188514019315010994e+00 2.035458811194782225e+00 1.879230295814412477e+00 1.640552143114954342e+00 1.060388412641238398e+00 5.292044507923695518e-01
3.613333333333333997e+01 2.189298951238075830e+00 2.036211701855707989e+00 1.879950455060470427e+00 1.641221730678250834e+00 1.060934948227210128e+00 5.296402584869848162e-01
3.615000000000000568e+01 2.190070730317449144e+00 2.036951806316946278e+00 1.880658207692617045e+00 1.641879470426064191e+00 1.061470924540787619e+00 5.300664787065723083e-01
3.616666666666665719e+01 2.190830651091690395e+00 2.037680378648272228e+00 1.881354767362089619e+00 1.642526519534816876e+00 1.061997354722993059e+00 5.304839799579141868e-01
3.618333333333333712e+01 2.191578513184097687e+00 2.038397191745093817e+00 1.882039877792486049e+00 1.643162583231968066e+00 1.062513834435283577e+00 5.308922555228209328e-01
3.620000000000000284e+01 2.192314758256179719e+00 2.039102667056443163e+00 1.882713940017265664e+00 1.643788034213534921e+00 1.063020659526773271e+00 5.312915536882797385e-01
3.621666666666666856e+01 2.193039517099745872e+00 2.039796920911084221e+00 1.883377055717538218e+00 1.644402949695378924e+00 1.063517862962420901e+00 5.316451115191336285e-01
3.623333333333333428e+01 2.193753049020728429e+00 2.040480201604324861e+00 1.884029461350074985e+00 1.645007545546416150e+00 1.064005635526876326e+00 5.319836281696773694e-01
3.625000000000000000e+01 2.194455525904468463e+00 2.041152671559513632e+00 1.884671310490760421e+00 1.645601965615466789e+00 1.064484099860345756e+00 5.323175973136561323e-01
3.626666666666666572e+01 2.195147145383244069e+00 2.041814521618601219e+00 1.885302788133260687e+00 1.646186386392469725e+00 1.064953421073647988e+00 5.326439902560827777e-01
3.628333333333333144e+01 2.195828078543752504e+00 2.042465917427442879e+00 1.885924053111336818e+00 1.646760958940611808e+00 1.065413744500968152e+00 5.329638640575306008e-01
3.629999999999999716e+01 2.196498498269375155e+00 2.043107027028602474e+00 1.886535269230679379e+00 1.647325841798873647e+00 1.065865225018303386e+00 5.332772135172392236e-01
3.631666666666666288e+01 2.197158567903752857e+00 2.043738009825500246e+00 1.887136591655774964e+00 1.647881186366994433e+00 1.066308011656338151e+00 5.335841016571732931e-01
3.633333333333334281e+01 2.197808447975957424e+00 2.044359023761665117e+00 1.887728174839046869e+00 1.648427143312178877e+00 1.066742254455130601e+00 5.338847818436156523e-01
3.634999999999999432e+01 2.198448294774338230e+00 2.044970222182904251e+00 1.888310168993365679e+00 1.648963860560848316e+00 1.067168100381164608e+00 5.341792244643787102e-01
3.636666666666666003e+01 2.199078262238629566e+00 2.045571756765645510e+00 1.888882722659953384e+00 1.649491483993941188e+00 1.067585695734484696e+00 5.344677225909313378e-01
3.638333333333333997e+01 2.199698501906716341e+00 2.046163775806980833e+00 1.889445982951449166e+00 1.650010157688529100e+00 1.067995185515685952e+00 5.347501922157659182e-01
3.640000000000000568e+01 2.200309162292872767e+00 2.046746425621353005e+00 1.890000095361711763e+00 1.650520024347336578e+00 1.068396713147135690e+00 5.350269802334504110e-01
3.641666666666665719e+01 2.200910390862929056e+00 2.047319851047364470e+00 1.890545203660294771e+00 1.651021225189723829e+00 1.068790420619781134e+00 5.352979245745519421e-01
3.643333333333333712e+01 2.201502332543356033e+00 2.047884195512462480e+00 1.891081449491544664e+00 1.651513900042524519e+00 1.069140211071898161e+00 5.355634623311406051e-01
3.645000000000000284e+01 2.202085130330584395e+00 2.048439600450131515e+00 1.891608974310444058e+00 1.651998187373774352e+00 1.069475919760158655e+00 5.358233090509919583e-01
3.646666666666666856e+01 2.202658925546750357e+00 2.048986206139725930e+00 1.892127917424076378e+00 1.652474224213454690e+00 1.069808007480344880e+00 5.360780437787742159e-01
3.648333333333333428e+01 2.203223858192122186e+00 2.049524151706694219e+00 1.892638415285969655e+00 1.652942146393331369e+00 1.070133539307329462e+00 5.363271999022274361e-01
3.650000000000000000e+01 2.203780066434099183e+00 2.050053572429800131e+00 1.893140603126866051e+00 1.653402088259500857e+00 1.070453474813794825e+00 5.365715738507563781e-01
3.651666666666666572e+01 2.204327686684533383e+00 2.050574604650611921e+00 1.893634615262129728e+00 1.653854181941120549e+00 1.070767797128464371e+00 5.368104282268155725e-01
3.653333333333333144e+01 2.204866853213472755e+00 2.051087383214181603e+00 1.894120584198605517e+00 1.654298559667087387e+00 1.071076551803541665e+00 5.370448823928182236e-01
3.654999999999999716e+01 2.205397699039130188e+00 2.051592040415396223e+00 1.894598640417650914e+00 1.654735350898721480e+00 1.071379957895747470e+00 5.372737920294357039e-01
3.656666666666666288e+01 2.205920356892963508e+00 2.052088706736041157e+00 1.895068913430070445e+00 1.655164684015922427e+00 1.071677974402778677e+00 5.374987826445742911e-01
3.658333333333334281e+01 2.206434955295240030e+00 2.052577510214935064e+00 1.895531531160020045e+00 1.655586684986668722e+00 1.071970844352158725e+00 5.377180551104306927e-01
3.659999999999999432e+01 2.206941622967260486e+00 2.053058577361381420e+00 1.895986620009609158e+00 1.656001478630772850e+00 1.072258502251103973e+00 5.379340779278506401e-01
3.661666666666666003e+01 2.207440485944895503e+00 2.053532032854687106e+00 1.896434304117889491e+00 1.656409188027411439e+00 1.072541208697277648e+00 5.381439459076589049e-01
3.663333333333333997e+01 2.207931668465298092e+00 2.053998000097972731e+00 1.896874706552068135e+00 1.656809934679592811e+00 1.072818864717406839e+00 5.383515755481559362e-01
3.665000000000000568e+01 2.208415293350247666e+00 2.054456600137094746e+00 1.897307948065965588e+00 1.657166941035836061e+00 1.073091769876749257e+00 5.385521612474708508e-01
3.666666666666665719e+01 2.208891481503029830e+00 2.054907952292838402e+00 1.897734147298181462e+00 1.657510258975080308e+00 1.073359763175078863e+00 5.387521410138045308e-01
3.668333333333333712e+01 2.209360350981559140e+00 2.055352174822274947e+00 1.898153420969945993e+00 1.657850630504719147e+00 1.073623222774216845e+00 5.389433847563518398e-01
3.670000000000000284e+01 2.209822019356065148e+00 2.055789384305173328e+00 1.898565884226433687e+00 1.658185095919959995e+00 1.073881872283191541e+00 5.391368247491070687e-01
3.671666666666666856e+01 2.210276602015234904e+00 2.056219694987603486e+00 1.898971650365372410e+00 1.658514563827981680e+00 1.074136239691942718e+00 5.393184833183357618e-01
3.673333333333333428e+01 2.210724212992564386e+00 2.056643220385336868e+00 1.899370831074197907e+00 1.658838998755025607e+00 1.074385838677318183e+00 5.395077279079391053e-01
3.675000000000000000e+01 2.211164963897533031e+00 2.057060071547631708e+00 1.899726799052172899e+00 1.659158421951593354e+00 1.074631474106105822e+00 5.396925463915663856e-01
3.676666666666666572e+01 2.211463795941940980e+00 2.057309691774333427e+00 1.899947797114467374e+00 1.659352661814375018e+00 1.074755027046738975e+00 5.397586600963935055e-01
3.678333333333333144e+01 2.211721128762120347e+00 2.057522805673682509e+00 1.900143910061458552e+00 1.659520575517889895e+00 1.074855212133266180e+00 5.398029864348932172e-01
3.679999999999999716e+01 2.211943776866247102e+00 2.057734835864325706e+00 1.900336297408787400e+00 1.659686124896204484e+00 1.074953225050530259e+00 5.398332059474286737e-01
3.681666666666666288e+01 2.212163586431551643e+00 2.057933600694591192e+00 1.900516541836906992e+00 1.659839810536001936e+00 1.075041654801150104e+00 5.398690968929032996e-01
3.683333333333334281e+01 2.212370502303881548e+00 2.058123121331274508e+00 1.900687760917257663e+00 1.659984969241077746e+00 1.075120606719006444e+00 5.398793788593267973e-01
3.684999999999999432e+01 2.212690886736284224e+00 2.058424741649591994e+00 1.900970532169287797e+00 1.660240818367916038e+00 1.075309954436930671e+00 5.400150975835806832e-01
3.686666666666666003e+01 2.213024221109229472e+00 2.058739273620577848e+00 1.901266149783943149e+00 1.660509148198847873e+00 1.075507857348956264e+00 5.401372547001361824e-01
3.688333333333333997e+01 2.213346421138625786e+00 2.059042695986351923e+00 1.901550441641574718e+00 1.660765967928391484e+00 1.075697849542215145e+00 5.402870539525302940e-01
3.690000000000000568e+01 2.213666859132444209e+00 2.059344211856184437e+00 1.901833017659133818e+00 1.661021149258427920e+00 1.075881374364265453e+00 5.404053816741963834e-01
3.691666666666665719e+01 2.213982326676994017e+00 2.059640975969332377e+00 1.902110704419647247e+00 1.661271395010546881e+00 1.076066562125055581e+00 5.405138010425595274e-01
3.693333333333333712e+01 2.214171084303686587e+00 2.059811595652305982e+00 1.902263230024456409e+00 1.661397839651786779e+00 1.076123213769542231e+00 5.405238185285405894e-01
3.695000000000000284e+01 2.214332447837094708e+00 2.059955567306620772e+00 1.902389464935104968e+00 1.661498706524833668e+00 1.076167213480845319e+00 5.404954336616355492e-01
3.696666666666666856e+01 2.214491198783140824e+00 2.060097076440015051e+00 1.902513815318961576e+00 1.661598368190070119e+00 1.076197044917677426e+00 5.404823081270008212e-01
3.698333333333333428e+01 2.214637987831314714e+00 2.060227154371639724e+00 1.902626823451877724e+00 1.661686909788333111e+00 1.076235197741783667e+00 5.404455148465784342e-01
3.700000000000000000e+01 2.214776318060034388e+00 2.060348789573919426e+00 1.902731898838999403e+00 1.661768059415613230e+00 1.076242863388716886e+00 5.404186661515338885e-01
3.701666666666666572e+01 2.214905070956814992e+00 2.060461343152360847e+00 1.902827870632976204e+00 1.661840160885051043e+00 1.076279711870064659e+00 5.403553083812513425e-01
3.703333333333333144e+01 2.215025050808012708e+00 2.060565047029661923e+00 1.902915477743021944e+00 1.661904452645734054e+00 1.076284399424319860e+00 5.403253619901253746e-01
3.704999999999999716e+01 2.215135989736541688e+00 2.060660224988619227e+00 1.902994501869480493e+00 1.661960041966934698e+00 1.076275529017786337e+00 5.402677560428874592e-01
3.706666666666666288e+01 2.215238441587111584e+00 2.060746746569023014e+00 1.903065335938666225e+00 1.662008087698351622e+00 1.076271022927866694e+00 5.401945926723394908e-01
3.708333333333334281e+01 2.215332125819914122e+00 2.060825075514741034e+00 1.903127823035169142e+00 1.662047548877302772e+00 1.076245896470158891e+00 5.401280538744690496e-01
3.709999999999999432e+01 2.215417655138531394e+00 2.060894967956816259e+00 1.903182412588242389e+00 1.662079840179913282e+00 1.076226418275052055e+00 5.400381626939169122e-01
3.711666666666666003e+01 2.215494604210221485e+00 2.060956956850846566e+00 1.903228830543464145e+00 1.662103578067263054e+00 1.076186182255589374e+00 5.399594696470214616e-01
3.713333333333333997e+01 2.215563738815267580e+00 2.061010702459051824e+00 1.903267648880011764e+00 1.662120583823182729e+00 1.076152845443560935e+00 5.398528573660841268e-01
3.715000000000000568e+01 2.215624417423362136e+00 2.061056820831228986e+00 1.903298427784709812e+00 1.662128970191193433e+00 1.076097247109475186e+00 5.397514565762746575e-01
3.716666666666665719e+01 2.215677646971017101e+00 2.061094859848555672e+00 1.903321924909076257e+00 1.662131160462488433e+00 1.076051130611338946e+00 5.396548032476012891e-01
3.718333333333333712e+01 2.215722476495523896e+00 2.061125549472394347e+00 1.903337464811866164e+00 1.662124533283709349e+00 1.075980313201687855e+00 5.395255530198556082e-01
3.720000000000000284e+01 2.215760271317985808e+00 2.061148295412869924e+00 1.903346080699879872e+00 1.662112396581564955e+00 1.075922351219176010e+00 5.394124309702514886e-01
3.721666666666666856e+01 2.215789638673952400e+00 2.061163983173415204e+00 1.903346753466337082e+00 1.662091043266344492e+00 1.075824580211338866e+00 5.392761865131215915e-01
3.723333333333333428e+01 2.215812463675138844e+00 2.061171829023981772e+00 1.903340926194813543e+00 1.662065102836603581e+00 1.075765944535832519e+00 5.391477986933665978e-01
3.725000000000000000e+01 2.215826724119747571e+00 2.061172934772798726e+00 1.903327074120243045e+00 1.662029245613996897e+00 1.075675072586750769e+00 5.389994552181082144e-01
3.726666666666666572e+01 2.215835049797279854e+00 2.061166257233630894e+00 1.903307254578255892e+00 1.661990088479710970e+00 1.075577097582801400e+00 5.388615595876966591e-01
3.728333333333333144e+01 2.215834526271085458e+00 2.061153198244275231e+00 1.903279186143287616e+00 1.661939860518075518e+00 1.075480174860482085e+00 5.386765556374589758e-01
3.729999999999999716e+01 2.215828841189267706e+00 2.061132355964057083e+00 1.903245854374412405e+00 1.661888174134166896e+00 1.075366024252379482e+00 5.385374238513701561e-01
3.731666666666666288e+01 2.215813819924291828e+00 2.061105553333324902e+00 1.903203835903110042e+00 1.661823578404726831e+00 1.075260422775020874e+00 5.383756738646756634e-01
3.733333333333334281e+01 2.215794639990719350e+00 2.061070883816271682e+00 1.903157609661403127e+00 1.661760203598016128e+00 1.075129835240664189e+00 5.381977652186372696e-01
3.734999999999999432e+01 2.215765356898836913e+00 2.061030768855789841e+00 1.903101751296827127e+00 1.661681050212465705e+00 1.075003160995888329e+00 5.380298462030604911e-01
3.736666666666666003e+01 2.215733238019041096e+00 2.060982582190189039e+00 1.903043220422484527e+00 1.661607050702193611e+00 1.074885323036428142e+00 5.378395690913120308e-01
3.738333333333333997e+01 2.215689864944306198e+00 2.060929603322801285e+00 1.902973643000631876e+00 1.661512925807524299e+00 1.074731553980756038e+00 5.376624897820265758e-01
3.740000000000000568e+01 2.215645418906488029e+00 2.060868173291876992e+00 1.902903480331188169e+00 1.661429733372814965e+00 1.074600567425585407e+00 5.374597096861112311e-01
3.741666666666665719e+01 2.215588042145236081e+00 2.060802807211157273e+00 1.902820195118716695e+00 1.661319876351891045e+00 1.074441669964039114e+00 5.372528900227303561e-01
3.743333333333333712e+01 2.215531961301226094e+00 2.060728359039557755e+00 1.902739197520199488e+00 1.661230268903099105e+00 1.074295002552075218e+00 5.370617172628746605e-01
3.745000000000000284e+01 2.215460554935511972e+00 2.060651126068397065e+00 1.902642068850378232e+00 1.661079574226780098e+00 1.074128219322987521e+00 5.368428243686412804e-01
3.746666666666666856e+01 2.215393644619755520e+00 2.060563817709839096e+00 1.902551214173886063e+00 1.661003929382709909e+00 1.073969385460289194e+00 5.366394260853144527e-01
3.748333333333333428e+01 2.215308031140368339e+00 2.060475302954466237e+00 1.902439883604124971e+00 1.660875120917442826e+00 1.073792723970857121e+00 5.364162470858788723e-01
3.750000000000000000e+01 2.215231258737259346e+00 2.060375201066500850e+00 1.902340408928989035e+00 1.660744815010577469e+00 1.073623916076214435e+00 5.362015090291062380e-01
3.751666666666666572e+01 2.215131057879866638e+00 2.060276084090014503e+00 1.902214167126766275e+00 1.660616395040536597e+00 1.073436453449325478e+00 5.359693788246223667e-01
3.753333333333333144e+01 2.215045612788911544e+00 2.060163127520208359e+00 1.902107891699694964e+00 1.660472576363944963e+00 1.073237101229924662e+00 5.357231129169338635e-01
3.754999999999999716e+01 2.214930175189945061e+00 2.060054224404857415e+00 1.901965504651529359e+00 1.660334220848408648e+00 1.073061134488560331e+00 5.355009705136488662e-01
3.756666666666666288e+01 2.214837758561915670e+00 2.059928175599329503e+00 1.901842296080489048e+00 1.660179294188798060e+00 1.072857823027470792e+00 5.352503815386633335e-01
3.758333333333334281e+01 2.214705872369435724e+00 2.059810499941386652e+00 1.901706928304064181e+00 1.660031022610954921e+00 1.072662890605416974e+00 5.350167264579673843e-01
3.759999999999999432e+01 2.214609344629652643e+00 2.059670848996229431e+00 1.901557120433466475e+00 1.659865361972030495e+00 1.072453545805638120e+00 5.347625040131652741e-01
3.761666666666666003e+01 2.214441880577669330e+00 2.059545758644169222e+00 1.901417661887629285e+00 1.659707347656792953e+00 1.072250043533942820e+00 5.345188999057879364e-01
3.763333333333333997e+01 2.214346169772925421e+00 2.059391632100763481e+00 1.901258213970010491e+00 1.659531609358161797e+00 1.072029480841526938e+00 5.342571873891743817e-01
3.765000000000000568e+01 2.214210230431385984e+00 2.059260993980288834e+00 1.901107380159999805e+00 1.659363810612743295e+00 1.071820628493353800e+00 5.340072880899354724e-01
3.766666666666665719e+01 2.214063499708467386e+00 2.059091219462120925e+00 1.900938493409188634e+00 1.659178737270448067e+00 1.071587279375638246e+00 5.337062478806969823e-01
3.768333333333333712e+01 2.213433751240637903e+00 2.058402076031446093e+00 1.900291581328463986e+00 1.658519712617965380e+00 1.070834434138183910e+00 5.330034771609327704e-01
3.770000000000000284e+01 2.212691863210352494e+00 2.057732257913106100e+00 1.899538059832611925e+00 1.657677354787989055e+00 1.070055813261465039e+00 5.321223046989735916e-01
3.771666666666666856e+01 2.211963727855521089e+00 2.056878014506828833e+00 1.898722103521827131e+00 1.656954735593370698e+00 1.069253967328050337e+00 5.313423102937867570e-01
3.773333333333333428e+01 2.211106820207560109e+00 2.056140242330863899e+00 1.897954644086069953e+00 1.656133097029726997e+00 1.068436365842644342e+00 5.304771177676245175e-01
3.775000000000000000e+01 2.210329843783558790e+00 2.055303238059181581e+00 1.897122394133409884e+00 1.655316029176602255e+00 1.067586818852632513e+00 5.296143754052440311e-01
3.776666666666666572e+01 2.210017133237552667e+00 2.055008098864201216e+00 1.896818484560972573e+00 1.654990349778699299e+00 1.067230113615248221e+00 5.292101801773797520e-01
3.778333333333333144e+01 2.209728365191170329e+00 2.054701343199199393e+00 1.896503509027760437e+00 1.654667807933426271e+00 1.066866146321505227e+00 5.288019692381759063e-01
3.779999999999999716e+01 2.209423400114171709e+00 2.054392494992254292e+00 1.896185550255797603e+00 1.654332889818490804e+00 1.066488708677084007e+00 5.283741806601337521e-01
3.781666666666666288e+01 2.209122800142042209e+00 2.054080367798836626e+00 1.895864200002427946e+00 1.653997917561919273e+00 1.066109154078208388e+00 5.279458676143250484e-01
3.783333333333334281e+01 2.208849889919364706e+00 2.053766464252826385e+00 1.895540336225425282e+00 1.653658157227578140e+00 1.065724813586700348e+00 5.275121768114777732e-01
3.784999999999999432e+01 2.208389250195921250e+00 2.053315229204109915e+00 1.895080197324847671e+00 1.653184053709269019e+00 1.065208978438537013e+00 5.269521589493834091e-01
3.786666666666666003e+01 2.207942544278408636e+00 2.052853768747131102e+00 1.894610012075083061e+00 1.652700044496800302e+00 1.064685118887912507e+00 5.263859537826232060e-01
3.788333333333333997e+01 2.207479118548328234e+00 2.052385151991634071e+00 1.894133027798432511e+00 1.652209835751695222e+00 1.064155997376903251e+00 5.258159687286453332e-01
3.790000000000000568e+01 2.207009892644319571e+00 2.051906919198803969e+00 1.893646600025503002e+00 1.651710379352759217e+00 1.063618492634742951e+00 5.252386371460282533e-01
3.791666666666665719e+01 2.206530053854254270e+00 2.051420262440426079e+00 1.893151932941038451e+00 1.651202987331575667e+00 1.063073757500351935e+00 5.246549997605577387e-01
3.793333333333333712e+01 2.206042444633559363e+00 2.050924848154107583e+00 1.892648665732611590e+00 1.650687223052506036e+00 1.062521319435144607e+00 5.240644856149165864e-01
3.795000000000000284e+01 2.205545660024847532e+00 2.050421031080287282e+00 1.892137160637110016e+00 1.650163457083628549e+00 1.061961508617546901e+00 5.234673733306492993e-01
3.796666666666666856e+01 2.205040762590947612e+00 2.049908885998489971e+00 1.891617469176676947e+00 1.649631725044724107e+00 1.061394337901742979e+00 5.228636485737214734e-01
3.798333333333333428e+01 2.204527418923416526e+00 2.049388605770356975e+00 1.891089792547685500e+00 1.649092227866454596e+00 1.060819996713538549e+00 5.222534996826082576e-01
3.800000000000000000e+01 2.204006026562198794e+00 2.048860322739749495e+00 1.890554255567739483e+00 1.648545084722905285e+00 1.060238600694834998e+00 5.216370422597589318e-01
3.801666666666666572e+01 2.203476615443613618e+00 2.048324193365671064e+00 1.890011013558530184e+00 1.647990452068483380e+00 1.059650306637353046e+00 5.210144404477820013e-01
3.803333333333333144e+01 2.202939377337065352e+00 2.047780352622120770e+00 1.889460202845750114e+00 1.647428464373844603e+00 1.059055251304604539e+00 5.203858375861698526e-01
3.804999999999999716e+01 2.202394428590594089e+00 2.047228941939014835e+00 1.888901962044535532e+00 1.646859261298049937e+00 1.058453579339993622e+00 5.197513856510094232e-01
3.806666666666666288e+01 2.201841912347222152e+00 2.046670092597096868e+00 1.888336423599457081e+00 1.646282975348220878e+00 1.057845428136777066e+00 5.191112278860040563e-01
3.808333333333334281e+01 2.201281955392652367e+00 2.046103936605064177e+00 1.887763718420271353e+00 1.645699738153962866e+00 1.057230933885908053e+00 5.184655080366116220e-01
3.809999999999999432e+01 2.200714687238315648e+00 2.045530601033438423e+00 1.887183973455426100e+00 1.645109677275837123e+00 1.056610228271892549e+00 5.178143633987258854e-01
3.811666666666666003e+01 2.200140231929757828e+00 2.044950210704040483e+00 1.886597313865427505e+00 1.644512918432689430e+00 1.055983440785010385e+00 5.171579284330807269e-01
3.813333333333333997e+01 2.199558712251234116e+00 2.044362887563188291e+00 1.886003861598110287e+00 1.643909584191732609e+00 1.055350697707101215e+00 5.164963330687109000e-01
3.815000000000000568e+01 2.198970247967969360e+00 2.043768751516343407e+00 1.885403736478584280e+00 1.643299794760491706e+00 1.054712122458203671e+00 5.158297044249078311e-01
3.816666666666665719e+01 2.198374957016077769e+00 2.043167920770093016e+00 1.884797056092576861e+00 1.642683667905962874e+00 1.054067835640958517e+00 5.151581654600082549e-01
3.818333333333333712e+01 2.197772955025957931e+00 2.042560508241912931e+00 1.884183935030969481e+00 1.642061319047362966e+00 1.053417955185933064e+00 5.144818359397724805e-01
3.820000000000000284e+01 2.197164355338388386e+00 2.041946627293516947e+00 1.883564486357829582e+00 1.641432861403528287e+00 1.052762596364591907e+00 5.138008322594909139e-01
3.821666666666666856e+01 2.196549269009930416e+00 2.041326388816349091e+00 1.882938820971782112e+00 1.640798406311737789e+00 1.052101872061819154e+00 5.131152680469015515e-01
3.823333333333333428e+01 2.195927804970027708e+00 2.040699902266196908e+00 1.882307047688843049e+00 1.640158062776727377e+00 1.051435892582483378e+00 5.124252541422713580e-01
3.825000000000000000e+01 2.195300070237462098e+00 2.040067275308838024e+00 1.881669273423081101e+00 1.639511937227913663e+00 1.050764766498497815e+00 5.117308985333166582e-01
3.826666666666666572e+01 2.194531162575533045e+00 2.039294371314956500e+00 1.880892168732900771e+00 1.638727980335373591e+00 1.049959951949626547e+00 5.109075793774007224e-01
3.828333333333333144e+01 2.193748171252944967e+00 2.038507976382009534e+00 1.880102194389664305e+00 1.637932049089962705e+00 1.049145245264885062e+00 5.100760794859114933e-01
3.829999999999999716e+01 2.192954632751085153e+00 2.037711470219367715e+00 1.879302552715973462e+00 1.637127092576587284e+00 1.048322899588532087e+00 5.092379144227390242e-01
3.831666666666666288e+01 2.192148418256518294e+00 2.036902620905008288e+00 1.878490896523625553e+00 1.636310596380523341e+00 1.047489968588724896e+00 5.083897052847000664e-01
3.833333333333334281e+01 2.191330827924300895e+00 2.036082681639700187e+00 1.877668434507340445e+00 1.635483695893596323e+00 1.046647417951351189e+00 5.075322691363133298e-01
3.834999999999999432e+01 2.190636671513439548e+00 2.035385662578667265e+00 1.876968336208593158e+00 1.634778227997823796e+00 1.045923452458946246e+00 5.067897861773512647e-01
3.836666666666666003e+01 2.189939435545086965e+00 2.034685327713756209e+00 1.876264665801884446e+00 1.634068821486778456e+00 1.045194681803334857e+00 5.060418408136895252e-01
3.838333333333333997e+01 2.189235818931821065e+00 2.033978514707988960e+00 1.875554418647714439e+00 1.633352700763768039e+00 1.044458970420886201e+00 5.052870252303172105e-01
3.840000000000000568e+01 2.188528308380353504e+00 2.033267798228335810e+00 1.874840270972754741e+00 1.632632688742215787e+00 1.043719538267993130e+00 5.045290028272864102e-01
3.841666666666665719e+01 2.187815866473928672e+00 2.032552177599150411e+00 1.874121255755670568e+00 1.631907877016245179e+00 1.042975624779890920e+00 5.037671806773795780e-01
3.843333333333333712e+01 2.186963998600798043e+00 2.031697948064412174e+00 1.873264501648027380e+00 1.631046715769258970e+00 1.042099303248539721e+00 5.028776833033046234e-01
3.845000000000000284e+01 2.186099448535424372e+00 2.030831566241573238e+00 1.872396157568586128e+00 1.630174777729725077e+00 1.041214157334047652e+00 5.019811420649642475e-01
3.846666666666666856e+01 2.185225774945912747e+00 2.029956447052735591e+00 1.871519473020435642e+00 1.629295078041674838e+00 1.040322557581653484e+00 5.010792245724601246e-01
3.848333333333333428e+01 2.184340736652377934e+00 2.029070254502163717e+00 1.870632006379963075e+00 1.628405021374757622e+00 1.039421510536434168e+00 5.001685173118398664e-01
3.850000000000000000e+01 2.183445610968069328e+00 2.028174224735844522e+00 1.869734955867226267e+00 1.627505742951972811e+00 1.038512004730017591e+00 4.992498635278667662e-01
3.851666666666666572e+01 2.182810019395518442e+00 2.027536417466990315e+00 1.869094734560258653e+00 1.626861045915753756e+00 1.037850701462253333e+00 4.985719566233118849e-01
3.853333333333333144e+01 2.182180579582870372e+00 2.026904036352567662e+00 1.868459180590301250e+00 1.626219946444378506e+00 1.037190679867958876e+00 4.978938726522778024e-01
3.854999999999999716e+01 2.181550514922017125e+00 2.026270601615469236e+00 1.867822151692423827e+00 1.625576790358277623e+00 1.036527629457188349e+00 4.972127639015617162e-01
3.856666666666666288e+01 2.180924522304190649e+00 2.025641004370622777e+00 1.867188759613463311e+00 1.624937005789024003e+00 1.035867813331692533e+00 4.965357641724742477e-01
3.858333333333334281e+01 2.180300341966162403e+00 2.025013069785551068e+00 1.866556909260964625e+00 1.624298632376803830e+00 1.035209592481273422e+00 4.958615449690080834e-01
3.859999999999999432e+01 2.179408887983188770e+00 2.024119306021820996e+00 1.865660787062749071e+00 1.623398517309281530e+00 1.034297088991039226e+00 4.949423178730359418e-01
3.861666666666666003e+01 2.178503353938705533e+00 2.023212340917645236e+00 1.864752410582229736e+00 1.622487534268393095e+00 1.033377197582570295e+00 4.940190294070048727e-01
3.863333333333333997e+01 2.177590686719929725e+00 2.022298841596084973e+00 1.863838124222027659e+00 1.621571564893191209e+00 1.032454515285177843e+00 4.930948367625611062e-01
3.865000000000000568e+01 2.176666233324101363e+00 2.021373972679485043e+00 1.862912883924754182e+00 1.620645266910006876e+00 1.031522902373091854e+00 4.921627281885349037e-01
3.866666666666665719e+01 2.175732383118369029e+00 2.020440048013168344e+00 1.861978931743461851e+00 1.619710760726876808e+00 1.030584184815964699e+00 4.912242077360129411e-01
3.868333333333333712e+01 2.174788528197420412e+00 2.019496408655211628e+00 1.861035556468979113e+00 1.618767253315525956e+00 1.029637349216813824e+00 4.902780307614938993e-01
3.870000000000000284e+01 2.173835348965531100e+00 2.018543696285777678e+00 1.860083359082230769e+00 1.617815285996216712e+00 1.028682784061442756e+00 4.893244657385260044e-01
3.871666666666666856e+01 2.172872903680034717e+00 2.017581941120637712e+00 1.859122344344816824e+00 1.616854820737833265e+00 1.027720351427175327e+00 4.883633158180810674e-01
3.873333333333333428e+01 2.171901508403947023e+00 2.016611438976806170e+00 1.858152787672162853e+00 1.615886104419244740e+00 1.026750231340164632e+00 4.873947475841365895e-01
3.875000000000000000e+01 2.170921304011907083e+00 2.015632315212668502e+00 1.857174799330342463e+00 1.614909224725553871e+00 1.025772468015981653e+00 4.864188094757979641e-01
3.876666666666666572e+01 2.169932487909789653e+00 2.014644755250186936e+00 1.856188553446991518e+00 1.613924341966959330e+00 1.024787191578753864e+00 4.854356462608490630e-01
3.878333333333333144e+01 2.168935202014098174e+00 2.013648891514194350e+00 1.855194173922838141e+00 1.612931561550375870e+00 1.023794494495212204e+00 4.844453679751706265e-01
3.879999999999999716e+01 2.167929595470630133e+00 2.012644865892140977e+00 1.854191795581357605e+00 1.611931013675226287e+00 1.022794490295640735e+00 4.834481075152892160e-01
3.881666666666666288e+01 2.166915800240987622e+00 2.011632803702414485e+00 1.853181537841783522e+00 1.610922808085105906e+00 1.021787283009601310e+00 4.824439892042246547e-01
3.883333333333334281e+01 2.165893945046436286e+00 2.010612829330662432e+00 1.852163519671568004e+00 1.609907059054306533e+00 1.020772981132203272e+00 4.814331406988835993e-01
3.884999999999999432e+01 2.164729356131497973e+00 2.009451033103038409e+00 1.851004641330632694e+00 1.608751946061083959e+00 1.019623294008850545e+00 4.802912426805499568e-01
3.886666666666666003e+01 2.163548929290323386e+00 2.008274002953252868e+00 1.849831151573274823e+00 1.607583107886568108e+00 1.018461783006612720e+00 4.791388448530291000e-01
3.888333333333333997e+01 2.162356232201300799e+00 2.007085148212156778e+00 1.848646283303729820e+00 1.606403515282519123e+00 1.017290722609716314e+00 4.779775008221402999e-01
3.890000000000000568e+01 2.161149146076020156e+00 2.005882244578699680e+00 1.847447693462573870e+00 1.605210654801200620e+00 1.016107167723262927e+00 4.768038513711899129e-01
3.891666666666665719e+01 2.159928987452431670e+00 2.004666559041731411e+00 1.846236603991469494e+00 1.604005670961104801e+00 1.014912094456381197e+00 4.756187518757356014e-01
3.893333333333333712e+01 2.158830357130055777e+00 2.003571887261593076e+00 1.845145963525125943e+00 1.602920169750668089e+00 1.013833453916889393e+00 4.745461125746298636e-01
3.895000000000000284e+01 2.157726978929722872e+00 2.002472231702400851e+00 1.844050075527928101e+00 1.601829027918607151e+00 1.012748122044226262e+00 4.734658089510130341e-01
3.896666666666666856e+01 2.156615550370675205e+00 2.001364425069585007e+00 1.842945931882433053e+00 1.600729462949986193e+00 1.011653963291750280e+00 4.723764481352330513e-01
3.898333333333333428e+01 2.155498578965654666e+00 2.000251061496801430e+00 1.841836228779644369e+00 1.599624316125040968e+00 1.010554223011174590e+00 4.712817410108549598e-01
3.900000000000000000e+01 2.154375043868678841e+00 1.999131155596308496e+00 1.840720013338798200e+00 1.598512692338184937e+00 1.009448160418106255e+00 4.701811305138553498e-01
3.901666666666666572e+01 2.153110706087245418e+00 1.997871261558327838e+00 1.839464676891275907e+00 1.597263311154257570e+00 1.008208150670685255e+00 4.689510943343731530e-01
3.903333333333333144e+01 2.151832091252442680e+00 1.996597615398642889e+00 1.838196143032487129e+00 1.596001513186459109e+00 1.006957534298630996e+00 4.677120219117799627e-01
3.904999999999999716e+01 2.150542796980069671e+00 1.995313673047985903e+00 1.836917699019923855e+00 1.594730350650973794e+00 1.005698723225937563e+00 4.664656341963293040e-01
3.906666666666666288e+01 2.149240597482796389e+00 1.994017111623032745e+00 1.835626915733666209e+00 1.593447242067924652e+00 1.004428741743962128e+00 4.652085460466924283e-01
3.908333333333334281e+01 2.147926791543513847e+00 1.992709189081029120e+00 1.834325012390366050e+00 1.592153343432944679e+00 1.003148604581379111e+00 4.639416397231084233e-01
3.909999999999999432e+01 2.146601175659295091e+00 1.991389675335990539e+00 1.833011727858199658e+00 1.590848351868944244e+00 1.001857906283051047e+00 4.626644217253240710e-01
3.911666666666666003e+01 2.145264189236933294e+00 1.990058990022740781e+00 1.831687458940838287e+00 1.589532632463340533e+00 1.000556945365470130e+00 4.613771551882376309e-01
3.913333333333333997e+01 2.143915959804840288e+00 1.988717246543322714e+00 1.830352303540068171e+00 1.588206261214754722e+00 9.992457558794188843e-01 4.600798711679938702e-01
3.915000000000000568e+01 2.142556744545882630e+00 1.987364689133245710e+00 1.829006495081520356e+00 1.586869455179075405e+00 9.979245317132705573e-01 4.587727849808923564e-01
3.916666666666665719e+01 2.141186709451179837e+00 1.986001475922403392e+00 1.827650183295409958e+00 1.585522352915043287e+00 9.965933999664585707e-01 4.574560492622208319e-01
3.918333333333333712e+01 2.139806051502626261e+00 1.984627795233413705e+00 1.826283551472846156e+00 1.584165127910210691e+00 9.952525306227607560e-01 4.561298605502323578e-01
3.920000000000000284e+01 2.138414937876051525e+00 1.983243809567331928e+00 1.824906752299510604e+00 1.582797930250041007e+00 9.939020741985209462e-01 4.547943986933448146e-01
3.921666666666666856e+01 2.137013539414142294e+00 1.981849682172581506e+00 1.823519950082414187e+00 1.581420917677460958e+00 9.925421929692063161e-01 4.534498568534363061e-01
3.923333333333333428e+01 2.135602017075113324e+00 1.980445571617067024e+00 1.822123298796666457e+00 1.580034239532443152e+00 9.911730429003623444e-01 4.520964229853159377e-01
3.925000000000000000e+01 2.134180529766835477e+00 1.979031632524224538e+00 1.820716951542304951e+00 1.578638048013018436e+00 9.897947815940851823e-01 4.507342844238151347e-01
3.926666666666666572e+01 2.132749232201424761e+00 1.977608018213141694e+00 1.819301058761845002e+00 1.577232491954695170e+00 9.884075650673884716e-01 4.493636264044129636e-01
3.928333333333333144e+01 2.131308276685983216e+00 1.976174877732360669e+00 1.817875768852080132e+00 1.575817718920335730e+00 9.870115498126225129e-01 4.479846319331663440e-01
3.929999999999999716e+01 2.129857813275361167e+00 1.974732359485578570e+00 1.816441227306625272e+00 1.574393875260413411e+00 9.856068913080342497e-01 4.465974815485027616e-01
3.931666666666666288e+01 2.128397990221887692e+00 1.973280609873803604e+00 1.814997579457517274e+00 1.572961106525232466e+00 9.841937437521536269e-01 4.452023527749771059e-01
3.933333333333334281e+01 2.126928953904620112e+00 1.971819773482975879e+00 1.813544969450884503e+00 1.571519557429716274e+00 9.827722613277166674e-01 4.437994234513895075e-01
3.934999999999999432e+01 2.125316325687003793e+00 1.970216243351276653e+00 1.811950607863916041e+00 1.569937733090026599e+00 9.812145188511165461e-01 4.422647822868346346e-01
3.936666666666666003e+01 2.123686754439667812e+00 1.968596358190028317e+00 1.810340497697465301e+00 1.568341020945333009e+00 9.796438180064431789e-01 4.407187064664813136e-01
3.938333333333333997e+01 2.122043855337291784e+00 1.966963575711757839e+00 1.808717919266469076e+00 1.566732449499086188e+00 9.780624968798349306e-01 4.391628100774416232e-01
3.940000000000000568e+01 2.120385530414619968e+00 1.965315693246375339e+00 1.807080554175188203e+00 1.565109533296585420e+00 9.764676444087280194e-01 4.375937641592310134e-01
3.941666666666665719e+01 2.118713123860371361e+00 1.963654006316181144e+00 1.805429654152519880e+00 1.563473450640191276e+00 9.748602764301244061e-01 4.360124524737090113e-01
3.943333333333333712e+01 2.117429908137058892e+00 1.962379431287497589e+00 1.804163645631331692e+00 1.562218687671368400e+00 9.736240679080671034e-01 4.347904670527780180e-01
3.945000000000000284e+01 2.116157020645063280e+00 1.961114011730655804e+00 1.802905552966798108e+00 1.560970081057115433e+00 9.723900807424251669e-01 4.335679928911881365e-01
3.946666666666666856e+01 2.114884209544158455e+00 1.959847942471980797e+00 1.801646085335571579e+00 1.559719076427062756e+00 9.711518094858414551e-01 4.323407637411355586e-01
3.948333333333333428e+01 2.113618494760146405e+00 1.958588540256481769e+00 1.800392891308002508e+00 1.558473806678518203e+00 9.699186709685597707e-01 4.311195306805568617e-01
3.950000000000000000e+01 2.112356469777485923e+00 1.957332526205012968e+00 1.799142816693259483e+00 1.557231326510057023e+00 9.686882213641720973e-01 4.299023323532688567e-01
3.951666666666666572e+01 2.110830337548649016e+00 1.955813741476428058e+00 1.797631433271710710e+00 1.555729949220391983e+00 9.672062790784126118e-01 4.284433313476089245e-01
3.953333333333333144e+01 2.109292045877821486e+00 1.954283578639783858e+00 1.796109531896770584e+00 1.554219335886776410e+00 9.657185499879303858e-01 4.269822897340820878e-01
3.954999999999999716e+01 2.107748627245005224e+00 1.952748808223867982e+00 1.794583576513641532e+00 1.552705517079528530e+00 9.642298351550853130e-01 4.255225858446922693e-01
3.956666666666666288e+01 2.106195297799676514e+00 1.951204475731540766e+00 1.793048418698867774e+00 1.551183064725131011e+00 9.627339398578884655e-01 4.240571474485159698e-01
3.958333333333334281e+01 2.104634428678356706e+00 1.949652886927853768e+00 1.791506301995964501e+00 1.549654114670169891e+00 9.612327282241852622e-01 4.225875105178076852e-01
3.959999999999999432e+01 2.102930994821831323e+00 1.947959748512600564e+00 1.789823709578002076e+00 1.547986378773300586e+00 9.595972858611711009e-01 4.209885312713770311e-01
3.961666666666666003e+01 2.101211999679369669e+00 1.946251720643377370e+00 1.788126929682621213e+00 1.546305474618953957e+00 9.579509837641545511e-01 4.193803906069674681e-01
3.963333333333333997e+01 2.099480956870379167e+00 1.944532141442402828e+00 1.786419100523161774e+00 1.544614250287956958e+00 9.562958800128976700e-01 4.177643280988297958e-01
3.965000000000000568e+01 2.097735921910321100e+00 1.942798948140089577e+00 1.784698027026043077e+00 1.542910318656425028e+00 9.546290909350344522e-01 4.161369965270240168e-01
3.966666666666665719e+01 2.095978223119165484e+00 1.941053411257962935e+00 1.782964922923596429e+00 1.541194801703384076e+00 9.529515275922119111e-01 4.144991451430022344e-01
3.968333333333333712e+01 2.094207773809968032e+00 1.939295403581718702e+00 1.781219618953330031e+00 1.539467465904156507e+00 9.512628101910446388e-01 4.128502939072285494e-01
3.970000000000000284e+01 2.092425051716058082e+00 1.937525373887915014e+00 1.779462528817719935e+00 1.537728678848930608e+00 9.495632048431286165e-01 4.111906720646532620e-01
3.971666666666666856e+01 2.090630234505348906e+00 1.935743477721519223e+00 1.777693784929074594e+00 1.535978539980627167e+00 9.478527477030878057e-01 4.095203105261617238e-01
3.973333333333333428e+01 2.088823605724410282e+00 1.933949981040974819e+00 1.775913635503143073e+00 1.534217271545376571e+00 9.461316191897708450e-01 4.078394102119969888e-01
3.975000000000000000e+01 2.087005355822921793e+00 1.932145060693199579e+00 1.774122245704782053e+00 1.532445018423289396e+00 9.443999400844801384e-01 4.061481196272541672e-01
3.976666666666666572e+01 2.085041456187545883e+00 1.930195451806746565e+00 1.772187165762731498e+00 1.530530618882337990e+00 9.425301235461588378e-01 4.043229103202981012e-01
3.978333333333333144e+01 2.083058310483135056e+00 1.928227237073951050e+00 1.770234132810009076e+00 1.528599174625300483e+00 9.406451496153972469e-01 4.024837372038185257e-01
3.979999999999999716e+01 2.081059591667812736e+00 1.926243927916508669e+00 1.768266474734619731e+00 1.526653749532936644e+00 9.387473822101246590e-01 4.006322495886101009e-01
3.981666666666666288e+01 2.079043224160364023e+00 1.924243340061678298e+00 1.766281882806650216e+00 1.524691861092287937e+00 9.368339010167364700e-01 3.987651272962638438e-01
3.983333333333334281e+01 2.077010581138436951e+00 1.922226791661114653e+00 1.764281629898613923e+00 1.522714697767247660e+00 9.349057284620525543e-01 3.968832747972944053e-01
3.984999999999999432e+01 2.074961554252171325e+00 1.920194137883176833e+00 1.762265532999252704e+00 1.520722020451534373e+00 9.329625110107748753e-01 3.949862708926134558e-01
3.986666666666666003e+01 2.072896655110546327e+00 1.918145859431366285e+00 1.760234043881897303e+00 1.518714238680669792e+00 9.310045810836158342e-01 3.930744398175271548e-01
3.988333333333333997e+01 2.070816083863055379e+00 1.916082131579701198e+00 1.758187320560214317e+00 1.516691479691103295e+00 9.290320197442999417e-01 3.911478848279174581e-01
3.990000000000000568e+01 2.068720164491951063e+00 1.914003261296518099e+00 1.756125651552176592e+00 1.514654007776241595e+00 9.270450687389255595e-01 3.892068904610326840e-01
3.991666666666665719e+01 2.066609129653003141e+00 1.911909463607473381e+00 1.754049238176061509e+00 1.512602009494263822e+00 9.250439037130199216e-01 3.872516843510077633e-01
3.993333333333333712e+01 2.064483235985469456e+00 1.909800983743087377e+00 1.751958316256809978e+00 1.510535710364282691e+00 9.230287454044361350e-01 3.852825425387508829e-01
3.995000000000000284e+01 2.062342707175151446e+00 1.907678039684231663e+00 1.749853096349463843e+00 1.508455312802398973e+00 9.209997966999057262e-01 3.832997258264201901e-01
3.996666666666666856e+01 2.060187768247449203e+00 1.905540850868431280e+00 1.747733792513284756e+00 1.506361023852645920e+00 9.189572745371926699e-01 3.813035069898855212e-01
3.998333333333333428e+01 2.058018638643876574e+00 1.903389628445505410e+00 1.745600611781120026e+00 1.504253047058129900e+00 9.169013918726434120e-01 3.792941544401987053e-01
4.000000000000000000e+01 2.055835533644311042e+00 1.901224583613179364e+00 1.743453759217324484e+00 1.502131583341075327e+00 9.148323644682457845e-01 3.772719396546438952e-01
4.001666666666666572e+01 2.053504644204789731e+00 1.898912683319727623e+00 1.741161025856758915e+00 1.499865734260312555e+00 9.126229241744524545e-01 3.751136952677228131e-01
4.003333333333333144e+01 2.051152188398263743e+00 1.896579825425097621e+00 1.738847964987250583e+00 1.497580425005432092e+00 9.103958837618031374e-01 3.729392080510134377e-01
4.004999999999999716e+01 2.048781884751734506e+00 1.894229571072571838e+00 1.736517955686892822e+00 1.495278779202927844e+00 9.081536853242271334e-01 3.707502174713441789e-01
4.006666666666666288e+01 2.046391688796685759e+00 1.891859768602229819e+00 1.734168734584370597e+00 1.492958358378535744e+00 9.058934727764009764e-01 3.685434755220139413e-01
4.008333333333334281e+01 2.043983011686711038e+00 1.889471778705667404e+00 1.731801607840251833e+00 1.490620410911760008e+00 9.036163316068084317e-01 3.663199639747583558e-01
4.009999999999999432e+01 2.041689719707291406e+00 1.887198654032400835e+00 1.729548773211448287e+00 1.488395762599093564e+00 9.014493606072214726e-01 3.642026628373033481e-01
4.011666666666666003e+01 2.039386440171939707e+00 1.884915313463400466e+00 1.727285461374573394e+00 1.486160240419033940e+00 8.992704533078809126e-01 3.620725454546193656e-01
4.013333333333333997e+01 2.037069898382570798e+00 1.882618606328379185e+00 1.725008692260800336e+00 1.483911094641005235e+00 8.970775215004249681e-01 3.599282982662255215e-01
4.015000000000000568e+01 2.034742708549936996e+00 1.880311244805658255e+00 1.722721268690448282e+00 1.481651286170770243e+00 8.948739410856477727e-01 3.577737906456530670e-01
4.016666666666665719e+01 2.032403937219408263e+00 1.877992334340925495e+00 1.720422325638502725e+00 1.479380007608045000e+00 8.926590790238290163e-01 3.556085984210690665e-01
4.018333333333333712e+01 2.029786452650751194e+00 1.875396334866757941e+00 1.717848004728006028e+00 1.476836071464479927e+00 8.901791397585663290e-01 3.531872396800866398e-01
4.020000000000000284e+01 2.027141851338908118e+00 1.872774224433143564e+00 1.715248614346673417e+00 1.474268566878173647e+00 8.876790171307317179e-01 3.507485426435590914e-01
4.021666666666666856e+01 2.024477407313415522e+00 1.870132976157983906e+00 1.712630792805286406e+00 1.471683629657757786e+00 8.851635313811480055e-01 3.482958923118457673e-01
4.023333333333333428e+01 2.021788707599567303e+00 1.867468024997013254e+00 1.709989704789808940e+00 1.469076105010040711e+00 8.826267076231353315e-01 3.458224731805175090e-01
4.025000000000000000e+01 2.019078350472991001e+00 1.864781822997750194e+00 1.707327772859214443e+00 1.466448286192626904e+00 8.800705337146037532e-01 3.433299998351522775e-01
4.026666666666666572e+01 2.016479694586863936e+00 1.862206834661355392e+00 1.704776623343301045e+00 1.463930381315913243e+00 8.776213667838713706e-01 3.409405696028263710e-01
4.028333333333333144e+01 2.013867865906834975e+00 1.859618491089882752e+00 1.702211958629177069e+00 1.461398654022244559e+00 8.751574781029021199e-01 3.385354769850745238e-01
4.029999999999999716e+01 2.011239583163231703e+00 1.857013641583902919e+00 1.699630767378570884e+00 1.458850306319797507e+00 8.726766776576063700e-01 3.361132822918863061e-01
4.031666666666666288e+01 2.008597604186649122e+00 1.854395132426564174e+00 1.697035977623568836e+00 1.456288401028884572e+00 8.701824185273148160e-01 3.336779265918110027e-01
4.033333333333334281e+01 2.005941042480363201e+00 1.851762103605360643e+00 1.694426758268486433e+00 1.453712156438014658e+00 8.676740733790603288e-01 3.312289945886160436e-01
4.034999999999999432e+01 2.003136891043820977e+00 1.848982364038188386e+00 1.691671757917694308e+00 1.450991585020475316e+00 8.650254124231407937e-01 3.286445264452243498e-01
4.036666666666666003e+01 2.000310765690638704e+00 1.846181232413330875e+00 1.688895952929338806e+00 1.448251051287277713e+00 8.623587446725267114e-01 3.260438448316398952e-01
4.038333333333333997e+01 1.997466486316163525e+00 1.843362363830899575e+00 1.686102847530312587e+00 1.445493822760900660e+00 8.596767053722729202e-01 3.234289099830706116e-01
4.040000000000000568e+01 1.994601934800952492e+00 1.840523531264621093e+00 1.683290116013949955e+00 1.442717418329500623e+00 8.569764281492011637e-01 3.207964700448067696e-01
4.041666666666665719e+01 1.991718543210440284e+00 1.837666131846947160e+00 1.680459110593574446e+00 1.439923128764620142e+00 8.542590661529829710e-01 3.181475782753337422e-01
4.043333333333333712e+01 1.988816228676754116e+00 1.834790055612510962e+00 1.677609691035904405e+00 1.437110774541165092e+00 8.515243467178571501e-01 3.154819001727151573e-01
4.045000000000000284e+01 1.985895557252669752e+00 1.831895841276920178e+00 1.674742369815398702e+00 1.434280841320803024e+00 8.487727101733570922e-01 3.127998667608489769e-01
4.046666666666666856e+01 1.982956776919681197e+00 1.828983723336881972e+00 1.671857371648109325e+00 1.431433533208487985e+00 8.460043202712622668e-01 3.101016617878094572e-01
4.048333333333333428e+01 1.980000255933397568e+00 1.826054065139414373e+00 1.668955053743427674e+00 1.428569190456186577e+00 8.432194921267995857e-01 3.073876528995892476e-01
4.050000000000000000e+01 1.977026286854868919e+00 1.823107141851010304e+00 1.666035679735647257e+00 1.425688073728987870e+00 8.404184810431594155e-01 3.046581423831593582e-01
4.051666666666666572e+01 1.974168620048317280e+00 1.820275894647546355e+00 1.663231347087726020e+00 1.422920955581275848e+00 8.377284074226962751e-01 3.020361647989503462e-01
4.053333333333333144e+01 1.971302102754583618e+00 1.817435480128487990e+00 1.660417566373836085e+00 1.420143980338720358e+00 8.350275858290103770e-01 2.994032005488910797e-01
4.054999999999999716e+01 1.968423467634624835e+00 1.814582798093761440e+00 1.657591392769607763e+00 1.417354458145024809e+00 8.323140432308032688e-01 2.967580770573727822e-01
4.056666666666666288e+01 1.965535248195674489e+00 1.811720493730534010e+00 1.654755575234037934e+00 1.414555303941261943e+00 8.295911557193850205e-01 2.941046564725163792e-01
4.058333333333334281e+01 1.962636502217033119e+00 1.808847669206532949e+00 1.651909261839252130e+00 1.411745735849503136e+00 8.268583394379357410e-01 2.914425553370987854e-01
4.059999999999999432e+01 1.959461105972795325e+00 1.805699838180596428e+00 1.648789656706013851e+00 1.408665674970472903e+00 8.238630158438491335e-01 2.885276244779601540e-01
4.061666666666666003e+01 1.956259614837674077e+00 1.802526952420812956e+00 1.645646020357059536e+00 1.405563133121191077e+00 8.208489668730025723e-01 2.855974968709629191e-01
4.063333333333333997e+01 1.953039363393732186e+00 1.799336017620952966e+00 1.642485057193376674e+00 1.402444325712234097e+00 8.178210919053915395e-01 2.826556102367561163e-01
4.065000000000000568e+01 1.949795912786087992e+00 1.796122380415723807e+00 1.639301906873630532e+00 1.399304082085797152e+00 8.147734010839445817e-01 2.796951082908374908e-01
4.066666666666665719e+01 1.946531854399374817e+00 1.792888559157415740e+00 1.636098994327911837e+00 1.396144701894338036e+00 8.117078683699554542e-01 2.767176813807317171e-01
4.068333333333333712e+01 1.943113580311001121e+00 1.789501696412918008e+00 1.632744233462705363e+00 1.392835336227161713e+00 8.084971140830939929e-01 2.735999231282706390e-01
4.070000000000000284e+01 1.939667171143494517e+00 1.786087506194850461e+00 1.629362936407206863e+00 1.389500590200940522e+00 8.052634373263577450e-01 2.704609164316070791e-01
4.071666666666666856e+01 1.936196437610584908e+00 1.782649604012071620e+00 1.625958526732299569e+00 1.386143577392463078e+00 8.020091670728694000e-01 2.673022220737192867e-01
4.073333333333333428e+01 1.932699613291150920e+00 1.779186082735389807e+00 1.622528966204680900e+00 1.382762076819182395e+00 7.987315745870299244e-01 2.641207023207627347e-01
4.075000000000000000e+01 1.929178224497519967e+00 1.775698408491976021e+00 1.619075655845223505e+00 1.379357385085406396e+00 7.954317683766322089e-01 2.609173500977566285e-01
4.076666666666666572e+01 1.925632369840058367e+00 1.772186635700077284e+00 1.615598609758500670e+00 1.375929450641177887e+00 7.921095618558480211e-01 2.576919262291956225e-01
4.078333333333333144e+01 1.922062708128625452e+00 1.768651404440103381e+00 1.612098418714207337e+00 1.372478818099420073e+00 7.887654033889253125e-01 2.544449083057951366e-01
4.079999999999999716e+01 1.918469603942083879e+00 1.765093043047344379e+00 1.608575391224190687e+00 1.369005762620205902e+00 7.853995395710219318e-01 2.511765757698438684e-01
4.081666666666666288e+01 1.914853521879139153e+00 1.761511998526534839e+00 1.605029960082600793e+00 1.365510682583390034e+00 7.820123618323260306e-01 2.478873780710148522e-01
4.083333333333334281e+01 1.911214830520050034e+00 1.757908630296850294e+00 1.601462465462582418e+00 1.361993901077984459e+00 7.786041859885333150e-01 2.445777083386479478e-01
4.084999999999999432e+01 1.907420985142711300e+00 1.754151186963343489e+00 1.597741983263551324e+00 1.358325813741613874e+00 7.750491515636523943e-01 2.411259649027832352e-01
4.086666666666666003e+01 1.903597279902523809e+00 1.750364638249967797e+00 1.593993105376446229e+00 1.354630367504722654e+00 7.714690187661847887e-01 2.376508521122260575e-01
4.088333333333333997e+01 1.899747666283488901e+00 1.746552746710657411e+00 1.590219430725698491e+00 1.350910893870701290e+00 7.678664424263972332e-01 2.341543416212129025e-01
4.090000000000000568e+01 1.895870217714235473e+00 1.742713460089524657e+00 1.586418797029659045e+00 1.347165061869191716e+00 7.642386757227667138e-01 2.306333130483745331e-01
4.091666666666665719e+01 1.891966482656049164e+00 1.738848282569643855e+00 1.582592648742361607e+00 1.343394241887869489e+00 7.605869490706265168e-01 2.270889020563671423e-01
4.093333333333333712e+01 1.888036522896476832e+00 1.734957228865626089e+00 1.578740968758472141e+00 1.339598365383792844e+00 7.569110878163552991e-01 2.235209141176313086e-01
4.095000000000000284e+01 1.884081019031601301e+00 1.731040959102054355e+00 1.574864377645329272e+00 1.335778017736622747e+00 7.532116010286514785e-01 2.199299055266004943e-01
4.096666666666666856e+01 1.880100337211794814e+00 1.727099816891215722e+00 1.570963195208238794e+00 1.331933498270959859e+00 7.494887552423472599e-01 2.163162112571420104e-01
4.098333333333333428e+01 1.876094959277288199e+00 1.723134281116296629e+00 1.567037884816486981e+00 1.328065244809590650e+00 7.457429899473935198e-01 2.126803416407576086e-01
4.100000000000000000e+01 1.872065292502147482e+00 1.719144732703025369e+00 1.563088813120871112e+00 1.324173616592028813e+00 7.419746755050357079e-01 2.090227584484402601e-01
4.101666666666666572e+01 1.867879123656497997e+00 1.714999764830512641e+00 1.558985408313045884e+00 1.320129388945086024e+00 7.380583511938494379e-01 2.052223180863301522e-01
4.103333333333333144e+01 1.863661478264439619e+00 1.710824067163585260e+00 1.554852001371791470e+00 1.316056214768725141e+00 7.341155014655281752e-01 2.013974355633820212e-01
4.104999999999999716e+01 1.859416368046309387e+00 1.706621468967996824e+00 1.550692256859707463e+00 1.311957505665888535e+00 7.301488458922620328e-01 1.975501503372512346e-01
4.106666666666666288e+01 1.855141892357256239e+00 1.702389952508445159e+00 1.546504044155009971e+00 1.307830976383504096e+00 7.261556632706364089e-01 1.936773835145532419e-01
4.108333333333334281e+01 1.850839645876042994e+00 1.698131045015961016e+00 1.542288854101935724e+00 1.303678041188464531e+00 7.221372185973999880e-01 1.897803349363448855e-01
4.109999999999999432e+01 1.846377252580847728e+00 1.693713173061801136e+00 1.537915912299081311e+00 1.299369212279603669e+00 7.179677179169754453e-01 1.857374291851036918e-01
4.111666666666666003e+01 1.841879919713824032e+00 1.689261171973538644e+00 1.533509657932860648e+00 1.295028222409010832e+00 7.137686451214310113e-01 1.816670226457960668e-01
4.113333333333333997e+01 1.837351687594673155e+00 1.684778878622489318e+00 1.529073750114053665e+00 1.290658452764860797e+00 7.095426450290694964e-01 1.775710773519124930e-01
4.115000000000000568e+01 1.832790770305894545e+00 1.680264404732065620e+00 1.524606170870756117e+00 1.286257719432744695e+00 7.052870729996950638e-01 1.734465940654655591e-01
4.116666666666665719e+01 1.828198799323133672e+00 1.675719329635790178e+00 1.520108450016942392e+00 1.281827458419932508e+00 7.010032019563553485e-01 1.692947703438449081e-01
4.118333333333333712e+01 1.823576036394692679e+00 1.671143788915985917e+00 1.515580677988381586e+00 1.277367720615277369e+00 6.966909747471095038e-01 1.651155187139511649e-01
4.120000000000000284e+01 1.818923181183043303e+00 1.666538536320246289e+00 1.511023578718026394e+00 1.272879169469703697e+00 6.923510004476205459e-01 1.609094984355962377e-01
4.121666666666666856e+01 1.814240654576037670e+00 1.661904012914311002e+00 1.506437566301161768e+00 1.268362203628795370e+00 6.879836491908116747e-01 1.566771450501711072e-01
4.123333333333333428e+01 1.809529081284952934e+00 1.657240743159379637e+00 1.501823195321772442e+00 1.263817352858722431e+00 6.835894461565710234e-01 1.524190768149424613e-01
4.125000000000000000e+01 1.804788925334456229e+00 1.652549189825626152e+00 1.497180921026772582e+00 1.259245032606829184e+00 6.791688481549784662e-01 1.481358509426308478e-01
4.126666666666666572e+01 1.799756537661111322e+00 1.647567330408765685e+00 1.492250397541171614e+00 1.254387670867159077e+00 6.744718883393618913e-01 1.435861739095523337e-01
4.128333333333333144e+01 1.794680621249750141e+00 1.642543172678777585e+00 1.487278880308092521e+00 1.249491197103167472e+00 6.697400743235966125e-01 1.390052960012677086e-01
4.129999999999999716e+01 1.789568929880938519e+00 1.637484155254411711e+00 1.482273462213671733e+00 1.244562185368371932e+00 6.649786076819340641e-01 1.343969835391249923e-01
4.131666666666666288e+01 1.784417308098890098e+00 1.632385926358951522e+00 1.477229570577336393e+00 1.239595710995787137e+00 6.601817388402639875e-01 1.297546727726647531e-01
4.133333333333334281e+01 1.779228642157062890e+00 1.627251258961927904e+00 1.472149874084543786e+00 1.234594325846604557e+00 6.553517005535014484e-01 1.250803618680929596e-01
4.134999999999999432e+01 1.774002828761525485e+00 1.622079986933207429e+00 1.467034124931536843e+00 1.229557678042154212e+00 6.504879283905901088e-01 1.203733774519974431e-01
4.136666666666666003e+01 1.768741017360152767e+00 1.616873204280434795e+00 1.461883374097381116e+00 1.224486746575700336e+00 6.455912769076656010e-01 1.156345606868567910e-01
4.138333333333333997e+01 1.763443725318399879e+00 1.611631377744277449e+00 1.456698059054776451e+00 1.219381914467555950e+00 6.406620730149830134e-01 1.108642974221648037e-01
4.140000000000000568e+01 1.758111692261710601e+00 1.606355250075953256e+00 1.451478928242101674e+00 1.214243847471753623e+00 6.357009628091314646e-01 1.060633448106554355e-01
4.141666666666665719e+01 1.752745500121365652e+00 1.601045390825215353e+00 1.446226504409148461e+00 1.209073077174520394e+00 6.307084645150827784e-01 1.012323356738068503e-01
4.143333333333333712e+01 1.747082485327074775e+00 1.595440771905092259e+00 1.440681411610976959e+00 1.203613017143319697e+00 6.254357200206281941e-01 9.613122567084707304e-02
4.145000000000000284e+01 1.741370588910882145e+00 1.589788646692062546e+00 1.435090174613623315e+00 1.198108817238241253e+00 6.201233784785785685e-01 9.099439226199045050e-02
4.146666666666666856e+01 1.735617733246130223e+00 1.584096611975563507e+00 1.429460022115606854e+00 1.192567206219903753e+00 6.147767886593645814e-01 8.582576140598907610e-02
4.148333333333333428e+01 1.729819844137536311e+00 1.578360371777609572e+00 1.423786440881886106e+00 1.186983319499577139e+00 6.093902827535684352e-01 8.061887155097835489e-02
4.150000000000000000e+01 1.723979911103107554e+00 1.572582806172202696e+00 1.418072215102318179e+00 1.181359792658192909e+00 6.039661933209320432e-01 7.537584964944754606e-02
4.151666666666666572e+01 1.718097910464188471e+00 1.566763825604205795e+00 1.412317179032668957e+00 1.175696355720469599e+00 5.985040550108262636e-01 7.009613576500406396e-02
4.153333333333333144e+01 1.712175092969627999e+00 1.560904608909158275e+00 1.406522459565239025e+00 1.169994065815650908e+00 5.930048159973401178e-01 6.478071301455265441e-02
4.154999999999999716e+01 1.706212034888172191e+00 1.555005721711633981e+00 1.400688597812262959e+00 1.164253406798427593e+00 5.874688941655255014e-01 5.943008814003194334e-02
4.156666666666666288e+01 1.700209623685817517e+00 1.549067976475102526e+00 1.394816380482937879e+00 1.158475134539350027e+00 5.818970340880313952e-01 5.404514564458560988e-02
4.158333333333334281e+01 1.694168537058021506e+00 1.543092028677508054e+00 1.388906433413765296e+00 1.152659847976510887e+00 5.762898809331412631e-01 4.862664619486043588e-02
4.159999999999999432e+01 1.687827213023737727e+00 1.536817934162511223e+00 1.382700563057757348e+00 1.146552149984897406e+00 5.703998714666189684e-01 4.293597893679926975e-02
4.161666666666666003e+01 1.681432682385941790e+00 1.530492052766808886e+00 1.376444348618649727e+00 1.140396229960650265e+00 5.644667023916815074e-01 3.720650892343516092e-02
4.163333333333333997e+01 1.674993017525956196e+00 1.524122126290740731e+00 1.370145228466957521e+00 1.134198979880241431e+00 5.584958744832374533e-01 3.144234369440733479e-02
4.165000000000000568e+01 1.668504232460904735e+00 1.517703935853093711e+00 1.363798788249059202e+00 1.127955649952994799e+00 5.524817645843352887e-01 2.563709342969185470e-02
4.166666666666665719e+01 1.661969396310321923e+00 1.511240433150435658e+00 1.357407886006871234e+00 1.121668949177049734e+00 5.464267787874287352e-01 1.979297637247412131e-02
4.168333333333333712e+01 1.655257726363463799e+00 1.504601580394709703e+00 1.350843279866024371e+00 1.115211086086724590e+00 5.402067441447427898e-01 1.379020674241187086e-02
4.170000000000000284e+01 1.648493461581983954e+00 1.497911231871031479e+00 1.344228404393684073e+00 1.108704719711508080e+00 5.339418909850875972e-01 7.745833997041961724e-03
4.171666666666666856e+01 1.641681017097460948e+00 1.491173632106570945e+00 1.337567294031074328e+00 1.102153406607150998e+00 5.276351583288758640e-01 1.662164609237021338e-03
4.173333333333333428e+01 1.634818965794166967e+00 1.484387297592892896e+00 1.330858237154968426e+00 1.095555348619686953e+00 5.212842125368222224e-01 -4.463433416982266581e-03
4.175000000000000000e+01 1.627909304555709147e+00 1.477554080525739000e+00 1.324103053189709112e+00 1.088912296976076055e+00 5.148906135293858100e-01 -1.062938764173538241e-02
4.176666666666666572e+01 1.620691452281625144e+00 1.470415035101585666e+00 1.317044527277077881e+00 1.081969809481618139e+00 5.082077751887342787e-01 -1.707329596134136637e-02
4.178333333333333144e+01 1.613411743534851839e+00 1.463215761481395649e+00 1.309927439133536931e+00 1.074971258794331863e+00 5.014744382224446406e-01 -2.356285009251558524e-02
4.179999999999999716e+01 1.606078466885379807e+00 1.455964235577771770e+00 1.302759390141733142e+00 1.067923687595731641e+00 4.946962342602527762e-01 -3.009384126039710977e-02
4.181666666666666288e+01 1.598687831055879416e+00 1.448656431970864800e+00 1.295536096761023215e+00 1.060822454572264206e+00 4.878676906257035095e-01 -3.667248363596444655e-02
4.183333333333334281e+01 1.591243067119413546e+00 1.441295489421928977e+00 1.288260569480549123e+00 1.053670383641670094e+00 4.809914171600416233e-01 -4.329637443055590201e-02
4.184999999999999432e+01 1.583484015272883516e+00 1.433622868027749409e+00 1.280675989505676737e+00 1.046213425948487208e+00 4.738210926462714245e-01 -5.020278681030616169e-02
4.186666666666666003e+01 1.575656735148114107e+00 1.425883886187709004e+00 1.273026822327525176e+00 1.038694563156489004e+00 4.665950223106139494e-01 -5.715990454055137199e-02
4.188333333333333997e+01 1.567769664308523270e+00 1.418086592519290257e+00 1.265320751218354189e+00 1.031120878484586667e+00 4.593188857539183267e-01 -6.416348999423855670e-02
4.190000000000000568e+01 1.559819201425079793e+00 1.410227064756865101e+00 1.257553676830200695e+00 1.023487918394009322e+00 4.519873980095489019e-01 -7.121956067569115700e-02
4.191666666666665719e+01 1.551808751413854104e+00 1.402308625494359529e+00 1.249728746099901144e+00 1.015798660813890919e+00 4.446031378773724896e-01 -7.832564932677103797e-02
4.193333333333333712e+01 1.543998425929806961e+00 1.394589543990389480e+00 1.242102378524315931e+00 1.008306470288669932e+00 4.374111607398169510e-01 -8.524577220214334117e-02
4.195000000000000284e+01 1.536145935634507076e+00 1.386828091250304373e+00 1.234433640651710462e+00 1.000771807152272430e+00 4.301765057907377954e-01 -9.220823341865090617e-02
4.196666666666666856e+01 1.528244554408133560e+00 1.379017894376405096e+00 1.226716479697878004e+00 9.931890919032635434e-01 4.228949750242010919e-01 -9.921546754645375887e-02
4.198333333333333428e+01 1.520300116249612143e+00 1.371165059788898910e+00 1.218957146547345216e+00 9.855649058768776172e-01 4.155740804597412574e-01 -1.062588411201465521e-01
4.200000000000000000e+01 1.512311225521290270e+00 1.363268247940593980e+00 1.211154383932400824e+00 9.778981320966532165e-01 4.082131713330943712e-01 -1.133384734874639532e-01
4.201666666666666572e+01 1.503632244783263738e+00 1.354686192894457797e+00 1.202671571882283130e+00 9.695595643683508902e-01 4.002036675362318774e-01 -1.210394912807399581e-01
4.203333333333333144e+01 1.494871301913818007e+00 1.346025231909157682e+00 1.194113025338610523e+00 9.611500623858570957e-01 3.921347985582763207e-01 -1.287888136260475769e-01
4.204999999999999716e+01 1.486048468417958457e+00 1.337304690621303527e+00 1.185497302109187689e+00 9.526868046202526807e-01 3.840204198193015173e-01 -1.365764177753946429e-01
4.206666666666666288e+01 1.477152610908612385e+00 1.328512892602847550e+00 1.176812147723075519e+00 9.441567291671481010e-01 3.758453952040731183e-01 -1.444193552882544751e-01
4.208333333333334281e+01 1.468190631499952437e+00 1.319656519566696495e+00 1.168063983335726919e+00 9.355659974776813215e-01 3.676151641504440959e-01 -1.523130283475227775e-01
4.209999999999999432e+01 1.458774952302962724e+00 1.310350298731808971e+00 1.158870259979743800e+00 9.265362052283780958e-01 3.589631391334277000e-01 -1.606104319030762784e-01
4.211666666666666003e+01 1.449271596008537610e+00 1.300959034225527056e+00 1.149594381904758267e+00 9.174285679088383105e-01 3.502430528510949714e-01 -1.689678840274703442e-01
4.213333333333333997e+01 1.439693013284959910e+00 1.291494805414087121e+00 1.140247766801618212e+00 9.082536424795091268e-01 3.414631268751061599e-01 -1.773795529896952661e-01
4.215000000000000568e+01 1.430033725137348055e+00 1.281951941198386180e+00 1.130824201456879008e+00 8.990044600177429235e-01 3.326151764020271462e-01 -1.858547543742267438e-01
4.216666666666665719e+01 1.420298597064078683e+00 1.272334981777815344e+00 1.121328153091667446e+00 8.896853405882410026e-01 3.237028144200606583e-01 -1.943901307424921732e-01
4.218333333333333712e+01 1.410231056614847489e+00 1.262389074270292122e+00 1.111506434394862186e+00 8.800458915616454769e-01 3.144836681243142751e-01 -2.032187579206254369e-01
4.220000000000000284e+01 1.400074738522308238e+00 1.252357057236161531e+00 1.101600953294321616e+00 8.703264687924424647e-01 3.051929141396378942e-01 -2.121118334367331493e-01
4.221666666666666856e+01 1.389838785815458166e+00 1.242247430339475045e+00 1.091620045398071115e+00 8.605346845799383138e-01 2.958368667543818109e-01 -2.210645605583684836e-01
4.223333333333333428e+01 1.379520083652623796e+00 1.232056769793739237e+00 1.081560090395637275e+00 8.506665449877091056e-01 2.864106147808549996e-01 -2.300824106267786995e-01
4.225000000000000000e+01 1.369122553546504806e+00 1.221788759516516887e+00 1.071424630992335425e+00 8.407254054105771646e-01 2.769171810631632091e-01 -2.391622969779685359e-01
4.226666666666666572e+01 1.358263241957776257e+00 1.211063043705338016e+00 1.060836053369886400e+00 8.303381110444572055e-01 2.669959241578093723e-01 -2.486506482594669776e-01
4.228333333333333144e+01 1.347304635885977264e+00 1.200241070373439634e+00 1.050154306663928283e+00 8.198623678586826058e-01 2.569972169856281075e-01 -2.582068908346569769e-01
4.229999999999999716e+01 1.336260049249250237e+00 1.189335584954066993e+00 1.039391656700979327e+00 8.093095105425679447e-01 2.469304492432132236e-01 -2.678240118498453892e-01
4.231666666666666288e+01 1.325123987343996168e+00 1.178340674699068780e+00 1.028541777035450799e+00 7.986728137928732485e-01 2.367876919939386204e-01 -2.775109610067059140e-01
4.233333333333334281e+01 1.313901289133790229e+00 1.167261352133852181e+00 1.017609528439533451e+00 7.879567508852435287e-01 2.265726925879712750e-01 -2.872637988270088649e-01
4.234999999999999432e+01 1.302083384588245796e+00 1.155592294801163433e+00 1.006093436672304886e+00 7.766659043704284837e-01 2.158068052018728422e-01 -2.975417100148524674e-01
4.236666666666666003e+01 1.290151326344775029e+00 1.143812964028357859e+00 9.944709291138251750e-01 7.652747047952480619e-01 2.049547748419621174e-01 -3.078934146105690717e-01
4.238333333333333997e+01 1.278122470451567239e+00 1.131940241130923841e+00 9.827582110030463891e-01 7.537981425612862996e-01 1.940286630157514458e-01 -3.183102943436145749e-01
4.240000000000000568e+01 1.265989388173327956e+00 1.119965856798561310e+00 9.709467250775696279e-01 7.422269199312458987e-01 1.830173952682709881e-01 -3.288043912936744473e-01
4.241666666666665719e+01 1.253758377052837991e+00 1.107896231535951515e+00 9.590424497837525264e-01 7.305668735615988840e-01 1.719263011246739692e-01 -3.393707538970562876e-01
4.243333333333333712e+01 1.241050422617780535e+00 1.095354543481326548e+00 9.466715641116312252e-01 7.184484977424980823e-01 1.603985443830246160e-01 -3.503517024356548326e-01
4.245000000000000284e+01 1.228225394775480206e+00 1.082699743929659952e+00 9.341912773900252764e-01 7.062269487793388922e-01 1.487812573346465883e-01 -3.614097515638455271e-01
4.246666666666666856e+01 1.215297343419466936e+00 1.069944963473249633e+00 9.216146530388867886e-01 6.939137285580886383e-01 1.370845231804192210e-01 -3.725374416601740513e-01
4.248333333333333428e+01 1.202261166897399258e+00 1.057085094133298320e+00 9.089360201303047226e-01 6.815029601528698189e-01 1.253007237886359926e-01 -3.837430631342670928e-01
4.250000000000000000e+01 1.189122735948425991e+00 1.044125837428462322e+00 8.961605382113937424e-01 6.689996579873936922e-01 1.134347014440408169e-01 -3.950220507617555055e-01
4.251666666666666572e+01 1.175631801463689063e+00 1.030818099601440219e+00 8.830413362246135600e-01 6.561599582125321461e-01 1.012511333986566980e-01 -4.065990893610474388e-01
4.253333333333333144e+01 1.162027404768173122e+00 1.017400641464534905e+00 8.698161499608806357e-01 6.432198958721354609e-01 8.898117461401014450e-02 -4.182497847223078380e-01
4.254999999999999716e+01 1.148320016262931897e+00 1.003883368235261475e+00 8.564945230964139400e-01 6.301885424989651652e-01 7.663231856402914766e-02 -4.299684696519628369e-01
4.256666666666666288e+01 1.134507388263707561e+00 9.902636846708450236e-01 8.430737429975825314e-01 6.170627056600758165e-01 6.420088522256955921e-02 -4.417588686425147904e-01
4.258333333333334281e+01 1.120593960619851392e+00 9.765462829855717786e-01 8.295580724568797359e-01 6.038466964707217555e-01 5.169141830501242790e-02 -4.536165854793169361e-01
4.259999999999999432e+01 1.106081608615161693e+00 9.622364597341824810e-01 8.154570537055749746e-01 5.900563693927055597e-01 3.863762231565295857e-02 -4.659870513891857802e-01
4.261666666666666003e+01 1.091442779538693619e+00 9.478052929556458617e-01 8.012395908003847600e-01 5.761574791040746657e-01 2.549503200004247030e-02 -4.784277547705889089e-01
4.263333333333333997e+01 1.076696427803929046e+00 9.332708229741227823e-01 7.869233387843891370e-01 5.621666591524089318e-01 1.227713707585394685e-02 -4.909283327264195029e-01
4.265000000000000568e+01 1.061835246916044584e+00 9.186254996147391605e-01 7.725002374187732723e-01 5.480751836177150116e-01 -1.026094360744013402e-03 -5.035004213380271931e-01
4.266666666666665719e+01 1.046866622476928965e+00 9.038762794541881362e-01 7.579772081534599248e-01 5.338900857049307946e-01 -1.440809244229310226e-02 -5.161372081485464669e-01
4.268333333333333712e+01 1.031171742932778912e+00 8.884092566579034900e-01 7.427452977970930847e-01 5.190100145538573129e-01 -2.844676980679237965e-02 -5.293912192836297548e-01
4.270000000000000284e+01 1.015336940062111504e+00 8.728087928713265109e-01 7.273866261807451217e-01 5.040128711228556435e-01 -4.257734423341080765e-02 -5.427147765145471370e-01
4.271666666666666856e+01 9.993861929879205297e-01 8.570974520869159008e-01 7.119223736585339468e-01 4.889195759303125444e-01 -5.678310768148971815e-02 -5.560951836309472318e-01
4.273333333333333428e+01 9.833099024410670852e-01 8.412654226264512092e-01 6.963426931195677572e-01 4.737185843951545183e-01 -7.107720151837848555e-02 -5.695466570546782181e-01
4.275000000000000000e+01 9.671169353145863123e-01 8.253215024994586813e-01 6.806566627102553779e-01 4.584180641780737364e-01 -8.545241218646565384e-02 -5.830634131711159851e-01
4.276666666666666572e+01 9.505632906259939841e-01 8.090238113813841281e-01 6.646231516149737617e-01 4.427809128487433243e-01 -1.001352560788238283e-01 -5.968630312814848793e-01
4.278333333333333144e+01 9.338849244916227477e-01 7.926066630915273858e-01 6.484756208981590220e-01 4.270397209986989129e-01 -1.148989387516462374e-01 -6.107249602385897980e-01
4.279999999999999716e+01 9.170931551776736468e-01 7.760809412799483109e-01 6.322250805047577860e-01 4.112048088791670497e-01 -1.297358526713235927e-01 -6.246423285783893053e-01
4.281666666666666288e+01 9.001864469625421306e-01 7.594455299830420447e-01 6.158707513222969610e-01 3.952736645294282480e-01 -1.446487911638068558e-01 -6.386177461771643804e-01
4.283333333333334281e+01 8.831711533330630637e-01 7.427064624386510161e-01 5.994187087414276638e-01 3.792518674422231673e-01 -1.596316171288359176e-01 -6.526457013850119893e-01
4.284999999999999432e+01 8.581499202200131293e-01 7.180330036710651509e-01 5.751053376348289614e-01 3.554910512058420680e-01 -1.820182230265549317e-01 -6.737124605300864877e-01
4.286666666666666003e+01 8.325615032436257668e-01 6.928346326059332538e-01 5.503113537972958991e-01 3.313183941553603518e-01 -2.046561420105222906e-01 -6.948900391502984553e-01
4.288333333333333997e+01 8.066943341055478056e-01 6.673908008958326921e-01 5.253060713222440503e-01 3.069805917717154387e-01 -2.273547072305397987e-01 -7.160456534204218126e-01
4.290000000000000568e+01 7.803966589098418893e-01 6.415406438524046129e-01 4.999176003305014215e-01 2.822954628574955160e-01 -2.503197381509017494e-01 -7.374088258253869155e-01
4.291666666666665719e+01 7.537539828255086505e-01 6.153651048890818043e-01 4.742251159035563157e-01 2.573365845356321291e-01 -2.734867728859460279e-01 -7.589259285539419198e-01
4.293333333333333712e+01 7.411122312397625533e-01 6.030820029080652400e-01 4.623099462366953571e-01 2.459680476923453984e-01 -2.835984133960586795e-01 -7.680135463537129947e-01
4.295000000000000284e+01 7.289672678693825958e-01 5.912413456928777844e-01 4.507815110362207722e-01 2.348996015651760028e-01 -2.936321828470140338e-01 -7.772290345476545737e-01
4.296666666666666856e+01 7.168089045437964213e-01 5.793538677254562730e-01 4.391728301226359710e-01 2.236997239129089043e-01 -3.039131862731775380e-01 -7.867782966673667611e-01
4.298333333333333428e+01 7.049537701158735681e-01 5.677483216633608665e-01 4.278242493437917071e-01 2.127284876504212940e-01 -3.140270456745113403e-01 -7.961953882071782784e-01
4.300000000000000000e+01 6.932696553536052964e-01 5.562985154413625510e-01 4.166161482060713461e-01 2.018767100377544532e-01 -3.240574067758184018e-01 -8.055365346636434998e-01
4.301666666666666572e+01 6.818033197620640973e-01 5.450547939959412558e-01 4.056030009640963496e-01 1.912051798396756375e-01 -3.339306471602898618e-01 -8.147099633207293135e-01
4.303333333333333144e+01 6.705227998612345308e-01 5.339880883093073294e-01 3.947587324162166178e-01 1.806923453872049667e-01 -3.436563076533014072e-01 -8.237173986820895966e-01
4.304999999999999716e+01 6.594332425980865553e-01 5.231054867780193796e-01 3.840923370832835526e-01 1.703497962729172144e-01 -3.532154051148899687e-01 -8.325359436254063938e-01
4.306666666666666288e+01 6.485230003999177262e-01 5.123968424255380683e-01 3.735949725298511326e-01 1.601710612579256288e-01 -3.626102446207392083e-01 -8.411665695140955190e-01
4.308333333333334281e+01 6.377907143297683046e-01 5.018618826519476439e-01 3.632673667455823541e-01 1.501583633698836684e-01 -3.718359964608632939e-01 -8.496043525369133542e-01
4.309999999999999432e+01 6.272310651218629962e-01 4.914960345038589251e-01 3.531059397064642003e-01 1.403091993561973727e-01 -3.808933098050182320e-01 -8.578509695750031749e-01
4.311666666666666003e+01 6.168417564843811096e-01 4.812975884630162904e-01 3.431096406494018036e-01 1.306232593782795381e-01 -3.897813192178190556e-01 -8.659070796614048993e-01
4.313333333333333997e+01 6.066200045504031024e-01 4.712642792115777635e-01 3.332764732066175739e-01 1.210990547304934412e-01 -3.985009072324067758e-01 -8.737749160642026558e-01
4.315000000000000568e+01 5.965637260336621450e-01 4.613943905330988304e-01 3.236051792060756771e-01 1.117357808909294759e-01 -4.070526817933912134e-01 -8.814564893058960404e-01
4.316666666666665719e+01 5.866708888629897922e-01 4.516861328471764581e-01 3.140942379254442196e-01 1.025324146551516019e-01 -4.154376855240232702e-01 -8.889544373320346082e-01
4.318333333333333712e+01 5.769396841782378216e-01 4.421380042708514257e-01 3.047420173071080929e-01 9.348781263451237666e-02 -4.236572510726921981e-01 -8.962715016203507412e-01
4.320000000000000284e+01 5.673684019318223637e-01 4.327485176757595586e-01 2.955472747790328092e-01 8.460071553894546459e-02 -4.317127732593836198e-01 -9.034105009524360241e-01
4.321666666666666856e+01 5.579552319353340284e-01 4.235161280940445416e-01 2.865089144402940269e-01 7.586985169779504601e-02 -4.396057943904347898e-01 -9.103746276521639258e-01
4.323333333333333428e+01 5.486984943535768711e-01 4.144391062376221457e-01 2.776254381026299622e-01 6.729390673767468578e-02 -4.473381427548612232e-01 -9.171669258139611980e-01
4.325000000000000000e+01 5.395965396098110212e-01 4.055159302339613192e-01 2.688951681376676728e-01 5.887148744980883613e-02 -4.549116276006149318e-01 -9.237904824454162833e-01
4.326666666666666572e+01 5.306476278755000164e-01 3.967450253185142994e-01 2.603165907762510778e-01 5.060096171424523226e-02 -4.623282064950209325e-01 -9.302484409891422779e-01
4.328333333333333144e+01 5.218499312075820518e-01 3.881246578512402845e-01 2.518880512162530727e-01 4.248071115573246598e-02 -4.695899405924910397e-01 -9.365441850105883370e-01
4.329999999999999716e+01 5.132015797227155174e-01 3.796530667487281741e-01 2.436078367031638270e-01 3.450901789134439707e-02 -4.766989573021714888e-01 -9.426810173265300907e-01
4.331666666666666288e+01 5.047007745955059965e-01 3.713284430097182898e-01 2.354742592170477600e-01 2.668405965734383517e-02 -4.836575934384519937e-01 -9.486623209908917609e-01
4.333333333333334281e+01 4.963456379274256425e-01 3.631489313093712035e-01 2.274854936160939922e-01 1.900402684270397283e-02 -4.904682506017606913e-01 -9.544914770405122928e-01
4.334999999999999432e+01 4.881342012136876685e-01 3.551126300135834524e-01 2.196395853374062679e-01 1.146703218598099996e-02 -4.971333627719473625e-01 -9.601718289164495879e-01
4.336666666666666003e+01 4.800645586733249259e-01 3.472176303771353778e-01 2.119345596232862783e-01 4.071099038281272148e-03 -5.036553528135626623e-01 -9.657066770143709622e-01
4.338333333333333997e+01 4.721347885688095269e-01 3.394619973166260740e-01 2.043684855737042949e-01 -3.185835766700383011e-03 -5.100367812660756561e-01 -9.710994946590472132e-01
4.340000000000000568e+01 4.643428401305531583e-01 3.318437084227186529e-01 1.969393964681009357e-01 -1.030590251245609192e-02 -5.162801825460084926e-01 -9.763537833787004905e-01
4.341666666666665719e+01 4.566866446251645617e-01 3.243607196720385000e-01 1.896452242395132159e-01 -1.729123075728356690e-02 -5.223880999752786858e-01 -9.814727481434446510e-01
4.343333333333333712e+01 4.491641989552350722e-01 3.170110332270524856e-01 1.824838868636305400e-01 -2.414394256321348783e-02 -5.283631969868595180e-01 -9.864595896233172567e-01
4.345000000000000284e+01 4.417734618360480425e-01 3.097925965366623013e-01 1.754533252598508841e-01 -3.086617828884522310e-02 -5.342080482562624466e-01 -9.913176544539663571e-01
4.346666666666666856e+01 4.345123492070440130e-01 3.027033227103910207e-01 1.685514747245626666e-01 -3.746010758739055230e-02 -5.399251684718497923e-01 -9.960501401635468710e-01
4.348333333333333428e+01 4.273787725655995851e-01 2.957411232173598470e-01 1.617762433240425568e-01 -4.392792597464140886e-02 -5.455172193112273193e-01 -1.000660123871233154e+00
4.350000000000000000e+01 4.203706677644090672e-01 2.889039092569398726e-01 1.551255297292433999e-01 -5.027186220127065341e-02 -5.509868880639747779e-01 -1.005150702494238546e+00
4.351666666666666572e+01 4.134859843720213868e-01 2.821896166212162216e-01 1.485972117414763871e-01 -5.649409646816948294e-02 -5.563366714844911742e-01 -1.009525007676338682e+00
4.353333333333333144e+01 4.067226642762763467e-01 2.755961800666724693e-01 1.421891141291500571e-01 -6.259675673753187231e-02 -5.615689960982948037e-01 -1.013785978351504857e+00
4.354999999999999716e+01 4.000786749328658076e-01 2.691215211474304314e-01 1.358991063133506150e-01 -6.858203461754287800e-02 -5.666863683961583797e-01 -1.017936439589724573e+00
4.356666666666666288e+01 3.935519849399238823e-01 2.627635625034504541e-01 1.297251449821849312e-01 -7.445217187624135480e-02 -5.716914342901088242e-01 -1.021979387679851081e+00
4.358333333333334281e+01 3.871405498649297394e-01 2.565202416671483743e-01 1.236651616938244796e-01 -8.020933256557569169e-02 -5.765866137642431388e-01 -1.025917639551717997e+00
4.359999999999999432e+01 3.808423745315011599e-01 2.503895465447344426e-01 1.177170878703251711e-01 -8.585560381992293766e-02 -5.813742135422680368e-01 -1.029753848042874731e+00
4.361666666666666003e+01 3.746554724728486940e-01 2.443694754306472150e-01 1.118789047747491550e-01 -9.139307581468640584e-02 -5.860565792593322998e-01 -1.033490646867082363e+00
4.363333333333333997e+01 3.685778171488605093e-01 2.384580111554879811e-01 1.061486097999847084e-01 -9.682391828404321443e-02 -5.906361175620049586e-01 -1.037130706226198962e+00
4.365000000000000568e+01 3.626074164465177274e-01 2.326531287136866799e-01 1.005241525421968068e-01 -1.021502556963986008e-01 -5.951152085560272864e-01 -1.040676639314126906e+00
4.366666666666665719e+01 3.567423622332496214e-01 2.269529017185124009e-01 9.500346910608652162e-02 -1.073740688384498265e-01 -5.994960638850616030e-01 -1.044130898542125818e+00
4.368333333333333712e+01 3.509807527895706936e-01 2.213554402431006374e-01 8.958462406562575642e-02 -1.124972655919250358e-01 -6.037807958080918525e-01 -1.047495855543107979e+00
4.370000000000000284e+01 3.453207075909154322e-01 2.158587992037320213e-01 8.426576311175197620e-02 -1.175218254673319612e-01 -6.079715481899090612e-01 -1.050773866100595644e+00
4.371666666666666856e+01 3.397603687718849241e-01 2.104610105298412026e-01 7.904498869217245482e-02 -1.224498384981334148e-01 -6.120705363699018298e-01 -1.053967312086963926e+00
4.373333333333333428e+01 3.342978737803783407e-01 2.051602049441897946e-01 7.392035934092844318e-02 -1.272833453143887017e-01 -6.160799280975721715e-01 -1.057078427803675114e+00
4.375000000000000000e+01 3.289314071045891241e-01 1.999546405452429787e-01 6.888993593673788107e-02 -1.320242041390972398e-01 -6.200017641774427934e-01 -1.060109373134297206e+00
4.376666666666666572e+01 3.236591798741989545e-01 1.948425713805218285e-01 6.395186863038510028e-02 -1.366741446094223988e-01 -6.238379831844156342e-01 -1.063062264432468540e+00
4.378333333333333144e+01 3.184794022165690630e-01 1.898221796732179056e-01 5.910444701324772676e-02 -1.412349234825318045e-01 -6.275904774851086554e-01 -1.065939186226031676e+00
4.379999999999999716e+01 3.133903429134937135e-01 1.848916225807580305e-01 5.434601389972227442e-02 -1.457084047683728234e-01 -6.312611350532598697e-01 -1.068742115784515168e+00
4.381666666666666288e+01 3.083903357070378326e-01 1.800491065239439581e-01 4.967483423799508302e-02 -1.500964789873338867e-01 -6.348518720841402896e-01 -1.071473110078079438e+00
4.383333333333334281e+01 3.034777256941654788e-01 1.752930028515757022e-01 4.508909387562098914e-02 -1.544009511765330744e-01 -6.383645817029118819e-01 -1.074133931029987332e+00
4.384999999999999432e+01 2.986508339496749542e-01 1.706217726070471397e-01 4.058701079780521748e-02 -1.586235130838711815e-01 -6.418010699600628088e-01 -1.076726472123261447e+00
4.386666666666666003e+01 2.939079714420282374e-01 1.660338038278082462e-01 3.616694168342093202e-02 -1.627657586335871098e-01 -6.451630467981404049e-01 -1.079252620573285304e+00
4.388333333333333997e+01 2.892474999159105886e-01 1.615274370852456398e-01 3.182732609713752325e-02 -1.668292468076773560e-01 -6.484521469277467753e-01 -1.081714212327351543e+00
4.390000000000000568e+01 2.846678908122393659e-01 1.571010399637758070e-01 2.756665531173986203e-02 -1.708155743062201581e-01 -6.516700060507180092e-01 -1.084112925185290566e+00
4.391666666666665719e+01 2.801676902957890847e-01 1.527530152442789502e-01 2.338342779709621372e-02 -1.747263567282387742e-01 -6.548182788477218130e-01 -1.086450414709944301e+00
4.393333333333333712e+01 2.757454360152394868e-01 1.484818124874482392e-01 1.927608870238971955e-02 -1.785631753011926171e-01 -6.578985832786442556e-01 -1.088728195137341981e+00
4.395000000000000284e+01 2.713996349045201817e-01 1.442859737679091925e-01 1.524308445112407262e-02 -1.823275725571355532e-01 -6.609125062725510480e-01 -1.090947909033967100e+00
4.396666666666666856e+01 2.671287770611384116e-01 1.401641275850798174e-01 1.128290467472737278e-02 -1.860210938397416636e-01 -6.638615390374098535e-01 -1.093111048811690855e+00
4.398333333333333428e+01 2.629313770511155779e-01 1.361148927870796943e-01 7.394066972741563000e-03 -1.896451964719492733e-01 -6.667471141928802414e-01 -1.095219130605392222e+00
4.400000000000000000e+01 2.588060060876285484e-01 1.321368468769072435e-01 3.575133002341024380e-03 -1.932012242021074744e-01 -6.695706929543346897e-01 -1.097273242017628547e+00
4.401666666666666572e+01 2.547512780464946669e-01 1.282285771639206928e-01 -1.752444041823472231e-04 -1.966905085028257394e-01 -6.723336796176195840e-01 -1.099275230234141532e+00
4.403333333333333144e+01 2.507658713690904539e-01 1.243886936654580028e-01 -3.858338464835656297e-03 -2.001143960211798634e-01 -6.750374284561545535e-01 -1.101225791259041520e+00
4.404999999999999716e+01 2.468485413539231177e-01 1.206158148768989025e-01 -7.475422667407652377e-03 -2.034742351803086879e-01 -6.776833325270574804e-01 -1.103127061292763944e+00
4.406666666666666288e+01 2.429980522925018482e-01 1.169086124124558146e-01 -1.102780196568669928e-02 -2.067713488160187185e-01 -6.802727152314564929e-01 -1.104978442485294865e+00
4.408333333333334281e+01 2.392131276525494565e-01 1.132658448762979969e-01 -1.451677318362135441e-02 -2.100070512669280631e-01 -6.828068309638782862e-01 -1.106781298867339558e+00
4.409999999999999432e+01 2.354924820054060397e-01 1.096863253623470980e-01 -1.794361003759264647e-02 -2.131826277458069019e-01 -6.852869383869033548e-01 -1.108536645468835680e+00
4.411666666666666003e+01 2.318348654121973884e-01 1.061688849950332275e-01 -2.130957604249982332e-02 -2.162993231478248790e-01 -6.877142470315381617e-01 -1.110267313426406499e+00
4.413333333333333997e+01 2.282390582656182998e-01 1.027123501878016987e-01 -2.461589267347840185e-02 -2.193582950481605121e-01 -6.900899641524040895e-01 -1.111948323579317499e+00
4.415000000000000568e+01 2.247038585580707626e-01 9.931554572258240177e-02 -2.786374597810308343e-02 -2.223606594963437322e-01 -6.924152325061676549e-01 -1.113581871223576991e+00
4.416666666666665719e+01 2.212281083795867020e-01 9.597730698436403307e-02 -3.105425728866217233e-02 -2.253075581139790395e-01 -6.946911776635980029e-01 -1.115176231254496830e+00
4.418333333333333712e+01 2.178106976019174856e-01 9.269649035962403139e-02 -3.418848986970766252e-02 -2.282001075804969137e-01 -6.969189399494307713e-01 -1.116728804932483943e+00
4.420000000000000284e+01 2.144505609254996614e-01 8.947197424418125433e-02 -3.726751021962388527e-02 -2.310393895209965909e-01 -6.990996041963114527e-01 -1.118242330074558089e+00
4.421666666666666856e+01 2.111466648241717980e-01 8.630265534152088691e-02 -4.029238830709220426e-02 -2.338264629840024478e-01 -7.012342188031611689e-01 -1.119717747033456723e+00
4.423333333333333428e+01 2.078979806568305444e-01 8.318745359069432133e-02 -4.326417917662709473e-02 -2.365623839292086694e-01 -7.033237998078843978e-01 -1.121155984150816964e+00
4.425000000000000000e+01 2.047034853864463100e-01 8.012532305865423254e-02 -4.618391028512467550e-02 -2.392482073486582317e-01 -7.053693518056034506e-01 -1.122558134408713215e+00
4.426666666666666572e+01 2.015621614575353049e-01 7.711527423147163107e-02 -4.905258594792182708e-02 -2.418849736741224832e-01 -7.073718534245901912e-01 -1.123925096505809629e+00
4.428333333333333144e+01 1.984729942001571545e-01 7.415636598793266809e-02 -5.187120686521880936e-02 -2.444736786705773990e-01 -7.093322456992511293e-01 -1.125257811866160695e+00
4.429999999999999716e+01 1.954349856013175846e-01 7.124766707685893652e-02 -5.464076060948812319e-02 -2.470152510624652187e-01 -7.112514584359150849e-01 -1.126557155643605146e+00
4.431666666666666288e+01 1.924471727824466627e-01 6.838824102819660022e-02 -5.736221044578754952e-02 -2.495105901558773154e-01 -7.131304195539593938e-01 -1.127823975893489150e+00
4.433333333333334281e+01 1.895086232517812497e-01 6.557715710444783630e-02 -6.003650432678623444e-02 -2.519606004763235152e-01 -7.149700095175487435e-01 -1.129059120367952085e+00
4.434999999999999432e+01 1.866184090929527972e-01 6.281350316031185377e-02 -6.266455574894902458e-02 -2.543661829107559669e-01 -7.167711069170076277e-01 -1.130263400977221666e+00
4.436666666666666003e+01 1.837756125431969645e-01 6.009638788356307104e-02 -6.524722638340080261e-02 -2.567282098862656570e-01 -7.185345746256733834e-01 -1.131437607575103144e+00
4.438333333333333997e+01 1.809793513567228007e-01 5.742493559527323682e-02 -6.778534462549502815e-02 -2.590475220329547246e-01 -7.202612334956238760e-01 -1.132582510156166844e+00
4.440000000000000568e+01 1.782287850494383430e-01 5.479828477060144643e-02 -7.027973643099419410e-02 -2.613249560249627512e-01 -7.219519030589421904e-01 -1.133698847772024454e+00
4.441666666666665719e+01 1.755231049017959843e-01 5.221559203758458639e-02 -7.273122810694719609e-02 -2.635613258284856819e-01 -7.236073725106747512e-01 -1.134787361136064154e+00
4.443333333333333712e+01 1.728615169668545337e-01 4.967602928634400061e-02 -7.514062629488997558e-02 -2.657574498162461607e-01 -7.252283909917280891e-01 -1.135848754353409706e+00
4.445000000000000284e+01 1.702432322552020760e-01 4.717877770059294984e-02 -7.750872196053391894e-02 -2.679141440345282343e-01 -7.268157078461510157e-01 -1.136883711775955819e+00
4.446666666666666856e+01 1.676674687924202267e-01 4.472303407563041344e-02 -7.983629514815347716e-02 -2.700321979411804407e-01 -7.283700398512327201e-01 -1.137892907620440708e+00
4.448333333333333428e+01 1.651334576735282167e-01 4.230802823804238888e-02 -8.212410817274216901e-02 -2.721123629270894018e-01 -7.298921744632302921e-01 -1.138876976950548014e+00
4.450000000000000000e+01 1.626404449099506655e-01 3.993303118764151421e-02 -8.437290734310494422e-02 -2.741553490081663491e-01 -7.313827297382706760e-01 -1.139836568822007790e+00
4.451666666666666572e+01 1.601876853629092545e-01 3.759734156395147520e-02 -8.658343684269570462e-02 -2.761618532844439255e-01 -7.328424267902572398e-01 -1.140772309355510661e+00
4.453333333333333144e+01 1.577744427784820713e-01 3.530025864823441162e-02 -8.875643187110945909e-02 -2.781325683802362003e-01 -7.342718696036253379e-01 -1.141684798629585051e+00
4.454999999999999716e+01 1.554000013960069870e-01 3.304107737821194296e-02 -9.089259867310628405e-02 -2.800681775757294933e-01 -7.356717218776998024e-01 -1.142574628435507833e+00
4.456666666666666288e+01 1.530636661890936168e-01 3.081910614038477561e-02 -9.299261635695371675e-02 -2.819693736653249849e-01 -7.370426757664350070e-01 -1.143442354725934251e+00
4.458333333333334281e+01 1.507647519730990759e-01 2.863367214907983072e-02 -9.505714068960774421e-02 -2.838368070582810154e-01 -7.383853269174249778e-01 -1.144288546649889549e+00
4.459999999999999432e+01 1.485025837116102920e-01 2.648411661689146004e-02 -9.708681007079443537e-02 -2.856711181604572047e-01 -7.397003992429972419e-01 -1.145113755310270154e+00
4.461666666666666003e+01 1.462764988333004335e-01 2.436979262863733439e-02 -9.908226124643627897e-02 -2.874729337254946504e-01 -7.409884759085212380e-01 -1.145918500812770580e+00
4.463333333333333997e+01 1.440858463734583095e-01 2.229006475563701309e-02 -1.010441200783226551e-01 -2.892428722696091525e-01 -7.422499494865475445e-01 -1.146703306284391433e+00
4.465000000000000568e+01 1.419299938269613925e-01 2.024430629940390455e-02 -1.029729946239602845e-01 -2.909815565193566989e-01 -7.434854093025166089e-01 -1.147468678485813243e+00
4.466666666666665719e+01 1.398083309619841674e-01 1.823190578264155884e-02 -1.048694953626366916e-01 -2.926895952805034229e-01 -7.446955216758130991e-01 -1.148215101686200112e+00
4.468333333333333712e+01 1.377202649208096041e-01 1.625226542196470461e-02 -1.067342214928208022e-01 -2.943675735064336108e-01 -7.458806604480490154e-01 -1.148943046849115968e+00
4.470000000000000284e+01 1.356652157690996785e-01 1.430479498421203047e-02 -1.085677461070465866e-01 -2.960160487558186615e-01 -7.470412682630487300e-01 -1.149652987303646956e+00
4.471666666666666856e+01 1.336426132527420430e-01 1.238891214457406124e-02 -1.103706301426807951e-01 -2.976355586989822832e-01 -7.481778515142285535e-01 -1.150345380652361360e+00
4.473333333333333428e+01 1.316518947655041794e-01 1.050404330852700713e-02 -1.121434235835223059e-01 -2.992266367921906922e-01 -7.492915378292024364e-01 -1.151020662857586085e+00
4.475000000000000000e+01 1.296925066042946550e-01 8.649629923129427758e-03 -1.138866709450135351e-01 -3.007898155275323115e-01 -7.503814968261208751e-01 -1.151679269833689512e+00
4.476666666666666572e+01 1.277639056731780798e-01 6.825133634601594952e-03 -1.156009110058242445e-01 -3.023256175728860073e-01 -7.514489834520199363e-01 -1.152321616243318525e+00
4.478333333333333144e+01 1.258655604691847618e-01 5.030037335724793675e-03 -1.172866749716629103e-01 -3.038345577476678772e-01 -7.524938420536708694e-01 -1.152948108084214551e+00
4.479999999999999716e+01 1.239969519748158194e-01 3.263837611614020182e-03 -1.189444847967982416e-01 -3.053171379830263432e-01 -7.535137263078049985e-01 -1.153559149741707257e+00
4.481666666666666288e+01 1.221575729581865777e-01 1.526035968914601134e-03 -1.205748447192969419e-01 -3.067738335713488529e-01 -7.545242631913238185e-01 -1.154155121206509982e+00
4.483333333333334281e+01 1.203469261028045217e-01 -1.838594646888354008e-04 -1.221782394566062607e-01 -3.082051309806415063e-01 -7.555153420054598890e-01 -1.154736401592853179e+00
4.484999999999999432e+01 1.185645179964842505e-01 -1.866331051136355720e-03 -1.237551410971081400e-01 -3.096115132559800198e-01 -7.564831723052360957e-01 -1.155303360823657588e+00
4.486666666666666003e+01 1.168098622108157542e-01 -3.521855626618977577e-03 -1.253060138325981787e-01 -3.109934501408658236e-01 -7.574310673380744152e-01 -1.155856354970992816e+00
4.488333333333333997e+01 1.150824847961115088e-01 -5.150906023874812951e-03 -1.268313142021085804e-01 -3.123513983558847684e-01 -7.583591413476215015e-01 -1.156395733458904784e+00
4.490000000000000568e+01 1.133819211443200109e-01 -6.753945308003965996e-03 -1.283314915302023185e-01 -3.136857893869245961e-01 -7.592679114930358519e-01 -1.156921834666744475e+00
4.491666666666665719e+01 1.117077149565603722e-01 -8.331423034201599145e-03 -1.298069885937252754e-01 -3.149970387574237973e-01 -7.601579512811530437e-01 -1.157434990526211127e+00
4.493333333333333712e+01 1.100594195679583248e-01 -9.883775094663602503e-03 -1.312582420180116449e-01 -3.162855685914639503e-01 -7.610297937718991657e-01 -1.157935524703963326e+00
4.495000000000000284e+01 1.084365967852368023e-01 -1.141143221254486279e-02 -1.326856751750777053e-01 -3.175517960439825371e-01 -7.618838060201934548e-01 -1.158423751795984558e+00
4.496666666666666856e+01 1.068388159987811586e-01 -1.291481833980549256e-02 -1.340897175110895567e-01 -3.187961258072926629e-01 -7.627204372182240233e-01 -1.158899978297933009e+00
4.498333333333333428e+01 1.052656554607428463e-01 -1.439434736831609468e-02 -1.354707791628892988e-01 -3.200189583074265487e-01 -7.635400610736893245e-01 -1.159364503908345778e+00
4.500000000000000000e+01 1.037167024421610378e-01 -1.585042694375992864e-02 -1.368292591535317515e-01 -3.212206887686675505e-01 -7.643430478498955960e-01 -1.159817620426324858e+00
4.501666666666666572e+01 1.021915521524077719e-01 -1.728345806981885710e-02 -1.381655483756406566e-01 -3.224017011644914610e-01 -7.651297608273583961e-01 -1.160259607847220042e+00
4.503333333333333144e+01 1.006898077085557341e-01 -1.869383289294563807e-02 -1.394800273581423278e-01 -3.235623623385265324e-01 -7.659005413244444060e-01 -1.160690743813916459e+00
4.504999999999999716e+01 9.921107967643520709e-02 -2.008193627355338642e-02 -1.407730734774483849e-01 -3.247030436897098693e-01 -7.666557311130445251e-01 -1.161111299072420611e+00
4.506666666666666288e+01 9.775498479145375286e-02 -2.144814678673654176e-02 -1.420450608350399824e-01 -3.258241203889311599e-01 -7.673956597457347595e-01 -1.161521536705526936e+00
4.508333333333334281e+01 9.632114609211163414e-02 -2.279283769943052720e-02 -1.432963610667053189e-01 -3.269259393738693786e-01 -7.681206473675504798e-01 -1.161921713857445138e+00
4.509999999999999432e+01 9.490919509135901933e-02 -2.411637830416494405e-02 -1.445273433642748628e-01 -3.280088380521422042e-01 -7.688310012499162127e-01 -1.162312076389168114e+00
4.511666666666666003e+01 9.351877126979042665e-02 -2.541913338050279941e-02 -1.457383647535897553e-01 -3.290731500962824629e-01 -7.695270271710850096e-01 -1.162692867978377231e+00
4.513333333333333997e+01 9.214951864102323420e-02 -2.670145914171462298e-02 -1.469297649479611723e-01 -3.301192063404676524e-01 -7.702090223161808247e-01 -1.163064327546533994e+00
4.515000000000000568e+01 9.080108350111705529e-02 -2.796369683737192843e-02 -1.481018709538685085e-01 -3.311473274921561960e-01 -7.708772752676746887e-01 -1.163426685259083326e+00
4.516666666666665719e+01 8.947311883565285673e-02 -2.920617378569656530e-02 -1.492550053501742191e-01 -3.321578385843795833e-01 -7.715320706258035344e-01 -1.163780166643588743e+00
4.518333333333333712e+01 8.816529034314724012e-02 -3.042921136670882071e-02 -1.503894878410913238e-01 -3.331510548755536316e-01 -7.721736906683177581e-01 -1.164124991302060597e+00
4.520000000000000284e+01 8.687727588292033787e-02 -3.163313048594227489e-02 -1.515056372560351916e-01 -3.341272903725449606e-01 -7.728024070301865445e-01 -1.164461373135384337e+00
4.521666666666666856e+01 8.560875984838581254e-02 -3.281824922943819833e-02 -1.526037675692665241e-01 -3.350868562818884455e-01 -7.734184783232433968e-01 -1.164789520523858979e+00
4.523333333333333428e+01 8.435942879717484022e-02 -3.398487765118648335e-02 -1.536841848847274317e-01 -3.360300502350478946e-01 -7.740221647685597839e-01 -1.165109636908739699e+00
4.525000000000000000e+01 8.312897214469064378e-02 -3.513332039675250845e-02 -1.547471901388371707e-01 -3.369571576646308575e-01 -7.746137249974892613e-01 -1.165421921098581226e+00
4.526666666666666572e+01 8.191708488760386653e-02 -3.626387706887299056e-02 -1.557930804815107206e-01 -3.378684552340813219e-01 -7.751934090795994381e-01 -1.165726566425272281e+00
4.528333333333333144e+01 8.072346785501462174e-02 -3.737684312211409648e-02 -1.568221481523162375e-01 -3.387642152745872215e-01 -7.757614565219715930e-01 -1.166023760985637203e+00
4.529999999999999716e+01 7.954782681605528094e-02 -3.847250921424827386e-02 -1.578346793457089670e-01 -3.396447168167731068e-01 -7.763181045056708474e-01 -1.166313688627404144e+00
4.531666666666666288e+01 7.838987281386576578e-02 -3.955116063143426092e-02 -1.588309535355572621e-01 -3.405102311331628662e-01 -7.768635870562066170e-01 -1.166596528710405645e+00
4.533333333333334281e+01 7.724932244098828282e-02 -4.061307853032079113e-02 -1.598112444784105801e-01 -3.413610188890041641e-01 -7.773981317909798294e-01 -1.166872455901378558e+00
4.534999999999999432e+01 7.612589736882878488e-02 -4.165853913937646313e-02 -1.607758178323548115e-01 -3.421973259044752136e-01 -7.779219614845276354e-01 -1.167141640559006488e+00
4.536666666666666003e+01 7.501932412652648208e-02 -4.268781313890269991e-02 -1.617249414134192820e-01 -3.430193921346669228e-01 -7.784352943362509158e-01 -1.167404248697791802e+00
4.538333333333333997e+01 7.392933405845890371e-02 -4.370116569379098315e-02 -1.626588845785008342e-01 -3.438275016276515772e-01 -7.789383455992417993e-01 -1.167660442167603341e+00
4.540000000000000568e+01 7.285566305309876256e-02 -4.469885541131447815e-02 -1.635779037209650899e-01 -3.446218910755461939e-01 -7.794313239049346365e-01 -1.167910378711451092e+00
4.541666666666665719e+01 7.179805142913354976e-02 -4.568113467252463145e-02 -1.644822451955536557e-01 -3.454027701971197906e-01 -7.799144319336335229e-01 -1.168154212225640753e+00
4.543333333333333712e+01 7.075624414204433055e-02 -4.664825215287056459e-02 -1.653721467870777895e-01 -3.461704319607671887e-01 -7.803878722604231655e-01 -1.168392092923585146e+00
4.545000000000000284e+01 6.972999074487465365e-02 -4.760045330849779766e-02 -1.662478428657800655e-01 -3.469251030903167665e-01 -7.808518414342228153e-01 -1.168624167360608812e+00
4.546666666666666856e+01 6.871904533382230951e-02 -4.853797925974263211e-02 -1.671095673786887892e-01 -3.476669750477073828e-01 -7.813065307426894091e-01 -1.168850578268091800e+00
4.548333333333333428e+01 6.772316649122468724e-02 -4.946106719246204375e-02 -1.679575555707686629e-01 -3.483963044523286090e-01 -7.817521279514544341e-01 -1.169071464707796215e+00
4.550000000000000000e+01 6.674211678359530386e-02 -5.036995038164746724e-02 -1.687920355217782387e-01 -3.491133094724056529e-01 -7.821888178739956343e-01 -1.169286962400595042e+00
4.551666666666666572e+01 6.577566246053358212e-02 -5.126486156754265361e-02 -1.696132304941724844e-01 -3.498181880419097833e-01 -7.826167834653591227e-01 -1.169497203793369966e+00
4.553333333333333144e+01 6.482357432503077499e-02 -5.214603382317652136e-02 -1.704213610055066164e-01 -3.505111740946660892e-01 -7.830361994512844426e-01 -1.169683326305116511e+00
4.554999999999999716e+01 6.388562777388774594e-02 -5.301369266182677509e-02 -1.712166431329506799e-01 -3.511924789524674129e-01 -7.834472385685415929e-01 -1.169860932515775165e+00
4.556666666666666288e+01 6.296160048137072751e-02 -5.386805492857722755e-02 -1.719992894352895818e-01 -3.518622847303481405e-01 -7.838500714223500809e-01 -1.170035848597872130e+00
4.558333333333334281e+01 6.205127281378228915e-02 -5.470932908365148950e-02 -1.727695098375797988e-01 -3.525208071880564509e-01 -7.842448600634938094e-01 -1.170206604111595716e+00
4.559999999999999432e+01 6.115443235804915445e-02 -5.553771974726717103e-02 -1.735275117700293968e-01 -3.531682279756440668e-01 -7.846317700846339172e-01 -1.170373603166612098e+00
4.561666666666666003e+01 6.027087335751492997e-02 -5.635343116487189635e-02 -1.742734990508339465e-01 -3.538047693850088216e-01 -7.850109631986452730e-01 -1.170537045799043385e+00
4.563333333333333997e+01 5.940039003084073010e-02 -5.715666506501397570e-02 -1.750076745975804871e-01 -3.544306296371553255e-01 -7.853825937204530483e-01 -1.170696797099951558e+00
4.565000000000000568e+01 5.854277599477702987e-02 -5.794762004986085679e-02 -1.757302361067443197e-01 -3.550459623041974933e-01 -7.857468116217798393e-01 -1.170853209392758609e+00
4.566666666666665719e+01 5.769783053664259004e-02 -5.872649055621555897e-02 -1.764413728604030396e-01 -3.556509207199936573e-01 -7.861037680568205843e-01 -1.171006049065880461e+00
4.568333333333333712e+01 5.686535960574685272e-02 -5.949346800588996287e-02 -1.771412663188398906e-01 -3.562457283505464645e-01 -7.864536113440466769e-01 -1.171155767343725174e+00
4.570000000000000284e+01 5.604517126554436901e-02 -6.024874087818674062e-02 -1.778300927446712920e-01 -3.568305474754905893e-01 -7.867964867191846734e-01 -1.171301986865098677e+00
4.571666666666666856e+01 5.523707484904224335e-02 -6.099249487241810430e-02 -1.785080311258561148e-01 -3.574054695370877388e-01 -7.871325322300771754e-01 -1.171445338082319765e+00
4.573333333333333428e+01 5.444088339286603379e-02 -6.172491220744280582e-02 -1.791752629364082861e-01 -3.579707223196564869e-01 -7.874618860221663796e-01 -1.171585199817052780e+00
4.575000000000000000e+01 5.365641371560601197e-02 -6.244617206036428420e-02 -1.798319640402982478e-01 -3.585264840555845711e-01 -7.877846837284907533e-01 -1.171722515975428314e+00
4.576666666666666572e+01 5.288348534350888197e-02 -6.315645215733785289e-02 -1.804783033700359529e-01 -3.590729470508756682e-01 -7.881010558859434800e-01 -1.171856255966704063e+00
4.578333333333333144e+01 5.212192080757828416e-02 -6.385592708510648419e-02 -1.811144472657345850e-01 -3.596102385166958237e-01 -7.884111317603467173e-01 -1.171987884250841327e+00
4.579999999999999716e+01 5.137154591993715186e-02 -6.454476790629309901e-02 -1.817405574229393750e-01 -3.601383265649885645e-01 -7.887150387627549497e-01 -1.172115688358953856e+00
4.581666666666666288e+01 5.063218936200987452e-02 -6.522314248207873588e-02 -1.823567994249638557e-01 -3.606576777269526746e-01 -7.890128996168257469e-01 -1.172242085307878989e+00
4.583333333333334281e+01 4.990368254519687852e-02 -6.589121637623386596e-02 -1.829633348577606733e-01 -3.611684988927957307e-01 -7.893048356608626248e-01 -1.172364052804945933e+00
4.584999999999999432e+01 4.918585962467007799e-02 -6.654915239915344671e-02 -1.835603237497242246e-01 -3.616704928650029682e-01 -7.895909689003678400e-01 -1.172485795018951782e+00
4.586666666666666003e+01 4.847855743446091020e-02 -6.719710980382370691e-02 -1.841479227358437110e-01 -3.621640946008850559e-01 -7.898714129610314716e-01 -1.172601990951719353e+00
4.588333333333333997e+01 4.778161551973959115e-02 -6.783524415983106792e-02 -1.847262864879690158e-01 -3.626493340135069077e-01 -7.901462824583733724e-01 -1.172720259607283655e+00
4.590000000000000568e+01 4.709487616664342208e-02 -6.846370716787013311e-02 -1.852955660786017866e-01 -3.631264659876112799e-01 -7.904156904026377051e-01 -1.172830567602018537e+00
4.591666666666665719e+01 4.641818431333281925e-02 -6.908264889569976086e-02 -1.858559028808696723e-01 -3.635953668523858040e-01 -7.906797441416842931e-01 -1.172948208415304450e+00
4.593333333333333712e+01 4.575138743791635348e-02 -6.969222032047991955e-02 -1.864074351477421898e-01 -3.640561430240188967e-01 -7.909385542135082270e-01 -1.173051983930069264e+00
4.595000000000000284e+01 4.509433546581798763e-02 -7.029257169919790604e-02 -1.869503041769582652e-01 -3.645079685217961774e-01 -7.911922245627317496e-01 -1.173160585933010092e+00
4.596666666666666856e+01 4.444688072379244376e-02 -7.088385043296778487e-02 -1.874846513589374652e-01 -3.649534768136165619e-01 -7.914408556125690497e-01 -1.173259479458508281e+00
4.598333333333333428e+01 4.380887793953745779e-02 -7.146619857647162899e-02 -1.880106126460580618e-01 -3.653930633960102425e-01 -7.916845504612379791e-01 -1.173364661356893546e+00
4.600000000000000000e+01 4.318018419262769497e-02 -7.203975257303360524e-02 -1.885283196915911452e-01 -3.658266300478429378e-01 -7.919234084179491706e-01 -1.173475354485957745e+00
4.601666666666666572e+01 4.256065888345701709e-02 -7.260464599128084451e-02 -1.890379017433556075e-01 -3.662531460995447907e-01 -7.921575245228562601e-01 -1.173563384451617786e+00
4.603333333333333144e+01 4.195016369667315531e-02 -7.316101176408799922e-02 -1.895394920873370581e-01 -3.666721717862576058e-01 -7.923869939628476189e-01 -1.173672431887202494e+00
4.604999999999999716e+01 4.134856256244441586e-02 -7.370898137783772619e-02 -1.900332148453009740e-01 -3.670840767915595215e-01 -7.926119100498177916e-01 -1.173754073138539633e+00
4.606666666666666288e+01 4.075572157971640158e-02 -7.424868398771204692e-02 -1.905191870331727766e-01 -3.674889424223046208e-01 -7.928323647184022382e-01 -1.173841674629746645e+00
4.608333333333334281e+01 4.017150899021296878e-02 -7.478024476484119998e-02 -1.909975462698411397e-01 -3.678869328540833039e-01 -7.930484479052620772e-01 -1.173929132432549816e+00
4.609999999999999432e+01 3.959579517128397619e-02 -7.530379328330205624e-02 -1.914684159845158606e-01 -3.682781910412627480e-01 -7.932602448267955797e-01 -1.174021492735365824e+00
4.611666666666666003e+01 3.902845260453011861e-02 -7.581945316993841943e-02 -1.919319142389925015e-01 -3.686628602941271482e-01 -7.934678411327166225e-01 -1.174117755391541618e+00
4.613333333333333997e+01 3.846935580017923906e-02 -7.632734509258934374e-02 -1.923881484263765262e-01 -3.690410697268090012e-01 -7.936525386018722372e-01 -1.174192464190981777e+00
4.615000000000000568e+01 3.791838124617175759e-02 -7.682758980858575559e-02 -1.928372393709537613e-01 -3.694129348346254504e-01 -7.938294051416776576e-01 -1.174287791396105618e+00
4.616666666666665719e+01 3.737540739471188062e-02 -7.732030581205730224e-02 -1.932793002173075481e-01 -3.697785783856156194e-01 -7.940043611730992490e-01 -1.174349447651511946e+00
4.618333333333333712e+01 3.684031464027263253e-02 -7.780560937082192652e-02 -1.937144468264091757e-01 -3.701381091632305331e-01 -7.941758649406973625e-01 -1.174425056893297237e+00
4.620000000000000284e+01 3.631298527275120952e-02 -7.828361459600126360e-02 -1.941427897019072091e-01 -3.704916378528879117e-01 -7.943443388334283650e-01 -1.174516280388629097e+00
4.621666666666666856e+01 3.579330343304956003e-02 -7.875443404021180427e-02 -1.945644354252635266e-01 -3.708392740990041347e-01 -7.945098573140624287e-01 -1.174587261643602609e+00
4.623333333333333428e+01 3.528115508255121047e-02 -7.921817913825775215e-02 -1.949794968420094365e-01 -3.711811203188437047e-01 -7.946723870016454416e-01 -1.174667907592528815e+00
4.625000000000000000e+01 3.477642798052526379e-02 -7.967495948507571923e-02 -1.953880757831351345e-01 -3.715172755004950700e-01 -7.948320987628428869e-01 -1.174731643556234939e+00
4.626666666666666572e+01 3.427901165816203688e-02 -8.012488242296264551e-02 -1.957902745417475221e-01 -3.718478390297559333e-01 -7.949889150097686485e-01 -1.174818061023029436e+00
4.628333333333333144e+01 3.378879738355489853e-02 -8.056805370302698444e-02 -1.961861982512598523e-01 -3.721729090368948167e-01 -7.951430396875983631e-01 -1.174860401942993571e+00
4.629999999999999716e+01 3.330567813628137336e-02 -8.100457823648690714e-02 -1.965759478403983074e-01 -3.724925795922140459e-01 -7.952943450259167824e-01 -1.174924748879060621e+00
4.631666666666666288e+01 3.282954858588132963e-02 -8.143456121133481329e-02 -1.969596201859686035e-01 -3.728069435503361118e-01 -7.954430980472334545e-01 -1.175008096634946986e+00
4.633333333333334281e+01 3.236030504799913832e-02 -8.185810419870215293e-02 -1.973372986593858180e-01 -3.731160917841869762e-01 -7.955890791507087556e-01 -1.175068513105139267e+00
4.634999999999999432e+01 3.189784545766467805e-02 -8.227530472963495711e-02 -1.977090940251591544e-01 -3.734201121313930893e-01 -7.957326742579862167e-01 -1.175138902700359367e+00
4.636666666666666003e+01 3.144206934153168098e-02 -8.268625707705301586e-02 -1.980750928648148945e-01 -3.737190923753025973e-01 -7.958735016944856744e-01 -1.175193025023963722e+00
4.638333333333333997e+01 3.099287779300679418e-02 -8.309105356045998203e-02 -1.984353938676729767e-01 -3.740131186871250568e-01 -7.960121586123876103e-01 -1.175270212500631128e+00
4.640000000000000568e+01 3.055017343589586792e-02 -8.348978686321618936e-02 -1.987900932650639163e-01 -3.743022748465533178e-01 -7.961479783457581227e-01 -1.175299809201719503e+00
4.641666666666665719e+01 3.011386039704465334e-02 -8.388254966650329769e-02 -1.991392656076818035e-01 -3.745866434203867223e-01 -7.962819389805605441e-01 -1.175352891111945963e+00
4.643333333333333712e+01 2.968384428811668418e-02 -8.426943347329142464e-02 -1.994829980385580959e-01 -3.748663049742368414e-01 -7.964128732573976244e-01 -1.175428905147326120e+00
4.645000000000000284e+01 2.926003218909686496e-02 -8.465052773044283441e-02 -1.998213661193732338e-01 -3.751413387854181658e-01 -7.965424411582278097e-01 -1.175480669647493315e+00
4.646666666666666856e+01 2.884233262013278717e-02 -8.502592080710720535e-02 -2.001545006490824119e-01 -3.754118232701718627e-01 -7.966685822307832954e-01 -1.175542752313589956e+00
4.648333333333333428e+01 2.843065550909368300e-02 -8.539569935179684712e-02 -2.004824366201075347e-01 -3.756778349186670751e-01 -7.967941554176786179e-01 -1.175587477948700776e+00
4.650000000000000000e+01 2.802491216712430996e-02 -8.575994826026699103e-02 -2.008052348597552383e-01 -3.759394485756121784e-01 -7.969155872509829930e-01 -1.175657616781093262e+00
4.651666666666666572e+01 2.762501526602775814e-02 -8.611875104925427460e-02 -2.011230108871052413e-01 -3.761967379354306251e-01 -7.970380079303224230e-01 -1.175675391134678227e+00
4.653333333333333144e+01 2.723087881678389749e-02 -8.647219061547913033e-02 -2.014358485305570989e-01 -3.764497750776825136e-01 -7.971546389798856991e-01 -1.175720280023056175e+00
4.654999999999999716e+01 2.684241814677352372e-02 -8.682034756388827546e-02 -2.017438371637168548e-01 -3.766986308932139260e-01 -7.972756678337014069e-01 -1.175789321759315609e+00
4.656666666666666288e+01 2.645954987363253672e-02 -8.716330473926976741e-02 -2.020470612229773033e-01 -3.769433751435130042e-01 -7.973869014957033485e-01 -1.175833383906758511e+00
4.658333333333334281e+01 2.608219189345695535e-02 -8.750114238200801253e-02 -2.023455397821476709e-01 -3.771840769961568585e-01 -7.975089976339292397e-01 -1.175888020295434711e+00
4.659999999999999432e+01 2.571026337024738886e-02 -8.783394052357010318e-02 -2.026392999273129436e-01 -3.774208041860748764e-01 -7.976090571907124005e-01 -1.175925450095613778e+00
4.661666666666666003e+01 2.534368472431871439e-02 -8.816177900962933467e-02 -2.029285646569558843e-01 -3.776536225851331863e-01 -7.977143470104685052e-01 -1.175988671123618268e+00
4.663333333333333997e+01 2.498237758789539215e-02 -8.848473362774569861e-02 -2.032133495938098777e-01 -3.778825974005100563e-01 -7.978318331341177627e-01 -1.175997510210095909e+00
4.665000000000000568e+01 2.462626476938008929e-02 -8.880287625328944778e-02 -2.034937529017686042e-01 -3.781077928094975782e-01 -7.979360897272199660e-01 -1.176034876247280092e+00
4.666666666666665719e+01 2.427527026156014664e-02 -8.911627576212668989e-02 -2.037696344822302330e-01 -3.783292715311670218e-01 -7.980429104937531992e-01 -1.176097910304598537e+00
4.668333333333333712e+01 2.392931917328199043e-02 -8.942500235012768028e-02 -2.040412721951875286e-01 -3.785470953660409754e-01 -7.981399697585714881e-01 -1.176135375667795469e+00
4.670000000000000284e+01 2.358833763009017190e-02 -8.972912693328254086e-02 -2.043086985887351270e-01 -3.787613254041830579e-01 -7.982474433636841393e-01 -1.176183302973406564e+00
4.671666666666666856e+01 2.325225292913904798e-02 -9.002871958598458735e-02 -2.045719643573691571e-01 -3.789720216470940928e-01 -7.983385993394028768e-01 -1.176214484055547960e+00
4.673333333333333428e+01 2.292099365432531677e-02 -9.032384900958365104e-02 -2.048309634618423469e-01 -3.791602264449312476e-01 -7.984487305946927904e-01 -1.176249495145228030e+00
4.675000000000000000e+01 2.259448937403918736e-02 -9.061457998109222201e-02 -2.050859197721787985e-01 -3.793408074123079121e-01 -7.985225811946857766e-01 -1.176282173220492000e+00
4.676666666666666572e+01 2.227267065515405736e-02 -9.090098011831053426e-02 -2.053367317914117085e-01 -3.795200173393013521e-01 -7.986106598037943094e-01 -1.176321516384851051e+00
4.678333333333333144e+01 2.195546953029688803e-02 -9.118311461331317369e-02 -2.055828756441537841e-01 -3.796962186665914230e-01 -7.987154650844930925e-01 -1.176367542378510711e+00
4.679999999999999716e+01 2.164281912020384752e-02 -9.146104786529396513e-02 -2.058263008239166747e-01 -3.798698788213540900e-01 -7.988045133592884817e-01 -1.176393552827555755e+00
4.681666666666666288e+01 2.133465277579973604e-02 -9.173483858541042757e-02 -2.060662995402862685e-01 -3.800409621491028789e-01 -7.988962145386471203e-01 -1.176441208927074822e+00
4.683333333333334281e+01 2.103090457785793121e-02 -9.200455217314112977e-02 -2.063031472136464539e-01 -3.802095225380217047e-01 -7.989788975908422852e-01 -1.176463579879654331e+00
4.684999999999999432e+01 2.073151030452963575e-02 -9.227025406073081915e-02 -2.065366610039851836e-01 -3.803756025802227381e-01 -7.990719485772953545e-01 -1.176487046402356462e+00
4.686666666666666003e+01 2.043640702015003460e-02 -9.253200596746780082e-02 -2.067664839520654552e-01 -3.805392362305902165e-01 -7.991489321388365319e-01 -1.176515169826188201e+00
4.688333333333333997e+01 2.014553240946854659e-02 -9.278986552246427932e-02 -2.069926809106706622e-01 -3.807004663153560897e-01 -7.992455078714491012e-01 -1.176552610007035371e+00
4.690000000000000568e+01 1.985882504185916553e-02 -9.304388822169563922e-02 -2.072152884189821243e-01 -3.808593217473695280e-01 -7.993015982005590159e-01 -1.176594288633655783e+00
4.691666666666665719e+01 1.957622424031915317e-02 -9.329412175028511944e-02 -2.074344045631482947e-01 -3.810158516995603706e-01 -7.993747161356011821e-01 -1.176615152143895893e+00
4.693333333333333712e+01 1.929766945625574839e-02 -9.354063463542615364e-02 -2.076500730461001976e-01 -3.811700712161542048e-01 -7.994674252670640469e-01 -1.176657860843876469e+00
4.695000000000000284e+01 1.902310092783566012e-02 -9.378348086725728228e-02 -2.078623606416256375e-01 -3.813220477195600200e-01 -7.995436919386822439e-01 -1.176676324909821991e+00
4.696666666666666856e+01 1.875246097117077779e-02 -9.402271145946806963e-02 -2.080525127897758231e-01 -3.814717675117730855e-01 -7.996220695861901984e-01 -1.176694584899025120e+00
4.698333333333333428e+01 1.848569369786447203e-02 -9.425838348537547706e-02 -2.082348180513148572e-01 -3.816193365361729706e-01 -7.996920883196796392e-01 -1.176717068853009529e+00
4.700000000000000000e+01 1.822274376526902481e-02 -9.449054495867641179e-02 -2.084157327695654316e-01 -3.817646852110133104e-01 -7.997722023675492009e-01 -1.176750241239290062e+00
4.701666666666666572e+01 1.796355608837484075e-02 -9.471925175322359891e-02 -2.085937851289601241e-01 -3.819079940907078585e-01 -7.998372000596191134e-01 -1.176788758427924630e+00
4.703333333333333144e+01 1.770807623364262923e-02 -9.494455479505180262e-02 -2.087694243542868311e-01 -3.820490955806098987e-01 -7.999211561783798885e-01 -1.176804876911213160e+00
4.704999999999999716e+01 1.745625049586867553e-02 -9.516650690958514125e-02 -2.089426023604623595e-01 -3.821883128117778416e-01 -7.999663066410790391e-01 -1.176844821214262593e+00
4.706666666666666288e+01 1.720802590041452945e-02 -9.538516475462338606e-02 -2.091133801195179109e-01 -3.823252751051987586e-01 -8.000275639511883474e-01 -1.176858138817223676e+00
4.708333333333334281e+01 1.696335029488709595e-02 -9.560057554996441442e-02 -2.092817913676872921e-01 -3.824605969849747544e-01 -8.001077838604510051e-01 -1.176870511818785214e+00
4.709999999999999432e+01 1.672217232151483948e-02 -9.579312355698847703e-02 -2.094478792544949008e-01 -3.825935432464541153e-01 -8.001727901659528852e-01 -1.176889628792681997e+00
4.711666666666666003e+01 1.648444137009164381e-02 -9.597831819143326504e-02 -2.096116737927394835e-01 -3.827253105820851431e-01 -8.002405205108844566e-01 -1.176919988635240388e+00
4.713333333333333997e+01 1.625010760184472311e-02 -9.616242360589168092e-02 -2.097732144161039147e-01 -3.828542830175117317e-01 -8.002993469657921910e-01 -1.176954640561149068e+00
4.715000000000000568e+01 1.601912192945524269e-02 -9.634373416966728054e-02 -2.099325293653287461e-01 -3.829830605444806135e-01 -8.003693210155821136e-01 -1.176967448580234610e+00
4.716666666666665719e+01 1.579143598915870236e-02 -9.652264384774979222e-02 -2.100896576139444361e-01 -3.831079745251118052e-01 -8.004233575329424699e-01 -1.177003717092828028e+00
4.718333333333333712e+01 1.556700213717219367e-02 -9.669916102332343222e-02 -2.102446235540270381e-01 -3.832342926558324758e-01 -8.004976312272825689e-01 -1.177014044698171835e+00
4.720000000000000284e+01 1.534577343180765045e-02 -9.687330904563822009e-02 -2.103974647413487387e-01 -3.833548946665257806e-01 -8.005303714587763686e-01 -1.177022404146440326e+00
4.721666666666666856e+01 1.512770362039063746e-02 -9.704516701292972836e-02 -2.105482041058737430e-01 -3.834792657703072760e-01 -8.005817000118549132e-01 -1.177037656702370150e+00
4.723333333333333428e+01 1.493264604507389855e-02 -9.721472859101515374e-02 -2.106968792642937571e-01 -3.835948735567011880e-01 -8.006529620913671597e-01 -1.177065051780339822e+00
4.725000000000000000e+01 1.474493268804780675e-02 -9.738206573914026665e-02 -2.108435107478953408e-01 -3.837171639124495326e-01 -8.007082372983259644e-01 -1.177097058250913042e+00
4.726666666666666572e+01 1.455839267119021611e-02 -9.754716721338893559e-02 -2.109881364637598289e-01 -3.838276352283173098e-01 -8.007665485481828549e-01 -1.177106425625536135e+00
4.728333333333333144e+01 1.437455927113645560e-02 -9.771010654675278684e-02 -2.111307744929542263e-01 -3.839471918330586986e-01 -8.008163496893615507e-01 -1.177139938277757647e+00
4.729999999999999716e+01 1.419306365784404715e-02 -9.787086924103202690e-02 -2.112714621829955286e-01 -3.840529312894213065e-01 -8.008772679622718771e-01 -1.177147064532167775e+00
4.731666666666666288e+01 1.401381391921637486e-02 -9.802952995630861976e-02 -2.114102169115445462e-01 -3.841695921440205774e-01 -8.009225108994079134e-01 -1.177152409648567932e+00
4.733333333333334281e+01 1.383688410003402341e-02 -9.818607282893372645e-02 -2.115470758460542555e-01 -3.842712321857258972e-01 -8.009881781709801141e-01 -1.177164962274700466e+00
4.734999999999999432e+01 1.366212721585030598e-02 -9.834057409714341835e-02 -2.116820553890787215e-01 -3.843852212737039475e-01 -8.010113134608900509e-01 -1.177189530222813918e+00
4.736666666666666003e+01 1.348964417406530412e-02 -9.849301084060424483e-02 -2.118151914270030856e-01 -3.844830600951845145e-01 -8.010536435239844488e-01 -1.177218742153537834e+00
4.738333333333333997e+01 1.331928139921315611e-02 -9.864344938585950517e-02 -2.119465004777481842e-01 -3.845945949877246361e-01 -8.011166478926440293e-01 -1.177225656691252897e+00
4.740000000000000568e+01 1.315114201789260515e-02 -9.879188882057832188e-02 -2.120760147850921928e-01 -3.846887114144324493e-01 -8.011639422950013190e-01 -1.177256715637333473e+00
4.741666666666665719e+01 1.298506725206396289e-02 -9.893838150056354086e-02 -2.122037556502917033e-01 -3.847980164074589760e-01 -8.012141827203618227e-01 -1.177261269268126131e+00
4.743333333333333712e+01 1.282116935354129204e-02 -9.908293225170125562e-02 -2.123297464706651871e-01 -3.848885902359692746e-01 -8.012560320832049499e-01 -1.177263443780533381e+00
4.745000000000000284e+01 1.265927579767569568e-02 -9.922557513407029295e-02 -2.124540180299351599e-01 -3.849957169962440195e-01 -8.013090402161813230e-01 -1.177273533877443379e+00
4.746666666666666856e+01 1.249951662346116509e-02 -9.936631413204236041e-02 -2.125765795712446782e-01 -3.850829013377289889e-01 -8.013467982551379931e-01 -1.177296058990860539e+00
4.748333333333333428e+01 1.234169779479640447e-02 -9.950520560375944457e-02 -2.126974797952803087e-01 -3.851877812711546056e-01 -8.014046879148076785e-01 -1.177322984115479532e+00
4.750000000000000000e+01 1.218597600621158794e-02 -9.964224881090585906e-02 -2.128167034518449185e-01 -3.852717310586601385e-01 -8.014207955312198095e-01 -1.177327594902679575e+00
4.751666666666666572e+01 1.203212639262747283e-02 -9.977750284227317190e-02 -2.129343296622377146e-01 -3.853743441562316185e-01 -8.014560181489176482e-01 -1.177356293997670278e+00
4.753333333333333144e+01 1.188034293656582870e-02 -9.991095301879042434e-02 -2.130503011296741300e-01 -3.854552387035073413e-01 -8.015116228612358951e-01 -1.177358901174930361e+00
4.754999999999999716e+01 1.173035888268617044e-02 -1.000426694310126985e-01 -2.131647523414268997e-01 -3.855555571991056141e-01 -8.015518825401594105e-01 -1.177359131320069308e+00
4.756666666666666288e+01 1.158241700605542115e-02 -1.001726349232685553e-01 -2.132775536849772502e-01 -3.856335447901297342e-01 -8.015955930133455976e-01 -1.177366959506484623e+00
4.758333333333334281e+01 1.143619644989458083e-02 -1.003008748312792381e-01 -2.133889261483073174e-01 -3.857315569520038401e-01 -8.016306511330131279e-01 -1.177387257714638258e+00
4.759999999999999432e+01 1.129200263988451754e-02 -1.004274036174016144e-01 -2.134986345171664690e-01 -3.858067629858323855e-01 -8.016775575535241005e-01 -1.177412389568443851e+00
4.761666666666666003e+01 1.114944481050436816e-02 -1.005522822334970756e-01 -2.136070362196737793e-01 -3.859024810041614684e-01 -8.017085086787495429e-01 -1.177414989825254832e+00
4.763333333333333997e+01 1.100891027940305994e-02 -1.006755213808441102e-01 -2.137137196277439366e-01 -3.859750158054230940e-01 -8.017607084206624934e-01 -1.177442067236222689e+00
4.765000000000000568e+01 1.086991528792379848e-02 -1.007971736624579534e-01 -2.138192737741035077e-01 -3.860684724890964259e-01 -8.017685663400399010e-01 -1.177442517677578238e+00
4.766666666666665719e+01 1.073295415884879291e-02 -1.009171222961330883e-01 -2.139229938768875405e-01 -3.861384394784333485e-01 -8.017974281874845621e-01 -1.177440469730737460e+00
4.768333333333333712e+01 1.059742287150595985e-02 -1.010355572284556830e-01 -2.140258574787219370e-01 -3.862296826436036334e-01 -8.018476665322921138e-01 -1.177446699037214550e+00
4.770000000000000284e+01 1.046395483046958300e-02 -1.011523796893138011e-01 -2.141266577562923323e-01 -3.862971730745680121e-01 -8.018820326948974397e-01 -1.177465479820779315e+00
4.771666666666666856e+01 1.033179141738673791e-02 -1.012676809625734642e-01 -2.142270432117290013e-01 -3.863862588887916893e-01 -8.019197709792817985e-01 -1.177488706875718494e+00
4.773333333333333428e+01 1.020173976431890464e-02 -1.013814559636933704e-01 -2.143249497423636574e-01 -3.864513526241250552e-01 -8.019492831488714835e-01 -1.177489807694846125e+00
4.775000000000000000e+01 1.007284678182417126e-02 -1.014936959174417008e-01 -2.144230725975436458e-01 -3.865383382372988286e-01 -8.019902496394984981e-01 -1.177515047617987642e+00
4.776666666666666572e+01 9.946136779029087285e-03 -1.016044225378073679e-01 -2.145180823546990467e-01 -3.866011081922309800e-01 -8.020160312156136007e-01 -1.177514229713556348e+00
4.778333333333333144e+01 9.820425177202730602e-03 -1.017137193429705627e-01 -2.146141388333105415e-01 -3.866860538402834835e-01 -8.020624057799811135e-01 -1.177510656543588441e+00
4.779999999999999716e+01 9.696991998951513814e-03 -1.018214567915275842e-01 -2.147061585345706181e-01 -3.867465759395459779e-01 -8.020655688069265876e-01 -1.177515121254198993e+00
4.781666666666666288e+01 9.574369295420282963e-03 -1.019276446485477133e-01 -2.148002394111857838e-01 -3.868295397490586485e-01 -8.020890484459272107e-01 -1.177532313385452278e+00
4.783333333333334281e+01 9.454161878269294952e-03 -1.020327474850350191e-01 -2.148891652385000184e-01 -3.868878926878503433e-01 -8.021337240465761242e-01 -1.177554354685445670e+00
4.784999999999999432e+01 9.334526764214340355e-03 -1.021364764861296959e-01 -2.149811307682267247e-01 -3.869689409542628189e-01 -8.021631197167337080e-01 -1.177553857041725438e+00
4.786666666666666003e+01 9.217501522512107706e-03 -1.022390653478523898e-01 -2.150670616944189706e-01 -3.870252034960286469e-01 -8.021961156004353555e-01 -1.177577920803643430e+00
4.788333333333333997e+01 9.100744889163859749e-03 -1.023403886788852024e-01 -2.151567023770235842e-01 -3.871044044346526602e-01 -8.022206036209210689e-01 -1.177575477116036717e+00
4.790000000000000568e+01 8.986893001221732055e-03 -1.024404450299097463e-01 -2.152399075414266061e-01 -3.871586531139414866e-01 -8.022571267034523945e-01 -1.177570398037395050e+00
4.791666666666665719e+01 8.872909508021524158e-03 -1.025392082601437882e-01 -2.153272343618361506e-01 -3.872360742336111716e-01 -8.022779396287728071e-01 -1.177573718087314258e+00
4.793333333333333712e+01 8.762224104577852335e-03 -1.026366544916580137e-01 -2.154079110609875281e-01 -3.872883815567075838e-01 -8.023200965802432805e-01 -1.177589714676365418e+00
4.795000000000000284e+01 8.650911669502143672e-03 -1.027328008045779867e-01 -2.154930664359727688e-01 -3.873640863162122194e-01 -8.023175927289661891e-01 -1.177610306747129076e+00
4.796666666666666856e+01 8.543335445061847611e-03 -1.028276676337463308e-01 -2.155713529861109645e-01 -3.874145176140623703e-01 -8.023366625761992887e-01 -1.177608770217803524e+00
4.798333333333333428e+01 8.434549159250155984e-03 -1.029212672574409820e-01 -2.156544971277565836e-01 -3.874885594792973342e-01 -8.023773257837559791e-01 -1.177631530711107377e+00
4.800000000000000000e+01 8.330098807725880294e-03 -1.030136273445624445e-01 -2.157304144542308844e-01 -3.875371675506404934e-01 -8.024023656029604101e-01 -1.177628117738210412e+00
