# Fig 4a
# 0. time (h), 1. intensity (kW/m^2)
0.000000000000000000e+00 0.000000000000000000e+00
6.944444444444444709e-04 0.000000000000000000e+00
1.388888888888888942e-03 0.000000000000000000e+00
2.083333333333333304e-03 0.000000000000000000e+00
2.777777777777777884e-03 0.000000000000000000e+00
3.472222222222222029e-03 0.000000000000000000e+00
4.166666666666666609e-03 0.000000000000000000e+00
4.861111111111111188e-03 0.000000000000000000e+00
5.555555555555555768e-03 0.000000000000000000e+00
6.249999999999999480e-03 0.000000000000000000e+00
6.944444444444444059e-03 0.000000000000000000e+00
7.638888888888888638e-03 0.000000000000000000e+00
8.333333333333333218e-03 0.000000000000000000e+00
9.027777777777778664e-03 0.000000000000000000e+00
9.722222222222222376e-03 0.000000000000000000e+00
1.041666666666666609e-02 0.000000000000000000e+00
1.111111111111111154e-02 0.000000000000000000e+00
1.180555555555555525e-02 0.000000000000000000e+00
1.249999999999999896e-02 0.000000000000000000e+00
1.319444444444444441e-02 0.000000000000000000e+00
1.388888888888888812e-02 0.000000000000000000e+00
1.458333333333333183e-02 0.000000000000000000e+00
1.527777777777777728e-02 0.000000000000000000e+00
1.597222222222222446e-02 0.000000000000000000e+00
1.666666666666666644e-02 0.000000000000000000e+00
1.736111111111111188e-02 0.000000000000000000e+00
1.805555555555555733e-02 0.000000000000000000e+00
1.874999999999999931e-02 0.000000000000000000e+00
1.944444444444444475e-02 0.000000000000000000e+00
2.013888888888889020e-02 0.000000000000000000e+00
2.083333333333333218e-02 0.000000000000000000e+00
2.152777777777777415e-02 0.000000000000000000e+00
2.222222222222222307e-02 0.000000000000000000e+00
2.291666666666666852e-02 0.000000000000000000e+00
2.361111111111111049e-02 0.000000000000000000e+00
2.430555555555555594e-02 0.000000000000000000e+00
2.499999999999999792e-02 0.000000000000000000e+00
2.569444444444444683e-02 0.000000000000000000e+00
2.638888888888888881e-02 0.000000000000000000e+00
2.708333333333333426e-02 0.000000000000000000e+00
2.777777777777777624e-02 0.000000000000000000e+00
2.847222222222222168e-02 0.000000000000000000e+00
2.916666666666666366e-02 0.000000000000000000e+00
2.986111111111111258e-02 0.000000000000000000e+00
3.055555555555555455e-02 0.000000000000000000e+00
3.125000000000000000e-02 0.000000000000000000e+00
3.194444444444444892e-02 0.000000000000000000e+00
3.263888888888889089e-02 0.000000000000000000e+00
3.333333333333333287e-02 0.000000000000000000e+00
3.402777777777777485e-02 0.000000000000000000e+00
3.472222222222222376e-02 0.000000000000000000e+00
3.541666666666666574e-02 0.000000000000000000e+00
3.611111111111111466e-02 0.000000000000000000e+00
3.680555555555555663e-02 0.000000000000000000e+00
3.749999999999999861e-02 0.000000000000000000e+00
3.819444444444444059e-02 0.000000000000000000e+00
3.888888888888888951e-02 0.000000000000000000e+00
3.958333333333333148e-02 0.000000000000000000e+00
4.027777777777778040e-02 0.000000000000000000e+00
4.097222222222222238e-02 0.000000000000000000e+00
4.166666666666666435e-02 0.000000000000000000e+00
4.236111111111110633e-02 0.000000000000000000e+00
4.305555555555554831e-02 0.000000000000000000e+00
4.375000000000000416e-02 0.000000000000000000e+00
4.444444444444444614e-02 0.000000000000000000e+00
4.513888888888888812e-02 0.000000000000000000e+00
4.583333333333333703e-02 0.000000000000000000e+00
4.652777777777777901e-02 0.000000000000000000e+00
4.722222222222222099e-02 0.000000000000000000e+00
4.791666666666666297e-02 0.000000000000000000e+00
4.861111111111111188e-02 0.000000000000000000e+00
4.930555555555555386e-02 0.000000000000000000e+00
4.999999999999999584e-02 0.000000000000000000e+00
5.069444444444443781e-02 0.000000000000000000e+00
5.138888888888889367e-02 0.000000000000000000e+00
5.208333333333333565e-02 0.000000000000000000e+00
5.277777777777777762e-02 0.000000000000000000e+00
5.347222222222222654e-02 0.000000000000000000e+00
5.416666666666666852e-02 0.000000000000000000e+00
5.486111111111111049e-02 0.000000000000000000e+00
5.555555555555555247e-02 0.000000000000000000e+00
5.625000000000000139e-02 0.000000000000000000e+00
5.694444444444444337e-02 0.000000000000000000e+00
5.763888888888888534e-02 0.000000000000000000e+00
5.833333333333332732e-02 0.000000000000000000e+00
5.902777777777778317e-02 0.000000000000000000e+00
5.972222222222222515e-02 0.000000000000000000e+00
6.041666666666666713e-02 0.000000000000000000e+00
6.111111111111110911e-02 0.000000000000000000e+00
6.180555555555555802e-02 0.000000000000000000e+00
6.250000000000000000e-02 0.000000000000000000e+00
6.319444444444444198e-02 0.000000000000000000e+00
6.388888888888889783e-02 0.000000000000000000e+00
6.458333333333333981e-02 0.000000000000000000e+00
6.527777777777778179e-02 0.000000000000000000e+00
6.597222222222222376e-02 0.000000000000000000e+00
6.666666666666666574e-02 0.000000000000000000e+00
6.736111111111110772e-02 0.000000000000000000e+00
6.805555555555554970e-02 0.000000000000000000e+00
6.874999999999999167e-02 0.000000000000000000e+00
6.944444444444444753e-02 0.000000000000000000e+00
7.013888888888888951e-02 0.000000000000000000e+00
7.083333333333333148e-02 0.000000000000000000e+00
7.152777777777777346e-02 0.000000000000000000e+00
7.222222222222222932e-02 0.000000000000000000e+00
7.291666666666667129e-02 0.000000000000000000e+00
7.361111111111111327e-02 0.000000000000000000e+00
7.430555555555555525e-02 0.000000000000000000e+00
7.499999999999999722e-02 0.000000000000000000e+00
7.569444444444443920e-02 0.000000000000000000e+00
7.638888888888888118e-02 0.000000000000000000e+00
7.708333333333332316e-02 0.000000000000000000e+00
7.777777777777777901e-02 0.000000000000000000e+00
7.847222222222222099e-02 0.000000000000000000e+00
7.916666666666666297e-02 0.000000000000000000e+00
7.986111111111111882e-02 0.000000000000000000e+00
8.055555555555556080e-02 0.000000000000000000e+00
8.125000000000000278e-02 0.000000000000000000e+00
8.194444444444444475e-02 0.000000000000000000e+00
8.263888888888888673e-02 0.000000000000000000e+00
8.333333333333332871e-02 0.000000000000000000e+00
8.402777777777777068e-02 0.000000000000000000e+00
8.472222222222221266e-02 0.000000000000000000e+00
8.541666666666665464e-02 0.000000000000000000e+00
8.611111111111109662e-02 0.000000000000000000e+00
8.680555555555556635e-02 0.000000000000000000e+00
8.750000000000000833e-02 0.000000000000000000e+00
8.819444444444445030e-02 0.000000000000000000e+00
8.888888888888889228e-02 0.000000000000000000e+00
8.958333333333333426e-02 0.000000000000000000e+00
9.027777777777777624e-02 0.000000000000000000e+00
9.097222222222221821e-02 0.000000000000000000e+00
9.166666666666667407e-02 0.000000000000000000e+00
9.236111111111111605e-02 0.000000000000000000e+00
9.305555555555555802e-02 0.000000000000000000e+00
9.375000000000000000e-02 0.000000000000000000e+00
9.444444444444444198e-02 0.000000000000000000e+00
9.513888888888888395e-02 0.000000000000000000e+00
9.583333333333332593e-02 0.000000000000000000e+00
9.652777777777778179e-02 0.000000000000000000e+00
9.722222222222222376e-02 0.000000000000000000e+00
9.791666666666666574e-02 0.000000000000000000e+00
9.861111111111110772e-02 0.000000000000000000e+00
9.930555555555554970e-02 0.000000000000000000e+00
9.999999999999999167e-02 0.000000000000000000e+00
1.006944444444444337e-01 0.000000000000000000e+00
1.013888888888888756e-01 0.000000000000000000e+00
1.020833333333333454e-01 0.000000000000000000e+00
1.027777777777777873e-01 0.000000000000000000e+00
1.034722222222222293e-01 0.000000000000000000e+00
1.041666666666666713e-01 0.000000000000000000e+00
1.048611111111111133e-01 0.000000000000000000e+00
1.055555555555555552e-01 0.000000000000000000e+00
1.062499999999999972e-01 0.000000000000000000e+00
1.069444444444444531e-01 0.000000000000000000e+00
1.076388888888888951e-01 0.000000000000000000e+00
1.083333333333333370e-01 0.000000000000000000e+00
1.090277777777777790e-01 0.000000000000000000e+00
1.097222222222222210e-01 0.000000000000000000e+00
1.104166666666666630e-01 0.000000000000000000e+00
1.111111111111111049e-01 0.000000000000000000e+00
1.118055555555555469e-01 0.000000000000000000e+00
1.125000000000000028e-01 0.000000000000000000e+00
1.131944444444444448e-01 0.000000000000000000e+00
1.138888888888888867e-01 0.000000000000000000e+00
1.145833333333333287e-01 0.000000000000000000e+00
1.152777777777777707e-01 0.000000000000000000e+00
1.159722222222222127e-01 0.000000000000000000e+00
1.166666666666666546e-01 0.000000000000000000e+00
1.173611111111111244e-01 0.000000000000000000e+00
1.180555555555555663e-01 0.000000000000000000e+00
1.187500000000000083e-01 0.000000000000000000e+00
1.194444444444444503e-01 0.000000000000000000e+00
1.201388888888888923e-01 0.000000000000000000e+00
1.208333333333333343e-01 0.000000000000000000e+00
1.215277777777777762e-01 0.000000000000000000e+00
1.222222222222222182e-01 0.000000000000000000e+00
1.229166666666666741e-01 0.000000000000000000e+00
1.236111111111111160e-01 0.000000000000000000e+00
1.243055555555555580e-01 0.000000000000000000e+00
1.250000000000000000e-01 0.000000000000000000e+00
1.256944444444444420e-01 0.000000000000000000e+00
1.263888888888888840e-01 0.000000000000000000e+00
1.270833333333333259e-01 0.000000000000000000e+00
1.277777777777777957e-01 0.000000000000000000e+00
1.284722222222222376e-01 0.000000000000000000e+00
1.291666666666666796e-01 0.000000000000000000e+00
1.298611111111111216e-01 0.000000000000000000e+00
1.305555555555555636e-01 0.000000000000000000e+00
1.312500000000000056e-01 0.000000000000000000e+00
1.319444444444444475e-01 0.000000000000000000e+00
1.326388888888888895e-01 0.000000000000000000e+00
1.333333333333333315e-01 0.000000000000000000e+00
1.340277777777777735e-01 0.000000000000000000e+00
1.347222222222222154e-01 0.000000000000000000e+00
1.354166666666666574e-01 0.000000000000000000e+00
1.361111111111110994e-01 0.000000000000000000e+00
1.368055555555555414e-01 0.000000000000000000e+00
1.374999999999999833e-01 0.000000000000000000e+00
1.381944444444444531e-01 0.000000000000000000e+00
1.388888888888888951e-01 0.000000000000000000e+00
1.395833333333333370e-01 0.000000000000000000e+00
1.402777777777777790e-01 0.000000000000000000e+00
1.409722222222222210e-01 0.000000000000000000e+00
1.416666666666666630e-01 0.000000000000000000e+00
1.423611111111111049e-01 0.000000000000000000e+00
1.430555555555555469e-01 0.000000000000000000e+00
1.437499999999999611e-01 0.000000000000000000e+00
1.444444444444444586e-01 0.000000000000000000e+00
1.451388888888889006e-01 0.000000000000000000e+00
1.458333333333333426e-01 0.000000000000000000e+00
1.465277777777777846e-01 0.000000000000000000e+00
1.472222222222222265e-01 0.000000000000000000e+00
1.479166666666666685e-01 0.000000000000000000e+00
1.486111111111111105e-01 0.000000000000000000e+00
1.493055555555555525e-01 0.000000000000000000e+00
1.499999999999999944e-01 0.000000000000000000e+00
1.506944444444444364e-01 0.000000000000000000e+00
1.513888888888888784e-01 0.000000000000000000e+00
1.520833333333333204e-01 0.000000000000000000e+00
1.527777777777777624e-01 0.000000000000000000e+00
1.534722222222222043e-01 0.000000000000000000e+00
1.541666666666666463e-01 0.000000000000000000e+00
1.548611111111111160e-01 0.000000000000000000e+00
1.555555555555555580e-01 0.000000000000000000e+00
1.562500000000000000e-01 0.000000000000000000e+00
1.569444444444444420e-01 0.000000000000000000e+00
1.576388888888888840e-01 0.000000000000000000e+00
1.583333333333333259e-01 0.000000000000000000e+00
1.590277777777777957e-01 0.000000000000000000e+00
1.597222222222222376e-01 0.000000000000000000e+00
1.604166666666666796e-01 0.000000000000000000e+00
1.611111111111111216e-01 0.000000000000000000e+00
1.618055555555555636e-01 0.000000000000000000e+00
1.625000000000000056e-01 0.000000000000000000e+00
1.631944444444444475e-01 0.000000000000000000e+00
1.638888888888888895e-01 0.000000000000000000e+00
1.645833333333333037e-01 0.000000000000000000e+00
1.652777777777777735e-01 0.000000000000000000e+00
1.659722222222222154e-01 0.000000000000000000e+00
1.666666666666666574e-01 0.000000000000000000e+00
1.673611111111110994e-01 0.000000000000000000e+00
1.680555555555555414e-01 0.000000000000000000e+00
1.687499999999999833e-01 0.000000000000000000e+00
1.694444444444444253e-01 0.000000000000000000e+00
1.701388888888888673e-01 0.000000000000000000e+00
1.708333333333333093e-01 0.000000000000000000e+00
1.715277777777777513e-01 0.000000000000000000e+00
1.722222222222221932e-01 0.000000000000000000e+00
1.729166666666666907e-01 0.000000000000000000e+00
1.736111111111111327e-01 0.000000000000000000e+00
1.743055555555555747e-01 0.000000000000000000e+00
1.750000000000000167e-01 0.000000000000000000e+00
1.756944444444444586e-01 0.000000000000000000e+00
1.763888888888889006e-01 0.000000000000000000e+00
1.770833333333333426e-01 0.000000000000000000e+00
1.777777777777777846e-01 0.000000000000000000e+00
1.784722222222222265e-01 0.000000000000000000e+00
1.791666666666666685e-01 0.000000000000000000e+00
1.798611111111111105e-01 0.000000000000000000e+00
1.805555555555555525e-01 0.000000000000000000e+00
1.812499999999999944e-01 0.000000000000000000e+00
1.819444444444444364e-01 0.000000000000000000e+00
1.826388888888888784e-01 0.000000000000000000e+00
1.833333333333333481e-01 0.000000000000000000e+00
1.840277777777777901e-01 0.000000000000000000e+00
1.847222222222222321e-01 0.000000000000000000e+00
1.854166666666666741e-01 0.000000000000000000e+00
1.861111111111111160e-01 0.000000000000000000e+00
1.868055555555555580e-01 0.000000000000000000e+00
1.875000000000000000e-01 0.000000000000000000e+00
1.881944444444444420e-01 0.000000000000000000e+00
1.888888888888888840e-01 0.000000000000000000e+00
1.895833333333333259e-01 0.000000000000000000e+00
1.902777777777777679e-01 0.000000000000000000e+00
1.909722222222222099e-01 0.000000000000000000e+00
1.916666666666666519e-01 0.000000000000000000e+00
1.923611111111110938e-01 0.000000000000000000e+00
1.930555555555555636e-01 0.000000000000000000e+00
1.937500000000000056e-01 0.000000000000000000e+00
1.944444444444444475e-01 0.000000000000000000e+00
1.951388888888888895e-01 0.000000000000000000e+00
1.958333333333333315e-01 0.000000000000000000e+00
1.965277777777777735e-01 0.000000000000000000e+00
1.972222222222222154e-01 0.000000000000000000e+00
1.979166666666666574e-01 0.000000000000000000e+00
1.986111111111110994e-01 0.000000000000000000e+00
1.993055555555555414e-01 0.000000000000000000e+00
1.999999999999999833e-01 0.000000000000000000e+00
2.006944444444444253e-01 0.000000000000000000e+00
2.013888888888888673e-01 0.000000000000000000e+00
2.020833333333333093e-01 0.000000000000000000e+00
2.027777777777777513e-01 0.000000000000000000e+00
2.034722222222222487e-01 0.000000000000000000e+00
2.041666666666666907e-01 0.000000000000000000e+00
2.048611111111111327e-01 0.000000000000000000e+00
2.055555555555555747e-01 0.000000000000000000e+00
2.062500000000000167e-01 0.000000000000000000e+00
2.069444444444444586e-01 0.000000000000000000e+00
2.076388888888889006e-01 0.000000000000000000e+00
2.083333333333333426e-01 0.000000000000000000e+00
2.090277777777777846e-01 0.000000000000000000e+00
2.097222222222222265e-01 0.000000000000000000e+00
2.104166666666666685e-01 0.000000000000000000e+00
2.111111111111111105e-01 0.000000000000000000e+00
2.118055555555555525e-01 0.000000000000000000e+00
2.124999999999999944e-01 0.000000000000000000e+00
2.131944444444444364e-01 0.000000000000000000e+00
2.138888888888889062e-01 0.000000000000000000e+00
2.145833333333333481e-01 0.000000000000000000e+00
2.152777777777777901e-01 0.000000000000000000e+00
2.159722222222222321e-01 0.000000000000000000e+00
2.166666666666666741e-01 0.000000000000000000e+00
2.173611111111111160e-01 0.000000000000000000e+00
2.180555555555555580e-01 0.000000000000000000e+00
2.187500000000000000e-01 0.000000000000000000e+00
2.194444444444444420e-01 0.000000000000000000e+00
2.201388888888888840e-01 0.000000000000000000e+00
2.208333333333333259e-01 0.000000000000000000e+00
2.215277777777777679e-01 0.000000000000000000e+00
2.222222222222222099e-01 0.000000000000000000e+00
2.229166666666666519e-01 0.000000000000000000e+00
2.236111111111110938e-01 0.000000000000000000e+00
2.243055555555555636e-01 0.000000000000000000e+00
2.250000000000000056e-01 0.000000000000000000e+00
2.256944444444444475e-01 0.000000000000000000e+00
2.263888888888888895e-01 0.000000000000000000e+00
2.270833333333333315e-01 0.000000000000000000e+00
2.277777777777777735e-01 0.000000000000000000e+00
2.284722222222222154e-01 0.000000000000000000e+00
2.291666666666666574e-01 0.000000000000000000e+00
2.298611111111110994e-01 0.000000000000000000e+00
2.305555555555555414e-01 0.000000000000000000e+00
2.312499999999999833e-01 0.000000000000000000e+00
2.319444444444444253e-01 0.000000000000000000e+00
2.326388888888888673e-01 0.000000000000000000e+00
2.333333333333333093e-01 0.000000000000000000e+00
2.340277777777777513e-01 0.000000000000000000e+00
2.347222222222222487e-01 0.000000000000000000e+00
2.354166666666666907e-01 0.000000000000000000e+00
2.361111111111111327e-01 0.000000000000000000e+00
2.368055555555555747e-01 0.000000000000000000e+00
2.375000000000000167e-01 0.000000000000000000e+00
2.381944444444444586e-01 0.000000000000000000e+00
2.388888888888889006e-01 0.000000000000000000e+00
2.395833333333333426e-01 0.000000000000000000e+00
2.402777777777777846e-01 0.000000000000000000e+00
2.409722222222222265e-01 0.000000000000000000e+00
2.416666666666666685e-01 0.000000000000000000e+00
2.423611111111111105e-01 0.000000000000000000e+00
2.430555555555555525e-01 0.000000000000000000e+00
2.437499999999999944e-01 0.000000000000000000e+00
2.444444444444444364e-01 0.000000000000000000e+00
2.451388888888889062e-01 0.000000000000000000e+00
2.458333333333333481e-01 0.000000000000000000e+00
2.465277777777777901e-01 0.000000000000000000e+00
2.472222222222222321e-01 3.799999999999998258e-03
2.479166666666666741e-01 7.599999999999996515e-03
2.486111111111111160e-01 1.139999999999999174e-02
2.493055555555555580e-01 1.519999999999999303e-02
2.500000000000000000e-01 1.900000000000000300e-02
2.506944444444444420e-01 1.960000000000000631e-02
2.513888888888888840e-01 2.019999999999998880e-02
2.520833333333333259e-01 2.080000000000001986e-02
2.527777777777777679e-01 2.139999999999998848e-02
2.534722222222222099e-01 2.200000000000000566e-02
2.541666666666666519e-01 2.439999999999995298e-02
2.548611111111110938e-01 2.679999999999992805e-02
2.555555555555555913e-01 2.920000000000003496e-02
2.562500000000000333e-01 3.160000000000000309e-02
2.569444444444444753e-01 3.399999999999999550e-02
2.576388888888889173e-01 4.420000000000003787e-02
2.583333333333333592e-01 5.439999999999995534e-02
2.590277777777778012e-01 6.460000000000000464e-02
2.597222222222222432e-01 7.479999999999994986e-02
2.604166666666666852e-01 8.500000000000004774e-02
2.611111111111111271e-01 9.600000000000004363e-02
2.618055555555555691e-01 1.069999999999999285e-01
2.625000000000000111e-01 1.180000000000001187e-01
2.631944444444444531e-01 1.289999999999999203e-01
2.638888888888888951e-01 1.400000000000000133e-01
2.645833333333333370e-01 1.357999999999999763e-01
2.652777777777777790e-01 1.316000000000000503e-01
2.659722222222222210e-01 1.273999999999999577e-01
2.666666666666666630e-01 1.232000000000000178e-01
2.673611111111111049e-01 1.189999999999999392e-01
2.680555555555555469e-01 1.372000000000000164e-01
2.687499999999999889e-01 1.554000000000000659e-01
2.694444444444444309e-01 1.735999999999999210e-01
2.701388888888888729e-01 1.917999999999998317e-01
2.708333333333333148e-01 2.099999999999999090e-01
2.715277777777777568e-01 1.930000000000001714e-01
2.722222222222221988e-01 1.760000000000000453e-01
2.729166666666666408e-01 1.589999999999999192e-01
2.736111111111110827e-01 1.419999999999999596e-01
2.743055555555555247e-01 1.249999999999999584e-01
2.749999999999999667e-01 1.348000000000000032e-01
2.756944444444444087e-01 1.445999999999997288e-01
2.763888888888889062e-01 1.544000000000002870e-01
2.770833333333332926e-01 1.641999999999991522e-01
2.777777777777777901e-01 1.740000000000000990e-01
2.784722222222222321e-01 1.758000000000002061e-01
2.791666666666666741e-01 1.776000000000001466e-01
2.798611111111111160e-01 1.794000000000001149e-01
2.805555555555555580e-01 1.812000000000000555e-01
2.812500000000000000e-01 1.829999999999999682e-01
2.819444444444444420e-01 2.389999999999998237e-01
2.826388888888888840e-01 2.950000000000000955e-01
2.833333333333333259e-01 3.509999999999997011e-01
2.840277777777777679e-01 4.070000000000001950e-01
2.847222222222222099e-01 4.630000000000000226e-01
2.854166666666666519e-01 4.673999999999998156e-01
2.861111111111110938e-01 4.718000000000003302e-01
2.868055555555555913e-01 4.761999999999998456e-01
2.874999999999999223e-01 4.806000000000001382e-01
2.881944444444444753e-01 4.849999999999995981e-01
2.888888888888889173e-01 4.345999999999999863e-01
2.895833333333333592e-01 3.842000000000003190e-01
2.902777777777778012e-01 3.337999999999996525e-01
2.909722222222222432e-01 2.834000000000000408e-01
2.916666666666666852e-01 2.329999999999998184e-01
2.923611111111111271e-01 2.914000000000002144e-01
2.930555555555555691e-01 3.498000000000002219e-01
2.937500000000000111e-01 4.082000000000005069e-01
2.944444444444444531e-01 4.666000000000005699e-01
2.951388888888888951e-01 5.250000000000003553e-01
2.958333333333333370e-01 5.286000000000002919e-01
2.965277777777777790e-01 5.322000000000003395e-01
2.972222222222222210e-01 5.358000000000001650e-01
2.979166666666666075e-01 5.393999999999997685e-01
2.986111111111111049e-01 5.429999999999998161e-01
2.993055555555555469e-01 5.463999999999997748e-01
2.999999999999999889e-01 5.497999999999998444e-01
3.006944444444444309e-01 5.531999999999999140e-01
3.013888888888888729e-01 5.565999999999998726e-01
3.020833333333333148e-01 5.600000000000000533e-01
3.027777777777777568e-01 5.632000000000001450e-01
3.034722222222221988e-01 5.664000000000003476e-01
3.041666666666666408e-01 5.696000000000002172e-01
3.048611111111110827e-01 5.728000000000001979e-01
3.055555555555555247e-01 5.760000000000001785e-01
3.062499999999999667e-01 5.792000000000004922e-01
3.069444444444444087e-01 5.823999999999996957e-01
3.076388888888889062e-01 5.856000000000001204e-01
3.083333333333332926e-01 5.887999999999995460e-01
3.090277777777777901e-01 5.919999999999996376e-01
3.097222222222222321e-01 5.947999999999997733e-01
3.104166666666666741e-01 5.976000000000002421e-01
3.111111111111111160e-01 6.004000000000002668e-01
3.118055555555555580e-01 6.032000000000004025e-01
3.125000000000000000e-01 6.059999999999996501e-01
3.131944444444444420e-01 6.146000000000002572e-01
3.138888888888888840e-01 6.231999999999996431e-01
3.145833333333333259e-01 6.318000000000002503e-01
3.152777777777777679e-01 6.403999999999997472e-01
3.159722222222222099e-01 6.490000000000003544e-01
3.166666666666666519e-01 6.514000000000005342e-01
3.173611111111110938e-01 6.537999999999993817e-01
3.180555555555555913e-01 6.562000000000000055e-01
3.187499999999999223e-01 6.586000000000004073e-01
3.194444444444444753e-01 6.609999999999995879e-01
3.201388888888889173e-01 6.633999999999998787e-01
3.208333333333333592e-01 6.658000000000003915e-01
3.215277777777778012e-01 6.682000000000000162e-01
3.222222222222222432e-01 6.705999999999994188e-01
3.229166666666666852e-01 6.730000000000003757e-01
3.236111111111111271e-01 6.754000000000004444e-01
3.243055555555555691e-01 6.777999999999992919e-01
3.250000000000000111e-01 6.802000000000000268e-01
3.256944444444444531e-01 6.826000000000004286e-01
3.263888888888888951e-01 6.849999999999994982e-01
3.270833333333333370e-01 6.870000000000002771e-01
3.277777777777777790e-01 6.890000000000002789e-01
3.284722222222222210e-01 6.909999999999996145e-01
3.291666666666666075e-01 6.930000000000005045e-01
3.298611111111111049e-01 6.949999999999992850e-01
3.305555555555555469e-01 6.970000000000002860e-01
3.312499999999999889e-01 6.989999999999997327e-01
3.319444444444444309e-01 7.009999999999998455e-01
3.326388888888888729e-01 7.030000000000007354e-01
3.333333333333333148e-01 7.049999999999992939e-01
3.340277777777777568e-01 7.070000000000002949e-01
3.347222222222221988e-01 7.089999999999995195e-01
3.354166666666666963e-01 7.110000000000000764e-01
3.361111111111110827e-01 7.129999999999998561e-01
3.368055555555555802e-01 7.149999999999996358e-01
3.374999999999999667e-01 7.168000000000006589e-01
3.381944444444444642e-01 7.185999999999994614e-01
3.388888888888888506e-01 7.204000000000004844e-01
3.395833333333333481e-01 7.221999999999993980e-01
3.402777777777777346e-01 7.240000000000005320e-01
3.409722222222222321e-01 7.257999999999993346e-01
3.416666666666666186e-01 7.276000000000004686e-01
3.423611111111111160e-01 7.293999999999994932e-01
3.430555555555555025e-01 7.312000000000005162e-01
3.437500000000000000e-01 7.329999999999994298e-01
3.444444444444443865e-01 7.346000000000005858e-01
3.451388888888888840e-01 7.361999999999991884e-01
3.458333333333333814e-01 7.378000000000006775e-01
3.465277777777777679e-01 7.393999999999992800e-01
3.472222222222222654e-01 7.410000000000005471e-01
3.479166666666666519e-01 7.425999999999994827e-01
3.486111111111111494e-01 7.442000000000008608e-01
3.493055555555555358e-01 7.457999999999997964e-01
3.500000000000000333e-01 7.474000000000000643e-01
3.506944444444444198e-01 7.489999999999999991e-01
3.513888888888889173e-01 7.505999999999998229e-01
3.520833333333333037e-01 7.522000000000000908e-01
3.527777777777778012e-01 7.537999999999996925e-01
3.534722222222221877e-01 7.554000000000002935e-01
3.541666666666666852e-01 7.569999999999993401e-01
3.548611111111110716e-01 7.616000000000004988e-01
3.555555555555555691e-01 7.661999999999997701e-01
3.562500000000000111e-01 7.707999999999993745e-01
3.569444444444444531e-01 7.754000000000005333e-01
3.576388888888888951e-01 7.799999999999999156e-01
3.583333333333333370e-01 7.811999999999991173e-01
3.590277777777777790e-01 7.824000000000009836e-01
3.597222222222222210e-01 7.835999999999996302e-01
3.604166666666666630e-01 7.847999999999993870e-01
3.611111111111111049e-01 7.860000000000005871e-01
3.618055555555555469e-01 7.873999999999994337e-01
3.624999999999999889e-01 7.888000000000003897e-01
3.631944444444444309e-01 7.902000000000000135e-01
3.638888888888888729e-01 7.915999999999989711e-01
3.645833333333333148e-01 7.930000000000007043e-01
3.652777777777777568e-01 6.770000000000077067e-01
3.659722222222221988e-01 5.610000000000027187e-01
3.666666666666666963e-01 4.449999999999972311e-01
3.673611111111110827e-01 3.290000000000051772e-01
3.680555555555555802e-01 2.129999999999999949e-01
3.687499999999999667e-01 3.311999999999952760e-01
3.694444444444444642e-01 4.494000000000021311e-01
3.701388888888888506e-01 5.675999999999978840e-01
3.708333333333333481e-01 6.858000000000045171e-01
3.715277777777777346e-01 8.040000000000000480e-01
3.722222222222222321e-01 8.051999999999992497e-01
3.729166666666666186e-01 8.064000000000007828e-01
3.736111111111111160e-01 8.075999999999998735e-01
3.743055555555555025e-01 8.087999999999994083e-01
3.750000000000000000e-01 8.100000000000008304e-01
3.756944444444443865e-01 8.109999999999997211e-01
3.763888888888888840e-01 8.119999999999992779e-01
3.770833333333333814e-01 8.130000000000009441e-01
3.777777777777777679e-01 8.140000000000002789e-01
3.784722222222222654e-01 8.149999999999991696e-01
3.791666666666666519e-01 8.160000000000002807e-01
3.798611111111111494e-01 8.170000000000007256e-01
3.805555555555555358e-01 8.179999999999997273e-01
3.812500000000000333e-01 8.189999999999990621e-01
3.819444444444444198e-01 8.200000000000008393e-01
3.826388888888889173e-01 8.210000000000001741e-01
3.833333333333333037e-01 8.219999999999990647e-01
3.840277777777778012e-01 8.230000000000008420e-01
3.847222222222221877e-01 8.240000000000006208e-01
3.854166666666666852e-01 8.249999999999995115e-01
3.861111111111111271e-01 8.259999999999994014e-01
3.868055555555555691e-01 8.270000000000008455e-01
3.875000000000000111e-01 8.279999999999998472e-01
3.881944444444444531e-01 8.289999999999991820e-01
3.888888888888888951e-01 8.300000000000004041e-01
3.895833333333333370e-01 8.308000000000006491e-01
3.902777777777777790e-01 8.315999999999998948e-01
3.909722222222222210e-01 8.323999999999992516e-01
3.916666666666666630e-01 8.332000000000002737e-01
3.923611111111111049e-01 8.340000000000009628e-01
3.930555555555555469e-01 8.348000000000000975e-01
3.937499999999999889e-01 8.355999999999992323e-01
3.944444444444444309e-01 8.363999999999995882e-01
3.951388888888888729e-01 8.372000000000009434e-01
3.958333333333333148e-01 8.380000000000003002e-01
3.965277777777778123e-01 8.395999999999995689e-01
3.972222222222221988e-01 8.412000000000006139e-01
3.979166666666666963e-01 8.427999999999996605e-01
3.986111111111110827e-01 8.444000000000008166e-01
3.993055555555555802e-01 8.459999999999991971e-01
3.999999999999999667e-01 8.472000000000005082e-01
4.006944444444444642e-01 8.484000000000000430e-01
4.013888888888888506e-01 8.495999999999992447e-01
4.020833333333333481e-01 8.508000000000008889e-01
4.027777777777777346e-01 8.519999999999999796e-01
4.034722222222222321e-01 8.525999999999994694e-01
4.041666666666666186e-01 8.531999999999994033e-01
4.048611111111111160e-01 8.538000000000001144e-01
4.055555555555555025e-01 8.544000000000009365e-01
4.062500000000000000e-01 8.550000000000005373e-01
4.069444444444444975e-01 8.557999999999995611e-01
4.076388888888888840e-01 8.565999999999992509e-01
4.083333333333333814e-01 8.574000000000008281e-01
4.090277777777777679e-01 8.582000000000007400e-01
4.097222222222222654e-01 8.589999999999999858e-01
4.104166666666666519e-01 8.595999999999993646e-01
4.111111111111111494e-01 8.601999999999992985e-01
4.118055555555555358e-01 8.608000000000004537e-01
4.125000000000000333e-01 8.614000000000007207e-01
4.131944444444444198e-01 8.620000000000003215e-01
4.138888888888889173e-01 8.625999999999997003e-01
4.145833333333333037e-01 8.631999999999989681e-01
4.152777777777778012e-01 8.637999999999994571e-01
4.159722222222221877e-01 8.644000000000003903e-01
4.166666666666666852e-01 8.650000000000009903e-01
4.173611111111111271e-01 8.656000000000001471e-01
4.180555555555555691e-01 8.661999999999996369e-01
4.187500000000000111e-01 8.667999999999992378e-01
4.194444444444444531e-01 8.673999999999995048e-01
4.201388888888888951e-01 8.680000000000007709e-01
4.208333333333333370e-01 8.686000000000005938e-01
4.215277777777777790e-01 8.691999999999999726e-01
4.222222222222222210e-01 8.697999999999992404e-01
4.229166666666666630e-01 8.703999999999992854e-01
4.236111111111111049e-01 8.710000000000001075e-01
4.243055555555555469e-01 8.716000000000009296e-01
4.249999999999999889e-01 8.722000000000006414e-01
4.256944444444444309e-01 8.727999999999997982e-01
4.263888888888888729e-01 8.733999999999990660e-01
4.270833333333333148e-01 8.739999999999994440e-01
4.277777777777778123e-01 8.744000000000000661e-01
4.284722222222221988e-01 8.748000000000010212e-01
4.291666666666666963e-01 8.752000000000010882e-01
4.298611111111110827e-01 8.756000000000006001e-01
4.305555555555555802e-01 8.760000000000001119e-01
4.312499999999999667e-01 8.765999999999994907e-01
4.319444444444444642e-01 8.771999999999993136e-01
4.326388888888888506e-01 8.777999999999995806e-01
4.333333333333333481e-01 8.784000000000009578e-01
4.340277777777777346e-01 8.790000000000005587e-01
4.347222222222222321e-01 8.794000000000000705e-01
4.354166666666666186e-01 8.797999999999998044e-01
4.361111111111111160e-01 8.801999999999990942e-01
4.368055555555555025e-01 8.805999999999993832e-01
4.375000000000000000e-01 8.809999999999994502e-01
4.381944444444444975e-01 8.807999999999991392e-01
4.388888888888888840e-01 8.805999999999993832e-01
4.395833333333333814e-01 8.803999999999990722e-01
4.402777777777777679e-01 8.801999999999990942e-01
4.409722222222222654e-01 8.799999999999994493e-01
4.416666666666666519e-01 8.803999999999994053e-01
4.423611111111111494e-01 8.807999999999991392e-01
4.430555555555555358e-01 8.812000000000002053e-01
4.437500000000000333e-01 8.816000000000009384e-01
4.444444444444444198e-01 8.820000000000008944e-01
4.451388888888889173e-01 8.824000000000006283e-01
4.458333333333333037e-01 8.827999999999999181e-01
4.465277777777778012e-01 8.831999999999996520e-01
4.472222222222221877e-01 8.835999999999991639e-01
4.479166666666666852e-01 8.839999999999992308e-01
4.486111111111111271e-01 8.845999999999993868e-01
4.493055555555555691e-01 8.852000000000009861e-01
4.500000000000000111e-01 8.858000000000006979e-01
4.506944444444444531e-01 8.864000000000000767e-01
4.513888888888888951e-01 8.869999999999993445e-01
4.520833333333333370e-01 8.873999999999993005e-01
4.527777777777777790e-01 8.877999999999994785e-01
4.534722222222222210e-01 8.882000000000001005e-01
4.541666666666666630e-01 8.886000000000008336e-01
4.548611111111111049e-01 8.890000000000010116e-01
4.555555555555555469e-01 8.894000000000004125e-01
4.562499999999999889e-01 8.897999999999999243e-01
4.569444444444444309e-01 8.901999999999995472e-01
4.576388888888888729e-01 8.905999999999990591e-01
4.583333333333333148e-01 8.909999999999993481e-01
4.590277777777778123e-01 8.911999999999994371e-01
4.597222222222221988e-01 8.913999999999996371e-01
4.604166666666666963e-01 8.916000000000001702e-01
4.611111111111110827e-01 8.918000000000004812e-01
4.618055555555555802e-01 8.920000000000009033e-01
4.624999999999999667e-01 8.924000000000008592e-01
4.631944444444444642e-01 8.928000000000003711e-01
4.638888888888888506e-01 8.931999999999999940e-01
4.645833333333333481e-01 8.935999999999996168e-01
4.652777777777777346e-01 8.939999999999990177e-01
4.659722222222222321e-01 8.941999999999994397e-01
4.666666666666666186e-01 8.943999999999993067e-01
4.673611111111111160e-01 8.945999999999997288e-01
4.680555555555555025e-01 8.947999999999994847e-01
4.687500000000000000e-01 8.950000000000001288e-01
4.694444444444444975e-01 8.952000000000007729e-01
4.701388888888888840e-01 8.954000000000010839e-01
4.708333333333333814e-01 8.956000000000010619e-01
4.715277777777777679e-01 8.958000000000009289e-01
4.722222222222222654e-01 8.960000000000007958e-01
4.729166666666666519e-01 8.962000000000005517e-01
4.736111111111111494e-01 8.964000000000001966e-01
4.743055555555555358e-01 8.965999999999998415e-01
4.750000000000000333e-01 8.967999999999998195e-01
4.756944444444444198e-01 8.969999999999996865e-01
4.763888888888889173e-01 8.971999999999993314e-01
4.770833333333333037e-01 8.973999999999991983e-01
4.777777777777778012e-01 8.975999999999995094e-01
4.784722222222221877e-01 8.977999999999993763e-01
4.791666666666666852e-01 8.979999999999995763e-01
4.798611111111111271e-01 8.977999999999993763e-01
4.805555555555555691e-01 8.975999999999991763e-01
4.812500000000000111e-01 8.973999999999991983e-01
4.819444444444444531e-01 8.971999999999993314e-01
4.826388888888888951e-01 8.969999999999996865e-01
4.833333333333333370e-01 8.971999999999993314e-01
4.840277777777777790e-01 8.973999999999991983e-01
4.847222222222222210e-01 8.975999999999995094e-01
4.854166666666666630e-01 8.977999999999993763e-01
4.861111111111111049e-01 8.979999999999995763e-01
4.868055555555555469e-01 8.986000000000002874e-01
4.874999999999999889e-01 8.992000000000007764e-01
4.881944444444444309e-01 8.998000000000002663e-01
4.888888888888888729e-01 9.003999999999997561e-01
4.895833333333333148e-01 9.009999999999991349e-01
4.902777777777778123e-01 9.009999999999991349e-01
4.909722222222221988e-01 9.009999999999991349e-01
4.916666666666666963e-01 9.009999999999991349e-01
4.923611111111110827e-01 9.009999999999991349e-01
4.930555555555555802e-01 9.009999999999991349e-01
4.937499999999999667e-01 9.011999999999993349e-01
4.944444444444444642e-01 9.013999999999990909e-01
4.951388888888888506e-01 9.015999999999991799e-01
4.958333333333333481e-01 9.017999999999996019e-01
4.965277777777777346e-01 9.020000000000000240e-01
4.972222222222222321e-01 9.020000000000000240e-01
4.979166666666666186e-01 9.020000000000000240e-01
4.986111111111111160e-01 9.020000000000000240e-01
4.993055555555555025e-01 9.020000000000000240e-01
5.000000000000000000e-01 9.020000000000000240e-01
5.006944444444444420e-01 9.020000000000000240e-01
5.013888888888888840e-01 9.020000000000000240e-01
5.020833333333333259e-01 9.020000000000000240e-01
5.027777777777777679e-01 9.020000000000000240e-01
5.034722222222222099e-01 9.020000000000000240e-01
5.041666666666666519e-01 9.022000000000010012e-01
5.048611111111110938e-01 9.024000000000009791e-01
5.055555555555555358e-01 9.026000000000008461e-01
5.062499999999999778e-01 9.028000000000008241e-01
5.069444444444444198e-01 9.030000000000005800e-01
5.076388888888888618e-01 9.030000000000005800e-01
5.083333333333333037e-01 9.030000000000005800e-01
5.090277777777777457e-01 9.030000000000005800e-01
5.097222222222221877e-01 9.030000000000005800e-01
5.104166666666666297e-01 9.030000000000005800e-01
5.111111111111111827e-01 9.030000000000005800e-01
5.118055555555555136e-01 9.030000000000005800e-01
5.125000000000000666e-01 9.030000000000005800e-01
5.131944444444443976e-01 9.030000000000005800e-01
5.138888888888889506e-01 9.030000000000005800e-01
5.145833333333332815e-01 9.030000000000005800e-01
5.152777777777778345e-01 9.030000000000005800e-01
5.159722222222221655e-01 9.030000000000005800e-01
5.166666666666667185e-01 9.030000000000005800e-01
5.173611111111110494e-01 9.030000000000005800e-01
5.180555555555556024e-01 9.030000000000005800e-01
5.187499999999999334e-01 9.030000000000005800e-01
5.194444444444444864e-01 9.030000000000005800e-01
5.201388888888888173e-01 9.030000000000005800e-01
5.208333333333333703e-01 9.030000000000005800e-01
5.215277777777778123e-01 9.015999999999991799e-01
5.222222222222222543e-01 9.002000000000000002e-01
5.229166666666666963e-01 8.988000000000009315e-01
5.236111111111111382e-01 8.973999999999991983e-01
5.243055555555555802e-01 8.960000000000007958e-01
5.250000000000000222e-01 8.960000000000007958e-01
5.256944444444444642e-01 8.960000000000007958e-01
5.263888888888889062e-01 8.960000000000007958e-01
5.270833333333333481e-01 8.960000000000006848e-01
5.277777777777777901e-01 8.960000000000007958e-01
5.284722222222222321e-01 8.958000000000009289e-01
5.291666666666666741e-01 8.956000000000010619e-01
5.298611111111111160e-01 8.954000000000010839e-01
5.305555555555555580e-01 8.952000000000007729e-01
5.312500000000000000e-01 8.950000000000001288e-01
5.319444444444444420e-01 8.952000000000007729e-01
5.326388888888888840e-01 8.954000000000010839e-01
5.333333333333333259e-01 8.956000000000010619e-01
5.340277777777777679e-01 8.958000000000009289e-01
5.347222222222222099e-01 8.960000000000007958e-01
5.354166666666666519e-01 8.960000000000007958e-01
5.361111111111110938e-01 8.960000000000007958e-01
5.368055555555555358e-01 8.960000000000007958e-01
5.374999999999999778e-01 8.960000000000006848e-01
5.381944444444444198e-01 8.960000000000007958e-01
5.388888888888888618e-01 8.958000000000009289e-01
5.395833333333333037e-01 8.956000000000010619e-01
5.402777777777777457e-01 8.954000000000010839e-01
5.409722222222221877e-01 8.952000000000007729e-01
5.416666666666666297e-01 8.950000000000001288e-01
5.423611111111111827e-01 8.947999999999994847e-01
5.430555555555555136e-01 8.945999999999995067e-01
5.437499999999998446e-01 8.943999999999994177e-01
5.444444444444443976e-01 8.941999999999994397e-01
5.451388888888889506e-01 8.939999999999990177e-01
5.458333333333332815e-01 8.937999999999992617e-01
5.465277777777778345e-01 8.935999999999998389e-01
5.472222222222221655e-01 8.933999999999998609e-01
5.479166666666667185e-01 8.931999999999998829e-01
5.486111111111110494e-01 8.930000000000002380e-01
5.493055555555556024e-01 8.928000000000003711e-01
5.499999999999999334e-01 8.926000000000007262e-01
5.506944444444444864e-01 8.924000000000008592e-01
5.513888888888888173e-01 8.922000000000009923e-01
5.520833333333333703e-01 8.920000000000009033e-01
5.527777777777778123e-01 8.918000000000004812e-01
5.534722222222222543e-01 8.916000000000000592e-01
5.541666666666665853e-01 8.913999999999996371e-01
5.548611111111111382e-01 8.911999999999994371e-01
5.555555555555555802e-01 8.909999999999993481e-01
5.562500000000000222e-01 8.907999999999993701e-01
5.569444444444444642e-01 8.905999999999990591e-01
5.576388888888889062e-01 8.903999999999994142e-01
5.583333333333333481e-01 8.901999999999995472e-01
5.590277777777777901e-01 8.899999999999999023e-01
5.597222222222222321e-01 8.896000000000001684e-01
5.604166666666666741e-01 8.892000000000007676e-01
5.611111111111111160e-01 8.888000000000008116e-01
5.618055555555555580e-01 8.884000000000005226e-01
5.625000000000000000e-01 8.879999999999994564e-01
5.631944444444444420e-01 8.867999999999994776e-01
5.638888888888888840e-01 8.856000000000009420e-01
5.645833333333332149e-01 8.843999999999997419e-01
5.652777777777777679e-01 8.831999999999996520e-01
5.659722222222222099e-01 8.820000000000008944e-01
5.666666666666666519e-01 8.816000000000009384e-01
5.673611111111110938e-01 8.812000000000002053e-01
5.680555555555555358e-01 8.807999999999991392e-01
5.687499999999999778e-01 8.803999999999990722e-01
5.694444444444444198e-01 8.799999999999994493e-01
5.701388888888888618e-01 8.795999999999998264e-01
5.708333333333333037e-01 8.792000000000004256e-01
5.715277777777777457e-01 8.788000000000009138e-01
5.722222222222221877e-01 8.784000000000009578e-01
5.729166666666666297e-01 8.780000000000005578e-01
5.736111111111111827e-01 8.775999999999993806e-01
5.743055555555555136e-01 8.771999999999993136e-01
5.749999999999998446e-01 8.767999999999992466e-01
5.756944444444443976e-01 8.763999999999996238e-01
5.763888888888889506e-01 8.760000000000001119e-01
5.770833333333332815e-01 8.756000000000006001e-01
5.777777777777778345e-01 8.752000000000010882e-01
5.784722222222221655e-01 8.748000000000010212e-01
5.791666666666667185e-01 8.744000000000000661e-01
5.798611111111110494e-01 8.739999999999994440e-01
5.805555555555556024e-01 8.735999999999993770e-01
5.812499999999999334e-01 8.731999999999993101e-01
5.819444444444444864e-01 8.727999999999999092e-01
5.826388888888888173e-01 8.724000000000002863e-01
5.833333333333333703e-01 8.720000000000007745e-01
5.840277777777778123e-01 8.716000000000009296e-01
5.847222222222222543e-01 8.712000000000006406e-01
5.854166666666665853e-01 8.707999999999995744e-01
5.861111111111111382e-01 8.703999999999992854e-01
5.868055555555555802e-01 8.699999999999991074e-01
5.875000000000000222e-01 8.695999999999995955e-01
5.881944444444444642e-01 8.691999999999999726e-01
5.888888888888889062e-01 8.688000000000004608e-01
5.895833333333333481e-01 8.684000000000008379e-01
5.902777777777777901e-01 8.680000000000007709e-01
5.909722222222222321e-01 8.673999999999995048e-01
5.916666666666666741e-01 8.667999999999992378e-01
5.923611111111111160e-01 8.661999999999996369e-01
5.930555555555555580e-01 8.656000000000001471e-01
5.937500000000000000e-01 8.650000000000009903e-01
5.944444444444444420e-01 8.646000000000008123e-01
5.951388888888888840e-01 8.642000000000000792e-01
5.958333333333332149e-01 8.637999999999994571e-01
5.965277777777777679e-01 8.633999999999993902e-01
5.972222222222222099e-01 8.629999999999992122e-01
5.979166666666666519e-01 8.624000000000000554e-01
5.986111111111110938e-01 8.618000000000006766e-01
5.993055555555555358e-01 8.612000000000010758e-01
5.999999999999999778e-01 8.605999999999995875e-01
6.006944444444444198e-01 8.599999999999994316e-01
6.013888888888888618e-01 8.593999999999992756e-01
6.020833333333333037e-01 8.588000000000001188e-01
6.027777777777777457e-01 8.582000000000008511e-01
6.034722222222221877e-01 8.576000000000011392e-01
6.041666666666666297e-01 8.569999999999992069e-01
6.048611111111111827e-01 8.572000000000001840e-01
6.055555555555555136e-01 8.574000000000002730e-01
6.062499999999998446e-01 8.576000000000008061e-01
6.069444444444443976e-01 8.578000000000010061e-01
6.076388888888889506e-01 8.580000000000009841e-01
6.083333333333332815e-01 8.574000000000002730e-01
6.090277777777778345e-01 8.567999999999994509e-01
6.097222222222221655e-01 8.561999999999992950e-01
6.104166666666667185e-01 8.556000000000000272e-01
6.111111111111110494e-01 8.550000000000005373e-01
6.118055555555556024e-01 8.542000000000006255e-01
6.124999999999999334e-01 8.533999999999993813e-01
6.131944444444444864e-01 8.525999999999994694e-01
6.138888888888888173e-01 8.518000000000002236e-01
6.145833333333333703e-01 8.510000000000008669e-01
6.152777777777778123e-01 8.504000000000000448e-01
6.159722222222222543e-01 8.497999999999991116e-01
6.166666666666665853e-01 8.491999999999995108e-01
6.173611111111111382e-01 8.486000000000001320e-01
6.180555555555555802e-01 8.480000000000006422e-01
6.187500000000000222e-01 8.472000000000005082e-01
6.194444444444444642e-01 8.463999999999992641e-01
6.201388888888889062e-01 8.455999999999994632e-01
6.208333333333333481e-01 8.448000000000003284e-01
6.215277777777777901e-01 8.440000000000007496e-01
6.222222222222222321e-01 8.431999999999992834e-01
6.229166666666666741e-01 8.423999999999992605e-01
6.236111111111111160e-01 8.416000000000000147e-01
6.243055555555555580e-01 8.408000000000011021e-01
6.250000000000000000e-01 8.399999999999996358e-01
6.256944444444444420e-01 8.391999999999990578e-01
6.263888888888888840e-01 8.383999999999999231e-01
6.270833333333332149e-01 8.376000000000007883e-01
6.277777777777777679e-01 8.368000000000006544e-01
6.284722222222222099e-01 8.359999999999992992e-01
6.291666666666666519e-01 8.351999999999997204e-01
6.298611111111110938e-01 8.344000000000003636e-01
6.305555555555555358e-01 8.336000000000008958e-01
6.312499999999999778e-01 8.327999999999995406e-01
6.319444444444444198e-01 8.319999999999992957e-01
6.326388888888888618e-01 8.312000000000001609e-01
6.333333333333333037e-01 8.304000000000008042e-01
6.340277777777777457e-01 8.296000000000000041e-01
6.347222222222221877e-01 8.287999999999993150e-01
6.354166666666666297e-01 8.279999999999998472e-01
6.361111111111111827e-01 8.266000000000004455e-01
6.368055555555555136e-01 8.251999999999993785e-01
6.374999999999998446e-01 8.238000000000009759e-01
6.381944444444443976e-01 8.223999999999991317e-01
6.388888888888889506e-01 8.210000000000000631e-01
6.395833333333332815e-01 8.200000000000008393e-01
6.402777777777778345e-01 8.189999999999990621e-01
6.409722222222221655e-01 8.179999999999997273e-01
6.416666666666667185e-01 8.170000000000007256e-01
6.423611111111110494e-01 8.160000000000002807e-01
6.430555555555556024e-01 8.149999999999990585e-01
6.437499999999999334e-01 8.140000000000002789e-01
6.444444444444444864e-01 8.130000000000009441e-01
6.451388888888888173e-01 8.119999999999993889e-01
6.458333333333333703e-01 8.109999999999998321e-01
6.465277777777778123e-01 8.081999999999990303e-01
6.472222222222222543e-01 8.053999999999995607e-01
6.479166666666665853e-01 8.026000000000014234e-01
6.486111111111111382e-01 7.998000000000008436e-01
6.493055555555555802e-01 7.970000000000001528e-01
6.500000000000000222e-01 7.284000000000022679e-01
6.506944444444444642e-01 6.597999999999989429e-01
6.513888888888889062e-01 5.912000000000009470e-01
6.520833333333333481e-01 5.225999999999972889e-01
6.527777777777777901e-01 4.539999999999996816e-01
6.534722222222222321e-01 4.465999999999997749e-01
6.541666666666666741e-01 4.392000000000005344e-01
6.548611111111111160e-01 4.317999999999995175e-01
6.555555555555555580e-01 4.244000000000000550e-01
6.562500000000000000e-01 4.170000000000004814e-01
6.569444444444444420e-01 4.121999999999999553e-01
6.576388888888888840e-01 4.073999999999997623e-01
6.583333333333332149e-01 4.026000000000013457e-01
6.590277777777777679e-01 3.978000000000007641e-01
6.597222222222222099e-01 3.930000000000002935e-01
6.604166666666666519e-01 3.810000000000005604e-01
6.611111111111110938e-01 3.690000000000001057e-01
6.618055555555555358e-01 3.570000000000003726e-01
6.624999999999999778e-01 3.449999999999997513e-01
6.631944444444444198e-01 3.330000000000002958e-01
6.638888888888888618e-01 3.474000000000004307e-01
6.645833333333333037e-01 3.617999999999998995e-01
6.652777777777777457e-01 3.762000000000002009e-01
6.659722222222221877e-01 3.905999999999990036e-01
6.666666666666666297e-01 4.050000000000004152e-01
6.673611111111110716e-01 4.631999999999975026e-01
6.680555555555555136e-01 5.213999999999946455e-01
6.687500000000000666e-01 5.796000000000047780e-01
6.694444444444443976e-01 6.378000000000026981e-01
6.701388888888888395e-01 6.960000000000003961e-01
6.708333333333333925e-01 6.425999999999925105e-01
6.715277777777778345e-01 5.891999999999972815e-01
6.722222222222221655e-01 5.358000000000019414e-01
6.729166666666666075e-01 4.824000000000067123e-01
6.736111111111111605e-01 4.290000000000004921e-01
6.743055555555556024e-01 4.260000000000001008e-01
6.749999999999999334e-01 4.229999999999998761e-01
6.756944444444443754e-01 4.200000000000007061e-01
6.763888888888889284e-01 4.170000000000002038e-01
6.770833333333333703e-01 4.139999999999999236e-01
6.777777777777777013e-01 3.690000000000015490e-01
6.784722222222221433e-01 3.240000000000037850e-01
6.791666666666666963e-01 2.789999999999961400e-01
6.798611111111111382e-01 2.339999999999980707e-01
6.805555555555554692e-01 1.889999999999999736e-01
6.812500000000000222e-01 2.710000000000102327e-01
6.819444444444444642e-01 3.530000000000033111e-01
6.826388888888889062e-01 4.349999999999962230e-01
6.833333333333332371e-01 5.169999999999890239e-01
6.840277777777777901e-01 5.989999999999997549e-01
6.847222222222222321e-01 5.550000000000021583e-01
6.854166666666666741e-01 5.110000000000034515e-01
6.861111111111110050e-01 4.670000000000052998e-01
6.868055555555555580e-01 4.229999999999985438e-01
6.875000000000000000e-01 3.790000000000004476e-01
6.881944444444444420e-01 3.731999999999999762e-01
6.888888888888887729e-01 3.674000000000005040e-01
6.895833333333333259e-01 3.615999999999991443e-01
6.902777777777777679e-01 3.557999999999996166e-01
6.909722222222222099e-01 3.500000000000003664e-01
6.916666666666667629e-01 3.399999999999989697e-01
6.923611111111110938e-01 3.299999999999995715e-01
6.930555555555555358e-01 3.200000000000002842e-01
6.937499999999999778e-01 3.100000000000015521e-01
6.944444444444445308e-01 3.000000000000002109e-01
6.951388888888888618e-01 3.763999999999965151e-01
6.958333333333333037e-01 4.527999999999934855e-01
6.965277777777777457e-01 5.291999999999905668e-01
6.972222222222222987e-01 6.056000000000036909e-01
6.979166666666666297e-01 6.820000000000000506e-01
6.986111111111110716e-01 6.796000000000007590e-01
6.993055555555555136e-01 6.771999999999998021e-01
7.000000000000000666e-01 6.747999999999994003e-01
7.006944444444443976e-01 6.724000000000005528e-01
7.013888888888888395e-01 6.699999999999999289e-01
7.020833333333333925e-01 6.677999999999993941e-01
7.027777777777778345e-01 6.656000000000005246e-01
7.034722222222221655e-01 6.633999999999998787e-01
7.041666666666666075e-01 6.612000000000003430e-01
7.048611111111111605e-01 6.590000000000005853e-01
7.055555555555556024e-01 6.563999999999997614e-01
7.062499999999999334e-01 6.537999999999994927e-01
7.069444444444443754e-01 6.512000000000007782e-01
7.076388888888889284e-01 6.486000000000003984e-01
7.083333333333333703e-01 6.459999999999999076e-01
7.090277777777777013e-01 6.433999999999996389e-01
7.097222222222221433e-01 6.408000000000001473e-01
7.104166666666666963e-01 6.382000000000003226e-01
7.111111111111111382e-01 6.355999999999999428e-01
7.118055555555554692e-01 6.329999999999994520e-01
7.125000000000000222e-01 6.301999999999990942e-01
7.131944444444444642e-01 6.274000000000004018e-01
7.138888888888889062e-01 6.246000000000004881e-01
7.145833333333332371e-01 6.218000000000001304e-01
7.152777777777777901e-01 6.189999999999996616e-01
7.159722222222222321e-01 6.159999999999996589e-01
7.166666666666666741e-01 6.130000000000001004e-01
7.173611111111110050e-01 6.100000000000008749e-01
7.180555555555555580e-01 6.070000000000002061e-01
7.187500000000000000e-01 6.040000000000004254e-01
7.194444444444444420e-01 6.010000000000002007e-01
7.201388888888887729e-01 5.979999999999998650e-01
7.208333333333333259e-01 5.949999999999994182e-01
7.215277777777777679e-01 5.919999999999994156e-01
7.222222222222222099e-01 5.889999999999998570e-01
7.229166666666667629e-01 5.855999999999992323e-01
7.236111111111110938e-01 5.821999999999998288e-01
7.243055555555555358e-01 5.788000000000000922e-01
7.249999999999999778e-01 5.754000000000004666e-01
7.256944444444445308e-01 5.719999999999997309e-01
7.263888888888888618e-01 5.684000000000001274e-01
7.270833333333333037e-01 5.648000000000003018e-01
7.277777777777777457e-01 5.612000000000003652e-01
7.284722222222222987e-01 5.575999999999994294e-01
7.291666666666666297e-01 5.539999999999996039e-01
7.298611111111110716e-01 5.503999999999997783e-01
7.305555555555555136e-01 5.467999999999999527e-01
7.312500000000000666e-01 5.431999999999993500e-01
7.319444444444443976e-01 5.395999999999995245e-01
7.326388888888888395e-01 5.359999999999999210e-01
7.333333333333333925e-01 5.319999999999996954e-01
7.340277777777778345e-01 5.279999999999998028e-01
7.347222222222221655e-01 5.240000000000001323e-01
7.354166666666666075e-01 5.200000000000004619e-01
7.361111111111111605e-01 5.159999999999996811e-01
7.368055555555556024e-01 5.116000000000004988e-01
7.374999999999999334e-01 5.072000000000003173e-01
7.381944444444443754e-01 5.028000000000008018e-01
7.388888888888889284e-01 4.983999999999996766e-01
7.395833333333333703e-01 4.940000000000003277e-01
7.402777777777777013e-01 4.894000000000002792e-01
7.409722222222221433e-01 4.848000000000000642e-01
7.416666666666666963e-01 4.801999999999993496e-01
7.423611111111111382e-01 4.756000000000001893e-01
7.430555555555554692e-01 4.709999999999995857e-01
7.437500000000000222e-01 4.661999999999990596e-01
7.444444444444444642e-01 4.614000000000000323e-01
7.451388888888889062e-01 4.566000000000004500e-01
7.458333333333332371e-01 4.518000000000003125e-01
7.465277777777777901e-01 4.469999999999995088e-01
7.472222222222222321e-01 4.412000000000003141e-01
7.479166666666666741e-01 4.354000000000007309e-01
7.486111111111110050e-01 4.296000000000003149e-01
7.493055555555555580e-01 4.238000000000001766e-01
7.500000000000000000e-01 4.179999999999996496e-01
7.506944444444444420e-01 4.125999999999998558e-01
7.513888888888887729e-01 4.072000000000002284e-01
7.520833333333333259e-01 4.017999999999998240e-01
7.527777777777777679e-01 3.964000000000001966e-01
7.534722222222222099e-01 3.910000000000004583e-01
7.541666666666667629e-01 3.427999999999937208e-01
7.548611111111110938e-01 2.945999999999979191e-01
7.555555555555555358e-01 2.464000000000022006e-01
7.562499999999999778e-01 1.982000000000063711e-01
7.569444444444445308e-01 1.500000000000001055e-01
7.576388888888888618e-01 1.855999999999983496e-01
7.583333333333333037e-01 2.211999999999968713e-01
7.590277777777777457e-01 2.567999999999955318e-01
7.597222222222222987e-01 2.924000000000014365e-01
7.604166666666666297e-01 3.280000000000001248e-01
7.611111111111110716e-01 3.212000000000001521e-01
7.618055555555556246e-01 3.143999999999992911e-01
7.625000000000000666e-01 3.075999999999994849e-01
7.631944444444443976e-01 3.007999999999996232e-01
7.638888888888888395e-01 2.939999999999997615e-01
7.645833333333333925e-01 2.865999999999992998e-01
7.652777777777778345e-01 2.791999999999996707e-01
7.659722222222221655e-01 2.718000000000003191e-01
7.666666666666666075e-01 2.644000000000008566e-01
7.673611111111111605e-01 2.570000000000000062e-01
7.680555555555556024e-01 2.492000000000002269e-01
7.687499999999999334e-01 2.414000000000005308e-01
7.694444444444443754e-01 2.336000000000008625e-01
7.701388888888889284e-01 2.257999999999999174e-01
7.708333333333333703e-01 2.180000000000001936e-01
7.715277777777777013e-01 2.088000000000002354e-01
7.722222222222222543e-01 1.995999999999989727e-01
7.729166666666666963e-01 1.903999999999990700e-01
7.736111111111111382e-01 1.811999999999997224e-01
7.743055555555554692e-01 1.719999999999998475e-01
7.750000000000000222e-01 1.635999999999989407e-01
7.756944444444444642e-01 1.551999999999996160e-01
7.763888888888889062e-01 1.468000000000002359e-01
7.770833333333332371e-01 1.384000000000011332e-01
7.777777777777777901e-01 1.300000000000000322e-01
7.784722222222222321e-01 1.040000000000009944e-01
7.791666666666666741e-01 7.800000000000226197e-02
7.798611111111110050e-01 5.200000000000329359e-02
7.805555555555555580e-01 2.599999999999889552e-02
7.812500000000000000e-01 0.000000000000000000e+00
7.819444444444444420e-01 1.019999999999957399e-02
7.826388888888889950e-01 2.040000000000130945e-02
7.833333333333333259e-01 3.060000000000085568e-02
7.840277777777777679e-01 4.080000000000046090e-02
7.847222222222222099e-01 5.100000000000001754e-02
7.854166666666667629e-01 4.079999999999869842e-02
7.861111111111110938e-01 3.059999999999954076e-02
7.868055555555555358e-01 2.040000000000044555e-02
7.874999999999999778e-01 1.020000000000131045e-02
7.881944444444445308e-01 0.000000000000000000e+00
7.888888888888888618e-01 0.000000000000000000e+00
7.895833333333333037e-01 0.000000000000000000e+00
7.902777777777777457e-01 0.000000000000000000e+00
7.909722222222222987e-01 0.000000000000000000e+00
7.916666666666666297e-01 0.000000000000000000e+00
7.923611111111110716e-01 0.000000000000000000e+00
7.930555555555556246e-01 0.000000000000000000e+00
7.937500000000000666e-01 0.000000000000000000e+00
7.944444444444443976e-01 0.000000000000000000e+00
7.951388888888888395e-01 0.000000000000000000e+00
7.958333333333333925e-01 0.000000000000000000e+00
7.965277777777778345e-01 0.000000000000000000e+00
7.972222222222221655e-01 0.000000000000000000e+00
7.979166666666666075e-01 0.000000000000000000e+00
7.986111111111111605e-01 0.000000000000000000e+00
7.993055555555556024e-01 0.000000000000000000e+00
7.999999999999999334e-01 0.000000000000000000e+00
8.006944444444443754e-01 0.000000000000000000e+00
8.013888888888889284e-01 0.000000000000000000e+00
8.020833333333333703e-01 0.000000000000000000e+00
8.027777777777777013e-01 0.000000000000000000e+00
8.034722222222222543e-01 0.000000000000000000e+00
8.041666666666666963e-01 0.000000000000000000e+00
8.048611111111111382e-01 0.000000000000000000e+00
8.055555555555554692e-01 0.000000000000000000e+00
8.062500000000000222e-01 0.000000000000000000e+00
8.069444444444444642e-01 0.000000000000000000e+00
8.076388888888889062e-01 0.000000000000000000e+00
8.083333333333332371e-01 0.000000000000000000e+00
8.090277777777777901e-01 0.000000000000000000e+00
8.097222222222222321e-01 0.000000000000000000e+00
8.104166666666666741e-01 0.000000000000000000e+00
8.111111111111110050e-01 0.000000000000000000e+00
8.118055555555555580e-01 0.000000000000000000e+00
8.125000000000000000e-01 0.000000000000000000e+00
8.131944444444444420e-01 0.000000000000000000e+00
8.138888888888889950e-01 0.000000000000000000e+00
8.145833333333333259e-01 0.000000000000000000e+00
8.152777777777777679e-01 0.000000000000000000e+00
8.159722222222222099e-01 0.000000000000000000e+00
8.166666666666667629e-01 0.000000000000000000e+00
8.173611111111110938e-01 0.000000000000000000e+00
8.180555555555555358e-01 0.000000000000000000e+00
8.187499999999999778e-01 0.000000000000000000e+00
8.194444444444445308e-01 0.000000000000000000e+00
8.201388888888888618e-01 0.000000000000000000e+00
8.208333333333333037e-01 0.000000000000000000e+00
8.215277777777777457e-01 0.000000000000000000e+00
8.222222222222222987e-01 0.000000000000000000e+00
8.229166666666666297e-01 0.000000000000000000e+00
8.236111111111110716e-01 0.000000000000000000e+00
8.243055555555556246e-01 0.000000000000000000e+00
8.250000000000000666e-01 0.000000000000000000e+00
8.256944444444443976e-01 0.000000000000000000e+00
8.263888888888888395e-01 0.000000000000000000e+00
8.270833333333333925e-01 0.000000000000000000e+00
8.277777777777778345e-01 0.000000000000000000e+00
8.284722222222221655e-01 0.000000000000000000e+00
8.291666666666666075e-01 0.000000000000000000e+00
8.298611111111111605e-01 0.000000000000000000e+00
8.305555555555556024e-01 0.000000000000000000e+00
8.312499999999999334e-01 0.000000000000000000e+00
8.319444444444443754e-01 0.000000000000000000e+00
8.326388888888889284e-01 0.000000000000000000e+00
8.333333333333333703e-01 0.000000000000000000e+00
8.340277777777777013e-01 0.000000000000000000e+00
8.347222222222222543e-01 0.000000000000000000e+00
8.354166666666666963e-01 0.000000000000000000e+00
8.361111111111111382e-01 0.000000000000000000e+00
8.368055555555554692e-01 0.000000000000000000e+00
8.375000000000000222e-01 0.000000000000000000e+00
8.381944444444444642e-01 0.000000000000000000e+00
8.388888888888889062e-01 0.000000000000000000e+00
8.395833333333332371e-01 0.000000000000000000e+00
8.402777777777777901e-01 0.000000000000000000e+00
8.409722222222222321e-01 0.000000000000000000e+00
8.416666666666666741e-01 0.000000000000000000e+00
8.423611111111110050e-01 0.000000000000000000e+00
8.430555555555555580e-01 0.000000000000000000e+00
8.437500000000000000e-01 0.000000000000000000e+00
8.444444444444444420e-01 0.000000000000000000e+00
8.451388888888889950e-01 0.000000000000000000e+00
8.458333333333333259e-01 0.000000000000000000e+00
8.465277777777777679e-01 0.000000000000000000e+00
8.472222222222222099e-01 0.000000000000000000e+00
8.479166666666667629e-01 0.000000000000000000e+00
8.486111111111110938e-01 0.000000000000000000e+00
8.493055555555555358e-01 0.000000000000000000e+00
8.499999999999999778e-01 0.000000000000000000e+00
8.506944444444445308e-01 0.000000000000000000e+00
8.513888888888888618e-01 0.000000000000000000e+00
8.520833333333333037e-01 0.000000000000000000e+00
8.527777777777777457e-01 0.000000000000000000e+00
8.534722222222222987e-01 0.000000000000000000e+00
8.541666666666666297e-01 0.000000000000000000e+00
8.548611111111110716e-01 0.000000000000000000e+00
8.555555555555556246e-01 0.000000000000000000e+00
8.562500000000000666e-01 0.000000000000000000e+00
8.569444444444443976e-01 0.000000000000000000e+00
8.576388888888888395e-01 0.000000000000000000e+00
8.583333333333333925e-01 0.000000000000000000e+00
8.590277777777778345e-01 0.000000000000000000e+00
8.597222222222221655e-01 0.000000000000000000e+00
8.604166666666666075e-01 0.000000000000000000e+00
8.611111111111111605e-01 0.000000000000000000e+00
8.618055555555556024e-01 0.000000000000000000e+00
8.624999999999999334e-01 0.000000000000000000e+00
8.631944444444443754e-01 0.000000000000000000e+00
8.638888888888889284e-01 0.000000000000000000e+00
8.645833333333333703e-01 0.000000000000000000e+00
8.652777777777777013e-01 0.000000000000000000e+00
8.659722222222222543e-01 0.000000000000000000e+00
8.666666666666666963e-01 0.000000000000000000e+00
8.673611111111111382e-01 0.000000000000000000e+00
8.680555555555554692e-01 0.000000000000000000e+00
8.687500000000000222e-01 0.000000000000000000e+00
8.694444444444444642e-01 0.000000000000000000e+00
8.701388888888889062e-01 0.000000000000000000e+00
8.708333333333332371e-01 0.000000000000000000e+00
8.715277777777777901e-01 0.000000000000000000e+00
8.722222222222222321e-01 0.000000000000000000e+00
8.729166666666666741e-01 0.000000000000000000e+00
8.736111111111110050e-01 0.000000000000000000e+00
8.743055555555555580e-01 0.000000000000000000e+00
8.750000000000000000e-01 0.000000000000000000e+00
8.756944444444444420e-01 0.000000000000000000e+00
8.763888888888889950e-01 0.000000000000000000e+00
8.770833333333333259e-01 0.000000000000000000e+00
8.777777777777777679e-01 0.000000000000000000e+00
8.784722222222222099e-01 0.000000000000000000e+00
8.791666666666667629e-01 0.000000000000000000e+00
8.798611111111110938e-01 0.000000000000000000e+00
8.805555555555555358e-01 0.000000000000000000e+00
8.812499999999999778e-01 0.000000000000000000e+00
8.819444444444445308e-01 0.000000000000000000e+00
8.826388888888888618e-01 0.000000000000000000e+00
8.833333333333333037e-01 0.000000000000000000e+00
8.840277777777777457e-01 0.000000000000000000e+00
8.847222222222222987e-01 0.000000000000000000e+00
8.854166666666666297e-01 0.000000000000000000e+00
8.861111111111110716e-01 0.000000000000000000e+00
8.868055555555556246e-01 0.000000000000000000e+00
8.875000000000000666e-01 0.000000000000000000e+00
8.881944444444443976e-01 0.000000000000000000e+00
8.888888888888888395e-01 0.000000000000000000e+00
8.895833333333333925e-01 0.000000000000000000e+00
8.902777777777778345e-01 0.000000000000000000e+00
8.909722222222221655e-01 0.000000000000000000e+00
8.916666666666666075e-01 0.000000000000000000e+00
8.923611111111111605e-01 0.000000000000000000e+00
8.930555555555556024e-01 0.000000000000000000e+00
8.937499999999999334e-01 0.000000000000000000e+00
8.944444444444443754e-01 0.000000000000000000e+00
8.951388888888889284e-01 0.000000000000000000e+00
8.958333333333333703e-01 0.000000000000000000e+00
8.965277777777777013e-01 0.000000000000000000e+00
8.972222222222222543e-01 0.000000000000000000e+00
8.979166666666666963e-01 0.000000000000000000e+00
8.986111111111111382e-01 0.000000000000000000e+00
8.993055555555554692e-01 0.000000000000000000e+00
9.000000000000000222e-01 0.000000000000000000e+00
9.006944444444444642e-01 0.000000000000000000e+00
9.013888888888889062e-01 0.000000000000000000e+00
9.020833333333332371e-01 0.000000000000000000e+00
9.027777777777777901e-01 0.000000000000000000e+00
9.034722222222222321e-01 0.000000000000000000e+00
9.041666666666666741e-01 0.000000000000000000e+00
9.048611111111110050e-01 0.000000000000000000e+00
9.055555555555555580e-01 0.000000000000000000e+00
9.062500000000000000e-01 0.000000000000000000e+00
9.069444444444444420e-01 0.000000000000000000e+00
9.076388888888889950e-01 0.000000000000000000e+00
9.083333333333333259e-01 0.000000000000000000e+00
9.090277777777777679e-01 0.000000000000000000e+00
9.097222222222222099e-01 0.000000000000000000e+00
9.104166666666667629e-01 0.000000000000000000e+00
9.111111111111110938e-01 0.000000000000000000e+00
9.118055555555555358e-01 0.000000000000000000e+00
9.124999999999999778e-01 0.000000000000000000e+00
9.131944444444445308e-01 0.000000000000000000e+00
9.138888888888888618e-01 0.000000000000000000e+00
9.145833333333333037e-01 0.000000000000000000e+00
9.152777777777777457e-01 0.000000000000000000e+00
9.159722222222222987e-01 0.000000000000000000e+00
9.166666666666666297e-01 0.000000000000000000e+00
9.173611111111110716e-01 0.000000000000000000e+00
9.180555555555556246e-01 0.000000000000000000e+00
9.187500000000000666e-01 0.000000000000000000e+00
9.194444444444443976e-01 0.000000000000000000e+00
9.201388888888888395e-01 0.000000000000000000e+00
9.208333333333333925e-01 0.000000000000000000e+00
9.215277777777778345e-01 0.000000000000000000e+00
9.222222222222221655e-01 0.000000000000000000e+00
9.229166666666666075e-01 0.000000000000000000e+00
9.236111111111111605e-01 0.000000000000000000e+00
9.243055555555556024e-01 0.000000000000000000e+00
9.249999999999999334e-01 0.000000000000000000e+00
9.256944444444443754e-01 0.000000000000000000e+00
9.263888888888889284e-01 0.000000000000000000e+00
9.270833333333333703e-01 0.000000000000000000e+00
9.277777777777777013e-01 0.000000000000000000e+00
9.284722222222222543e-01 0.000000000000000000e+00
9.291666666666666963e-01 0.000000000000000000e+00
9.298611111111111382e-01 0.000000000000000000e+00
9.305555555555554692e-01 0.000000000000000000e+00
9.312500000000000222e-01 0.000000000000000000e+00
9.319444444444444642e-01 0.000000000000000000e+00
9.326388888888889062e-01 0.000000000000000000e+00
9.333333333333332371e-01 0.000000000000000000e+00
9.340277777777777901e-01 0.000000000000000000e+00
9.347222222222222321e-01 0.000000000000000000e+00
9.354166666666666741e-01 0.000000000000000000e+00
9.361111111111110050e-01 0.000000000000000000e+00
9.368055555555555580e-01 0.000000000000000000e+00
9.375000000000000000e-01 0.000000000000000000e+00
9.381944444444444420e-01 0.000000000000000000e+00
9.388888888888889950e-01 0.000000000000000000e+00
9.395833333333333259e-01 0.000000000000000000e+00
9.402777777777777679e-01 0.000000000000000000e+00
9.409722222222222099e-01 0.000000000000000000e+00
9.416666666666667629e-01 0.000000000000000000e+00
9.423611111111110938e-01 0.000000000000000000e+00
9.430555555555555358e-01 0.000000000000000000e+00
9.437499999999999778e-01 0.000000000000000000e+00
9.444444444444445308e-01 0.000000000000000000e+00
9.451388888888888618e-01 0.000000000000000000e+00
9.458333333333333037e-01 0.000000000000000000e+00
9.465277777777777457e-01 0.000000000000000000e+00
9.472222222222222987e-01 0.000000000000000000e+00
9.479166666666666297e-01 0.000000000000000000e+00
9.486111111111110716e-01 0.000000000000000000e+00
9.493055555555556246e-01 0.000000000000000000e+00
9.500000000000000666e-01 0.000000000000000000e+00
9.506944444444443976e-01 0.000000000000000000e+00
9.513888888888888395e-01 0.000000000000000000e+00
9.520833333333333925e-01 0.000000000000000000e+00
9.527777777777778345e-01 0.000000000000000000e+00
9.534722222222221655e-01 0.000000000000000000e+00
9.541666666666666075e-01 0.000000000000000000e+00
9.548611111111111605e-01 0.000000000000000000e+00
9.555555555555556024e-01 0.000000000000000000e+00
9.562499999999999334e-01 0.000000000000000000e+00
9.569444444444443754e-01 0.000000000000000000e+00
9.576388888888889284e-01 0.000000000000000000e+00
9.583333333333333703e-01 0.000000000000000000e+00
9.590277777777777013e-01 0.000000000000000000e+00
9.597222222222222543e-01 0.000000000000000000e+00
9.604166666666666963e-01 0.000000000000000000e+00
9.611111111111111382e-01 0.000000000000000000e+00
9.618055555555554692e-01 0.000000000000000000e+00
9.625000000000000222e-01 0.000000000000000000e+00
9.631944444444444642e-01 0.000000000000000000e+00
9.638888888888889062e-01 0.000000000000000000e+00
9.645833333333332371e-01 0.000000000000000000e+00
9.652777777777777901e-01 0.000000000000000000e+00
9.659722222222222321e-01 0.000000000000000000e+00
9.666666666666666741e-01 0.000000000000000000e+00
9.673611111111110050e-01 0.000000000000000000e+00
9.680555555555555580e-01 0.000000000000000000e+00
9.687500000000000000e-01 0.000000000000000000e+00
9.694444444444444420e-01 0.000000000000000000e+00
9.701388888888889950e-01 0.000000000000000000e+00
9.708333333333333259e-01 0.000000000000000000e+00
9.715277777777777679e-01 0.000000000000000000e+00
9.722222222222222099e-01 0.000000000000000000e+00
9.729166666666667629e-01 0.000000000000000000e+00
9.736111111111110938e-01 0.000000000000000000e+00
9.743055555555555358e-01 0.000000000000000000e+00
9.749999999999999778e-01 0.000000000000000000e+00
9.756944444444445308e-01 0.000000000000000000e+00
9.763888888888888618e-01 0.000000000000000000e+00
9.770833333333333037e-01 0.000000000000000000e+00
9.777777777777777457e-01 0.000000000000000000e+00
9.784722222222222987e-01 0.000000000000000000e+00
9.791666666666666297e-01 0.000000000000000000e+00
9.798611111111110716e-01 0.000000000000000000e+00
9.805555555555556246e-01 0.000000000000000000e+00
9.812500000000000666e-01 0.000000000000000000e+00
9.819444444444443976e-01 0.000000000000000000e+00
9.826388888888888395e-01 0.000000000000000000e+00
9.833333333333333925e-01 0.000000000000000000e+00
9.840277777777778345e-01 0.000000000000000000e+00
9.847222222222221655e-01 0.000000000000000000e+00
9.854166666666666075e-01 0.000000000000000000e+00
9.861111111111111605e-01 0.000000000000000000e+00
9.868055555555556024e-01 0.000000000000000000e+00
9.874999999999999334e-01 0.000000000000000000e+00
9.881944444444443754e-01 0.000000000000000000e+00
9.888888888888889284e-01 0.000000000000000000e+00
9.895833333333333703e-01 0.000000000000000000e+00
9.902777777777777013e-01 0.000000000000000000e+00
9.909722222222222543e-01 0.000000000000000000e+00
9.916666666666666963e-01 0.000000000000000000e+00
9.923611111111111382e-01 0.000000000000000000e+00
9.930555555555554692e-01 0.000000000000000000e+00
9.937500000000000222e-01 0.000000000000000000e+00
9.944444444444444642e-01 0.000000000000000000e+00
9.951388888888889062e-01 0.000000000000000000e+00
9.958333333333332371e-01 0.000000000000000000e+00
9.965277777777777901e-01 0.000000000000000000e+00
9.972222222222222321e-01 0.000000000000000000e+00
9.979166666666666741e-01 0.000000000000000000e+00
9.986111111111110050e-01 0.000000000000000000e+00
9.993055555555555580e-01 0.000000000000000000e+00
1.000000000000000000e+00 0.000000000000000000e+00
1.000694444444444331e+00 0.000000000000000000e+00
1.001388888888888884e+00 0.000000000000000000e+00
1.002083333333333437e+00 0.000000000000000000e+00
1.002777777777777768e+00 0.000000000000000000e+00
1.003472222222222099e+00 0.000000000000000000e+00
1.004166666666666652e+00 0.000000000000000000e+00
1.004861111111111205e+00 0.000000000000000000e+00
1.005555555555555536e+00 0.000000000000000000e+00
1.006249999999999867e+00 0.000000000000000000e+00
1.006944444444444420e+00 0.000000000000000000e+00
1.007638888888888973e+00 0.000000000000000000e+00
1.008333333333333304e+00 0.000000000000000000e+00
1.009027777777777635e+00 0.000000000000000000e+00
1.009722222222222188e+00 0.000000000000000000e+00
1.010416666666666741e+00 0.000000000000000000e+00
1.011111111111111072e+00 0.000000000000000000e+00
1.011805555555555625e+00 0.000000000000000000e+00
1.012499999999999956e+00 0.000000000000000000e+00
1.013194444444444509e+00 0.000000000000000000e+00
1.013888888888888840e+00 0.000000000000000000e+00
1.014583333333333393e+00 0.000000000000000000e+00
1.015277777777777724e+00 0.000000000000000000e+00
1.015972222222222276e+00 0.000000000000000000e+00
1.016666666666666607e+00 0.000000000000000000e+00
1.017361111111111160e+00 0.000000000000000000e+00
1.018055555555555491e+00 0.000000000000000000e+00
1.018750000000000044e+00 0.000000000000000000e+00
1.019444444444444375e+00 0.000000000000000000e+00
1.020138888888888928e+00 0.000000000000000000e+00
1.020833333333333259e+00 0.000000000000000000e+00
1.021527777777777812e+00 0.000000000000000000e+00
1.022222222222222365e+00 0.000000000000000000e+00
1.022916666666666696e+00 0.000000000000000000e+00
1.023611111111111027e+00 0.000000000000000000e+00
1.024305555555555580e+00 0.000000000000000000e+00
1.025000000000000133e+00 0.000000000000000000e+00
1.025694444444444464e+00 0.000000000000000000e+00
1.026388888888888795e+00 0.000000000000000000e+00
1.027083333333333348e+00 0.000000000000000000e+00
1.027777777777777901e+00 0.000000000000000000e+00
1.028472222222222232e+00 0.000000000000000000e+00
1.029166666666666563e+00 0.000000000000000000e+00
1.029861111111111116e+00 0.000000000000000000e+00
1.030555555555555669e+00 0.000000000000000000e+00
1.031250000000000000e+00 0.000000000000000000e+00
1.031944444444444331e+00 0.000000000000000000e+00
1.032638888888888884e+00 0.000000000000000000e+00
1.033333333333333437e+00 0.000000000000000000e+00
1.034027777777777768e+00 0.000000000000000000e+00
1.034722222222222099e+00 0.000000000000000000e+00
1.035416666666666652e+00 0.000000000000000000e+00
1.036111111111111205e+00 0.000000000000000000e+00
1.036805555555555536e+00 0.000000000000000000e+00
1.037499999999999867e+00 0.000000000000000000e+00
1.038194444444444420e+00 0.000000000000000000e+00
1.038888888888888973e+00 0.000000000000000000e+00
1.039583333333333304e+00 0.000000000000000000e+00
1.040277777777777635e+00 0.000000000000000000e+00
1.040972222222222188e+00 0.000000000000000000e+00
1.041666666666666741e+00 0.000000000000000000e+00
1.042361111111111072e+00 0.000000000000000000e+00
1.043055555555555625e+00 0.000000000000000000e+00
1.043749999999999956e+00 0.000000000000000000e+00
1.044444444444444509e+00 0.000000000000000000e+00
1.045138888888888840e+00 0.000000000000000000e+00
1.045833333333333393e+00 0.000000000000000000e+00
1.046527777777777724e+00 0.000000000000000000e+00
1.047222222222222276e+00 0.000000000000000000e+00
1.047916666666666607e+00 0.000000000000000000e+00
1.048611111111111160e+00 0.000000000000000000e+00
1.049305555555555491e+00 0.000000000000000000e+00
1.050000000000000044e+00 0.000000000000000000e+00
1.050694444444444375e+00 0.000000000000000000e+00
1.051388888888888928e+00 0.000000000000000000e+00
1.052083333333333259e+00 0.000000000000000000e+00
1.052777777777777812e+00 0.000000000000000000e+00
1.053472222222222365e+00 0.000000000000000000e+00
1.054166666666666696e+00 0.000000000000000000e+00
1.054861111111111027e+00 0.000000000000000000e+00
1.055555555555555580e+00 0.000000000000000000e+00
1.056250000000000133e+00 0.000000000000000000e+00
1.056944444444444464e+00 0.000000000000000000e+00
1.057638888888888795e+00 0.000000000000000000e+00
1.058333333333333348e+00 0.000000000000000000e+00
1.059027777777777901e+00 0.000000000000000000e+00
1.059722222222222232e+00 0.000000000000000000e+00
1.060416666666666563e+00 0.000000000000000000e+00
1.061111111111111116e+00 0.000000000000000000e+00
1.061805555555555669e+00 0.000000000000000000e+00
1.062500000000000000e+00 0.000000000000000000e+00
1.063194444444444331e+00 0.000000000000000000e+00
1.063888888888888884e+00 0.000000000000000000e+00
1.064583333333333437e+00 0.000000000000000000e+00
1.065277777777777768e+00 0.000000000000000000e+00
1.065972222222222099e+00 0.000000000000000000e+00
1.066666666666666652e+00 0.000000000000000000e+00
1.067361111111111205e+00 0.000000000000000000e+00
1.068055555555555536e+00 0.000000000000000000e+00
1.068749999999999867e+00 0.000000000000000000e+00
1.069444444444444420e+00 0.000000000000000000e+00
1.070138888888888973e+00 0.000000000000000000e+00
1.070833333333333304e+00 0.000000000000000000e+00
1.071527777777777635e+00 0.000000000000000000e+00
1.072222222222222188e+00 0.000000000000000000e+00
1.072916666666666741e+00 0.000000000000000000e+00
1.073611111111111072e+00 0.000000000000000000e+00
1.074305555555555625e+00 0.000000000000000000e+00
1.074999999999999956e+00 0.000000000000000000e+00
1.075694444444444509e+00 0.000000000000000000e+00
1.076388888888888840e+00 0.000000000000000000e+00
1.077083333333333171e+00 0.000000000000000000e+00
1.077777777777777724e+00 0.000000000000000000e+00
1.078472222222222276e+00 0.000000000000000000e+00
1.079166666666666607e+00 0.000000000000000000e+00
1.079861111111111160e+00 0.000000000000000000e+00
1.080555555555555491e+00 0.000000000000000000e+00
1.081250000000000044e+00 0.000000000000000000e+00
1.081944444444444375e+00 0.000000000000000000e+00
1.082638888888888928e+00 0.000000000000000000e+00
1.083333333333333259e+00 0.000000000000000000e+00
1.084027777777777812e+00 0.000000000000000000e+00
1.084722222222222365e+00 0.000000000000000000e+00
1.085416666666666696e+00 0.000000000000000000e+00
1.086111111111111027e+00 0.000000000000000000e+00
1.086805555555555580e+00 0.000000000000000000e+00
1.087499999999999689e+00 0.000000000000000000e+00
1.088194444444444464e+00 0.000000000000000000e+00
1.088888888888888795e+00 0.000000000000000000e+00
1.089583333333333348e+00 0.000000000000000000e+00
1.090277777777777901e+00 0.000000000000000000e+00
1.090972222222222232e+00 0.000000000000000000e+00
1.091666666666666563e+00 0.000000000000000000e+00
1.092361111111111116e+00 0.000000000000000000e+00
1.093055555555555669e+00 0.000000000000000000e+00
1.093750000000000000e+00 0.000000000000000000e+00
1.094444444444444331e+00 0.000000000000000000e+00
1.095138888888888884e+00 0.000000000000000000e+00
1.095833333333333437e+00 0.000000000000000000e+00
1.096527777777777768e+00 0.000000000000000000e+00
1.097222222222222099e+00 0.000000000000000000e+00
1.097916666666666430e+00 0.000000000000000000e+00
1.098611111111111205e+00 0.000000000000000000e+00
1.099305555555555536e+00 0.000000000000000000e+00
1.099999999999999867e+00 0.000000000000000000e+00
1.100694444444444420e+00 0.000000000000000000e+00
1.101388888888888973e+00 0.000000000000000000e+00
1.102083333333333304e+00 0.000000000000000000e+00
1.102777777777777635e+00 0.000000000000000000e+00
1.103472222222222188e+00 0.000000000000000000e+00
1.104166666666666741e+00 0.000000000000000000e+00
1.104861111111111072e+00 0.000000000000000000e+00
1.105555555555555625e+00 0.000000000000000000e+00
1.106249999999999956e+00 0.000000000000000000e+00
1.106944444444444509e+00 0.000000000000000000e+00
1.107638888888888840e+00 0.000000000000000000e+00
1.108333333333333171e+00 0.000000000000000000e+00
1.109027777777777724e+00 0.000000000000000000e+00
1.109722222222222276e+00 0.000000000000000000e+00
1.110416666666666607e+00 0.000000000000000000e+00
1.111111111111111160e+00 0.000000000000000000e+00
1.111805555555555491e+00 0.000000000000000000e+00
1.112500000000000044e+00 0.000000000000000000e+00
1.113194444444444375e+00 0.000000000000000000e+00
1.113888888888888928e+00 0.000000000000000000e+00
1.114583333333333259e+00 0.000000000000000000e+00
1.115277777777777812e+00 0.000000000000000000e+00
1.115972222222222365e+00 0.000000000000000000e+00
1.116666666666666696e+00 0.000000000000000000e+00
1.117361111111111027e+00 0.000000000000000000e+00
1.118055555555555580e+00 0.000000000000000000e+00
1.118749999999999689e+00 0.000000000000000000e+00
1.119444444444444464e+00 0.000000000000000000e+00
1.120138888888888795e+00 0.000000000000000000e+00
1.120833333333333348e+00 0.000000000000000000e+00
1.121527777777777901e+00 0.000000000000000000e+00
1.122222222222222232e+00 0.000000000000000000e+00
1.122916666666666563e+00 0.000000000000000000e+00
1.123611111111111116e+00 0.000000000000000000e+00
1.124305555555555669e+00 0.000000000000000000e+00
1.125000000000000000e+00 0.000000000000000000e+00
1.125694444444444331e+00 0.000000000000000000e+00
1.126388888888888884e+00 0.000000000000000000e+00
1.127083333333333437e+00 0.000000000000000000e+00
1.127777777777777768e+00 0.000000000000000000e+00
1.128472222222222099e+00 0.000000000000000000e+00
1.129166666666666430e+00 0.000000000000000000e+00
1.129861111111111205e+00 0.000000000000000000e+00
1.130555555555555536e+00 0.000000000000000000e+00
1.131249999999999867e+00 0.000000000000000000e+00
1.131944444444444420e+00 0.000000000000000000e+00
1.132638888888888973e+00 0.000000000000000000e+00
1.133333333333333304e+00 0.000000000000000000e+00
1.134027777777777635e+00 0.000000000000000000e+00
1.134722222222222188e+00 0.000000000000000000e+00
1.135416666666666741e+00 0.000000000000000000e+00
1.136111111111111072e+00 0.000000000000000000e+00
1.136805555555555625e+00 0.000000000000000000e+00
1.137499999999999956e+00 0.000000000000000000e+00
1.138194444444444509e+00 0.000000000000000000e+00
1.138888888888888840e+00 0.000000000000000000e+00
1.139583333333333171e+00 0.000000000000000000e+00
1.140277777777777724e+00 0.000000000000000000e+00
1.140972222222222276e+00 0.000000000000000000e+00
1.141666666666666607e+00 0.000000000000000000e+00
1.142361111111111160e+00 0.000000000000000000e+00
1.143055555555555491e+00 0.000000000000000000e+00
1.143750000000000044e+00 0.000000000000000000e+00
1.144444444444444375e+00 0.000000000000000000e+00
1.145138888888888928e+00 0.000000000000000000e+00
1.145833333333333259e+00 0.000000000000000000e+00
1.146527777777777812e+00 0.000000000000000000e+00
1.147222222222222365e+00 0.000000000000000000e+00
1.147916666666666696e+00 0.000000000000000000e+00
1.148611111111111027e+00 0.000000000000000000e+00
1.149305555555555580e+00 0.000000000000000000e+00
1.149999999999999689e+00 0.000000000000000000e+00
1.150694444444444464e+00 0.000000000000000000e+00
1.151388888888888795e+00 0.000000000000000000e+00
1.152083333333333348e+00 0.000000000000000000e+00
1.152777777777777901e+00 0.000000000000000000e+00
1.153472222222222232e+00 0.000000000000000000e+00
1.154166666666666563e+00 0.000000000000000000e+00
1.154861111111111116e+00 0.000000000000000000e+00
1.155555555555555669e+00 0.000000000000000000e+00
1.156250000000000000e+00 0.000000000000000000e+00
1.156944444444444331e+00 0.000000000000000000e+00
1.157638888888888884e+00 0.000000000000000000e+00
1.158333333333333437e+00 0.000000000000000000e+00
1.159027777777777768e+00 0.000000000000000000e+00
1.159722222222222099e+00 0.000000000000000000e+00
1.160416666666666430e+00 0.000000000000000000e+00
1.161111111111111205e+00 0.000000000000000000e+00
1.161805555555555536e+00 0.000000000000000000e+00
1.162499999999999867e+00 0.000000000000000000e+00
1.163194444444444420e+00 0.000000000000000000e+00
1.163888888888888973e+00 0.000000000000000000e+00
1.164583333333333304e+00 0.000000000000000000e+00
1.165277777777777635e+00 0.000000000000000000e+00
1.165972222222222188e+00 0.000000000000000000e+00
1.166666666666666741e+00 0.000000000000000000e+00
1.167361111111111072e+00 0.000000000000000000e+00
1.168055555555555625e+00 0.000000000000000000e+00
1.168749999999999956e+00 0.000000000000000000e+00
1.169444444444444509e+00 0.000000000000000000e+00
1.170138888888888840e+00 0.000000000000000000e+00
1.170833333333333171e+00 0.000000000000000000e+00
1.171527777777777724e+00 0.000000000000000000e+00
1.172222222222222276e+00 0.000000000000000000e+00
1.172916666666666607e+00 0.000000000000000000e+00
1.173611111111111160e+00 0.000000000000000000e+00
1.174305555555555491e+00 0.000000000000000000e+00
1.175000000000000044e+00 0.000000000000000000e+00
1.175694444444444375e+00 0.000000000000000000e+00
1.176388888888888928e+00 0.000000000000000000e+00
1.177083333333333259e+00 0.000000000000000000e+00
1.177777777777777812e+00 0.000000000000000000e+00
1.178472222222222365e+00 0.000000000000000000e+00
1.179166666666666696e+00 0.000000000000000000e+00
1.179861111111111027e+00 0.000000000000000000e+00
1.180555555555555580e+00 0.000000000000000000e+00
1.181249999999999689e+00 0.000000000000000000e+00
1.181944444444444464e+00 0.000000000000000000e+00
1.182638888888888795e+00 0.000000000000000000e+00
1.183333333333333348e+00 0.000000000000000000e+00
1.184027777777777901e+00 0.000000000000000000e+00
1.184722222222222232e+00 0.000000000000000000e+00
1.185416666666666563e+00 0.000000000000000000e+00
1.186111111111111116e+00 0.000000000000000000e+00
1.186805555555555669e+00 0.000000000000000000e+00
1.187500000000000000e+00 0.000000000000000000e+00
1.188194444444444331e+00 0.000000000000000000e+00
1.188888888888888884e+00 0.000000000000000000e+00
1.189583333333333437e+00 0.000000000000000000e+00
1.190277777777777768e+00 0.000000000000000000e+00
1.190972222222222099e+00 0.000000000000000000e+00
1.191666666666666430e+00 0.000000000000000000e+00
1.192361111111111205e+00 0.000000000000000000e+00
1.193055555555555536e+00 0.000000000000000000e+00
1.193749999999999867e+00 0.000000000000000000e+00
1.194444444444444420e+00 0.000000000000000000e+00
1.195138888888888973e+00 0.000000000000000000e+00
1.195833333333333304e+00 0.000000000000000000e+00
1.196527777777777635e+00 0.000000000000000000e+00
1.197222222222222188e+00 0.000000000000000000e+00
1.197916666666666741e+00 0.000000000000000000e+00
1.198611111111111072e+00 0.000000000000000000e+00
1.199305555555555625e+00 0.000000000000000000e+00
1.199999999999999956e+00 0.000000000000000000e+00
1.200694444444444509e+00 0.000000000000000000e+00
1.201388888888888840e+00 0.000000000000000000e+00
1.202083333333333171e+00 0.000000000000000000e+00
1.202777777777777724e+00 0.000000000000000000e+00
1.203472222222222276e+00 0.000000000000000000e+00
1.204166666666666607e+00 0.000000000000000000e+00
1.204861111111111160e+00 0.000000000000000000e+00
1.205555555555555491e+00 0.000000000000000000e+00
1.206250000000000044e+00 0.000000000000000000e+00
1.206944444444444375e+00 0.000000000000000000e+00
1.207638888888888928e+00 0.000000000000000000e+00
1.208333333333333259e+00 0.000000000000000000e+00
1.209027777777777812e+00 0.000000000000000000e+00
1.209722222222222365e+00 0.000000000000000000e+00
1.210416666666666696e+00 0.000000000000000000e+00
1.211111111111111027e+00 0.000000000000000000e+00
1.211805555555555580e+00 0.000000000000000000e+00
1.212499999999999689e+00 0.000000000000000000e+00
1.213194444444444464e+00 0.000000000000000000e+00
1.213888888888888795e+00 0.000000000000000000e+00
1.214583333333333348e+00 0.000000000000000000e+00
1.215277777777777901e+00 0.000000000000000000e+00
1.215972222222222232e+00 0.000000000000000000e+00
1.216666666666666563e+00 0.000000000000000000e+00
1.217361111111111116e+00 0.000000000000000000e+00
1.218055555555555669e+00 0.000000000000000000e+00
1.218750000000000000e+00 0.000000000000000000e+00
1.219444444444444331e+00 0.000000000000000000e+00
1.220138888888888884e+00 0.000000000000000000e+00
1.220833333333333437e+00 0.000000000000000000e+00
1.221527777777777768e+00 0.000000000000000000e+00
1.222222222222222099e+00 0.000000000000000000e+00
1.222916666666666430e+00 0.000000000000000000e+00
1.223611111111111205e+00 0.000000000000000000e+00
1.224305555555555536e+00 0.000000000000000000e+00
1.224999999999999867e+00 0.000000000000000000e+00
1.225694444444444420e+00 0.000000000000000000e+00
1.226388888888888973e+00 0.000000000000000000e+00
1.227083333333333304e+00 0.000000000000000000e+00
1.227777777777777635e+00 0.000000000000000000e+00
1.228472222222222188e+00 0.000000000000000000e+00
1.229166666666666741e+00 0.000000000000000000e+00
1.229861111111111072e+00 0.000000000000000000e+00
1.230555555555555625e+00 0.000000000000000000e+00
1.231249999999999956e+00 0.000000000000000000e+00
1.231944444444444509e+00 0.000000000000000000e+00
1.232638888888888840e+00 0.000000000000000000e+00
1.233333333333333171e+00 0.000000000000000000e+00
1.234027777777777724e+00 0.000000000000000000e+00
1.234722222222222276e+00 0.000000000000000000e+00
1.235416666666666607e+00 0.000000000000000000e+00
1.236111111111111160e+00 0.000000000000000000e+00
1.236805555555555491e+00 4.399999999999812915e-03
1.237500000000000044e+00 8.799999999999618891e-03
1.238194444444444375e+00 1.319999999999945349e-02
1.238888888888888928e+00 1.760000000000019535e-02
1.239583333333333259e+00 2.200000000000000566e-02
1.240277777777777812e+00 2.699999999999981928e-02
1.240972222222222365e+00 3.200000000000061823e-02
1.241666666666666696e+00 3.700000000000040756e-02
1.242361111111111027e+00 4.200000000000020384e-02
1.243055555555555580e+00 4.700000000000002093e-02
1.243749999999999689e+00 5.319999999999808910e-02
1.244444444444444464e+00 5.940000000000021652e-02
1.245138888888888795e+00 6.559999999999972797e-02
1.245833333333333348e+00 7.179999999999919780e-02
1.246527777777777901e+00 7.800000000000006928e-02
1.247222222222222232e+00 8.479999999999963955e-02
1.247916666666666563e+00 9.159999999999951514e-02
1.248611111111111116e+00 9.839999999999905766e-02
1.249305555555555669e+00 1.052000000000001545e-01
1.250000000000000000e+00 1.120000000000000995e-01
1.250694444444444331e+00 1.191999999999996118e-01
1.251388888888888884e+00 1.264000000000008450e-01
1.252083333333333437e+00 1.336000000000007459e-01
1.252777777777777768e+00 1.408000000000002028e-01
1.253472222222222099e+00 1.479999999999999094e-01
1.254166666666666430e+00 1.553999999999979009e-01
1.254861111111111205e+00 1.628000000000004721e-01
1.255555555555555536e+00 1.701999999999996849e-01
1.256249999999999867e+00 1.775999999999989254e-01
1.256944444444444420e+00 1.849999999999998312e-01
1.257638888888888973e+00 1.917999999999995819e-01
1.258333333333333304e+00 1.985999999999994436e-01
1.259027777777777635e+00 2.053999999999993331e-01
1.259722222222222188e+00 2.122000000000001385e-01
1.260416666666666741e+00 2.190000000000000280e-01
1.261111111111111072e+00 2.257999999999999452e-01
1.261805555555555625e+00 2.326000000000006396e-01
1.262499999999999956e+00 2.394000000000006123e-01
1.263194444444444509e+00 2.462000000000004463e-01
1.263888888888888840e+00 2.530000000000000027e-01
1.264583333333333171e+00 2.591999999999982096e-01
1.265277777777777724e+00 2.654000000000002468e-01
1.265972222222222276e+00 2.715999999999995640e-01
1.266666666666666607e+00 2.777999999999992142e-01
1.267361111111111160e+00 2.839999999999999192e-01
1.268055555555555491e+00 2.901999999999999025e-01
1.268750000000000044e+00 2.963999999999993862e-01
1.269444444444444375e+00 3.025999999999992585e-01
1.270138888888888928e+00 3.088000000000004630e-01
1.270833333333333259e+00 3.149999999999998357e-01
1.271527777777777812e+00 3.225999999999998868e-01
1.272222222222222365e+00 3.302000000000007707e-01
1.272916666666666696e+00 3.378000000000008773e-01
1.273611111111111027e+00 3.454000000000000958e-01
1.274305555555555580e+00 3.529999999999999805e-01
1.274999999999999689e+00 3.583999999999979980e-01
1.275694444444444464e+00 3.638000000000005119e-01
1.276388888888888795e+00 3.691999999999999171e-01
1.277083333333333348e+00 3.745999999999993779e-01
1.277777777777777901e+00 3.799999999999996159e-01
1.278472222222222232e+00 3.851999999999994873e-01
1.279166666666666563e+00 3.903999999999992476e-01
1.279861111111111116e+00 3.955999999999991190e-01
1.280555555555555669e+00 4.007999999999997676e-01
1.281250000000000000e+00 4.059999999999996390e-01
1.281944444444444331e+00 4.105999999999998540e-01
1.282638888888888884e+00 4.152000000000009017e-01
1.283333333333333437e+00 4.198000000000001730e-01
1.284027777777777768e+00 4.243999999999999995e-01
1.284722222222222099e+00 4.290000000000004921e-01
1.285416666666666430e+00 3.432000000000258733e-01
1.286111111111111205e+00 2.573999999999964094e-01
1.286805555555555536e+00 1.716000000000036663e-01
1.287499999999999867e+00 8.580000000001088145e-02
1.288194444444444420e+00 0.000000000000000000e+00
1.288888888888888973e+00 0.000000000000000000e+00
1.289583333333333304e+00 0.000000000000000000e+00
1.290277777777777635e+00 0.000000000000000000e+00
1.290972222222222188e+00 0.000000000000000000e+00
1.291666666666666741e+00 0.000000000000000000e+00
1.292361111111111072e+00 0.000000000000000000e+00
1.293055555555555625e+00 0.000000000000000000e+00
1.293749999999999956e+00 0.000000000000000000e+00
1.294444444444444509e+00 0.000000000000000000e+00
1.295138888888888840e+00 0.000000000000000000e+00
1.295833333333333171e+00 0.000000000000000000e+00
1.296527777777777724e+00 0.000000000000000000e+00
1.297222222222222276e+00 0.000000000000000000e+00
1.297916666666666607e+00 0.000000000000000000e+00
1.298611111111111160e+00 0.000000000000000000e+00
1.299305555555555491e+00 0.000000000000000000e+00
1.300000000000000044e+00 0.000000000000000000e+00
1.300694444444444375e+00 0.000000000000000000e+00
1.301388888888888928e+00 0.000000000000000000e+00
1.302083333333333259e+00 0.000000000000000000e+00
1.302777777777777812e+00 0.000000000000000000e+00
1.303472222222222365e+00 0.000000000000000000e+00
1.304166666666666696e+00 0.000000000000000000e+00
1.304861111111111027e+00 0.000000000000000000e+00
1.305555555555555580e+00 0.000000000000000000e+00
1.306249999999999689e+00 0.000000000000000000e+00
1.306944444444444464e+00 0.000000000000000000e+00
1.307638888888888795e+00 0.000000000000000000e+00
1.308333333333333348e+00 0.000000000000000000e+00
1.309027777777777901e+00 0.000000000000000000e+00
1.309722222222222232e+00 0.000000000000000000e+00
1.310416666666666563e+00 0.000000000000000000e+00
1.311111111111111116e+00 0.000000000000000000e+00
1.311805555555555669e+00 0.000000000000000000e+00
1.312500000000000000e+00 0.000000000000000000e+00
1.313194444444444331e+00 0.000000000000000000e+00
1.313888888888888884e+00 0.000000000000000000e+00
1.314583333333333437e+00 0.000000000000000000e+00
1.315277777777777768e+00 0.000000000000000000e+00
1.315972222222222099e+00 0.000000000000000000e+00
1.316666666666666430e+00 0.000000000000000000e+00
1.317361111111111205e+00 0.000000000000000000e+00
1.318055555555555536e+00 0.000000000000000000e+00
1.318749999999999867e+00 0.000000000000000000e+00
1.319444444444444420e+00 0.000000000000000000e+00
1.320138888888888973e+00 0.000000000000000000e+00
1.320833333333333304e+00 0.000000000000000000e+00
1.321527777777777635e+00 0.000000000000000000e+00
1.322222222222222188e+00 0.000000000000000000e+00
1.322916666666666741e+00 0.000000000000000000e+00
1.323611111111111072e+00 0.000000000000000000e+00
1.324305555555555625e+00 0.000000000000000000e+00
1.324999999999999956e+00 0.000000000000000000e+00
1.325694444444444509e+00 0.000000000000000000e+00
1.326388888888888840e+00 0.000000000000000000e+00
1.327083333333333171e+00 1.999999999999402700e-04
1.327777777777777724e+00 4.000000000000086386e-04
1.328472222222222276e+00 5.999999999999920328e-04
1.329166666666666607e+00 7.999999999999738006e-04
1.329861111111111160e+00 9.999999999999998040e-04
1.330555555555555491e+00 4.799999999999836515e-03
1.331250000000000044e+00 8.599999999999680816e-03
1.331944444444444375e+00 1.239999999999950343e-02
1.332638888888888928e+00 1.620000000000016219e-02
1.333333333333333259e+00 1.999999999999998654e-02
1.334027777777777812e+00 2.619999999999946330e-02
1.334722222222222143e+00 3.239999999999897823e-02
1.335416666666666474e+00 3.859999999999845499e-02
1.336111111111111027e+00 4.479999999999792482e-02
1.336805555555555580e+00 5.100000000000001754e-02
1.337500000000000133e+00 4.299999999999996186e-02
1.338194444444444464e+00 3.500000000000000333e-02
1.338888888888888795e+00 2.699999999999999276e-02
1.339583333333333348e+00 1.900000000000000300e-02
1.340277777777777679e+00 1.100000000000000283e-02
1.340972222222222010e+00 1.979999999999926610e-02
1.341666666666666785e+00 2.860000000000226250e-02
1.342361111111111116e+00 3.740000000000149455e-02
1.343055555555555669e+00 4.620000000000077517e-02
1.343750000000000000e+00 5.499999999999996558e-02
1.344444444444444331e+00 4.800000000000064632e-02
1.345138888888888884e+00 4.100000000000115358e-02
1.345833333333333215e+00 3.400000000000179962e-02
1.346527777777777546e+00 2.700000000000239014e-02
1.347222222222222321e+00 1.999999999999998654e-02
1.347916666666666652e+00 6.019999999999994106e-02
1.348611111111111205e+00 1.004000000000001003e-01
1.349305555555555536e+00 1.406000000000000583e-01
1.349999999999999867e+00 1.808000000000000440e-01
1.350694444444444420e+00 2.209999999999998077e-01
1.351388888888888751e+00 2.176000000000001267e-01
1.352083333333333526e+00 2.141999999999991688e-01
1.352777777777777857e+00 2.107999999999992380e-01
1.353472222222222188e+00 2.073999999999995569e-01
1.354166666666666741e+00 2.040000000000000702e-01
1.354861111111111072e+00 1.640000000000034486e-01
1.355555555555555403e+00 1.240000000000067298e-01
1.356249999999999956e+00 8.400000000001016376e-02
1.356944444444444287e+00 4.400000000001368095e-02
1.357638888888889062e+00 3.999999999999999216e-03
1.358333333333333393e+00 3.199999999999997551e-03
1.359027777777777724e+00 2.400000000000001524e-03
1.359722222222222276e+00 1.599999999999998776e-03
1.360416666666666607e+00 7.999999999999993878e-04
1.361111111111110938e+00 0.000000000000000000e+00
1.361805555555555491e+00 3.879999999999667742e-02
1.362500000000000044e+00 7.760000000000989717e-02
1.363194444444444597e+00 1.164000000000065260e-01
1.363888888888888928e+00 1.552000000000032243e-01
1.364583333333333259e+00 1.940000000000000890e-01
1.365277777777777812e+00 1.870000000000006102e-01
1.365972222222222143e+00 1.800000000000010758e-01
1.366666666666666474e+00 1.730000000000016247e-01
1.367361111111111027e+00 1.660000000000022846e-01
1.368055555555555580e+00 1.589999999999999192e-01
1.368750000000000133e+00 1.687999999999999778e-01
1.369444444444444464e+00 1.786000000000000920e-01
1.370138888888888795e+00 1.883999999999998731e-01
1.370833333333333348e+00 1.982000000000002093e-01
1.371527777777777679e+00 2.079999999999998239e-01
1.372222222222222010e+00 2.058000000000003715e-01
1.372916666666666785e+00 2.035999999999996146e-01
1.373611111111111116e+00 2.013999999999994128e-01
1.374305555555555669e+00 1.991999999999999327e-01
1.375000000000000000e+00 1.969999999999998419e-01
1.375694444444444331e+00 1.932000000000002327e-01
1.376388888888888884e+00 1.894000000000007899e-01
1.377083333333333215e+00 1.856000000000010419e-01
1.377777777777777546e+00 1.818000000000010719e-01
1.378472222222222321e+00 1.779999999999998250e-01
1.379166666666666652e+00 1.502000000000000834e-01
1.379861111111111205e+00 1.223999999999999810e-01
1.380555555555555536e+00 9.459999999999986475e-02
1.381249999999999867e+00 6.679999999999999827e-02
1.381944444444444420e+00 3.900000000000003464e-02
1.382638888888888751e+00 3.120000000000066123e-02
1.383333333333333526e+00 2.339999999999797797e-02
1.384027777777777857e+00 1.559999999999866528e-02
1.384722222222222188e+00 7.799999999999332641e-03
1.385416666666666741e+00 0.000000000000000000e+00
1.386111111111111072e+00 0.000000000000000000e+00
1.386805555555555403e+00 0.000000000000000000e+00
1.387499999999999956e+00 0.000000000000000000e+00
1.388194444444444287e+00 0.000000000000000000e+00
1.388888888888889062e+00 0.000000000000000000e+00
1.389583333333333393e+00 1.799999999999997782e-03
1.390277777777777724e+00 3.599999999999997733e-03
1.390972222222222276e+00 5.399999999999995082e-03
1.391666666666666607e+00 7.199999999999995466e-03
1.392361111111110938e+00 9.000000000000002789e-03
1.393055555555555491e+00 1.667999999999867089e-01
1.393750000000000044e+00 3.246000000000403007e-01
1.394444444444444597e+00 4.824000000000265298e-01
1.395138888888888928e+00 6.402000000000135360e-01
1.395833333333333259e+00 7.979999999999990434e-01
1.396527777777777812e+00 7.996000000000008656e-01
1.397222222222222143e+00 8.011999999999991351e-01
1.397916666666666474e+00 8.028000000000004022e-01
1.398611111111111027e+00 8.043999999999992268e-01
1.399305555555555580e+00 8.060000000000008269e-01
1.400000000000000133e+00 6.527999999999999359e-01
1.400694444444444464e+00 4.996000000000001551e-01
1.401388888888888795e+00 3.464000000000003188e-01
1.402083333333333348e+00 1.932000000000000384e-01
1.402777777777777679e+00 3.999999999999997308e-02
1.403472222222222010e+00 3.220000000000064477e-02
1.404166666666666785e+00 2.439999999999803437e-02
1.404861111111111116e+00 1.659999999999866444e-02
1.405555555555555669e+00 8.799999999999337866e-03
1.406250000000000000e+00 9.999999999999998040e-04
1.406944444444444331e+00 2.599999999999865873e-03
1.407638888888888884e+00 4.199999999999726522e-03
1.408333333333333215e+00 5.799999999999593675e-03
1.409027777777777546e+00 7.399999999999449553e-03
1.409722222222222321e+00 9.000000000000002789e-03
1.410416666666666652e+00 1.159999999999999400e-02
1.411111111111111205e+00 1.419999999999999908e-02
1.411805555555555536e+00 1.679999999999999549e-02
1.412499999999999867e+00 1.940000000000001792e-02
1.413194444444444420e+00 2.200000000000000566e-02
1.413888888888888751e+00 1.960000000000019366e-02
1.414583333333333526e+00 1.719999999999939980e-02
1.415277777777777857e+00 1.479999999999960167e-02
1.415972222222222188e+00 1.239999999999978793e-02
1.416666666666666741e+00 9.999999999999993269e-03
1.417361111111111072e+00 1.079999999999994333e-02
1.418055555555555403e+00 1.159999999999986216e-02
1.418749999999999956e+00 1.239999999999978793e-02
1.419444444444444287e+00 1.319999999999973625e-02
1.420138888888889062e+00 1.400000000000001243e-02
1.420833333333333393e+00 1.780000000000001373e-02
1.421527777777777724e+00 2.159999999999998380e-02
1.422222222222222276e+00 2.540000000000001978e-02
1.422916666666666607e+00 2.920000000000000720e-02
1.423611111111110938e+00 3.300000000000000155e-02
1.424305555555555491e+00 1.933999999999865826e-01
1.425000000000000044e+00 3.538000000000413592e-01
1.425694444444444597e+00 5.142000000000277460e-01
1.426388888888888928e+00 6.746000000000137442e-01
1.427083333333333259e+00 8.349999999999998535e-01
1.427777777777777812e+00 8.355999999999991212e-01
1.428472222222222143e+00 8.361999999999990552e-01
1.429166666666666474e+00 8.367999999999998773e-01
1.429861111111111027e+00 8.374000000000006994e-01
1.430555555555555580e+00 8.380000000000003002e-01
1.431250000000000133e+00 8.385999999999997900e-01
1.431944444444444464e+00 8.391999999999993909e-01
1.432638888888888795e+00 8.397999999999993248e-01
1.433333333333333348e+00 8.404000000000010351e-01
1.434027777777777679e+00 8.410000000000006359e-01
1.434722222222222010e+00 8.414000000000002588e-01
1.435416666666666785e+00 8.418000000000001037e-01
1.436111111111111116e+00 8.421999999999995046e-01
1.436805555555555669e+00 8.425999999999991275e-01
1.437500000000000000e+00 8.429999999999991944e-01
1.438194444444444331e+00 7.132000000000113804e-01
1.438888888888888884e+00 5.834000000000221231e-01
1.439583333333333215e+00 4.536000000000333099e-01
1.440277777777777546e+00 3.238000000000442746e-01
1.440972222222222321e+00 1.940000000000000890e-01
1.441666666666666652e+00 1.998000000000002274e-01
1.442361111111111205e+00 2.055999999999997829e-01
1.443055555555555536e+00 2.113999999999998658e-01
1.443749999999999867e+00 2.172000000000001152e-01
1.444444444444444420e+00 2.230000000000002258e-01
1.445138888888888751e+00 2.245999999999997165e-01
1.445833333333333526e+00 2.262000000000005118e-01
1.446527777777777857e+00 2.278000000000000302e-01
1.447222222222222188e+00 2.293999999999999651e-01
1.447916666666666741e+00 2.310000000000000109e-01
1.448611111111111072e+00 2.052000000000022140e-01
1.449305555555555403e+00 1.794000000000044170e-01
1.449999999999999956e+00 1.536000000000066201e-01
1.450694444444444287e+00 1.278000000000088232e-01
1.451388888888889062e+00 1.020000000000000351e-01
1.452083333333333393e+00 1.219999999999999557e-01
1.452777777777777724e+00 1.419999999999999596e-01
1.453472222222222276e+00 1.620000000000001439e-01
1.454166666666666607e+00 1.820000000000000506e-01
1.454861111111110938e+00 2.019999999999998463e-01
1.455555555555555491e+00 1.960000000000003961e-01
1.456250000000000044e+00 1.899999999999983924e-01
1.456944444444444597e+00 1.839999999999991642e-01
1.457638888888888928e+00 1.779999999999994920e-01
1.458333333333333259e+00 1.719999999999998475e-01
1.459027777777777812e+00 3.087999999999883061e-01
1.459722222222222143e+00 4.455999999999769035e-01
1.460416666666666474e+00 5.823999999999646127e-01
1.461111111111111027e+00 7.191999999999539872e-01
1.461805555555555580e+00 8.559999999999994280e-01
1.462500000000000133e+00 8.563999999999994950e-01
1.463194444444444464e+00 8.567999999999995620e-01
1.463888888888888795e+00 8.572000000000001840e-01
1.464583333333333348e+00 8.576000000000011392e-01
1.465277777777777679e+00 8.580000000000009841e-01
1.465972222222222010e+00 8.582000000000008511e-01
1.466666666666666785e+00 8.584000000000006070e-01
1.467361111111111116e+00 8.586000000000002519e-01
1.468055555555555669e+00 8.588000000000000078e-01
1.468750000000000000e+00 8.589999999999999858e-01
1.469444444444444331e+00 8.593999999999992756e-01
1.470138888888888884e+00 8.597999999999991205e-01
1.470833333333333215e+00 8.601999999999991875e-01
1.471527777777777546e+00 8.605999999999995875e-01
1.472222222222222321e+00 8.610000000000004317e-01
1.472916666666666652e+00 8.612000000000010758e-01
1.473611111111111205e+00 8.614000000000010537e-01
1.474305555555555536e+00 8.616000000000009207e-01
1.474999999999999867e+00 8.618000000000006766e-01
1.475694444444444420e+00 8.620000000000003215e-01
1.476388888888888751e+00 8.622000000000002995e-01
1.477083333333333526e+00 8.624000000000000554e-01
1.477777777777777857e+00 8.625999999999997003e-01
1.478472222222222188e+00 8.627999999999994563e-01
1.479166666666666741e+00 8.629999999999992122e-01
1.479861111111111072e+00 8.648000000000006793e-01
1.480555555555555403e+00 8.665999999999989267e-01
1.481249999999999956e+00 8.684000000000002828e-01
1.481944444444444287e+00 8.701999999999984192e-01
1.482638888888889062e+00 8.720000000000007745e-01
1.483333333333333393e+00 7.265999999999998016e-01
1.484027777777777724e+00 5.811999999999996058e-01
1.484722222222222276e+00 4.358000000000004648e-01
1.485416666666666607e+00 2.903999999999998805e-01
1.486111111111110938e+00 1.450000000000000733e-01
1.486805555555555491e+00 1.625999999999986068e-01
1.487500000000000044e+00 1.802000000000045510e-01
1.488194444444444597e+00 1.978000000000031955e-01
1.488888888888888928e+00 2.154000000000013959e-01
1.489583333333333259e+00 2.329999999999998184e-01
1.490277777777777812e+00 2.180000000000011096e-01
1.490972222222222143e+00 2.030000000000026505e-01
1.491666666666666474e+00 1.880000000000039695e-01
1.492361111111111027e+00 1.730000000000052329e-01
1.493055555555555580e+00 1.580000000000000571e-01
1.493750000000000133e+00 3.011999999999996902e-01
1.494444444444444464e+00 4.444000000000004058e-01
1.495138888888888795e+00 5.875999999999997891e-01
1.495833333333333348e+00 7.308000000000008933e-01
1.496527777777777679e+00 8.739999999999994440e-01
1.497222222222222010e+00 8.741999999999994220e-01
1.497916666666666785e+00 8.744000000000000661e-01
1.498611111111111116e+00 8.746000000000002661e-01
1.499305555555555669e+00 8.748000000000010212e-01
1.500000000000000000e+00 8.750000000000008882e-01
1.500694444444444331e+00 8.750000000000008882e-01
1.501388888888888884e+00 8.750000000000008882e-01
1.502083333333333215e+00 8.750000000000008882e-01
1.502777777777777546e+00 8.750000000000008882e-01
1.503472222222222321e+00 8.750000000000008882e-01
1.504166666666666652e+00 8.750000000000008882e-01
1.504861111111111205e+00 8.750000000000008882e-01
1.505555555555555536e+00 8.750000000000008882e-01
1.506249999999999867e+00 8.750000000000008882e-01
1.506944444444444420e+00 8.750000000000008882e-01
1.507638888888888751e+00 8.750000000000008882e-01
1.508333333333333526e+00 8.750000000000008882e-01
1.509027777777777857e+00 8.750000000000008882e-01
1.509722222222222188e+00 8.750000000000008882e-01
1.510416666666666741e+00 8.750000000000008882e-01
1.511111111111111072e+00 7.440000000000114300e-01
1.511805555555555403e+00 6.130000000000219718e-01
1.512499999999999956e+00 4.820000000000335127e-01
1.513194444444444287e+00 3.510000000000447762e-01
1.513888888888889062e+00 2.199999999999998623e-01
1.514583333333333393e+00 3.509999999999997011e-01
1.515277777777777724e+00 4.820000000000003726e-01
1.515972222222222276e+00 6.129999999999998783e-01
1.516666666666666607e+00 7.440000000000005498e-01
1.517361111111110938e+00 8.750000000000008882e-01
1.518055555555555491e+00 7.532000000000101947e-01
1.518750000000000044e+00 6.313999999999686530e-01
1.519444444444444597e+00 5.095999999999795138e-01
1.520138888888888928e+00 3.877999999999893754e-01
1.520833333333333259e+00 2.660000000000001807e-01
1.521527777777777812e+00 2.620000000000002882e-01
1.522222222222222143e+00 2.580000000000007843e-01
1.522916666666666474e+00 2.540000000000007807e-01
1.523611111111111249e+00 2.499999999999997780e-01
1.524305555555555580e+00 2.459999999999998022e-01
1.525000000000000133e+00 3.713999999999996193e-01
1.525694444444444464e+00 4.967999999999999083e-01
1.526388888888888795e+00 6.221999999999997533e-01
1.527083333333333348e+00 7.476000000000009305e-01
1.527777777777777679e+00 8.729999999999996652e-01
1.528472222222222010e+00 8.727999999999997982e-01
1.529166666666666785e+00 8.725999999999999313e-01
1.529861111111111116e+00 8.724000000000000643e-01
1.530555555555555669e+00 8.722000000000005304e-01
1.531250000000000000e+00 8.720000000000007745e-01
1.531944444444444331e+00 7.582000000000101991e-01
1.532638888888888884e+00 6.444000000000198458e-01
1.533333333333333215e+00 5.306000000000293815e-01
1.534027777777777990e+00 4.167999999999899008e-01
1.534722222222222321e+00 3.029999999999998250e-01
1.535416666666666652e+00 2.950000000000000955e-01
1.536111111111111205e+00 2.869999999999998108e-01
1.536805555555555536e+00 2.789999999999999702e-01
1.537499999999999867e+00 2.710000000000001297e-01
1.538194444444444420e+00 2.629999999999997895e-01
1.538888888888888751e+00 3.379999999999933613e-01
1.539583333333333526e+00 4.130000000000192961e-01
1.540277777777777857e+00 4.880000000000124794e-01
1.540972222222222188e+00 5.630000000000067173e-01
1.541666666666666741e+00 6.380000000000004556e-01
1.542361111111111072e+00 6.841999999999966997e-01
1.543055555555555403e+00 7.303999999999928328e-01
1.543749999999999956e+00 7.765999999999889658e-01
1.544444444444444509e+00 8.228000000000039726e-01
1.545138888888889062e+00 8.690000000000001057e-01
1.545833333333333393e+00 8.688000000000004608e-01
1.546527777777777724e+00 8.686000000000005938e-01
1.547222222222222276e+00 8.684000000000008379e-01
1.547916666666666607e+00 8.682000000000008599e-01
1.548611111111110938e+00 8.680000000000007709e-01
1.549305555555555491e+00 8.678000000000004599e-01
1.550000000000000044e+00 8.675999999999999268e-01
1.550694444444444597e+00 8.673999999999992827e-01
1.551388888888888928e+00 8.671999999999995268e-01
1.552083333333333259e+00 8.669999999999993268e-01
1.552777777777777812e+00 7.984000000000056607e-01
1.553472222222222143e+00 7.298000000000123277e-01
1.554166666666666474e+00 6.612000000000176625e-01
1.554861111111111249e+00 5.925999999999945755e-01
1.555555555555555580e+00 5.240000000000001323e-01
1.556250000000000133e+00 5.919999999999996376e-01
1.556944444444444464e+00 6.599999999999996980e-01
1.557638888888888795e+00 7.280000000000002025e-01
1.558333333333333348e+00 7.960000000000008180e-01
1.559027777777777679e+00 8.639999999999997682e-01
1.559722222222222010e+00 7.228000000000126546e-01
1.560416666666666785e+00 5.815999999999639236e-01
1.561111111111111116e+00 4.403999999999763104e-01
1.561805555555555669e+00 2.991999999999876980e-01
1.562500000000000000e+00 1.580000000000000571e-01
1.563194444444444331e+00 2.977999999999880743e-01
1.563888888888888884e+00 4.375999999999759527e-01
1.564583333333333215e+00 5.773999999999648303e-01
1.565277777777777990e+00 7.172000000000113840e-01
1.565972222222222321e+00 8.569999999999992069e-01
1.566666666666666652e+00 8.565999999999994730e-01
1.567361111111111205e+00 8.561999999999992950e-01
1.568055555555555536e+00 8.557999999999995611e-01
1.568749999999999867e+00 8.553999999999999382e-01
1.569444444444444420e+00 8.550000000000005373e-01
1.570138888888888751e+00 8.546000000000009145e-01
1.570833333333333526e+00 8.542000000000006255e-01
1.571527777777777857e+00 8.538000000000001144e-01
1.572222222222222188e+00 8.533999999999993813e-01
1.572916666666666741e+00 8.529999999999993143e-01
1.573611111111111072e+00 8.525999999999994694e-01
1.574305555555555403e+00 8.521999999999999575e-01
1.574999999999999956e+00 8.518000000000002236e-01
1.575694444444444509e+00 8.514000000000007118e-01
1.576388888888889062e+00 8.510000000000008669e-01
1.577083333333333393e+00 7.295999999999994712e-01
1.577777777777777724e+00 6.081999999999998519e-01
1.578472222222222276e+00 4.867999999999997884e-01
1.579166666666666607e+00 3.654000000000004467e-01
1.579861111111110938e+00 2.439999999999999114e-01
1.580555555555555491e+00 2.378000000000003999e-01
1.581250000000000044e+00 2.315999999999985015e-01
1.581944444444444597e+00 2.253999999999990178e-01
1.582638888888888928e+00 2.191999999999994786e-01
1.583333333333333259e+00 2.129999999999999949e-01
1.584027777777777812e+00 3.077999999999916358e-01
1.584722222222222143e+00 4.025999999999839707e-01
1.585416666666666474e+00 4.973999999999760835e-01
1.586111111111111249e+00 5.922000000000078312e-01
1.586805555555555580e+00 6.870000000000002771e-01
1.587500000000000133e+00 7.179999999999999716e-01
1.588194444444444464e+00 7.489999999999999991e-01
1.588888888888888795e+00 7.799999999999999156e-01
1.589583333333333348e+00 8.109999999999998321e-01
1.590277777777777679e+00 8.419999999999997486e-01
1.590972222222222010e+00 8.414000000000003698e-01
1.591666666666666785e+00 8.408000000000006580e-01
1.592361111111111116e+00 8.401999999999999469e-01
1.593055555555555669e+00 8.395999999999992358e-01
1.593750000000000000e+00 8.389999999999991909e-01
1.594444444444444331e+00 8.383999999999999231e-01
1.595138888888888884e+00 8.378000000000004333e-01
1.595833333333333215e+00 8.372000000000009434e-01
1.596527777777777990e+00 8.366000000000000103e-01
1.597222222222222321e+00 8.359999999999992992e-01
1.597916666666666652e+00 8.353999999999994763e-01
1.598611111111111205e+00 8.348000000000000975e-01
1.599305555555555536e+00 8.342000000000007187e-01
1.599999999999999867e+00 8.336000000000010068e-01
1.600694444444444420e+00 8.329999999999996296e-01
1.601388888888888751e+00 8.323999999999993626e-01
1.602083333333333526e+00 8.317999999999996508e-01
1.602777777777777857e+00 8.312000000000000499e-01
1.603472222222222188e+00 8.306000000000007821e-01
1.604166666666666741e+00 8.300000000000004041e-01
1.604861111111111072e+00 8.259999999999999565e-01
1.605555555555555403e+00 8.220000000000000639e-01
1.606249999999999956e+00 8.180000000000002824e-01
1.606944444444444509e+00 8.139999999999999458e-01
1.607638888888889062e+00 8.100000000000008304e-01
1.608333333333333393e+00 8.094000000000004524e-01
1.609027777777777724e+00 8.087999999999994083e-01
1.609722222222222276e+00 8.081999999999991413e-01
1.610416666666666607e+00 8.075999999999998735e-01
1.611111111111110938e+00 8.070000000000003837e-01
1.611805555555555491e+00 8.062000000000009159e-01
1.612500000000000044e+00 8.053999999999992276e-01
1.613194444444444597e+00 8.045999999999992047e-01
1.613888888888888928e+00 8.037999999999998479e-01
1.614583333333333259e+00 8.030000000000009353e-01
1.615277777777777812e+00 8.021999999999996911e-01
1.615972222222222143e+00 8.013999999999994461e-01
1.616666666666666474e+00 8.005999999999998673e-01
1.617361111111111249e+00 7.998000000000003995e-01
1.618055555555555580e+00 7.990000000000005986e-01
1.618750000000000133e+00 7.981999999999993545e-01
1.619444444444444464e+00 7.973999999999997756e-01
1.620138888888888795e+00 7.966000000000004189e-01
1.620833333333333348e+00 7.958000000000008400e-01
1.621527777777777679e+00 7.949999999999994849e-01
1.622222222222222010e+00 7.941999999999994619e-01
1.622916666666666785e+00 7.934000000000001052e-01
1.623611111111111116e+00 7.926000000000007484e-01
1.624305555555555669e+00 7.917999999999995042e-01
1.625000000000000000e+00 7.909999999999992593e-01
1.625694444444444331e+00 7.900000000000002576e-01
1.626388888888888884e+00 7.890000000000011449e-01
1.627083333333333215e+00 7.879999999999993676e-01
1.627777777777777990e+00 7.869999999999999218e-01
1.628472222222222321e+00 7.860000000000005871e-01
1.629166666666666652e+00 7.847999999999994980e-01
1.629861111111111205e+00 7.835999999999996302e-01
1.630555555555555536e+00 7.824000000000009836e-01
1.631249999999999867e+00 7.811999999999992284e-01
1.631944444444444420e+00 7.799999999999999156e-01
1.632638888888888751e+00 7.790000000000009139e-01
1.633333333333333526e+00 7.779999999999992477e-01
1.634027777777777857e+00 7.769999999999993578e-01
1.634722222222222188e+00 7.760000000000003562e-01
1.635416666666666741e+00 7.750000000000005773e-01
1.636111111111111072e+00 7.737999999999992662e-01
1.636805555555555403e+00 7.726000000000003975e-01
1.637499999999999956e+00 7.714000000000008628e-01
1.638194444444444509e+00 7.701999999999992186e-01
1.638888888888889062e+00 7.690000000000005720e-01
1.639583333333333393e+00 7.680000000000003491e-01
1.640277777777777724e+00 7.669999999999992379e-01
1.640972222222222276e+00 7.660000000000001252e-01
1.641666666666666607e+00 7.650000000000007905e-01
1.642361111111110938e+00 7.639999999999993463e-01
1.643055555555555491e+00 7.627999999999999226e-01
1.643750000000000044e+00 7.616000000000004988e-01
1.644444444444444597e+00 7.603999999999991877e-01
1.645138888888888928e+00 7.591999999999999860e-01
1.645833333333333259e+00 7.580000000000008953e-01
1.646527777777777812e+00 7.554000000000005155e-01
1.647222222222222143e+00 7.527999999999998026e-01
1.647916666666666474e+00 7.502000000000002000e-01
1.648611111111111249e+00 7.476000000000002643e-01
1.649305555555555580e+00 7.450000000000004396e-01
1.650000000000000133e+00 7.437999999999999057e-01
1.650694444444444464e+00 7.425999999999995937e-01
1.651388888888888795e+00 7.414000000000005031e-01
1.652083333333333348e+00 7.401999999999998581e-01
1.652777777777777679e+00 7.389999999999996572e-01
1.653472222222222010e+00 7.378000000000006775e-01
1.654166666666666785e+00 7.365999999999991443e-01
1.654861111111111116e+00 7.353999999999997206e-01
1.655555555555555669e+00 7.342000000000004079e-01
1.656250000000000000e+00 7.329999999999994298e-01
1.656944444444444331e+00 7.316000000000003611e-01
1.657638888888888884e+00 7.302000000000006263e-01
1.658333333333333215e+00 7.287999999999997813e-01
1.659027777777777990e+00 7.274000000000007127e-01
1.659722222222222321e+00 7.259999999999995346e-01
1.660416666666666652e+00 7.246000000000002439e-01
1.661111111111111205e+00 7.232000000000001760e-01
1.661805555555555536e+00 7.217999999999997751e-01
1.662499999999999867e+00 7.204000000000008175e-01
1.663194444444444420e+00 7.189999999999991953e-01
1.663888888888888751e+00 6.224000000000078359e-01
1.664583333333333526e+00 5.257999999999751761e-01
1.665277777777777857e+00 4.291999999999834836e-01
1.665972222222222188e+00 3.325999999999920131e-01
1.666666666666666741e+00 2.360000000000002374e-01
1.667361111111111072e+00 3.293999999999922546e-01
1.668055555555555403e+00 4.227999999999836889e-01
1.668749999999999956e+00 5.161999999999761224e-01
1.669444444444444509e+00 6.096000000000075802e-01
1.670138888888889062e+00 7.030000000000007354e-01
1.670833333333333393e+00 7.013999999999996904e-01
1.671527777777777724e+00 6.998000000000006438e-01
1.672222222222222276e+00 6.981999999999993767e-01
1.672916666666666607e+00 6.966000000000005521e-01
1.673611111111110938e+00 6.949999999999992850e-01
1.674305555555555491e+00 6.932000000000005935e-01
1.675000000000000044e+00 6.913999999999989043e-01
1.675694444444444597e+00 6.896000000000003238e-01
1.676388888888888928e+00 6.877999999999994118e-01
1.677083333333333259e+00 6.860000000000006093e-01
1.677777777777777812e+00 6.841999999999995863e-01
1.678472222222222143e+00 6.824000000000007837e-01
1.679166666666666474e+00 6.805999999999998717e-01
1.679861111111111249e+00 6.788000000000001810e-01
1.680555555555555580e+00 6.769999999999998241e-01
1.681250000000000133e+00 6.751999999999999114e-01
1.681944444444444464e+00 6.733999999999999986e-01
1.682638888888888795e+00 6.715999999999996417e-01
1.683333333333333348e+00 6.698000000000000620e-01
1.684027777777777679e+00 6.679999999999997051e-01
1.684722222222222010e+00 6.660000000000005915e-01
1.685416666666666785e+00 6.639999999999989244e-01
1.686111111111111116e+00 6.619999999999999218e-01
1.686805555555555669e+00 6.599999999999995870e-01
1.687500000000000000e+00 6.579999999999999183e-01
1.688194444444444331e+00 6.544000000000003148e-01
1.688888888888888884e+00 6.508000000000004892e-01
1.689583333333333215e+00 6.472000000000009967e-01
1.690277777777777990e+00 6.435999999999989507e-01
1.690972222222222321e+00 6.399999999999995692e-01
1.691666666666666652e+00 6.378000000000003666e-01
1.692361111111111205e+00 6.355999999999999428e-01
1.693055555555555536e+00 6.333999999999996300e-01
1.693749999999999867e+00 6.312000000000005384e-01
1.694444444444444420e+00 6.289999999999997815e-01
1.695138888888888751e+00 6.268000000000000238e-01
1.695833333333333526e+00 6.245999999999999330e-01
1.696527777777777857e+00 6.223999999999993982e-01
1.697222222222222188e+00 6.201999999999997515e-01
1.697916666666666741e+00 6.180000000000003268e-01
1.698611111111111072e+00 6.155999999999995920e-01
1.699305555555555403e+00 6.132000000000005224e-01
1.699999999999999956e+00 6.108000000000010088e-01
1.700694444444444509e+00 6.083999999999994968e-01
1.701388888888889062e+00 6.059999999999996501e-01
1.702083333333333393e+00 6.034000000000003805e-01
1.702777777777777724e+00 6.008000000000003338e-01
1.703472222222222276e+00 5.981999999999998430e-01
1.704166666666666607e+00 5.955999999999996852e-01
1.704861111111110938e+00 5.930000000000004157e-01
1.705555555555555491e+00 5.904000000000005910e-01
1.706250000000000044e+00 5.877999999999993230e-01
1.706944444444444597e+00 5.851999999999992763e-01
1.707638888888888928e+00 5.825999999999997847e-01
1.708333333333333259e+00 5.800000000000002931e-01
1.709027777777777812e+00 5.772000000000001574e-01
1.709722222222222143e+00 5.744000000000003547e-01
1.710416666666666474e+00 5.716000000000006631e-01
1.711111111111111249e+00 5.687999999999996392e-01
1.711805555555555580e+00 5.660000000000003917e-01
1.712500000000000133e+00 5.630000000000003890e-01
1.713194444444444464e+00 5.600000000000000533e-01
1.713888888888888795e+00 5.569999999999997176e-01
1.714583333333333348e+00 5.539999999999996039e-01
1.715277777777777679e+00 5.509999999999998233e-01
1.715972222222222010e+00 5.480000000000003757e-01
1.716666666666666785e+00 5.449999999999990408e-01
1.717361111111111116e+00 5.419999999999995932e-01
1.718055555555555669e+00 5.390000000000001457e-01
1.718750000000000000e+00 5.359999999999999210e-01
1.719444444444444331e+00 5.326000000000000734e-01
1.720138888888888884e+00 5.292000000000000037e-01
1.720833333333333215e+00 5.258000000000006002e-01
1.721527777777777990e+00 5.223999999999997534e-01
1.722222222222222321e+00 5.189999999999997948e-01
1.722916666666666652e+00 5.155999999999998362e-01
1.723611111111111205e+00 5.121999999999995445e-01
1.724305555555555536e+00 5.087999999999995859e-01
1.724999999999999867e+00 5.053999999999998494e-01
1.725694444444444420e+00 5.019999999999995577e-01
1.726388888888888751e+00 4.982000000000001427e-01
1.727083333333333526e+00 4.943999999999993400e-01
1.727777777777777857e+00 4.905999999999990924e-01
1.728472222222222188e+00 4.867999999999994554e-01
1.729166666666666741e+00 4.829999999999995963e-01
1.729861111111111072e+00 4.792000000000002924e-01
1.730555555555555403e+00 4.754000000000008219e-01
1.731249999999999956e+00 4.716000000000014625e-01
1.731944444444444509e+00 4.677999999999992164e-01
1.732638888888889062e+00 4.639999999999997460e-01
1.733333333333333393e+00 4.598000000000004861e-01
1.734027777777777724e+00 4.555999999999995609e-01
1.734722222222222276e+00 4.514000000000004675e-01
1.735416666666666607e+00 4.471999999999997089e-01
1.736111111111110938e+00 4.430000000000002269e-01
1.736805555555555491e+00 4.388000000000003564e-01
1.737500000000000044e+00 4.345999999999994312e-01
1.738194444444444597e+00 4.303999999999990611e-01
1.738888888888888928e+00 4.261999999999995792e-01
1.739583333333333259e+00 4.220000000000003748e-01
1.740277777777777812e+00 4.174000000000002708e-01
1.740972222222222143e+00 4.128000000000004999e-01
1.741666666666666474e+00 4.082000000000013396e-01
1.742361111111111249e+00 4.035999999999999033e-01
1.743055555555555580e+00 3.989999999999995217e-01
1.743750000000000133e+00 3.939999999999996838e-01
1.744444444444444464e+00 3.889999999999998459e-01
1.745138888888888795e+00 3.840000000000001745e-01
1.745833333333333348e+00 3.790000000000004476e-01
1.746527777777777679e+00 3.740000000000003322e-01
1.747222222222222010e+00 3.676000000000003709e-01
1.747916666666666785e+00 3.611999999999985222e-01
1.748611111111111116e+00 3.547999999999984500e-01
1.749305555555555669e+00 3.483999999999997099e-01
1.750000000000000000e+00 3.419999999999998042e-01
1.750694444444444331e+00 3.366000000000002879e-01
1.751388888888888884e+00 3.312000000000008271e-01
1.752083333333333215e+00 3.258000000000013663e-01
1.752777777777777990e+00 3.203999999999994075e-01
1.753472222222222321e+00 3.149999999999998357e-01
1.754166666666666652e+00 3.091999999999999749e-01
1.754861111111111205e+00 3.034000000000002806e-01
1.755555555555555536e+00 2.975999999999998091e-01
1.756249999999999867e+00 2.918000000000001704e-01
1.756944444444444420e+00 2.859999999999998654e-01
1.757638888888888751e+00 2.800000000000004152e-01
1.758333333333333526e+00 2.739999999999983560e-01
1.759027777777777857e+00 2.679999999999990168e-01
1.759722222222222188e+00 2.619999999999995666e-01
1.760416666666666741e+00 2.559999999999999498e-01
1.761111111111111072e+00 2.496000000000006547e-01
1.761805555555555403e+00 2.432000000000013040e-01
1.762499999999999956e+00 2.368000000000014538e-01
1.763194444444444509e+00 2.303999999999994663e-01
1.763888888888889062e+00 2.240000000000001990e-01
1.764583333333333393e+00 2.173999999999998989e-01
1.765277777777777724e+00 2.107999999999998486e-01
1.765972222222222276e+00 2.042000000000001869e-01
1.766666666666666607e+00 1.975999999999999701e-01
1.767361111111110938e+00 1.909999999999998366e-01
1.768055555555555491e+00 1.842000000000007243e-01
1.768750000000000044e+00 1.773999999999984201e-01
1.769444444444444597e+00 1.705999999999987249e-01
1.770138888888888928e+00 1.637999999999993350e-01
1.770833333333333259e+00 1.570000000000001117e-01
1.771527777777777812e+00 1.490000000000008262e-01
1.772222222222222143e+00 1.410000000000014853e-01
1.772916666666666474e+00 1.330000000000021720e-01
1.773611111111111249e+00 1.249999999999992228e-01
1.774305555555555580e+00 1.169999999999998958e-01
1.775000000000000133e+00 1.103999999999999565e-01
1.775694444444444464e+00 1.038000000000001283e-01
1.776388888888888795e+00 9.719999999999991147e-02
1.777083333333333348e+00 9.060000000000002773e-02
1.777777777777777679e+00 8.400000000000006073e-02
1.778472222222222010e+00 7.780000000000057703e-02
1.779166666666666785e+00 7.159999999999837328e-02
1.779861111111111116e+00 6.539999999999895897e-02
1.780555555555555669e+00 5.919999999999953078e-02
1.781250000000000000e+00 5.300000000000004013e-02
1.781944444444444331e+00 4.800000000000039652e-02
1.782638888888888884e+00 4.300000000000087086e-02
1.783333333333333215e+00 3.800000000000125500e-02
1.784027777777777990e+00 3.299999999999959216e-02
1.784722222222222321e+00 2.800000000000002487e-02
1.785416666666666652e+00 2.240000000000002406e-02
1.786111111111111205e+00 1.679999999999999549e-02
1.786805555555555536e+00 1.120000000000001203e-02
1.787499999999999867e+00 5.600000000000006015e-03
1.788194444444444420e+00 0.000000000000000000e+00
1.788888888888888751e+00 0.000000000000000000e+00
1.789583333333333526e+00 0.000000000000000000e+00
1.790277777777777857e+00 0.000000000000000000e+00
1.790972222222222188e+00 0.000000000000000000e+00
1.791666666666666741e+00 0.000000000000000000e+00
1.792361111111111072e+00 0.000000000000000000e+00
1.793055555555555403e+00 0.000000000000000000e+00
1.793749999999999956e+00 0.000000000000000000e+00
1.794444444444444509e+00 0.000000000000000000e+00
1.795138888888889062e+00 0.000000000000000000e+00
1.795833333333333393e+00 0.000000000000000000e+00
1.796527777777777724e+00 0.000000000000000000e+00
1.797222222222222276e+00 0.000000000000000000e+00
1.797916666666666607e+00 0.000000000000000000e+00
1.798611111111110938e+00 0.000000000000000000e+00
1.799305555555555491e+00 0.000000000000000000e+00
1.800000000000000044e+00 0.000000000000000000e+00
1.800694444444444597e+00 0.000000000000000000e+00
1.801388888888888928e+00 0.000000000000000000e+00
1.802083333333333259e+00 0.000000000000000000e+00
1.802777777777777812e+00 0.000000000000000000e+00
1.803472222222222143e+00 0.000000000000000000e+00
1.804166666666666474e+00 0.000000000000000000e+00
1.804861111111111249e+00 0.000000000000000000e+00
1.805555555555555580e+00 0.000000000000000000e+00
1.806250000000000133e+00 0.000000000000000000e+00
1.806944444444444464e+00 0.000000000000000000e+00
1.807638888888888795e+00 0.000000000000000000e+00
1.808333333333333348e+00 0.000000000000000000e+00
1.809027777777777679e+00 0.000000000000000000e+00
1.809722222222222010e+00 0.000000000000000000e+00
1.810416666666666785e+00 0.000000000000000000e+00
1.811111111111111116e+00 0.000000000000000000e+00
1.811805555555555669e+00 0.000000000000000000e+00
1.812500000000000000e+00 0.000000000000000000e+00
1.813194444444444331e+00 0.000000000000000000e+00
1.813888888888888884e+00 0.000000000000000000e+00
1.814583333333333215e+00 0.000000000000000000e+00
1.815277777777777990e+00 0.000000000000000000e+00
1.815972222222222321e+00 0.000000000000000000e+00
1.816666666666666652e+00 0.000000000000000000e+00
1.817361111111111205e+00 0.000000000000000000e+00
1.818055555555555536e+00 0.000000000000000000e+00
1.818749999999999867e+00 0.000000000000000000e+00
1.819444444444444420e+00 0.000000000000000000e+00
1.820138888888888751e+00 0.000000000000000000e+00
1.820833333333333526e+00 0.000000000000000000e+00
1.821527777777777857e+00 0.000000000000000000e+00
1.822222222222222188e+00 0.000000000000000000e+00
1.822916666666666741e+00 0.000000000000000000e+00
1.823611111111111072e+00 0.000000000000000000e+00
1.824305555555555403e+00 0.000000000000000000e+00
1.824999999999999956e+00 0.000000000000000000e+00
1.825694444444444509e+00 0.000000000000000000e+00
1.826388888888889062e+00 0.000000000000000000e+00
1.827083333333333393e+00 0.000000000000000000e+00
1.827777777777777724e+00 0.000000000000000000e+00
1.828472222222222276e+00 0.000000000000000000e+00
1.829166666666666607e+00 0.000000000000000000e+00
1.829861111111110938e+00 0.000000000000000000e+00
1.830555555555555491e+00 0.000000000000000000e+00
1.831250000000000044e+00 0.000000000000000000e+00
1.831944444444444597e+00 0.000000000000000000e+00
1.832638888888888928e+00 0.000000000000000000e+00
1.833333333333333259e+00 0.000000000000000000e+00
1.834027777777777812e+00 0.000000000000000000e+00
1.834722222222222143e+00 0.000000000000000000e+00
1.835416666666666474e+00 0.000000000000000000e+00
1.836111111111111249e+00 0.000000000000000000e+00
1.836805555555555580e+00 0.000000000000000000e+00
1.837500000000000133e+00 0.000000000000000000e+00
1.838194444444444464e+00 0.000000000000000000e+00
1.838888888888888795e+00 0.000000000000000000e+00
1.839583333333333348e+00 0.000000000000000000e+00
1.840277777777777679e+00 0.000000000000000000e+00
1.840972222222222010e+00 0.000000000000000000e+00
1.841666666666666785e+00 0.000000000000000000e+00
1.842361111111111116e+00 0.000000000000000000e+00
1.843055555555555669e+00 0.000000000000000000e+00
1.843750000000000000e+00 0.000000000000000000e+00
1.844444444444444331e+00 0.000000000000000000e+00
1.845138888888888884e+00 0.000000000000000000e+00
1.845833333333333215e+00 0.000000000000000000e+00
1.846527777777777990e+00 0.000000000000000000e+00
1.847222222222222321e+00 0.000000000000000000e+00
1.847916666666666652e+00 0.000000000000000000e+00
1.848611111111111205e+00 0.000000000000000000e+00
1.849305555555555536e+00 0.000000000000000000e+00
1.849999999999999867e+00 0.000000000000000000e+00
1.850694444444444420e+00 0.000000000000000000e+00
1.851388888888888751e+00 0.000000000000000000e+00
1.852083333333333526e+00 0.000000000000000000e+00
1.852777777777777857e+00 0.000000000000000000e+00
1.853472222222222188e+00 0.000000000000000000e+00
1.854166666666666741e+00 0.000000000000000000e+00
1.854861111111111072e+00 0.000000000000000000e+00
1.855555555555555403e+00 0.000000000000000000e+00
1.856249999999999956e+00 0.000000000000000000e+00
1.856944444444444509e+00 0.000000000000000000e+00
1.857638888888889062e+00 0.000000000000000000e+00
1.858333333333333393e+00 0.000000000000000000e+00
1.859027777777777724e+00 0.000000000000000000e+00
1.859722222222222276e+00 0.000000000000000000e+00
1.860416666666666607e+00 0.000000000000000000e+00
1.861111111111110938e+00 0.000000000000000000e+00
1.861805555555555491e+00 0.000000000000000000e+00
1.862500000000000044e+00 0.000000000000000000e+00
1.863194444444444597e+00 0.000000000000000000e+00
1.863888888888888928e+00 0.000000000000000000e+00
1.864583333333333259e+00 0.000000000000000000e+00
1.865277777777777812e+00 0.000000000000000000e+00
1.865972222222222143e+00 0.000000000000000000e+00
1.866666666666666474e+00 0.000000000000000000e+00
1.867361111111111249e+00 0.000000000000000000e+00
1.868055555555555580e+00 0.000000000000000000e+00
1.868750000000000133e+00 0.000000000000000000e+00
1.869444444444444464e+00 0.000000000000000000e+00
1.870138888888888795e+00 0.000000000000000000e+00
1.870833333333333348e+00 0.000000000000000000e+00
1.871527777777777679e+00 0.000000000000000000e+00
1.872222222222222010e+00 0.000000000000000000e+00
1.872916666666666785e+00 0.000000000000000000e+00
1.873611111111111116e+00 0.000000000000000000e+00
1.874305555555555669e+00 0.000000000000000000e+00
1.875000000000000000e+00 0.000000000000000000e+00
1.875694444444444331e+00 0.000000000000000000e+00
1.876388888888888884e+00 0.000000000000000000e+00
1.877083333333333215e+00 0.000000000000000000e+00
1.877777777777777990e+00 0.000000000000000000e+00
1.878472222222222321e+00 0.000000000000000000e+00
1.879166666666666652e+00 0.000000000000000000e+00
1.879861111111111205e+00 0.000000000000000000e+00
1.880555555555555536e+00 0.000000000000000000e+00
1.881249999999999867e+00 0.000000000000000000e+00
1.881944444444444420e+00 0.000000000000000000e+00
1.882638888888888751e+00 0.000000000000000000e+00
1.883333333333333526e+00 0.000000000000000000e+00
1.884027777777777857e+00 0.000000000000000000e+00
1.884722222222222188e+00 0.000000000000000000e+00
1.885416666666666741e+00 0.000000000000000000e+00
1.886111111111111072e+00 0.000000000000000000e+00
1.886805555555555403e+00 0.000000000000000000e+00
1.887499999999999956e+00 0.000000000000000000e+00
1.888194444444444509e+00 0.000000000000000000e+00
1.888888888888889062e+00 0.000000000000000000e+00
1.889583333333333393e+00 0.000000000000000000e+00
1.890277777777777724e+00 0.000000000000000000e+00
1.890972222222222276e+00 0.000000000000000000e+00
1.891666666666666607e+00 0.000000000000000000e+00
1.892361111111110938e+00 0.000000000000000000e+00
1.893055555555555491e+00 0.000000000000000000e+00
1.893750000000000044e+00 0.000000000000000000e+00
1.894444444444444597e+00 0.000000000000000000e+00
1.895138888888888928e+00 0.000000000000000000e+00
1.895833333333333259e+00 0.000000000000000000e+00
1.896527777777777812e+00 0.000000000000000000e+00
1.897222222222222143e+00 0.000000000000000000e+00
1.897916666666666474e+00 0.000000000000000000e+00
1.898611111111111249e+00 0.000000000000000000e+00
1.899305555555555580e+00 0.000000000000000000e+00
1.900000000000000133e+00 0.000000000000000000e+00
1.900694444444444464e+00 0.000000000000000000e+00
1.901388888888888795e+00 0.000000000000000000e+00
1.902083333333333348e+00 0.000000000000000000e+00
1.902777777777777679e+00 0.000000000000000000e+00
1.903472222222222010e+00 0.000000000000000000e+00
1.904166666666666785e+00 0.000000000000000000e+00
1.904861111111111116e+00 0.000000000000000000e+00
1.905555555555555669e+00 0.000000000000000000e+00
1.906250000000000000e+00 0.000000000000000000e+00
1.906944444444444331e+00 0.000000000000000000e+00
1.907638888888888884e+00 0.000000000000000000e+00
1.908333333333333215e+00 0.000000000000000000e+00
1.909027777777777990e+00 0.000000000000000000e+00
1.909722222222222321e+00 0.000000000000000000e+00
1.910416666666666652e+00 0.000000000000000000e+00
1.911111111111111205e+00 0.000000000000000000e+00
1.911805555555555536e+00 0.000000000000000000e+00
1.912499999999999867e+00 0.000000000000000000e+00
1.913194444444444420e+00 0.000000000000000000e+00
1.913888888888888751e+00 0.000000000000000000e+00
1.914583333333333526e+00 0.000000000000000000e+00
1.915277777777777857e+00 0.000000000000000000e+00
1.915972222222222188e+00 0.000000000000000000e+00
1.916666666666666741e+00 0.000000000000000000e+00
1.917361111111111072e+00 0.000000000000000000e+00
1.918055555555555403e+00 0.000000000000000000e+00
1.918749999999999956e+00 0.000000000000000000e+00
1.919444444444444509e+00 0.000000000000000000e+00
1.920138888888889062e+00 0.000000000000000000e+00
1.920833333333333393e+00 0.000000000000000000e+00
1.921527777777777724e+00 0.000000000000000000e+00
1.922222222222222276e+00 0.000000000000000000e+00
1.922916666666666607e+00 0.000000000000000000e+00
1.923611111111110938e+00 0.000000000000000000e+00
1.924305555555555491e+00 0.000000000000000000e+00
1.925000000000000044e+00 0.000000000000000000e+00
1.925694444444444597e+00 0.000000000000000000e+00
1.926388888888888928e+00 0.000000000000000000e+00
1.927083333333333259e+00 0.000000000000000000e+00
1.927777777777777812e+00 0.000000000000000000e+00
1.928472222222222143e+00 0.000000000000000000e+00
1.929166666666666474e+00 0.000000000000000000e+00
1.929861111111111249e+00 0.000000000000000000e+00
1.930555555555555580e+00 0.000000000000000000e+00
1.931250000000000133e+00 0.000000000000000000e+00
1.931944444444444464e+00 0.000000000000000000e+00
1.932638888888888795e+00 0.000000000000000000e+00
1.933333333333333348e+00 0.000000000000000000e+00
1.934027777777777679e+00 0.000000000000000000e+00
1.934722222222222010e+00 0.000000000000000000e+00
1.935416666666666785e+00 0.000000000000000000e+00
1.936111111111111116e+00 0.000000000000000000e+00
1.936805555555555669e+00 0.000000000000000000e+00
1.937500000000000000e+00 0.000000000000000000e+00
1.938194444444444331e+00 0.000000000000000000e+00
1.938888888888888884e+00 0.000000000000000000e+00
1.939583333333333215e+00 0.000000000000000000e+00
1.940277777777777990e+00 0.000000000000000000e+00
1.940972222222222321e+00 0.000000000000000000e+00
1.941666666666666652e+00 0.000000000000000000e+00
1.942361111111111205e+00 0.000000000000000000e+00
1.943055555555555536e+00 0.000000000000000000e+00
1.943749999999999867e+00 0.000000000000000000e+00
1.944444444444444420e+00 0.000000000000000000e+00
1.945138888888888751e+00 0.000000000000000000e+00
1.945833333333333526e+00 0.000000000000000000e+00
1.946527777777777857e+00 0.000000000000000000e+00
1.947222222222222188e+00 0.000000000000000000e+00
1.947916666666666741e+00 0.000000000000000000e+00
1.948611111111111072e+00 0.000000000000000000e+00
1.949305555555555403e+00 0.000000000000000000e+00
1.949999999999999956e+00 0.000000000000000000e+00
1.950694444444444509e+00 0.000000000000000000e+00
1.951388888888889062e+00 0.000000000000000000e+00
1.952083333333333393e+00 0.000000000000000000e+00
1.952777777777777724e+00 0.000000000000000000e+00
1.953472222222222276e+00 0.000000000000000000e+00
1.954166666666666607e+00 0.000000000000000000e+00
1.954861111111110938e+00 0.000000000000000000e+00
1.955555555555555491e+00 0.000000000000000000e+00
1.956250000000000044e+00 0.000000000000000000e+00
1.956944444444444597e+00 0.000000000000000000e+00
1.957638888888888928e+00 0.000000000000000000e+00
1.958333333333333259e+00 0.000000000000000000e+00
1.959027777777777812e+00 0.000000000000000000e+00
1.959722222222222143e+00 0.000000000000000000e+00
1.960416666666666474e+00 0.000000000000000000e+00
1.961111111111111249e+00 0.000000000000000000e+00
1.961805555555555580e+00 0.000000000000000000e+00
1.962500000000000133e+00 0.000000000000000000e+00
1.963194444444444464e+00 0.000000000000000000e+00
1.963888888888888795e+00 0.000000000000000000e+00
1.964583333333333348e+00 0.000000000000000000e+00
1.965277777777777679e+00 0.000000000000000000e+00
1.965972222222222010e+00 0.000000000000000000e+00
1.966666666666666785e+00 0.000000000000000000e+00
1.967361111111111116e+00 0.000000000000000000e+00
1.968055555555555669e+00 0.000000000000000000e+00
1.968750000000000000e+00 0.000000000000000000e+00
1.969444444444444331e+00 0.000000000000000000e+00
1.970138888888888884e+00 0.000000000000000000e+00
1.970833333333333215e+00 0.000000000000000000e+00
1.971527777777777990e+00 0.000000000000000000e+00
1.972222222222222321e+00 0.000000000000000000e+00
1.972916666666666652e+00 0.000000000000000000e+00
1.973611111111111205e+00 0.000000000000000000e+00
1.974305555555555536e+00 0.000000000000000000e+00
1.974999999999999867e+00 0.000000000000000000e+00
1.975694444444444420e+00 0.000000000000000000e+00
1.976388888888888751e+00 0.000000000000000000e+00
1.977083333333333526e+00 0.000000000000000000e+00
1.977777777777777857e+00 0.000000000000000000e+00
1.978472222222222188e+00 0.000000000000000000e+00
1.979166666666666741e+00 0.000000000000000000e+00
1.979861111111111072e+00 0.000000000000000000e+00
1.980555555555555403e+00 0.000000000000000000e+00
1.981249999999999956e+00 0.000000000000000000e+00
1.981944444444444509e+00 0.000000000000000000e+00
1.982638888888889062e+00 0.000000000000000000e+00
1.983333333333333393e+00 0.000000000000000000e+00
1.984027777777777724e+00 0.000000000000000000e+00
1.984722222222222276e+00 0.000000000000000000e+00
1.985416666666666607e+00 0.000000000000000000e+00
1.986111111111110938e+00 0.000000000000000000e+00
1.986805555555555491e+00 0.000000000000000000e+00
1.987500000000000044e+00 0.000000000000000000e+00
1.988194444444444597e+00 0.000000000000000000e+00
1.988888888888888928e+00 0.000000000000000000e+00
1.989583333333333259e+00 0.000000000000000000e+00
1.990277777777777812e+00 0.000000000000000000e+00
1.990972222222222143e+00 0.000000000000000000e+00
1.991666666666666474e+00 0.000000000000000000e+00
1.992361111111111249e+00 0.000000000000000000e+00
1.993055555555555580e+00 0.000000000000000000e+00
1.993750000000000133e+00 0.000000000000000000e+00
1.994444444444444464e+00 0.000000000000000000e+00
1.995138888888888795e+00 0.000000000000000000e+00
1.995833333333333348e+00 0.000000000000000000e+00
1.996527777777777679e+00 0.000000000000000000e+00
1.997222222222222010e+00 0.000000000000000000e+00
1.997916666666666785e+00 0.000000000000000000e+00
1.998611111111111116e+00 0.000000000000000000e+00
1.999305555555555669e+00 0.000000000000000000e+00
2.000000000000000000e+00 0.000000000000000000e+00
2.000694444444444553e+00 0.000000000000000000e+00
2.001388888888888662e+00 0.000000000000000000e+00
2.002083333333333215e+00 0.000000000000000000e+00
2.002777777777777768e+00 0.000000000000000000e+00
2.003472222222222321e+00 0.000000000000000000e+00
2.004166666666666874e+00 0.000000000000000000e+00
2.004861111111110983e+00 0.000000000000000000e+00
2.005555555555555536e+00 0.000000000000000000e+00
2.006250000000000089e+00 0.000000000000000000e+00
2.006944444444444198e+00 0.000000000000000000e+00
2.007638888888888751e+00 0.000000000000000000e+00
2.008333333333333304e+00 0.000000000000000000e+00
2.009027777777777857e+00 0.000000000000000000e+00
2.009722222222222410e+00 0.000000000000000000e+00
2.010416666666666519e+00 0.000000000000000000e+00
2.011111111111111072e+00 0.000000000000000000e+00
2.011805555555555625e+00 0.000000000000000000e+00
2.012499999999999734e+00 0.000000000000000000e+00
2.013194444444444731e+00 0.000000000000000000e+00
2.013888888888888840e+00 0.000000000000000000e+00
2.014583333333333393e+00 0.000000000000000000e+00
2.015277777777777946e+00 0.000000000000000000e+00
2.015972222222222054e+00 0.000000000000000000e+00
2.016666666666666607e+00 0.000000000000000000e+00
2.017361111111111160e+00 0.000000000000000000e+00
2.018055555555555269e+00 0.000000000000000000e+00
2.018750000000000266e+00 0.000000000000000000e+00
2.019444444444444375e+00 0.000000000000000000e+00
2.020138888888888928e+00 0.000000000000000000e+00
2.020833333333333481e+00 0.000000000000000000e+00
2.021527777777777590e+00 0.000000000000000000e+00
2.022222222222222143e+00 0.000000000000000000e+00
2.022916666666666696e+00 0.000000000000000000e+00
2.023611111111111249e+00 0.000000000000000000e+00
2.024305555555555802e+00 0.000000000000000000e+00
2.024999999999999911e+00 0.000000000000000000e+00
2.025694444444444464e+00 0.000000000000000000e+00
2.026388888888889017e+00 0.000000000000000000e+00
2.027083333333333126e+00 0.000000000000000000e+00
2.027777777777777679e+00 0.000000000000000000e+00
2.028472222222222232e+00 0.000000000000000000e+00
2.029166666666666785e+00 0.000000000000000000e+00
2.029861111111111338e+00 0.000000000000000000e+00
2.030555555555555447e+00 0.000000000000000000e+00
2.031250000000000000e+00 0.000000000000000000e+00
2.031944444444444553e+00 0.000000000000000000e+00
2.032638888888888662e+00 0.000000000000000000e+00
2.033333333333333215e+00 0.000000000000000000e+00
2.034027777777777768e+00 0.000000000000000000e+00
2.034722222222222321e+00 0.000000000000000000e+00
2.035416666666666874e+00 0.000000000000000000e+00
2.036111111111110983e+00 0.000000000000000000e+00
2.036805555555555536e+00 0.000000000000000000e+00
2.037500000000000089e+00 0.000000000000000000e+00
2.038194444444444198e+00 0.000000000000000000e+00
2.038888888888888751e+00 0.000000000000000000e+00
2.039583333333333304e+00 0.000000000000000000e+00
2.040277777777777857e+00 0.000000000000000000e+00
2.040972222222222410e+00 0.000000000000000000e+00
2.041666666666666519e+00 0.000000000000000000e+00
2.042361111111111072e+00 0.000000000000000000e+00
2.043055555555555625e+00 0.000000000000000000e+00
2.043749999999999734e+00 0.000000000000000000e+00
2.044444444444444731e+00 0.000000000000000000e+00
2.045138888888888840e+00 0.000000000000000000e+00
2.045833333333333393e+00 0.000000000000000000e+00
2.046527777777777946e+00 0.000000000000000000e+00
2.047222222222222054e+00 0.000000000000000000e+00
2.047916666666666607e+00 0.000000000000000000e+00
2.048611111111111160e+00 0.000000000000000000e+00
2.049305555555555269e+00 0.000000000000000000e+00
2.050000000000000266e+00 0.000000000000000000e+00
2.050694444444444375e+00 0.000000000000000000e+00
2.051388888888888928e+00 0.000000000000000000e+00
2.052083333333333481e+00 0.000000000000000000e+00
2.052777777777777590e+00 0.000000000000000000e+00
2.053472222222222143e+00 0.000000000000000000e+00
2.054166666666666696e+00 0.000000000000000000e+00
2.054861111111111249e+00 0.000000000000000000e+00
2.055555555555555802e+00 0.000000000000000000e+00
2.056249999999999911e+00 0.000000000000000000e+00
2.056944444444444464e+00 0.000000000000000000e+00
2.057638888888889017e+00 0.000000000000000000e+00
2.058333333333333126e+00 0.000000000000000000e+00
2.059027777777777679e+00 0.000000000000000000e+00
2.059722222222222232e+00 0.000000000000000000e+00
2.060416666666666785e+00 0.000000000000000000e+00
2.061111111111111338e+00 0.000000000000000000e+00
2.061805555555555447e+00 0.000000000000000000e+00
2.062500000000000000e+00 0.000000000000000000e+00
2.063194444444444553e+00 0.000000000000000000e+00
2.063888888888888662e+00 0.000000000000000000e+00
2.064583333333333215e+00 0.000000000000000000e+00
2.065277777777777768e+00 0.000000000000000000e+00
2.065972222222222321e+00 0.000000000000000000e+00
2.066666666666666874e+00 0.000000000000000000e+00
2.067361111111110983e+00 0.000000000000000000e+00
2.068055555555555536e+00 0.000000000000000000e+00
2.068750000000000089e+00 0.000000000000000000e+00
2.069444444444444198e+00 0.000000000000000000e+00
2.070138888888888751e+00 0.000000000000000000e+00
2.070833333333333304e+00 0.000000000000000000e+00
2.071527777777777857e+00 0.000000000000000000e+00
2.072222222222222410e+00 0.000000000000000000e+00
2.072916666666666519e+00 0.000000000000000000e+00
2.073611111111111072e+00 0.000000000000000000e+00
2.074305555555555625e+00 0.000000000000000000e+00
2.074999999999999734e+00 0.000000000000000000e+00
2.075694444444444731e+00 0.000000000000000000e+00
2.076388888888888840e+00 0.000000000000000000e+00
2.077083333333333393e+00 0.000000000000000000e+00
2.077777777777777946e+00 0.000000000000000000e+00
2.078472222222222054e+00 0.000000000000000000e+00
2.079166666666666607e+00 0.000000000000000000e+00
2.079861111111111160e+00 0.000000000000000000e+00
2.080555555555555269e+00 0.000000000000000000e+00
2.081250000000000266e+00 0.000000000000000000e+00
2.081944444444444375e+00 0.000000000000000000e+00
2.082638888888888928e+00 0.000000000000000000e+00
2.083333333333333481e+00 0.000000000000000000e+00
2.084027777777777590e+00 0.000000000000000000e+00
2.084722222222222143e+00 0.000000000000000000e+00
2.085416666666666696e+00 0.000000000000000000e+00
2.086111111111111249e+00 0.000000000000000000e+00
2.086805555555555802e+00 0.000000000000000000e+00
2.087499999999999911e+00 0.000000000000000000e+00
2.088194444444444464e+00 0.000000000000000000e+00
2.088888888888889017e+00 0.000000000000000000e+00
2.089583333333333126e+00 0.000000000000000000e+00
2.090277777777777679e+00 0.000000000000000000e+00
2.090972222222222232e+00 0.000000000000000000e+00
2.091666666666666785e+00 0.000000000000000000e+00
2.092361111111111338e+00 0.000000000000000000e+00
2.093055555555555447e+00 0.000000000000000000e+00
2.093750000000000000e+00 0.000000000000000000e+00
2.094444444444444553e+00 0.000000000000000000e+00
2.095138888888888662e+00 0.000000000000000000e+00
2.095833333333333215e+00 0.000000000000000000e+00
2.096527777777777768e+00 0.000000000000000000e+00
2.097222222222222321e+00 0.000000000000000000e+00
2.097916666666666874e+00 0.000000000000000000e+00
2.098611111111110983e+00 0.000000000000000000e+00
2.099305555555555536e+00 0.000000000000000000e+00
2.100000000000000089e+00 0.000000000000000000e+00
2.100694444444444198e+00 0.000000000000000000e+00
2.101388888888888751e+00 0.000000000000000000e+00
2.102083333333333304e+00 0.000000000000000000e+00
2.102777777777777857e+00 0.000000000000000000e+00
2.103472222222222410e+00 0.000000000000000000e+00
2.104166666666666519e+00 0.000000000000000000e+00
2.104861111111111072e+00 0.000000000000000000e+00
2.105555555555555625e+00 0.000000000000000000e+00
2.106249999999999734e+00 0.000000000000000000e+00
2.106944444444444731e+00 0.000000000000000000e+00
2.107638888888888840e+00 0.000000000000000000e+00
2.108333333333333393e+00 0.000000000000000000e+00
2.109027777777777946e+00 0.000000000000000000e+00
2.109722222222222054e+00 0.000000000000000000e+00
2.110416666666666607e+00 0.000000000000000000e+00
2.111111111111111160e+00 0.000000000000000000e+00
2.111805555555555269e+00 0.000000000000000000e+00
2.112500000000000266e+00 0.000000000000000000e+00
2.113194444444444375e+00 0.000000000000000000e+00
2.113888888888888928e+00 0.000000000000000000e+00
2.114583333333333481e+00 0.000000000000000000e+00
2.115277777777777590e+00 0.000000000000000000e+00
2.115972222222222143e+00 0.000000000000000000e+00
2.116666666666666696e+00 0.000000000000000000e+00
2.117361111111111249e+00 0.000000000000000000e+00
2.118055555555555802e+00 0.000000000000000000e+00
2.118749999999999911e+00 0.000000000000000000e+00
2.119444444444444464e+00 0.000000000000000000e+00
2.120138888888889017e+00 0.000000000000000000e+00
2.120833333333333126e+00 0.000000000000000000e+00
2.121527777777777679e+00 0.000000000000000000e+00
2.122222222222222232e+00 0.000000000000000000e+00
2.122916666666666785e+00 0.000000000000000000e+00
2.123611111111111338e+00 0.000000000000000000e+00
2.124305555555555447e+00 0.000000000000000000e+00
2.125000000000000000e+00 0.000000000000000000e+00
2.125694444444444553e+00 0.000000000000000000e+00
2.126388888888888662e+00 0.000000000000000000e+00
2.127083333333333215e+00 0.000000000000000000e+00
2.127777777777777768e+00 0.000000000000000000e+00
2.128472222222222321e+00 0.000000000000000000e+00
2.129166666666666874e+00 0.000000000000000000e+00
2.129861111111110983e+00 0.000000000000000000e+00
2.130555555555555536e+00 0.000000000000000000e+00
2.131250000000000089e+00 0.000000000000000000e+00
2.131944444444444198e+00 0.000000000000000000e+00
2.132638888888888751e+00 0.000000000000000000e+00
2.133333333333333304e+00 0.000000000000000000e+00
2.134027777777777857e+00 0.000000000000000000e+00
2.134722222222222410e+00 0.000000000000000000e+00
2.135416666666666519e+00 0.000000000000000000e+00
2.136111111111111072e+00 0.000000000000000000e+00
2.136805555555555625e+00 0.000000000000000000e+00
2.137499999999999734e+00 0.000000000000000000e+00
2.138194444444444731e+00 0.000000000000000000e+00
2.138888888888888840e+00 0.000000000000000000e+00
2.139583333333333393e+00 0.000000000000000000e+00
2.140277777777777946e+00 0.000000000000000000e+00
2.140972222222222054e+00 0.000000000000000000e+00
2.141666666666666607e+00 0.000000000000000000e+00
2.142361111111111160e+00 0.000000000000000000e+00
2.143055555555555269e+00 0.000000000000000000e+00
2.143749999999999378e+00 0.000000000000000000e+00
2.144444444444444375e+00 0.000000000000000000e+00
2.145138888888888928e+00 0.000000000000000000e+00
2.145833333333333481e+00 0.000000000000000000e+00
2.146527777777777590e+00 0.000000000000000000e+00
2.147222222222222143e+00 0.000000000000000000e+00
2.147916666666666696e+00 0.000000000000000000e+00
2.148611111111111249e+00 0.000000000000000000e+00
2.149305555555555802e+00 0.000000000000000000e+00
2.149999999999999911e+00 0.000000000000000000e+00
2.150694444444444464e+00 0.000000000000000000e+00
2.151388888888889017e+00 0.000000000000000000e+00
2.152083333333333126e+00 0.000000000000000000e+00
2.152777777777777679e+00 0.000000000000000000e+00
2.153472222222222232e+00 0.000000000000000000e+00
2.154166666666666341e+00 0.000000000000000000e+00
2.154861111111111338e+00 0.000000000000000000e+00
2.155555555555555447e+00 0.000000000000000000e+00
2.156250000000000000e+00 0.000000000000000000e+00
2.156944444444444553e+00 0.000000000000000000e+00
2.157638888888888662e+00 0.000000000000000000e+00
2.158333333333333215e+00 0.000000000000000000e+00
2.159027777777777768e+00 0.000000000000000000e+00
2.159722222222222321e+00 0.000000000000000000e+00
2.160416666666666874e+00 0.000000000000000000e+00
2.161111111111110983e+00 0.000000000000000000e+00
2.161805555555555536e+00 0.000000000000000000e+00
2.162500000000000089e+00 0.000000000000000000e+00
2.163194444444444198e+00 0.000000000000000000e+00
2.163888888888888751e+00 0.000000000000000000e+00
2.164583333333332860e+00 0.000000000000000000e+00
2.165277777777777857e+00 0.000000000000000000e+00
2.165972222222222410e+00 0.000000000000000000e+00
2.166666666666666519e+00 0.000000000000000000e+00
2.167361111111111072e+00 0.000000000000000000e+00
2.168055555555555625e+00 0.000000000000000000e+00
2.168749999999999734e+00 0.000000000000000000e+00
2.169444444444444731e+00 0.000000000000000000e+00
2.170138888888888840e+00 0.000000000000000000e+00
2.170833333333333393e+00 0.000000000000000000e+00
2.171527777777777946e+00 0.000000000000000000e+00
2.172222222222222054e+00 0.000000000000000000e+00
2.172916666666666607e+00 0.000000000000000000e+00
2.173611111111111160e+00 0.000000000000000000e+00
2.174305555555555269e+00 0.000000000000000000e+00
2.174999999999999378e+00 0.000000000000000000e+00
2.175694444444444375e+00 0.000000000000000000e+00
2.176388888888888928e+00 0.000000000000000000e+00
2.177083333333333481e+00 0.000000000000000000e+00
2.177777777777777590e+00 0.000000000000000000e+00
2.178472222222222143e+00 0.000000000000000000e+00
2.179166666666666696e+00 0.000000000000000000e+00
2.179861111111111249e+00 0.000000000000000000e+00
2.180555555555555802e+00 0.000000000000000000e+00
2.181249999999999911e+00 0.000000000000000000e+00
2.181944444444444464e+00 0.000000000000000000e+00
2.182638888888889017e+00 0.000000000000000000e+00
2.183333333333333126e+00 0.000000000000000000e+00
2.184027777777777679e+00 0.000000000000000000e+00
2.184722222222222232e+00 0.000000000000000000e+00
2.185416666666666341e+00 0.000000000000000000e+00
2.186111111111111338e+00 0.000000000000000000e+00
2.186805555555555447e+00 0.000000000000000000e+00
2.187500000000000000e+00 0.000000000000000000e+00
2.188194444444444553e+00 0.000000000000000000e+00
2.188888888888888662e+00 0.000000000000000000e+00
2.189583333333333215e+00 0.000000000000000000e+00
2.190277777777777768e+00 0.000000000000000000e+00
2.190972222222222321e+00 0.000000000000000000e+00
2.191666666666666874e+00 0.000000000000000000e+00
2.192361111111110983e+00 0.000000000000000000e+00
2.193055555555555536e+00 0.000000000000000000e+00
2.193750000000000089e+00 0.000000000000000000e+00
2.194444444444444198e+00 0.000000000000000000e+00
2.195138888888888751e+00 0.000000000000000000e+00
2.195833333333332860e+00 0.000000000000000000e+00
2.196527777777777857e+00 0.000000000000000000e+00
2.197222222222222410e+00 0.000000000000000000e+00
2.197916666666666519e+00 0.000000000000000000e+00
2.198611111111111072e+00 0.000000000000000000e+00
2.199305555555555625e+00 0.000000000000000000e+00
2.199999999999999734e+00 0.000000000000000000e+00
2.200694444444444731e+00 0.000000000000000000e+00
2.201388888888888840e+00 0.000000000000000000e+00
2.202083333333333393e+00 0.000000000000000000e+00
2.202777777777777946e+00 0.000000000000000000e+00
2.203472222222222054e+00 0.000000000000000000e+00
2.204166666666666607e+00 0.000000000000000000e+00
2.204861111111111160e+00 0.000000000000000000e+00
2.205555555555555269e+00 0.000000000000000000e+00
2.206249999999999378e+00 0.000000000000000000e+00
2.206944444444444375e+00 0.000000000000000000e+00
2.207638888888888928e+00 0.000000000000000000e+00
2.208333333333333481e+00 0.000000000000000000e+00
2.209027777777777590e+00 0.000000000000000000e+00
2.209722222222222143e+00 0.000000000000000000e+00
2.210416666666666696e+00 0.000000000000000000e+00
2.211111111111111249e+00 0.000000000000000000e+00
2.211805555555555802e+00 0.000000000000000000e+00
2.212499999999999911e+00 0.000000000000000000e+00
2.213194444444444464e+00 0.000000000000000000e+00
2.213888888888889017e+00 0.000000000000000000e+00
2.214583333333333126e+00 0.000000000000000000e+00
2.215277777777777679e+00 0.000000000000000000e+00
2.215972222222222232e+00 0.000000000000000000e+00
2.216666666666666341e+00 0.000000000000000000e+00
2.217361111111111338e+00 0.000000000000000000e+00
2.218055555555555447e+00 0.000000000000000000e+00
2.218750000000000000e+00 0.000000000000000000e+00
2.219444444444444553e+00 0.000000000000000000e+00
2.220138888888888662e+00 0.000000000000000000e+00
2.220833333333333215e+00 0.000000000000000000e+00
2.221527777777777768e+00 0.000000000000000000e+00
2.222222222222222321e+00 0.000000000000000000e+00
2.222916666666666874e+00 0.000000000000000000e+00
2.223611111111110983e+00 0.000000000000000000e+00
2.224305555555555536e+00 0.000000000000000000e+00
2.225000000000000089e+00 0.000000000000000000e+00
2.225694444444444198e+00 0.000000000000000000e+00
2.226388888888888751e+00 0.000000000000000000e+00
2.227083333333332860e+00 0.000000000000000000e+00
2.227777777777777857e+00 0.000000000000000000e+00
2.228472222222222410e+00 0.000000000000000000e+00
2.229166666666666519e+00 0.000000000000000000e+00
2.229861111111111072e+00 0.000000000000000000e+00
2.230555555555555625e+00 0.000000000000000000e+00
2.231249999999999734e+00 0.000000000000000000e+00
2.231944444444444731e+00 0.000000000000000000e+00
2.232638888888888840e+00 0.000000000000000000e+00
2.233333333333333393e+00 0.000000000000000000e+00
2.234027777777777946e+00 0.000000000000000000e+00
2.234722222222222054e+00 0.000000000000000000e+00
2.235416666666666607e+00 0.000000000000000000e+00
2.236111111111111160e+00 0.000000000000000000e+00
2.236805555555555269e+00 2.799999999999760580e-03
2.237499999999999378e+00 5.599999999998325935e-03
2.238194444444444375e+00 8.400000000000471326e-03
2.238888888888888928e+00 1.120000000000023407e-02
2.239583333333333481e+00 1.400000000000001243e-02
2.240277777777777590e+00 1.739999999999971778e-02
2.240972222222222143e+00 2.079999999999943006e-02
2.241666666666666696e+00 2.419999999999912152e-02
2.242361111111111249e+00 2.760000000000026668e-02
2.243055555555555802e+00 3.100000000000001713e-02
2.243749999999999911e+00 3.540000000000002173e-02
2.244444444444444464e+00 3.979999999999997429e-02
2.245138888888889017e+00 4.420000000000003787e-02
2.245833333333333126e+00 4.859999999999995574e-02
2.246527777777777679e+00 5.300000000000004013e-02
2.247222222222222232e+00 5.799999999999952416e-02
2.247916666666666341e+00 6.299999999999705835e-02
2.248611111111111338e+00 6.800000000000080980e-02
2.249305555555555447e+00 7.300000000000038403e-02
2.250000000000000000e+00 7.800000000000006928e-02
2.250694444444444553e+00 8.339999999999961333e-02
2.251388888888888662e+00 8.879999999999911575e-02
2.252083333333333215e+00 9.419999999999857654e-02
2.252777777777777768e+00 9.960000000000036879e-02
2.253472222222222321e+00 1.049999999999999545e-01
2.254166666666666874e+00 1.105999999999999900e-01
2.254861111111110983e+00 1.162000000000000949e-01
2.255555555555555536e+00 1.218000000000000888e-01
2.256250000000000089e+00 1.274000000000000687e-01
2.256944444444444198e+00 1.330000000000000904e-01
2.257638888888888751e+00 1.387999999999994793e-01
2.258333333333332860e+00 1.445999999999966479e-01
2.259027777777777857e+00 1.504000000000010051e-01
2.259722222222222410e+00 1.562000000000004218e-01
2.260416666666666519e+00 1.620000000000001439e-01
2.261111111111111072e+00 1.675999999999995826e-01
2.261805555555555625e+00 1.731999999999989104e-01
2.262499999999999734e+00 1.787999999999984602e-01
2.263194444444444731e+00 1.844000000000005079e-01
2.263888888888888840e+00 1.899999999999998079e-01
2.264583333333333393e+00 1.951999999999997626e-01
2.265277777777777946e+00 2.003999999999998283e-01
2.265972222222222054e+00 2.055999999999997829e-01
2.266666666666666607e+00 2.107999999999998486e-01
2.267361111111111160e+00 2.159999999999999420e-01
2.268055555555555269e+00 2.211999999999993971e-01
2.268749999999999378e+00 2.263999999999967983e-01
2.269444444444444375e+00 2.316000000000008607e-01
2.270138888888888928e+00 2.368000000000005101e-01
2.270833333333333481e+00 2.420000000000002149e-01
2.271527777777777590e+00 2.461999999999994748e-01
2.272222222222222143e+00 2.503999999999991788e-01
2.272916666666666696e+00 2.545999999999989938e-01
2.273611111111111249e+00 2.588000000000003076e-01
2.274305555555555802e+00 2.629999999999997895e-01
2.274999999999999911e+00 2.678000000000002601e-01
2.275694444444444464e+00 2.726000000000000645e-01
2.276388888888889017e+00 2.773999999999999244e-01
2.277083333333333126e+00 2.821999999999999509e-01
2.277777777777777679e+00 2.869999999999998108e-01
2.278472222222222232e+00 2.915999999999997483e-01
2.279166666666666341e+00 2.961999999999974098e-01
2.279861111111111338e+00 3.008000000000005114e-01
2.280555555555555447e+00 3.054000000000005599e-01
2.281250000000000000e+00 3.099999999999998312e-01
2.281944444444444553e+00 3.143999999999997907e-01
2.282638888888888662e+00 3.187999999999991396e-01
2.283333333333333215e+00 3.231999999999990991e-01
2.284027777777777768e+00 3.276000000000006129e-01
2.284722222222222321e+00 3.319999999999996843e-01
2.285416666666666874e+00 2.656000000000000583e-01
2.286111111111110983e+00 1.992000000000000437e-01
2.286805555555555536e+00 1.328000000000000291e-01
2.287500000000000089e+00 6.640000000000001457e-02
2.288194444444444198e+00 0.000000000000000000e+00
2.288888888888888751e+00 0.000000000000000000e+00
2.289583333333332860e+00 0.000000000000000000e+00
2.290277777777777857e+00 0.000000000000000000e+00
2.290972222222222410e+00 0.000000000000000000e+00
2.291666666666666519e+00 0.000000000000000000e+00
2.292361111111111072e+00 0.000000000000000000e+00
2.293055555555555625e+00 0.000000000000000000e+00
2.293749999999999734e+00 0.000000000000000000e+00
2.294444444444444731e+00 0.000000000000000000e+00
2.295138888888888840e+00 0.000000000000000000e+00
2.295833333333333393e+00 0.000000000000000000e+00
2.296527777777777946e+00 0.000000000000000000e+00
2.297222222222222054e+00 0.000000000000000000e+00
2.297916666666666607e+00 0.000000000000000000e+00
2.298611111111111160e+00 0.000000000000000000e+00
2.299305555555555269e+00 0.000000000000000000e+00
2.299999999999999378e+00 0.000000000000000000e+00
2.300694444444444375e+00 0.000000000000000000e+00
2.301388888888888928e+00 0.000000000000000000e+00
2.302083333333333481e+00 0.000000000000000000e+00
2.302777777777777590e+00 0.000000000000000000e+00
2.303472222222222143e+00 0.000000000000000000e+00
2.304166666666666696e+00 0.000000000000000000e+00
2.304861111111111249e+00 0.000000000000000000e+00
2.305555555555555802e+00 0.000000000000000000e+00
2.306249999999999911e+00 0.000000000000000000e+00
2.306944444444444464e+00 0.000000000000000000e+00
2.307638888888889017e+00 0.000000000000000000e+00
2.308333333333333126e+00 0.000000000000000000e+00
2.309027777777777679e+00 0.000000000000000000e+00
2.309722222222222232e+00 0.000000000000000000e+00
2.310416666666666341e+00 0.000000000000000000e+00
2.311111111111111338e+00 0.000000000000000000e+00
2.311805555555555447e+00 0.000000000000000000e+00
2.312500000000000000e+00 0.000000000000000000e+00
2.313194444444444553e+00 0.000000000000000000e+00
2.313888888888888662e+00 0.000000000000000000e+00
2.314583333333333215e+00 0.000000000000000000e+00
2.315277777777777768e+00 0.000000000000000000e+00
2.315972222222222321e+00 0.000000000000000000e+00
2.316666666666666874e+00 1.400000000000001287e-03
2.317361111111110983e+00 2.800000000000003007e-03
2.318055555555555536e+00 4.199999999999998873e-03
2.318750000000000089e+00 5.600000000000006015e-03
2.319444444444444198e+00 7.000000000000006217e-03
2.320138888888888751e+00 5.600000000000117037e-03
2.320833333333332860e+00 4.200000000000833275e-03
2.321527777777777857e+00 2.799999999999759279e-03
2.322222222222222410e+00 1.399999999999879639e-03
2.322916666666666519e+00 0.000000000000000000e+00
2.323611111111111072e+00 4.399999999999623830e-03
2.324305555555555625e+00 8.799999999999247660e-03
2.324999999999999734e+00 1.319999999999886195e-02
2.325694444444444731e+00 1.760000000000036882e-02
2.326388888888888840e+00 2.200000000000000566e-02
2.327083333333333393e+00 2.599999999999997799e-02
2.327777777777777946e+00 2.999999999999998154e-02
2.328472222222222054e+00 3.399999999999999550e-02
2.329166666666666607e+00 3.800000000000000600e-02
2.329861111111111160e+00 4.200000000000003036e-02
2.330555555555555269e+00 4.539999999999973224e-02
2.331249999999999378e+00 4.879999999999793531e-02
2.331944444444444375e+00 5.220000000000053070e-02
2.332638888888888928e+00 5.560000000000025339e-02
2.333333333333333481e+00 5.900000000000005934e-02
2.334027777777777590e+00 5.860000000000003401e-02
2.334722222222222143e+00 5.820000000000002255e-02
2.335416666666666696e+00 5.780000000000004579e-02
2.336111111111111249e+00 5.739999999999993024e-02
2.336805555555555802e+00 5.699999999999996736e-02
2.337499999999999911e+00 4.559999999999996695e-02
2.338194444444444464e+00 3.419999999999998042e-02
2.338888888888889017e+00 2.279999999999998347e-02
2.339583333333333126e+00 1.139999999999999174e-02
2.340277777777777679e+00 0.000000000000000000e+00
2.340972222222222232e+00 0.000000000000000000e+00
2.341666666666666341e+00 0.000000000000000000e+00
2.342361111111111338e+00 0.000000000000000000e+00
2.343055555555555447e+00 0.000000000000000000e+00
2.343750000000000000e+00 0.000000000000000000e+00
2.344444444444444553e+00 0.000000000000000000e+00
2.345138888888888662e+00 0.000000000000000000e+00
2.345833333333333215e+00 0.000000000000000000e+00
2.346527777777777768e+00 0.000000000000000000e+00
2.347222222222222321e+00 0.000000000000000000e+00
2.347916666666666874e+00 0.000000000000000000e+00
2.348611111111110983e+00 0.000000000000000000e+00
2.349305555555555536e+00 0.000000000000000000e+00
2.350000000000000089e+00 0.000000000000000000e+00
2.350694444444444198e+00 0.000000000000000000e+00
2.351388888888888751e+00 0.000000000000000000e+00
2.352083333333332860e+00 0.000000000000000000e+00
2.352777777777777857e+00 0.000000000000000000e+00
2.353472222222222410e+00 0.000000000000000000e+00
2.354166666666666519e+00 0.000000000000000000e+00
2.354861111111111072e+00 7.999999999999311915e-04
2.355555555555555625e+00 1.599999999999862383e-03
2.356249999999999734e+00 2.399999999999796827e-03
2.356944444444444731e+00 3.200000000000069109e-03
2.357638888888888840e+00 3.999999999999999216e-03
2.358333333333333393e+00 4.199999999999998873e-03
2.359027777777777946e+00 4.400000000000002000e-03
2.359722222222222054e+00 4.599999999999998188e-03
2.360416666666666607e+00 4.800000000000003049e-03
2.361111111111111160e+00 4.999999999999996635e-03
2.361805555555555269e+00 4.000000000000086819e-03
2.362499999999999378e+00 3.000000000000599843e-03
2.363194444444444375e+00 1.999999999999830906e-03
2.363888888888888928e+00 9.999999999999154530e-04
2.364583333333333481e+00 0.000000000000000000e+00
2.365277777777777590e+00 7.999999999999311915e-04
2.365972222222222143e+00 1.599999999999862383e-03
2.366666666666666696e+00 2.399999999999796827e-03
2.367361111111111249e+00 3.200000000000069109e-03
2.368055555555555802e+00 3.999999999999999216e-03
2.368749999999999911e+00 1.459999999999999666e-02
2.369444444444444464e+00 2.520000000000002446e-02
2.370138888888889017e+00 3.580000000000001237e-02
2.370833333333333126e+00 4.639999999999997599e-02
2.371527777777777679e+00 5.699999999999996736e-02
2.372222222222222232e+00 6.399999999999941847e-02
2.372916666666666341e+00 7.099999999999578870e-02
2.373611111111111338e+00 7.800000000000124889e-02
2.374305555555555447e+00 8.500000000000057510e-02
2.375000000000000000e+00 9.199999999999991518e-02
2.375694444444444553e+00 8.360000000000067377e-02
2.376388888888888662e+00 7.520000000000141849e-02
2.377083333333333215e+00 6.680000000000214933e-02
2.377777777777777768e+00 5.839999999999934827e-02
2.378472222222222321e+00 5.000000000000003747e-02
2.379166666666666874e+00 5.100000000000001754e-02
2.379861111111110983e+00 5.199999999999995598e-02
2.380555555555555536e+00 5.300000000000004013e-02
2.381250000000000089e+00 5.399999999999998551e-02
2.381944444444444198e+00 5.499999999999996558e-02
2.382638888888888751e+00 6.239999999999933794e-02
2.383333333333332860e+00 6.979999999999556004e-02
2.384027777777777857e+00 7.720000000000128149e-02
2.384722222222222410e+00 8.460000000000071629e-02
2.385416666666666519e+00 9.199999999999991518e-02
2.386111111111111072e+00 1.239999999999971958e-01
2.386805555555555625e+00 1.559999999999944764e-01
2.387499999999999734e+00 1.879999999999918125e-01
2.388194444444444731e+00 2.200000000000025824e-01
2.388888888888888840e+00 2.519999999999998352e-01
2.389583333333333393e+00 2.447999999999999621e-01
2.390277777777777946e+00 2.376000000000001999e-01
2.390972222222222054e+00 2.303999999999998549e-01
2.391666666666666607e+00 2.232000000000000928e-01
2.392361111111111160e+00 2.159999999999999420e-01
2.393055555555555269e+00 2.313999999999988844e-01
2.393749999999999378e+00 2.467999999999908323e-01
2.394444444444444375e+00 2.622000000000024866e-01
2.395138888888888928e+00 2.776000000000015122e-01
2.395833333333333481e+00 2.929999999999999827e-01
2.396527777777777590e+00 2.989999999999995994e-01
2.397222222222222143e+00 3.049999999999987721e-01
2.397916666666666696e+00 3.109999999999987219e-01
2.398611111111111249e+00 3.170000000000007256e-01
2.399305555555555802e+00 3.229999999999999538e-01
2.399999999999999911e+00 3.142000000000002014e-01
2.400694444444444464e+00 3.054000000000002268e-01
2.401388888888889017e+00 2.966000000000001968e-01
2.402083333333333126e+00 2.878000000000000558e-01
2.402777777777777679e+00 2.789999999999999702e-01
2.403472222222222232e+00 2.887999999999993350e-01
2.404166666666666341e+00 2.985999999999940924e-01
2.404861111111111338e+00 3.084000000000018393e-01
2.405555555555555447e+00 3.182000000000007045e-01
2.406250000000000000e+00 3.280000000000001248e-01
2.406944444444444553e+00 3.000000000000021538e-01
2.407638888888888662e+00 2.720000000000047935e-01
2.408333333333333215e+00 2.440000000000070446e-01
2.409027777777777768e+00 2.159999999999974163e-01
2.409722222222222321e+00 1.880000000000000837e-01
2.410416666666666874e+00 2.000000000000001499e-01
2.411111111111110983e+00 2.120000000000001605e-01
2.411805555555555536e+00 2.240000000000001990e-01
2.412500000000000089e+00 2.360000000000002374e-01
2.413194444444444198e+00 2.480000000000001370e-01
2.413888888888888751e+00 2.639999999999986802e-01
2.414583333333332860e+00 2.799999999999905342e-01
2.415277777777777857e+00 2.960000000000027609e-01
2.415972222222222410e+00 3.120000000000014428e-01
2.416666666666666519e+00 3.280000000000001248e-01
2.417361111111111072e+00 2.994000000000026085e-01
2.418055555555555625e+00 2.708000000000051477e-01
2.418749999999999734e+00 2.422000000000072428e-01
2.419444444444444731e+00 2.135999999999975696e-01
2.420138888888888840e+00 1.849999999999998312e-01
2.420833333333333393e+00 2.040000000000000702e-01
2.421527777777777946e+00 2.230000000000002258e-01
2.422222222222222054e+00 2.420000000000002149e-01
2.422916666666666607e+00 2.610000000000001208e-01
2.423611111111111160e+00 2.800000000000000266e-01
2.424305555555555269e+00 3.637999999999927403e-01
2.424999999999999378e+00 4.475999999999503709e-01
2.425694444444444375e+00 5.314000000000140833e-01
2.426388888888888928e+00 6.152000000000074076e-01
2.427083333333333481e+00 6.989999999999997327e-01
2.427777777777777590e+00 5.948000000000083221e-01
2.428472222222222143e+00 4.906000000000181882e-01
2.429166666666666696e+00 3.864000000000262225e-01
2.429861111111111249e+00 2.821999999999909026e-01
2.430555555555555802e+00 1.779999999999998250e-01
2.431249999999999911e+00 1.760000000000000453e-01
2.431944444444444464e+00 1.740000000000000990e-01
2.432638888888889017e+00 1.719999999999998475e-01
2.433333333333333126e+00 1.700000000000000955e-01
2.434027777777777679e+00 1.680000000000001215e-01
2.434722222222222232e+00 1.458000000000020113e-01
2.435416666666666341e+00 1.236000000000131438e-01
2.436111111111111338e+00 1.013999999999962015e-01
2.436805555555555447e+00 7.919999999999816076e-02
2.437500000000000000e+00 5.699999999999996736e-02
2.438194444444444553e+00 8.019999999999807838e-02
2.438888888888888662e+00 1.033999999999960506e-01
2.439583333333333215e+00 1.265999999999940229e-01
2.440277777777777768e+00 1.498000000000018761e-01
2.440972222222222321e+00 1.729999999999999316e-01
2.441666666666666874e+00 1.701999999999998514e-01
2.442361111111110983e+00 1.674000000000000488e-01
2.443055555555555536e+00 1.646000000000001073e-01
2.443750000000000089e+00 1.617999999999998884e-01
2.444444444444444198e+00 1.589999999999999192e-01
2.445138888888888751e+00 1.342000000000020954e-01
2.445833333333332860e+00 1.094000000000149159e-01
2.446527777777777857e+00 8.459999999999577580e-02
2.447222222222222410e+00 5.979999999999784099e-02
2.447916666666666519e+00 3.500000000000000333e-02
2.448611111111111072e+00 4.679999999999899518e-02
2.449305555555555625e+00 5.859999999999796622e-02
2.449999999999999734e+00 7.039999999999693725e-02
2.450694444444444731e+00 8.220000000000095286e-02
2.451388888888888840e+00 9.400000000000004186e-02
2.452083333333333393e+00 9.019999999999998852e-02
2.452777777777777946e+00 8.639999999999993519e-02
2.453472222222222054e+00 8.259999999999995124e-02
2.454166666666666607e+00 7.879999999999995342e-02
2.454861111111111160e+00 7.500000000000005274e-02
2.455555555555555269e+00 6.260000000000107145e-02
2.456249999999999378e+00 5.020000000000743312e-02
2.456944444444444375e+00 3.779999999999787696e-02
2.457638888888888928e+00 2.539999999999895813e-02
2.458333333333333481e+00 1.299999999999998899e-02
2.459027777777777590e+00 2.019999999999940246e-02
2.459722222222222143e+00 2.739999999999879338e-02
2.460416666666666696e+00 3.459999999999817388e-02
2.461111111111111249e+00 4.180000000000064220e-02
2.461805555555555802e+00 4.899999999999996025e-02
2.462499999999999911e+00 4.539999999999996816e-02
2.463194444444444464e+00 4.180000000000002464e-02
2.463888888888889017e+00 3.820000000000003254e-02
2.464583333333333126e+00 3.459999999999998493e-02
2.465277777777777679e+00 3.100000000000001713e-02
2.465972222222222232e+00 3.199999999999993128e-02
2.466666666666666341e+00 3.299999999999940481e-02
2.467361111111111338e+00 3.400000000000017591e-02
2.468055555555555447e+00 3.500000000000006578e-02
2.468750000000000000e+00 3.600000000000001116e-02
2.469444444444444553e+00 3.200000000000032679e-02
2.470138888888888662e+00 2.800000000000066325e-02
2.470833333333333215e+00 2.400000000000101011e-02
2.471527777777777768e+00 1.999999999999966041e-02
2.472222222222222321e+00 1.599999999999999686e-02
2.472916666666666874e+00 1.340000000000001780e-02
2.473611111111110983e+00 1.079999999999999190e-02
2.474305555555555536e+00 8.200000000000000691e-03
2.475000000000000089e+00 5.600000000000006015e-03
2.475694444444444198e+00 3.000000000000001363e-03
2.476388888888888751e+00 5.399999999999792986e-03
2.477083333333332860e+00 7.799999999998571965e-03
2.477777777777777857e+00 1.020000000000040492e-02
2.478472222222222410e+00 1.260000000000018917e-02
2.479166666666666519e+00 1.499999999999999077e-02
2.479861111111111072e+00 1.480000000000002841e-02
2.480555555555555625e+00 1.460000000000002615e-02
2.481249999999999734e+00 1.440000000000006553e-02
2.481944444444444731e+00 1.419999999999997480e-02
2.482638888888888840e+00 1.400000000000001243e-02
2.483333333333333393e+00 1.359999999999998883e-02
2.484027777777777946e+00 1.320000000000000513e-02
2.484722222222222054e+00 1.279999999999999021e-02
2.485416666666666607e+00 1.240000000000000130e-02
2.486111111111111160e+00 1.200000000000000545e-02
2.486805555555555269e+00 1.160000000000002349e-02
2.487499999999999378e+00 1.120000000000023407e-02
2.488194444444444375e+00 1.079999999999993986e-02
2.488888888888888928e+00 1.039999999999996309e-02
2.489583333333333481e+00 9.999999999999993269e-03
2.490277777777777590e+00 9.999999999999993269e-03
2.490972222222222143e+00 9.999999999999993269e-03
2.491666666666666696e+00 9.999999999999993269e-03
2.492361111111111249e+00 9.999999999999993269e-03
2.493055555555555802e+00 9.999999999999993269e-03
2.493749999999999911e+00 8.399999999999997746e-03
2.494444444444444464e+00 6.799999999999994417e-03
2.495138888888889017e+00 5.200000000000004965e-03
2.495833333333333126e+00 3.599999999999997733e-03
2.496527777777777679e+00 1.999999999999999608e-03
2.497222222222222232e+00 2.199999999999982352e-03
2.497916666666666341e+00 2.399999999999877925e-03
2.498611111111111338e+00 2.600000000000035876e-03
2.499305555555555447e+00 2.800000000000014717e-03
2.500000000000000000e+00 3.000000000000001363e-03
2.500694444444444553e+00 4.199999999999900861e-03
2.501388888888888662e+00 5.399999999999792986e-03
2.502083333333333215e+00 6.599999999999685112e-03
2.502777777777777768e+00 7.800000000000096786e-03
2.503472222222222321e+00 9.000000000000002789e-03
2.504166666666666874e+00 1.279999999999999021e-02
2.504861111111110983e+00 1.660000000000000364e-02
2.505555555555555536e+00 2.039999999999999800e-02
2.506250000000000089e+00 2.419999999999999235e-02
2.506944444444444198e+00 2.800000000000002487e-02
2.507638888888888751e+00 3.399999999999948203e-02
2.508333333333332860e+00 3.999999999999641342e-02
2.509027777777777857e+00 4.600000000000097761e-02
2.509722222222222410e+00 5.200000000000048334e-02
2.510416666666666519e+00 5.799999999999996825e-02
2.511111111111111072e+00 7.199999999999878719e-02
2.511805555555555625e+00 8.599999999999762001e-02
2.512499999999999734e+00 9.999999999999636957e-02
2.513194444444444731e+00 1.140000000000012670e-01
2.513888888888888840e+00 1.279999999999999749e-01
2.514583333333333393e+00 1.854000000000000925e-01
2.515277777777777946e+00 2.428000000000002101e-01
2.515972222222222054e+00 3.002000000000001334e-01
2.516666666666666607e+00 3.575999999999997514e-01
2.517361111111111160e+00 4.150000000000002021e-01
2.518055555555555269e+00 3.488000000000054390e-01
2.518749999999999378e+00 2.826000000000397083e-01
2.519444444444444375e+00 2.163999999999889623e-01
2.520138888888888928e+00 1.501999999999942270e-01
2.520833333333333481e+00 8.400000000000006073e-02
2.521527777777777590e+00 8.060000000000029641e-02
2.522222222222222143e+00 7.720000000000054596e-02
2.522916666666666696e+00 7.380000000000090654e-02
2.523611111111111249e+00 7.039999999999974056e-02
2.524305555555555802e+00 6.699999999999999012e-02
2.524999999999999911e+00 1.849999999999998035e-01
2.525694444444444464e+00 3.029999999999998250e-01
2.526388888888889017e+00 4.209999999999998743e-01
2.527083333333333126e+00 5.390000000000003677e-01
2.527777777777777679e+00 6.569999999999994733e-01
2.528472222222222232e+00 6.567999999999994953e-01
2.529166666666666341e+00 6.565999999999996284e-01
2.529861111111111338e+00 6.563999999999997614e-01
2.530555555555555447e+00 6.562000000000000055e-01
2.531250000000000000e+00 6.560000000000002496e-01
2.531944444444444553e+00 6.556000000000007377e-01
2.532638888888888662e+00 6.552000000000005597e-01
2.533333333333333215e+00 6.548000000000004928e-01
2.534027777777777768e+00 6.543999999999997597e-01
2.534722222222222321e+00 6.539999999999998037e-01
2.535416666666666874e+00 6.539999999999998037e-01
2.536111111111110983e+00 6.539999999999998037e-01
2.536805555555555536e+00 6.539999999999998037e-01
2.537500000000000089e+00 6.539999999999998037e-01
2.538194444444444198e+00 6.539999999999998037e-01
2.538888888888888751e+00 6.535999999999994037e-01
2.539583333333332860e+00 6.531999999999998918e-01
2.540277777777777857e+00 6.527999999999998249e-01
2.540972222222222410e+00 6.524000000000002020e-01
2.541666666666666519e+00 6.520000000000004681e-01
2.542361111111111072e+00 6.518000000000004901e-01
2.543055555555555625e+00 6.516000000000004011e-01
2.543749999999999734e+00 6.514000000000005342e-01
2.544444444444444731e+00 6.511999999999998900e-01
2.545138888888888840e+00 6.509999999999996900e-01
2.545833333333333393e+00 6.206000000000005956e-01
2.546527777777777946e+00 5.902000000000005020e-01
2.547222222222222054e+00 5.598000000000001863e-01
2.547916666666666607e+00 5.293999999999996486e-01
2.548611111111111160e+00 4.989999999999996660e-01
2.549305555555555269e+00 4.971999999999999198e-01
2.549999999999999378e+00 4.954000000000013948e-01
2.550694444444444375e+00 4.935999999999995946e-01
2.551388888888888928e+00 4.917999999999995153e-01
2.552083333333333481e+00 4.899999999999998246e-01
2.552777777777777590e+00 5.213999999999973101e-01
2.553472222222222143e+00 5.527999999999944070e-01
2.554166666666666696e+00 5.841999999999913928e-01
2.554861111111111249e+00 6.156000000000024786e-01
2.555555555555555802e+00 6.469999999999994644e-01
2.556249999999999911e+00 6.465999999999996195e-01
2.556944444444444464e+00 6.461999999999997746e-01
2.557638888888889017e+00 6.458000000000000407e-01
2.558333333333333126e+00 6.454000000000004178e-01
2.559027777777777679e+00 6.450000000000005729e-01
2.559722222222222232e+00 6.446000000000006169e-01
2.560416666666666341e+00 6.442000000000003279e-01
2.561111111111111338e+00 6.437999999999995948e-01
2.561805555555555447e+00 6.433999999999994168e-01
2.562500000000000000e+00 6.429999999999996829e-01
2.563194444444444553e+00 6.410000000000006803e-01
2.563888888888888662e+00 6.390000000000001235e-01
2.564583333333333215e+00 6.370000000000003437e-01
2.565277777777777768e+00 6.350000000000002309e-01
2.565972222222222321e+00 6.329999999999994520e-01
2.566666666666666874e+00 6.325999999999996071e-01
2.567361111111110983e+00 6.321999999999999842e-01
2.568055555555555536e+00 6.318000000000002503e-01
2.568750000000000089e+00 6.314000000000004054e-01
2.569444444444444198e+00 6.310000000000003384e-01
2.570138888888888751e+00 6.303999999999998494e-01
2.570833333333332860e+00 6.298000000000000265e-01
2.571527777777777857e+00 6.291999999999994264e-01
2.572222222222222410e+00 6.286000000000000476e-01
2.572916666666666519e+00 6.280000000000004468e-01
2.573611111111111072e+00 6.276000000000004908e-01
2.574305555555555625e+00 6.272000000000002018e-01
2.574999999999999734e+00 6.267999999999999128e-01
2.575694444444444731e+00 6.263999999999994017e-01
2.576388888888888840e+00 6.259999999999994458e-01
2.577083333333333393e+00 5.227999999999995984e-01
2.577777777777777946e+00 4.195999999999995289e-01
2.578472222222222054e+00 3.163999999999997370e-01
2.579166666666666607e+00 2.131999999999997786e-01
2.579861111111111160e+00 1.099999999999999312e-01
2.580555555555555269e+00 1.000000000000009631e-01
2.581249999999999378e+00 9.000000000000586697e-02
2.581944444444444375e+00 7.999999999999836409e-02
2.582638888888888928e+00 6.999999999999910461e-02
2.583333333333333481e+00 5.999999999999996309e-02
2.584027777777777590e+00 6.159999999999990483e-02
2.584722222222222143e+00 6.319999999999977025e-02
2.585416666666666696e+00 6.479999999999958016e-02
2.586111111111111249e+00 6.640000000000013947e-02
2.586805555555555802e+00 6.799999999999999101e-02
2.587499999999999911e+00 6.279999999999996696e-02
2.588194444444444464e+00 5.759999999999993597e-02
2.588888888888889017e+00 5.239999999999999519e-02
2.589583333333333126e+00 4.720000000000004053e-02
2.590277777777777679e+00 4.200000000000003036e-02
2.590972222222222232e+00 4.080000000000006538e-02
2.591666666666666341e+00 3.960000000000075265e-02
2.592361111111111338e+00 3.839999999999978153e-02
2.593055555555555447e+00 3.719999999999988594e-02
2.593750000000000000e+00 3.600000000000001116e-02
2.594444444444444553e+00 3.220000000000032558e-02
2.595138888888888662e+00 2.840000000000065389e-02
2.595833333333333215e+00 2.460000000000098219e-02
2.596527777777777768e+00 2.079999999999966945e-02
2.597222222222222321e+00 1.699999999999999775e-02
2.597916666666666874e+00 1.620000000000001647e-02
2.598611111111110983e+00 1.540000000000000396e-02
2.599305555555555536e+00 1.460000000000000360e-02
2.600000000000000089e+00 1.379999999999999456e-02
2.600694444444444198e+00 1.299999999999998899e-02
2.601388888888888751e+00 2.679999999999880742e-02
2.602083333333332860e+00 4.059999999999175380e-02
2.602777777777777857e+00 5.440000000000239783e-02
2.603472222222222410e+00 6.820000000000123186e-02
2.604166666666666519e+00 8.200000000000003120e-02
2.604861111111111072e+00 1.435999999999948151e-01
2.605555555555555625e+00 2.051999999999895574e-01
2.606249999999999734e+00 2.667999999999841609e-01
2.606944444444444731e+00 3.284000000000051323e-01
2.607638888888888840e+00 3.899999999999999578e-01
2.608333333333333393e+00 3.543999999999996597e-01
2.609027777777777946e+00 3.188000000000003054e-01
2.609722222222222054e+00 2.832000000000001738e-01
2.610416666666666607e+00 2.475999999999999035e-01
2.611111111111111160e+00 2.120000000000001605e-01
2.611805555555555269e+00 2.086000000000002852e-01
2.612499999999999378e+00 2.052000000000021585e-01
2.613194444444444375e+00 2.017999999999996186e-01
2.613888888888888928e+00 1.983999999999997987e-01
2.614583333333333481e+00 1.949999999999999789e-01
2.615277777777777590e+00 1.864000000000005652e-01
2.615972222222222143e+00 1.778000000000015957e-01
2.616666666666666696e+00 1.692000000000021820e-01
2.617361111111111249e+00 1.605999999999994099e-01
2.618055555555555802e+00 1.520000000000000240e-01
2.618749999999999911e+00 1.510000000000001064e-01
2.619444444444444464e+00 1.500000000000001055e-01
2.620138888888889017e+00 1.489999999999999658e-01
2.620833333333333126e+00 1.479999999999999094e-01
2.621527777777777679e+00 1.469999999999998808e-01
2.622222222222222232e+00 1.661999999999985156e-01
2.622916666666666341e+00 1.853999999999884629e-01
2.623611111111111338e+00 2.046000000000034735e-01
2.624305555555555447e+00 2.238000000000014700e-01
2.625000000000000000e+00 2.430000000000000770e-01
2.625694444444444553e+00 2.420000000000002705e-01
2.626388888888888662e+00 2.410000000000004083e-01
2.627083333333333215e+00 2.400000000000002687e-01
2.627777777777777768e+00 2.389999999999996572e-01
2.628472222222222321e+00 2.379999999999998783e-01
2.629166666666666874e+00 2.331999999999999629e-01
2.629861111111110983e+00 2.284000000000000474e-01
2.630555555555555536e+00 2.235999999999998544e-01
2.631250000000000089e+00 2.188000000000002720e-01
2.631944444444444198e+00 2.139999999999998570e-01
2.632638888888888751e+00 2.259999999999992015e-01
2.633333333333332860e+00 2.379999999999930782e-01
2.634027777777777857e+00 2.500000000000019984e-01
2.634722222222222410e+00 2.620000000000010654e-01
2.635416666666666519e+00 2.740000000000000213e-01
2.636111111111111072e+00 3.353999999999947579e-01
2.636805555555555625e+00 3.967999999999895500e-01
2.637499999999999734e+00 4.581999999999842865e-01
2.638194444444444731e+00 5.196000000000056129e-01
2.638888888888888840e+00 5.809999999999997389e-01
2.639583333333333393e+00 5.796000000000001151e-01
2.640277777777777946e+00 5.781999999999998252e-01
2.640972222222222054e+00 5.768000000000003125e-01
2.641666666666666607e+00 5.753999999999999115e-01
2.642361111111111160e+00 5.739999999999996216e-01
2.643055555555555269e+00 5.728000000000001979e-01
2.643749999999999378e+00 5.716000000000006631e-01
2.644444444444444375e+00 5.703999999999997961e-01
2.645138888888888928e+00 5.692000000000001503e-01
2.645833333333333481e+00 5.679999999999998384e-01
2.646527777777777590e+00 5.709999999999992859e-01
2.647222222222222143e+00 5.739999999999993996e-01
2.647916666666666696e+00 5.769999999999996243e-01
2.648611111111111249e+00 5.800000000000007372e-01
2.649305555555555802e+00 5.830000000000001847e-01
2.649999999999999911e+00 5.815999999999996728e-01
2.650694444444444464e+00 5.802000000000002711e-01
2.651388888888889017e+00 5.787999999999998701e-01
2.652083333333333126e+00 5.773999999999998023e-01
2.652777777777777679e+00 5.760000000000001785e-01
2.653472222222222232e+00 5.743999999999995776e-01
2.654166666666666341e+00 5.728000000000014191e-01
2.654861111111111338e+00 5.711999999999992639e-01
2.655555555555555447e+00 5.696000000000002172e-01
2.656250000000000000e+00 5.679999999999998384e-01
2.656944444444444553e+00 5.666000000000003256e-01
2.657638888888888662e+00 5.652000000000002577e-01
2.658333333333333215e+00 5.638000000000000789e-01
2.659027777777777768e+00 5.624000000000001220e-01
2.659722222222222321e+00 5.609999999999998321e-01
2.660416666666666874e+00 5.594000000000004524e-01
2.661111111111110983e+00 5.577999999999997405e-01
2.661805555555555536e+00 5.562000000000004718e-01
2.662500000000000089e+00 5.545999999999999819e-01
2.663194444444444198e+00 5.530000000000002691e-01
2.663888888888888751e+00 5.515999999999999792e-01
2.664583333333332860e+00 5.502000000000004665e-01
2.665277777777777857e+00 5.487999999999998435e-01
2.665972222222222410e+00 5.473999999999997756e-01
2.666666666666666519e+00 5.460000000000003739e-01
2.667361111111111072e+00 4.738000000000003875e-01
2.668055555555555625e+00 4.016000000000002901e-01
2.668749999999999734e+00 3.294000000000002482e-01
2.669444444444444287e+00 2.571999999999999287e-01
2.670138888888888840e+00 1.849999999999998312e-01
2.670833333333332948e+00 1.700000000000024547e-01
2.671527777777777501e+00 1.550000000000051892e-01
2.672222222222222054e+00 1.400000000000077294e-01
2.672916666666667052e+00 1.249999999999975159e-01
2.673611111111111160e+00 1.099999999999999312e-01
2.674305555555555713e+00 1.278000000000000802e-01
2.675000000000000266e+00 1.456000000000000072e-01
2.675694444444444375e+00 1.633999999999997954e-01
2.676388888888888928e+00 1.812000000000000555e-01
2.677083333333333481e+00 1.990000000000002045e-01
2.677777777777777590e+00 2.611999999999998767e-01
2.678472222222222143e+00 3.233999999999996877e-01
2.679166666666666696e+00 3.855999999999998318e-01
2.679861111111110805e+00 4.478000000000005310e-01
2.680555555555555358e+00 5.100000000000002309e-01
2.681249999999999911e+00 5.082000000000004292e-01
2.681944444444444020e+00 5.064000000000007384e-01
2.682638888888888573e+00 5.046000000000010477e-01
2.683333333333333570e+00 5.027999999999999137e-01
2.684027777777778123e+00 5.010000000000005560e-01
2.684722222222222232e+00 4.987999999999995770e-01
2.685416666666666785e+00 4.965999999999997638e-01
2.686111111111111338e+00 4.944000000000004502e-01
2.686805555555555447e+00 4.921999999999999709e-01
2.687500000000000000e+00 4.899999999999998246e-01
2.688194444444444553e+00 4.933999999999997832e-01
2.688888888888888662e+00 4.967999999999996308e-01
2.689583333333333215e+00 5.001999999999997559e-01
2.690277777777777768e+00 5.035999999999998256e-01
2.690972222222221877e+00 5.069999999999997842e-01
2.691666666666666430e+00 5.048000000000004706e-01
2.692361111111110983e+00 5.026000000000011569e-01
2.693055555555555092e+00 5.004000000000012882e-01
2.693750000000000089e+00 4.981999999999996986e-01
2.694444444444444642e+00 4.960000000000002740e-01
2.695138888888889195e+00 4.935999999999997612e-01
2.695833333333333304e+00 4.912000000000000810e-01
2.696527777777777857e+00 4.887999999999999567e-01
2.697222222222222410e+00 4.863999999999997770e-01
2.697916666666666519e+00 4.840000000000004299e-01
2.698611111111111072e+00 4.817999999999997840e-01
2.699305555555555625e+00 4.795999999999995822e-01
2.699999999999999734e+00 4.774000000000002131e-01
2.700694444444444287e+00 4.752000000000005664e-01
2.701388888888888840e+00 4.729999999999996430e-01
2.702083333333332948e+00 4.704000000000004844e-01
2.702777777777777501e+00 4.678000000000009373e-01
2.703472222222222054e+00 4.652000000000011126e-01
2.704166666666667052e+00 4.625999999999991785e-01
2.704861111111111160e+00 4.600000000000004641e-01
2.705555555555555713e+00 4.573999999999996957e-01
2.706250000000000266e+00 4.548000000000004817e-01
2.706944444444444375e+00 4.521999999999996023e-01
2.707638888888888928e+00 4.496000000000003882e-01
2.708333333333333481e+00 4.469999999999995088e-01
2.709027777777777590e+00 4.442000000000002613e-01
2.709722222222222143e+00 4.413999999999999591e-01
2.710416666666666696e+00 4.385999999999996568e-01
2.711111111111110805e+00 4.358000000000004648e-01
2.711805555555555358e+00 4.329999999999998850e-01
2.712499999999999911e+00 4.302000000000005819e-01
2.713194444444444020e+00 4.274000000000009458e-01
2.713888888888888573e+00 4.246000000000015318e-01
2.714583333333333570e+00 4.217999999999992311e-01
2.715277777777778123e+00 4.190000000000001501e-01
2.715972222222222232e+00 4.159999999999996478e-01
2.716666666666666785e+00 4.129999999999997007e-01
2.717361111111111338e+00 4.100000000000004197e-01
2.718055555555555447e+00 4.070000000000001950e-01
2.718750000000000000e+00 4.039999999999996927e-01
2.719444444444444553e+00 4.009999999999996900e-01
2.720138888888888662e+00 3.980000000000004090e-01
2.720833333333333215e+00 3.950000000000000733e-01
2.721527777777777768e+00 3.919999999999997375e-01
2.722222222222221877e+00 3.889999999999998459e-01
2.722916666666666430e+00 3.858000000000009755e-01
2.723611111111110983e+00 3.826000000000011614e-01
2.724305555555555092e+00 3.794000000000012363e-01
2.725000000000000089e+00 3.761999999999996458e-01
2.725694444444444642e+00 3.729999999999997762e-01
2.726388888888889195e+00 3.695999999999997621e-01
2.727083333333333304e+00 3.661999999999996369e-01
2.727777777777777857e+00 3.627999999999996783e-01
2.728472222222222410e+00 3.593999999999995532e-01
2.729166666666666519e+00 3.559999999999996501e-01
2.729861111111111072e+00 3.525999999999996359e-01
2.730555555555555625e+00 3.491999999999995663e-01
2.731249999999999734e+00 3.457999999999998297e-01
2.731944444444444287e+00 3.423999999999997601e-01
2.732638888888888840e+00 3.389999999999997460e-01
2.733333333333332948e+00 3.352000000000004420e-01
2.734027777777777501e+00 3.314000000000010271e-01
2.734722222222222054e+00 3.276000000000017232e-01
2.735416666666667052e+00 3.237999999999991441e-01
2.736111111111111160e+00 3.199999999999997846e-01
2.736805555555555713e+00 3.163999999999997370e-01
2.737500000000000266e+00 3.127999999999999114e-01
2.738194444444444375e+00 3.091999999999999749e-01
2.738888888888888928e+00 3.056000000000002603e-01
2.739583333333333481e+00 3.020000000000002127e-01
2.740277777777777590e+00 2.979999999999999316e-01
2.740972222222222143e+00 2.939999999999997615e-01
2.741666666666666696e+00 2.900000000000001465e-01
2.742361111111110805e+00 2.859999999999998654e-01
2.743055555555555358e+00 2.819999999999997509e-01
2.743749999999999911e+00 2.780000000000007465e-01
2.744444444444444020e+00 2.740000000000015756e-01
2.745138888888888573e+00 2.700000000000021272e-01
2.745833333333333570e+00 2.659999999999993481e-01
2.746527777777778123e+00 2.620000000000000662e-01
2.747222222222222232e+00 2.616000000000000547e-01
2.747916666666666785e+00 2.611999999999998767e-01
2.748611111111111338e+00 2.608000000000001983e-01
2.749305555555555447e+00 2.603999999999999648e-01
2.750000000000000000e+00 2.600000000000000644e-01
2.750694444444444553e+00 2.556000000000001604e-01
2.751388888888888662e+00 2.511999999999998678e-01
2.752083333333333215e+00 2.467999999999998806e-01
2.752777777777777768e+00 2.423999999999997823e-01
2.753472222222221877e+00 2.379999999999998783e-01
2.754166666666666430e+00 2.334000000000007180e-01
2.754861111111110983e+00 2.288000000000014744e-01
2.755555555555555092e+00 2.242000000000022031e-01
2.756250000000000089e+00 2.195999999999990460e-01
2.756944444444444642e+00 2.149999999999998579e-01
2.757638888888889195e+00 2.102000000000002200e-01
2.758333333333333304e+00 2.053999999999998882e-01
2.759027777777777857e+00 2.006000000000001393e-01
2.759722222222222410e+00 1.958000000000000296e-01
2.760416666666666519e+00 1.909999999999998366e-01
2.761111111111111072e+00 1.860000000000001374e-01
2.761805555555555625e+00 1.810000000000001330e-01
2.762499999999999734e+00 1.760000000000000453e-01
2.763194444444444287e+00 1.709999999999999021e-01
2.763888888888888840e+00 1.659999999999998421e-01
2.764583333333332948e+00 1.610000000000009757e-01
2.765277777777777501e+00 1.560000000000016096e-01
2.765972222222222054e+00 1.510000000000025211e-01
2.766666666666667052e+00 1.459999999999992137e-01
2.767361111111111160e+00 1.409999999999998754e-01
2.768055555555555713e+00 1.359999999999999820e-01
2.768750000000000266e+00 1.310000000000000331e-01
2.769444444444444375e+00 1.259999999999999176e-01
2.770138888888888928e+00 1.210000000000001075e-01
2.770833333333333481e+00 1.159999999999999365e-01
2.771527777777777590e+00 1.125999999999999224e-01
2.772222222222222143e+00 1.091999999999999221e-01
2.772916666666666696e+00 1.057999999999999080e-01
2.773611111111110805e+00 1.023999999999999216e-01
2.774305555555555358e+00 9.900000000000001854e-02
2.774999999999999911e+00 7.920000000000346208e-02
2.775694444444444020e+00 5.940000000000669744e-02
2.776388888888888573e+00 3.960000000001016179e-02
2.777083333333333570e+00 1.979999999999663973e-02
2.777777777777778123e+00 0.000000000000000000e+00
2.778472222222222232e+00 9.999999999999991535e-03
2.779166666666666785e+00 1.999999999999998654e-02
2.779861111111111338e+00 2.999999999999998154e-02
2.780555555555555447e+00 3.999999999999997308e-02
2.781250000000000000e+00 5.000000000000003747e-02
2.781944444444444553e+00 3.999999999999997308e-02
2.782638888888888662e+00 2.999999999999998154e-02
2.783333333333333215e+00 1.999999999999998654e-02
2.784027777777777768e+00 9.999999999999993269e-03
2.784722222222221877e+00 0.000000000000000000e+00
2.785416666666666430e+00 0.000000000000000000e+00
2.786111111111110983e+00 0.000000000000000000e+00
2.786805555555555092e+00 0.000000000000000000e+00
2.787500000000000089e+00 0.000000000000000000e+00
2.788194444444444642e+00 0.000000000000000000e+00
2.788888888888889195e+00 0.000000000000000000e+00
2.789583333333333304e+00 0.000000000000000000e+00
2.790277777777777857e+00 0.000000000000000000e+00
2.790972222222222410e+00 0.000000000000000000e+00
2.791666666666666519e+00 0.000000000000000000e+00
2.792361111111111072e+00 0.000000000000000000e+00
2.793055555555555625e+00 0.000000000000000000e+00
2.793749999999999734e+00 0.000000000000000000e+00
2.794444444444444287e+00 0.000000000000000000e+00
2.795138888888888840e+00 0.000000000000000000e+00
2.795833333333332948e+00 0.000000000000000000e+00
2.796527777777777501e+00 0.000000000000000000e+00
2.797222222222222054e+00 0.000000000000000000e+00
2.797916666666667052e+00 0.000000000000000000e+00
2.798611111111111160e+00 0.000000000000000000e+00
2.799305555555555713e+00 0.000000000000000000e+00
2.800000000000000266e+00 0.000000000000000000e+00
2.800694444444444375e+00 0.000000000000000000e+00
2.801388888888888928e+00 0.000000000000000000e+00
2.802083333333333481e+00 0.000000000000000000e+00
2.802777777777777590e+00 0.000000000000000000e+00
2.803472222222222143e+00 0.000000000000000000e+00
2.804166666666666696e+00 0.000000000000000000e+00
2.804861111111110805e+00 0.000000000000000000e+00
2.805555555555555358e+00 0.000000000000000000e+00
2.806249999999999911e+00 0.000000000000000000e+00
2.806944444444444020e+00 0.000000000000000000e+00
2.807638888888888573e+00 0.000000000000000000e+00
2.808333333333333570e+00 0.000000000000000000e+00
2.809027777777778123e+00 0.000000000000000000e+00
2.809722222222222232e+00 0.000000000000000000e+00
2.810416666666666785e+00 0.000000000000000000e+00
2.811111111111111338e+00 0.000000000000000000e+00
2.811805555555555447e+00 0.000000000000000000e+00
2.812500000000000000e+00 0.000000000000000000e+00
2.813194444444444553e+00 0.000000000000000000e+00
2.813888888888888662e+00 0.000000000000000000e+00
2.814583333333333215e+00 0.000000000000000000e+00
2.815277777777777768e+00 0.000000000000000000e+00
2.815972222222221877e+00 0.000000000000000000e+00
2.816666666666666430e+00 0.000000000000000000e+00
2.817361111111110983e+00 0.000000000000000000e+00
2.818055555555555092e+00 0.000000000000000000e+00
2.818750000000000089e+00 0.000000000000000000e+00
2.819444444444444642e+00 0.000000000000000000e+00
2.820138888888889195e+00 0.000000000000000000e+00
2.820833333333333304e+00 0.000000000000000000e+00
2.821527777777777857e+00 0.000000000000000000e+00
2.822222222222222410e+00 0.000000000000000000e+00
2.822916666666666519e+00 0.000000000000000000e+00
2.823611111111111072e+00 0.000000000000000000e+00
2.824305555555555625e+00 0.000000000000000000e+00
2.824999999999999734e+00 0.000000000000000000e+00
2.825694444444444287e+00 0.000000000000000000e+00
2.826388888888888840e+00 0.000000000000000000e+00
2.827083333333332948e+00 0.000000000000000000e+00
2.827777777777777501e+00 0.000000000000000000e+00
2.828472222222222054e+00 0.000000000000000000e+00
2.829166666666667052e+00 0.000000000000000000e+00
2.829861111111111160e+00 0.000000000000000000e+00
2.830555555555555713e+00 0.000000000000000000e+00
2.831250000000000266e+00 0.000000000000000000e+00
2.831944444444444375e+00 0.000000000000000000e+00
2.832638888888888928e+00 0.000000000000000000e+00
2.833333333333333481e+00 0.000000000000000000e+00
2.834027777777777590e+00 0.000000000000000000e+00
2.834722222222222143e+00 0.000000000000000000e+00
2.835416666666666696e+00 0.000000000000000000e+00
2.836111111111110805e+00 0.000000000000000000e+00
2.836805555555555358e+00 0.000000000000000000e+00
2.837499999999999911e+00 0.000000000000000000e+00
2.838194444444444020e+00 0.000000000000000000e+00
2.838888888888888573e+00 0.000000000000000000e+00
2.839583333333333570e+00 0.000000000000000000e+00
2.840277777777778123e+00 0.000000000000000000e+00
2.840972222222222232e+00 0.000000000000000000e+00
2.841666666666666785e+00 0.000000000000000000e+00
2.842361111111111338e+00 0.000000000000000000e+00
2.843055555555555447e+00 0.000000000000000000e+00
2.843750000000000000e+00 0.000000000000000000e+00
2.844444444444444553e+00 0.000000000000000000e+00
2.845138888888888662e+00 0.000000000000000000e+00
2.845833333333333215e+00 0.000000000000000000e+00
2.846527777777777768e+00 0.000000000000000000e+00
2.847222222222221877e+00 0.000000000000000000e+00
2.847916666666666430e+00 0.000000000000000000e+00
2.848611111111110983e+00 0.000000000000000000e+00
2.849305555555555092e+00 0.000000000000000000e+00
2.850000000000000089e+00 0.000000000000000000e+00
2.850694444444444642e+00 0.000000000000000000e+00
2.851388888888889195e+00 0.000000000000000000e+00
2.852083333333333304e+00 0.000000000000000000e+00
2.852777777777777857e+00 0.000000000000000000e+00
2.853472222222222410e+00 0.000000000000000000e+00
2.854166666666666519e+00 0.000000000000000000e+00
2.854861111111111072e+00 0.000000000000000000e+00
2.855555555555555625e+00 0.000000000000000000e+00
2.856249999999999734e+00 0.000000000000000000e+00
2.856944444444444287e+00 0.000000000000000000e+00
2.857638888888888840e+00 0.000000000000000000e+00
2.858333333333332948e+00 0.000000000000000000e+00
2.859027777777777501e+00 0.000000000000000000e+00
2.859722222222222054e+00 0.000000000000000000e+00
2.860416666666667052e+00 0.000000000000000000e+00
2.861111111111111160e+00 0.000000000000000000e+00
2.861805555555555713e+00 0.000000000000000000e+00
2.862500000000000266e+00 0.000000000000000000e+00
2.863194444444444375e+00 0.000000000000000000e+00
2.863888888888888928e+00 0.000000000000000000e+00
2.864583333333333481e+00 0.000000000000000000e+00
2.865277777777777590e+00 0.000000000000000000e+00
2.865972222222222143e+00 0.000000000000000000e+00
2.866666666666666696e+00 0.000000000000000000e+00
2.867361111111110805e+00 0.000000000000000000e+00
2.868055555555555358e+00 0.000000000000000000e+00
2.868749999999999911e+00 0.000000000000000000e+00
2.869444444444444020e+00 0.000000000000000000e+00
2.870138888888888573e+00 0.000000000000000000e+00
2.870833333333333570e+00 0.000000000000000000e+00
2.871527777777778123e+00 0.000000000000000000e+00
2.872222222222222232e+00 0.000000000000000000e+00
2.872916666666666785e+00 0.000000000000000000e+00
2.873611111111111338e+00 0.000000000000000000e+00
2.874305555555555447e+00 0.000000000000000000e+00
2.875000000000000000e+00 0.000000000000000000e+00
2.875694444444444553e+00 0.000000000000000000e+00
2.876388888888888662e+00 0.000000000000000000e+00
2.877083333333333215e+00 0.000000000000000000e+00
2.877777777777777768e+00 0.000000000000000000e+00
2.878472222222221877e+00 0.000000000000000000e+00
2.879166666666666430e+00 0.000000000000000000e+00
2.879861111111110983e+00 0.000000000000000000e+00
2.880555555555555092e+00 0.000000000000000000e+00
2.881250000000000089e+00 0.000000000000000000e+00
2.881944444444444642e+00 0.000000000000000000e+00
2.882638888888889195e+00 0.000000000000000000e+00
2.883333333333333304e+00 0.000000000000000000e+00
2.884027777777777857e+00 0.000000000000000000e+00
2.884722222222222410e+00 0.000000000000000000e+00
2.885416666666666519e+00 0.000000000000000000e+00
2.886111111111111072e+00 0.000000000000000000e+00
2.886805555555555625e+00 0.000000000000000000e+00
2.887499999999999734e+00 0.000000000000000000e+00
2.888194444444444287e+00 0.000000000000000000e+00
2.888888888888888840e+00 0.000000000000000000e+00
2.889583333333332948e+00 0.000000000000000000e+00
2.890277777777777501e+00 0.000000000000000000e+00
2.890972222222222054e+00 0.000000000000000000e+00
2.891666666666667052e+00 0.000000000000000000e+00
2.892361111111111160e+00 0.000000000000000000e+00
2.893055555555555713e+00 0.000000000000000000e+00
2.893750000000000266e+00 0.000000000000000000e+00
2.894444444444444375e+00 0.000000000000000000e+00
2.895138888888888928e+00 0.000000000000000000e+00
2.895833333333333481e+00 0.000000000000000000e+00
2.896527777777777590e+00 0.000000000000000000e+00
2.897222222222222143e+00 0.000000000000000000e+00
2.897916666666666696e+00 0.000000000000000000e+00
2.898611111111110805e+00 0.000000000000000000e+00
2.899305555555555358e+00 0.000000000000000000e+00
2.899999999999999911e+00 0.000000000000000000e+00
2.900694444444444020e+00 0.000000000000000000e+00
2.901388888888888573e+00 0.000000000000000000e+00
2.902083333333333570e+00 0.000000000000000000e+00
2.902777777777778123e+00 0.000000000000000000e+00
2.903472222222222232e+00 0.000000000000000000e+00
2.904166666666666785e+00 0.000000000000000000e+00
2.904861111111111338e+00 0.000000000000000000e+00
2.905555555555555447e+00 0.000000000000000000e+00
2.906250000000000000e+00 0.000000000000000000e+00
2.906944444444444553e+00 0.000000000000000000e+00
2.907638888888888662e+00 0.000000000000000000e+00
2.908333333333333215e+00 0.000000000000000000e+00
2.909027777777777768e+00 0.000000000000000000e+00
2.909722222222221877e+00 0.000000000000000000e+00
2.910416666666666430e+00 0.000000000000000000e+00
2.911111111111110983e+00 0.000000000000000000e+00
2.911805555555555092e+00 0.000000000000000000e+00
2.912500000000000089e+00 0.000000000000000000e+00
2.913194444444444642e+00 0.000000000000000000e+00
2.913888888888889195e+00 0.000000000000000000e+00
2.914583333333333304e+00 0.000000000000000000e+00
2.915277777777777857e+00 0.000000000000000000e+00
2.915972222222222410e+00 0.000000000000000000e+00
2.916666666666666519e+00 0.000000000000000000e+00
2.917361111111111072e+00 0.000000000000000000e+00
2.918055555555555625e+00 0.000000000000000000e+00
2.918749999999999734e+00 0.000000000000000000e+00
2.919444444444444287e+00 0.000000000000000000e+00
2.920138888888888840e+00 0.000000000000000000e+00
2.920833333333332948e+00 0.000000000000000000e+00
2.921527777777777501e+00 0.000000000000000000e+00
2.922222222222222054e+00 0.000000000000000000e+00
2.922916666666667052e+00 0.000000000000000000e+00
2.923611111111111160e+00 0.000000000000000000e+00
2.924305555555555713e+00 0.000000000000000000e+00
2.925000000000000266e+00 0.000000000000000000e+00
2.925694444444444375e+00 0.000000000000000000e+00
2.926388888888888928e+00 0.000000000000000000e+00
2.927083333333333481e+00 0.000000000000000000e+00
2.927777777777777590e+00 0.000000000000000000e+00
2.928472222222222143e+00 0.000000000000000000e+00
2.929166666666666696e+00 0.000000000000000000e+00
2.929861111111110805e+00 0.000000000000000000e+00
2.930555555555555358e+00 0.000000000000000000e+00
2.931249999999999911e+00 0.000000000000000000e+00
2.931944444444444020e+00 0.000000000000000000e+00
2.932638888888888573e+00 0.000000000000000000e+00
2.933333333333333570e+00 0.000000000000000000e+00
2.934027777777778123e+00 0.000000000000000000e+00
2.934722222222222232e+00 0.000000000000000000e+00
2.935416666666666785e+00 0.000000000000000000e+00
2.936111111111111338e+00 0.000000000000000000e+00
2.936805555555555447e+00 0.000000000000000000e+00
2.937500000000000000e+00 0.000000000000000000e+00
2.938194444444444553e+00 0.000000000000000000e+00
2.938888888888888662e+00 0.000000000000000000e+00
2.939583333333333215e+00 0.000000000000000000e+00
2.940277777777777768e+00 0.000000000000000000e+00
2.940972222222221877e+00 0.000000000000000000e+00
2.941666666666666430e+00 0.000000000000000000e+00
2.942361111111110983e+00 0.000000000000000000e+00
2.943055555555555092e+00 0.000000000000000000e+00
2.943750000000000089e+00 0.000000000000000000e+00
2.944444444444444642e+00 0.000000000000000000e+00
2.945138888888889195e+00 0.000000000000000000e+00
2.945833333333333304e+00 0.000000000000000000e+00
2.946527777777777857e+00 0.000000000000000000e+00
2.947222222222222410e+00 0.000000000000000000e+00
2.947916666666666519e+00 0.000000000000000000e+00
2.948611111111111072e+00 0.000000000000000000e+00
2.949305555555555625e+00 0.000000000000000000e+00
2.949999999999999734e+00 0.000000000000000000e+00
2.950694444444444287e+00 0.000000000000000000e+00
2.951388888888888840e+00 0.000000000000000000e+00
2.952083333333332948e+00 0.000000000000000000e+00
2.952777777777777501e+00 0.000000000000000000e+00
2.953472222222222054e+00 0.000000000000000000e+00
2.954166666666667052e+00 0.000000000000000000e+00
2.954861111111111160e+00 0.000000000000000000e+00
2.955555555555555713e+00 0.000000000000000000e+00
2.956250000000000266e+00 0.000000000000000000e+00
2.956944444444444375e+00 0.000000000000000000e+00
2.957638888888888928e+00 0.000000000000000000e+00
2.958333333333333481e+00 0.000000000000000000e+00
2.959027777777777590e+00 0.000000000000000000e+00
2.959722222222222143e+00 0.000000000000000000e+00
2.960416666666666696e+00 0.000000000000000000e+00
2.961111111111110805e+00 0.000000000000000000e+00
2.961805555555555358e+00 0.000000000000000000e+00
2.962499999999999911e+00 0.000000000000000000e+00
2.963194444444444020e+00 0.000000000000000000e+00
2.963888888888888573e+00 0.000000000000000000e+00
2.964583333333333570e+00 0.000000000000000000e+00
2.965277777777778123e+00 0.000000000000000000e+00
2.965972222222222232e+00 0.000000000000000000e+00
2.966666666666666785e+00 0.000000000000000000e+00
2.967361111111111338e+00 0.000000000000000000e+00
2.968055555555555447e+00 0.000000000000000000e+00
2.968750000000000000e+00 0.000000000000000000e+00
2.969444444444444553e+00 0.000000000000000000e+00
2.970138888888888662e+00 0.000000000000000000e+00
2.970833333333333215e+00 0.000000000000000000e+00
2.971527777777777768e+00 0.000000000000000000e+00
2.972222222222221877e+00 0.000000000000000000e+00
2.972916666666666430e+00 0.000000000000000000e+00
2.973611111111110983e+00 0.000000000000000000e+00
2.974305555555555092e+00 0.000000000000000000e+00
2.975000000000000089e+00 0.000000000000000000e+00
2.975694444444444642e+00 0.000000000000000000e+00
2.976388888888889195e+00 0.000000000000000000e+00
2.977083333333333304e+00 0.000000000000000000e+00
2.977777777777777857e+00 0.000000000000000000e+00
2.978472222222222410e+00 0.000000000000000000e+00
2.979166666666666519e+00 0.000000000000000000e+00
2.979861111111111072e+00 0.000000000000000000e+00
2.980555555555555625e+00 0.000000000000000000e+00
2.981249999999999734e+00 0.000000000000000000e+00
2.981944444444444287e+00 0.000000000000000000e+00
2.982638888888888840e+00 0.000000000000000000e+00
2.983333333333332948e+00 0.000000000000000000e+00
2.984027777777777501e+00 0.000000000000000000e+00
2.984722222222222054e+00 0.000000000000000000e+00
2.985416666666667052e+00 0.000000000000000000e+00
2.986111111111111160e+00 0.000000000000000000e+00
2.986805555555555713e+00 0.000000000000000000e+00
2.987500000000000266e+00 0.000000000000000000e+00
2.988194444444444375e+00 0.000000000000000000e+00
2.988888888888888928e+00 0.000000000000000000e+00
2.989583333333333481e+00 0.000000000000000000e+00
2.990277777777777590e+00 0.000000000000000000e+00
2.990972222222222143e+00 0.000000000000000000e+00
2.991666666666666696e+00 0.000000000000000000e+00
2.992361111111110805e+00 0.000000000000000000e+00
2.993055555555555358e+00 0.000000000000000000e+00
2.993749999999999911e+00 0.000000000000000000e+00
2.994444444444444020e+00 0.000000000000000000e+00
2.995138888888888573e+00 0.000000000000000000e+00
2.995833333333333570e+00 0.000000000000000000e+00
2.996527777777778123e+00 0.000000000000000000e+00
2.997222222222222232e+00 0.000000000000000000e+00
2.997916666666666785e+00 0.000000000000000000e+00
2.998611111111111338e+00 0.000000000000000000e+00
2.999305555555555447e+00 0.000000000000000000e+00
3.000000000000000000e+00 0.000000000000000000e+00
3.000694444444444553e+00 0.000000000000000000e+00
3.001388888888888662e+00 0.000000000000000000e+00
3.002083333333333215e+00 0.000000000000000000e+00
3.002777777777777768e+00 0.000000000000000000e+00
3.003472222222221877e+00 0.000000000000000000e+00
3.004166666666666430e+00 0.000000000000000000e+00
3.004861111111110983e+00 0.000000000000000000e+00
3.005555555555555092e+00 0.000000000000000000e+00
3.006250000000000089e+00 0.000000000000000000e+00
3.006944444444444642e+00 0.000000000000000000e+00
3.007638888888889195e+00 0.000000000000000000e+00
3.008333333333333304e+00 0.000000000000000000e+00
3.009027777777777857e+00 0.000000000000000000e+00
3.009722222222222410e+00 0.000000000000000000e+00
3.010416666666666519e+00 0.000000000000000000e+00
3.011111111111111072e+00 0.000000000000000000e+00
3.011805555555555625e+00 0.000000000000000000e+00
3.012499999999999734e+00 0.000000000000000000e+00
3.013194444444444287e+00 0.000000000000000000e+00
3.013888888888888840e+00 0.000000000000000000e+00
3.014583333333332948e+00 0.000000000000000000e+00
3.015277777777777501e+00 0.000000000000000000e+00
3.015972222222222054e+00 0.000000000000000000e+00
3.016666666666667052e+00 0.000000000000000000e+00
3.017361111111111160e+00 0.000000000000000000e+00
3.018055555555555713e+00 0.000000000000000000e+00
3.018750000000000266e+00 0.000000000000000000e+00
3.019444444444444375e+00 0.000000000000000000e+00
3.020138888888888928e+00 0.000000000000000000e+00
3.020833333333333481e+00 0.000000000000000000e+00
3.021527777777777590e+00 0.000000000000000000e+00
3.022222222222222143e+00 0.000000000000000000e+00
3.022916666666666696e+00 0.000000000000000000e+00
3.023611111111110805e+00 0.000000000000000000e+00
3.024305555555555358e+00 0.000000000000000000e+00
3.024999999999999911e+00 0.000000000000000000e+00
3.025694444444444020e+00 0.000000000000000000e+00
3.026388888888888573e+00 0.000000000000000000e+00
3.027083333333333570e+00 0.000000000000000000e+00
3.027777777777778123e+00 0.000000000000000000e+00
3.028472222222222232e+00 0.000000000000000000e+00
3.029166666666666785e+00 0.000000000000000000e+00
3.029861111111111338e+00 0.000000000000000000e+00
3.030555555555555447e+00 0.000000000000000000e+00
3.031250000000000000e+00 0.000000000000000000e+00
3.031944444444444553e+00 0.000000000000000000e+00
3.032638888888888662e+00 0.000000000000000000e+00
3.033333333333333215e+00 0.000000000000000000e+00
3.034027777777777768e+00 0.000000000000000000e+00
3.034722222222221877e+00 0.000000000000000000e+00
3.035416666666666430e+00 0.000000000000000000e+00
3.036111111111110983e+00 0.000000000000000000e+00
3.036805555555555980e+00 0.000000000000000000e+00
3.037500000000000089e+00 0.000000000000000000e+00
3.038194444444444642e+00 0.000000000000000000e+00
3.038888888888889195e+00 0.000000000000000000e+00
3.039583333333333304e+00 0.000000000000000000e+00
3.040277777777777857e+00 0.000000000000000000e+00
3.040972222222222410e+00 0.000000000000000000e+00
3.041666666666666519e+00 0.000000000000000000e+00
3.042361111111111072e+00 0.000000000000000000e+00
3.043055555555555625e+00 0.000000000000000000e+00
3.043749999999999734e+00 0.000000000000000000e+00
3.044444444444444287e+00 0.000000000000000000e+00
3.045138888888888840e+00 0.000000000000000000e+00
3.045833333333332948e+00 0.000000000000000000e+00
3.046527777777777501e+00 0.000000000000000000e+00
3.047222222222222499e+00 0.000000000000000000e+00
3.047916666666667052e+00 0.000000000000000000e+00
3.048611111111111160e+00 0.000000000000000000e+00
3.049305555555555713e+00 0.000000000000000000e+00
3.050000000000000266e+00 0.000000000000000000e+00
3.050694444444444375e+00 0.000000000000000000e+00
3.051388888888888928e+00 0.000000000000000000e+00
3.052083333333333481e+00 0.000000000000000000e+00
3.052777777777777590e+00 0.000000000000000000e+00
3.053472222222222143e+00 0.000000000000000000e+00
3.054166666666666696e+00 0.000000000000000000e+00
3.054861111111110805e+00 0.000000000000000000e+00
3.055555555555555358e+00 0.000000000000000000e+00
3.056249999999999911e+00 0.000000000000000000e+00
3.056944444444444020e+00 0.000000000000000000e+00
3.057638888888889017e+00 0.000000000000000000e+00
3.058333333333333570e+00 0.000000000000000000e+00
3.059027777777778123e+00 0.000000000000000000e+00
3.059722222222222232e+00 0.000000000000000000e+00
3.060416666666666785e+00 0.000000000000000000e+00
3.061111111111111338e+00 0.000000000000000000e+00
3.061805555555555447e+00 0.000000000000000000e+00
3.062500000000000000e+00 0.000000000000000000e+00
3.063194444444444553e+00 0.000000000000000000e+00
3.063888888888888662e+00 0.000000000000000000e+00
3.064583333333333215e+00 0.000000000000000000e+00
3.065277777777777768e+00 0.000000000000000000e+00
3.065972222222221877e+00 0.000000000000000000e+00
3.066666666666666430e+00 0.000000000000000000e+00
3.067361111111110983e+00 0.000000000000000000e+00
3.068055555555555980e+00 0.000000000000000000e+00
3.068750000000000089e+00 0.000000000000000000e+00
3.069444444444444642e+00 0.000000000000000000e+00
3.070138888888889195e+00 0.000000000000000000e+00
3.070833333333333304e+00 0.000000000000000000e+00
3.071527777777777857e+00 0.000000000000000000e+00
3.072222222222222410e+00 0.000000000000000000e+00
3.072916666666666519e+00 0.000000000000000000e+00
3.073611111111111072e+00 0.000000000000000000e+00
3.074305555555555625e+00 0.000000000000000000e+00
3.074999999999999734e+00 0.000000000000000000e+00
3.075694444444444287e+00 0.000000000000000000e+00
3.076388888888888840e+00 0.000000000000000000e+00
3.077083333333332948e+00 0.000000000000000000e+00
3.077777777777777501e+00 0.000000000000000000e+00
3.078472222222222499e+00 0.000000000000000000e+00
3.079166666666667052e+00 0.000000000000000000e+00
3.079861111111111160e+00 0.000000000000000000e+00
3.080555555555555713e+00 0.000000000000000000e+00
3.081250000000000266e+00 0.000000000000000000e+00
3.081944444444444375e+00 0.000000000000000000e+00
3.082638888888888928e+00 0.000000000000000000e+00
3.083333333333333481e+00 0.000000000000000000e+00
3.084027777777777590e+00 0.000000000000000000e+00
3.084722222222222143e+00 0.000000000000000000e+00
3.085416666666666696e+00 0.000000000000000000e+00
3.086111111111110805e+00 0.000000000000000000e+00
3.086805555555555358e+00 0.000000000000000000e+00
3.087499999999999911e+00 0.000000000000000000e+00
3.088194444444444020e+00 0.000000000000000000e+00
3.088888888888889017e+00 0.000000000000000000e+00
3.089583333333333570e+00 0.000000000000000000e+00
3.090277777777778123e+00 0.000000000000000000e+00
3.090972222222222232e+00 0.000000000000000000e+00
3.091666666666666785e+00 0.000000000000000000e+00
3.092361111111111338e+00 0.000000000000000000e+00
3.093055555555555447e+00 0.000000000000000000e+00
3.093750000000000000e+00 0.000000000000000000e+00
3.094444444444444553e+00 0.000000000000000000e+00
3.095138888888888662e+00 0.000000000000000000e+00
3.095833333333333215e+00 0.000000000000000000e+00
3.096527777777777768e+00 0.000000000000000000e+00
3.097222222222221877e+00 0.000000000000000000e+00
3.097916666666666430e+00 0.000000000000000000e+00
3.098611111111110983e+00 0.000000000000000000e+00
3.099305555555555980e+00 0.000000000000000000e+00
3.100000000000000089e+00 0.000000000000000000e+00
3.100694444444444642e+00 0.000000000000000000e+00
3.101388888888889195e+00 0.000000000000000000e+00
3.102083333333333304e+00 0.000000000000000000e+00
3.102777777777777857e+00 0.000000000000000000e+00
3.103472222222222410e+00 0.000000000000000000e+00
3.104166666666666519e+00 0.000000000000000000e+00
3.104861111111111072e+00 0.000000000000000000e+00
3.105555555555555625e+00 0.000000000000000000e+00
3.106249999999999734e+00 0.000000000000000000e+00
3.106944444444444287e+00 0.000000000000000000e+00
3.107638888888888840e+00 0.000000000000000000e+00
3.108333333333332948e+00 0.000000000000000000e+00
3.109027777777777501e+00 0.000000000000000000e+00
3.109722222222222499e+00 0.000000000000000000e+00
3.110416666666667052e+00 0.000000000000000000e+00
3.111111111111111160e+00 0.000000000000000000e+00
3.111805555555555713e+00 0.000000000000000000e+00
3.112500000000000266e+00 0.000000000000000000e+00
3.113194444444444375e+00 0.000000000000000000e+00
3.113888888888888928e+00 0.000000000000000000e+00
3.114583333333333481e+00 0.000000000000000000e+00
3.115277777777777590e+00 0.000000000000000000e+00
3.115972222222222143e+00 0.000000000000000000e+00
3.116666666666666696e+00 0.000000000000000000e+00
3.117361111111110805e+00 0.000000000000000000e+00
3.118055555555555358e+00 0.000000000000000000e+00
3.118749999999999911e+00 0.000000000000000000e+00
3.119444444444444020e+00 0.000000000000000000e+00
3.120138888888889017e+00 0.000000000000000000e+00
3.120833333333333570e+00 0.000000000000000000e+00
3.121527777777778123e+00 0.000000000000000000e+00
3.122222222222222232e+00 0.000000000000000000e+00
3.122916666666666785e+00 0.000000000000000000e+00
3.123611111111111338e+00 0.000000000000000000e+00
3.124305555555555447e+00 0.000000000000000000e+00
3.125000000000000000e+00 0.000000000000000000e+00
3.125694444444444553e+00 0.000000000000000000e+00
3.126388888888888662e+00 0.000000000000000000e+00
3.127083333333333215e+00 0.000000000000000000e+00
3.127777777777777768e+00 0.000000000000000000e+00
3.128472222222221877e+00 0.000000000000000000e+00
3.129166666666666430e+00 0.000000000000000000e+00
3.129861111111110983e+00 0.000000000000000000e+00
3.130555555555555980e+00 0.000000000000000000e+00
3.131250000000000089e+00 0.000000000000000000e+00
3.131944444444444642e+00 0.000000000000000000e+00
3.132638888888889195e+00 0.000000000000000000e+00
3.133333333333333304e+00 0.000000000000000000e+00
3.134027777777777857e+00 0.000000000000000000e+00
3.134722222222222410e+00 0.000000000000000000e+00
3.135416666666666519e+00 0.000000000000000000e+00
3.136111111111111072e+00 0.000000000000000000e+00
3.136805555555555625e+00 0.000000000000000000e+00
3.137499999999999734e+00 0.000000000000000000e+00
3.138194444444444287e+00 0.000000000000000000e+00
3.138888888888888840e+00 0.000000000000000000e+00
3.139583333333332948e+00 0.000000000000000000e+00
3.140277777777777501e+00 0.000000000000000000e+00
3.140972222222222499e+00 0.000000000000000000e+00
3.141666666666667052e+00 0.000000000000000000e+00
3.142361111111111160e+00 0.000000000000000000e+00
3.143055555555555713e+00 0.000000000000000000e+00
3.143750000000000266e+00 0.000000000000000000e+00
3.144444444444444375e+00 0.000000000000000000e+00
3.145138888888888928e+00 0.000000000000000000e+00
3.145833333333333481e+00 0.000000000000000000e+00
3.146527777777777590e+00 0.000000000000000000e+00
3.147222222222222143e+00 0.000000000000000000e+00
3.147916666666666696e+00 0.000000000000000000e+00
3.148611111111110805e+00 0.000000000000000000e+00
3.149305555555555358e+00 0.000000000000000000e+00
3.149999999999999911e+00 0.000000000000000000e+00
3.150694444444444020e+00 0.000000000000000000e+00
3.151388888888889017e+00 0.000000000000000000e+00
3.152083333333333570e+00 0.000000000000000000e+00
3.152777777777778123e+00 0.000000000000000000e+00
3.153472222222222232e+00 0.000000000000000000e+00
3.154166666666666785e+00 0.000000000000000000e+00
3.154861111111111338e+00 0.000000000000000000e+00
3.155555555555555447e+00 0.000000000000000000e+00
3.156250000000000000e+00 0.000000000000000000e+00
3.156944444444444553e+00 0.000000000000000000e+00
3.157638888888888662e+00 0.000000000000000000e+00
3.158333333333333215e+00 0.000000000000000000e+00
3.159027777777777768e+00 0.000000000000000000e+00
3.159722222222221877e+00 0.000000000000000000e+00
3.160416666666666430e+00 0.000000000000000000e+00
3.161111111111110983e+00 0.000000000000000000e+00
3.161805555555555980e+00 0.000000000000000000e+00
3.162500000000000089e+00 0.000000000000000000e+00
3.163194444444444642e+00 0.000000000000000000e+00
3.163888888888889195e+00 0.000000000000000000e+00
3.164583333333333304e+00 0.000000000000000000e+00
3.165277777777777857e+00 0.000000000000000000e+00
3.165972222222222410e+00 0.000000000000000000e+00
3.166666666666666519e+00 0.000000000000000000e+00
3.167361111111111072e+00 0.000000000000000000e+00
3.168055555555555625e+00 0.000000000000000000e+00
3.168749999999999734e+00 0.000000000000000000e+00
3.169444444444444287e+00 0.000000000000000000e+00
3.170138888888888840e+00 0.000000000000000000e+00
3.170833333333332948e+00 0.000000000000000000e+00
3.171527777777777501e+00 0.000000000000000000e+00
3.172222222222222499e+00 0.000000000000000000e+00
3.172916666666667052e+00 0.000000000000000000e+00
3.173611111111111160e+00 0.000000000000000000e+00
3.174305555555555713e+00 0.000000000000000000e+00
3.175000000000000266e+00 0.000000000000000000e+00
3.175694444444444375e+00 0.000000000000000000e+00
3.176388888888888928e+00 0.000000000000000000e+00
3.177083333333333481e+00 0.000000000000000000e+00
3.177777777777777590e+00 0.000000000000000000e+00
3.178472222222222143e+00 0.000000000000000000e+00
3.179166666666666696e+00 0.000000000000000000e+00
3.179861111111110805e+00 0.000000000000000000e+00
3.180555555555555358e+00 0.000000000000000000e+00
3.181249999999999911e+00 0.000000000000000000e+00
3.181944444444444020e+00 0.000000000000000000e+00
3.182638888888889017e+00 0.000000000000000000e+00
3.183333333333333570e+00 0.000000000000000000e+00
3.184027777777778123e+00 0.000000000000000000e+00
3.184722222222222232e+00 0.000000000000000000e+00
3.185416666666666785e+00 0.000000000000000000e+00
3.186111111111111338e+00 0.000000000000000000e+00
3.186805555555555447e+00 0.000000000000000000e+00
3.187500000000000000e+00 0.000000000000000000e+00
3.188194444444444553e+00 0.000000000000000000e+00
3.188888888888888662e+00 0.000000000000000000e+00
3.189583333333333215e+00 0.000000000000000000e+00
3.190277777777777768e+00 0.000000000000000000e+00
3.190972222222221877e+00 0.000000000000000000e+00
3.191666666666666430e+00 0.000000000000000000e+00
3.192361111111110983e+00 0.000000000000000000e+00
3.193055555555555980e+00 0.000000000000000000e+00
3.193750000000000089e+00 0.000000000000000000e+00
3.194444444444444642e+00 0.000000000000000000e+00
3.195138888888889195e+00 0.000000000000000000e+00
3.195833333333333304e+00 0.000000000000000000e+00
3.196527777777777857e+00 0.000000000000000000e+00
3.197222222222222410e+00 0.000000000000000000e+00
3.197916666666666519e+00 0.000000000000000000e+00
3.198611111111111072e+00 0.000000000000000000e+00
3.199305555555555625e+00 0.000000000000000000e+00
3.199999999999999734e+00 0.000000000000000000e+00
3.200694444444444287e+00 0.000000000000000000e+00
3.201388888888888840e+00 0.000000000000000000e+00
3.202083333333332948e+00 0.000000000000000000e+00
3.202777777777777501e+00 0.000000000000000000e+00
3.203472222222222499e+00 0.000000000000000000e+00
3.204166666666667052e+00 0.000000000000000000e+00
3.204861111111111160e+00 0.000000000000000000e+00
3.205555555555555713e+00 0.000000000000000000e+00
3.206250000000000266e+00 0.000000000000000000e+00
3.206944444444444375e+00 0.000000000000000000e+00
3.207638888888888928e+00 0.000000000000000000e+00
3.208333333333333481e+00 0.000000000000000000e+00
3.209027777777777590e+00 0.000000000000000000e+00
3.209722222222222143e+00 0.000000000000000000e+00
3.210416666666666696e+00 0.000000000000000000e+00
3.211111111111110805e+00 0.000000000000000000e+00
3.211805555555555358e+00 0.000000000000000000e+00
3.212499999999999911e+00 0.000000000000000000e+00
3.213194444444444020e+00 0.000000000000000000e+00
3.213888888888889017e+00 0.000000000000000000e+00
3.214583333333333570e+00 0.000000000000000000e+00
3.215277777777778123e+00 0.000000000000000000e+00
3.215972222222222232e+00 0.000000000000000000e+00
3.216666666666666785e+00 0.000000000000000000e+00
3.217361111111111338e+00 0.000000000000000000e+00
3.218055555555555447e+00 0.000000000000000000e+00
3.218750000000000000e+00 0.000000000000000000e+00
3.219444444444444553e+00 0.000000000000000000e+00
3.220138888888888662e+00 0.000000000000000000e+00
3.220833333333333215e+00 0.000000000000000000e+00
3.221527777777777768e+00 0.000000000000000000e+00
3.222222222222221877e+00 0.000000000000000000e+00
3.222916666666666430e+00 0.000000000000000000e+00
3.223611111111110983e+00 0.000000000000000000e+00
3.224305555555555980e+00 0.000000000000000000e+00
3.225000000000000089e+00 0.000000000000000000e+00
3.225694444444444642e+00 0.000000000000000000e+00
3.226388888888889195e+00 0.000000000000000000e+00
3.227083333333333304e+00 0.000000000000000000e+00
3.227777777777777857e+00 0.000000000000000000e+00
3.228472222222222410e+00 0.000000000000000000e+00
3.229166666666666519e+00 0.000000000000000000e+00
3.229861111111111072e+00 0.000000000000000000e+00
3.230555555555555625e+00 0.000000000000000000e+00
3.231249999999999734e+00 0.000000000000000000e+00
3.231944444444444287e+00 0.000000000000000000e+00
3.232638888888888840e+00 0.000000000000000000e+00
3.233333333333332948e+00 0.000000000000000000e+00
3.234027777777777501e+00 0.000000000000000000e+00
3.234722222222222499e+00 0.000000000000000000e+00
3.235416666666667052e+00 0.000000000000000000e+00
3.236111111111111160e+00 0.000000000000000000e+00
3.236805555555555713e+00 1.379999999999999456e-02
3.237500000000000266e+00 2.759999999999998913e-02
3.238194444444444375e+00 4.140000000000003400e-02
3.238888888888888928e+00 5.519999999999997825e-02
3.239583333333333481e+00 6.900000000000001965e-02
3.240277777777777590e+00 7.800000000000006928e-02
3.240972222222222143e+00 8.700000000000004952e-02
3.241666666666666696e+00 9.600000000000004363e-02
3.242361111111110805e+00 1.049999999999999545e-01
3.243055555555555358e+00 1.139999999999999347e-01
3.243749999999999911e+00 1.235999999999983084e-01
3.244444444444444020e+00 1.331999999999966822e-01
3.245138888888889017e+00 1.428000000000033964e-01
3.245833333333333570e+00 1.524000000000015342e-01
3.246527777777778123e+00 1.620000000000001439e-01
3.247222222222222232e+00 1.713999999999999690e-01
3.247916666666666785e+00 1.808000000000000440e-01
3.248611111111111338e+00 1.901999999999998692e-01
3.249305555555555447e+00 1.995999999999998331e-01
3.250000000000000000e+00 2.089999999999998248e-01
3.250694444444444553e+00 2.180000000000001936e-01
3.251388888888888662e+00 2.269999999999998408e-01
3.252083333333333215e+00 2.360000000000002374e-01
3.252777777777777768e+00 2.449999999999999123e-01
3.253472222222221877e+00 2.540000000000001701e-01
3.254166666666666430e+00 2.623999999999985788e-01
3.254861111111110983e+00 2.707999999999971541e-01
3.255555555555555980e+00 2.792000000000027238e-01
3.256250000000000089e+00 2.876000000000016321e-01
3.256944444444444642e+00 2.959999999999998188e-01
3.257638888888889195e+00 3.038000000000001810e-01
3.258333333333333304e+00 3.115999999999998216e-01
3.259027777777777857e+00 3.194000000000000727e-01
3.259722222222222410e+00 3.271999999999998798e-01
3.260416666666666519e+00 3.349999999999999645e-01
3.261111111111111072e+00 3.421999999999997266e-01
3.261805555555555625e+00 3.493999999999997108e-01
3.262499999999999734e+00 3.566000000000003056e-01
3.263194444444444287e+00 3.638000000000002343e-01
3.263888888888888840e+00 3.710000000000000520e-01
3.264583333333332948e+00 3.775999999999991585e-01
3.265277777777777501e+00 3.841999999999975990e-01
3.265972222222222499e+00 3.908000000000022012e-01
3.266666666666667052e+00 3.974000000000016963e-01
3.267361111111111160e+00 4.039999999999996927e-01
3.268055555555555713e+00 4.105999999999999650e-01
3.268750000000000266e+00 4.172000000000001818e-01
3.269444444444444375e+00 4.238000000000004541e-01
3.270138888888888928e+00 4.304000000000003934e-01
3.270833333333333481e+00 4.369999999999997220e-01
3.271527777777777590e+00 4.448000000000001397e-01
3.272222222222222143e+00 4.525999999999997248e-01
3.272916666666666696e+00 4.603999999999999759e-01
3.273611111111110805e+00 4.682000000000004492e-01
3.274305555555555358e+00 4.759999999999997566e-01
3.274999999999999911e+00 4.811999999999992395e-01
3.275694444444444020e+00 4.863999999999985557e-01
3.276388888888889017e+00 4.916000000000020353e-01
3.277083333333333570e+00 4.968000000000006300e-01
3.277777777777778123e+00 5.019999999999995577e-01
3.278472222222222232e+00 5.069999999999997842e-01
3.279166666666666785e+00 5.119999999999998996e-01
3.279861111111111338e+00 5.170000000000001261e-01
3.280555555555555447e+00 5.220000000000002416e-01
3.281250000000000000e+00 5.270000000000001350e-01
3.281944444444444553e+00 5.316000000000001835e-01
3.282638888888888662e+00 5.361999999999996769e-01
3.283333333333333215e+00 5.407999999999999474e-01
3.284027777777777768e+00 5.454000000000002180e-01
3.284722222222221877e+00 5.499999999999996003e-01
3.285416666666666430e+00 5.541999999999989157e-01
3.286111111111110983e+00 5.583999999999982311e-01
3.286805555555555980e+00 5.626000000000018764e-01
3.287500000000000089e+00 5.668000000000004146e-01
3.288194444444444642e+00 5.709999999999995079e-01
3.288888888888889195e+00 5.749999999999997335e-01
3.289583333333333304e+00 5.789999999999998481e-01
3.290277777777777857e+00 5.830000000000001847e-01
3.290972222222222410e+00 5.870000000000002993e-01
3.291666666666666519e+00 5.909999999999998588e-01
3.292361111111111072e+00 5.947999999999997733e-01
3.293055555555555625e+00 5.985999999999993548e-01
3.293749999999999734e+00 6.023999999999996025e-01
3.294444444444444287e+00 6.061999999999998501e-01
3.295138888888888840e+00 6.100000000000002087e-01
3.295833333333332948e+00 6.133999999999991681e-01
3.296527777777777501e+00 6.167999999999983496e-01
3.297222222222222499e+00 6.202000000000017499e-01
3.297916666666667052e+00 6.236000000000010424e-01
3.298611111111111160e+00 6.269999999999998908e-01
3.299305555555555713e+00 6.303999999999996273e-01
3.300000000000000266e+00 6.337999999999998080e-01
3.300694444444444375e+00 6.371999999999997666e-01
3.301388888888888928e+00 6.405999999999999472e-01
3.302083333333333481e+00 6.439999999999996838e-01
3.302777777777777590e+00 6.469999999999994644e-01
3.303472222222222143e+00 6.499999999999994671e-01
3.304166666666666696e+00 6.529999999999996918e-01
3.304861111111110805e+00 6.560000000000002496e-01
3.305555555555555358e+00 6.590000000000005853e-01
3.306249999999999911e+00 6.619999999999999218e-01
3.306944444444444020e+00 6.649999999999988143e-01
3.307638888888889017e+00 6.680000000000014815e-01
3.308333333333333570e+00 6.710000000000002629e-01
3.309027777777778123e+00 6.739999999999995994e-01
3.309722222222222232e+00 6.766000000000002013e-01
3.310416666666666785e+00 6.792000000000005810e-01
3.311111111111111338e+00 6.817999999999995175e-01
3.311805555555555447e+00 6.843999999999994532e-01
3.312500000000000000e+00 6.870000000000002771e-01
3.313194444444444553e+00 6.909999999999996145e-01
3.313888888888888662e+00 6.949999999999992850e-01
3.314583333333333215e+00 6.989999999999997327e-01
3.315277777777777768e+00 7.030000000000007354e-01
3.315972222222221877e+00 7.070000000000004059e-01
3.316666666666666430e+00 7.093999999999991424e-01
3.317361111111110983e+00 7.117999999999991001e-01
3.318055555555555980e+00 7.142000000000009452e-01
3.318750000000000089e+00 7.166000000000010139e-01
3.319444444444444642e+00 7.189999999999991953e-01
3.320138888888889195e+00 7.212000000000002853e-01
3.320833333333333304e+00 7.234000000000004871e-01
3.321527777777777857e+00 7.255999999999993566e-01
3.322222222222222410e+00 7.278000000000005576e-01
3.322916666666666519e+00 7.299999999999997602e-01
3.323611111111111072e+00 7.327999999999992298e-01
3.324305555555555625e+00 7.355999999999996986e-01
3.324999999999999734e+00 7.384000000000001673e-01
3.325694444444444287e+00 7.412000000000007471e-01
3.326388888888888840e+00 7.440000000000005498e-01
3.327083333333332948e+00 7.459999999999994413e-01
3.327777777777777501e+00 7.480000000000001092e-01
3.328472222222222499e+00 7.500000000000000000e-01
3.329166666666667052e+00 7.520000000000005569e-01
3.329861111111111160e+00 7.539999999999997815e-01
3.330555555555555713e+00 7.559999999999998943e-01
3.331250000000000266e+00 7.580000000000008953e-01
3.331944444444444375e+00 7.599999999999992317e-01
3.332638888888888928e+00 7.620000000000005658e-01
3.333333333333333481e+00 7.639999999999993463e-01
3.334027777777777590e+00 7.658000000000001473e-01
3.334722222222222143e+00 7.675999999999995049e-01
3.335416666666666696e+00 7.694000000000000838e-01
3.336111111111110805e+00 7.711999999999996636e-01
3.336805555555555358e+00 7.730000000000000204e-01
3.337499999999999911e+00 7.747999999999996001e-01
3.338194444444444020e+00 7.765999999999995129e-01
3.338888888888889017e+00 7.784000000000014241e-01
3.339583333333333570e+00 7.801999999999998936e-01
3.340277777777778123e+00 7.820000000000009166e-01
3.340972222222222232e+00 7.835999999999997412e-01
3.341666666666666785e+00 7.852000000000003421e-01
3.342361111111111338e+00 7.867999999999998328e-01
3.343055555555555447e+00 7.883999999999997677e-01
3.343750000000000000e+00 7.900000000000001465e-01
3.344444444444444553e+00 7.915999999999989711e-01
3.345138888888888662e+00 7.932000000000003492e-01
3.345833333333333215e+00 7.947999999999991738e-01
3.346527777777777768e+00 7.964000000000007740e-01
3.347222222222221877e+00 7.979999999999990434e-01
3.347916666666666430e+00 7.994000000000005546e-01
3.348611111111110983e+00 8.007999999999994012e-01
3.349305555555555980e+00 8.022000000000008013e-01
3.350000000000000089e+00 8.036000000000004251e-01
3.350694444444444642e+00 8.049999999999992717e-01
3.351388888888889195e+00 8.066000000000006498e-01
3.352083333333333304e+00 8.081999999999991413e-01
3.352777777777777857e+00 8.098000000000006304e-01
3.353472222222222410e+00 8.113999999999994550e-01
3.354166666666666519e+00 8.130000000000009441e-01
3.354861111111111072e+00 8.147999999999994136e-01
3.355555555555555625e+00 8.166000000000007697e-01
3.356249999999999734e+00 8.183999999999993502e-01
3.356944444444444287e+00 8.202000000000008173e-01
3.357638888888888840e+00 8.219999999999990647e-01
3.358333333333332948e+00 8.234000000000007979e-01
3.359027777777777501e+00 8.247999999999994225e-01
3.359722222222222499e+00 8.262000000000006006e-01
3.360416666666667052e+00 8.276000000000004464e-01
3.361111111111111160e+00 8.289999999999991820e-01
3.361805555555555713e+00 8.302000000000009372e-01
3.362500000000000266e+00 8.314000000000001389e-01
3.363194444444444375e+00 8.325999999999993406e-01
3.363888888888888928e+00 8.338000000000007628e-01
3.364583333333333481e+00 8.349999999999998535e-01
3.365277777777777590e+00 8.361999999999991662e-01
3.365972222222222143e+00 8.374000000000010324e-01
3.366666666666666696e+00 8.385999999999996790e-01
3.367361111111110805e+00 8.397999999999997689e-01
3.368055555555555358e+00 8.410000000000006359e-01
3.368749999999999911e+00 8.419999999999997486e-01
3.369444444444444020e+00 8.429999999999989724e-01
3.370138888888889017e+00 8.440000000000013047e-01
3.370833333333333570e+00 8.450000000000000844e-01
3.371527777777778123e+00 8.459999999999991971e-01
3.372222222222222232e+00 8.472000000000005082e-01
3.372916666666666785e+00 8.484000000000000430e-01
3.373611111111111338e+00 8.495999999999992447e-01
3.374305555555555447e+00 8.508000000000009999e-01
3.375000000000000000e+00 8.519999999999999796e-01
3.375694444444444553e+00 8.529999999999993143e-01
3.376388888888888662e+00 8.540000000000005365e-01
3.377083333333333215e+00 8.550000000000005373e-01
3.377777777777777768e+00 8.559999999999994280e-01
3.378472222222221877e+00 8.569999999999992069e-01
3.379166666666666430e+00 8.580000000000005400e-01
3.379861111111110983e+00 8.589999999999997637e-01
3.380555555555555980e+00 8.599999999999996536e-01
3.381250000000000089e+00 8.610000000000010978e-01
3.381944444444444642e+00 8.620000000000003215e-01
3.382638888888889195e+00 8.629999999999992122e-01
3.383333333333333304e+00 8.639999999999997682e-01
3.384027777777777857e+00 8.650000000000009903e-01
3.384722222222222410e+00 8.659999999999997700e-01
3.385416666666666519e+00 8.669999999999993268e-01
3.386111111111111072e+00 8.678000000000004599e-01
3.386805555555555625e+00 8.686000000000005938e-01
3.387499999999999734e+00 8.693999999999998396e-01
3.388194444444444287e+00 8.701999999999994184e-01
3.388888888888888840e+00 8.710000000000001075e-01
3.389583333333332948e+00 8.718000000000007965e-01
3.390277777777777501e+00 8.725999999999998202e-01
3.390972222222222499e+00 8.733999999999993991e-01
3.391666666666667052e+00 8.741999999999994220e-01
3.392361111111111160e+00 8.750000000000008882e-01
3.393055555555555713e+00 8.758000000000001339e-01
3.393750000000000266e+00 8.765999999999994907e-01
3.394444444444444375e+00 8.773999999999994026e-01
3.395138888888888928e+00 8.782000000000008688e-01
3.395833333333333481e+00 8.790000000000005587e-01
3.396527777777777590e+00 8.801999999999990942e-01
3.397222222222222143e+00 8.813999999999999613e-01
3.397916666666666696e+00 8.826000000000002732e-01
3.398611111111110805e+00 8.837999999999993639e-01
3.399305555555555358e+00 8.850000000000004530e-01
3.399999999999999911e+00 8.858000000000006979e-01
3.400694444444444020e+00 8.865999999999996106e-01
3.401388888888889017e+00 8.873999999999997446e-01
3.402083333333333570e+00 8.882000000000001005e-01
3.402777777777778123e+00 8.890000000000010116e-01
3.403472222222222232e+00 8.896000000000002794e-01
3.404166666666666785e+00 8.901999999999995472e-01
3.404861111111111338e+00 8.907999999999993701e-01
3.405555555555555447e+00 8.913999999999996371e-01
3.406250000000000000e+00 8.920000000000009033e-01
3.406944444444444553e+00 8.928000000000003711e-01
3.407638888888888662e+00 8.935999999999996168e-01
3.408333333333333215e+00 8.943999999999994177e-01
3.409027777777777768e+00 8.952000000000007729e-01
3.409722222222221877e+00 8.960000000000007958e-01
3.410416666666666430e+00 8.965999999999998415e-01
3.411111111111110983e+00 8.971999999999992204e-01
3.411805555555555980e+00 8.977999999999994873e-01
3.412500000000000089e+00 8.984000000000001984e-01
3.413194444444444642e+00 8.990000000000010205e-01
3.413888888888889195e+00 8.996000000000006214e-01
3.414583333333333304e+00 9.002000000000000002e-01
3.415277777777777857e+00 9.007999999999992680e-01
3.415972222222222410e+00 9.013999999999996460e-01
3.416666666666666519e+00 9.020000000000000240e-01
3.417361111111111072e+00 9.020000000000000240e-01
3.418055555555555625e+00 9.020000000000000240e-01
3.418749999999999734e+00 9.020000000000000240e-01
3.419444444444444287e+00 9.020000000000000240e-01
3.420138888888888840e+00 9.020000000000000240e-01
3.420833333333332948e+00 9.026000000000008461e-01
3.421527777777777501e+00 9.032000000000002249e-01
3.422222222222222499e+00 9.037999999999998257e-01
3.422916666666667052e+00 9.043999999999996486e-01
3.423611111111111160e+00 9.049999999999993605e-01
3.424305555555555713e+00 9.054000000000000936e-01
3.425000000000000266e+00 9.058000000000008267e-01
3.425694444444444375e+00 9.062000000000008937e-01
3.426388888888888928e+00 9.066000000000004055e-01
3.427083333333333481e+00 9.070000000000000284e-01
3.427777777777777590e+00 9.075999999999992962e-01
3.428472222222222143e+00 9.081999999999992301e-01
3.429166666666666696e+00 9.087999999999999412e-01
3.429861111111110805e+00 9.094000000000008743e-01
3.430555555555555358e+00 9.100000000000004752e-01
3.431249999999999911e+00 9.103999999999998760e-01
3.431944444444444020e+00 9.107999999999994989e-01
3.432638888888889017e+00 9.111999999999993438e-01
3.433333333333333570e+00 9.115999999999992998e-01
3.434027777777778123e+00 9.119999999999994778e-01
3.434722222222222232e+00 9.126000000000010770e-01
3.435416666666666785e+00 9.132000000000006779e-01
3.436111111111111338e+00 9.137999999999999456e-01
3.436805555555555447e+00 9.143999999999994355e-01
3.437500000000000000e+00 9.149999999999993694e-01
3.438194444444444553e+00 9.155999999999995254e-01
3.438888888888888662e+00 9.162000000000010136e-01
3.439583333333333215e+00 9.168000000000003924e-01
3.440277777777777768e+00 9.173999999999999932e-01
3.440972222222221877e+00 9.179999999999991500e-01
3.441666666666666430e+00 9.183999999999994390e-01
3.442361111111110983e+00 9.187999999999992840e-01
3.443055555555555980e+00 9.192000000000007942e-01
3.443750000000000089e+00 9.196000000000010832e-01
3.444444444444444642e+00 9.200000000000009281e-01
3.445138888888889195e+00 9.204000000000003290e-01
3.445833333333333304e+00 9.207999999999999519e-01
3.446527777777777857e+00 9.211999999999994637e-01
3.447222222222222410e+00 9.215999999999994197e-01
3.447916666666666519e+00 9.219999999999992646e-01
3.448611111111111072e+00 9.221999999999993536e-01
3.449305555555555625e+00 9.223999999999994426e-01
3.449999999999999734e+00 9.225999999999999757e-01
3.450694444444444287e+00 9.228000000000007308e-01
3.451388888888888840e+00 9.230000000000010418e-01
3.452083333333332948e+00 9.234000000000007757e-01
3.452777777777777501e+00 9.238000000000002876e-01
3.453472222222222499e+00 9.242000000000001325e-01
3.454166666666667052e+00 9.245999999999995334e-01
3.454861111111111160e+00 9.249999999999992673e-01
3.455555555555555713e+00 9.253999999999992232e-01
3.456250000000000266e+00 9.257999999999992902e-01
3.456944444444444375e+00 9.262000000000004674e-01
3.457638888888888928e+00 9.266000000000008674e-01
3.458333333333333481e+00 9.270000000000007123e-01
3.459027777777777590e+00 9.272000000000003572e-01
3.459722222222222143e+00 9.274000000000000021e-01
3.460416666666666696e+00 9.275999999999998691e-01
3.461111111111110805e+00 9.277999999999998471e-01
3.461805555555555358e+00 9.279999999999994920e-01
3.462499999999999911e+00 9.281999999999993589e-01
3.463194444444444020e+00 9.283999999999990038e-01
3.463888888888889017e+00 9.285999999999994259e-01
3.464583333333333570e+00 9.287999999999991818e-01
3.465277777777778123e+00 9.289999999999991598e-01
3.465972222222222232e+00 9.294000000000001149e-01
3.466666666666666785e+00 9.298000000000010701e-01
3.467361111111111338e+00 9.302000000000010260e-01
3.468055555555555447e+00 9.306000000000004269e-01
3.468750000000000000e+00 9.310000000000000497e-01
3.469444444444444553e+00 9.311999999999999167e-01
3.470138888888888662e+00 9.313999999999996726e-01
3.470833333333333215e+00 9.315999999999993175e-01
3.471527777777777768e+00 9.317999999999991845e-01
3.472222222222221877e+00 9.319999999999992735e-01
3.472916666666666430e+00 9.321999999999992514e-01
3.473611111111110983e+00 9.323999999999991184e-01
3.474305555555555980e+00 9.325999999999995405e-01
3.475000000000000089e+00 9.328000000000001846e-01
3.475694444444444642e+00 9.330000000000008287e-01
3.476388888888889195e+00 9.332000000000011397e-01
3.477083333333333304e+00 9.334000000000010067e-01
3.477777777777777857e+00 9.336000000000010957e-01
3.478472222222222410e+00 9.338000000000007406e-01
3.479166666666666519e+00 9.340000000000004965e-01
3.479861111111111072e+00 9.349999999999992761e-01
3.480555555555555625e+00 9.359999999999991660e-01
3.481249999999999734e+00 9.370000000000009432e-01
3.481944444444444287e+00 9.379999999999999449e-01
3.482638888888888840e+00 9.389999999999992797e-01
3.483333333333332948e+00 9.389999999999992797e-01
3.484027777777777501e+00 9.389999999999992797e-01
3.484722222222222499e+00 9.389999999999992797e-01
3.485416666666667052e+00 9.389999999999992797e-01
3.486111111111111160e+00 9.389999999999992797e-01
3.486805555555555713e+00 9.391999999999990356e-01
3.487500000000000266e+00 9.393999999999993467e-01
3.488194444444444375e+00 9.395999999999994357e-01
3.488888888888888928e+00 9.397999999999999687e-01
3.489583333333333481e+00 9.400000000000006128e-01
3.490277777777777590e+00 9.402000000000009239e-01
3.490972222222222143e+00 9.404000000000010129e-01
3.491666666666666696e+00 9.406000000000007688e-01
3.492361111111110805e+00 9.408000000000006358e-01
3.493055555555555358e+00 9.410000000000002807e-01
3.493749999999999911e+00 9.410000000000002807e-01
3.494444444444444020e+00 9.410000000000002807e-01
3.495138888888889017e+00 9.410000000000002807e-01
3.495833333333333570e+00 9.410000000000002807e-01
3.496527777777778123e+00 9.410000000000002807e-01
3.497222222222222232e+00 9.410000000000002807e-01
3.497916666666666785e+00 9.410000000000002807e-01
3.498611111111111338e+00 9.410000000000002807e-01
3.499305555555555447e+00 9.410000000000003917e-01
3.500000000000000000e+00 9.410000000000002807e-01
3.500694444444444553e+00 9.412000000000000366e-01
3.501388888888888662e+00 9.414000000000001256e-01
3.502083333333333215e+00 9.415999999999996595e-01
3.502777777777777768e+00 9.417999999999994154e-01
3.503472222222221877e+00 9.419999999999991713e-01
3.504166666666666430e+00 9.419999999999991713e-01
3.504861111111110983e+00 9.419999999999991713e-01
3.505555555555555980e+00 9.419999999999991713e-01
3.506250000000000089e+00 9.419999999999991713e-01
3.506944444444444642e+00 9.419999999999991713e-01
3.507638888888889195e+00 9.419999999999991713e-01
3.508333333333333304e+00 9.419999999999991713e-01
3.509027777777777857e+00 9.419999999999991713e-01
3.509722222222222410e+00 9.419999999999991713e-01
3.510416666666666519e+00 9.419999999999991713e-01
3.511111111111111072e+00 9.419999999999991713e-01
3.511805555555555625e+00 9.419999999999991713e-01
3.512499999999999734e+00 9.419999999999991713e-01
3.513194444444444287e+00 9.419999999999991713e-01
3.513888888888888840e+00 9.419999999999991713e-01
3.514583333333332948e+00 9.419999999999991713e-01
3.515277777777777501e+00 9.419999999999991713e-01
3.515972222222222499e+00 9.419999999999991713e-01
3.516666666666667052e+00 9.419999999999991713e-01
3.517361111111111160e+00 9.419999999999991713e-01
3.518055555555555713e+00 9.419999999999991713e-01
3.518750000000000266e+00 9.419999999999991713e-01
3.519444444444444375e+00 9.419999999999991713e-01
3.520138888888888928e+00 9.419999999999991713e-01
3.520833333333333481e+00 9.419999999999991713e-01
3.521527777777777590e+00 9.419999999999991713e-01
3.522222222222222143e+00 9.419999999999991713e-01
3.522916666666666696e+00 9.419999999999991713e-01
3.523611111111110805e+00 9.419999999999991713e-01
3.524305555555555358e+00 9.419999999999991713e-01
3.524999999999999911e+00 9.419999999999991713e-01
3.525694444444444020e+00 9.419999999999991713e-01
3.526388888888889017e+00 9.419999999999991713e-01
3.527083333333333570e+00 9.419999999999991713e-01
3.527777777777778123e+00 9.419999999999991713e-01
3.528472222222222232e+00 9.419999999999991713e-01
3.529166666666666785e+00 9.419999999999991713e-01
3.529861111111111338e+00 9.419999999999991713e-01
3.530555555555555447e+00 9.419999999999991713e-01
3.531250000000000000e+00 9.419999999999991713e-01
3.531944444444444553e+00 9.417999999999994154e-01
3.532638888888888662e+00 9.415999999999996595e-01
3.533333333333333215e+00 9.414000000000001256e-01
3.534027777777777768e+00 9.412000000000000366e-01
3.534722222222221877e+00 9.410000000000002807e-01
3.535416666666666430e+00 9.410000000000002807e-01
3.536111111111110983e+00 9.410000000000002807e-01
3.536805555555555980e+00 9.410000000000002807e-01
3.537500000000000089e+00 9.410000000000002807e-01
3.538194444444444642e+00 9.410000000000002807e-01
3.538888888888889195e+00 9.408000000000006358e-01
3.539583333333333304e+00 9.406000000000007688e-01
3.540277777777777857e+00 9.404000000000010129e-01
3.540972222222222410e+00 9.402000000000009239e-01
3.541666666666666519e+00 9.400000000000006128e-01
3.542361111111111072e+00 9.397999999999999687e-01
3.543055555555555625e+00 9.395999999999994357e-01
3.543749999999999734e+00 9.393999999999993467e-01
3.544444444444444287e+00 9.391999999999990356e-01
3.545138888888888840e+00 9.389999999999992797e-01
3.545833333333332948e+00 9.387999999999994127e-01
3.546527777777777501e+00 9.385999999999993237e-01
3.547222222222222499e+00 9.383999999999995678e-01
3.547916666666667052e+00 9.381999999999998119e-01
3.548611111111111160e+00 9.379999999999999449e-01
3.549305555555555713e+00 9.377999999999999670e-01
3.550000000000000266e+00 9.376000000000002110e-01
3.550694444444444375e+00 9.374000000000005661e-01
3.551388888888888928e+00 9.372000000000008102e-01
3.552083333333333481e+00 9.370000000000009432e-01
3.552777777777777590e+00 9.368000000000009653e-01
3.553472222222222143e+00 9.366000000000005432e-01
3.554166666666666696e+00 9.364000000000008983e-01
3.554861111111110805e+00 9.362000000000001432e-01
3.555555555555555358e+00 9.359999999999991660e-01
3.556249999999999911e+00 9.357999999999994101e-01
3.556944444444444020e+00 9.355999999999994321e-01
3.557638888888889017e+00 9.353999999999993431e-01
3.558333333333333570e+00 9.351999999999991431e-01
3.559027777777778123e+00 9.349999999999992761e-01
3.559722222222222232e+00 9.347999999999996312e-01
3.560416666666666785e+00 9.345999999999998753e-01
3.561111111111111338e+00 9.344000000000000083e-01
3.561805555555555447e+00 9.342000000000002524e-01
3.562500000000000000e+00 9.340000000000004965e-01
3.563194444444444553e+00 9.338000000000007406e-01
3.563888888888888662e+00 9.336000000000010957e-01
3.564583333333333215e+00 9.334000000000010067e-01
3.565277777777777768e+00 9.332000000000011397e-01
3.565972222222221877e+00 9.330000000000008287e-01
3.566666666666666430e+00 9.327999999999998515e-01
3.567361111111110983e+00 9.325999999999995405e-01
3.568055555555555980e+00 9.323999999999994515e-01
3.568750000000000089e+00 9.321999999999992514e-01
3.569444444444444642e+00 9.319999999999992735e-01
3.570138888888889195e+00 9.310000000000000497e-01
3.570833333333333304e+00 9.300000000000010481e-01
3.571527777777777857e+00 9.289999999999991598e-01
3.572222222222222410e+00 9.279999999999994920e-01
3.572916666666666519e+00 9.270000000000007123e-01
3.573611111111111072e+00 9.268000000000008454e-01
3.574305555555555625e+00 9.266000000000008674e-01
3.574999999999999734e+00 9.264000000000011115e-01
3.575694444444444287e+00 9.262000000000006894e-01
3.576388888888888840e+00 9.260000000000000453e-01
3.577083333333332948e+00 9.255999999999993122e-01
3.577777777777777501e+00 9.251999999999994673e-01
3.578472222222222499e+00 9.247999999999992893e-01
3.579166666666667052e+00 9.243999999999998884e-01
3.579861111111111160e+00 9.240000000000000435e-01
3.580555555555555713e+00 9.236000000000007537e-01
3.581250000000000266e+00 9.232000000000009088e-01
3.581944444444444375e+00 9.228000000000006198e-01
3.582638888888888928e+00 9.223999999999997756e-01
3.583333333333333481e+00 9.219999999999992646e-01
3.584027777777777590e+00 9.215999999999994197e-01
3.584722222222222143e+00 9.211999999999994637e-01
3.585416666666666696e+00 9.207999999999999519e-01
3.586111111111110805e+00 9.204000000000003290e-01
3.586805555555555358e+00 9.200000000000009281e-01
3.587499999999999911e+00 9.196000000000009722e-01
3.588194444444444020e+00 9.192000000000003501e-01
3.588888888888889017e+00 9.187999999999992840e-01
3.589583333333333570e+00 9.183999999999994390e-01
3.590277777777778123e+00 9.179999999999991500e-01
3.590972222222222232e+00 9.175999999999996382e-01
3.591666666666666785e+00 9.172000000000000153e-01
3.592361111111111338e+00 9.168000000000006144e-01
3.593055555555555447e+00 9.164000000000009916e-01
3.593750000000000000e+00 9.160000000000008136e-01
3.594444444444444553e+00 9.153999999999995474e-01
3.595138888888888662e+00 9.147999999999993914e-01
3.595833333333333215e+00 9.141999999999995685e-01
3.596527777777777768e+00 9.136000000000003007e-01
3.597222222222221877e+00 9.130000000000009219e-01
3.597916666666666430e+00 9.126000000000010770e-01
3.598611111111110983e+00 9.122000000000001219e-01
3.599305555555555980e+00 9.117999999999992777e-01
3.600000000000000089e+00 9.113999999999993218e-01
3.600694444444444642e+00 9.109999999999993658e-01
3.601388888888889195e+00 9.104000000000000981e-01
3.602083333333333304e+00 9.098000000000006082e-01
3.602777777777777857e+00 9.092000000000010074e-01
3.603472222222222410e+00 9.085999999999995191e-01
3.604166666666666519e+00 9.079999999999993632e-01
3.604861111111111072e+00 9.077999999999990521e-01
3.605555555555555625e+00 9.075999999999992962e-01
3.606249999999999734e+00 9.073999999999996513e-01
3.606944444444444287e+00 9.071999999999997844e-01
3.607638888888888840e+00 9.070000000000000284e-01
3.608333333333332948e+00 9.064000000000006496e-01
3.609027777777777501e+00 9.058000000000011598e-01
3.609722222222222499e+00 9.051999999999992275e-01
3.610416666666667052e+00 9.045999999999990715e-01
3.611111111111111160e+00 9.039999999999995817e-01
3.611805555555555713e+00 9.034000000000002029e-01
3.612500000000000266e+00 9.028000000000008241e-01
3.613194444444444375e+00 9.022000000000010012e-01
3.613888888888888928e+00 9.015999999999998460e-01
3.614583333333333481e+00 9.009999999999991349e-01
3.615277777777777590e+00 9.003999999999997561e-01
3.615972222222222143e+00 8.998000000000002663e-01
3.616666666666666696e+00 8.992000000000007764e-01
3.617361111111110805e+00 8.986000000000007315e-01
3.618055555555555358e+00 8.979999999999995763e-01
3.618749999999999911e+00 8.971999999999995534e-01
3.619444444444444020e+00 8.964000000000003077e-01
3.620138888888889017e+00 8.956000000000007288e-01
3.620833333333333570e+00 8.947999999999994847e-01
3.621527777777778123e+00 8.939999999999990177e-01
3.622222222222222232e+00 8.933999999999998609e-01
3.622916666666666785e+00 8.928000000000003711e-01
3.623611111111111338e+00 8.922000000000009923e-01
3.624305555555555447e+00 8.916000000000001702e-01
3.625000000000000000e+00 8.909999999999993481e-01
3.625694444444444553e+00 8.901999999999995472e-01
3.626388888888888662e+00 8.894000000000004125e-01
3.627083333333333215e+00 8.886000000000008336e-01
3.627777777777777768e+00 8.877999999999994785e-01
3.628472222222221877e+00 8.869999999999993445e-01
3.629166666666666430e+00 8.862000000000002098e-01
3.629861111111110983e+00 8.854000000000012971e-01
3.630555555555555980e+00 8.845999999999993868e-01
3.631250000000000089e+00 8.837999999999989198e-01
3.631944444444444642e+00 8.829999999999998961e-01
3.632638888888889195e+00 8.822000000000008724e-01
3.633333333333333304e+00 8.813999999999999613e-01
3.634027777777777857e+00 8.805999999999993832e-01
3.634722222222222410e+00 8.797999999999998044e-01
3.635416666666666519e+00 8.790000000000005587e-01
3.636111111111111072e+00 8.782000000000008688e-01
3.636805555555555625e+00 8.773999999999994026e-01
3.637499999999999734e+00 8.765999999999994907e-01
3.638194444444444287e+00 8.758000000000001339e-01
3.638888888888888840e+00 8.750000000000008882e-01
3.639583333333332948e+00 8.739999999999996660e-01
3.640277777777777501e+00 8.729999999999997762e-01
3.640972222222222499e+00 8.720000000000005524e-01
3.641666666666667052e+00 8.709999999999995524e-01
3.642361111111111160e+00 8.699999999999991074e-01
3.643055555555555713e+00 8.695999999999994845e-01
3.643750000000000266e+00 8.691999999999999726e-01
3.644444444444444375e+00 8.688000000000004608e-01
3.645138888888888928e+00 8.684000000000008379e-01
3.645833333333333481e+00 8.680000000000007709e-01
3.646527777777777590e+00 8.671999999999995268e-01
3.647222222222222143e+00 8.663999999999992818e-01
3.647916666666666696e+00 8.656000000000001471e-01
3.648611111111110805e+00 8.648000000000009013e-01
3.649305555555555358e+00 8.639999999999997682e-01
3.649999999999999911e+00 8.629999999999994342e-01
3.650694444444444020e+00 8.620000000000004325e-01
3.651388888888889017e+00 8.610000000000003206e-01
3.652083333333333570e+00 8.599999999999990985e-01
3.652777777777778123e+00 8.589999999999999858e-01
3.653472222222222232e+00 8.580000000000009841e-01
3.654166666666666785e+00 8.569999999999992069e-01
3.654861111111111338e+00 8.559999999999994280e-01
3.655555555555555447e+00 8.550000000000005373e-01
3.656250000000000000e+00 8.540000000000005365e-01
3.656944444444444553e+00 8.527999999999991143e-01
3.657638888888888662e+00 8.516000000000003567e-01
3.658333333333333215e+00 8.504000000000000448e-01
3.659027777777777768e+00 8.491999999999993998e-01
3.659722222222221877e+00 8.480000000000006422e-01
3.660416666666666430e+00 8.467999999999998861e-01
3.661111111111110983e+00 8.455999999999996852e-01
3.661805555555555980e+00 8.444000000000007056e-01
3.662500000000000089e+00 8.431999999999992834e-01
3.663194444444444642e+00 8.419999999999997486e-01
3.663888888888889195e+00 8.408000000000008800e-01
3.664583333333333304e+00 8.395999999999992358e-01
3.665277777777777857e+00 8.383999999999999231e-01
3.665972222222222410e+00 8.372000000000009434e-01
3.666666666666666519e+00 8.359999999999992992e-01
3.667361111111111072e+00 8.346000000000001195e-01
3.668055555555555625e+00 8.332000000000002737e-01
3.668749999999999734e+00 8.317999999999996508e-01
3.669444444444444287e+00 8.304000000000010262e-01
3.670138888888888840e+00 8.289999999999991820e-01
3.670833333333332948e+00 8.278000000000002023e-01
3.671527777777777501e+00 8.266000000000012227e-01
3.672222222222222499e+00 8.253999999999989123e-01
3.672916666666667052e+00 8.242000000000001547e-01
3.673611111111111160e+00 8.230000000000002869e-01
3.674305555555555713e+00 8.213999999999997970e-01
3.675000000000000266e+00 8.198000000000006393e-01
3.675694444444444375e+00 8.181999999999994833e-01
3.676388888888888928e+00 8.166000000000007697e-01
3.677083333333333481e+00 8.149999999999991696e-01
3.677777777777777590e+00 8.136000000000004340e-01
3.678472222222222143e+00 8.121999999999994779e-01
3.679166666666666696e+00 8.107999999999999652e-01
3.679861111111110805e+00 8.094000000000010075e-01
3.680555555555555358e+00 8.079999999999993854e-01
3.681249999999999911e+00 8.064000000000011159e-01
3.681944444444444020e+00 8.047999999999998488e-01
3.682638888888889017e+00 8.032000000000004691e-01
3.683333333333333570e+00 8.015999999999990910e-01
3.684027777777778123e+00 8.000000000000005995e-01
3.684722222222222232e+00 7.983999999999991104e-01
3.685416666666666785e+00 7.968000000000001748e-01
3.686111111111111338e+00 7.951999999999996849e-01
3.686805555555555447e+00 7.935999999999999721e-01
3.687500000000000000e+00 7.920000000000001483e-01
3.688194444444444553e+00 7.905999999999995254e-01
3.688888888888888662e+00 7.892000000000009008e-01
3.689583333333333215e+00 7.877999999999995007e-01
3.690277777777777768e+00 7.864000000000002100e-01
3.690972222222221877e+00 7.849999999999999201e-01
3.691666666666666430e+00 7.832000000000002293e-01
3.692361111111110983e+00 7.814000000000007606e-01
3.693055555555555980e+00 7.796000000000000707e-01
3.693750000000000089e+00 7.777999999999989367e-01
3.694444444444444642e+00 7.760000000000003562e-01
3.695138888888889195e+00 7.739999999999995772e-01
3.695833333333333304e+00 7.720000000000006857e-01
3.696527777777777857e+00 7.699999999999997957e-01
3.697222222222222410e+00 7.680000000000006821e-01
3.697916666666666519e+00 7.660000000000001252e-01
3.698611111111111072e+00 7.639999999999993463e-01
3.699305555555555625e+00 7.620000000000005658e-01
3.699999999999999734e+00 7.599999999999992317e-01
3.700694444444444287e+00 7.580000000000008953e-01
3.701388888888888840e+00 7.559999999999998943e-01
3.702083333333332948e+00 7.537999999999996925e-01
3.702777777777777501e+00 7.516000000000011561e-01
3.703472222222222499e+00 7.493999999999990669e-01
3.704166666666667052e+00 7.471999999999995312e-01
3.704861111111111160e+00 7.450000000000004396e-01
3.705555555555555713e+00 7.427999999999992387e-01
3.706250000000000266e+00 7.406000000000004801e-01
3.706944444444444375e+00 7.384000000000001673e-01
3.707638888888888928e+00 7.361999999999994104e-01
3.708333333333333481e+00 7.340000000000005409e-01
3.709027777777777590e+00 7.316000000000002501e-01
3.709722222222222143e+00 7.291999999999992932e-01
3.710416666666666696e+00 7.268000000000002236e-01
3.711111111111110805e+00 7.244000000000005990e-01
3.711805555555555358e+00 7.219999999999995310e-01
3.712499999999999911e+00 7.194000000000003725e-01
3.713194444444444020e+00 7.168000000000015470e-01
3.713888888888889017e+00 7.141999999999996129e-01
3.714583333333333570e+00 7.115999999999993442e-01
3.715277777777778123e+00 7.089999999999995195e-01
3.715972222222222232e+00 7.064000000000008050e-01
3.716666666666666785e+00 7.038000000000003142e-01
3.717361111111111338e+00 7.011999999999997124e-01
3.718055555555555447e+00 6.985999999999996657e-01
3.718750000000000000e+00 6.960000000000003961e-01
3.719444444444444553e+00 6.930000000000006155e-01
3.720138888888888662e+00 6.900000000000005018e-01
3.720833333333333215e+00 6.870000000000002771e-01
3.721527777777777768e+00 6.839999999999997193e-01
3.722222222222221877e+00 6.809999999999992726e-01
3.722916666666666430e+00 6.780000000000001581e-01
3.723611111111110983e+00 6.750000000000015987e-01
3.724305555555555980e+00 6.719999999999987095e-01
3.725000000000000089e+00 6.690000000000001501e-01
3.725694444444444642e+00 6.660000000000005915e-01
3.726388888888889195e+00 6.626000000000005219e-01
3.727083333333333304e+00 6.592000000000004523e-01
3.727777777777777857e+00 6.558000000000003826e-01
3.728472222222222410e+00 6.524000000000004240e-01
3.729166666666666519e+00 6.490000000000003544e-01
3.729861111111111072e+00 6.456000000000002848e-01
3.730555555555555625e+00 6.422000000000003261e-01
3.731249999999999734e+00 6.388000000000001455e-01
3.731944444444444287e+00 6.354000000000002979e-01
3.732638888888888840e+00 6.320000000000002283e-01
3.733333333333332948e+00 6.282000000000009798e-01
3.734027777777777501e+00 6.244000000000016204e-01
3.734722222222222499e+00 6.205999999999988193e-01
3.735416666666667052e+00 6.167999999999990157e-01
3.736111111111111160e+00 6.129999999999998783e-01
3.736805555555555713e+00 6.089999999999995417e-01
3.737500000000000266e+00 6.049999999999997602e-01
3.738194444444444375e+00 6.010000000000002007e-01
3.738888888888888928e+00 5.970000000000004192e-01
3.739583333333333481e+00 5.930000000000004157e-01
3.740277777777777590e+00 5.885999999999997900e-01
3.740972222222222143e+00 5.841999999999998305e-01
3.741666666666666696e+00 5.798000000000003151e-01
3.742361111111110805e+00 5.753999999999999115e-01
3.743055555555555358e+00 5.709999999999995079e-01
3.743749999999999911e+00 5.662000000000012578e-01
3.744444444444444020e+00 5.614000000000021195e-01
3.745138888888889017e+00 5.565999999999987624e-01
3.745833333333333570e+00 5.517999999999990690e-01
3.746527777777778123e+00 5.469999999999997087e-01
3.747222222222222232e+00 5.426000000000004153e-01
3.747916666666666785e+00 5.382000000000001227e-01
3.748611111111111338e+00 5.337999999999999412e-01
3.749305555555555447e+00 5.293999999999996486e-01
3.750000000000000000e+00 5.250000000000003553e-01
3.750694444444444553e+00 5.195999999999997288e-01
3.751388888888888662e+00 5.141999999999998794e-01
3.752083333333333215e+00 5.087999999999995859e-01
3.752777777777777768e+00 5.033999999999999586e-01
3.753472222222221877e+00 4.980000000000001648e-01
3.754166666666666430e+00 4.920000000000013807e-01
3.754861111111110983e+00 4.860000000000017639e-01
3.755555555555555980e+00 4.799999999999980949e-01
3.756250000000000089e+00 4.739999999999995328e-01
3.756944444444444642e+00 4.679999999999995830e-01
3.757638888888889195e+00 4.616000000000004544e-01
3.758333333333333304e+00 4.552000000000000490e-01
3.759027777777777857e+00 4.487999999999995882e-01
3.759722222222222410e+00 4.424000000000001820e-01
3.760416666666666519e+00 4.360000000000003872e-01
3.761111111111111072e+00 4.290000000000004921e-01
3.761805555555555625e+00 4.220000000000003748e-01
3.762499999999999734e+00 4.150000000000002021e-01
3.763194444444444287e+00 4.080000000000001403e-01
3.763888888888888840e+00 4.009999999999996900e-01
3.764583333333332948e+00 3.932000000000009376e-01
3.765277777777777501e+00 3.854000000000026294e-01
3.765972222222222499e+00 3.775999999999970491e-01
3.766666666666667052e+00 3.697999999999987408e-01
3.767361111111111160e+00 3.620000000000002660e-01
3.768055555555555713e+00 3.536000000000003030e-01
3.768750000000000266e+00 3.452000000000001179e-01
3.769444444444444375e+00 3.367999999999998217e-01
3.770138888888888928e+00 3.283999999999997477e-01
3.770833333333333481e+00 3.199999999999997846e-01
3.771527777777777590e+00 3.111999999999997546e-01
3.772222222222222143e+00 3.023999999999999466e-01
3.772916666666666696e+00 2.936000000000001942e-01
3.773611111111110805e+00 2.848000000000002196e-01
3.774305555555555358e+00 2.760000000000000786e-01
3.774999999999999911e+00 2.664000000000016910e-01
3.775694444444444020e+00 2.568000000000031924e-01
3.776388888888889017e+00 2.471999999999966169e-01
3.777083333333333570e+00 2.375999999999985068e-01
3.777777777777778123e+00 2.279999999999998694e-01
3.778472222222222232e+00 2.173999999999998989e-01
3.779166666666666785e+00 2.068000000000001781e-01
3.779861111111111338e+00 1.961999999999998467e-01
3.780555555555555447e+00 1.855999999999999039e-01
3.781250000000000000e+00 1.750000000000001832e-01
3.781944444444444553e+00 1.640000000000000624e-01
3.782638888888888662e+00 1.529999999999999138e-01
3.783333333333333215e+00 1.419999999999999596e-01
3.784027777777777768e+00 1.310000000000000331e-01
3.784722222222221877e+00 1.199999999999999262e-01
3.785416666666666430e+00 9.600000000000404043e-02
3.786111111111110983e+00 7.200000000000815470e-02
3.786805555555555980e+00 4.799999999999179923e-02
3.787500000000000089e+00 2.399999999999589961e-02
3.788194444444444642e+00 0.000000000000000000e+00
3.788888888888889195e+00 0.000000000000000000e+00
3.789583333333333304e+00 0.000000000000000000e+00
3.790277777777777857e+00 0.000000000000000000e+00
3.790972222222222410e+00 0.000000000000000000e+00
3.791666666666666519e+00 0.000000000000000000e+00
3.792361111111111072e+00 0.000000000000000000e+00
3.793055555555555625e+00 0.000000000000000000e+00
3.793749999999999734e+00 0.000000000000000000e+00
3.794444444444444287e+00 0.000000000000000000e+00
3.795138888888888840e+00 0.000000000000000000e+00
3.795833333333332948e+00 0.000000000000000000e+00
3.796527777777777501e+00 0.000000000000000000e+00
3.797222222222222499e+00 0.000000000000000000e+00
3.797916666666667052e+00 0.000000000000000000e+00
3.798611111111111160e+00 0.000000000000000000e+00
3.799305555555555713e+00 0.000000000000000000e+00
3.800000000000000266e+00 0.000000000000000000e+00
3.800694444444444375e+00 0.000000000000000000e+00
3.801388888888888928e+00 0.000000000000000000e+00
3.802083333333333481e+00 0.000000000000000000e+00
3.802777777777777590e+00 0.000000000000000000e+00
3.803472222222222143e+00 0.000000000000000000e+00
3.804166666666666696e+00 0.000000000000000000e+00
3.804861111111110805e+00 0.000000000000000000e+00
3.805555555555555358e+00 0.000000000000000000e+00
3.806249999999999911e+00 0.000000000000000000e+00
3.806944444444444020e+00 0.000000000000000000e+00
3.807638888888889017e+00 0.000000000000000000e+00
3.808333333333333570e+00 0.000000000000000000e+00
3.809027777777778123e+00 0.000000000000000000e+00
3.809722222222222232e+00 0.000000000000000000e+00
3.810416666666666785e+00 0.000000000000000000e+00
3.811111111111111338e+00 0.000000000000000000e+00
3.811805555555555447e+00 0.000000000000000000e+00
3.812500000000000000e+00 0.000000000000000000e+00
3.813194444444444553e+00 0.000000000000000000e+00
3.813888888888888662e+00 0.000000000000000000e+00
3.814583333333333215e+00 0.000000000000000000e+00
3.815277777777777768e+00 0.000000000000000000e+00
3.815972222222221877e+00 0.000000000000000000e+00
3.816666666666666430e+00 0.000000000000000000e+00
3.817361111111110983e+00 0.000000000000000000e+00
3.818055555555555980e+00 0.000000000000000000e+00
3.818750000000000089e+00 0.000000000000000000e+00
3.819444444444444642e+00 0.000000000000000000e+00
3.820138888888889195e+00 0.000000000000000000e+00
3.820833333333333304e+00 0.000000000000000000e+00
3.821527777777777857e+00 0.000000000000000000e+00
3.822222222222222410e+00 0.000000000000000000e+00
3.822916666666666519e+00 0.000000000000000000e+00
3.823611111111111072e+00 0.000000000000000000e+00
3.824305555555555625e+00 0.000000000000000000e+00
3.824999999999999734e+00 0.000000000000000000e+00
3.825694444444444287e+00 0.000000000000000000e+00
3.826388888888888840e+00 0.000000000000000000e+00
3.827083333333332948e+00 0.000000000000000000e+00
3.827777777777777501e+00 0.000000000000000000e+00
3.828472222222222499e+00 0.000000000000000000e+00
3.829166666666667052e+00 0.000000000000000000e+00
3.829861111111111160e+00 0.000000000000000000e+00
3.830555555555555713e+00 0.000000000000000000e+00
3.831250000000000266e+00 0.000000000000000000e+00
3.831944444444444375e+00 0.000000000000000000e+00
3.832638888888888928e+00 0.000000000000000000e+00
3.833333333333333481e+00 0.000000000000000000e+00
3.834027777777777590e+00 0.000000000000000000e+00
3.834722222222222143e+00 0.000000000000000000e+00
3.835416666666666696e+00 0.000000000000000000e+00
3.836111111111110805e+00 0.000000000000000000e+00
3.836805555555555358e+00 0.000000000000000000e+00
3.837499999999999911e+00 0.000000000000000000e+00
3.838194444444444020e+00 0.000000000000000000e+00
3.838888888888889017e+00 0.000000000000000000e+00
3.839583333333333570e+00 0.000000000000000000e+00
3.840277777777778123e+00 0.000000000000000000e+00
3.840972222222222232e+00 0.000000000000000000e+00
3.841666666666666785e+00 0.000000000000000000e+00
3.842361111111111338e+00 0.000000000000000000e+00
3.843055555555555447e+00 0.000000000000000000e+00
3.843750000000000000e+00 0.000000000000000000e+00
3.844444444444444553e+00 0.000000000000000000e+00
3.845138888888888662e+00 0.000000000000000000e+00
3.845833333333333215e+00 0.000000000000000000e+00
3.846527777777777768e+00 0.000000000000000000e+00
3.847222222222221877e+00 0.000000000000000000e+00
3.847916666666666430e+00 0.000000000000000000e+00
3.848611111111110983e+00 0.000000000000000000e+00
3.849305555555555980e+00 0.000000000000000000e+00
3.850000000000000089e+00 0.000000000000000000e+00
3.850694444444444642e+00 0.000000000000000000e+00
3.851388888888889195e+00 0.000000000000000000e+00
3.852083333333333304e+00 0.000000000000000000e+00
3.852777777777777857e+00 0.000000000000000000e+00
3.853472222222222410e+00 0.000000000000000000e+00
3.854166666666666519e+00 0.000000000000000000e+00
3.854861111111111072e+00 0.000000000000000000e+00
3.855555555555555625e+00 0.000000000000000000e+00
3.856249999999999734e+00 0.000000000000000000e+00
3.856944444444444287e+00 0.000000000000000000e+00
3.857638888888888840e+00 0.000000000000000000e+00
3.858333333333332948e+00 0.000000000000000000e+00
3.859027777777777501e+00 0.000000000000000000e+00
3.859722222222222499e+00 0.000000000000000000e+00
3.860416666666667052e+00 0.000000000000000000e+00
3.861111111111111160e+00 0.000000000000000000e+00
3.861805555555555713e+00 0.000000000000000000e+00
3.862500000000000266e+00 0.000000000000000000e+00
3.863194444444444375e+00 0.000000000000000000e+00
3.863888888888888928e+00 0.000000000000000000e+00
3.864583333333333481e+00 0.000000000000000000e+00
3.865277777777777590e+00 0.000000000000000000e+00
3.865972222222222143e+00 0.000000000000000000e+00
3.866666666666666696e+00 0.000000000000000000e+00
3.867361111111110805e+00 0.000000000000000000e+00
3.868055555555555358e+00 0.000000000000000000e+00
3.868749999999999911e+00 0.000000000000000000e+00
3.869444444444444020e+00 0.000000000000000000e+00
3.870138888888889017e+00 0.000000000000000000e+00
3.870833333333333570e+00 0.000000000000000000e+00
3.871527777777778123e+00 0.000000000000000000e+00
3.872222222222222232e+00 0.000000000000000000e+00
3.872916666666666785e+00 0.000000000000000000e+00
3.873611111111111338e+00 0.000000000000000000e+00
3.874305555555555447e+00 0.000000000000000000e+00
3.875000000000000000e+00 0.000000000000000000e+00
3.875694444444444553e+00 0.000000000000000000e+00
3.876388888888888662e+00 0.000000000000000000e+00
3.877083333333333215e+00 0.000000000000000000e+00
3.877777777777777768e+00 0.000000000000000000e+00
3.878472222222221877e+00 0.000000000000000000e+00
3.879166666666666430e+00 0.000000000000000000e+00
3.879861111111110983e+00 0.000000000000000000e+00
3.880555555555555980e+00 0.000000000000000000e+00
3.881250000000000089e+00 0.000000000000000000e+00
3.881944444444444642e+00 0.000000000000000000e+00
3.882638888888889195e+00 0.000000000000000000e+00
3.883333333333333304e+00 0.000000000000000000e+00
3.884027777777777857e+00 0.000000000000000000e+00
3.884722222222222410e+00 0.000000000000000000e+00
3.885416666666666519e+00 0.000000000000000000e+00
3.886111111111111072e+00 0.000000000000000000e+00
3.886805555555555625e+00 0.000000000000000000e+00
3.887499999999999734e+00 0.000000000000000000e+00
3.888194444444444287e+00 0.000000000000000000e+00
3.888888888888888840e+00 0.000000000000000000e+00
3.889583333333332948e+00 0.000000000000000000e+00
3.890277777777777501e+00 0.000000000000000000e+00
3.890972222222222499e+00 0.000000000000000000e+00
3.891666666666667052e+00 0.000000000000000000e+00
3.892361111111111160e+00 0.000000000000000000e+00
3.893055555555555713e+00 0.000000000000000000e+00
3.893750000000000266e+00 0.000000000000000000e+00
3.894444444444444375e+00 0.000000000000000000e+00
3.895138888888888928e+00 0.000000000000000000e+00
3.895833333333333481e+00 0.000000000000000000e+00
3.896527777777777590e+00 0.000000000000000000e+00
3.897222222222222143e+00 0.000000000000000000e+00
3.897916666666666696e+00 0.000000000000000000e+00
3.898611111111110805e+00 0.000000000000000000e+00
3.899305555555555358e+00 0.000000000000000000e+00
3.899999999999999911e+00 0.000000000000000000e+00
3.900694444444444020e+00 0.000000000000000000e+00
3.901388888888889017e+00 0.000000000000000000e+00
3.902083333333333570e+00 0.000000000000000000e+00
3.902777777777778123e+00 0.000000000000000000e+00
3.903472222222222232e+00 0.000000000000000000e+00
3.904166666666666785e+00 0.000000000000000000e+00
3.904861111111111338e+00 0.000000000000000000e+00
3.905555555555555447e+00 0.000000000000000000e+00
3.906250000000000000e+00 0.000000000000000000e+00
3.906944444444444553e+00 0.000000000000000000e+00
3.907638888888888662e+00 0.000000000000000000e+00
3.908333333333333215e+00 0.000000000000000000e+00
3.909027777777777768e+00 0.000000000000000000e+00
3.909722222222221877e+00 0.000000000000000000e+00
3.910416666666666430e+00 0.000000000000000000e+00
3.911111111111110983e+00 0.000000000000000000e+00
3.911805555555555980e+00 0.000000000000000000e+00
3.912500000000000089e+00 0.000000000000000000e+00
3.913194444444444642e+00 0.000000000000000000e+00
3.913888888888889195e+00 0.000000000000000000e+00
3.914583333333333304e+00 0.000000000000000000e+00
3.915277777777777857e+00 0.000000000000000000e+00
3.915972222222222410e+00 0.000000000000000000e+00
3.916666666666666519e+00 0.000000000000000000e+00
3.917361111111111072e+00 0.000000000000000000e+00
3.918055555555555625e+00 0.000000000000000000e+00
3.918749999999999734e+00 0.000000000000000000e+00
3.919444444444444287e+00 0.000000000000000000e+00
3.920138888888888840e+00 0.000000000000000000e+00
3.920833333333332948e+00 0.000000000000000000e+00
3.921527777777777501e+00 0.000000000000000000e+00
3.922222222222222499e+00 0.000000000000000000e+00
3.922916666666667052e+00 0.000000000000000000e+00
3.923611111111111160e+00 0.000000000000000000e+00
3.924305555555555713e+00 0.000000000000000000e+00
3.925000000000000266e+00 0.000000000000000000e+00
3.925694444444444375e+00 0.000000000000000000e+00
3.926388888888888928e+00 0.000000000000000000e+00
3.927083333333333481e+00 0.000000000000000000e+00
3.927777777777777590e+00 0.000000000000000000e+00
3.928472222222222143e+00 0.000000000000000000e+00
3.929166666666666696e+00 0.000000000000000000e+00
3.929861111111110805e+00 0.000000000000000000e+00
3.930555555555555358e+00 0.000000000000000000e+00
3.931249999999999911e+00 0.000000000000000000e+00
3.931944444444444020e+00 0.000000000000000000e+00
3.932638888888889017e+00 0.000000000000000000e+00
3.933333333333333570e+00 0.000000000000000000e+00
3.934027777777778123e+00 0.000000000000000000e+00
3.934722222222222232e+00 0.000000000000000000e+00
3.935416666666666785e+00 0.000000000000000000e+00
3.936111111111111338e+00 0.000000000000000000e+00
3.936805555555555447e+00 0.000000000000000000e+00
3.937500000000000000e+00 0.000000000000000000e+00
3.938194444444444553e+00 0.000000000000000000e+00
3.938888888888888662e+00 0.000000000000000000e+00
3.939583333333333215e+00 0.000000000000000000e+00
3.940277777777777768e+00 0.000000000000000000e+00
3.940972222222221877e+00 0.000000000000000000e+00
3.941666666666666430e+00 0.000000000000000000e+00
3.942361111111110983e+00 0.000000000000000000e+00
3.943055555555555980e+00 0.000000000000000000e+00
3.943750000000000089e+00 0.000000000000000000e+00
3.944444444444444642e+00 0.000000000000000000e+00
3.945138888888889195e+00 0.000000000000000000e+00
3.945833333333333304e+00 0.000000000000000000e+00
3.946527777777777857e+00 0.000000000000000000e+00
3.947222222222222410e+00 0.000000000000000000e+00
3.947916666666666519e+00 0.000000000000000000e+00
3.948611111111111072e+00 0.000000000000000000e+00
3.949305555555555625e+00 0.000000000000000000e+00
3.949999999999999734e+00 0.000000000000000000e+00
3.950694444444444287e+00 0.000000000000000000e+00
3.951388888888888840e+00 0.000000000000000000e+00
3.952083333333332948e+00 0.000000000000000000e+00
3.952777777777777501e+00 0.000000000000000000e+00
3.953472222222222499e+00 0.000000000000000000e+00
3.954166666666667052e+00 0.000000000000000000e+00
3.954861111111111160e+00 0.000000000000000000e+00
3.955555555555555713e+00 0.000000000000000000e+00
3.956250000000000266e+00 0.000000000000000000e+00
3.956944444444444375e+00 0.000000000000000000e+00
3.957638888888888928e+00 0.000000000000000000e+00
3.958333333333333481e+00 0.000000000000000000e+00
3.959027777777777590e+00 0.000000000000000000e+00
3.959722222222222143e+00 0.000000000000000000e+00
3.960416666666666696e+00 0.000000000000000000e+00
3.961111111111110805e+00 0.000000000000000000e+00
3.961805555555555358e+00 0.000000000000000000e+00
3.962499999999999911e+00 0.000000000000000000e+00
3.963194444444444020e+00 0.000000000000000000e+00
3.963888888888889017e+00 0.000000000000000000e+00
3.964583333333333570e+00 0.000000000000000000e+00
3.965277777777778123e+00 0.000000000000000000e+00
3.965972222222222232e+00 0.000000000000000000e+00
3.966666666666666785e+00 0.000000000000000000e+00
3.967361111111111338e+00 0.000000000000000000e+00
3.968055555555555447e+00 0.000000000000000000e+00
3.968750000000000000e+00 0.000000000000000000e+00
3.969444444444444553e+00 0.000000000000000000e+00
3.970138888888888662e+00 0.000000000000000000e+00
3.970833333333333215e+00 0.000000000000000000e+00
3.971527777777777768e+00 0.000000000000000000e+00
3.972222222222221877e+00 0.000000000000000000e+00
3.972916666666666430e+00 0.000000000000000000e+00
3.973611111111110983e+00 0.000000000000000000e+00
3.974305555555555980e+00 0.000000000000000000e+00
3.975000000000000089e+00 0.000000000000000000e+00
3.975694444444444642e+00 0.000000000000000000e+00
3.976388888888889195e+00 0.000000000000000000e+00
3.977083333333333304e+00 0.000000000000000000e+00
3.977777777777777857e+00 0.000000000000000000e+00
3.978472222222222410e+00 0.000000000000000000e+00
3.979166666666666519e+00 0.000000000000000000e+00
3.979861111111111072e+00 0.000000000000000000e+00
3.980555555555555625e+00 0.000000000000000000e+00
3.981249999999999734e+00 0.000000000000000000e+00
3.981944444444444287e+00 0.000000000000000000e+00
3.982638888888888840e+00 0.000000000000000000e+00
3.983333333333332948e+00 0.000000000000000000e+00
3.984027777777777501e+00 0.000000000000000000e+00
3.984722222222222499e+00 0.000000000000000000e+00
3.985416666666667052e+00 0.000000000000000000e+00
3.986111111111111160e+00 0.000000000000000000e+00
3.986805555555555713e+00 0.000000000000000000e+00
3.987500000000000266e+00 0.000000000000000000e+00
3.988194444444444375e+00 0.000000000000000000e+00
3.988888888888888928e+00 0.000000000000000000e+00
3.989583333333333481e+00 0.000000000000000000e+00
3.990277777777777590e+00 0.000000000000000000e+00
3.990972222222222143e+00 0.000000000000000000e+00
3.991666666666666696e+00 0.000000000000000000e+00
3.992361111111110805e+00 0.000000000000000000e+00
3.993055555555555358e+00 0.000000000000000000e+00
3.993749999999999911e+00 0.000000000000000000e+00
3.994444444444444020e+00 0.000000000000000000e+00
3.995138888888889017e+00 0.000000000000000000e+00
3.995833333333333570e+00 0.000000000000000000e+00
3.996527777777778123e+00 0.000000000000000000e+00
3.997222222222222232e+00 0.000000000000000000e+00
3.997916666666666785e+00 0.000000000000000000e+00
3.998611111111111338e+00 0.000000000000000000e+00
3.999305555555555447e+00 0.000000000000000000e+00
4.000000000000000000e+00 0.000000000000000000e+00
4.000694444444444109e+00 0.000000000000000000e+00
4.001388888888889106e+00 0.000000000000000000e+00
4.002083333333333215e+00 0.000000000000000000e+00
4.002777777777777324e+00 0.000000000000000000e+00
4.003472222222222321e+00 0.000000000000000000e+00
4.004166666666666430e+00 0.000000000000000000e+00
4.004861111111110539e+00 0.000000000000000000e+00
4.005555555555555536e+00 0.000000000000000000e+00
4.006250000000000533e+00 0.000000000000000000e+00
4.006944444444444642e+00 0.000000000000000000e+00
4.007638888888888751e+00 0.000000000000000000e+00
4.008333333333333748e+00 0.000000000000000000e+00
4.009027777777777857e+00 0.000000000000000000e+00
4.009722222222221966e+00 0.000000000000000000e+00
4.010416666666666963e+00 0.000000000000000000e+00
4.011111111111111072e+00 0.000000000000000000e+00
4.011805555555555181e+00 0.000000000000000000e+00
4.012500000000000178e+00 0.000000000000000000e+00
4.013194444444444287e+00 0.000000000000000000e+00
4.013888888888888395e+00 0.000000000000000000e+00
4.014583333333333393e+00 0.000000000000000000e+00
4.015277777777777501e+00 0.000000000000000000e+00
4.015972222222222499e+00 0.000000000000000000e+00
4.016666666666666607e+00 0.000000000000000000e+00
4.017361111111111605e+00 0.000000000000000000e+00
4.018055555555555713e+00 0.000000000000000000e+00
4.018749999999999822e+00 0.000000000000000000e+00
4.019444444444444819e+00 0.000000000000000000e+00
4.020138888888888928e+00 0.000000000000000000e+00
4.020833333333333037e+00 0.000000000000000000e+00
4.021527777777778034e+00 0.000000000000000000e+00
4.022222222222222143e+00 0.000000000000000000e+00
4.022916666666666252e+00 0.000000000000000000e+00
4.023611111111111249e+00 0.000000000000000000e+00
4.024305555555555358e+00 0.000000000000000000e+00
4.024999999999999467e+00 0.000000000000000000e+00
4.025694444444444464e+00 0.000000000000000000e+00
4.026388888888889461e+00 0.000000000000000000e+00
4.027083333333333570e+00 0.000000000000000000e+00
4.027777777777777679e+00 0.000000000000000000e+00
4.028472222222222676e+00 0.000000000000000000e+00
4.029166666666666785e+00 0.000000000000000000e+00
4.029861111111110894e+00 0.000000000000000000e+00
4.030555555555555891e+00 0.000000000000000000e+00
4.031250000000000000e+00 0.000000000000000000e+00
4.031944444444444109e+00 0.000000000000000000e+00
4.032638888888889106e+00 0.000000000000000000e+00
4.033333333333333215e+00 0.000000000000000000e+00
4.034027777777777324e+00 0.000000000000000000e+00
4.034722222222222321e+00 0.000000000000000000e+00
4.035416666666666430e+00 0.000000000000000000e+00
4.036111111111110539e+00 0.000000000000000000e+00
4.036805555555555536e+00 0.000000000000000000e+00
4.037500000000000533e+00 0.000000000000000000e+00
4.038194444444444642e+00 0.000000000000000000e+00
4.038888888888888751e+00 0.000000000000000000e+00
4.039583333333333748e+00 0.000000000000000000e+00
4.040277777777777857e+00 0.000000000000000000e+00
4.040972222222221966e+00 0.000000000000000000e+00
4.041666666666666963e+00 0.000000000000000000e+00
4.042361111111111072e+00 0.000000000000000000e+00
4.043055555555555181e+00 0.000000000000000000e+00
4.043750000000000178e+00 0.000000000000000000e+00
4.044444444444444287e+00 0.000000000000000000e+00
4.045138888888888395e+00 0.000000000000000000e+00
4.045833333333333393e+00 0.000000000000000000e+00
4.046527777777777501e+00 0.000000000000000000e+00
4.047222222222222499e+00 0.000000000000000000e+00
4.047916666666666607e+00 0.000000000000000000e+00
4.048611111111111605e+00 0.000000000000000000e+00
4.049305555555555713e+00 0.000000000000000000e+00
4.049999999999999822e+00 0.000000000000000000e+00
4.050694444444444819e+00 0.000000000000000000e+00
4.051388888888888928e+00 0.000000000000000000e+00
4.052083333333333037e+00 0.000000000000000000e+00
4.052777777777778034e+00 0.000000000000000000e+00
4.053472222222222143e+00 0.000000000000000000e+00
4.054166666666666252e+00 0.000000000000000000e+00
4.054861111111111249e+00 0.000000000000000000e+00
4.055555555555555358e+00 0.000000000000000000e+00
4.056249999999999467e+00 0.000000000000000000e+00
4.056944444444444464e+00 0.000000000000000000e+00
4.057638888888889461e+00 0.000000000000000000e+00
4.058333333333333570e+00 0.000000000000000000e+00
4.059027777777777679e+00 0.000000000000000000e+00
4.059722222222222676e+00 0.000000000000000000e+00
4.060416666666666785e+00 0.000000000000000000e+00
4.061111111111110894e+00 0.000000000000000000e+00
4.061805555555555891e+00 0.000000000000000000e+00
4.062500000000000000e+00 0.000000000000000000e+00
4.063194444444444109e+00 0.000000000000000000e+00
4.063888888888889106e+00 0.000000000000000000e+00
4.064583333333333215e+00 0.000000000000000000e+00
4.065277777777777324e+00 0.000000000000000000e+00
4.065972222222222321e+00 0.000000000000000000e+00
4.066666666666666430e+00 0.000000000000000000e+00
4.067361111111110539e+00 0.000000000000000000e+00
4.068055555555555536e+00 0.000000000000000000e+00
4.068750000000000533e+00 0.000000000000000000e+00
4.069444444444444642e+00 0.000000000000000000e+00
4.070138888888888751e+00 0.000000000000000000e+00
4.070833333333333748e+00 0.000000000000000000e+00
4.071527777777777857e+00 0.000000000000000000e+00
4.072222222222221966e+00 0.000000000000000000e+00
4.072916666666666963e+00 0.000000000000000000e+00
4.073611111111111072e+00 0.000000000000000000e+00
4.074305555555555181e+00 0.000000000000000000e+00
4.075000000000000178e+00 0.000000000000000000e+00
4.075694444444444287e+00 0.000000000000000000e+00
4.076388888888888395e+00 0.000000000000000000e+00
4.077083333333333393e+00 0.000000000000000000e+00
4.077777777777777501e+00 0.000000000000000000e+00
4.078472222222222499e+00 0.000000000000000000e+00
4.079166666666666607e+00 0.000000000000000000e+00
4.079861111111111605e+00 0.000000000000000000e+00
4.080555555555555713e+00 0.000000000000000000e+00
4.081249999999999822e+00 0.000000000000000000e+00
4.081944444444444819e+00 0.000000000000000000e+00
4.082638888888888928e+00 0.000000000000000000e+00
4.083333333333333037e+00 0.000000000000000000e+00
4.084027777777778034e+00 0.000000000000000000e+00
4.084722222222222143e+00 0.000000000000000000e+00
4.085416666666666252e+00 0.000000000000000000e+00
4.086111111111111249e+00 0.000000000000000000e+00
4.086805555555555358e+00 0.000000000000000000e+00
4.087499999999999467e+00 0.000000000000000000e+00
4.088194444444444464e+00 0.000000000000000000e+00
4.088888888888889461e+00 0.000000000000000000e+00
4.089583333333333570e+00 0.000000000000000000e+00
4.090277777777777679e+00 0.000000000000000000e+00
4.090972222222222676e+00 0.000000000000000000e+00
4.091666666666666785e+00 0.000000000000000000e+00
4.092361111111110894e+00 0.000000000000000000e+00
4.093055555555555891e+00 0.000000000000000000e+00
4.093750000000000000e+00 0.000000000000000000e+00
4.094444444444444109e+00 0.000000000000000000e+00
4.095138888888889106e+00 0.000000000000000000e+00
4.095833333333333215e+00 0.000000000000000000e+00
4.096527777777777324e+00 0.000000000000000000e+00
4.097222222222222321e+00 0.000000000000000000e+00
4.097916666666666430e+00 0.000000000000000000e+00
4.098611111111110539e+00 0.000000000000000000e+00
4.099305555555555536e+00 0.000000000000000000e+00
4.100000000000000533e+00 0.000000000000000000e+00
4.100694444444444642e+00 0.000000000000000000e+00
4.101388888888888751e+00 0.000000000000000000e+00
4.102083333333333748e+00 0.000000000000000000e+00
4.102777777777777857e+00 0.000000000000000000e+00
4.103472222222221966e+00 0.000000000000000000e+00
4.104166666666666963e+00 0.000000000000000000e+00
4.104861111111111072e+00 0.000000000000000000e+00
4.105555555555555181e+00 0.000000000000000000e+00
4.106250000000000178e+00 0.000000000000000000e+00
4.106944444444444287e+00 0.000000000000000000e+00
4.107638888888888395e+00 0.000000000000000000e+00
4.108333333333333393e+00 0.000000000000000000e+00
4.109027777777777501e+00 0.000000000000000000e+00
4.109722222222222499e+00 0.000000000000000000e+00
4.110416666666666607e+00 0.000000000000000000e+00
4.111111111111111605e+00 0.000000000000000000e+00
4.111805555555555713e+00 0.000000000000000000e+00
4.112499999999999822e+00 0.000000000000000000e+00
4.113194444444444819e+00 0.000000000000000000e+00
4.113888888888888928e+00 0.000000000000000000e+00
4.114583333333333037e+00 0.000000000000000000e+00
4.115277777777778034e+00 0.000000000000000000e+00
4.115972222222222143e+00 0.000000000000000000e+00
4.116666666666666252e+00 0.000000000000000000e+00
4.117361111111111249e+00 0.000000000000000000e+00
4.118055555555555358e+00 0.000000000000000000e+00
4.118749999999999467e+00 0.000000000000000000e+00
4.119444444444444464e+00 0.000000000000000000e+00
4.120138888888889461e+00 0.000000000000000000e+00
4.120833333333333570e+00 0.000000000000000000e+00
4.121527777777777679e+00 0.000000000000000000e+00
4.122222222222222676e+00 0.000000000000000000e+00
4.122916666666666785e+00 0.000000000000000000e+00
4.123611111111110894e+00 0.000000000000000000e+00
4.124305555555555891e+00 0.000000000000000000e+00
4.125000000000000000e+00 0.000000000000000000e+00
4.125694444444444109e+00 0.000000000000000000e+00
4.126388888888889106e+00 0.000000000000000000e+00
4.127083333333333215e+00 0.000000000000000000e+00
4.127777777777777324e+00 0.000000000000000000e+00
4.128472222222222321e+00 0.000000000000000000e+00
4.129166666666666430e+00 0.000000000000000000e+00
4.129861111111110539e+00 0.000000000000000000e+00
4.130555555555555536e+00 0.000000000000000000e+00
4.131250000000000533e+00 0.000000000000000000e+00
4.131944444444444642e+00 0.000000000000000000e+00
4.132638888888888751e+00 0.000000000000000000e+00
4.133333333333333748e+00 0.000000000000000000e+00
4.134027777777777857e+00 0.000000000000000000e+00
4.134722222222221966e+00 0.000000000000000000e+00
4.135416666666666963e+00 0.000000000000000000e+00
4.136111111111111072e+00 0.000000000000000000e+00
4.136805555555555181e+00 0.000000000000000000e+00
4.137500000000000178e+00 0.000000000000000000e+00
4.138194444444444287e+00 0.000000000000000000e+00
4.138888888888888395e+00 0.000000000000000000e+00
4.139583333333333393e+00 0.000000000000000000e+00
4.140277777777777501e+00 0.000000000000000000e+00
4.140972222222222499e+00 0.000000000000000000e+00
4.141666666666666607e+00 0.000000000000000000e+00
4.142361111111111605e+00 0.000000000000000000e+00
4.143055555555555713e+00 0.000000000000000000e+00
4.143749999999999822e+00 0.000000000000000000e+00
4.144444444444444819e+00 0.000000000000000000e+00
4.145138888888888928e+00 0.000000000000000000e+00
4.145833333333333037e+00 0.000000000000000000e+00
4.146527777777778034e+00 0.000000000000000000e+00
4.147222222222222143e+00 0.000000000000000000e+00
4.147916666666666252e+00 0.000000000000000000e+00
4.148611111111111249e+00 0.000000000000000000e+00
4.149305555555555358e+00 0.000000000000000000e+00
4.149999999999999467e+00 0.000000000000000000e+00
4.150694444444444464e+00 0.000000000000000000e+00
4.151388888888889461e+00 0.000000000000000000e+00
4.152083333333333570e+00 0.000000000000000000e+00
4.152777777777777679e+00 0.000000000000000000e+00
4.153472222222222676e+00 0.000000000000000000e+00
4.154166666666666785e+00 0.000000000000000000e+00
4.154861111111110894e+00 0.000000000000000000e+00
4.155555555555555891e+00 0.000000000000000000e+00
4.156250000000000000e+00 0.000000000000000000e+00
4.156944444444444109e+00 0.000000000000000000e+00
4.157638888888889106e+00 0.000000000000000000e+00
4.158333333333333215e+00 0.000000000000000000e+00
4.159027777777777324e+00 0.000000000000000000e+00
4.159722222222222321e+00 0.000000000000000000e+00
4.160416666666666430e+00 0.000000000000000000e+00
4.161111111111110539e+00 0.000000000000000000e+00
4.161805555555555536e+00 0.000000000000000000e+00
4.162500000000000533e+00 0.000000000000000000e+00
4.163194444444444642e+00 0.000000000000000000e+00
4.163888888888888751e+00 0.000000000000000000e+00
4.164583333333333748e+00 0.000000000000000000e+00
4.165277777777777857e+00 0.000000000000000000e+00
4.165972222222221966e+00 0.000000000000000000e+00
4.166666666666666963e+00 0.000000000000000000e+00
4.167361111111111072e+00 0.000000000000000000e+00
4.168055555555555181e+00 0.000000000000000000e+00
4.168750000000000178e+00 0.000000000000000000e+00
4.169444444444444287e+00 0.000000000000000000e+00
4.170138888888888395e+00 0.000000000000000000e+00
4.170833333333333393e+00 0.000000000000000000e+00
4.171527777777777501e+00 0.000000000000000000e+00
4.172222222222222499e+00 0.000000000000000000e+00
4.172916666666666607e+00 0.000000000000000000e+00
4.173611111111111605e+00 0.000000000000000000e+00
4.174305555555555713e+00 0.000000000000000000e+00
4.174999999999999822e+00 0.000000000000000000e+00
4.175694444444444819e+00 0.000000000000000000e+00
4.176388888888888928e+00 0.000000000000000000e+00
4.177083333333333037e+00 0.000000000000000000e+00
4.177777777777778034e+00 0.000000000000000000e+00
4.178472222222222143e+00 0.000000000000000000e+00
4.179166666666666252e+00 0.000000000000000000e+00
4.179861111111111249e+00 0.000000000000000000e+00
4.180555555555555358e+00 0.000000000000000000e+00
4.181249999999999467e+00 0.000000000000000000e+00
4.181944444444444464e+00 0.000000000000000000e+00
4.182638888888889461e+00 0.000000000000000000e+00
4.183333333333333570e+00 0.000000000000000000e+00
4.184027777777777679e+00 0.000000000000000000e+00
4.184722222222222676e+00 0.000000000000000000e+00
4.185416666666666785e+00 0.000000000000000000e+00
4.186111111111110894e+00 0.000000000000000000e+00
4.186805555555555891e+00 0.000000000000000000e+00
4.187500000000000000e+00 0.000000000000000000e+00
4.188194444444444109e+00 0.000000000000000000e+00
4.188888888888889106e+00 0.000000000000000000e+00
4.189583333333333215e+00 0.000000000000000000e+00
4.190277777777777324e+00 0.000000000000000000e+00
4.190972222222222321e+00 0.000000000000000000e+00
4.191666666666666430e+00 0.000000000000000000e+00
4.192361111111110539e+00 0.000000000000000000e+00
4.193055555555555536e+00 0.000000000000000000e+00
4.193750000000000533e+00 0.000000000000000000e+00
4.194444444444444642e+00 0.000000000000000000e+00
4.195138888888888751e+00 0.000000000000000000e+00
4.195833333333333748e+00 0.000000000000000000e+00
4.196527777777777857e+00 0.000000000000000000e+00
4.197222222222221966e+00 0.000000000000000000e+00
4.197916666666666963e+00 0.000000000000000000e+00
4.198611111111111072e+00 0.000000000000000000e+00
4.199305555555555181e+00 0.000000000000000000e+00
4.200000000000000178e+00 0.000000000000000000e+00
4.200694444444444287e+00 0.000000000000000000e+00
4.201388888888888395e+00 0.000000000000000000e+00
4.202083333333333393e+00 0.000000000000000000e+00
4.202777777777777501e+00 0.000000000000000000e+00
4.203472222222222499e+00 0.000000000000000000e+00
4.204166666666666607e+00 0.000000000000000000e+00
4.204861111111111605e+00 0.000000000000000000e+00
4.205555555555555713e+00 0.000000000000000000e+00
4.206249999999999822e+00 0.000000000000000000e+00
4.206944444444444819e+00 0.000000000000000000e+00
4.207638888888888928e+00 0.000000000000000000e+00
4.208333333333333037e+00 0.000000000000000000e+00
4.209027777777778034e+00 0.000000000000000000e+00
4.209722222222222143e+00 0.000000000000000000e+00
4.210416666666666252e+00 0.000000000000000000e+00
4.211111111111111249e+00 0.000000000000000000e+00
4.211805555555555358e+00 0.000000000000000000e+00
4.212499999999999467e+00 0.000000000000000000e+00
4.213194444444444464e+00 0.000000000000000000e+00
4.213888888888889461e+00 0.000000000000000000e+00
4.214583333333333570e+00 0.000000000000000000e+00
4.215277777777777679e+00 0.000000000000000000e+00
4.215972222222222676e+00 0.000000000000000000e+00
4.216666666666666785e+00 0.000000000000000000e+00
4.217361111111110894e+00 0.000000000000000000e+00
4.218055555555555891e+00 0.000000000000000000e+00
4.218750000000000000e+00 0.000000000000000000e+00
4.219444444444444109e+00 0.000000000000000000e+00
4.220138888888889106e+00 0.000000000000000000e+00
4.220833333333333215e+00 0.000000000000000000e+00
4.221527777777777324e+00 0.000000000000000000e+00
4.222222222222222321e+00 0.000000000000000000e+00
4.222916666666666430e+00 0.000000000000000000e+00
4.223611111111110539e+00 0.000000000000000000e+00
4.224305555555555536e+00 0.000000000000000000e+00
4.225000000000000533e+00 0.000000000000000000e+00
4.225694444444444642e+00 0.000000000000000000e+00
4.226388888888888751e+00 0.000000000000000000e+00
4.227083333333333748e+00 0.000000000000000000e+00
4.227777777777777857e+00 0.000000000000000000e+00
4.228472222222221966e+00 0.000000000000000000e+00
4.229166666666666963e+00 0.000000000000000000e+00
4.229861111111111072e+00 0.000000000000000000e+00
4.230555555555555181e+00 0.000000000000000000e+00
4.231250000000000178e+00 0.000000000000000000e+00
4.231944444444444287e+00 0.000000000000000000e+00
4.232638888888888395e+00 0.000000000000000000e+00
4.233333333333333393e+00 0.000000000000000000e+00
4.234027777777777501e+00 0.000000000000000000e+00
4.234722222222222499e+00 0.000000000000000000e+00
4.235416666666666607e+00 0.000000000000000000e+00
4.236111111111111605e+00 0.000000000000000000e+00
4.236805555555555713e+00 2.080000000000001639e-02
4.237499999999999822e+00 4.160000000000003972e-02
4.238194444444444819e+00 6.240000000000001795e-02
4.238888888888888928e+00 8.320000000000007945e-02
4.239583333333333037e+00 1.039999999999999120e-01
4.240277777777778034e+00 1.150000000000001160e-01
4.240972222222222143e+00 1.259999999999999176e-01
4.241666666666666252e+00 1.370000000000000107e-01
4.242361111111111249e+00 1.479999999999999094e-01
4.243055555555555358e+00 1.589999999999999192e-01
4.243749999999999467e+00 1.695999999999983354e-01
4.244444444444444464e+00 1.801999999999963076e-01
4.245138888888889461e+00 1.908000000000037444e-01
4.245833333333333570e+00 2.014000000000016333e-01
4.246527777777777679e+00 2.120000000000001605e-01
4.247222222222222676e+00 2.217999999999998029e-01
4.247916666666666785e+00 2.316000000000002224e-01
4.248611111111110894e+00 2.413999999999999480e-01
4.249305555555555891e+00 2.511999999999998678e-01
4.250000000000000000e+00 2.610000000000001208e-01
4.250694444444444109e+00 2.703999999999999737e-01
4.251388888888889106e+00 2.798000000000001597e-01
4.252083333333333215e+00 2.891999999999999016e-01
4.252777777777777324e+00 2.986000000000002541e-01
4.253472222222222321e+00 3.079999999999997740e-01
4.254166666666666430e+00 3.163999999999988488e-01
4.254861111111110539e+00 3.247999999999968690e-01
4.255555555555555536e+00 3.332000000000031603e-01
4.256250000000000533e+00 3.416000000000011805e-01
4.256944444444444642e+00 3.500000000000003664e-01
4.257638888888888751e+00 3.573999999999998844e-01
4.258333333333333748e+00 3.647999999999997356e-01
4.259027777777777857e+00 3.722000000000003639e-01
4.259722222222221966e+00 3.796000000000001040e-01
4.260416666666666963e+00 3.869999999999997886e-01
4.261111111111111072e+00 3.941999999999998838e-01
4.261805555555555181e+00 4.014000000000004231e-01
4.262500000000000178e+00 4.086000000000002963e-01
4.263194444444444287e+00 4.158000000000000029e-01
4.263888888888888395e+00 4.229999999999995985e-01
4.264583333333333393e+00 4.295999999999992047e-01
4.265277777777777501e+00 4.361999999999974231e-01
4.265972222222222499e+00 4.428000000000019143e-01
4.266666666666666607e+00 4.494000000000014095e-01
4.267361111111111605e+00 4.559999999999997389e-01
4.268055555555555713e+00 4.620000000000000218e-01
4.268749999999999822e+00 4.679999999999995830e-01
4.269444444444444819e+00 4.740000000000000879e-01
4.270138888888888928e+00 4.799999999999997047e-01
4.270833333333333037e+00 4.860000000000001541e-01
4.271527777777778034e+00 4.924000000000002819e-01
4.272222222222222143e+00 4.987999999999995770e-01
4.272916666666666252e+00 5.051999999999997604e-01
4.273611111111111249e+00 5.116000000000002768e-01
4.274305555555555358e+00 5.180000000000001270e-01
4.274999999999999467e+00 5.229999999999989102e-01
4.275694444444444464e+00 5.279999999999982485e-01
4.276388888888889461e+00 5.330000000000016946e-01
4.277083333333332682e+00 5.379999999999923732e-01
4.277777777777777679e+00 5.429999999999998161e-01
4.278472222222222676e+00 5.477999999999999536e-01
4.279166666666666785e+00 5.526000000000003132e-01
4.279861111111110894e+00 5.573999999999995625e-01
4.280555555555555891e+00 5.622000000000002551e-01
4.281250000000000000e+00 5.669999999999997264e-01
4.281944444444444109e+00 5.713999999999997970e-01
4.282638888888889106e+00 5.758000000000003116e-01
4.283333333333333215e+00 5.802000000000002711e-01
4.284027777777777324e+00 5.845999999999996755e-01
4.284722222222222321e+00 5.889999999999998570e-01
4.285416666666666430e+00 5.929999999999991944e-01
4.286111111111110539e+00 5.969999999999990870e-01
4.286805555555555536e+00 6.010000000000011999e-01
4.287499999999998757e+00 6.049999999999935429e-01
4.288194444444444642e+00 6.089999999999995417e-01
4.288888888888888751e+00 6.127999999999995673e-01
4.289583333333333748e+00 6.165999999999998149e-01
4.290277777777777857e+00 6.204000000000006176e-01
4.290972222222221966e+00 6.242000000000005322e-01
4.291666666666666963e+00 6.280000000000004468e-01
4.292361111111111072e+00 6.316000000000006054e-01
4.293055555555555181e+00 6.352000000000004309e-01
4.293750000000000178e+00 6.388000000000001455e-01
4.294444444444444287e+00 6.424000000000000821e-01
4.295138888888888395e+00 6.459999999999999076e-01
4.295833333333333393e+00 6.491999999999996662e-01
4.296527777777777501e+00 6.523999999999994248e-01
4.297222222222222499e+00 6.556000000000012928e-01
4.297916666666665719e+00 6.587999999999946121e-01
4.298611111111111605e+00 6.620000000000004770e-01
4.299305555555555713e+00 6.652000000000004576e-01
4.299999999999999822e+00 6.684000000000001052e-01
4.300694444444444819e+00 6.715999999999996417e-01
4.301388888888888928e+00 6.747999999999995113e-01
4.302083333333333037e+00 6.779999999999994920e-01
4.302777777777778034e+00 6.809999999999992726e-01
4.303472222222222143e+00 6.839999999999996083e-01
4.304166666666666252e+00 6.870000000000002771e-01
4.304861111111111249e+00 6.900000000000005018e-01
4.305555555555555358e+00 6.930000000000006155e-01
4.306249999999999467e+00 6.955999999999992189e-01
4.306944444444444464e+00 6.981999999999988216e-01
4.307638888888889461e+00 7.008000000000006446e-01
4.308333333333332682e+00 7.033999999999952513e-01
4.309027777777777679e+00 7.059999999999999609e-01
4.309722222222222676e+00 7.085999999999993415e-01
4.310416666666666785e+00 7.112000000000000544e-01
4.311111111111110894e+00 7.138000000000005452e-01
4.311805555555555891e+00 7.164000000000004809e-01
4.312500000000000000e+00 7.189999999999991953e-01
4.313194444444444109e+00 7.219999999999995310e-01
4.313888888888889106e+00 7.249999999999998668e-01
4.314583333333333215e+00 7.280000000000002025e-01
4.315277777777777324e+00 7.310000000000005382e-01
4.315972222222222321e+00 7.340000000000005409e-01
4.316666666666666430e+00 7.363999999999989443e-01
4.317361111111110539e+00 7.387999999999994571e-01
4.318055555555555536e+00 7.412000000000014133e-01
4.318749999999998757e+00 7.435999999999963750e-01
4.319444444444444642e+00 7.459999999999995524e-01
4.320138888888888751e+00 7.482000000000005313e-01
4.320833333333333748e+00 7.503999999999996229e-01
4.321527777777777857e+00 7.525999999999999357e-01
4.322222222222221966e+00 7.548000000000009146e-01
4.322916666666666963e+00 7.569999999999993401e-01
4.323611111111111072e+00 7.590000000000003411e-01
4.324305555555555181e+00 7.610000000000002318e-01
4.325000000000000178e+00 7.629999999999997895e-01
4.325694444444444287e+00 7.650000000000007905e-01
4.326388888888888395e+00 7.669999999999992379e-01
4.327083333333333393e+00 7.690000000000001279e-01
4.327777777777777501e+00 7.709999999999987974e-01
4.328472222222222499e+00 7.730000000000004645e-01
4.329166666666665719e+00 7.749999999999961364e-01
4.329861111111111605e+00 7.769999999999994689e-01
4.330555555555555713e+00 7.788000000000007139e-01
4.331249999999999822e+00 7.805999999999992944e-01
4.331944444444444819e+00 7.824000000000008725e-01
4.332638888888888928e+00 7.841999999999991200e-01
4.333333333333333037e+00 7.860000000000005871e-01
4.334027777777778034e+00 7.875999999999991896e-01
4.334722222222222143e+00 7.892000000000009008e-01
4.335416666666666252e+00 7.907999999999992813e-01
4.336111111111111249e+00 7.924000000000009925e-01
4.336805555555555358e+00 7.939999999999997060e-01
4.337499999999999467e+00 7.958000000000005070e-01
4.338194444444444464e+00 7.975999999999990875e-01
4.338888888888889461e+00 7.994000000000014428e-01
4.339583333333332682e+00 8.011999999999975808e-01
4.340277777777777679e+00 8.030000000000009353e-01
4.340972222222222676e+00 8.045999999999993157e-01
4.341666666666666785e+00 8.062000000000009159e-01
4.342361111111110894e+00 8.077999999999995184e-01
4.343055555555555891e+00 8.094000000000010075e-01
4.343750000000000000e+00 8.109999999999998321e-01
4.344444444444444109e+00 8.123999999999996779e-01
4.345138888888889106e+00 8.138000000000005230e-01
4.345833333333333215e+00 8.151999999999993696e-01
4.346527777777777324e+00 8.166000000000007697e-01
4.347222222222222321e+00 8.179999999999997273e-01
4.347916666666666430e+00 8.193999999999994621e-01
4.348611111111110539e+00 8.208000000000000851e-01
4.349305555555555536e+00 8.221999999999995978e-01
4.349999999999998757e+00 8.235999999999975563e-01
4.350694444444444642e+00 8.249999999999995115e-01
4.351388888888888751e+00 8.264000000000005786e-01
4.352083333333333748e+00 8.278000000000000913e-01
4.352777777777777857e+00 8.291999999999992710e-01
4.353472222222221966e+00 8.306000000000007821e-01
4.354166666666666963e+00 8.319999999999992957e-01
4.354861111111111072e+00 8.336000000000008958e-01
4.355555555555555181e+00 8.351999999999997204e-01
4.356250000000000178e+00 8.368000000000003213e-01
4.356944444444444287e+00 8.383999999999999231e-01
4.357638888888888395e+00 8.399999999999996358e-01
4.358333333333333393e+00 8.412000000000005029e-01
4.359027777777777501e+00 8.423999999999990385e-01
4.359722222222222499e+00 8.436000000000009047e-01
4.360416666666665719e+00 8.447999999999991072e-01
4.361111111111111605e+00 8.459999999999991971e-01
4.361805555555555713e+00 8.472000000000005082e-01
4.362499999999999822e+00 8.484000000000000430e-01
4.363194444444444819e+00 8.495999999999992447e-01
4.363888888888888928e+00 8.508000000000009999e-01
4.364583333333333037e+00 8.519999999999999796e-01
4.365277777777778034e+00 8.529999999999993143e-01
4.365972222222222143e+00 8.540000000000005365e-01
4.366666666666666252e+00 8.550000000000005373e-01
4.367361111111111249e+00 8.559999999999994280e-01
4.368055555555555358e+00 8.569999999999992069e-01
4.368749999999999467e+00 8.582000000000007400e-01
4.369444444444444464e+00 8.593999999999992756e-01
4.370138888888889461e+00 8.606000000000008088e-01
4.370833333333332682e+00 8.617999999999991223e-01
4.371527777777777679e+00 8.629999999999992122e-01
4.372222222222222676e+00 8.639999999999997682e-01
4.372916666666666785e+00 8.650000000000009903e-01
4.373611111111110894e+00 8.659999999999997700e-01
4.374305555555555891e+00 8.669999999999993268e-01
4.375000000000000000e+00 8.680000000000007709e-01
4.375694444444444109e+00 8.690000000000001057e-01
4.376388888888889106e+00 8.699999999999991074e-01
4.377083333333333215e+00 8.710000000000001075e-01
4.377777777777777324e+00 8.720000000000008855e-01
4.378472222222222321e+00 8.729999999999996652e-01
4.379166666666666430e+00 8.737999999999992440e-01
4.379861111111110539e+00 8.746000000000000441e-01
4.380555555555555536e+00 8.754000000000009551e-01
4.381249999999998757e+00 8.761999999999990907e-01
4.381944444444444642e+00 8.769999999999993356e-01
4.382638888888888751e+00 8.780000000000005578e-01
4.383333333333333748e+00 8.790000000000005587e-01
4.384027777777777857e+00 8.799999999999994493e-01
4.384722222222221966e+00 8.809999999999994502e-01
4.385416666666666963e+00 8.820000000000008944e-01
4.386111111111111072e+00 8.827999999999999181e-01
4.386805555555555181e+00 8.835999999999991639e-01
4.387500000000000178e+00 8.843999999999994088e-01
4.388194444444444287e+00 8.852000000000009861e-01
4.388888888888888395e+00 8.860000000000004539e-01
4.389583333333333393e+00 8.867999999999993666e-01
4.390277777777777501e+00 8.875999999999991674e-01
4.390972222222222499e+00 8.884000000000014108e-01
4.391666666666665719e+00 8.891999999999997684e-01
4.392361111111111605e+00 8.899999999999999023e-01
4.393055555555555713e+00 8.907999999999993701e-01
4.393749999999999822e+00 8.916000000000001702e-01
4.394444444444444819e+00 8.924000000000008592e-01
4.395138888888888928e+00 8.931999999999999940e-01
4.395833333333333037e+00 8.939999999999990177e-01
4.396527777777778034e+00 8.952000000000007729e-01
4.397222222222222143e+00 8.964000000000001966e-01
4.397916666666666252e+00 8.975999999999995094e-01
4.398611111111111249e+00 8.988000000000003764e-01
4.399305555555555358e+00 9.000000000000001332e-01
4.399999999999999467e+00 9.005999999999994010e-01
4.400694444444444464e+00 9.011999999999990019e-01
4.401388888888889461e+00 9.018000000000003791e-01
4.402083333333332682e+00 9.023999999999989807e-01
4.402777777777777679e+00 9.030000000000005800e-01
4.403472222222222676e+00 9.036000000000001808e-01
4.404166666666666785e+00 9.041999999999992266e-01
4.404861111111110894e+00 9.047999999999992715e-01
4.405555555555555891e+00 9.054000000000000936e-01
4.406250000000000000e+00 9.060000000000009157e-01
4.406944444444444109e+00 9.068000000000001615e-01
4.407638888888889106e+00 9.075999999999992962e-01
4.408333333333333215e+00 9.083999999999995412e-01
4.409027777777777324e+00 9.092000000000010074e-01
4.409722222222222321e+00 9.100000000000004752e-01
4.410416666666666430e+00 9.105999999999998540e-01
4.411111111111110539e+00 9.111999999999988997e-01
4.411805555555555536e+00 9.117999999999996108e-01
4.412499999999998757e+00 9.123999999999985455e-01
4.413194444444444642e+00 9.130000000000009219e-01
4.413888888888888751e+00 9.136000000000001897e-01
4.414583333333333748e+00 9.141999999999995685e-01
4.415277777777777857e+00 9.147999999999993914e-01
4.415972222222221966e+00 9.153999999999995474e-01
4.416666666666666963e+00 9.160000000000008136e-01
4.417361111111111072e+00 9.164000000000009916e-01
4.418055555555555181e+00 9.168000000000006144e-01
4.418750000000000178e+00 9.172000000000000153e-01
4.419444444444444287e+00 9.175999999999997492e-01
4.420138888888888395e+00 9.179999999999991500e-01
4.420833333333333393e+00 9.185999999999991950e-01
4.421527777777777501e+00 9.191999999999997950e-01
4.422222222222222499e+00 9.198000000000012832e-01
4.422916666666665719e+00 9.203999999999999959e-01
4.423611111111111605e+00 9.209999999999998188e-01
4.424305555555555713e+00 9.213999999999992196e-01
4.424999999999999822e+00 9.217999999999995087e-01
4.425694444444444819e+00 9.221999999999993536e-01
4.426388888888888928e+00 9.225999999999999757e-01
4.427083333333333037e+00 9.230000000000010418e-01
4.427777777777778034e+00 9.236000000000007537e-01
4.428472222222222143e+00 9.242000000000000215e-01
4.429166666666666252e+00 9.247999999999992893e-01
4.429861111111111249e+00 9.253999999999992232e-01
4.430555555555555358e+00 9.260000000000000453e-01
4.431249999999999467e+00 9.264000000000006674e-01
4.431944444444444464e+00 9.268000000000008454e-01
4.432638888888889461e+00 9.272000000000004682e-01
4.433333333333332682e+00 9.275999999999996470e-01
4.434027777777777679e+00 9.279999999999994920e-01
4.434722222222222676e+00 9.283999999999992259e-01
4.435416666666666785e+00 9.287999999999991818e-01
4.436111111111110894e+00 9.291999999999994708e-01
4.436805555555555891e+00 9.296000000000007590e-01
4.437500000000000000e+00 9.300000000000010481e-01
4.438194444444444109e+00 9.304000000000007820e-01
4.438888888888889106e+00 9.308000000000002938e-01
4.439583333333333215e+00 9.311999999999998057e-01
4.440277777777777324e+00 9.315999999999993175e-01
4.440972222222222321e+00 9.319999999999992735e-01
4.441666666666666430e+00 9.323999999999994515e-01
4.442361111111110539e+00 9.327999999999992964e-01
4.443055555555555536e+00 9.332000000000011397e-01
4.443749999999998757e+00 9.336000000000005405e-01
4.444444444444444642e+00 9.340000000000004965e-01
4.445138888888888751e+00 9.344000000000000083e-01
4.445833333333333748e+00 9.347999999999996312e-01
4.446527777777777857e+00 9.351999999999991431e-01
4.447222222222221966e+00 9.355999999999994321e-01
4.447916666666666963e+00 9.359999999999991660e-01
4.448611111111111072e+00 9.362000000000001432e-01
4.449305555555555181e+00 9.364000000000008983e-01
4.450000000000000178e+00 9.366000000000005432e-01
4.450694444444444287e+00 9.368000000000011873e-01
4.451388888888888395e+00 9.370000000000009432e-01
4.452083333333333393e+00 9.374000000000005661e-01
4.452777777777777501e+00 9.377999999999998559e-01
4.453472222222222499e+00 9.381999999999999229e-01
4.454166666666665719e+00 9.385999999999988797e-01
4.454861111111111605e+00 9.389999999999992797e-01
4.455555555555555713e+00 9.393999999999993467e-01
4.456249999999999822e+00 9.397999999999999687e-01
4.456944444444444819e+00 9.402000000000009239e-01
4.457638888888888928e+00 9.406000000000008798e-01
4.458333333333333037e+00 9.410000000000002807e-01
4.459027777777778034e+00 9.412000000000000366e-01
4.459722222222222143e+00 9.414000000000001256e-01
4.460416666666666252e+00 9.415999999999996595e-01
4.461111111111111249e+00 9.417999999999994154e-01
4.461805555555555358e+00 9.419999999999991713e-01
4.462499999999999467e+00 9.421999999999993713e-01
4.463194444444444464e+00 9.423999999999989052e-01
4.463888888888889461e+00 9.425999999999994383e-01
4.464583333333332682e+00 9.427999999999991942e-01
4.465277777777777679e+00 9.429999999999993943e-01
4.465972222222222676e+00 9.432000000000000384e-01
4.466666666666666785e+00 9.434000000000005715e-01
4.467361111111110894e+00 9.436000000000008825e-01
4.468055555555555891e+00 9.438000000000008605e-01
4.468750000000000000e+00 9.440000000000009495e-01
4.469444444444444109e+00 9.438000000000008605e-01
4.470138888888889106e+00 9.436000000000008825e-01
4.470833333333333215e+00 9.434000000000005715e-01
4.471527777777777324e+00 9.432000000000000384e-01
4.472222222222222321e+00 9.429999999999993943e-01
4.472916666666666430e+00 9.431999999999999273e-01
4.473611111111110539e+00 9.434000000000005715e-01
4.474305555555555536e+00 9.436000000000009935e-01
4.474999999999998757e+00 9.438000000000007494e-01
4.475694444444444642e+00 9.440000000000009495e-01
4.476388888888888751e+00 9.442000000000007054e-01
4.477083333333333748e+00 9.444000000000003503e-01
4.477777777777777857e+00 9.446000000000001062e-01
4.478472222222221966e+00 9.448000000000000842e-01
4.479166666666666963e+00 9.449999999999998401e-01
4.479861111111111072e+00 9.438000000000008605e-01
4.480555555555555181e+00 9.425999999999991052e-01
4.481250000000000178e+00 9.414000000000000146e-01
4.481944444444444287e+00 9.402000000000009239e-01
4.482638888888888395e+00 9.389999999999992797e-01
4.483333333333333393e+00 9.389999999999992797e-01
4.484027777777777501e+00 9.389999999999992797e-01
4.484722222222222499e+00 9.389999999999992797e-01
4.485416666666665719e+00 9.389999999999992797e-01
4.486111111111111605e+00 9.389999999999992797e-01
4.486805555555555713e+00 9.391999999999990356e-01
4.487499999999999822e+00 9.393999999999993467e-01
4.488194444444444819e+00 9.395999999999994357e-01
4.488888888888888928e+00 9.397999999999999687e-01
4.489583333333333037e+00 9.400000000000006128e-01
4.490277777777778034e+00 9.400000000000006128e-01
4.490972222222222143e+00 9.400000000000006128e-01
4.491666666666666252e+00 9.400000000000006128e-01
4.492361111111111249e+00 9.400000000000006128e-01
4.493055555555555358e+00 9.400000000000006128e-01
4.493749999999999467e+00 9.402000000000009239e-01
4.494444444444444464e+00 9.404000000000006798e-01
4.495138888888889461e+00 9.406000000000008798e-01
4.495833333333332682e+00 9.408000000000004137e-01
4.496527777777777679e+00 9.410000000000002807e-01
4.497222222222222676e+00 9.410000000000002807e-01
4.497916666666666785e+00 9.410000000000002807e-01
4.498611111111110894e+00 9.410000000000002807e-01
4.499305555555555891e+00 9.410000000000003917e-01
4.500000000000000000e+00 9.410000000000002807e-01
4.500694444444444109e+00 9.412000000000000366e-01
4.501388888888889106e+00 9.414000000000001256e-01
4.502083333333333215e+00 9.415999999999996595e-01
4.502777777777777324e+00 9.417999999999994154e-01
4.503472222222222321e+00 9.419999999999991713e-01
4.504166666666666430e+00 9.419999999999991713e-01
4.504861111111110539e+00 9.419999999999991713e-01
4.505555555555555536e+00 9.419999999999991713e-01
4.506249999999998757e+00 9.419999999999991713e-01
4.506944444444444642e+00 9.419999999999991713e-01
4.507638888888888751e+00 9.419999999999991713e-01
4.508333333333333748e+00 9.419999999999991713e-01
4.509027777777777857e+00 9.419999999999991713e-01
4.509722222222221966e+00 9.419999999999991713e-01
4.510416666666666963e+00 9.419999999999991713e-01
4.511111111111111072e+00 9.419999999999991713e-01
4.511805555555555181e+00 9.419999999999991713e-01
4.512500000000000178e+00 9.419999999999991713e-01
4.513194444444444287e+00 9.419999999999991713e-01
4.513888888888888395e+00 9.419999999999991713e-01
4.514583333333333393e+00 9.419999999999991713e-01
4.515277777777777501e+00 9.419999999999991713e-01
4.515972222222222499e+00 9.419999999999991713e-01
4.516666666666665719e+00 9.419999999999991713e-01
4.517361111111111605e+00 9.419999999999991713e-01
4.518055555555555713e+00 9.419999999999991713e-01
4.518749999999999822e+00 9.419999999999991713e-01
4.519444444444444819e+00 9.419999999999991713e-01
4.520138888888888928e+00 9.419999999999991713e-01
4.520833333333333037e+00 9.419999999999991713e-01
4.521527777777778034e+00 9.417999999999994154e-01
4.522222222222222143e+00 9.415999999999996595e-01
4.522916666666666252e+00 9.414000000000001256e-01
4.523611111111111249e+00 9.412000000000000366e-01
4.524305555555555358e+00 9.410000000000002807e-01
4.524999999999999467e+00 9.408000000000006358e-01
4.525694444444444464e+00 9.406000000000008798e-01
4.526388888888889461e+00 9.404000000000006798e-01
4.527083333333332682e+00 9.402000000000011459e-01
4.527777777777777679e+00 9.400000000000006128e-01
4.528472222222222676e+00 9.400000000000006128e-01
4.529166666666666785e+00 9.400000000000006128e-01
4.529861111111110894e+00 9.400000000000006128e-01
4.530555555555555891e+00 9.400000000000006128e-01
4.531250000000000000e+00 9.400000000000006128e-01
4.531944444444444109e+00 9.397999999999999687e-01
4.532638888888889106e+00 9.395999999999994357e-01
4.533333333333333215e+00 9.393999999999993467e-01
4.534027777777777324e+00 9.391999999999990356e-01
4.534722222222222321e+00 9.389999999999992797e-01
4.535416666666666430e+00 9.389999999999992797e-01
4.536111111111110539e+00 9.389999999999992797e-01
4.536805555555555536e+00 9.389999999999992797e-01
4.537499999999998757e+00 9.389999999999992797e-01
4.538194444444444642e+00 9.389999999999992797e-01
4.538888888888888751e+00 9.383999999999994568e-01
4.539583333333333748e+00 9.377999999999999670e-01
4.540277777777777857e+00 9.372000000000008102e-01
4.540972222222221966e+00 9.366000000000009873e-01
4.541666666666666963e+00 9.359999999999991660e-01
4.542361111111111072e+00 9.357999999999994101e-01
4.543055555555555181e+00 9.355999999999992101e-01
4.543750000000000178e+00 9.353999999999993431e-01
4.544444444444444287e+00 9.351999999999991431e-01
4.545138888888888395e+00 9.349999999999992761e-01
4.545833333333333393e+00 9.347999999999997423e-01
4.546527777777777501e+00 9.345999999999998753e-01
4.547222222222222499e+00 9.344000000000000083e-01
4.547916666666665719e+00 9.342000000000003634e-01
4.548611111111111605e+00 9.340000000000004965e-01
4.549305555555555713e+00 9.338000000000007406e-01
4.549999999999999822e+00 9.336000000000010957e-01
4.550694444444444819e+00 9.334000000000010067e-01
4.551388888888888928e+00 9.332000000000011397e-01
4.552083333333333037e+00 9.330000000000008287e-01
4.552777777777778034e+00 9.328000000000001846e-01
4.553472222222222143e+00 9.325999999999995405e-01
4.554166666666666252e+00 9.323999999999994515e-01
4.554861111111111249e+00 9.321999999999992514e-01
4.555555555555555358e+00 9.319999999999992735e-01
4.556249999999999467e+00 9.317999999999991845e-01
4.556944444444444464e+00 9.315999999999993175e-01
4.557638888888889461e+00 9.313999999999996726e-01
4.558333333333332682e+00 9.312000000000000277e-01
4.559027777777777679e+00 9.310000000000000497e-01
4.559722222222222676e+00 9.306000000000004269e-01
4.560416666666666785e+00 9.302000000000010260e-01
4.561111111111110894e+00 9.298000000000010701e-01
4.561805555555555891e+00 9.294000000000001149e-01
4.562500000000000000e+00 9.289999999999991598e-01
4.563194444444444109e+00 9.287999999999991818e-01
4.563888888888889106e+00 9.285999999999992038e-01
4.564583333333333215e+00 9.283999999999990038e-01
4.565277777777777324e+00 9.281999999999993589e-01
4.565972222222222321e+00 9.279999999999994920e-01
4.566666666666666430e+00 9.277999999999998471e-01
4.567361111111110539e+00 9.276000000000000911e-01
4.568055555555555536e+00 9.274000000000000021e-01
4.568749999999998757e+00 9.272000000000004682e-01
4.569444444444444642e+00 9.270000000000007123e-01
4.570138888888888751e+00 9.266000000000008674e-01
4.570833333333333748e+00 9.262000000000004674e-01
4.571527777777777857e+00 9.257999999999992902e-01
4.572222222222221966e+00 9.253999999999992232e-01
4.572916666666666963e+00 9.249999999999992673e-01
4.573611111111111072e+00 9.245999999999995334e-01
4.574305555555555181e+00 9.242000000000000215e-01
4.575000000000000178e+00 9.238000000000002876e-01
4.575694444444444287e+00 9.234000000000009978e-01
4.576388888888888395e+00 9.230000000000010418e-01
4.577083333333333393e+00 9.225999999999999757e-01
4.577777777777777501e+00 9.221999999999993536e-01
4.578472222222222499e+00 9.217999999999995087e-01
4.579166666666665719e+00 9.214000000000001078e-01
4.579861111111111605e+00 9.209999999999998188e-01
4.580555555555555713e+00 9.206000000000000849e-01
4.581249999999999822e+00 9.202000000000005731e-01
4.581944444444444819e+00 9.198000000000008392e-01
4.582638888888888928e+00 9.194000000000011052e-01
4.583333333333333037e+00 9.189999999999998170e-01
4.584027777777778034e+00 9.185999999999991950e-01
4.584722222222222143e+00 9.181999999999994611e-01
4.585416666666666252e+00 9.177999999999995051e-01
4.586111111111111249e+00 9.173999999999999932e-01
4.586805555555555358e+00 9.170000000000002593e-01
4.587499999999999467e+00 9.166000000000009695e-01
4.588194444444444464e+00 9.162000000000010136e-01
4.588888888888889461e+00 9.158000000000003915e-01
4.589583333333332682e+00 9.154000000000006576e-01
4.590277777777777679e+00 9.149999999999993694e-01
4.590972222222222676e+00 9.145999999999990804e-01
4.591666666666666785e+00 9.141999999999995685e-01
4.592361111111110894e+00 9.137999999999999456e-01
4.593055555555555891e+00 9.134000000000004338e-01
4.593750000000000000e+00 9.130000000000009219e-01
4.594444444444444109e+00 9.119999999999994778e-01
4.595138888888889106e+00 9.109999999999993658e-01
4.595833333333333215e+00 9.100000000000004752e-01
4.596527777777777324e+00 9.090000000000006963e-01
4.597222222222222321e+00 9.079999999999993632e-01
4.597916666666666430e+00 9.075999999999992962e-01
4.598611111111110539e+00 9.071999999999997844e-01
4.599305555555555536e+00 9.068000000000000504e-01
4.599999999999998757e+00 9.064000000000008717e-01
4.600694444444444642e+00 9.060000000000009157e-01
4.601388888888888751e+00 9.054000000000000936e-01
4.602083333333333748e+00 9.047999999999992715e-01
4.602777777777777857e+00 9.041999999999992266e-01
4.603472222222221966e+00 9.036000000000001808e-01
4.604166666666666963e+00 9.030000000000005800e-01
4.604861111111111072e+00 9.011999999999993349e-01
4.605555555555555181e+00 8.994000000000007544e-01
4.606250000000000178e+00 8.975999999999995094e-01
4.606944444444444287e+00 8.958000000000010399e-01
4.607638888888888395e+00 8.939999999999990177e-01
4.608333333333333393e+00 8.933999999999998609e-01
4.609027777777777501e+00 8.928000000000003711e-01
4.609722222222222499e+00 8.922000000000008813e-01
4.610416666666665719e+00 8.916000000000019465e-01
4.611111111111111605e+00 8.909999999999993481e-01
4.611805555555555713e+00 8.903999999999994142e-01
4.612499999999999822e+00 8.898000000000000353e-01
4.613194444444444819e+00 8.892000000000007676e-01
4.613888888888888928e+00 8.886000000000009447e-01
4.614583333333333037e+00 8.879999999999994564e-01
4.615277777777778034e+00 8.873999999999995225e-01
4.615972222222222143e+00 8.867999999999994776e-01
4.616666666666666252e+00 8.862000000000002098e-01
4.617361111111111249e+00 8.856000000000009420e-01
4.618055555555555358e+00 8.850000000000004530e-01
4.618749999999999467e+00 8.841999999999996529e-01
4.619444444444444464e+00 8.833999999999997410e-01
4.620138888888889461e+00 8.826000000000002732e-01
4.620833333333332682e+00 8.818000000000020266e-01
4.621527777777777679e+00 8.809999999999994502e-01
4.622222222222222676e+00 8.803999999999994053e-01
4.622916666666666785e+00 8.797999999999998044e-01
4.623611111111110894e+00 8.792000000000004256e-01
4.624305555555555891e+00 8.786000000000010468e-01
4.625000000000000000e+00 8.780000000000005578e-01
4.625694444444444109e+00 8.771999999999993136e-01
4.626388888888889106e+00 8.763999999999996238e-01
4.627083333333333215e+00 8.756000000000006001e-01
4.627777777777777324e+00 8.748000000000010212e-01
4.628472222222222321e+00 8.739999999999994440e-01
4.629166666666666430e+00 8.731999999999993101e-01
4.629861111111110539e+00 8.724000000000002863e-01
4.630555555555555536e+00 8.716000000000004855e-01
4.631249999999998757e+00 8.708000000000022389e-01
4.631944444444444642e+00 8.699999999999991074e-01
4.632638888888888751e+00 8.691999999999999726e-01
4.633333333333333748e+00 8.684000000000008379e-01
4.634027777777777857e+00 8.676000000000000378e-01
4.634722222222221966e+00 8.667999999999993488e-01
4.635416666666666963e+00 8.659999999999997700e-01
4.636111111111111072e+00 8.650000000000009903e-01
4.636805555555555181e+00 8.639999999999997682e-01
4.637500000000000178e+00 8.629999999999992122e-01
4.638194444444444287e+00 8.620000000000003215e-01
4.638888888888888395e+00 8.610000000000004317e-01
4.639583333333333393e+00 8.601999999999996316e-01
4.640277777777777501e+00 8.593999999999996087e-01
4.640972222222222499e+00 8.586000000000001409e-01
4.641666666666665719e+00 8.578000000000017833e-01
4.642361111111111605e+00 8.569999999999992069e-01
4.643055555555555713e+00 8.559999999999994280e-01
4.643749999999999822e+00 8.550000000000005373e-01
4.644444444444444819e+00 8.540000000000005365e-01
4.645138888888888928e+00 8.529999999999993143e-01
4.645833333333333037e+00 8.519999999999999796e-01
4.646527777777778034e+00 8.510000000000008669e-01
4.647222222222222143e+00 8.499999999999994227e-01
4.647916666666666252e+00 8.489999999999995328e-01
4.648611111111111249e+00 8.480000000000006422e-01
4.649305555555555358e+00 8.469999999999999751e-01
4.649999999999999467e+00 8.459999999999993081e-01
4.650694444444444464e+00 8.450000000000003064e-01
4.651388888888889461e+00 8.440000000000006386e-01
4.652083333333332682e+00 8.430000000000021920e-01
4.652777777777777679e+00 8.419999999999997486e-01
4.653472222222222676e+00 8.408000000000008800e-01
4.654166666666666785e+00 8.395999999999992358e-01
4.654861111111110894e+00 8.383999999999999231e-01
4.655555555555555891e+00 8.372000000000009434e-01
4.656250000000000000e+00 8.359999999999992992e-01
4.656944444444444109e+00 8.348000000000000975e-01
4.657638888888889106e+00 8.336000000000008958e-01
4.658333333333333215e+00 8.323999999999993626e-01
4.659027777777777324e+00 8.312000000000001609e-01
4.659722222222222321e+00 8.300000000000004041e-01
4.660416666666666430e+00 8.287999999999993150e-01
4.661111111111110539e+00 8.276000000000005574e-01
4.661805555555555536e+00 8.263999999999993573e-01
4.662499999999998757e+00 8.252000000000012658e-01
4.663194444444444642e+00 8.240000000000006208e-01
4.663888888888888751e+00 8.227999999999995318e-01
4.664583333333333748e+00 8.215999999999995529e-01
4.665277777777777857e+00 8.204000000000006843e-01
4.665972222222221966e+00 8.191999999999993731e-01
4.666666666666666963e+00 8.179999999999997273e-01
4.667361111111111072e+00 8.168000000000008587e-01
4.668055555555555181e+00 8.155999999999989925e-01
4.668750000000000178e+00 8.144000000000000128e-01
4.669444444444444287e+00 8.132000000000008111e-01
4.670138888888888395e+00 8.119999999999992779e-01
4.670833333333333393e+00 8.106000000000003203e-01
4.671527777777777501e+00 8.092000000000009186e-01
4.672222222222222499e+00 8.077999999999994074e-01
4.672916666666665719e+00 8.064000000000023372e-01
4.673611111111111605e+00 8.049999999999992717e-01
4.674305555555555713e+00 8.034000000000005581e-01
4.674999999999999822e+00 8.017999999999991800e-01
4.675694444444444819e+00 8.002000000000002444e-01
4.676388888888888928e+00 7.985999999999996435e-01
4.677083333333333037e+00 7.970000000000001528e-01
4.677777777777778034e+00 7.956000000000005290e-01
4.678472222222222143e+00 7.941999999999994619e-01
4.679166666666666252e+00 7.928000000000008374e-01
4.679861111111111249e+00 7.913999999999992152e-01
4.680555555555555358e+00 7.900000000000001465e-01
4.681249999999999467e+00 7.884000000000004338e-01
4.681944444444444464e+00 7.868000000000003880e-01
4.682638888888889461e+00 7.851999999999991209e-01
4.683333333333332682e+00 7.836000000000017396e-01
4.684027777777777679e+00 7.820000000000009166e-01
4.684722222222222676e+00 7.801999999999996716e-01
4.685416666666666785e+00 7.784000000000006469e-01
4.686111111111110894e+00 7.765999999999998460e-01
4.686805555555555891e+00 7.748000000000000442e-01
4.687500000000000000e+00 7.730000000000000204e-01
4.688194444444444109e+00 7.711999999999996636e-01
4.688888888888889106e+00 7.694000000000000838e-01
4.689583333333333215e+00 7.675999999999995049e-01
4.690277777777777324e+00 7.658000000000002583e-01
4.690972222222222321e+00 7.639999999999993463e-01
4.691666666666666430e+00 7.622000000000006548e-01
4.692361111111110539e+00 7.603999999999997428e-01
4.693055555555555536e+00 7.586000000000001631e-01
4.693749999999998757e+00 7.568000000000036920e-01
4.694444444444444642e+00 7.550000000000006706e-01
4.695138888888888751e+00 7.525999999999997137e-01
4.695833333333333748e+00 7.501999999999994229e-01
4.696527777777777857e+00 7.478000000000007974e-01
4.697222222222221966e+00 7.454000000000000625e-01
4.697916666666666963e+00 7.429999999999991056e-01
4.698611111111111072e+00 7.408000000000006802e-01
4.699305555555555181e+00 7.386000000000001453e-01
4.700000000000000178e+00 7.363999999999993884e-01
4.700694444444444287e+00 7.342000000000007409e-01
4.701388888888888395e+00 7.319999999999998730e-01
4.702083333333333393e+00 7.298000000000001153e-01
4.702777777777777501e+00 7.276000000000012458e-01
4.703472222222222499e+00 7.253999999999990456e-01
4.704166666666665719e+00 7.232000000000037288e-01
4.704861111111111605e+00 7.210000000000004183e-01
4.705555555555555713e+00 7.187999999999991063e-01
4.706249999999999822e+00 7.166000000000003478e-01
4.706944444444444819e+00 7.144000000000004791e-01
4.707638888888888928e+00 7.121999999999993891e-01
4.708333333333333037e+00 7.100000000000005196e-01
4.709027777777778034e+00 7.076000000000001178e-01
4.709722222222222143e+00 7.051999999999992719e-01
4.710416666666666252e+00 7.028000000000003133e-01
4.711111111111111249e+00 7.004000000000004666e-01
4.711805555555555358e+00 6.979999999999993987e-01
4.712499999999999467e+00 6.954000000000002402e-01
4.713194444444444464e+00 6.928000000000014147e-01
4.713888888888889461e+00 6.901999999999995916e-01
4.714583333333332682e+00 6.876000000000046519e-01
4.715277777777777679e+00 6.849999999999994982e-01
4.715972222222222676e+00 6.822000000000001396e-01
4.716666666666666785e+00 6.794000000000006700e-01
4.717361111111110894e+00 6.766000000000002013e-01
4.718055555555555891e+00 6.737999999999996215e-01
4.718750000000000000e+00 6.709999999999994857e-01
4.719444444444444109e+00 6.679999999999997051e-01
4.720138888888889106e+00 6.650000000000003686e-01
4.720833333333333215e+00 6.620000000000004770e-01
4.721527777777777324e+00 6.590000000000005853e-01
4.722222222222222321e+00 6.560000000000002496e-01
4.722916666666666430e+00 6.530000000000001359e-01
4.723611111111110539e+00 6.500000000000006883e-01
4.724305555555555536e+00 6.469999999999983542e-01
4.724999999999998757e+00 6.440000000000046798e-01
4.725694444444444642e+00 6.410000000000003473e-01
4.726388888888888751e+00 6.376000000000006107e-01
4.727083333333333748e+00 6.342000000000005411e-01
4.727777777777777857e+00 6.308000000000003604e-01
4.728472222222221966e+00 6.274000000000005128e-01
4.729166666666666963e+00 6.240000000000005542e-01
4.729861111111111072e+00 6.206000000000005956e-01
4.730555555555555181e+00 6.172000000000005260e-01
4.731250000000000178e+00 6.138000000000004563e-01
4.731944444444444287e+00 6.104000000000004977e-01
4.732638888888888395e+00 6.070000000000004281e-01
4.733333333333333393e+00 6.032000000000010687e-01
4.734027777777777501e+00 5.994000000000018202e-01
4.734722222222222499e+00 5.955999999999983530e-01
4.735416666666665719e+00 5.918000000000060989e-01
4.736111111111111605e+00 5.879999999999995230e-01
4.736805555555555713e+00 5.838000000000003187e-01
4.737499999999999822e+00 5.796000000000001151e-01
4.738194444444444819e+00 5.753999999999999115e-01
4.738888888888888928e+00 5.711999999999997080e-01
4.739583333333333037e+00 5.669999999999997264e-01
4.740277777777778034e+00 5.628000000000004110e-01
4.740972222222222143e+00 5.586000000000003185e-01
4.741666666666666252e+00 5.543999999999997819e-01
4.742361111111111249e+00 5.501999999999996893e-01
4.743055555555555358e+00 5.460000000000003739e-01
4.743749999999999467e+00 5.412000000000009026e-01
4.744444444444444464e+00 5.364000000000016533e-01
4.745138888888889461e+00 5.315999999999984071e-01
4.745833333333332682e+00 5.268000000000069294e-01
4.746527777777777679e+00 5.220000000000002416e-01
4.747222222222222676e+00 5.171999999999999931e-01
4.747916666666666785e+00 5.123999999999997446e-01
4.748611111111110894e+00 5.076000000000001622e-01
4.749305555555555891e+00 5.028000000000002467e-01
4.750000000000000000e+00 4.980000000000001648e-01
4.750694444444444109e+00 4.926000000000004264e-01
4.751388888888889106e+00 4.872000000000005215e-01
4.752083333333333215e+00 4.817999999999996730e-01
4.752777777777777324e+00 4.763999999999996571e-01
4.753472222222222321e+00 4.709999999999995857e-01
4.754166666666666430e+00 4.652000000000009461e-01
4.754861111111110539e+00 4.594000000000020845e-01
4.755555555555555536e+00 4.535999999999983379e-01
4.756249999999998757e+00 4.478000000000093017e-01
4.756944444444444642e+00 4.419999999999996154e-01
4.757638888888888751e+00 4.356000000000003203e-01
4.758333333333333748e+00 4.292000000000002480e-01
4.759027777777777857e+00 4.227999999999997316e-01
4.759722222222221966e+00 4.163999999999997703e-01
4.760416666666666963e+00 4.100000000000004197e-01
4.761111111111111072e+00 4.032000000000003914e-01
4.761805555555555181e+00 3.964000000000004187e-01
4.762500000000000178e+00 3.896000000000002794e-01
4.763194444444444287e+00 3.828000000000003067e-01
4.763888888888888395e+00 3.760000000000001674e-01
4.764583333333333393e+00 3.686000000000014820e-01
4.765277777777777501e+00 3.612000000000027411e-01
4.765972222222222499e+00 3.537999999999972833e-01
4.766666666666665719e+00 3.464000000000111990e-01
4.767361111111111605e+00 3.389999999999997460e-01
4.768055555555555713e+00 3.308000000000001495e-01
4.768749999999999822e+00 3.226000000000003309e-01
4.769444444444444819e+00 3.143999999999999018e-01
4.770138888888888928e+00 3.061999999999997502e-01
4.770833333333333037e+00 2.979999999999999316e-01
4.771527777777778034e+00 2.898000000000000576e-01
4.772222222222222143e+00 2.816000000000001280e-01
4.772916666666666252e+00 2.733999999999998654e-01
4.773611111111111249e+00 2.652000000000001023e-01
4.774305555555555358e+00 2.570000000000000062e-01
4.774999999999999467e+00 2.476000000000016243e-01
4.775694444444444464e+00 2.382000000000034090e-01
4.776388888888889461e+00 2.287999999999969225e-01
4.777083333333332682e+00 2.194000000000142503e-01
4.777777777777777679e+00 2.099999999999999090e-01
4.778472222222222676e+00 2.000000000000001499e-01
4.779166666666666785e+00 1.899999999999998079e-01
4.779861111111110894e+00 1.800000000000001044e-01
4.780555555555555891e+00 1.700000000000000955e-01
4.781250000000000000e+00 1.599999999999998923e-01
4.781944444444444109e+00 1.497999999999999055e-01
4.782638888888889106e+00 1.395999999999999741e-01
4.783333333333333215e+00 1.293999999999999873e-01
4.784027777777777324e+00 1.192000000000000282e-01
4.784722222222222321e+00 1.090000000000000968e-01
4.785416666666666430e+00 8.720000000000381613e-02
4.786111111111110539e+00 6.540000000000745217e-02
4.786805555555555536e+00 4.359999999999256831e-02
4.787499999999998757e+00 2.180000000003346969e-02
4.788194444444444642e+00 0.000000000000000000e+00
4.788888888888888751e+00 0.000000000000000000e+00
4.789583333333333748e+00 0.000000000000000000e+00
4.790277777777777857e+00 0.000000000000000000e+00
4.790972222222221966e+00 0.000000000000000000e+00
4.791666666666666963e+00 0.000000000000000000e+00
4.792361111111111072e+00 0.000000000000000000e+00
4.793055555555555181e+00 0.000000000000000000e+00
4.793750000000000178e+00 0.000000000000000000e+00
4.794444444444444287e+00 0.000000000000000000e+00
4.795138888888888395e+00 0.000000000000000000e+00
4.795833333333333393e+00 0.000000000000000000e+00
4.796527777777777501e+00 0.000000000000000000e+00
4.797222222222222499e+00 0.000000000000000000e+00
4.797916666666665719e+00 0.000000000000000000e+00
4.798611111111111605e+00 0.000000000000000000e+00
4.799305555555555713e+00 0.000000000000000000e+00
4.799999999999999822e+00 0.000000000000000000e+00
4.800694444444444819e+00 0.000000000000000000e+00
4.801388888888888928e+00 0.000000000000000000e+00
4.802083333333333037e+00 0.000000000000000000e+00
4.802777777777778034e+00 0.000000000000000000e+00
4.803472222222222143e+00 0.000000000000000000e+00
4.804166666666666252e+00 0.000000000000000000e+00
4.804861111111111249e+00 0.000000000000000000e+00
4.805555555555555358e+00 0.000000000000000000e+00
4.806249999999999467e+00 0.000000000000000000e+00
4.806944444444444464e+00 0.000000000000000000e+00
4.807638888888889461e+00 0.000000000000000000e+00
4.808333333333332682e+00 0.000000000000000000e+00
4.809027777777777679e+00 0.000000000000000000e+00
4.809722222222222676e+00 0.000000000000000000e+00
4.810416666666666785e+00 0.000000000000000000e+00
4.811111111111110894e+00 0.000000000000000000e+00
4.811805555555555891e+00 0.000000000000000000e+00
4.812500000000000000e+00 0.000000000000000000e+00
4.813194444444444109e+00 0.000000000000000000e+00
4.813888888888889106e+00 0.000000000000000000e+00
4.814583333333333215e+00 0.000000000000000000e+00
4.815277777777777324e+00 0.000000000000000000e+00
4.815972222222222321e+00 0.000000000000000000e+00
4.816666666666666430e+00 0.000000000000000000e+00
4.817361111111110539e+00 0.000000000000000000e+00
4.818055555555555536e+00 0.000000000000000000e+00
4.818749999999998757e+00 0.000000000000000000e+00
4.819444444444444642e+00 0.000000000000000000e+00
4.820138888888888751e+00 0.000000000000000000e+00
4.820833333333333748e+00 0.000000000000000000e+00
4.821527777777777857e+00 0.000000000000000000e+00
4.822222222222221966e+00 0.000000000000000000e+00
4.822916666666666963e+00 0.000000000000000000e+00
4.823611111111111072e+00 0.000000000000000000e+00
4.824305555555555181e+00 0.000000000000000000e+00
4.825000000000000178e+00 0.000000000000000000e+00
4.825694444444444287e+00 0.000000000000000000e+00
4.826388888888888395e+00 0.000000000000000000e+00
4.827083333333333393e+00 0.000000000000000000e+00
4.827777777777777501e+00 0.000000000000000000e+00
4.828472222222222499e+00 0.000000000000000000e+00
4.829166666666665719e+00 0.000000000000000000e+00
4.829861111111111605e+00 0.000000000000000000e+00
4.830555555555555713e+00 0.000000000000000000e+00
4.831249999999999822e+00 0.000000000000000000e+00
4.831944444444444819e+00 0.000000000000000000e+00
4.832638888888888928e+00 0.000000000000000000e+00
4.833333333333333037e+00 0.000000000000000000e+00
4.834027777777778034e+00 0.000000000000000000e+00
4.834722222222222143e+00 0.000000000000000000e+00
4.835416666666666252e+00 0.000000000000000000e+00
4.836111111111111249e+00 0.000000000000000000e+00
4.836805555555555358e+00 0.000000000000000000e+00
4.837499999999999467e+00 0.000000000000000000e+00
4.838194444444444464e+00 0.000000000000000000e+00
4.838888888888889461e+00 0.000000000000000000e+00
4.839583333333332682e+00 0.000000000000000000e+00
4.840277777777777679e+00 0.000000000000000000e+00
4.840972222222222676e+00 0.000000000000000000e+00
4.841666666666666785e+00 0.000000000000000000e+00
4.842361111111110894e+00 0.000000000000000000e+00
4.843055555555555891e+00 0.000000000000000000e+00
4.843750000000000000e+00 0.000000000000000000e+00
4.844444444444444109e+00 0.000000000000000000e+00
4.845138888888889106e+00 0.000000000000000000e+00
4.845833333333333215e+00 0.000000000000000000e+00
4.846527777777777324e+00 0.000000000000000000e+00
4.847222222222222321e+00 0.000000000000000000e+00
4.847916666666666430e+00 0.000000000000000000e+00
4.848611111111110539e+00 0.000000000000000000e+00
4.849305555555555536e+00 0.000000000000000000e+00
4.849999999999998757e+00 0.000000000000000000e+00
4.850694444444444642e+00 0.000000000000000000e+00
4.851388888888888751e+00 0.000000000000000000e+00
4.852083333333333748e+00 0.000000000000000000e+00
4.852777777777777857e+00 0.000000000000000000e+00
4.853472222222221966e+00 0.000000000000000000e+00
4.854166666666666963e+00 0.000000000000000000e+00
4.854861111111111072e+00 0.000000000000000000e+00
4.855555555555555181e+00 0.000000000000000000e+00
4.856250000000000178e+00 0.000000000000000000e+00
4.856944444444444287e+00 0.000000000000000000e+00
4.857638888888888395e+00 0.000000000000000000e+00
4.858333333333333393e+00 0.000000000000000000e+00
4.859027777777777501e+00 0.000000000000000000e+00
4.859722222222222499e+00 0.000000000000000000e+00
4.860416666666665719e+00 0.000000000000000000e+00
4.861111111111111605e+00 0.000000000000000000e+00
4.861805555555555713e+00 0.000000000000000000e+00
4.862499999999999822e+00 0.000000000000000000e+00
4.863194444444444819e+00 0.000000000000000000e+00
4.863888888888888928e+00 0.000000000000000000e+00
4.864583333333333037e+00 0.000000000000000000e+00
4.865277777777778034e+00 0.000000000000000000e+00
4.865972222222222143e+00 0.000000000000000000e+00
4.866666666666666252e+00 0.000000000000000000e+00
4.867361111111111249e+00 0.000000000000000000e+00
4.868055555555555358e+00 0.000000000000000000e+00
4.868749999999999467e+00 0.000000000000000000e+00
4.869444444444444464e+00 0.000000000000000000e+00
4.870138888888889461e+00 0.000000000000000000e+00
4.870833333333332682e+00 0.000000000000000000e+00
4.871527777777777679e+00 0.000000000000000000e+00
4.872222222222222676e+00 0.000000000000000000e+00
4.872916666666666785e+00 0.000000000000000000e+00
4.873611111111110894e+00 0.000000000000000000e+00
4.874305555555555891e+00 0.000000000000000000e+00
4.875000000000000000e+00 0.000000000000000000e+00
4.875694444444444109e+00 0.000000000000000000e+00
4.876388888888889106e+00 0.000000000000000000e+00
4.877083333333333215e+00 0.000000000000000000e+00
4.877777777777777324e+00 0.000000000000000000e+00
4.878472222222222321e+00 0.000000000000000000e+00
4.879166666666666430e+00 0.000000000000000000e+00
4.879861111111110539e+00 0.000000000000000000e+00
4.880555555555555536e+00 0.000000000000000000e+00
4.881249999999998757e+00 0.000000000000000000e+00
4.881944444444444642e+00 0.000000000000000000e+00
4.882638888888888751e+00 0.000000000000000000e+00
4.883333333333333748e+00 0.000000000000000000e+00
4.884027777777777857e+00 0.000000000000000000e+00
4.884722222222221966e+00 0.000000000000000000e+00
4.885416666666666963e+00 0.000000000000000000e+00
4.886111111111111072e+00 0.000000000000000000e+00
4.886805555555555181e+00 0.000000000000000000e+00
4.887500000000000178e+00 0.000000000000000000e+00
4.888194444444444287e+00 0.000000000000000000e+00
4.888888888888888395e+00 0.000000000000000000e+00
4.889583333333333393e+00 0.000000000000000000e+00
4.890277777777777501e+00 0.000000000000000000e+00
4.890972222222222499e+00 0.000000000000000000e+00
4.891666666666665719e+00 0.000000000000000000e+00
4.892361111111111605e+00 0.000000000000000000e+00
4.893055555555555713e+00 0.000000000000000000e+00
4.893749999999999822e+00 0.000000000000000000e+00
4.894444444444444819e+00 0.000000000000000000e+00
4.895138888888888928e+00 0.000000000000000000e+00
4.895833333333333037e+00 0.000000000000000000e+00
4.896527777777778034e+00 0.000000000000000000e+00
4.897222222222222143e+00 0.000000000000000000e+00
4.897916666666666252e+00 0.000000000000000000e+00
4.898611111111111249e+00 0.000000000000000000e+00
4.899305555555555358e+00 0.000000000000000000e+00
4.899999999999999467e+00 0.000000000000000000e+00
4.900694444444444464e+00 0.000000000000000000e+00
4.901388888888889461e+00 0.000000000000000000e+00
4.902083333333332682e+00 0.000000000000000000e+00
4.902777777777777679e+00 0.000000000000000000e+00
4.903472222222222676e+00 0.000000000000000000e+00
4.904166666666666785e+00 0.000000000000000000e+00
4.904861111111110894e+00 0.000000000000000000e+00
4.905555555555555891e+00 0.000000000000000000e+00
4.906250000000000000e+00 0.000000000000000000e+00
4.906944444444444109e+00 0.000000000000000000e+00
4.907638888888889106e+00 0.000000000000000000e+00
4.908333333333333215e+00 0.000000000000000000e+00
4.909027777777777324e+00 0.000000000000000000e+00
4.909722222222222321e+00 0.000000000000000000e+00
4.910416666666666430e+00 0.000000000000000000e+00
4.911111111111110539e+00 0.000000000000000000e+00
4.911805555555555536e+00 0.000000000000000000e+00
4.912499999999998757e+00 0.000000000000000000e+00
4.913194444444444642e+00 0.000000000000000000e+00
4.913888888888888751e+00 0.000000000000000000e+00
4.914583333333333748e+00 0.000000000000000000e+00
4.915277777777777857e+00 0.000000000000000000e+00
4.915972222222221966e+00 0.000000000000000000e+00
4.916666666666666963e+00 0.000000000000000000e+00
4.917361111111111072e+00 0.000000000000000000e+00
4.918055555555555181e+00 0.000000000000000000e+00
4.918750000000000178e+00 0.000000000000000000e+00
4.919444444444444287e+00 0.000000000000000000e+00
4.920138888888888395e+00 0.000000000000000000e+00
4.920833333333333393e+00 0.000000000000000000e+00
4.921527777777777501e+00 0.000000000000000000e+00
4.922222222222222499e+00 0.000000000000000000e+00
4.922916666666665719e+00 0.000000000000000000e+00
4.923611111111111605e+00 0.000000000000000000e+00
4.924305555555555713e+00 0.000000000000000000e+00
4.924999999999999822e+00 0.000000000000000000e+00
4.925694444444444819e+00 0.000000000000000000e+00
4.926388888888888928e+00 0.000000000000000000e+00
4.927083333333333037e+00 0.000000000000000000e+00
4.927777777777778034e+00 0.000000000000000000e+00
4.928472222222222143e+00 0.000000000000000000e+00
4.929166666666666252e+00 0.000000000000000000e+00
4.929861111111111249e+00 0.000000000000000000e+00
4.930555555555555358e+00 0.000000000000000000e+00
4.931249999999999467e+00 0.000000000000000000e+00
4.931944444444444464e+00 0.000000000000000000e+00
4.932638888888889461e+00 0.000000000000000000e+00
4.933333333333332682e+00 0.000000000000000000e+00
4.934027777777777679e+00 0.000000000000000000e+00
4.934722222222222676e+00 0.000000000000000000e+00
4.935416666666666785e+00 0.000000000000000000e+00
4.936111111111110894e+00 0.000000000000000000e+00
4.936805555555555891e+00 0.000000000000000000e+00
4.937500000000000000e+00 0.000000000000000000e+00
4.938194444444444109e+00 0.000000000000000000e+00
4.938888888888889106e+00 0.000000000000000000e+00
4.939583333333333215e+00 0.000000000000000000e+00
4.940277777777777324e+00 0.000000000000000000e+00
4.940972222222222321e+00 0.000000000000000000e+00
4.941666666666666430e+00 0.000000000000000000e+00
4.942361111111110539e+00 0.000000000000000000e+00
4.943055555555555536e+00 0.000000000000000000e+00
4.943749999999998757e+00 0.000000000000000000e+00
4.944444444444444642e+00 0.000000000000000000e+00
4.945138888888888751e+00 0.000000000000000000e+00
4.945833333333333748e+00 0.000000000000000000e+00
4.946527777777777857e+00 0.000000000000000000e+00
4.947222222222221966e+00 0.000000000000000000e+00
4.947916666666666963e+00 0.000000000000000000e+00
4.948611111111111072e+00 0.000000000000000000e+00
4.949305555555555181e+00 0.000000000000000000e+00
4.950000000000000178e+00 0.000000000000000000e+00
4.950694444444444287e+00 0.000000000000000000e+00
4.951388888888888395e+00 0.000000000000000000e+00
4.952083333333333393e+00 0.000000000000000000e+00
4.952777777777777501e+00 0.000000000000000000e+00
4.953472222222222499e+00 0.000000000000000000e+00
4.954166666666665719e+00 0.000000000000000000e+00
4.954861111111111605e+00 0.000000000000000000e+00
4.955555555555555713e+00 0.000000000000000000e+00
4.956249999999999822e+00 0.000000000000000000e+00
4.956944444444444819e+00 0.000000000000000000e+00
4.957638888888888928e+00 0.000000000000000000e+00
4.958333333333333037e+00 0.000000000000000000e+00
4.959027777777778034e+00 0.000000000000000000e+00
4.959722222222222143e+00 0.000000000000000000e+00
4.960416666666666252e+00 0.000000000000000000e+00
4.961111111111111249e+00 0.000000000000000000e+00
4.961805555555555358e+00 0.000000000000000000e+00
4.962499999999999467e+00 0.000000000000000000e+00
4.963194444444444464e+00 0.000000000000000000e+00
4.963888888888889461e+00 0.000000000000000000e+00
4.964583333333332682e+00 0.000000000000000000e+00
4.965277777777777679e+00 0.000000000000000000e+00
4.965972222222222676e+00 0.000000000000000000e+00
4.966666666666666785e+00 0.000000000000000000e+00
4.967361111111110894e+00 0.000000000000000000e+00
4.968055555555555891e+00 0.000000000000000000e+00
4.968750000000000000e+00 0.000000000000000000e+00
4.969444444444444109e+00 0.000000000000000000e+00
4.970138888888889106e+00 0.000000000000000000e+00
4.970833333333333215e+00 0.000000000000000000e+00
4.971527777777777324e+00 0.000000000000000000e+00
4.972222222222222321e+00 0.000000000000000000e+00
4.972916666666666430e+00 0.000000000000000000e+00
4.973611111111110539e+00 0.000000000000000000e+00
4.974305555555555536e+00 0.000000000000000000e+00
4.974999999999998757e+00 0.000000000000000000e+00
4.975694444444444642e+00 0.000000000000000000e+00
4.976388888888888751e+00 0.000000000000000000e+00
4.977083333333333748e+00 0.000000000000000000e+00
4.977777777777777857e+00 0.000000000000000000e+00
4.978472222222221966e+00 0.000000000000000000e+00
4.979166666666666963e+00 0.000000000000000000e+00
4.979861111111111072e+00 0.000000000000000000e+00
4.980555555555555181e+00 0.000000000000000000e+00
4.981250000000000178e+00 0.000000000000000000e+00
4.981944444444444287e+00 0.000000000000000000e+00
4.982638888888888395e+00 0.000000000000000000e+00
4.983333333333333393e+00 0.000000000000000000e+00
4.984027777777777501e+00 0.000000000000000000e+00
4.984722222222222499e+00 0.000000000000000000e+00
4.985416666666665719e+00 0.000000000000000000e+00
4.986111111111111605e+00 0.000000000000000000e+00
4.986805555555555713e+00 0.000000000000000000e+00
4.987499999999999822e+00 0.000000000000000000e+00
4.988194444444444819e+00 0.000000000000000000e+00
4.988888888888888928e+00 0.000000000000000000e+00
4.989583333333333037e+00 0.000000000000000000e+00
4.990277777777778034e+00 0.000000000000000000e+00
4.990972222222222143e+00 0.000000000000000000e+00
4.991666666666666252e+00 0.000000000000000000e+00
4.992361111111111249e+00 0.000000000000000000e+00
4.993055555555555358e+00 0.000000000000000000e+00
4.993749999999999467e+00 0.000000000000000000e+00
4.994444444444444464e+00 0.000000000000000000e+00
4.995138888888889461e+00 0.000000000000000000e+00
4.995833333333332682e+00 0.000000000000000000e+00
4.996527777777777679e+00 0.000000000000000000e+00
4.997222222222222676e+00 0.000000000000000000e+00
4.997916666666666785e+00 0.000000000000000000e+00
4.998611111111110894e+00 0.000000000000000000e+00
4.999305555555555891e+00 0.000000000000000000e+00
5.000000000000000000e+00 0.000000000000000000e+00
5.000694444444444109e+00 0.000000000000000000e+00
5.001388888888889106e+00 0.000000000000000000e+00
5.002083333333333215e+00 0.000000000000000000e+00
5.002777777777777324e+00 0.000000000000000000e+00
5.003472222222222321e+00 0.000000000000000000e+00
5.004166666666666430e+00 0.000000000000000000e+00
5.004861111111110539e+00 0.000000000000000000e+00
5.005555555555555536e+00 0.000000000000000000e+00
5.006249999999998757e+00 0.000000000000000000e+00
5.006944444444444642e+00 0.000000000000000000e+00
5.007638888888888751e+00 0.000000000000000000e+00
5.008333333333333748e+00 0.000000000000000000e+00
5.009027777777777857e+00 0.000000000000000000e+00
5.009722222222221966e+00 0.000000000000000000e+00
5.010416666666666963e+00 0.000000000000000000e+00
5.011111111111111072e+00 0.000000000000000000e+00
5.011805555555555181e+00 0.000000000000000000e+00
5.012500000000000178e+00 0.000000000000000000e+00
5.013194444444444287e+00 0.000000000000000000e+00
5.013888888888888395e+00 0.000000000000000000e+00
5.014583333333333393e+00 0.000000000000000000e+00
5.015277777777777501e+00 0.000000000000000000e+00
5.015972222222222499e+00 0.000000000000000000e+00
5.016666666666665719e+00 0.000000000000000000e+00
5.017361111111111605e+00 0.000000000000000000e+00
5.018055555555555713e+00 0.000000000000000000e+00
5.018749999999999822e+00 0.000000000000000000e+00
5.019444444444444819e+00 0.000000000000000000e+00
5.020138888888888928e+00 0.000000000000000000e+00
5.020833333333333037e+00 0.000000000000000000e+00
5.021527777777778034e+00 0.000000000000000000e+00
5.022222222222222143e+00 0.000000000000000000e+00
5.022916666666666252e+00 0.000000000000000000e+00
5.023611111111111249e+00 0.000000000000000000e+00
5.024305555555555358e+00 0.000000000000000000e+00
5.024999999999999467e+00 0.000000000000000000e+00
5.025694444444444464e+00 0.000000000000000000e+00
5.026388888888889461e+00 0.000000000000000000e+00
5.027083333333332682e+00 0.000000000000000000e+00
5.027777777777777679e+00 0.000000000000000000e+00
5.028472222222222676e+00 0.000000000000000000e+00
5.029166666666666785e+00 0.000000000000000000e+00
5.029861111111110894e+00 0.000000000000000000e+00
5.030555555555555891e+00 0.000000000000000000e+00
5.031250000000000000e+00 0.000000000000000000e+00
5.031944444444444109e+00 0.000000000000000000e+00
5.032638888888889106e+00 0.000000000000000000e+00
5.033333333333333215e+00 0.000000000000000000e+00
5.034027777777777324e+00 0.000000000000000000e+00
5.034722222222222321e+00 0.000000000000000000e+00
5.035416666666666430e+00 0.000000000000000000e+00
5.036111111111110539e+00 0.000000000000000000e+00
5.036805555555555536e+00 0.000000000000000000e+00
5.037499999999998757e+00 0.000000000000000000e+00
5.038194444444444642e+00 0.000000000000000000e+00
5.038888888888888751e+00 0.000000000000000000e+00
5.039583333333333748e+00 0.000000000000000000e+00
5.040277777777777857e+00 0.000000000000000000e+00
5.040972222222221966e+00 0.000000000000000000e+00
5.041666666666666963e+00 0.000000000000000000e+00
5.042361111111111072e+00 0.000000000000000000e+00
5.043055555555555181e+00 0.000000000000000000e+00
5.043750000000000178e+00 0.000000000000000000e+00
5.044444444444444287e+00 0.000000000000000000e+00
5.045138888888888395e+00 0.000000000000000000e+00
5.045833333333333393e+00 0.000000000000000000e+00
5.046527777777777501e+00 0.000000000000000000e+00
5.047222222222222499e+00 0.000000000000000000e+00
5.047916666666665719e+00 0.000000000000000000e+00
5.048611111111111605e+00 0.000000000000000000e+00
5.049305555555555713e+00 0.000000000000000000e+00
5.049999999999999822e+00 0.000000000000000000e+00
5.050694444444444819e+00 0.000000000000000000e+00
5.051388888888888928e+00 0.000000000000000000e+00
5.052083333333333037e+00 0.000000000000000000e+00
5.052777777777778034e+00 0.000000000000000000e+00
5.053472222222222143e+00 0.000000000000000000e+00
5.054166666666666252e+00 0.000000000000000000e+00
5.054861111111111249e+00 0.000000000000000000e+00
5.055555555555555358e+00 0.000000000000000000e+00
5.056249999999999467e+00 0.000000000000000000e+00
5.056944444444444464e+00 0.000000000000000000e+00
5.057638888888889461e+00 0.000000000000000000e+00
5.058333333333332682e+00 0.000000000000000000e+00
5.059027777777777679e+00 0.000000000000000000e+00
5.059722222222222676e+00 0.000000000000000000e+00
5.060416666666666785e+00 0.000000000000000000e+00
5.061111111111110894e+00 0.000000000000000000e+00
5.061805555555555891e+00 0.000000000000000000e+00
5.062500000000000000e+00 0.000000000000000000e+00
5.063194444444444109e+00 0.000000000000000000e+00
5.063888888888889106e+00 0.000000000000000000e+00
5.064583333333333215e+00 0.000000000000000000e+00
5.065277777777777324e+00 0.000000000000000000e+00
5.065972222222222321e+00 0.000000000000000000e+00
5.066666666666666430e+00 0.000000000000000000e+00
5.067361111111110539e+00 0.000000000000000000e+00
5.068055555555555536e+00 0.000000000000000000e+00
5.068749999999998757e+00 0.000000000000000000e+00
5.069444444444444642e+00 0.000000000000000000e+00
5.070138888888888751e+00 0.000000000000000000e+00
5.070833333333333748e+00 0.000000000000000000e+00
5.071527777777777857e+00 0.000000000000000000e+00
5.072222222222221966e+00 0.000000000000000000e+00
5.072916666666666963e+00 0.000000000000000000e+00
5.073611111111111072e+00 0.000000000000000000e+00
5.074305555555555181e+00 0.000000000000000000e+00
5.075000000000000178e+00 0.000000000000000000e+00
5.075694444444444287e+00 0.000000000000000000e+00
5.076388888888888395e+00 0.000000000000000000e+00
5.077083333333333393e+00 0.000000000000000000e+00
5.077777777777777501e+00 0.000000000000000000e+00
5.078472222222222499e+00 0.000000000000000000e+00
5.079166666666665719e+00 0.000000000000000000e+00
5.079861111111111605e+00 0.000000000000000000e+00
5.080555555555555713e+00 0.000000000000000000e+00
5.081249999999999822e+00 0.000000000000000000e+00
5.081944444444444819e+00 0.000000000000000000e+00
5.082638888888888928e+00 0.000000000000000000e+00
5.083333333333333037e+00 0.000000000000000000e+00
5.084027777777778034e+00 0.000000000000000000e+00
5.084722222222222143e+00 0.000000000000000000e+00
5.085416666666666252e+00 0.000000000000000000e+00
5.086111111111111249e+00 0.000000000000000000e+00
5.086805555555555358e+00 0.000000000000000000e+00
5.087499999999999467e+00 0.000000000000000000e+00
5.088194444444444464e+00 0.000000000000000000e+00
5.088888888888889461e+00 0.000000000000000000e+00
5.089583333333332682e+00 0.000000000000000000e+00
5.090277777777777679e+00 0.000000000000000000e+00
5.090972222222222676e+00 0.000000000000000000e+00
5.091666666666666785e+00 0.000000000000000000e+00
5.092361111111110894e+00 0.000000000000000000e+00
5.093055555555555891e+00 0.000000000000000000e+00
5.093750000000000000e+00 0.000000000000000000e+00
5.094444444444444109e+00 0.000000000000000000e+00
5.095138888888889106e+00 0.000000000000000000e+00
5.095833333333333215e+00 0.000000000000000000e+00
5.096527777777777324e+00 0.000000000000000000e+00
5.097222222222222321e+00 0.000000000000000000e+00
5.097916666666666430e+00 0.000000000000000000e+00
5.098611111111110539e+00 0.000000000000000000e+00
5.099305555555555536e+00 0.000000000000000000e+00
5.099999999999998757e+00 0.000000000000000000e+00
5.100694444444444642e+00 0.000000000000000000e+00
5.101388888888888751e+00 0.000000000000000000e+00
5.102083333333333748e+00 0.000000000000000000e+00
5.102777777777777857e+00 0.000000000000000000e+00
5.103472222222221966e+00 0.000000000000000000e+00
5.104166666666666963e+00 0.000000000000000000e+00
5.104861111111111072e+00 0.000000000000000000e+00
5.105555555555555181e+00 0.000000000000000000e+00
5.106250000000000178e+00 0.000000000000000000e+00
5.106944444444444287e+00 0.000000000000000000e+00
5.107638888888888395e+00 0.000000000000000000e+00
5.108333333333333393e+00 0.000000000000000000e+00
5.109027777777777501e+00 0.000000000000000000e+00
5.109722222222222499e+00 0.000000000000000000e+00
5.110416666666665719e+00 0.000000000000000000e+00
5.111111111111111605e+00 0.000000000000000000e+00
5.111805555555555713e+00 0.000000000000000000e+00
5.112499999999999822e+00 0.000000000000000000e+00
5.113194444444444819e+00 0.000000000000000000e+00
5.113888888888888928e+00 0.000000000000000000e+00
5.114583333333333037e+00 0.000000000000000000e+00
5.115277777777778034e+00 0.000000000000000000e+00
5.115972222222222143e+00 0.000000000000000000e+00
5.116666666666666252e+00 0.000000000000000000e+00
5.117361111111111249e+00 0.000000000000000000e+00
5.118055555555555358e+00 0.000000000000000000e+00
5.118749999999999467e+00 0.000000000000000000e+00
5.119444444444444464e+00 0.000000000000000000e+00
5.120138888888889461e+00 0.000000000000000000e+00
5.120833333333332682e+00 0.000000000000000000e+00
5.121527777777777679e+00 0.000000000000000000e+00
5.122222222222222676e+00 0.000000000000000000e+00
5.122916666666666785e+00 0.000000000000000000e+00
5.123611111111110894e+00 0.000000000000000000e+00
5.124305555555555891e+00 0.000000000000000000e+00
5.125000000000000000e+00 0.000000000000000000e+00
5.125694444444444109e+00 0.000000000000000000e+00
5.126388888888889106e+00 0.000000000000000000e+00
5.127083333333333215e+00 0.000000000000000000e+00
5.127777777777777324e+00 0.000000000000000000e+00
5.128472222222222321e+00 0.000000000000000000e+00
5.129166666666666430e+00 0.000000000000000000e+00
5.129861111111110539e+00 0.000000000000000000e+00
5.130555555555555536e+00 0.000000000000000000e+00
5.131249999999998757e+00 0.000000000000000000e+00
5.131944444444444642e+00 0.000000000000000000e+00
5.132638888888888751e+00 0.000000000000000000e+00
5.133333333333333748e+00 0.000000000000000000e+00
5.134027777777777857e+00 0.000000000000000000e+00
5.134722222222221966e+00 0.000000000000000000e+00
5.135416666666666963e+00 0.000000000000000000e+00
5.136111111111111072e+00 0.000000000000000000e+00
5.136805555555555181e+00 0.000000000000000000e+00
5.137500000000000178e+00 0.000000000000000000e+00
5.138194444444444287e+00 0.000000000000000000e+00
5.138888888888888395e+00 0.000000000000000000e+00
5.139583333333333393e+00 0.000000000000000000e+00
5.140277777777777501e+00 0.000000000000000000e+00
5.140972222222222499e+00 0.000000000000000000e+00
5.141666666666665719e+00 0.000000000000000000e+00
5.142361111111111605e+00 0.000000000000000000e+00
5.143055555555555713e+00 0.000000000000000000e+00
5.143749999999999822e+00 0.000000000000000000e+00
5.144444444444444819e+00 0.000000000000000000e+00
5.145138888888888928e+00 0.000000000000000000e+00
5.145833333333333037e+00 0.000000000000000000e+00
5.146527777777778034e+00 0.000000000000000000e+00
5.147222222222222143e+00 0.000000000000000000e+00
5.147916666666666252e+00 0.000000000000000000e+00
5.148611111111111249e+00 0.000000000000000000e+00
5.149305555555555358e+00 0.000000000000000000e+00
5.149999999999999467e+00 0.000000000000000000e+00
5.150694444444444464e+00 0.000000000000000000e+00
5.151388888888889461e+00 0.000000000000000000e+00
5.152083333333332682e+00 0.000000000000000000e+00
5.152777777777777679e+00 0.000000000000000000e+00
5.153472222222222676e+00 0.000000000000000000e+00
5.154166666666666785e+00 0.000000000000000000e+00
5.154861111111110894e+00 0.000000000000000000e+00
5.155555555555555891e+00 0.000000000000000000e+00
5.156250000000000000e+00 0.000000000000000000e+00
5.156944444444444109e+00 0.000000000000000000e+00
5.157638888888889106e+00 0.000000000000000000e+00
5.158333333333333215e+00 0.000000000000000000e+00
5.159027777777777324e+00 0.000000000000000000e+00
5.159722222222222321e+00 0.000000000000000000e+00
5.160416666666666430e+00 0.000000000000000000e+00
5.161111111111110539e+00 0.000000000000000000e+00
5.161805555555555536e+00 0.000000000000000000e+00
5.162499999999998757e+00 0.000000000000000000e+00
5.163194444444444642e+00 0.000000000000000000e+00
5.163888888888888751e+00 0.000000000000000000e+00
5.164583333333333748e+00 0.000000000000000000e+00
5.165277777777777857e+00 0.000000000000000000e+00
5.165972222222221966e+00 0.000000000000000000e+00
5.166666666666666963e+00 0.000000000000000000e+00
5.167361111111111072e+00 0.000000000000000000e+00
5.168055555555555181e+00 0.000000000000000000e+00
5.168750000000000178e+00 0.000000000000000000e+00
5.169444444444444287e+00 0.000000000000000000e+00
5.170138888888888395e+00 0.000000000000000000e+00
5.170833333333333393e+00 0.000000000000000000e+00
5.171527777777777501e+00 0.000000000000000000e+00
5.172222222222222499e+00 0.000000000000000000e+00
5.172916666666665719e+00 0.000000000000000000e+00
5.173611111111111605e+00 0.000000000000000000e+00
5.174305555555555713e+00 0.000000000000000000e+00
5.174999999999999822e+00 0.000000000000000000e+00
5.175694444444444819e+00 0.000000000000000000e+00
5.176388888888888928e+00 0.000000000000000000e+00
5.177083333333333037e+00 0.000000000000000000e+00
5.177777777777778034e+00 0.000000000000000000e+00
5.178472222222222143e+00 0.000000000000000000e+00
5.179166666666666252e+00 0.000000000000000000e+00
5.179861111111111249e+00 0.000000000000000000e+00
5.180555555555555358e+00 0.000000000000000000e+00
5.181249999999999467e+00 0.000000000000000000e+00
5.181944444444444464e+00 0.000000000000000000e+00
5.182638888888889461e+00 0.000000000000000000e+00
5.183333333333332682e+00 0.000000000000000000e+00
5.184027777777777679e+00 0.000000000000000000e+00
5.184722222222222676e+00 0.000000000000000000e+00
5.185416666666666785e+00 0.000000000000000000e+00
5.186111111111110894e+00 0.000000000000000000e+00
5.186805555555555891e+00 0.000000000000000000e+00
5.187500000000000000e+00 0.000000000000000000e+00
5.188194444444444109e+00 0.000000000000000000e+00
5.188888888888889106e+00 0.000000000000000000e+00
5.189583333333333215e+00 0.000000000000000000e+00
5.190277777777777324e+00 0.000000000000000000e+00
5.190972222222222321e+00 0.000000000000000000e+00
5.191666666666666430e+00 0.000000000000000000e+00
5.192361111111110539e+00 0.000000000000000000e+00
5.193055555555555536e+00 0.000000000000000000e+00
5.193749999999998757e+00 0.000000000000000000e+00
5.194444444444444642e+00 0.000000000000000000e+00
5.195138888888888751e+00 0.000000000000000000e+00
5.195833333333333748e+00 0.000000000000000000e+00
5.196527777777777857e+00 0.000000000000000000e+00
5.197222222222221966e+00 0.000000000000000000e+00
5.197916666666666963e+00 0.000000000000000000e+00
5.198611111111111072e+00 0.000000000000000000e+00
5.199305555555555181e+00 0.000000000000000000e+00
5.200000000000000178e+00 0.000000000000000000e+00
5.200694444444444287e+00 0.000000000000000000e+00
5.201388888888888395e+00 0.000000000000000000e+00
5.202083333333333393e+00 0.000000000000000000e+00
5.202777777777777501e+00 0.000000000000000000e+00
5.203472222222222499e+00 0.000000000000000000e+00
5.204166666666665719e+00 0.000000000000000000e+00
5.204861111111111605e+00 0.000000000000000000e+00
5.205555555555555713e+00 0.000000000000000000e+00
5.206249999999999822e+00 0.000000000000000000e+00
5.206944444444444819e+00 0.000000000000000000e+00
5.207638888888888928e+00 0.000000000000000000e+00
5.208333333333333037e+00 0.000000000000000000e+00
5.209027777777778034e+00 0.000000000000000000e+00
5.209722222222222143e+00 0.000000000000000000e+00
5.210416666666666252e+00 0.000000000000000000e+00
5.211111111111111249e+00 0.000000000000000000e+00
5.211805555555555358e+00 0.000000000000000000e+00
5.212499999999999467e+00 0.000000000000000000e+00
5.213194444444444464e+00 0.000000000000000000e+00
5.213888888888889461e+00 0.000000000000000000e+00
5.214583333333332682e+00 0.000000000000000000e+00
5.215277777777777679e+00 0.000000000000000000e+00
5.215972222222222676e+00 0.000000000000000000e+00
5.216666666666666785e+00 0.000000000000000000e+00
5.217361111111110894e+00 0.000000000000000000e+00
5.218055555555555891e+00 0.000000000000000000e+00
5.218750000000000000e+00 0.000000000000000000e+00
5.219444444444444109e+00 0.000000000000000000e+00
5.220138888888889106e+00 0.000000000000000000e+00
5.220833333333333215e+00 0.000000000000000000e+00
5.221527777777777324e+00 0.000000000000000000e+00
5.222222222222222321e+00 0.000000000000000000e+00
5.222916666666666430e+00 0.000000000000000000e+00
5.223611111111110539e+00 0.000000000000000000e+00
5.224305555555555536e+00 0.000000000000000000e+00
5.224999999999998757e+00 0.000000000000000000e+00
5.225694444444444642e+00 0.000000000000000000e+00
5.226388888888888751e+00 0.000000000000000000e+00
5.227083333333333748e+00 0.000000000000000000e+00
5.227777777777777857e+00 0.000000000000000000e+00
5.228472222222221966e+00 0.000000000000000000e+00
5.229166666666666963e+00 0.000000000000000000e+00
5.229861111111111072e+00 0.000000000000000000e+00
5.230555555555555181e+00 0.000000000000000000e+00
5.231250000000000178e+00 0.000000000000000000e+00
5.231944444444444287e+00 0.000000000000000000e+00
5.232638888888888395e+00 0.000000000000000000e+00
5.233333333333333393e+00 0.000000000000000000e+00
5.234027777777777501e+00 0.000000000000000000e+00
5.234722222222222499e+00 0.000000000000000000e+00
5.235416666666665719e+00 0.000000000000000000e+00
5.236111111111111605e+00 0.000000000000000000e+00
5.236805555555555713e+00 2.039999999999999453e-02
5.237499999999999822e+00 4.079999999999999599e-02
5.238194444444444819e+00 6.119999999999999052e-02
5.238888888888888928e+00 8.159999999999999198e-02
5.239583333333333037e+00 1.020000000000000351e-01
5.240277777777778034e+00 1.124000000000000971e-01
5.240972222222222143e+00 1.228000000000000203e-01
5.241666666666666252e+00 1.331999999999999018e-01
5.242361111111111249e+00 1.435999999999998944e-01
5.243055555555555358e+00 1.539999999999998870e-01
5.243749999999999467e+00 1.639999999999981750e-01
5.244444444444444464e+00 1.739999999999966018e-01
5.245138888888889461e+00 1.840000000000035218e-01
5.245833333333332682e+00 1.939999999999848512e-01
5.246527777777777679e+00 2.040000000000000702e-01
5.247222222222222676e+00 2.136000000000002619e-01
5.247916666666666785e+00 2.232000000000000928e-01
5.248611111111110894e+00 2.327999999999999792e-01
5.249305555555555891e+00 2.423999999999997823e-01
5.250000000000000000e+00 2.519999999999998352e-01
5.250694444444444109e+00 2.610000000000001208e-01
5.251388888888889106e+00 2.699999999999997957e-01
5.252083333333333215e+00 2.789999999999999702e-01
5.252777777777777324e+00 2.880000000000000893e-01
5.253472222222222321e+00 2.970000000000000973e-01
5.254166666666666430e+00 3.051999999999984725e-01
5.254861111111110539e+00 3.133999999999974584e-01
5.255555555555555536e+00 3.216000000000030501e-01
5.256249999999998757e+00 3.297999999999873810e-01
5.256944444444444642e+00 3.380000000000003002e-01
5.257638888888888751e+00 3.455999999999997407e-01
5.258333333333333748e+00 3.532000000000004025e-01
5.259027777777777857e+00 3.607999999999999541e-01
5.259722222222221966e+00 3.683999999999998942e-01
5.260416666666666963e+00 3.760000000000001674e-01
5.261111111111111072e+00 3.830000000000000626e-01
5.261805555555555181e+00 3.899999999999999578e-01
5.262500000000000178e+00 3.969999999999998530e-01
5.263194444444444287e+00 4.039999999999996927e-01
5.263888888888888395e+00 4.109999999999995324e-01
5.264583333333333393e+00 4.175999999999991941e-01
5.265277777777777501e+00 4.241999999999974680e-01
5.265972222222222499e+00 4.308000000000020147e-01
5.266666666666665719e+00 4.373999999999894639e-01
5.267361111111111605e+00 4.439999999999997282e-01
5.268055555555555713e+00 4.498000000000003107e-01
5.268749999999999822e+00 4.555999999999995609e-01
5.269444444444444819e+00 4.614000000000003654e-01
5.270138888888888928e+00 4.672000000000001152e-01
5.270833333333333037e+00 4.729999999999996430e-01
5.271527777777778034e+00 4.777999999999997249e-01
5.272222222222222143e+00 4.826000000000000290e-01
5.272916666666666252e+00 4.874000000000003885e-01
5.273611111111111249e+00 4.922000000000000264e-01
5.274305555555555358e+00 4.969999999999997753e-01
5.274999999999999467e+00 5.021999999999988695e-01
5.275694444444444464e+00 5.073999999999981858e-01
5.276388888888889461e+00 5.126000000000019430e-01
5.277083333333332682e+00 5.177999999999920444e-01
5.277777777777777679e+00 5.229999999999996874e-01
5.278472222222222676e+00 5.276000000000001799e-01
5.279166666666666785e+00 5.322000000000004505e-01
5.279861111111110894e+00 5.367999999999996108e-01
5.280555555555555891e+00 5.413999999999999924e-01
5.281250000000000000e+00 5.460000000000003739e-01
5.281944444444444109e+00 5.505999999999996453e-01
5.282638888888889106e+00 5.552000000000004709e-01
5.283333333333333215e+00 5.598000000000001863e-01
5.284027777777777324e+00 5.643999999999999018e-01
5.284722222222222321e+00 5.690000000000005054e-01
5.285416666666666430e+00 5.729999999999995097e-01
5.286111111111110539e+00 5.769999999999989582e-01
5.286805555555555536e+00 5.810000000000010711e-01
5.287499999999998757e+00 5.849999999999939693e-01
5.288194444444444642e+00 5.889999999999998570e-01
5.288888888888888751e+00 5.928000000000001046e-01
5.289583333333333748e+00 5.966000000000004633e-01
5.290277777777777857e+00 6.004000000000003778e-01
5.290972222222221966e+00 6.042000000000004034e-01
5.291666666666666963e+00 6.080000000000000959e-01
5.292361111111111072e+00 6.115999999999999215e-01
5.293055555555555181e+00 6.151999999999996360e-01
5.293750000000000178e+00 6.187999999999995726e-01
5.294444444444444287e+00 6.223999999999995092e-01
5.295138888888888395e+00 6.259999999999994458e-01
5.295833333333333393e+00 6.293999999999990713e-01
5.296527777777777501e+00 6.327999999999984748e-01
5.297222222222222499e+00 6.362000000000006539e-01
5.297916666666665719e+00 6.395999999999950614e-01
5.298611111111111605e+00 6.429999999999996829e-01
5.299305555555555713e+00 6.461999999999997746e-01
5.299999999999999822e+00 6.493999999999999773e-01
5.300694444444444819e+00 6.526000000000001799e-01
5.301388888888888928e+00 6.558000000000004936e-01
5.302083333333333037e+00 6.590000000000005853e-01
5.302777777777778034e+00 6.618000000000004990e-01
5.303472222222222143e+00 6.645999999999996355e-01
5.304166666666666252e+00 6.673999999999995492e-01
5.304861111111111249e+00 6.701999999999997959e-01
5.305555555555555358e+00 6.730000000000003757e-01
5.306249999999999467e+00 6.757999999999999563e-01
5.306944444444444464e+00 6.785999999999986487e-01
5.307638888888889461e+00 6.814000000000006718e-01
5.308333333333332682e+00 6.841999999999961446e-01
5.309027777777777679e+00 6.870000000000002771e-01
5.309722222222222676e+00 6.898000000000004128e-01
5.310416666666666785e+00 6.926000000000006596e-01
5.311111111111110894e+00 6.953999999999995740e-01
5.311805555555555891e+00 6.981999999999993767e-01
5.312500000000000000e+00 7.009999999999998455e-01
5.313194444444444109e+00 7.030000000000007354e-01
5.313888888888889106e+00 7.049999999999992939e-01
5.314583333333333215e+00 7.070000000000004059e-01
5.315277777777777324e+00 7.089999999999995195e-01
5.315972222222222321e+00 7.110000000000000764e-01
5.316666666666666430e+00 7.134000000000003672e-01
5.317361111111110539e+00 7.157999999999984375e-01
5.318055555555555536e+00 7.182000000000003936e-01
5.318749999999998757e+00 7.205999999999955774e-01
5.319444444444444642e+00 7.229999999999996430e-01
5.320138888888888751e+00 7.251999999999997337e-01
5.320833333333333748e+00 7.274000000000009347e-01
5.321527777777777857e+00 7.295999999999993602e-01
5.322222222222221966e+00 7.318000000000000060e-01
5.322916666666666963e+00 7.340000000000005409e-01
5.323611111111111072e+00 7.359999999999993214e-01
5.324305555555555181e+00 7.380000000000006555e-01
5.325000000000000178e+00 7.399999999999993250e-01
5.325694444444444287e+00 7.420000000000001039e-01
5.326388888888888395e+00 7.440000000000005498e-01
5.327083333333333393e+00 7.459999999999994413e-01
5.327777777777777501e+00 7.480000000000001092e-01
5.328472222222222499e+00 7.500000000000000000e-01
5.329166666666665719e+00 7.519999999999970042e-01
5.329861111111111605e+00 7.539999999999997815e-01
5.330555555555555713e+00 7.559999999999998943e-01
5.331249999999999822e+00 7.580000000000008953e-01
5.331944444444444819e+00 7.599999999999992317e-01
5.332638888888888928e+00 7.620000000000005658e-01
5.333333333333333037e+00 7.639999999999993463e-01
5.334027777777777146e+00 7.657999999999988150e-01
5.334722222222222143e+00 7.675999999999987278e-01
5.335416666666667140e+00 7.694000000000005279e-01
5.336111111111111249e+00 7.711999999999982203e-01
5.336805555555556246e+00 7.730000000000000204e-01
5.337499999999999467e+00 7.745999999999980679e-01
5.338194444444444464e+00 7.762000000000006672e-01
5.338888888888888573e+00 7.777999999999988257e-01
5.339583333333333570e+00 7.794000000000012029e-01
5.340277777777777679e+00 7.809999999999992504e-01
5.340972222222222676e+00 7.826000000000012946e-01
5.341666666666665897e+00 7.841999999999987869e-01
5.342361111111110894e+00 7.858000000000011642e-01
5.343055555555555003e+00 7.873999999999989896e-01
5.343750000000000000e+00 7.890000000000008118e-01
5.344444444444444109e+00 7.905999999999985262e-01
5.345138888888889106e+00 7.921999999999995712e-01
5.345833333333334103e+00 7.938000000000002832e-01
5.346527777777777324e+00 7.953999999999979975e-01
5.347222222222222321e+00 7.970000000000001528e-01
5.347916666666666430e+00 7.985999999999982002e-01
5.348611111111111427e+00 8.002000000000005775e-01
5.349305555555555536e+00 8.017999999999988470e-01
5.350000000000000533e+00 8.034000000000011132e-01
5.350694444444443754e+00 8.049999999999992717e-01
5.351388888888888751e+00 8.062000000000015820e-01
5.352083333333332860e+00 8.073999999999997845e-01
5.352777777777777857e+00 8.085999999999997634e-01
5.353472222222221966e+00 8.098000000000000753e-01
5.354166666666666963e+00 8.109999999999998321e-01
5.354861111111110183e+00 8.119999999999981677e-01
5.355555555555555181e+00 8.130000000000005000e-01
5.356250000000000178e+00 8.140000000000005009e-01
5.356944444444444287e+00 8.149999999999988365e-01
5.357638888888889284e+00 8.160000000000002807e-01
5.358333333333333393e+00 8.110000000000030518e-01
5.359027777777778390e+00 8.059999999999977183e-01
5.359722222222221610e+00 8.010000000000009335e-01
5.360416666666666607e+00 7.959999999999958220e-01
5.361111111111110716e+00 7.909999999999992593e-01
5.361805555555555713e+00 7.115999999999464976e-01
5.362499999999999822e+00 6.322000000000265185e-01
5.363194444444444819e+00 5.527999999999729797e-01
5.363888888888888040e+00 4.734000000000538888e-01
5.364583333333333037e+00 3.939999999999996838e-01
5.365277777777777146e+00 4.045999999999892460e-01
5.365972222222222143e+00 4.151999999999966273e-01
5.366666666666667140e+00 4.258000000000041751e-01
5.367361111111111249e+00 4.363999999999924606e-01
5.368055555555556246e+00 4.469999999999995088e-01
5.368749999999999467e+00 5.255999999999463324e-01
5.369444444444444464e+00 6.042000000000266047e-01
5.370138888888888573e+00 6.827999999999732061e-01
5.370833333333333570e+00 7.614000000000535895e-01
5.371527777777777679e+00 8.399999999999996358e-01
5.372222222222222676e+00 8.412000000000009470e-01
5.372916666666665897e+00 8.423999999999990385e-01
5.373611111111110894e+00 8.436000000000009047e-01
5.374305555555555003e+00 8.447999999999998844e-01
5.375000000000000000e+00 8.459999999999991971e-01
5.375694444444444109e+00 8.469999999999984208e-01
5.376388888888889106e+00 8.480000000000004201e-01
5.377083333333334103e+00 8.489999999999996438e-01
5.377777777777777324e+00 8.499999999999986455e-01
5.378472222222222321e+00 8.510000000000008669e-01
5.379166666666666430e+00 8.519999999999995355e-01
5.379861111111111427e+00 8.529999999999995364e-01
5.380555555555555536e+00 8.539999999999996483e-01
5.381250000000000533e+00 8.550000000000006484e-01
5.381944444444443754e+00 8.559999999999994280e-01
5.382638888888888751e+00 8.568000000000001171e-01
5.383333333333332860e+00 8.576000000000002510e-01
5.384027777777777857e+00 8.584000000000007180e-01
5.384722222222221966e+00 8.591999999999995197e-01
5.385416666666666963e+00 8.599999999999994316e-01
5.386111111111110183e+00 8.609999999999984333e-01
5.386805555555555181e+00 8.620000000000000995e-01
5.387500000000000178e+00 8.629999999999995453e-01
5.388194444444444287e+00 8.639999999999986580e-01
5.388888888888889284e+00 8.650000000000009903e-01
5.389583333333333393e+00 8.657999999999994589e-01
5.390277777777778390e+00 8.665999999999995929e-01
5.390972222222221610e+00 8.673999999999992827e-01
5.391666666666666607e+00 8.682000000000014150e-01
5.392361111111110716e+00 8.690000000000001057e-01
5.393055555555555713e+00 8.697999999999995735e-01
5.393749999999999822e+00 8.705999999999989303e-01
5.394444444444444819e+00 8.714000000000010626e-01
5.395138888888888040e+00 8.722000000000003084e-01
5.395833333333333037e+00 8.729999999999996652e-01
5.396527777777777146e+00 8.737999999999983558e-01
5.397222222222222143e+00 8.746000000000000441e-01
5.397916666666667140e+00 8.754000000000009551e-01
5.398611111111111249e+00 8.761999999999996458e-01
5.399305555555556246e+00 8.769999999999993356e-01
5.399999999999999467e+00 8.777999999999986924e-01
5.400694444444444464e+00 8.786000000000012689e-01
5.401388888888888573e+00 8.793999999999999595e-01
5.402083333333333570e+00 8.801999999999999824e-01
5.402777777777777679e+00 8.809999999999994502e-01
5.403472222222222676e+00 8.816000000000011605e-01
5.404166666666665897e+00 8.822000000000007613e-01
5.404861111111110894e+00 8.828000000000002512e-01
5.405555555555555003e+00 8.833999999999992969e-01
5.406250000000000000e+00 8.839999999999992308e-01
5.406944444444444109e+00 8.847999999999988097e-01
5.407638888888889106e+00 8.856000000000008310e-01
5.408333333333334103e+00 8.864000000000002988e-01
5.409027777777777324e+00 8.871999999999987674e-01
5.409722222222222321e+00 8.879999999999994564e-01
5.410416666666666430e+00 8.886000000000001675e-01
5.411111111111111427e+00 8.892000000000007676e-01
5.411805555555555536e+00 8.897999999999997023e-01
5.412500000000000533e+00 8.903999999999995252e-01
5.413194444444443754e+00 8.909999999999993481e-01
5.413888888888888751e+00 8.916000000000006143e-01
5.414583333333332860e+00 8.922000000000008813e-01
5.415277777777777857e+00 8.928000000000003711e-01
5.415972222222221966e+00 8.933999999999996389e-01
5.416666666666666963e+00 8.939999999999990177e-01
5.417361111111110183e+00 8.945999999999987295e-01
5.418055555555555181e+00 8.951999999999997737e-01
5.418750000000000178e+00 8.958000000000010399e-01
5.419444444444444287e+00 8.964000000000000856e-01
5.420138888888889284e+00 8.969999999999996865e-01
5.420833333333333393e+00 8.975999999999987322e-01
5.421527777777778390e+00 8.981999999999996653e-01
5.422222222222221610e+00 8.988000000000002654e-01
5.422916666666666607e+00 8.994000000000008654e-01
5.423611111111110716e+00 9.000000000000001332e-01
5.424305555555555713e+00 9.003999999999998671e-01
5.424999999999999822e+00 9.007999999999991569e-01
5.425694444444444819e+00 9.011999999999994460e-01
5.426388888888888040e+00 9.015999999999991799e-01
5.427083333333333037e+00 9.020000000000000240e-01
5.427777777777777146e+00 9.026000000000005130e-01
5.428472222222222143e+00 9.032000000000002249e-01
5.429166666666667140e+00 9.037999999999998257e-01
5.429861111111111249e+00 9.043999999999987605e-01
5.430555555555556246e+00 9.049999999999993605e-01
5.431249999999999467e+00 9.053999999999998716e-01
5.431944444444444464e+00 9.058000000000011598e-01
5.432638888888888573e+00 9.062000000000008937e-01
5.433333333333333570e+00 9.066000000000005166e-01
5.434027777777777679e+00 9.070000000000000284e-01
5.434722222222222676e+00 9.073999999999996513e-01
5.435416666666665897e+00 9.077999999999990521e-01
5.436111111111110894e+00 9.081999999999996742e-01
5.436805555555555003e+00 9.085999999999992971e-01
5.437500000000000000e+00 9.090000000000005853e-01
5.438194444444444109e+00 9.096000000000004082e-01
5.438888888888889106e+00 9.102000000000000091e-01
5.439583333333334103e+00 9.107999999999997209e-01
5.440277777777777324e+00 9.113999999999988777e-01
5.440972222222222321e+00 9.119999999999994778e-01
5.441666666666666430e+00 9.123999999999996557e-01
5.442361111111111427e+00 9.128000000000009440e-01
5.443055555555555536e+00 9.132000000000006779e-01
5.443750000000000533e+00 9.136000000000003007e-01
5.444444444444443754e+00 9.139999999999999236e-01
5.445138888888888751e+00 9.143999999999994355e-01
5.445833333333332860e+00 9.147999999999989473e-01
5.446527777777777857e+00 9.151999999999995694e-01
5.447222222222221966e+00 9.155999999999990813e-01
5.447916666666666963e+00 9.160000000000008136e-01
5.448611111111110183e+00 9.164000000000005475e-01
5.449305555555555181e+00 9.168000000000003924e-01
5.450000000000000178e+00 9.172000000000003483e-01
5.450694444444444287e+00 9.175999999999995271e-01
5.451388888888889284e+00 9.179999999999991500e-01
5.452083333333333393e+00 9.181999999999990170e-01
5.452777777777778390e+00 9.183999999999994390e-01
5.453472222222221610e+00 9.185999999999991950e-01
5.454166666666666607e+00 9.187999999999997280e-01
5.454861111111110716e+00 9.189999999999998170e-01
5.455555555555555713e+00 9.194000000000012163e-01
5.456249999999999822e+00 9.198000000000006171e-01
5.456944444444444819e+00 9.202000000000006841e-01
5.457638888888888040e+00 9.205999999999998629e-01
5.458333333333333037e+00 9.209999999999998188e-01
5.459027777777777146e+00 9.211999999999994637e-01
5.459722222222222143e+00 9.213999999999992196e-01
5.460416666666667140e+00 9.215999999999994197e-01
5.461111111111111249e+00 9.217999999999995087e-01
5.461805555555556246e+00 9.219999999999992646e-01
5.462499999999999467e+00 9.223999999999992205e-01
5.463194444444444464e+00 9.228000000000010639e-01
5.463888888888888573e+00 9.232000000000006867e-01
5.464583333333333570e+00 9.236000000000007537e-01
5.465277777777777679e+00 9.240000000000000435e-01
5.465972222222222676e+00 9.242000000000001325e-01
5.466666666666665897e+00 9.243999999999998884e-01
5.467361111111110894e+00 9.245999999999995334e-01
5.468055555555555003e+00 9.247999999999991783e-01
5.468750000000000000e+00 9.249999999999992673e-01
5.469444444444444109e+00 9.251999999999990232e-01
5.470138888888889106e+00 9.253999999999990012e-01
5.470833333333334103e+00 9.255999999999994232e-01
5.471527777777777324e+00 9.257999999999992902e-01
5.472222222222222321e+00 9.260000000000000453e-01
5.472916666666666430e+00 9.262000000000004674e-01
5.473611111111111427e+00 9.264000000000011115e-01
5.474305555555555536e+00 9.266000000000008674e-01
5.475000000000000533e+00 9.268000000000008454e-01
5.475694444444443754e+00 9.270000000000007123e-01
5.476388888888888751e+00 9.272000000000003572e-01
5.477083333333332860e+00 9.274000000000000021e-01
5.477777777777777857e+00 9.276000000000000911e-01
5.478472222222221966e+00 9.277999999999998471e-01
5.479166666666666963e+00 9.279999999999994920e-01
5.479861111111110183e+00 9.287999999999987377e-01
5.480555555555555181e+00 9.295999999999998709e-01
5.481250000000000178e+00 9.304000000000008930e-01
5.481944444444444287e+00 9.311999999999995836e-01
5.482638888888889284e+00 9.319999999999992735e-01
5.483333333333333393e+00 9.321999999999992514e-01
5.484027777777778390e+00 9.323999999999995625e-01
5.484722222222221610e+00 9.325999999999995405e-01
5.485416666666666607e+00 9.328000000000001846e-01
5.486111111111110716e+00 9.330000000000008287e-01
5.486805555555555713e+00 9.330000000000008287e-01
5.487499999999999822e+00 9.330000000000008287e-01
5.488194444444444819e+00 9.330000000000008287e-01
5.488888888888888040e+00 9.330000000000008287e-01
5.489583333333333037e+00 9.330000000000008287e-01
5.490277777777777146e+00 9.332000000000004736e-01
5.490972222222222143e+00 9.334000000000010067e-01
5.491666666666667140e+00 9.336000000000012067e-01
5.492361111111111249e+00 9.338000000000007406e-01
5.493055555555556246e+00 9.340000000000004965e-01
5.493749999999999467e+00 9.342000000000000304e-01
5.494444444444444464e+00 9.344000000000002304e-01
5.495138888888888573e+00 9.345999999999997643e-01
5.495833333333333570e+00 9.347999999999998533e-01
5.496527777777777679e+00 9.349999999999992761e-01
5.497222222222222676e+00 9.349999999999992761e-01
5.497916666666665897e+00 9.349999999999992761e-01
5.498611111111110894e+00 9.349999999999992761e-01
5.499305555555555003e+00 9.349999999999992761e-01
5.500000000000000000e+00 9.349999999999992761e-01
5.500694444444444109e+00 9.349999999999992761e-01
5.501388888888889106e+00 9.349999999999992761e-01
5.502083333333334103e+00 9.349999999999992761e-01
5.502777777777777324e+00 9.349999999999992761e-01
5.503472222222222321e+00 9.349999999999992761e-01
5.504166666666666430e+00 9.349999999999992761e-01
5.504861111111111427e+00 9.349999999999992761e-01
5.505555555555555536e+00 9.349999999999992761e-01
5.506250000000000533e+00 9.349999999999992761e-01
5.506944444444443754e+00 9.349999999999992761e-01
5.507638888888888751e+00 9.349999999999992761e-01
5.508333333333332860e+00 9.349999999999992761e-01
5.509027777777777857e+00 9.349999999999992761e-01
5.509722222222221966e+00 9.349999999999992761e-01
5.510416666666666963e+00 9.349999999999992761e-01
5.511111111111110183e+00 8.730000000000642801e-01
5.511805555555555181e+00 8.110000000000217035e-01
5.512500000000000178e+00 7.489999999999787939e-01
5.513194444444444287e+00 6.870000000000424656e-01
5.513888888888889284e+00 6.250000000000003331e-01
5.514583333333333393e+00 5.904000000000240167e-01
5.515277777777778390e+00 5.557999999999879703e-01
5.515972222222221610e+00 5.212000000000116540e-01
5.516666666666666607e+00 4.865999999999767733e-01
5.517361111111110716e+00 4.519999999999997908e-01
5.518055555555555713e+00 4.588000000000042600e-01
5.518749999999999822e+00 4.655999999999976269e-01
5.519444444444444819e+00 4.724000000000024846e-01
5.520138888888888040e+00 4.791999999999956850e-01
5.520833333333333037e+00 4.860000000000001541e-01
5.521527777777777146e+00 5.163999999999687729e-01
5.522222222222222143e+00 5.467999999999899607e-01
5.522916666666667140e+00 5.772000000000098163e-01
5.523611111111111249e+00 6.075999999999788237e-01
5.524305555555556246e+00 6.380000000000004556e-01
5.524999999999999467e+00 6.969999999999594298e-01
5.525694444444444464e+00 7.560000000000195453e-01
5.526388888888888573e+00 8.149999999999804068e-01
5.527083333333333570e+00 8.740000000000395231e-01
5.527777777777777679e+00 9.330000000000008287e-01
5.528472222222222676e+00 9.330000000000008287e-01
5.529166666666665897e+00 9.330000000000008287e-01
5.529861111111110894e+00 9.330000000000008287e-01
5.530555555555555003e+00 9.330000000000008287e-01
5.531250000000000000e+00 9.330000000000008287e-01
5.531944444444444109e+00 9.328000000000001846e-01
5.532638888888889106e+00 9.325999999999995405e-01
5.533333333333334103e+00 9.323999999999994515e-01
5.534027777777777324e+00 9.321999999999993625e-01
5.534722222222222321e+00 9.319999999999992735e-01
5.535416666666666430e+00 9.319999999999992735e-01
5.536111111111111427e+00 9.319999999999992735e-01
5.536805555555555536e+00 9.319999999999992735e-01
5.537500000000000533e+00 9.319999999999992735e-01
5.538194444444443754e+00 9.319999999999992735e-01
5.538888888888888751e+00 8.767999999999633864e-01
5.539583333333332860e+00 8.216000000000179826e-01
5.540277777777777857e+00 7.663999999999817625e-01
5.540972222222221966e+00 7.112000000000374689e-01
5.541666666666666963e+00 6.560000000000002496e-01
5.542361111111110183e+00 6.194000000000378092e-01
5.543055555555555181e+00 5.828000000000121972e-01
5.543750000000000178e+00 5.461999999999875843e-01
5.544444444444444287e+00 5.096000000000249219e-01
5.545138888888889284e+00 4.729999999999996430e-01
5.545833333333333393e+00 4.905999999999882677e-01
5.546527777777778390e+00 5.082000000000058693e-01
5.547222222222221610e+00 5.257999999999941609e-01
5.547916666666666607e+00 5.434000000000120956e-01
5.548611111111110716e+00 5.609999999999998321e-01
5.549305555555555713e+00 5.229999999999737081e-01
5.549999999999999822e+00 4.850000000000126432e-01
5.550694444444444819e+00 4.469999999999866858e-01
5.551388888888888040e+00 4.090000000000255098e-01
5.552083333333333037e+00 3.710000000000000520e-01
5.552777777777777146e+00 3.853999999999854764e-01
5.553472222222222143e+00 3.997999999999953258e-01
5.554166666666667140e+00 4.142000000000046200e-01
5.554861111111111249e+00 4.285999999999898225e-01
5.555555555555556246e+00 4.430000000000002269e-01
5.556249999999999467e+00 4.477999999999968672e-01
5.556944444444444464e+00 4.526000000000018897e-01
5.557638888888888573e+00 4.573999999999985300e-01
5.558333333333333570e+00 4.622000000000035524e-01
5.559027777777777679e+00 4.670000000000002482e-01
5.559722222222222676e+00 4.483999999999872532e-01
5.560416666666665897e+00 4.298000000000067322e-01
5.561111111111110894e+00 4.111999999999938482e-01
5.561805555555555003e+00 3.926000000000129386e-01
5.562500000000000000e+00 3.740000000000003322e-01
5.563194444444444109e+00 4.841999999998870541e-01
5.563888888888889106e+00 5.943999999999625139e-01
5.564583333333334103e+00 7.046000000000377517e-01
5.565277777777777324e+00 8.147999999999239185e-01
5.565972222222222321e+00 9.249999999999992673e-01
5.566666666666666430e+00 9.245999999999997554e-01
5.567361111111111427e+00 9.241999999999999105e-01
5.568055555555555536e+00 9.238000000000005096e-01
5.568750000000000533e+00 9.234000000000004427e-01
5.569444444444443754e+00 9.230000000000010418e-01
5.570138888888888751e+00 9.225999999999997536e-01
5.570833333333332860e+00 9.221999999999993536e-01
5.571527777777777857e+00 9.217999999999995087e-01
5.572222222222221966e+00 9.213999999999994417e-01
5.572916666666666963e+00 9.209999999999998188e-01
5.573611111111110183e+00 9.208000000000000629e-01
5.574305555555555181e+00 9.206000000000000849e-01
5.575000000000000178e+00 9.204000000000002180e-01
5.575694444444444287e+00 9.202000000000005731e-01
5.576388888888889284e+00 9.200000000000009281e-01
5.577083333333333393e+00 9.196000000000011942e-01
5.577777777777778390e+00 9.191999999999997950e-01
5.578472222222221610e+00 9.187999999999997280e-01
5.579166666666666607e+00 9.183999999999989949e-01
5.579861111111110716e+00 9.179999999999991500e-01
5.580555555555555713e+00 8.441999999999505455e-01
5.581249999999999822e+00 7.704000000000243986e-01
5.581944444444444819e+00 6.965999999999753500e-01
5.582638888888888040e+00 6.228000000000499803e-01
5.583333333333333037e+00 5.490000000000004876e-01
5.584027777777777146e+00 6.219999999999247242e-01
5.584722222222222143e+00 6.949999999999746381e-01
5.585416666666667140e+00 7.680000000000252180e-01
5.586111111111111249e+00 8.409999999999505649e-01
5.586805555555556246e+00 9.139999999999999236e-01
5.587499999999999467e+00 9.136000000000003007e-01
5.588194444444444464e+00 9.132000000000006779e-01
5.588888888888888573e+00 9.128000000000009440e-01
5.589583333333333570e+00 9.123999999999996557e-01
5.590277777777777679e+00 9.119999999999994778e-01
5.590972222222222676e+00 9.113999999999988777e-01
5.591666666666665897e+00 9.107999999999997209e-01
5.592361111111110894e+00 9.102000000000000091e-01
5.593055555555555003e+00 9.096000000000011854e-01
5.593750000000000000e+00 9.090000000000005853e-01
5.594444444444444109e+00 9.086000000000004073e-01
5.595138888888889106e+00 9.081999999999994522e-01
5.595833333333334103e+00 9.077999999999990521e-01
5.596527777777777324e+00 9.073999999999996513e-01
5.597222222222222321e+00 9.070000000000000284e-01
5.597916666666666430e+00 9.064000000000008717e-01
5.598611111111111427e+00 9.058000000000008267e-01
5.599305555555555536e+00 9.052000000000003377e-01
5.600000000000000533e+00 9.045999999999989605e-01
5.600694444444443754e+00 9.039999999999995817e-01
5.601388888888888751e+00 9.035999999999997367e-01
5.602083333333332860e+00 9.032000000000003359e-01
5.602777777777777857e+00 9.028000000000008241e-01
5.603472222222221966e+00 9.024000000000013122e-01
5.604166666666666963e+00 9.020000000000000240e-01
5.604861111111110183e+00 9.018000000000003791e-01
5.605555555555555181e+00 9.015999999999991799e-01
5.606250000000000178e+00 9.013999999999996460e-01
5.606944444444444287e+00 9.011999999999994460e-01
5.607638888888889284e+00 9.009999999999991349e-01
5.608333333333333393e+00 9.003999999999998671e-01
5.609027777777778390e+00 8.998000000000001553e-01
5.609722222222221610e+00 8.992000000000012205e-01
5.610416666666666607e+00 8.985999999999990662e-01
5.611111111111110716e+00 8.979999999999995763e-01
5.611805555555555713e+00 8.627999999999753644e-01
5.612499999999999822e+00 8.276000000000114376e-01
5.613194444444444819e+00 7.923999999999872257e-01
5.613888888888888040e+00 7.572000000000232989e-01
5.614583333333333037e+00 7.219999999999995310e-01
5.615277777777777146e+00 6.986000000000233134e-01
5.615972222222222143e+00 6.752000000000077939e-01
5.616666666666667140e+00 6.517999999999924965e-01
5.617361111111111249e+00 6.284000000000166120e-01
5.618055555555556246e+00 6.049999999999997602e-01
5.618749999999999467e+00 5.520000000000363505e-01
5.619444444444444464e+00 4.989999999999814029e-01
5.620138888888888573e+00 4.460000000000182707e-01
5.620833333333333570e+00 3.929999999999634341e-01
5.621527777777777679e+00 3.400000000000001910e-01
5.622222222222222676e+00 3.460000000000038600e-01
5.622916666666665897e+00 3.519999999999977591e-01
5.623611111111110894e+00 3.580000000000022053e-01
5.624305555555555003e+00 3.639999999999959934e-01
5.625000000000000000e+00 3.699999999999996625e-01
5.625694444444444109e+00 3.102000000000609825e-01
5.626388888888889106e+00 2.504000000000202175e-01
5.627083333333334103e+00 1.905999999999794248e-01
5.627777777777777324e+00 1.308000000000408281e-01
5.628472222222222321e+00 7.099999999999997979e-02
5.629166666666666430e+00 1.669999999999344786e-01
5.629861111111111427e+00 2.630000000000329852e-01
5.630555555555555536e+00 3.589999999999670122e-01
5.631250000000000533e+00 4.550000000000652411e-01
5.631944444444443754e+00 5.509999999999998233e-01
5.632638888888888751e+00 4.773999999999498089e-01
5.633333333333332860e+00 4.038000000000250833e-01
5.634027777777777857e+00 3.301999999999745694e-01
5.634722222222221966e+00 2.566000000000501213e-01
5.635416666666666963e+00 1.829999999999999682e-01
5.636111111111110183e+00 2.213999999999605173e-01
5.636805555555555181e+00 2.597999999999867082e-01
5.637500000000000178e+00 2.982000000000132878e-01
5.638194444444444287e+00 3.365999999999740866e-01
5.638888888888889284e+00 3.749999999999997224e-01
5.639583333333333393e+00 3.702000000000027491e-01
5.640277777777778390e+00 3.653999999999981152e-01
5.640972222222221610e+00 3.606000000000012529e-01
5.641666666666666607e+00 3.557999999999964524e-01
5.642361111111110716e+00 3.509999999999997011e-01
5.643055555555555713e+00 3.425999999999941870e-01
5.643749999999999822e+00 3.342000000000025506e-01
5.644444444444444819e+00 3.257999999999971474e-01
5.645138888888888040e+00 3.174000000000055666e-01
5.645833333333333037e+00 3.090000000000001634e-01
5.646527777777777146e+00 3.771999999999301467e-01
5.647222222222222143e+00 4.453999999999772585e-01
5.647916666666667140e+00 5.136000000000232601e-01
5.648611111111111249e+00 5.817999999999539096e-01
5.649305555555556246e+00 6.499999999999994671e-01
5.649999999999999467e+00 6.835999999999764487e-01
5.650694444444444464e+00 7.172000000000110509e-01
5.651388888888888573e+00 7.507999999999878105e-01
5.652083333333333570e+00 7.844000000000227457e-01
5.652777777777777679e+00 8.179999999999997273e-01
5.653472222222222676e+00 7.505999999999538597e-01
5.654166666666665897e+00 6.832000000000233442e-01
5.654861111111110894e+00 6.157999999999770324e-01
5.655555555555555003e+00 5.484000000000456287e-01
5.656250000000000000e+00 4.809999999999999276e-01
5.656944444444444109e+00 5.049999999999751354e-01
5.657638888888889106e+00 5.289999999999918101e-01
5.658333333333334103e+00 5.530000000000084848e-01
5.659027777777777324e+00 5.769999999999835261e-01
5.659722222222222321e+00 6.010000000000002007e-01
5.660416666666666430e+00 5.554000000000308690e-01
5.661111111111111427e+00 5.097999999999843768e-01
5.661805555555555536e+00 4.642000000000157112e-01
5.662500000000000533e+00 4.185999999999685528e-01
5.663194444444443754e+00 3.729999999999997762e-01
5.663888888888888751e+00 3.115999999999580217e-01
5.664583333333332860e+00 2.502000000000209057e-01
5.665277777777777857e+00 1.887999999999791234e-01
5.665972222222221966e+00 1.274000000000418131e-01
5.666666666666666963e+00 6.600000000000000311e-02
5.667361111111110183e+00 8.039999999998517777e-02
5.668055555555555181e+00 9.479999999999505489e-02
5.668750000000000178e+00 1.092000000000049320e-01
5.669444444444444287e+00 1.235999999999901205e-01
5.670138888888889284e+00 1.380000000000000393e-01
5.670833333333333393e+00 1.409999999999978493e-01
5.671527777777778390e+00 1.440000000000009328e-01
5.672222222222221610e+00 1.469999999999990759e-01
5.672916666666666607e+00 1.500000000000021594e-01
5.673611111111110716e+00 1.529999999999999138e-01
5.674305555555555713e+00 1.886000000000242205e-01
5.674999999999999822e+00 2.241999999999876869e-01
5.675694444444444819e+00 2.598000000000120768e-01
5.676388888888888040e+00 2.953999999999755155e-01
5.677083333333333037e+00 3.310000000000002385e-01
5.677777777777777146e+00 2.976000000000340595e-01
5.678472222222222143e+00 2.642000000000114812e-01
5.679166666666667140e+00 2.307999999999884311e-01
5.679861111111111249e+00 1.974000000000230293e-01
5.680555555555556246e+00 1.640000000000000624e-01
5.681249999999999467e+00 2.119999999999670759e-01
5.681944444444444464e+00 2.600000000000162181e-01
5.682638888888888573e+00 3.079999999999835092e-01
5.683333333333333570e+00 3.560000000000327347e-01
5.684027777777777679e+00 4.039999999999996927e-01
5.684722222222222676e+00 4.580000000000364335e-01
5.685416666666665897e+00 5.119999999999820250e-01
5.686111111111110894e+00 5.660000000000187104e-01
5.686805555555555003e+00 6.199999999999629141e-01
5.687500000000000000e+00 6.739999999999995994e-01
5.688194444444444109e+00 6.935999999999800103e-01
5.688888888888889106e+00 7.131999999999938389e-01
5.689583333333334103e+00 7.328000000000064462e-01
5.690277777777777324e+00 7.523999999999861910e-01
5.690972222222222321e+00 7.720000000000006857e-01
5.691666666666666430e+00 7.722000000000006636e-01
5.692361111111111427e+00 7.724000000000005306e-01
5.693055555555555536e+00 7.726000000000003975e-01
5.693750000000000533e+00 7.728000000000001535e-01
5.694444444444443754e+00 7.730000000000000204e-01
5.695138888888888751e+00 7.709999999999979092e-01
5.695833333333332860e+00 7.690000000000009051e-01
5.696527777777777857e+00 7.669999999999986828e-01
5.697222222222221966e+00 7.650000000000019007e-01
5.697916666666666963e+00 7.629999999999997895e-01
5.698611111111110183e+00 7.212000000000428068e-01
5.699305555555555181e+00 6.794000000000139927e-01
5.700000000000000178e+00 6.375999999999861778e-01
5.700694444444444287e+00 5.958000000000290841e-01
5.701388888888889284e+00 5.539999999999996039e-01
5.702083333333333393e+00 5.915999999999739245e-01
5.702777777777778390e+00 6.292000000000130822e-01
5.703472222222221610e+00 6.667999999999877359e-01
5.704166666666666607e+00 7.044000000000252282e-01
5.704861111111110716e+00 7.420000000000001039e-01
5.705555555555555713e+00 6.769999999999561924e-01
5.706249999999999822e+00 6.120000000000226370e-01
5.706944444444444819e+00 5.469999999999782814e-01
5.707638888888888040e+00 4.820000000000441154e-01
5.708333333333333037e+00 4.170000000000004814e-01
5.709027777777777146e+00 3.486000000000700205e-01
5.709722222222222143e+00 2.802000000000234858e-01
5.710416666666667140e+00 2.117999999999766736e-01
5.711111111111111249e+00 1.434000000000465735e-01
5.711805555555556246e+00 7.500000000000005274e-02
5.712499999999999467e+00 1.261999999999651456e-01
5.713194444444444464e+00 1.774000000000175992e-01
5.713888888888888573e+00 2.285999999999826227e-01
5.714583333333333570e+00 2.798000000000347431e-01
5.715277777777777679e+00 3.310000000000002385e-01
5.715972222222222676e+00 3.167999999999902005e-01
5.716666666666665897e+00 3.026000000000046986e-01
5.717361111111110894e+00 2.883999999999954378e-01
5.718055555555555003e+00 2.742000000000098803e-01
5.718750000000000000e+00 2.600000000000000644e-01
5.719444444444444109e+00 2.949999999999640132e-01
5.720138888888889106e+00 3.299999999999878031e-01
5.720833333333334103e+00 3.650000000000116485e-01
5.721527777777777324e+00 3.999999999999757638e-01
5.722222222222222321e+00 4.349999999999995537e-01
5.722916666666666430e+00 4.334000000000013952e-01
5.723611111111111427e+00 4.317999999999989069e-01
5.724305555555555536e+00 4.302000000000008595e-01
5.725000000000000533e+00 4.285999999999984822e-01
5.725694444444443754e+00 4.270000000000002682e-01
5.726388888888888751e+00 4.161999999999929090e-01
5.727083333333332860e+00 4.054000000000039239e-01
5.727777777777777857e+00 3.945999999999966201e-01
5.728472222222221966e+00 3.838000000000071354e-01
5.729166666666666963e+00 3.729999999999997762e-01
5.729861111111110183e+00 4.241999999999476190e-01
5.730555555555555181e+00 4.753999999999828918e-01
5.731250000000000178e+00 5.266000000000174985e-01
5.731944444444444287e+00 5.777999999999648972e-01
5.732638888888889284e+00 6.289999999999997815e-01
5.733333333333333393e+00 6.252000000000019764e-01
5.734027777777778390e+00 6.213999999999991752e-01
5.734722222222221610e+00 6.176000000000015921e-01
5.735416666666666607e+00 6.137999999999971257e-01
5.736111111111110716e+00 6.100000000000002087e-01
5.736805555555555713e+00 6.059999999999969855e-01
5.737499999999999822e+00 6.020000000000009788e-01
5.738194444444444819e+00 5.979999999999988658e-01
5.738888888888888040e+00 5.940000000000021929e-01
5.739583333333333037e+00 5.900000000000001910e-01
5.740277777777777146e+00 5.856000000000044503e-01
5.740972222222222143e+00 5.812000000000011601e-01
5.741666666666667140e+00 5.767999999999989802e-01
5.742361111111111249e+00 5.724000000000031285e-01
5.743055555555556246e+00 5.679999999999998384e-01
5.743749999999999467e+00 5.634000000000028985e-01
5.744444444444444464e+00 5.587999999999982981e-01
5.745138888888888573e+00 5.542000000000014692e-01
5.745833333333333570e+00 5.495999999999972019e-01
5.746527777777777679e+00 5.450000000000002620e-01
5.747222222222222676e+00 5.407999999999967278e-01
5.747916666666665897e+00 5.366000000000014092e-01
5.748611111111110894e+00 5.323999999999989852e-01
5.749305555555555003e+00 5.282000000000025564e-01
5.750000000000000000e+00 5.240000000000001323e-01
5.750694444444444109e+00 5.186000000000056120e-01
5.751388888888889106e+00 5.132000000000017659e-01
5.752083333333334103e+00 5.077999999999980307e-01
5.752777777777777324e+00 5.024000000000035104e-01
5.753472222222222321e+00 4.969999999999997753e-01
5.754166666666666430e+00 4.752000000000145552e-01
5.754861111111111427e+00 4.533999999999922537e-01
5.755555555555555536e+00 4.316000000000073666e-01
5.756250000000000533e+00 4.097999999999850096e-01
5.756944444444443754e+00 3.880000000000001781e-01
5.757638888888888751e+00 3.677999999999864711e-01
5.758333333333332860e+00 3.476000000000069035e-01
5.759027777777777857e+00 3.273999999999932520e-01
5.759722222222221966e+00 3.072000000000136288e-01
5.760416666666666963e+00 2.869999999999998108e-01
5.761111111111110183e+00 2.774000000000100274e-01
5.761805555555555181e+00 2.678000000000033132e-01
5.762500000000000178e+00 2.581999999999967099e-01
5.763194444444444287e+00 2.486000000000065380e-01
5.763888888888889284e+00 2.389999999999998237e-01
5.764583333333333393e+00 2.401999999999989976e-01
5.765277777777778390e+00 2.414000000000001978e-01
5.765972222222221610e+00 2.425999999999994272e-01
5.766666666666666607e+00 2.438000000000006828e-01
5.767361111111110716e+00 2.449999999999999123e-01
5.768055555555555713e+00 2.171999999999811304e-01
5.768749999999999822e+00 1.894000000000094497e-01
5.769444444444444819e+00 1.615999999999906123e-01
5.770138888888888040e+00 1.338000000000190148e-01
5.770833333333333037e+00 1.060000000000000803e-01
5.771527777777777146e+00 1.193999999999862810e-01
5.772222222222222143e+00 1.327999999999954772e-01
5.772916666666667140e+00 1.462000000000045208e-01
5.773611111111111249e+00 1.595999999999908325e-01
5.774305555555556246e+00 1.729999999999999316e-01
5.774999999999999467e+00 1.584000000000098385e-01
5.775694444444444464e+00 1.437999999999949596e-01
5.776388888888888573e+00 1.292000000000051163e-01
5.777083333333333570e+00 1.145999999999899599e-01
5.777777777777777679e+00 1.000000000000000749e-01
5.778472222222222676e+00 7.999999999998633204e-02
5.779166666666665897e+00 6.000000000000677708e-02
5.779861111111110894e+00 3.999999999999316602e-02
5.780555555555555003e+00 2.000000000001364228e-02
5.781250000000000000e+00 0.000000000000000000e+00
5.781944444444444109e+00 0.000000000000000000e+00
5.782638888888889106e+00 0.000000000000000000e+00
5.783333333333334103e+00 0.000000000000000000e+00
5.784027777777777324e+00 0.000000000000000000e+00
5.784722222222222321e+00 0.000000000000000000e+00
5.785416666666666430e+00 0.000000000000000000e+00
5.786111111111111427e+00 0.000000000000000000e+00
5.786805555555555536e+00 0.000000000000000000e+00
5.787500000000000533e+00 0.000000000000000000e+00
5.788194444444443754e+00 0.000000000000000000e+00
5.788888888888888751e+00 0.000000000000000000e+00
5.789583333333332860e+00 0.000000000000000000e+00
5.790277777777777857e+00 0.000000000000000000e+00
5.790972222222221966e+00 0.000000000000000000e+00
5.791666666666666963e+00 0.000000000000000000e+00
5.792361111111110183e+00 0.000000000000000000e+00
5.793055555555555181e+00 0.000000000000000000e+00
5.793750000000000178e+00 0.000000000000000000e+00
5.794444444444444287e+00 0.000000000000000000e+00
5.795138888888889284e+00 0.000000000000000000e+00
5.795833333333333393e+00 0.000000000000000000e+00
5.796527777777778390e+00 0.000000000000000000e+00
5.797222222222221610e+00 0.000000000000000000e+00
5.797916666666666607e+00 0.000000000000000000e+00
5.798611111111110716e+00 0.000000000000000000e+00
5.799305555555555713e+00 0.000000000000000000e+00
5.799999999999999822e+00 0.000000000000000000e+00
5.800694444444444819e+00 0.000000000000000000e+00
5.801388888888888040e+00 0.000000000000000000e+00
5.802083333333333037e+00 0.000000000000000000e+00
5.802777777777777146e+00 0.000000000000000000e+00
5.803472222222222143e+00 0.000000000000000000e+00
5.804166666666667140e+00 0.000000000000000000e+00
5.804861111111111249e+00 0.000000000000000000e+00
5.805555555555556246e+00 0.000000000000000000e+00
5.806249999999999467e+00 0.000000000000000000e+00
5.806944444444444464e+00 0.000000000000000000e+00
5.807638888888888573e+00 0.000000000000000000e+00
5.808333333333333570e+00 0.000000000000000000e+00
5.809027777777777679e+00 0.000000000000000000e+00
5.809722222222222676e+00 0.000000000000000000e+00
5.810416666666665897e+00 0.000000000000000000e+00
5.811111111111110894e+00 0.000000000000000000e+00
5.811805555555555003e+00 0.000000000000000000e+00
5.812500000000000000e+00 0.000000000000000000e+00
5.813194444444444109e+00 0.000000000000000000e+00
5.813888888888889106e+00 0.000000000000000000e+00
5.814583333333334103e+00 0.000000000000000000e+00
5.815277777777777324e+00 0.000000000000000000e+00
5.815972222222222321e+00 0.000000000000000000e+00
5.816666666666666430e+00 0.000000000000000000e+00
5.817361111111111427e+00 0.000000000000000000e+00
5.818055555555555536e+00 0.000000000000000000e+00
5.818750000000000533e+00 0.000000000000000000e+00
5.819444444444443754e+00 0.000000000000000000e+00
5.820138888888888751e+00 0.000000000000000000e+00
5.820833333333332860e+00 0.000000000000000000e+00
5.821527777777777857e+00 0.000000000000000000e+00
5.822222222222221966e+00 0.000000000000000000e+00
5.822916666666666963e+00 0.000000000000000000e+00
5.823611111111110183e+00 0.000000000000000000e+00
5.824305555555555181e+00 0.000000000000000000e+00
5.825000000000000178e+00 0.000000000000000000e+00
5.825694444444444287e+00 0.000000000000000000e+00
5.826388888888889284e+00 0.000000000000000000e+00
5.827083333333333393e+00 0.000000000000000000e+00
5.827777777777778390e+00 0.000000000000000000e+00
5.828472222222221610e+00 0.000000000000000000e+00
5.829166666666666607e+00 0.000000000000000000e+00
5.829861111111110716e+00 0.000000000000000000e+00
5.830555555555555713e+00 0.000000000000000000e+00
5.831249999999999822e+00 0.000000000000000000e+00
5.831944444444444819e+00 0.000000000000000000e+00
5.832638888888888040e+00 0.000000000000000000e+00
5.833333333333333037e+00 0.000000000000000000e+00
5.834027777777777146e+00 0.000000000000000000e+00
5.834722222222222143e+00 0.000000000000000000e+00
5.835416666666667140e+00 0.000000000000000000e+00
5.836111111111111249e+00 0.000000000000000000e+00
5.836805555555556246e+00 0.000000000000000000e+00
5.837499999999999467e+00 0.000000000000000000e+00
5.838194444444444464e+00 0.000000000000000000e+00
5.838888888888888573e+00 0.000000000000000000e+00
5.839583333333333570e+00 0.000000000000000000e+00
5.840277777777777679e+00 0.000000000000000000e+00
5.840972222222222676e+00 0.000000000000000000e+00
5.841666666666665897e+00 0.000000000000000000e+00
5.842361111111110894e+00 0.000000000000000000e+00
5.843055555555555003e+00 0.000000000000000000e+00
5.843750000000000000e+00 0.000000000000000000e+00
5.844444444444444109e+00 0.000000000000000000e+00
5.845138888888889106e+00 0.000000000000000000e+00
5.845833333333334103e+00 0.000000000000000000e+00
5.846527777777777324e+00 0.000000000000000000e+00
5.847222222222222321e+00 0.000000000000000000e+00
5.847916666666666430e+00 0.000000000000000000e+00
5.848611111111111427e+00 0.000000000000000000e+00
5.849305555555555536e+00 0.000000000000000000e+00
5.850000000000000533e+00 0.000000000000000000e+00
5.850694444444443754e+00 0.000000000000000000e+00
5.851388888888888751e+00 0.000000000000000000e+00
5.852083333333332860e+00 0.000000000000000000e+00
5.852777777777777857e+00 0.000000000000000000e+00
5.853472222222221966e+00 0.000000000000000000e+00
5.854166666666666963e+00 0.000000000000000000e+00
5.854861111111110183e+00 0.000000000000000000e+00
5.855555555555555181e+00 0.000000000000000000e+00
5.856250000000000178e+00 0.000000000000000000e+00
5.856944444444444287e+00 0.000000000000000000e+00
5.857638888888889284e+00 0.000000000000000000e+00
5.858333333333333393e+00 0.000000000000000000e+00
5.859027777777778390e+00 0.000000000000000000e+00
5.859722222222221610e+00 0.000000000000000000e+00
5.860416666666666607e+00 0.000000000000000000e+00
5.861111111111110716e+00 0.000000000000000000e+00
5.861805555555555713e+00 0.000000000000000000e+00
5.862499999999999822e+00 0.000000000000000000e+00
5.863194444444444819e+00 0.000000000000000000e+00
5.863888888888888040e+00 0.000000000000000000e+00
5.864583333333333037e+00 0.000000000000000000e+00
5.865277777777777146e+00 0.000000000000000000e+00
5.865972222222222143e+00 0.000000000000000000e+00
5.866666666666667140e+00 0.000000000000000000e+00
5.867361111111111249e+00 0.000000000000000000e+00
5.868055555555556246e+00 0.000000000000000000e+00
5.868749999999999467e+00 0.000000000000000000e+00
5.869444444444444464e+00 0.000000000000000000e+00
5.870138888888888573e+00 0.000000000000000000e+00
5.870833333333333570e+00 0.000000000000000000e+00
5.871527777777777679e+00 0.000000000000000000e+00
5.872222222222222676e+00 0.000000000000000000e+00
5.872916666666665897e+00 0.000000000000000000e+00
5.873611111111110894e+00 0.000000000000000000e+00
5.874305555555555003e+00 0.000000000000000000e+00
5.875000000000000000e+00 0.000000000000000000e+00
5.875694444444444109e+00 0.000000000000000000e+00
5.876388888888889106e+00 0.000000000000000000e+00
5.877083333333334103e+00 0.000000000000000000e+00
5.877777777777777324e+00 0.000000000000000000e+00
5.878472222222222321e+00 0.000000000000000000e+00
5.879166666666666430e+00 0.000000000000000000e+00
5.879861111111111427e+00 0.000000000000000000e+00
5.880555555555555536e+00 0.000000000000000000e+00
5.881250000000000533e+00 0.000000000000000000e+00
5.881944444444443754e+00 0.000000000000000000e+00
5.882638888888888751e+00 0.000000000000000000e+00
5.883333333333332860e+00 0.000000000000000000e+00
5.884027777777777857e+00 0.000000000000000000e+00
5.884722222222221966e+00 0.000000000000000000e+00
5.885416666666666963e+00 0.000000000000000000e+00
5.886111111111110183e+00 0.000000000000000000e+00
5.886805555555555181e+00 0.000000000000000000e+00
5.887500000000000178e+00 0.000000000000000000e+00
5.888194444444444287e+00 0.000000000000000000e+00
5.888888888888889284e+00 0.000000000000000000e+00
5.889583333333333393e+00 0.000000000000000000e+00
5.890277777777778390e+00 0.000000000000000000e+00
5.890972222222221610e+00 0.000000000000000000e+00
5.891666666666666607e+00 0.000000000000000000e+00
5.892361111111110716e+00 0.000000000000000000e+00
5.893055555555555713e+00 0.000000000000000000e+00
5.893749999999999822e+00 0.000000000000000000e+00
5.894444444444444819e+00 0.000000000000000000e+00
5.895138888888888040e+00 0.000000000000000000e+00
5.895833333333333037e+00 0.000000000000000000e+00
5.896527777777777146e+00 0.000000000000000000e+00
5.897222222222222143e+00 0.000000000000000000e+00
5.897916666666667140e+00 0.000000000000000000e+00
5.898611111111111249e+00 0.000000000000000000e+00
5.899305555555556246e+00 0.000000000000000000e+00
5.899999999999999467e+00 0.000000000000000000e+00
5.900694444444444464e+00 0.000000000000000000e+00
5.901388888888888573e+00 0.000000000000000000e+00
5.902083333333333570e+00 0.000000000000000000e+00
5.902777777777777679e+00 0.000000000000000000e+00
5.903472222222222676e+00 0.000000000000000000e+00
5.904166666666665897e+00 0.000000000000000000e+00
5.904861111111110894e+00 0.000000000000000000e+00
5.905555555555555003e+00 0.000000000000000000e+00
5.906250000000000000e+00 0.000000000000000000e+00
5.906944444444444109e+00 0.000000000000000000e+00
5.907638888888889106e+00 0.000000000000000000e+00
5.908333333333334103e+00 0.000000000000000000e+00
5.909027777777777324e+00 0.000000000000000000e+00
5.909722222222222321e+00 0.000000000000000000e+00
5.910416666666666430e+00 0.000000000000000000e+00
5.911111111111111427e+00 0.000000000000000000e+00
5.911805555555555536e+00 0.000000000000000000e+00
5.912500000000000533e+00 0.000000000000000000e+00
5.913194444444443754e+00 0.000000000000000000e+00
5.913888888888888751e+00 0.000000000000000000e+00
5.914583333333332860e+00 0.000000000000000000e+00
5.915277777777777857e+00 0.000000000000000000e+00
5.915972222222221966e+00 0.000000000000000000e+00
5.916666666666666963e+00 0.000000000000000000e+00
5.917361111111110183e+00 0.000000000000000000e+00
5.918055555555555181e+00 0.000000000000000000e+00
5.918750000000000178e+00 0.000000000000000000e+00
5.919444444444444287e+00 0.000000000000000000e+00
5.920138888888889284e+00 0.000000000000000000e+00
5.920833333333333393e+00 0.000000000000000000e+00
5.921527777777778390e+00 0.000000000000000000e+00
5.922222222222221610e+00 0.000000000000000000e+00
5.922916666666666607e+00 0.000000000000000000e+00
5.923611111111110716e+00 0.000000000000000000e+00
5.924305555555555713e+00 0.000000000000000000e+00
5.924999999999999822e+00 0.000000000000000000e+00
5.925694444444444819e+00 0.000000000000000000e+00
5.926388888888888040e+00 0.000000000000000000e+00
5.927083333333333037e+00 0.000000000000000000e+00
5.927777777777777146e+00 0.000000000000000000e+00
5.928472222222222143e+00 0.000000000000000000e+00
5.929166666666667140e+00 0.000000000000000000e+00
5.929861111111111249e+00 0.000000000000000000e+00
5.930555555555556246e+00 0.000000000000000000e+00
5.931249999999999467e+00 0.000000000000000000e+00
5.931944444444444464e+00 0.000000000000000000e+00
5.932638888888888573e+00 0.000000000000000000e+00
5.933333333333333570e+00 0.000000000000000000e+00
5.934027777777777679e+00 0.000000000000000000e+00
5.934722222222222676e+00 0.000000000000000000e+00
5.935416666666665897e+00 0.000000000000000000e+00
5.936111111111110894e+00 0.000000000000000000e+00
5.936805555555555003e+00 0.000000000000000000e+00
5.937500000000000000e+00 0.000000000000000000e+00
5.938194444444444109e+00 0.000000000000000000e+00
5.938888888888889106e+00 0.000000000000000000e+00
5.939583333333334103e+00 0.000000000000000000e+00
5.940277777777777324e+00 0.000000000000000000e+00
5.940972222222222321e+00 0.000000000000000000e+00
5.941666666666666430e+00 0.000000000000000000e+00
5.942361111111111427e+00 0.000000000000000000e+00
5.943055555555555536e+00 0.000000000000000000e+00
5.943750000000000533e+00 0.000000000000000000e+00
5.944444444444443754e+00 0.000000000000000000e+00
5.945138888888888751e+00 0.000000000000000000e+00
5.945833333333332860e+00 0.000000000000000000e+00
5.946527777777777857e+00 0.000000000000000000e+00
5.947222222222221966e+00 0.000000000000000000e+00
5.947916666666666963e+00 0.000000000000000000e+00
5.948611111111110183e+00 0.000000000000000000e+00
5.949305555555555181e+00 0.000000000000000000e+00
5.950000000000000178e+00 0.000000000000000000e+00
5.950694444444444287e+00 0.000000000000000000e+00
5.951388888888889284e+00 0.000000000000000000e+00
5.952083333333333393e+00 0.000000000000000000e+00
5.952777777777778390e+00 0.000000000000000000e+00
5.953472222222221610e+00 0.000000000000000000e+00
5.954166666666666607e+00 0.000000000000000000e+00
5.954861111111110716e+00 0.000000000000000000e+00
5.955555555555555713e+00 0.000000000000000000e+00
5.956249999999999822e+00 0.000000000000000000e+00
5.956944444444444819e+00 0.000000000000000000e+00
5.957638888888888040e+00 0.000000000000000000e+00
5.958333333333333037e+00 0.000000000000000000e+00
5.959027777777777146e+00 0.000000000000000000e+00
5.959722222222222143e+00 0.000000000000000000e+00
5.960416666666667140e+00 0.000000000000000000e+00
5.961111111111111249e+00 0.000000000000000000e+00
5.961805555555556246e+00 0.000000000000000000e+00
5.962499999999999467e+00 0.000000000000000000e+00
5.963194444444444464e+00 0.000000000000000000e+00
5.963888888888888573e+00 0.000000000000000000e+00
5.964583333333333570e+00 0.000000000000000000e+00
5.965277777777777679e+00 0.000000000000000000e+00
5.965972222222222676e+00 0.000000000000000000e+00
5.966666666666665897e+00 0.000000000000000000e+00
5.967361111111110894e+00 0.000000000000000000e+00
5.968055555555555003e+00 0.000000000000000000e+00
5.968750000000000000e+00 0.000000000000000000e+00
5.969444444444444109e+00 0.000000000000000000e+00
5.970138888888889106e+00 0.000000000000000000e+00
5.970833333333334103e+00 0.000000000000000000e+00
5.971527777777777324e+00 0.000000000000000000e+00
5.972222222222222321e+00 0.000000000000000000e+00
5.972916666666666430e+00 0.000000000000000000e+00
5.973611111111111427e+00 0.000000000000000000e+00
5.974305555555555536e+00 0.000000000000000000e+00
5.975000000000000533e+00 0.000000000000000000e+00
5.975694444444443754e+00 0.000000000000000000e+00
5.976388888888888751e+00 0.000000000000000000e+00
5.977083333333332860e+00 0.000000000000000000e+00
5.977777777777777857e+00 0.000000000000000000e+00
5.978472222222221966e+00 0.000000000000000000e+00
5.979166666666666963e+00 0.000000000000000000e+00
5.979861111111110183e+00 0.000000000000000000e+00
5.980555555555555181e+00 0.000000000000000000e+00
5.981250000000000178e+00 0.000000000000000000e+00
5.981944444444444287e+00 0.000000000000000000e+00
5.982638888888889284e+00 0.000000000000000000e+00
5.983333333333333393e+00 0.000000000000000000e+00
5.984027777777778390e+00 0.000000000000000000e+00
5.984722222222221610e+00 0.000000000000000000e+00
5.985416666666666607e+00 0.000000000000000000e+00
5.986111111111110716e+00 0.000000000000000000e+00
5.986805555555555713e+00 0.000000000000000000e+00
5.987499999999999822e+00 0.000000000000000000e+00
5.988194444444444819e+00 0.000000000000000000e+00
5.988888888888888040e+00 0.000000000000000000e+00
5.989583333333333037e+00 0.000000000000000000e+00
5.990277777777777146e+00 0.000000000000000000e+00
5.990972222222222143e+00 0.000000000000000000e+00
5.991666666666667140e+00 0.000000000000000000e+00
5.992361111111111249e+00 0.000000000000000000e+00
5.993055555555556246e+00 0.000000000000000000e+00
5.993749999999999467e+00 0.000000000000000000e+00
5.994444444444444464e+00 0.000000000000000000e+00
5.995138888888888573e+00 0.000000000000000000e+00
5.995833333333333570e+00 0.000000000000000000e+00
5.996527777777777679e+00 0.000000000000000000e+00
5.997222222222222676e+00 0.000000000000000000e+00
5.997916666666665897e+00 0.000000000000000000e+00
5.998611111111110894e+00 0.000000000000000000e+00
5.999305555555555003e+00 0.000000000000000000e+00
6.000000000000000000e+00 0.000000000000000000e+00
6.000694444444444109e+00 0.000000000000000000e+00
6.001388888888889106e+00 0.000000000000000000e+00
6.002083333333334103e+00 0.000000000000000000e+00
6.002777777777777324e+00 0.000000000000000000e+00
6.003472222222222321e+00 0.000000000000000000e+00
6.004166666666666430e+00 0.000000000000000000e+00
6.004861111111111427e+00 0.000000000000000000e+00
6.005555555555555536e+00 0.000000000000000000e+00
6.006250000000000533e+00 0.000000000000000000e+00
6.006944444444443754e+00 0.000000000000000000e+00
6.007638888888888751e+00 0.000000000000000000e+00
6.008333333333332860e+00 0.000000000000000000e+00
6.009027777777777857e+00 0.000000000000000000e+00
6.009722222222221966e+00 0.000000000000000000e+00
6.010416666666666963e+00 0.000000000000000000e+00
6.011111111111110183e+00 0.000000000000000000e+00
6.011805555555555181e+00 0.000000000000000000e+00
6.012500000000000178e+00 0.000000000000000000e+00
6.013194444444444287e+00 0.000000000000000000e+00
6.013888888888889284e+00 0.000000000000000000e+00
6.014583333333333393e+00 0.000000000000000000e+00
6.015277777777778390e+00 0.000000000000000000e+00
6.015972222222221610e+00 0.000000000000000000e+00
6.016666666666666607e+00 0.000000000000000000e+00
6.017361111111110716e+00 0.000000000000000000e+00
6.018055555555555713e+00 0.000000000000000000e+00
6.018749999999999822e+00 0.000000000000000000e+00
6.019444444444444819e+00 0.000000000000000000e+00
6.020138888888888040e+00 0.000000000000000000e+00
6.020833333333333037e+00 0.000000000000000000e+00
6.021527777777777146e+00 0.000000000000000000e+00
6.022222222222222143e+00 0.000000000000000000e+00
6.022916666666667140e+00 0.000000000000000000e+00
6.023611111111111249e+00 0.000000000000000000e+00
6.024305555555556246e+00 0.000000000000000000e+00
6.024999999999999467e+00 0.000000000000000000e+00
6.025694444444444464e+00 0.000000000000000000e+00
6.026388888888888573e+00 0.000000000000000000e+00
6.027083333333333570e+00 0.000000000000000000e+00
6.027777777777777679e+00 0.000000000000000000e+00
6.028472222222222676e+00 0.000000000000000000e+00
6.029166666666665897e+00 0.000000000000000000e+00
6.029861111111110894e+00 0.000000000000000000e+00
6.030555555555555003e+00 0.000000000000000000e+00
6.031250000000000000e+00 0.000000000000000000e+00
6.031944444444444109e+00 0.000000000000000000e+00
6.032638888888889106e+00 0.000000000000000000e+00
6.033333333333334103e+00 0.000000000000000000e+00
6.034027777777777324e+00 0.000000000000000000e+00
6.034722222222222321e+00 0.000000000000000000e+00
6.035416666666666430e+00 0.000000000000000000e+00
6.036111111111111427e+00 0.000000000000000000e+00
6.036805555555555536e+00 0.000000000000000000e+00
6.037500000000000533e+00 0.000000000000000000e+00
6.038194444444443754e+00 0.000000000000000000e+00
6.038888888888888751e+00 0.000000000000000000e+00
6.039583333333332860e+00 0.000000000000000000e+00
6.040277777777777857e+00 0.000000000000000000e+00
6.040972222222221966e+00 0.000000000000000000e+00
6.041666666666666963e+00 0.000000000000000000e+00
6.042361111111110183e+00 0.000000000000000000e+00
6.043055555555555181e+00 0.000000000000000000e+00
6.043750000000000178e+00 0.000000000000000000e+00
6.044444444444444287e+00 0.000000000000000000e+00
6.045138888888889284e+00 0.000000000000000000e+00
6.045833333333333393e+00 0.000000000000000000e+00
6.046527777777778390e+00 0.000000000000000000e+00
6.047222222222221610e+00 0.000000000000000000e+00
6.047916666666666607e+00 0.000000000000000000e+00
6.048611111111110716e+00 0.000000000000000000e+00
6.049305555555555713e+00 0.000000000000000000e+00
6.049999999999999822e+00 0.000000000000000000e+00
6.050694444444444819e+00 0.000000000000000000e+00
6.051388888888888040e+00 0.000000000000000000e+00
6.052083333333333037e+00 0.000000000000000000e+00
6.052777777777777146e+00 0.000000000000000000e+00
6.053472222222222143e+00 0.000000000000000000e+00
6.054166666666667140e+00 0.000000000000000000e+00
6.054861111111111249e+00 0.000000000000000000e+00
6.055555555555556246e+00 0.000000000000000000e+00
6.056249999999999467e+00 0.000000000000000000e+00
6.056944444444444464e+00 0.000000000000000000e+00
6.057638888888888573e+00 0.000000000000000000e+00
6.058333333333333570e+00 0.000000000000000000e+00
6.059027777777777679e+00 0.000000000000000000e+00
6.059722222222222676e+00 0.000000000000000000e+00
6.060416666666665897e+00 0.000000000000000000e+00
6.061111111111110894e+00 0.000000000000000000e+00
6.061805555555555003e+00 0.000000000000000000e+00
6.062500000000000000e+00 0.000000000000000000e+00
6.063194444444444109e+00 0.000000000000000000e+00
6.063888888888889106e+00 0.000000000000000000e+00
6.064583333333334103e+00 0.000000000000000000e+00
6.065277777777777324e+00 0.000000000000000000e+00
6.065972222222222321e+00 0.000000000000000000e+00
6.066666666666666430e+00 0.000000000000000000e+00
6.067361111111111427e+00 0.000000000000000000e+00
6.068055555555555536e+00 0.000000000000000000e+00
6.068750000000000533e+00 0.000000000000000000e+00
6.069444444444443754e+00 0.000000000000000000e+00
6.070138888888888751e+00 0.000000000000000000e+00
6.070833333333332860e+00 0.000000000000000000e+00
6.071527777777777857e+00 0.000000000000000000e+00
6.072222222222221966e+00 0.000000000000000000e+00
6.072916666666666963e+00 0.000000000000000000e+00
6.073611111111111960e+00 0.000000000000000000e+00
6.074305555555555181e+00 0.000000000000000000e+00
6.075000000000000178e+00 0.000000000000000000e+00
6.075694444444444287e+00 0.000000000000000000e+00
6.076388888888889284e+00 0.000000000000000000e+00
6.077083333333333393e+00 0.000000000000000000e+00
6.077777777777778390e+00 0.000000000000000000e+00
6.078472222222221610e+00 0.000000000000000000e+00
6.079166666666666607e+00 0.000000000000000000e+00
6.079861111111110716e+00 0.000000000000000000e+00
6.080555555555555713e+00 0.000000000000000000e+00
6.081249999999999822e+00 0.000000000000000000e+00
6.081944444444444819e+00 0.000000000000000000e+00
6.082638888888888040e+00 0.000000000000000000e+00
6.083333333333333037e+00 0.000000000000000000e+00
6.084027777777778034e+00 0.000000000000000000e+00
6.084722222222222143e+00 0.000000000000000000e+00
6.085416666666667140e+00 0.000000000000000000e+00
6.086111111111111249e+00 0.000000000000000000e+00
6.086805555555556246e+00 0.000000000000000000e+00
6.087499999999999467e+00 0.000000000000000000e+00
6.088194444444444464e+00 0.000000000000000000e+00
6.088888888888888573e+00 0.000000000000000000e+00
6.089583333333333570e+00 0.000000000000000000e+00
6.090277777777777679e+00 0.000000000000000000e+00
6.090972222222222676e+00 0.000000000000000000e+00
6.091666666666665897e+00 0.000000000000000000e+00
6.092361111111110894e+00 0.000000000000000000e+00
6.093055555555555003e+00 0.000000000000000000e+00
6.093750000000000000e+00 0.000000000000000000e+00
6.094444444444444997e+00 0.000000000000000000e+00
6.095138888888889106e+00 0.000000000000000000e+00
6.095833333333334103e+00 0.000000000000000000e+00
6.096527777777777324e+00 0.000000000000000000e+00
6.097222222222222321e+00 0.000000000000000000e+00
6.097916666666666430e+00 0.000000000000000000e+00
6.098611111111111427e+00 0.000000000000000000e+00
6.099305555555555536e+00 0.000000000000000000e+00
6.100000000000000533e+00 0.000000000000000000e+00
6.100694444444443754e+00 0.000000000000000000e+00
6.101388888888888751e+00 0.000000000000000000e+00
6.102083333333332860e+00 0.000000000000000000e+00
6.102777777777777857e+00 0.000000000000000000e+00
6.103472222222221966e+00 0.000000000000000000e+00
6.104166666666666963e+00 0.000000000000000000e+00
6.104861111111111960e+00 0.000000000000000000e+00
6.105555555555555181e+00 0.000000000000000000e+00
6.106250000000000178e+00 0.000000000000000000e+00
6.106944444444444287e+00 0.000000000000000000e+00
6.107638888888889284e+00 0.000000000000000000e+00
6.108333333333333393e+00 0.000000000000000000e+00
6.109027777777778390e+00 0.000000000000000000e+00
6.109722222222221610e+00 0.000000000000000000e+00
6.110416666666666607e+00 0.000000000000000000e+00
6.111111111111110716e+00 0.000000000000000000e+00
6.111805555555555713e+00 0.000000000000000000e+00
6.112499999999999822e+00 0.000000000000000000e+00
6.113194444444444819e+00 0.000000000000000000e+00
6.113888888888888040e+00 0.000000000000000000e+00
6.114583333333333037e+00 0.000000000000000000e+00
6.115277777777778034e+00 0.000000000000000000e+00
6.115972222222222143e+00 0.000000000000000000e+00
6.116666666666667140e+00 0.000000000000000000e+00
6.117361111111111249e+00 0.000000000000000000e+00
6.118055555555556246e+00 0.000000000000000000e+00
6.118749999999999467e+00 0.000000000000000000e+00
6.119444444444444464e+00 0.000000000000000000e+00
6.120138888888888573e+00 0.000000000000000000e+00
6.120833333333333570e+00 0.000000000000000000e+00
6.121527777777777679e+00 0.000000000000000000e+00
6.122222222222222676e+00 0.000000000000000000e+00
6.122916666666665897e+00 0.000000000000000000e+00
6.123611111111110894e+00 0.000000000000000000e+00
6.124305555555555003e+00 0.000000000000000000e+00
6.125000000000000000e+00 0.000000000000000000e+00
6.125694444444444997e+00 0.000000000000000000e+00
6.126388888888889106e+00 0.000000000000000000e+00
6.127083333333334103e+00 0.000000000000000000e+00
6.127777777777777324e+00 0.000000000000000000e+00
6.128472222222222321e+00 0.000000000000000000e+00
6.129166666666666430e+00 0.000000000000000000e+00
6.129861111111111427e+00 0.000000000000000000e+00
6.130555555555555536e+00 0.000000000000000000e+00
6.131250000000000533e+00 0.000000000000000000e+00
6.131944444444443754e+00 0.000000000000000000e+00
6.132638888888888751e+00 0.000000000000000000e+00
6.133333333333332860e+00 0.000000000000000000e+00
6.134027777777777857e+00 0.000000000000000000e+00
6.134722222222221966e+00 0.000000000000000000e+00
6.135416666666666963e+00 0.000000000000000000e+00
6.136111111111111960e+00 0.000000000000000000e+00
6.136805555555555181e+00 0.000000000000000000e+00
6.137500000000000178e+00 0.000000000000000000e+00
6.138194444444444287e+00 0.000000000000000000e+00
6.138888888888889284e+00 0.000000000000000000e+00
6.139583333333333393e+00 0.000000000000000000e+00
6.140277777777778390e+00 0.000000000000000000e+00
6.140972222222221610e+00 0.000000000000000000e+00
6.141666666666666607e+00 0.000000000000000000e+00
6.142361111111110716e+00 0.000000000000000000e+00
6.143055555555555713e+00 0.000000000000000000e+00
6.143749999999999822e+00 0.000000000000000000e+00
6.144444444444444819e+00 0.000000000000000000e+00
6.145138888888888040e+00 0.000000000000000000e+00
6.145833333333333037e+00 0.000000000000000000e+00
6.146527777777778034e+00 0.000000000000000000e+00
6.147222222222222143e+00 0.000000000000000000e+00
6.147916666666667140e+00 0.000000000000000000e+00
6.148611111111111249e+00 0.000000000000000000e+00
6.149305555555556246e+00 0.000000000000000000e+00
6.149999999999999467e+00 0.000000000000000000e+00
6.150694444444444464e+00 0.000000000000000000e+00
6.151388888888888573e+00 0.000000000000000000e+00
6.152083333333333570e+00 0.000000000000000000e+00
6.152777777777777679e+00 0.000000000000000000e+00
6.153472222222222676e+00 0.000000000000000000e+00
6.154166666666665897e+00 0.000000000000000000e+00
6.154861111111110894e+00 0.000000000000000000e+00
6.155555555555555003e+00 0.000000000000000000e+00
6.156250000000000000e+00 0.000000000000000000e+00
6.156944444444444997e+00 0.000000000000000000e+00
6.157638888888889106e+00 0.000000000000000000e+00
6.158333333333334103e+00 0.000000000000000000e+00
6.159027777777777324e+00 0.000000000000000000e+00
6.159722222222222321e+00 0.000000000000000000e+00
6.160416666666666430e+00 0.000000000000000000e+00
6.161111111111111427e+00 0.000000000000000000e+00
6.161805555555555536e+00 0.000000000000000000e+00
6.162500000000000533e+00 0.000000000000000000e+00
6.163194444444443754e+00 0.000000000000000000e+00
6.163888888888888751e+00 0.000000000000000000e+00
6.164583333333332860e+00 0.000000000000000000e+00
6.165277777777777857e+00 0.000000000000000000e+00
6.165972222222221966e+00 0.000000000000000000e+00
6.166666666666666963e+00 0.000000000000000000e+00
6.167361111111111960e+00 0.000000000000000000e+00
6.168055555555555181e+00 0.000000000000000000e+00
6.168750000000000178e+00 0.000000000000000000e+00
6.169444444444444287e+00 0.000000000000000000e+00
6.170138888888889284e+00 0.000000000000000000e+00
6.170833333333333393e+00 0.000000000000000000e+00
6.171527777777778390e+00 0.000000000000000000e+00
6.172222222222221610e+00 0.000000000000000000e+00
6.172916666666666607e+00 0.000000000000000000e+00
6.173611111111110716e+00 0.000000000000000000e+00
6.174305555555555713e+00 0.000000000000000000e+00
6.174999999999999822e+00 0.000000000000000000e+00
6.175694444444444819e+00 0.000000000000000000e+00
6.176388888888888040e+00 0.000000000000000000e+00
6.177083333333333037e+00 0.000000000000000000e+00
6.177777777777778034e+00 0.000000000000000000e+00
6.178472222222222143e+00 0.000000000000000000e+00
6.179166666666667140e+00 0.000000000000000000e+00
6.179861111111111249e+00 0.000000000000000000e+00
6.180555555555556246e+00 0.000000000000000000e+00
6.181249999999999467e+00 0.000000000000000000e+00
6.181944444444444464e+00 0.000000000000000000e+00
6.182638888888888573e+00 0.000000000000000000e+00
6.183333333333333570e+00 0.000000000000000000e+00
6.184027777777777679e+00 0.000000000000000000e+00
6.184722222222222676e+00 0.000000000000000000e+00
6.185416666666665897e+00 0.000000000000000000e+00
6.186111111111110894e+00 0.000000000000000000e+00
6.186805555555555003e+00 0.000000000000000000e+00
6.187500000000000000e+00 0.000000000000000000e+00
6.188194444444444997e+00 0.000000000000000000e+00
6.188888888888889106e+00 0.000000000000000000e+00
6.189583333333334103e+00 0.000000000000000000e+00
6.190277777777777324e+00 0.000000000000000000e+00
6.190972222222222321e+00 0.000000000000000000e+00
6.191666666666666430e+00 0.000000000000000000e+00
6.192361111111111427e+00 0.000000000000000000e+00
6.193055555555555536e+00 0.000000000000000000e+00
6.193750000000000533e+00 0.000000000000000000e+00
6.194444444444443754e+00 0.000000000000000000e+00
6.195138888888888751e+00 0.000000000000000000e+00
6.195833333333332860e+00 0.000000000000000000e+00
6.196527777777777857e+00 0.000000000000000000e+00
6.197222222222221966e+00 0.000000000000000000e+00
6.197916666666666963e+00 0.000000000000000000e+00
6.198611111111111960e+00 0.000000000000000000e+00
6.199305555555555181e+00 0.000000000000000000e+00
6.200000000000000178e+00 0.000000000000000000e+00
6.200694444444444287e+00 0.000000000000000000e+00
6.201388888888889284e+00 0.000000000000000000e+00
6.202083333333333393e+00 0.000000000000000000e+00
6.202777777777778390e+00 0.000000000000000000e+00
6.203472222222221610e+00 0.000000000000000000e+00
6.204166666666666607e+00 0.000000000000000000e+00
6.204861111111110716e+00 0.000000000000000000e+00
6.205555555555555713e+00 0.000000000000000000e+00
6.206249999999999822e+00 0.000000000000000000e+00
6.206944444444444819e+00 0.000000000000000000e+00
6.207638888888888040e+00 0.000000000000000000e+00
6.208333333333333037e+00 0.000000000000000000e+00
6.209027777777778034e+00 0.000000000000000000e+00
6.209722222222222143e+00 0.000000000000000000e+00
6.210416666666667140e+00 0.000000000000000000e+00
6.211111111111111249e+00 0.000000000000000000e+00
6.211805555555556246e+00 0.000000000000000000e+00
6.212499999999999467e+00 0.000000000000000000e+00
6.213194444444444464e+00 0.000000000000000000e+00
6.213888888888888573e+00 0.000000000000000000e+00
6.214583333333333570e+00 0.000000000000000000e+00
6.215277777777777679e+00 0.000000000000000000e+00
6.215972222222222676e+00 0.000000000000000000e+00
6.216666666666665897e+00 0.000000000000000000e+00
6.217361111111110894e+00 0.000000000000000000e+00
6.218055555555555003e+00 0.000000000000000000e+00
6.218750000000000000e+00 0.000000000000000000e+00
6.219444444444444997e+00 0.000000000000000000e+00
6.220138888888889106e+00 0.000000000000000000e+00
6.220833333333334103e+00 0.000000000000000000e+00
6.221527777777777324e+00 0.000000000000000000e+00
6.222222222222222321e+00 0.000000000000000000e+00
6.222916666666666430e+00 0.000000000000000000e+00
6.223611111111111427e+00 0.000000000000000000e+00
6.224305555555555536e+00 0.000000000000000000e+00
6.225000000000000533e+00 0.000000000000000000e+00
6.225694444444443754e+00 0.000000000000000000e+00
6.226388888888888751e+00 0.000000000000000000e+00
6.227083333333332860e+00 0.000000000000000000e+00
6.227777777777777857e+00 0.000000000000000000e+00
6.228472222222221966e+00 0.000000000000000000e+00
6.229166666666666963e+00 0.000000000000000000e+00
6.229861111111111960e+00 0.000000000000000000e+00
6.230555555555555181e+00 0.000000000000000000e+00
6.231250000000000178e+00 0.000000000000000000e+00
6.231944444444444287e+00 0.000000000000000000e+00
6.232638888888889284e+00 0.000000000000000000e+00
6.233333333333333393e+00 0.000000000000000000e+00
6.234027777777778390e+00 0.000000000000000000e+00
6.234722222222221610e+00 0.000000000000000000e+00
6.235416666666666607e+00 0.000000000000000000e+00
6.236111111111110716e+00 0.000000000000000000e+00
6.236805555555555713e+00 0.000000000000000000e+00
6.237499999999999822e+00 0.000000000000000000e+00
6.238194444444444819e+00 0.000000000000000000e+00
6.238888888888888040e+00 0.000000000000000000e+00
6.239583333333333037e+00 0.000000000000000000e+00
6.240277777777778034e+00 0.000000000000000000e+00
6.240972222222222143e+00 0.000000000000000000e+00
6.241666666666667140e+00 0.000000000000000000e+00
6.242361111111111249e+00 0.000000000000000000e+00
6.243055555555556246e+00 0.000000000000000000e+00
6.243749999999999467e+00 2.879999999998038643e-02
6.244444444444444464e+00 5.760000000000985165e-02
6.245138888888888573e+00 8.639999999999024849e-02
6.245833333333333570e+00 1.152000000000197033e-01
6.246527777777777679e+00 1.440000000000000446e-01
6.247222222222222676e+00 1.524000000000056143e-01
6.247916666666665897e+00 1.607999999999972507e-01
6.248611111111110894e+00 1.692000000000027926e-01
6.249305555555555003e+00 1.775999999999942347e-01
6.250000000000000000e+00 1.860000000000001374e-01
6.250694444444444997e+00 1.942000000000057847e-01
6.251388888888889106e+00 2.023999999999970267e-01
6.252083333333334103e+00 2.106000000000028405e-01
6.252777777777777324e+00 2.187999999999943324e-01
6.253472222222222321e+00 2.269999999999998408e-01
6.254166666666666430e+00 2.345999999999950902e-01
6.254861111111111427e+00 2.422000000000023856e-01
6.255555555555555536e+00 2.497999999999975795e-01
6.256250000000000533e+00 2.574000000000050692e-01
6.256944444444443754e+00 2.649999999999999023e-01
6.257638888888888751e+00 2.724000000000051380e-01
6.258333333333332860e+00 2.797999999999973286e-01
6.259027777777777857e+00 2.872000000000028419e-01
6.259722222222221966e+00 2.945999999999948105e-01
6.260416666666666963e+00 3.020000000000002127e-01
6.261111111111111960e+00 2.831999999999874063e-01
6.261805555555555181e+00 2.644000000000064632e-01
6.262500000000000178e+00 2.455999999999936845e-01
6.263194444444444287e+00 2.268000000000127414e-01
6.263888888888889284e+00 2.079999999999998239e-01
6.264583333333333393e+00 1.976000000000069368e-01
6.265277777777778390e+00 1.871999999999962305e-01
6.265972222222221610e+00 1.768000000000035654e-01
6.266666666666666607e+00 1.663999999999927759e-01
6.267361111111110716e+00 1.560000000000001386e-01
6.268055555555555713e+00 2.042000000000326887e-01
6.268749999999999822e+00 2.523999999999834709e-01
6.269444444444444819e+00 3.006000000000165762e-01
6.270138888888888040e+00 3.487999999999668033e-01
6.270833333333333037e+00 3.969999999999998530e-01
6.271527777777778034e+00 4.018000000000037097e-01
6.272222222222222143e+00 4.065999999999980186e-01
6.272916666666667140e+00 4.114000000000018753e-01
6.273611111111111249e+00 4.161999999999967947e-01
6.274305555555556246e+00 4.209999999999998743e-01
6.274999999999999467e+00 4.261999999999961930e-01
6.275694444444444464e+00 4.314000000000019486e-01
6.276388888888888573e+00 4.365999999999987113e-01
6.277083333333333570e+00 4.418000000000034677e-01
6.277777777777777679e+00 4.469999999999995088e-01
6.278472222222222676e+00 4.518000000000036431e-01
6.279166666666665897e+00 4.565999999999980075e-01
6.279861111111110894e+00 4.614000000000016977e-01
6.280555555555555003e+00 4.661999999999972277e-01
6.281250000000000000e+00 4.709999999999995857e-01
6.281944444444444997e+00 4.752000000000025648e-01
6.282638888888889106e+00 4.793999999999989936e-01
6.283333333333334103e+00 4.836000000000017507e-01
6.284027777777777324e+00 4.877999999999970138e-01
6.284722222222222321e+00 4.919999999999996043e-01
6.285416666666666430e+00 4.961999999999967548e-01
6.286111111111111427e+00 5.004000000000019543e-01
6.286805555555555536e+00 5.045999999999982721e-01
6.287500000000000533e+00 5.088000000000029166e-01
6.288194444444443754e+00 5.130000000000002336e-01
6.288888888888888751e+00 5.170000000000031237e-01
6.289583333333332860e+00 5.209999999999986864e-01
6.290277777777777857e+00 5.250000000000013545e-01
6.290972222222221966e+00 5.289999999999973612e-01
6.291666666666666963e+00 5.329999999999998073e-01
6.292361111111111960e+00 5.368000000000026084e-01
6.293055555555555181e+00 5.405999999999983041e-01
6.293750000000000178e+00 5.444000000000016604e-01
6.294444444444444287e+00 5.481999999999972450e-01
6.295138888888889284e+00 5.520000000000001572e-01
6.295833333333333393e+00 5.553999999999975623e-01
6.296527777777778390e+00 5.588000000000014067e-01
6.297222222222221610e+00 5.621999999999989228e-01
6.297916666666666607e+00 5.656000000000027672e-01
6.298611111111110716e+00 5.690000000000005054e-01
6.299305555555555713e+00 5.724000000000026844e-01
6.299999999999999822e+00 5.757999999999987573e-01
6.300694444444444819e+00 5.792000000000012694e-01
6.301388888888888040e+00 5.825999999999974532e-01
6.302083333333333037e+00 5.859999999999999654e-01
6.302777777777778034e+00 5.892000000000026105e-01
6.303472222222222143e+00 5.923999999999985944e-01
6.304166666666667140e+00 5.956000000000009065e-01
6.304861111111111249e+00 5.987999999999976675e-01
6.305555555555556246e+00 6.019999999999995355e-01
6.306249999999999467e+00 6.047999999999984500e-01
6.306944444444444464e+00 6.076000000000010282e-01
6.307638888888888573e+00 6.103999999999991655e-01
6.308333333333333570e+00 6.132000000000022988e-01
6.309027777777777679e+00 6.159999999999995479e-01
6.309722222222222676e+00 6.188000000000014600e-01
6.310416666666665897e+00 6.215999999999994863e-01
6.311111111111110894e+00 6.244000000000016204e-01
6.311805555555555003e+00 6.271999999999975373e-01
6.312500000000000000e+00 6.299999999999996714e-01
6.313194444444444997e+00 6.312000000000013156e-01
6.313888888888889106e+00 6.323999999999992960e-01
6.314583333333334103e+00 6.336000000000002741e-01
6.315277777777777324e+00 6.347999999999996978e-01
6.315972222222222321e+00 6.359999999999996767e-01
6.316666666666666430e+00 6.379999999999985683e-01
6.317361111111111427e+00 6.400000000000002354e-01
6.318055555555555536e+00 6.419999999999997931e-01
6.318750000000000533e+00 6.440000000000016822e-01
6.319444444444443754e+00 6.459999999999999076e-01
6.320138888888888751e+00 6.484000000000017527e-01
6.320833333333332860e+00 6.507999999999988239e-01
6.321527777777777857e+00 6.532000000000002249e-01
6.322222222222221966e+00 6.555999999999988503e-01
6.322916666666666963e+00 6.579999999999999183e-01
6.323611111111111960e+00 6.604000000000013193e-01
6.324305555555555181e+00 6.627999999999996117e-01
6.325000000000000178e+00 6.652000000000014568e-01
6.325694444444444287e+00 6.675999999999979728e-01
6.326388888888889284e+00 6.699999999999999289e-01
6.327083333333333393e+00 6.721999999999982434e-01
6.327777777777778390e+00 6.744000000000004436e-01
6.328472222222221610e+00 6.765999999999997572e-01
6.329166666666666607e+00 6.788000000000020684e-01
6.329861111111110716e+00 6.809999999999992726e-01
6.330555555555555713e+00 6.830000000000014948e-01
6.331249999999999822e+00 6.849999999999989431e-01
6.331944444444444819e+00 6.870000000000004992e-01
6.332638888888888040e+00 6.889999999999981695e-01
6.333333333333333037e+00 6.909999999999996145e-01
6.334027777777778034e+00 6.930000000000017257e-01
6.334722222222222143e+00 6.949999999999986189e-01
6.335416666666667140e+00 6.970000000000009521e-01
6.336111111111111249e+00 6.989999999999981783e-01
6.336805555555556246e+00 7.009999999999998455e-01
6.337499999999999467e+00 7.027999999999982039e-01
6.338194444444444464e+00 7.046000000000001151e-01
6.338888888888888573e+00 7.063999999999994728e-01
6.339583333333333570e+00 7.082000000000004958e-01
6.340277777777777679e+00 7.100000000000005196e-01
6.340972222222222676e+00 7.118000000000006544e-01
6.341666666666665897e+00 7.136000000000001231e-01
6.342361111111110894e+00 7.154000000000002579e-01
6.343055555555555003e+00 7.171999999999996156e-01
6.343750000000000000e+00 7.189999999999991953e-01
6.344444444444444997e+00 7.202000000000015056e-01
6.345138888888889106e+00 7.213999999999998192e-01
6.345833333333334103e+00 7.225999999999999091e-01
6.346527777777777324e+00 7.237999999999996659e-01
6.347222222222222321e+00 7.249999999999998668e-01
6.347916666666666430e+00 7.265999999999984693e-01
6.348611111111111427e+00 7.282000000000005135e-01
6.349305555555555536e+00 7.297999999999988940e-01
6.350000000000000533e+00 7.314000000000010493e-01
6.350694444444443754e+00 7.329999999999994298e-01
6.351388888888888751e+00 7.346000000000013630e-01
6.352083333333332860e+00 7.361999999999986333e-01
6.352777777777777857e+00 7.378000000000011216e-01
6.353472222222221966e+00 7.393999999999987249e-01
6.354166666666666963e+00 7.410000000000005471e-01
6.354861111111111960e+00 6.089999999999105018e-01
6.355555555555555181e+00 4.770000000000445550e-01
6.356250000000000178e+00 3.449999999999547318e-01
6.356944444444444287e+00 2.130000000000902560e-01
6.357638888888889284e+00 8.100000000000007194e-02
6.358333333333333393e+00 7.580000000000360061e-02
6.359027777777778390e+00 7.059999999999826137e-02
6.359722222222221610e+00 6.540000000000177616e-02
6.360416666666666607e+00 6.019999999999649937e-02
6.361111111111110716e+00 5.499999999999996558e-02
6.361805555555555713e+00 4.559999999999354153e-02
6.362499999999999822e+00 3.620000000000321572e-02
6.363194444444444819e+00 2.679999999999677779e-02
6.363888888888888040e+00 1.740000000000640340e-02
6.364583333333333037e+00 7.999999999999998432e-03
6.365277777777778034e+00 1.260000000000313820e-02
6.365972222222222143e+00 1.719999999999842141e-02
6.366666666666667140e+00 2.180000000000156812e-02
6.367361111111111249e+00 2.639999999999686001e-02
6.368055555555556246e+00 3.100000000000001713e-02
6.368749999999999467e+00 4.839999999998816083e-02
6.369444444444444464e+00 6.580000000000597871e-02
6.370138888888888573e+00 8.319999999999401485e-02
6.370833333333333570e+00 1.006000000000118466e-01
6.371527777777777679e+00 1.180000000000001187e-01
6.372222222222222676e+00 1.061999999999920646e-01
6.372916666666665897e+00 9.440000000000411950e-02
6.373611111111110894e+00 8.259999999999600995e-02
6.374305555555555003e+00 7.080000000000802318e-02
6.375000000000000000e+00 5.900000000000005934e-02
6.375694444444444997e+00 5.059999999999430925e-02
6.376388888888889106e+00 4.220000000000287410e-02
6.377083333333334103e+00 3.379999999999713789e-02
6.377777777777777324e+00 2.540000000000570621e-02
6.378472222222222321e+00 1.699999999999999775e-02
6.379166666666666430e+00 1.713999999998948864e-01
6.379861111111111427e+00 3.258000000000524365e-01
6.380555555555555536e+00 4.801999999999471691e-01
6.381250000000000533e+00 6.346000000001048580e-01
6.381944444444443754e+00 7.890000000000008118e-01
6.382638888888888751e+00 6.519999999999069873e-01
6.383333333333332860e+00 5.150000000000468647e-01
6.384027777777777857e+00 3.779999999999532623e-01
6.384722222222221966e+00 2.410000000000935561e-01
6.385416666666666963e+00 1.039999999999999120e-01
6.386111111111111960e+00 2.430000000000949734e-01
6.386805555555555181e+00 3.819999999999523776e-01
6.387500000000000178e+00 5.210000000000472031e-01
6.388194444444444287e+00 6.599999999999056621e-01
6.388888888888889284e+00 7.990000000000005986e-01
6.389583333333333393e+00 6.690000000000879687e-01
6.390277777777778390e+00 5.389999999999557367e-01
6.390972222222221610e+00 4.090000000000446612e-01
6.391666666666666607e+00 2.789999999999113189e-01
6.392361111111110716e+00 1.489999999999999658e-01
6.393055555555555713e+00 1.411999999999947464e-01
6.393749999999999822e+00 1.334000000000026276e-01
6.394444444444444819e+00 1.255999999999973804e-01
6.395138888888888040e+00 1.178000000000052061e-01
6.395833333333333037e+00 1.099999999999999312e-01
6.396527777777778034e+00 1.011999999999940031e-01
6.397222222222222143e+00 9.240000000000299363e-02
6.397916666666667140e+00 8.359999999999707943e-02
6.398611111111111249e+00 7.480000000000605609e-02
6.399305555555556246e+00 6.600000000000000311e-02
6.399999999999999467e+00 7.059999999999688747e-02
6.400694444444444464e+00 7.520000000000164053e-02
6.401388888888888573e+00 7.979999999999838611e-02
6.402083333333333570e+00 8.440000000000312530e-02
6.402777777777777679e+00 8.899999999999991251e-02
6.403472222222222676e+00 9.680000000000528459e-02
6.404166666666665897e+00 1.045999999999973201e-01
6.404861111111110894e+00 1.124000000000026089e-01
6.405555555555555003e+00 1.201999999999947416e-01
6.406250000000000000e+00 1.279999999999999749e-01
6.406944444444444997e+00 1.334000000000036268e-01
6.407638888888889106e+00 1.387999999999982026e-01
6.408333333333334103e+00 1.442000000000019100e-01
6.409027777777777324e+00 1.495999999999962915e-01
6.409722222222222321e+00 1.549999999999999156e-01
6.410416666666666430e+00 1.548000000000000487e-01
6.411111111111111427e+00 1.545999999999999597e-01
6.411805555555555536e+00 1.544000000000002037e-01
6.412500000000000533e+00 1.541999999999998372e-01
6.413194444444443754e+00 1.539999999999998870e-01
6.413888888888888751e+00 1.457999999999943508e-01
6.414583333333332860e+00 1.376000000000028312e-01
6.415277777777777857e+00 1.293999999999972395e-01
6.415972222222221966e+00 1.212000000000056227e-01
6.416666666666666963e+00 1.129999999999999477e-01
6.417361111111111960e+00 1.015999999999921410e-01
6.418055555555555181e+00 9.020000000000397145e-02
6.418750000000000178e+00 7.879999999999617866e-02
6.419444444444444287e+00 6.740000000000775926e-02
6.420138888888889284e+00 5.600000000000004974e-02
6.420833333333333393e+00 6.719999999999229368e-02
6.421527777777778390e+00 7.840000000000375835e-02
6.422222222222221610e+00 8.959999999999615494e-02
6.422916666666666607e+00 1.008000000000076474e-01
6.423611111111110716e+00 1.120000000000000995e-01
6.424305555555555713e+00 1.140000000000014752e-01
6.424999999999999822e+00 1.159999999999992565e-01
6.425694444444444819e+00 1.180000000000005766e-01
6.426388888888888040e+00 1.199999999999985661e-01
6.427083333333333037e+00 1.219999999999999557e-01
6.427777777777778034e+00 1.612000000000266553e-01
6.428472222222222143e+00 2.003999999999866444e-01
6.429166666666667140e+00 2.396000000000132468e-01
6.429861111111111249e+00 2.787999999999732914e-01
6.430555555555556246e+00 3.179999999999998384e-01
6.431249999999999467e+00 2.574000000000414290e-01
6.431944444444444464e+00 1.967999999999791860e-01
6.432638888888888573e+00 1.362000000000206379e-01
6.433333333333333570e+00 7.559999999995871411e-02
6.434027777777777679e+00 1.499999999999999077e-02
6.434722222222222676e+00 1.580000000000053237e-02
6.435416666666665897e+00 1.659999999999972262e-02
6.436111111111110894e+00 1.740000000000026942e-02
6.436805555555555003e+00 1.819999999999945273e-02
6.437500000000000000e+00 1.900000000000000300e-02
6.438194444444444997e+00 1.920000000000012669e-02
6.438888888888889106e+00 1.939999999999992425e-02
6.439583333333334103e+00 1.960000000000008263e-02
6.440277777777777324e+00 1.979999999999987326e-02
6.440972222222222321e+00 1.999999999999998654e-02
6.441666666666666430e+00 2.039999999999972738e-02
6.442361111111111427e+00 2.080000000000011701e-02
6.443055555555555536e+00 2.119999999999987172e-02
6.443750000000000533e+00 2.160000000000025441e-02
6.444444444444443754e+00 2.200000000000000566e-02
6.445138888888888751e+00 4.640000000001669178e-02
6.445833333333332860e+00 7.079999999999168903e-02
6.446527777777777857e+00 9.520000000000838902e-02
6.447222222222221966e+00 1.195999999999834834e-01
6.447916666666666963e+00 1.440000000000000446e-01
6.448611111111111960e+00 1.237999999999861850e-01
6.449305555555555181e+00 1.036000000000069921e-01
6.450000000000000178e+00 8.339999999999318792e-02
6.450694444444444287e+00 6.320000000001374518e-02
6.451388888888889284e+00 4.299999999999996186e-02
6.452083333333333393e+00 4.679999999999740617e-02
6.452777777777778390e+00 5.060000000000127590e-02
6.453472222222221610e+00 5.439999999999873409e-02
6.454166666666666607e+00 5.820000000000258994e-02
6.454861111111110716e+00 6.200000000000003425e-02
6.455555555555555713e+00 9.080000000001961502e-02
6.456249999999999822e+00 1.195999999999900754e-01
6.456944444444444819e+00 1.484000000000097741e-01
6.457638888888888040e+00 1.771999999999803455e-01
6.458333333333333037e+00 2.060000000000001552e-01
6.459027777777778034e+00 2.198000000000092380e-01
6.459722222222222143e+00 2.335999999999955334e-01
6.460416666666667140e+00 2.474000000000045607e-01
6.461111111111111249e+00 2.611999999999908839e-01
6.461805555555556246e+00 2.749999999999998002e-01
6.462499999999999467e+00 2.799999999999964184e-01
6.463194444444444464e+00 2.850000000000015854e-01
6.463888888888888573e+00 2.899999999999982592e-01
6.464583333333333570e+00 2.950000000000034261e-01
6.465277777777777679e+00 3.000000000000002109e-01
6.465972222222222676e+00 4.128000000000769942e-01
6.466666666666665897e+00 5.255999999999614314e-01
6.467361111111110894e+00 6.384000000000381592e-01
6.468055555555555003e+00 7.511999999999233735e-01
6.468750000000000000e+00 8.639999999999997682e-01
6.469444444444444997e+00 7.043999999998906691e-01
6.470138888888889106e+00 5.448000000000543519e-01
6.470833333333334103e+00 3.851999999999453639e-01
6.471527777777777324e+00 2.256000000001086581e-01
6.472222222222222321e+00 6.600000000000000311e-02
6.472916666666666430e+00 2.257999999998908658e-01
6.473611111111111427e+00 3.856000000000541217e-01
6.474305555555555536e+00 5.453999999999454840e-01
6.475000000000000533e+00 7.052000000001084068e-01
6.475694444444443754e+00 8.650000000000009903e-01
6.476388888888888751e+00 7.215999999999017644e-01
6.477083333333332860e+00 5.782000000000484530e-01
6.477777777777777857e+00 4.347999999999511145e-01
6.478472222222221966e+00 2.914000000000980251e-01
6.479166666666666963e+00 1.479999999999999094e-01
6.479861111111111960e+00 2.908000000000972585e-01
6.480555555555555181e+00 4.335999999999515242e-01
6.481250000000000178e+00 5.764000000000487622e-01
6.481944444444444287e+00 7.191999999999031390e-01
6.482638888888889284e+00 8.620000000000003215e-01
6.483333333333333393e+00 8.622000000000000774e-01
6.484027777777778390e+00 8.624000000000000554e-01
6.484722222222221610e+00 8.625999999999997003e-01
6.485416666666666607e+00 8.627999999999994563e-01
6.486111111111110716e+00 8.629999999999992122e-01
6.486805555555555713e+00 7.205999999999023187e-01
6.487499999999999822e+00 5.782000000000483420e-01
6.488194444444444819e+00 4.357999999999510599e-01
6.488888888888888040e+00 2.934000000000973607e-01
6.489583333333333037e+00 1.510000000000001064e-01
6.490277777777778034e+00 1.632000000000083662e-01
6.490972222222222143e+00 1.753999999999956150e-01
6.491666666666667140e+00 1.876000000000039858e-01
6.492361111111111249e+00 1.997999999999918730e-01
6.493055555555556246e+00 2.120000000000001605e-01
6.493749999999999467e+00 2.072000000000034370e-01
6.494444444444444464e+00 2.023999999999984700e-01
6.495138888888888573e+00 1.976000000000017742e-01
6.495833333333333570e+00 1.927999999999967518e-01
6.496527777777777679e+00 1.880000000000000837e-01
6.497222222222222676e+00 2.022000000000096775e-01
6.497916666666665897e+00 2.163999999999953738e-01
6.498611111111110894e+00 2.306000000000050787e-01
6.499305555555555003e+00 2.447999999999901366e-01
6.500000000000000000e+00 2.590000000000000635e-01
6.500694444444444997e+00 3.804000000000827830e-01
6.501388888888889106e+00 5.017999999999583904e-01
6.502083333333334103e+00 6.232000000000409434e-01
6.502777777777777324e+00 7.445999999999174390e-01
6.503472222222222321e+00 8.659999999999997700e-01
6.504166666666666430e+00 7.376000000000874079e-01
6.504861111111111427e+00 6.091999999999557769e-01
6.505555555555555536e+00 4.808000000000434704e-01
6.506250000000000533e+00 3.523999999999121169e-01
6.506944444444443754e+00 2.240000000000001990e-01
6.507638888888888751e+00 2.282000000000028728e-01
6.508333333333332860e+00 2.323999999999986354e-01
6.509027777777777857e+00 2.366000000000012815e-01
6.509722222222221966e+00 2.407999999999971275e-01
6.510416666666666963e+00 2.449999999999999123e-01
6.511111111111111960e+00 2.149999999999797906e-01
6.511805555555555181e+00 1.850000000000100453e-01
6.512500000000000178e+00 1.549999999999898681e-01
6.513194444444444287e+00 1.250000000000203726e-01
6.513888888888889284e+00 9.499999999999990397e-02
6.514583333333333393e+00 1.151999999999861329e-01
6.515277777777778390e+00 1.354000000000069870e-01
6.515972222222221610e+00 1.555999999999931882e-01
6.516666666666666607e+00 1.758000000000135565e-01
6.517361111111110716e+00 1.959999999999998410e-01
6.518055555555555713e+00 3.296000000000909314e-01
6.518749999999999822e+00 4.631999999999547590e-01
6.519444444444444819e+00 5.968000000000454053e-01
6.520138888888888040e+00 7.303999999999095660e-01
6.520833333333333037e+00 8.639999999999997682e-01
6.521527777777778034e+00 7.281999999999073658e-01
6.522222222222222143e+00 5.924000000000466670e-01
6.522916666666667140e+00 4.565999999999540426e-01
6.523611111111111249e+00 3.208000000000928442e-01
6.524305555555556246e+00 1.849999999999998312e-01
6.524999999999999467e+00 1.780000000000047100e-01
6.525694444444444464e+00 1.709999999999976816e-01
6.526388888888888573e+00 1.640000000000023106e-01
6.527083333333333570e+00 1.569999999999951990e-01
6.527777777777777679e+00 1.500000000000001055e-01
6.528472222222222676e+00 2.916000000000967818e-01
6.529166666666665897e+00 4.331999999999521789e-01
6.529861111111110894e+00 5.748000000000482723e-01
6.530555555555555003e+00 7.163999999999031143e-01
6.531250000000000000e+00 8.580000000000009841e-01
6.531944444444444997e+00 8.580000000000009841e-01
6.532638888888889106e+00 8.580000000000009841e-01
6.533333333333334103e+00 8.580000000000010951e-01
6.534027777777777324e+00 8.580000000000009841e-01
6.534722222222222321e+00 8.580000000000009841e-01
6.535416666666666430e+00 7.100000000001016609e-01
6.536111111111111427e+00 5.619999999999499840e-01
6.536805555555555536e+00 4.140000000000504388e-01
6.537500000000000533e+00 2.659999999998991504e-01
6.538194444444443754e+00 1.180000000000001187e-01
6.538888888888888751e+00 2.656000000001007000e-01
6.539583333333332860e+00 4.131999999999502182e-01
6.540277777777777857e+00 5.608000000000499252e-01
6.540972222222221966e+00 7.083999999998984443e-01
6.541666666666666963e+00 8.559999999999994280e-01
6.542361111111111960e+00 8.557999999999995611e-01
6.543055555555555181e+00 8.556000000000000272e-01
6.543750000000000178e+00 8.553999999999998272e-01
6.544444444444444287e+00 8.552000000000002933e-01
6.545138888888889284e+00 8.550000000000005373e-01
6.545833333333333393e+00 6.984000000001070463e-01
6.546527777777778390e+00 5.417999999999465466e-01
6.547222222222221610e+00 3.852000000000536106e-01
6.547916666666666607e+00 2.285999999998931942e-01
6.548611111111110716e+00 7.200000000000002232e-02
6.549305555555555713e+00 8.100000000000609490e-02
6.549999999999999822e+00 8.999999999999701294e-02
6.550694444444444819e+00 9.900000000000303002e-02
6.551388888888888040e+00 1.079999999999939619e-01
6.552083333333333037e+00 1.169999999999998958e-01
6.552777777777778034e+00 1.182000000000008183e-01
6.553472222222222143e+00 1.193999999999997147e-01
6.554166666666667140e+00 1.206000000000003042e-01
6.554861111111111249e+00 1.217999999999992561e-01
6.555555555555556246e+00 1.229999999999999011e-01
6.556249999999999467e+00 1.194000000000023515e-01
6.556944444444444464e+00 1.157999999999987373e-01
6.557638888888888573e+00 1.122000000000011599e-01
6.558333333333333570e+00 1.085999999999975874e-01
6.559027777777777679e+00 1.049999999999999545e-01
6.559722222222222676e+00 2.538000000001016110e-01
6.560416666666665897e+00 4.025999999999488321e-01
6.561111111111110894e+00 5.514000000000508495e-01
6.561805555555555003e+00 7.001999999998990143e-01
6.562500000000000000e+00 8.489999999999995328e-01
6.563194444444444997e+00 8.482000000000001760e-01
6.563888888888889106e+00 8.474000000000012633e-01
6.564583333333334103e+00 8.465999999999992420e-01
6.565277777777777324e+00 8.457999999999997742e-01
6.565972222222222321e+00 8.449999999999999734e-01
6.566666666666666430e+00 7.174000000000867461e-01
6.567361111111111427e+00 5.897999999999563592e-01
6.568055555555555536e+00 4.622000000000430209e-01
6.568750000000000533e+00 3.345999999999126340e-01
6.569444444444443754e+00 2.069999999999999618e-01
6.570138888888888751e+00 1.747999999999779452e-01
6.570833333333332860e+00 1.426000000000108847e-01
6.571527777777777857e+00 1.103999999999891179e-01
6.572222222222221966e+00 7.820000000002200191e-02
6.572916666666666963e+00 4.599999999999995759e-02
6.573611111111111960e+00 8.360000000002563991e-02
6.574305555555555181e+00 1.211999999999871236e-01
6.575000000000000178e+00 1.588000000000128753e-01
6.575694444444444287e+00 1.963999999999743729e-01
6.576388888888889284e+00 2.339999999999997915e-01
6.577083333333333393e+00 2.154000000000128867e-01
6.577777777777778390e+00 1.967999999999935634e-01
6.578472222222221610e+00 1.782000000000063256e-01
6.579166666666666607e+00 1.595999999999873908e-01
6.579861111111110716e+00 1.409999999999998754e-01
6.580555555555555713e+00 2.798000000000945287e-01
6.581249999999999822e+00 4.185999999999523991e-01
6.581944444444444819e+00 5.574000000000477462e-01
6.582638888888888040e+00 6.961999999999050059e-01
6.583333333333333037e+00 8.349999999999998535e-01
6.584027777777778034e+00 7.043999999999107642e-01
6.584722222222222143e+00 5.738000000000443857e-01
6.585416666666667140e+00 4.431999999999551854e-01
6.586111111111111249e+00 3.126000000000890289e-01
6.586805555555556246e+00 1.820000000000000506e-01
6.587499999999999467e+00 1.686000000000092702e-01
6.588194444444444464e+00 1.551999999999955082e-01
6.588888888888888573e+00 1.418000000000045335e-01
6.589583333333333570e+00 1.283999999999907715e-01
6.590277777777777679e+00 1.150000000000001160e-01
6.590972222222222676e+00 1.554000000000275716e-01
6.591666666666665897e+00 1.957999999999860963e-01
6.592361111111110894e+00 2.362000000000138433e-01
6.593055555555555003e+00 2.765999999999723125e-01
6.593750000000000000e+00 3.170000000000000595e-01
6.594444444444444997e+00 4.188000000000690060e-01
6.595138888888889106e+00 5.205999999999653127e-01
6.595833333333334103e+00 6.224000000000342592e-01
6.596527777777777324e+00 7.241999999999308990e-01
6.597222222222222321e+00 8.259999999999994014e-01
6.597916666666666430e+00 8.253999999999996895e-01
6.598611111111111427e+00 8.247999999999996446e-01
6.599305555555555536e+00 8.242000000000003768e-01
6.600000000000000533e+00 8.236000000000003318e-01
6.600694444444443754e+00 8.230000000000002869e-01
6.601388888888888751e+00 8.223999999999989097e-01
6.602083333333332860e+00 8.217999999999994198e-01
6.602777777777777857e+00 8.211999999999998190e-01
6.603472222222221966e+00 8.206000000000007732e-01
6.604166666666666963e+00 8.200000000000008393e-01
6.604861111111111960e+00 6.753999999999016346e-01
6.605555555555555181e+00 5.308000000000494545e-01
6.606250000000000178e+00 3.861999999999504718e-01
6.606944444444444287e+00 2.416000000000985970e-01
6.607638888888889284e+00 9.700000000000004452e-02
6.608333333333333393e+00 2.395999999999028351e-01
6.609027777777778390e+00 3.822000000000485564e-01
6.609722222222221610e+00 5.247999999999515275e-01
6.610416666666666607e+00 6.674000000000976929e-01
6.611111111111110716e+00 8.100000000000008304e-01
6.611805555555555713e+00 6.761999999999086519e-01
6.612499999999999822e+00 5.424000000000455124e-01
6.613194444444444819e+00 4.085999999999543886e-01
6.613888888888888040e+00 2.748000000000913601e-01
6.614583333333333037e+00 1.409999999999998754e-01
6.615277777777778034e+00 2.732000000000901485e-01
6.615972222222222143e+00 4.053999999999545745e-01
6.616666666666667140e+00 5.376000000000455969e-01
6.617361111111111249e+00 6.697999999999094678e-01
6.618055555555556246e+00 8.019999999999993801e-01
6.618749999999999467e+00 8.011999999999995792e-01
6.619444444444444464e+00 8.003999999999998893e-01
6.620138888888888573e+00 7.996000000000011987e-01
6.620833333333333570e+00 7.987999999999987333e-01
6.621527777777777679e+00 7.979999999999990434e-01
6.622222222222222676e+00 6.459999999998967679e-01
6.622916666666665897e+00 4.940000000000521196e-01
6.623611111111110894e+00 3.419999999999484563e-01
6.624305555555555003e+00 1.900000000001034750e-01
6.625000000000000000e+00 3.800000000000000600e-02
6.625694444444444997e+00 5.000000000000813516e-02
6.626388888888889106e+00 6.199999999999591949e-02
6.627083333333334103e+00 7.400000000000403477e-02
6.627777777777777324e+00 8.599999999999180522e-02
6.628472222222222321e+00 9.799999999999992051e-02
6.629166666666666430e+00 2.353999999999065174e-01
6.629861111111111427e+00 3.728000000000467051e-01
6.630555555555555536e+00 5.101999999999532465e-01
6.631250000000000533e+00 6.476000000000941004e-01
6.631944444444443754e+00 7.849999999999999201e-01
6.632638888888888751e+00 7.841999999999987869e-01
6.633333333333332860e+00 7.834000000000002073e-01
6.634027777777777857e+00 7.826000000000005175e-01
6.634722222222221966e+00 7.818000000000014937e-01
6.635416666666666963e+00 7.809999999999992504e-01
6.636111111111111960e+00 6.787999999999297929e-01
6.636805555555555181e+00 5.766000000000350845e-01
6.637500000000000178e+00 4.743999999999652939e-01
6.638194444444444287e+00 3.722000000000694198e-01
6.638888888888889284e+00 2.699999999999997957e-01
6.639583333333333393e+00 3.701999999999314173e-01
6.640277777777778390e+00 4.704000000000341797e-01
6.640972222222221610e+00 5.705999999999656902e-01
6.641666666666666607e+00 6.708000000000678975e-01
6.642361111111110716e+00 7.709999999999994635e-01
6.643055555555555713e+00 7.697999999999992626e-01
6.643749999999999822e+00 7.686000000000010601e-01
6.644444444444444819e+00 7.673999999999990829e-01
6.645138888888888040e+00 7.662000000000005473e-01
6.645833333333333037e+00 7.650000000000007905e-01
6.646527777777778034e+00 7.625999999999988344e-01
6.647222222222222143e+00 7.602000000000000979e-01
6.647916666666667140e+00 7.577999999999991410e-01
6.648611111111111249e+00 7.554000000000015147e-01
6.649305555555556246e+00 7.529999999999994476e-01
6.649999999999999467e+00 7.518000000000011340e-01
6.650694444444444464e+00 7.505999999999991568e-01
6.651388888888888573e+00 7.493999999999997330e-01
6.652083333333333570e+00 7.481999999999998652e-01
6.652777777777777679e+00 7.469999999999995532e-01
6.653472222222222676e+00 7.457999999999992413e-01
6.654166666666665897e+00 7.446000000000009278e-01
6.654861111111110894e+00 7.433999999999990616e-01
6.655555555555555003e+00 7.422000000000005260e-01
6.656250000000000000e+00 7.410000000000005471e-01
6.656944444444444997e+00 5.991999999999033655e-01
6.657638888888889106e+00 4.574000000000487676e-01
6.658333333333334103e+00 3.155999999999514194e-01
6.659027777777777324e+00 1.738000000000965994e-01
6.659722222222222321e+00 3.199999999999999373e-02
6.660416666666666430e+00 6.379999999997830462e-02
6.661111111111111427e+00 9.560000000001088460e-02
6.661805555555555536e+00 1.273999999999890775e-01
6.662500000000000533e+00 1.592000000000217685e-01
6.663194444444443754e+00 1.909999999999998366e-01
6.663888888888888751e+00 1.855999999999961569e-01
6.664583333333332860e+00 1.802000000000019975e-01
6.665277777777777857e+00 1.747999999999983178e-01
6.665972222222221966e+00 1.694000000000037143e-01
6.666666666666666963e+00 1.640000000000000624e-01
6.667361111111111960e+00 2.738000000000747058e-01
6.668055555555555181e+00 3.835999999999623045e-01
6.668750000000000178e+00 4.934000000000373087e-01
6.669444444444444287e+00 6.031999999999254625e-01
6.670138888888889284e+00 7.129999999999998561e-01
6.670833333333333393e+00 6.032000000000748985e-01
6.671527777777778390e+00 4.933999999999622021e-01
6.672222222222221610e+00 3.836000000000370780e-01
6.672916666666666607e+00 2.737999999999252143e-01
6.673611111111110716e+00 1.640000000000000624e-01
6.674305555555555713e+00 2.704000000000726933e-01
6.674999999999999822e+00 3.767999999999640526e-01
6.675694444444444819e+00 4.832000000000364892e-01
6.676388888888888040e+00 5.895999999999274044e-01
6.677083333333333037e+00 6.960000000000003961e-01
6.677777777777778034e+00 6.943999999999987960e-01
6.678472222222222143e+00 6.928000000000011926e-01
6.679166666666667140e+00 6.911999999999990374e-01
6.679861111111111249e+00 6.896000000000015451e-01
6.680555555555556246e+00 6.879999999999993898e-01
6.681249999999999467e+00 6.864000000000013424e-01
6.681944444444444464e+00 6.847999999999988541e-01
6.682638888888888573e+00 6.832000000000006956e-01
6.683333333333333570e+00 6.815999999999983183e-01
6.684027777777777679e+00 6.800000000000003819e-01
6.684722222222222676e+00 6.781999999999982487e-01
6.685416666666665897e+00 6.764000000000007784e-01
6.686111111111110894e+00 6.745999999999989782e-01
6.686805555555555003e+00 6.728000000000012859e-01
6.687500000000000000e+00 6.709999999999994857e-01
6.688194444444444997e+00 6.669999999999977058e-01
6.688888888888889106e+00 6.630000000000009219e-01
6.689583333333334103e+00 6.589999999999991420e-01
6.690277777777777324e+00 6.550000000000028022e-01
6.690972222222222321e+00 6.509999999999996900e-01
6.691666666666666430e+00 6.488000000000014866e-01
6.692361111111111427e+00 6.465999999999988423e-01
6.693055555555555536e+00 6.444000000000011941e-01
6.693750000000000533e+00 6.421999999999987718e-01
6.694444444444443754e+00 6.399999999999995692e-01
6.695138888888888751e+00 6.377999999999983682e-01
6.695833333333332860e+00 6.356000000000004979e-01
6.696527777777777857e+00 6.333999999999989639e-01
6.697222222222221966e+00 6.312000000000018707e-01
6.697916666666666963e+00 6.289999999999997815e-01
6.698611111111111960e+00 6.267999999999980254e-01
6.699305555555555181e+00 6.246000000000011543e-01
6.700000000000000178e+00 6.223999999999989541e-01
6.700694444444444287e+00 6.202000000000019719e-01
6.701388888888889284e+00 6.180000000000003268e-01
6.702083333333333393e+00 6.154000000000013904e-01
6.702777777777778390e+00 6.127999999999984571e-01
6.703472222222221610e+00 6.102000000000011859e-01
6.704166666666666607e+00 6.075999999999986967e-01
6.704861111111110716e+00 6.049999999999997602e-01
6.705555555555555713e+00 6.025999999999979151e-01
6.706249999999999822e+00 6.002000000000011770e-01
6.706944444444444819e+00 5.977999999999996650e-01
6.707638888888888040e+00 5.954000000000014836e-01
6.708333333333333037e+00 5.930000000000004157e-01
6.709027777777778034e+00 5.901999999999980595e-01
6.709722222222222143e+00 5.874000000000009214e-01
6.710416666666667140e+00 5.845999999999987873e-01
6.711111111111111249e+00 5.818000000000018712e-01
6.711805555555556246e+00 5.789999999999998481e-01
6.712499999999999467e+00 5.762000000000021549e-01
6.713194444444444464e+00 5.733999999999993546e-01
6.713888888888888573e+00 5.706000000000004402e-01
6.714583333333333570e+00 5.677999999999977510e-01
6.715277777777777679e+00 5.649999999999998357e-01
6.715972222222222676e+00 5.619999999999978346e-01
6.716666666666665897e+00 5.590000000000016067e-01
6.717361111111110894e+00 5.559999999999990505e-01
6.718055555555555003e+00 5.530000000000016014e-01
6.718750000000000000e+00 5.499999999999996003e-01
6.719444444444444997e+00 5.467999999999982874e-01
6.720138888888889106e+00 5.436000000000009713e-01
6.720833333333334103e+00 5.403999999999987702e-01
6.721527777777777324e+00 5.372000000000023423e-01
6.722222222222222321e+00 5.340000000000001412e-01
6.722916666666666430e+00 5.306000000000022920e-01
6.723611111111111427e+00 5.271999999999988917e-01
6.724305555555555536e+00 5.238000000000010425e-01
6.725000000000000533e+00 5.203999999999971982e-01
6.725694444444443754e+00 5.170000000000001261e-01
6.726388888888888751e+00 5.133999999999974140e-01
6.727083333333332860e+00 5.098000000000012522e-01
6.727777777777777857e+00 5.061999999999984290e-01
6.728472222222221966e+00 5.026000000000022672e-01
6.729166666666666963e+00 4.989999999999996660e-01
6.729861111111111960e+00 4.953999999999980086e-01
6.730555555555555181e+00 4.918000000000015692e-01
6.731250000000000178e+00 4.881999999999990236e-01
6.731944444444444287e+00 4.846000000000029173e-01
6.732638888888889284e+00 4.809999999999999276e-01
6.733333333333333393e+00 4.770000000000023666e-01
6.734027777777778390e+00 4.729999999999986438e-01
6.734722222222221610e+00 4.690000000000009162e-01
6.735416666666666607e+00 4.649999999999971934e-01
6.736111111111110716e+00 4.609999999999996323e-01
6.736805555555555713e+00 4.567999999999968752e-01
6.737499999999999822e+00 4.526000000000017232e-01
6.738194444444444819e+00 4.483999999999990771e-01
6.738888888888888040e+00 4.442000000000025928e-01
6.739583333333333037e+00 4.399999999999997247e-01
6.740277777777778034e+00 4.355999999999972117e-01
6.740972222222222143e+00 4.312000000000011379e-01
6.741666666666667140e+00 4.267999999999982919e-01
6.742361111111111249e+00 4.224000000000032173e-01
6.743055555555556246e+00 4.179999999999996496e-01
6.743749999999999467e+00 4.132000000000028428e-01
6.744444444444444464e+00 4.083999999999979869e-01
6.745138888888888573e+00 4.036000000000013466e-01
6.745833333333333570e+00 3.987999999999962686e-01
6.746527777777777679e+00 3.939999999999996838e-01
6.747222222222222676e+00 3.877999999999962033e-01
6.747916666666665897e+00 3.816000000000025483e-01
6.748611111111110894e+00 3.753999999999978465e-01
6.749305555555555003e+00 3.692000000000043025e-01
6.750000000000000000e+00 3.629999999999997673e-01
6.750694444444444997e+00 3.577999999999962322e-01
6.751388888888889106e+00 3.526000000000020229e-01
6.752083333333334103e+00 3.473999999999984878e-01
6.752777777777777324e+00 3.422000000000034459e-01
6.753472222222222321e+00 3.369999999999997997e-01
6.754166666666666430e+00 3.310000000000042908e-01
6.754861111111111427e+00 3.249999999999982347e-01
6.755555555555555536e+00 3.190000000000018376e-01
6.756250000000000533e+00 3.129999999999956151e-01
6.756944444444443754e+00 3.070000000000002172e-01
6.757638888888888751e+00 3.011999999999959154e-01
6.758333333333332860e+00 2.954000000000019943e-01
6.759027777777777857e+00 2.895999999999978591e-01
6.759722222222221966e+00 2.838000000000038270e-01
6.760416666666666963e+00 2.780000000000001914e-01
6.761111111111111960e+00 2.715999999999954562e-01
6.761805555555555181e+00 2.652000000000024338e-01
6.762500000000000178e+00 2.587999999999977541e-01
6.763194444444444287e+00 2.524000000000044541e-01
6.763888888888889284e+00 2.459999999999998022e-01
6.764583333333333393e+00 2.396000000000043373e-01
6.765277777777778390e+00 2.331999999999976869e-01
6.765972222222221610e+00 2.268000000000020833e-01
6.766666666666666607e+00 2.203999999999955994e-01
6.767361111111110716e+00 2.139999999999998570e-01
6.768055555555555713e+00 2.071999999999953324e-01
6.768749999999999822e+00 2.004000000000021597e-01
6.769444444444444819e+00 1.935999999999975241e-01
6.770138888888888040e+00 1.868000000000048511e-01
6.770833333333333037e+00 1.800000000000001044e-01
6.771527777777778034e+00 1.729999999999950744e-01
6.772222222222222143e+00 1.660000000000022846e-01
6.772916666666667140e+00 1.589999999999976155e-01
6.773611111111111249e+00 1.520000000000046314e-01
6.774305555555556246e+00 1.450000000000000733e-01
6.774999999999999467e+00 1.380000000000048688e-01
6.775694444444444464e+00 1.309999999999976183e-01
6.776388888888888573e+00 1.240000000000023861e-01
6.777083333333333570e+00 1.169999999999952467e-01
6.777777777777777679e+00 1.099999999999999312e-01
6.778472222222222676e+00 1.031999999999953926e-01
6.779166666666665897e+00 9.640000000000237268e-02
6.779861111111110894e+00 8.959999999999766762e-02
6.780555555555555003e+00 8.280000000000456439e-02
6.781250000000000000e+00 7.600000000000001199e-02
6.781944444444444997e+00 6.979999999999575433e-02
6.782638888888889106e+00 6.360000000000205767e-02
6.783333333333334103e+00 5.739999999999785552e-02
6.784027777777777324e+00 5.120000000000420742e-02
6.784722222222222321e+00 4.500000000000002609e-02
6.785416666666666430e+00 4.020000000000324009e-02
6.786111111111111427e+00 3.539999999999838415e-02
6.786805555555555536e+00 3.060000000000161202e-02
6.787500000000000533e+00 2.579999999999673180e-02
6.788194444444443754e+00 2.100000000000001518e-02
6.788888888888888751e+00 1.679999999999714014e-02
6.789583333333332860e+00 1.260000000000143991e-02
6.790277777777777857e+00 8.399999999998570069e-03
6.790972222222221966e+00 4.200000000002868106e-03
6.791666666666666963e+00 0.000000000000000000e+00
6.792361111111111960e+00 0.000000000000000000e+00
6.793055555555555181e+00 0.000000000000000000e+00
6.793750000000000178e+00 0.000000000000000000e+00
6.794444444444444287e+00 0.000000000000000000e+00
6.795138888888889284e+00 0.000000000000000000e+00
6.795833333333333393e+00 0.000000000000000000e+00
6.796527777777778390e+00 0.000000000000000000e+00
6.797222222222221610e+00 0.000000000000000000e+00
6.797916666666666607e+00 0.000000000000000000e+00
6.798611111111110716e+00 0.000000000000000000e+00
6.799305555555555713e+00 0.000000000000000000e+00
6.799999999999999822e+00 0.000000000000000000e+00
6.800694444444444819e+00 0.000000000000000000e+00
6.801388888888888040e+00 0.000000000000000000e+00
6.802083333333333037e+00 0.000000000000000000e+00
6.802777777777778034e+00 0.000000000000000000e+00
6.803472222222222143e+00 0.000000000000000000e+00
6.804166666666667140e+00 0.000000000000000000e+00
6.804861111111111249e+00 0.000000000000000000e+00
6.805555555555556246e+00 0.000000000000000000e+00
6.806249999999999467e+00 0.000000000000000000e+00
6.806944444444444464e+00 0.000000000000000000e+00
6.807638888888888573e+00 0.000000000000000000e+00
6.808333333333333570e+00 0.000000000000000000e+00
6.809027777777777679e+00 0.000000000000000000e+00
6.809722222222222676e+00 0.000000000000000000e+00
6.810416666666665897e+00 0.000000000000000000e+00
6.811111111111110894e+00 0.000000000000000000e+00
6.811805555555555003e+00 0.000000000000000000e+00
6.812500000000000000e+00 0.000000000000000000e+00
6.813194444444444997e+00 0.000000000000000000e+00
6.813888888888889106e+00 0.000000000000000000e+00
6.814583333333334103e+00 0.000000000000000000e+00
6.815277777777777324e+00 0.000000000000000000e+00
6.815972222222222321e+00 0.000000000000000000e+00
6.816666666666666430e+00 0.000000000000000000e+00
6.817361111111111427e+00 0.000000000000000000e+00
6.818055555555555536e+00 0.000000000000000000e+00
6.818750000000000533e+00 0.000000000000000000e+00
6.819444444444443754e+00 0.000000000000000000e+00
6.820138888888888751e+00 0.000000000000000000e+00
6.820833333333332860e+00 0.000000000000000000e+00
6.821527777777777857e+00 0.000000000000000000e+00
6.822222222222221966e+00 0.000000000000000000e+00
6.822916666666666963e+00 0.000000000000000000e+00
6.823611111111111960e+00 0.000000000000000000e+00
6.824305555555555181e+00 0.000000000000000000e+00
6.825000000000000178e+00 0.000000000000000000e+00
6.825694444444444287e+00 0.000000000000000000e+00
6.826388888888889284e+00 0.000000000000000000e+00
6.827083333333333393e+00 0.000000000000000000e+00
6.827777777777778390e+00 0.000000000000000000e+00
6.828472222222221610e+00 0.000000000000000000e+00
6.829166666666666607e+00 0.000000000000000000e+00
6.829861111111110716e+00 0.000000000000000000e+00
6.830555555555555713e+00 0.000000000000000000e+00
6.831249999999999822e+00 0.000000000000000000e+00
6.831944444444444819e+00 0.000000000000000000e+00
6.832638888888888040e+00 0.000000000000000000e+00
6.833333333333333037e+00 0.000000000000000000e+00
6.834027777777778034e+00 0.000000000000000000e+00
6.834722222222222143e+00 0.000000000000000000e+00
6.835416666666667140e+00 0.000000000000000000e+00
6.836111111111111249e+00 0.000000000000000000e+00
6.836805555555556246e+00 0.000000000000000000e+00
6.837499999999999467e+00 0.000000000000000000e+00
6.838194444444444464e+00 0.000000000000000000e+00
6.838888888888888573e+00 0.000000000000000000e+00
6.839583333333333570e+00 0.000000000000000000e+00
6.840277777777777679e+00 0.000000000000000000e+00
6.840972222222222676e+00 0.000000000000000000e+00
6.841666666666665897e+00 0.000000000000000000e+00
6.842361111111110894e+00 0.000000000000000000e+00
6.843055555555555003e+00 0.000000000000000000e+00
6.843750000000000000e+00 0.000000000000000000e+00
6.844444444444444997e+00 0.000000000000000000e+00
6.845138888888889106e+00 0.000000000000000000e+00
6.845833333333334103e+00 0.000000000000000000e+00
6.846527777777777324e+00 0.000000000000000000e+00
6.847222222222222321e+00 0.000000000000000000e+00
6.847916666666666430e+00 0.000000000000000000e+00
6.848611111111111427e+00 0.000000000000000000e+00
6.849305555555555536e+00 0.000000000000000000e+00
6.850000000000000533e+00 0.000000000000000000e+00
6.850694444444443754e+00 0.000000000000000000e+00
6.851388888888888751e+00 0.000000000000000000e+00
6.852083333333332860e+00 0.000000000000000000e+00
6.852777777777777857e+00 0.000000000000000000e+00
6.853472222222221966e+00 0.000000000000000000e+00
6.854166666666666963e+00 0.000000000000000000e+00
6.854861111111111960e+00 0.000000000000000000e+00
6.855555555555555181e+00 0.000000000000000000e+00
6.856250000000000178e+00 0.000000000000000000e+00
6.856944444444444287e+00 0.000000000000000000e+00
6.857638888888889284e+00 0.000000000000000000e+00
6.858333333333333393e+00 0.000000000000000000e+00
6.859027777777778390e+00 0.000000000000000000e+00
6.859722222222221610e+00 0.000000000000000000e+00
6.860416666666666607e+00 0.000000000000000000e+00
6.861111111111110716e+00 0.000000000000000000e+00
6.861805555555555713e+00 0.000000000000000000e+00
6.862499999999999822e+00 0.000000000000000000e+00
6.863194444444444819e+00 0.000000000000000000e+00
6.863888888888888040e+00 0.000000000000000000e+00
6.864583333333333037e+00 0.000000000000000000e+00
6.865277777777778034e+00 0.000000000000000000e+00
6.865972222222222143e+00 0.000000000000000000e+00
6.866666666666667140e+00 0.000000000000000000e+00
6.867361111111111249e+00 0.000000000000000000e+00
6.868055555555556246e+00 0.000000000000000000e+00
6.868749999999999467e+00 0.000000000000000000e+00
6.869444444444444464e+00 0.000000000000000000e+00
6.870138888888888573e+00 0.000000000000000000e+00
6.870833333333333570e+00 0.000000000000000000e+00
6.871527777777777679e+00 0.000000000000000000e+00
6.872222222222222676e+00 0.000000000000000000e+00
6.872916666666665897e+00 0.000000000000000000e+00
6.873611111111110894e+00 0.000000000000000000e+00
6.874305555555555003e+00 0.000000000000000000e+00
6.875000000000000000e+00 0.000000000000000000e+00
6.875694444444444997e+00 0.000000000000000000e+00
6.876388888888889106e+00 0.000000000000000000e+00
6.877083333333334103e+00 0.000000000000000000e+00
6.877777777777777324e+00 0.000000000000000000e+00
6.878472222222222321e+00 0.000000000000000000e+00
6.879166666666666430e+00 0.000000000000000000e+00
6.879861111111111427e+00 0.000000000000000000e+00
6.880555555555555536e+00 0.000000000000000000e+00
6.881250000000000533e+00 0.000000000000000000e+00
6.881944444444443754e+00 0.000000000000000000e+00
6.882638888888888751e+00 0.000000000000000000e+00
6.883333333333332860e+00 0.000000000000000000e+00
6.884027777777777857e+00 0.000000000000000000e+00
6.884722222222221966e+00 0.000000000000000000e+00
6.885416666666666963e+00 0.000000000000000000e+00
6.886111111111111960e+00 0.000000000000000000e+00
6.886805555555555181e+00 0.000000000000000000e+00
6.887500000000000178e+00 0.000000000000000000e+00
6.888194444444444287e+00 0.000000000000000000e+00
6.888888888888889284e+00 0.000000000000000000e+00
6.889583333333333393e+00 0.000000000000000000e+00
6.890277777777778390e+00 0.000000000000000000e+00
6.890972222222221610e+00 0.000000000000000000e+00
6.891666666666666607e+00 0.000000000000000000e+00
6.892361111111110716e+00 0.000000000000000000e+00
6.893055555555555713e+00 0.000000000000000000e+00
6.893749999999999822e+00 0.000000000000000000e+00
6.894444444444444819e+00 0.000000000000000000e+00
6.895138888888888040e+00 0.000000000000000000e+00
6.895833333333333037e+00 0.000000000000000000e+00
6.896527777777778034e+00 0.000000000000000000e+00
6.897222222222222143e+00 0.000000000000000000e+00
6.897916666666667140e+00 0.000000000000000000e+00
6.898611111111111249e+00 0.000000000000000000e+00
6.899305555555556246e+00 0.000000000000000000e+00
6.899999999999999467e+00 0.000000000000000000e+00
6.900694444444444464e+00 0.000000000000000000e+00
6.901388888888888573e+00 0.000000000000000000e+00
6.902083333333333570e+00 0.000000000000000000e+00
6.902777777777777679e+00 0.000000000000000000e+00
6.903472222222222676e+00 0.000000000000000000e+00
6.904166666666665897e+00 0.000000000000000000e+00
6.904861111111110894e+00 0.000000000000000000e+00
6.905555555555555003e+00 0.000000000000000000e+00
6.906250000000000000e+00 0.000000000000000000e+00
6.906944444444444997e+00 0.000000000000000000e+00
6.907638888888889106e+00 0.000000000000000000e+00
6.908333333333334103e+00 0.000000000000000000e+00
6.909027777777777324e+00 0.000000000000000000e+00
6.909722222222222321e+00 0.000000000000000000e+00
6.910416666666666430e+00 0.000000000000000000e+00
6.911111111111111427e+00 0.000000000000000000e+00
6.911805555555555536e+00 0.000000000000000000e+00
6.912500000000000533e+00 0.000000000000000000e+00
6.913194444444443754e+00 0.000000000000000000e+00
6.913888888888888751e+00 0.000000000000000000e+00
6.914583333333332860e+00 0.000000000000000000e+00
6.915277777777777857e+00 0.000000000000000000e+00
6.915972222222221966e+00 0.000000000000000000e+00
6.916666666666666963e+00 0.000000000000000000e+00
6.917361111111111960e+00 0.000000000000000000e+00
6.918055555555555181e+00 0.000000000000000000e+00
6.918750000000000178e+00 0.000000000000000000e+00
6.919444444444444287e+00 0.000000000000000000e+00
6.920138888888889284e+00 0.000000000000000000e+00
6.920833333333333393e+00 0.000000000000000000e+00
6.921527777777778390e+00 0.000000000000000000e+00
6.922222222222221610e+00 0.000000000000000000e+00
6.922916666666666607e+00 0.000000000000000000e+00
6.923611111111110716e+00 0.000000000000000000e+00
6.924305555555555713e+00 0.000000000000000000e+00
6.924999999999999822e+00 0.000000000000000000e+00
6.925694444444444819e+00 0.000000000000000000e+00
6.926388888888888040e+00 0.000000000000000000e+00
6.927083333333333037e+00 0.000000000000000000e+00
6.927777777777778034e+00 0.000000000000000000e+00
6.928472222222222143e+00 0.000000000000000000e+00
6.929166666666667140e+00 0.000000000000000000e+00
6.929861111111111249e+00 0.000000000000000000e+00
6.930555555555556246e+00 0.000000000000000000e+00
6.931249999999999467e+00 0.000000000000000000e+00
6.931944444444444464e+00 0.000000000000000000e+00
6.932638888888888573e+00 0.000000000000000000e+00
6.933333333333333570e+00 0.000000000000000000e+00
6.934027777777777679e+00 0.000000000000000000e+00
6.934722222222222676e+00 0.000000000000000000e+00
6.935416666666665897e+00 0.000000000000000000e+00
6.936111111111110894e+00 0.000000000000000000e+00
6.936805555555555003e+00 0.000000000000000000e+00
6.937500000000000000e+00 0.000000000000000000e+00
6.938194444444444997e+00 0.000000000000000000e+00
6.938888888888889106e+00 0.000000000000000000e+00
6.939583333333334103e+00 0.000000000000000000e+00
6.940277777777777324e+00 0.000000000000000000e+00
6.940972222222222321e+00 0.000000000000000000e+00
6.941666666666666430e+00 0.000000000000000000e+00
6.942361111111111427e+00 0.000000000000000000e+00
6.943055555555555536e+00 0.000000000000000000e+00
6.943750000000000533e+00 0.000000000000000000e+00
6.944444444444443754e+00 0.000000000000000000e+00
6.945138888888888751e+00 0.000000000000000000e+00
6.945833333333332860e+00 0.000000000000000000e+00
6.946527777777777857e+00 0.000000000000000000e+00
6.947222222222221966e+00 0.000000000000000000e+00
6.947916666666666963e+00 0.000000000000000000e+00
6.948611111111111960e+00 0.000000000000000000e+00
6.949305555555555181e+00 0.000000000000000000e+00
6.950000000000000178e+00 0.000000000000000000e+00
6.950694444444444287e+00 0.000000000000000000e+00
6.951388888888889284e+00 0.000000000000000000e+00
6.952083333333333393e+00 0.000000000000000000e+00
6.952777777777778390e+00 0.000000000000000000e+00
6.953472222222221610e+00 0.000000000000000000e+00
6.954166666666666607e+00 0.000000000000000000e+00
6.954861111111110716e+00 0.000000000000000000e+00
6.955555555555555713e+00 0.000000000000000000e+00
6.956249999999999822e+00 0.000000000000000000e+00
6.956944444444444819e+00 0.000000000000000000e+00
6.957638888888888040e+00 0.000000000000000000e+00
6.958333333333333037e+00 0.000000000000000000e+00
6.959027777777778034e+00 0.000000000000000000e+00
6.959722222222222143e+00 0.000000000000000000e+00
6.960416666666667140e+00 0.000000000000000000e+00
6.961111111111111249e+00 0.000000000000000000e+00
6.961805555555556246e+00 0.000000000000000000e+00
6.962499999999999467e+00 0.000000000000000000e+00
6.963194444444444464e+00 0.000000000000000000e+00
6.963888888888888573e+00 0.000000000000000000e+00
6.964583333333333570e+00 0.000000000000000000e+00
6.965277777777777679e+00 0.000000000000000000e+00
6.965972222222222676e+00 0.000000000000000000e+00
6.966666666666665897e+00 0.000000000000000000e+00
6.967361111111110894e+00 0.000000000000000000e+00
6.968055555555555003e+00 0.000000000000000000e+00
6.968750000000000000e+00 0.000000000000000000e+00
6.969444444444444997e+00 0.000000000000000000e+00
6.970138888888889106e+00 0.000000000000000000e+00
6.970833333333334103e+00 0.000000000000000000e+00
6.971527777777777324e+00 0.000000000000000000e+00
6.972222222222222321e+00 0.000000000000000000e+00
6.972916666666666430e+00 0.000000000000000000e+00
6.973611111111111427e+00 0.000000000000000000e+00
6.974305555555555536e+00 0.000000000000000000e+00
6.975000000000000533e+00 0.000000000000000000e+00
6.975694444444443754e+00 0.000000000000000000e+00
6.976388888888888751e+00 0.000000000000000000e+00
6.977083333333332860e+00 0.000000000000000000e+00
6.977777777777777857e+00 0.000000000000000000e+00
6.978472222222221966e+00 0.000000000000000000e+00
6.979166666666666963e+00 0.000000000000000000e+00
6.979861111111111960e+00 0.000000000000000000e+00
6.980555555555555181e+00 0.000000000000000000e+00
6.981250000000000178e+00 0.000000000000000000e+00
6.981944444444444287e+00 0.000000000000000000e+00
6.982638888888889284e+00 0.000000000000000000e+00
6.983333333333333393e+00 0.000000000000000000e+00
6.984027777777778390e+00 0.000000000000000000e+00
6.984722222222221610e+00 0.000000000000000000e+00
6.985416666666666607e+00 0.000000000000000000e+00
6.986111111111110716e+00 0.000000000000000000e+00
6.986805555555555713e+00 0.000000000000000000e+00
6.987499999999999822e+00 0.000000000000000000e+00
6.988194444444444819e+00 0.000000000000000000e+00
6.988888888888888040e+00 0.000000000000000000e+00
6.989583333333333037e+00 0.000000000000000000e+00
6.990277777777778034e+00 0.000000000000000000e+00
6.990972222222222143e+00 0.000000000000000000e+00
6.991666666666667140e+00 0.000000000000000000e+00
6.992361111111111249e+00 0.000000000000000000e+00
6.993055555555556246e+00 0.000000000000000000e+00
6.993749999999999467e+00 0.000000000000000000e+00
6.994444444444444464e+00 0.000000000000000000e+00
6.995138888888888573e+00 0.000000000000000000e+00
6.995833333333333570e+00 0.000000000000000000e+00
6.996527777777777679e+00 0.000000000000000000e+00
6.997222222222222676e+00 0.000000000000000000e+00
6.997916666666665897e+00 0.000000000000000000e+00
6.998611111111110894e+00 0.000000000000000000e+00
6.999305555555555003e+00 0.000000000000000000e+00
7.000000000000000000e+00 0.000000000000000000e+00
