# Fig 4c & 4d
# 0. time (h), 1. prod. rate dynamic (L/h), 2. prod. rate static (L/h)
0.000000000000000000e+00 -2.202265326174043629e-03 -2.202265326597405062e-03
6.944444444444444709e-04 1.460990405710000002e-03 1.460990405156607601e-03
1.388888888888888942e-03 -1.103602173003584517e-03 -1.105289201118112366e-03
2.083333333333333304e-03 7.005011380508113089e-04 6.477324030171436762e-04
2.777777777777777884e-03 -6.081380966038361880e-04 -7.839037862872901257e-04
3.472222222222222029e-03 4.606082636828611956e-05 -2.650463610223722176e-04
4.166666666666666609e-03 -5.102992106804852927e-04 -9.663126326134243056e-04
4.861111111111111188e-03 -3.544506209238493070e-04 -9.595433691532290199e-04
5.555555555555555768e-03 -5.721790708222213766e-04 -1.272861896706221560e-03
6.249999999999999480e-03 -4.961272117044280379e-04 -1.223535375090756185e-03
6.944444444444444059e-03 -5.527110784321008757e-04 -1.318153527869620921e-03
7.638888888888888638e-03 -5.345673434669177826e-04 -1.337722198585305491e-03
8.333333333333333218e-03 -5.558455750378375661e-04 -1.390059708688688592e-03
9.027777777777778664e-03 -5.551103853112856340e-04 -1.412531646881632101e-03
9.722222222222222376e-03 -5.619453301745510037e-04 -1.441389768031422049e-03
1.041666666666666609e-02 -5.647179456596178402e-04 -1.464680554997002671e-03
1.111111111111111154e-02 -5.700311211844528037e-04 -1.489914005233265596e-03
1.180555555555555525e-02 -5.738537024937551525e-04 -1.512722015922969739e-03
1.249999999999999896e-02 -5.772181219635298807e-04 -1.534136321581216046e-03
1.319444444444444441e-02 -5.802530783157030733e-04 -1.554021060864785482e-03
1.388888888888888812e-02 -5.832793639353915042e-04 -1.573197418981106023e-03
1.458333333333333183e-02 -5.862768558460598701e-04 -1.591898758623276188e-03
1.527777777777777728e-02 -5.893550731155500298e-04 -1.609156996409099368e-03
1.597222222222222446e-02 -5.919483419097995363e-04 -1.625453089003242287e-03
1.666666666666666644e-02 -5.951244613486421668e-04 -1.640964848428706595e-03
1.736111111111111188e-02 -5.973537072373471483e-04 -1.656440906303977521e-03
1.805555555555555733e-02 -5.989152338764504270e-04 -1.670636713797161435e-03
1.874999999999999931e-02 -6.008651007644074662e-04 -1.684175745169776356e-03
1.944444444444444475e-02 -6.035637485886590457e-04 -1.697583081351168328e-03
2.013888888888889020e-02 -6.057581884826852663e-04 -1.710483445184491323e-03
2.083333333333333218e-02 -6.084099377628245011e-04 -1.722490992533292232e-03
2.152777777777777415e-02 -6.118081134006219356e-04 -1.734215544403317670e-03
2.222222222222222307e-02 -6.141496657769826215e-04 -1.744842692319960612e-03
2.291666666666666852e-02 -6.164483019455949554e-04 -1.755035300247654272e-03
2.361111111111111049e-02 -6.184091600597602535e-04 -1.765306497484792417e-03
2.430555555555555594e-02 -6.223272747605426529e-04 -1.775377779280741791e-03
2.499999999999999792e-02 -6.262835240951875439e-04 -1.784604389465854713e-03
2.569444444444444683e-02 -6.295555955619508426e-04 -1.793702542885920346e-03
2.638888888888888881e-02 -6.341906702281077928e-04 -1.802396974747082908e-03
2.708333333333333426e-02 -6.398193258015174049e-04 -1.811001742496240290e-03
2.777777777777777624e-02 -6.452021616151975636e-04 -1.819105998590188952e-03
2.847222222222222168e-02 -6.492495983070920929e-04 -1.827139253472370673e-03
2.916666666666666366e-02 -6.537951075505309649e-04 -1.835677909957177069e-03
2.986111111111111258e-02 -6.589130197793129648e-04 -1.843492302899009654e-03
3.055555555555555455e-02 -6.638393884550119160e-04 -1.850756601907587633e-03
3.125000000000000000e-02 -6.692729405922912813e-04 -1.857797721545727905e-03
3.194444444444444892e-02 -6.742507376449346536e-04 -1.864220024669549156e-03
3.263888888888889089e-02 -6.786894264714632939e-04 -1.870561779751338553e-03
3.333333333333333287e-02 -6.835556835307881468e-04 -1.876781418927789269e-03
3.402777777777777485e-02 -6.887022586565858624e-04 -1.882835594498108965e-03
3.472222222222222376e-02 -6.934168626381953353e-04 -1.888526873329214248e-03
3.541666666666666574e-02 -6.981912443875800756e-04 -1.894251718340244067e-03
3.611111111111111466e-02 -7.029104204005141550e-04 -1.899672509320670961e-03
3.680555555555555663e-02 -7.074951672544863446e-04 -1.905085244618600054e-03
3.749999999999999861e-02 -7.116639780556416502e-04 -1.910238437972166864e-03
3.819444444444444059e-02 -7.157721159863761470e-04 -1.915338467708487327e-03
3.888888888888888951e-02 -7.203121136935257017e-04 -1.920160176900713228e-03
3.958333333333333148e-02 -7.243132126294641411e-04 -1.925482407422647547e-03
4.027777777777778040e-02 -7.282667039135549232e-04 -1.930592415022357698e-03
4.097222222222222238e-02 -7.324259154771294153e-04 -1.935227015522931332e-03
4.166666666666666435e-02 -7.361929711994153651e-04 -1.939297679212367755e-03
4.236111111111110633e-02 -7.401827737683009875e-04 -1.943397060198105318e-03
4.305555555555554831e-02 -7.442649816625493322e-04 -1.947495880736897084e-03
4.375000000000000416e-02 -7.483631357810339221e-04 -1.951475710175216852e-03
4.444444444444444614e-02 -7.523659123143670207e-04 -1.955206097304445882e-03
4.513888888888888812e-02 -7.561423774309545577e-04 -1.958922471820229681e-03
4.583333333333333703e-02 -7.600411275187035328e-04 -1.962433819532086697e-03
4.652777777777777901e-02 -7.634438463113411453e-04 -1.966448077285451890e-03
4.722222222222222099e-02 -7.667100174227224271e-04 -1.970315379497053834e-03
4.791666666666666297e-02 -7.697436925517793039e-04 -1.973798902750728470e-03
4.861111111111111188e-02 -7.728717589300465813e-04 -1.976845248596272552e-03
4.930555555555555386e-02 -7.750014614251261782e-04 -1.979944494610468876e-03
4.999999999999999584e-02 -7.767003466428963132e-04 -1.983082787610869480e-03
5.069444444444443781e-02 -7.793427548484201323e-04 -1.986066334367922112e-03
5.138888888888889367e-02 -7.834427518464107294e-04 -1.988840664505868265e-03
5.208333333333333565e-02 -7.869245323825939994e-04 -1.991690703727784333e-03
5.277777777777777762e-02 -7.921130459593172949e-04 -1.994802114473101084e-03
5.347222222222222654e-02 -7.946820783554323911e-04 -1.997642023050180248e-03
5.416666666666666852e-02 -7.959667953178542737e-04 -2.000312909524619431e-03
5.486111111111111049e-02 -7.987698899267501934e-04 -2.002938202787102329e-03
5.555555555555555247e-02 -8.024827827588308215e-04 -2.005285525136815423e-03
5.625000000000000139e-02 -8.059109982851756209e-04 -2.007663531039842117e-03
5.694444444444444337e-02 -8.097539893162265670e-04 -2.010050430478045342e-03
5.763888888888888534e-02 -8.125054578184374987e-04 -2.012418774175003377e-03
5.833333333333332732e-02 -8.144416611111603404e-04 -2.014587124999391889e-03
5.902777777777778317e-02 -8.160852584426580387e-04 -2.016816705848359630e-03
5.972222222222222515e-02 -8.183630161683110591e-04 -2.019272201642530271e-03
6.041666666666666713e-02 -8.207549494604659060e-04 -2.021480886467110633e-03
6.111111111111110911e-02 -8.231356638679808912e-04 -2.023518030217409495e-03
6.180555555555555802e-02 -8.247940411900884540e-04 -2.025559703352658360e-03
6.250000000000000000e-02 -8.283693750360882546e-04 -2.027452796309844787e-03
6.319444444444444198e-02 -8.299756732457794868e-04 -2.029353218084168579e-03
6.388888888888889783e-02 -8.307299364744780363e-04 -2.031156353667455238e-03
6.458333333333333981e-02 -8.328796723920568745e-04 -2.032991711520365681e-03
6.527777777777778179e-02 -8.363137953493331471e-04 -2.034705519623719854e-03
6.597222222222222376e-02 -8.391534359905538070e-04 -2.036469279020050073e-03
6.666666666666666574e-02 -8.410865833728995789e-04 -2.038132351867047443e-03
6.736111111111110772e-02 -8.434244297120166824e-04 -2.040019705599408449e-03
6.805555555555554970e-02 -8.460630316198948335e-04 -2.041853051600398591e-03
6.874999999999999167e-02 -8.488940972835853698e-04 -2.043567268674614714e-03
6.944444444444444753e-02 -8.521309564027063684e-04 -2.044994865290411003e-03
7.013888888888888951e-02 -8.547537792397155937e-04 -2.046378344813064992e-03
7.083333333333333148e-02 -8.583495386311463084e-04 -2.047848811057243618e-03
7.152777777777777346e-02 -8.605148791012438890e-04 -2.049304969233784000e-03
7.222222222222222932e-02 -8.636971064700096424e-04 -2.050639583195235094e-03
7.291666666666667129e-02 -8.648029688322127163e-04 -2.052005842471997087e-03
7.361111111111111327e-02 -8.672493818517338846e-04 -2.053505081622769915e-03
7.430555555555555525e-02 -8.700567259943965638e-04 -2.054924354134853460e-03
7.499999999999999722e-02 -8.718061044382922507e-04 -2.056353489561906119e-03
7.569444444444443920e-02 -8.741125459926506365e-04 -2.057638097349566431e-03
7.638888888888888118e-02 -8.775446253186118453e-04 -2.058766008180125916e-03
7.708333333333332316e-02 -8.810145783762190477e-04 -2.059879633545261528e-03
7.777777777777777901e-02 -8.835811205158299909e-04 -2.061002668345423856e-03
7.847222222222222099e-02 -8.867538037487162359e-04 -2.062176943133297788e-03
7.916666666666666297e-02 -8.889953868070082530e-04 -2.063241001209162925e-03
7.986111111111111882e-02 -8.912111373063790918e-04 -2.064334673538306859e-03
8.055555555555556080e-02 -8.926994141249348100e-04 -2.065362219472223222e-03
8.125000000000000278e-02 -8.949178679148841239e-04 -2.066539903553389710e-03
8.194444444444444475e-02 -8.977079813630266247e-04 -2.067725975127077901e-03
8.263888888888888673e-02 -9.007328335175442732e-04 -2.068878322873292461e-03
8.333333333333332871e-02 -9.036712938654169061e-04 -2.069813975942651554e-03
8.402777777777777068e-02 -9.064796758957722588e-04 -2.070663881712021034e-03
8.472222222222221266e-02 -9.091889646052369505e-04 -2.071548569705024788e-03
8.541666666666665464e-02 -9.113843102944161386e-04 -2.072470309870849334e-03
8.611111111111109662e-02 -9.135359350520260834e-04 -2.073332813104081674e-03
8.680555555555556635e-02 -9.161983078100939407e-04 -2.074203945082565316e-03
8.750000000000000833e-02 -9.194702146179518053e-04 -2.075008644971722879e-03
8.819444444444445030e-02 -9.210328176693691844e-04 -2.075940217090842341e-03
8.888888888888889228e-02 -9.229526542792352781e-04 -2.076880626568637384e-03
8.958333333333333426e-02 -9.245381763152977876e-04 -2.077747250671881703e-03
9.027777777777777624e-02 -9.277981238220032924e-04 -2.078477015637083224e-03
9.097222222222221821e-02 -9.283693902679042171e-04 -2.079237705757823549e-03
9.166666666666667407e-02 -9.294265610605007000e-04 -2.080011432544916217e-03
9.236111111111111605e-02 -9.326543737046740770e-04 -2.080727838031526215e-03
9.305555555555555802e-02 -9.345470467553838347e-04 -2.081410776792965139e-03
9.375000000000000000e-02 -9.356506449640972136e-04 -2.082138848234913603e-03
9.444444444444444198e-02 -9.380001772153832417e-04 -2.082799953480510453e-03
9.513888888888888395e-02 -9.404875432308344978e-04 -2.083563567569477176e-03
9.583333333333332593e-02 -9.434481573363172032e-04 -2.084317980385576134e-03
9.652777777777778179e-02 -9.450913840839736185e-04 -2.085033674212852673e-03
9.722222222222222376e-02 -9.467961286666451209e-04 -2.085617007825431822e-03
9.791666666666666574e-02 -9.476236113827039885e-04 -2.086219463190144494e-03
9.861111111111110772e-02 -9.500326179861251236e-04 -2.086867485377783601e-03
9.930555555555554970e-02 -9.520603350325579188e-04 -2.087455969687518863e-03
9.999999999999999167e-02 -9.534362403554170985e-04 -2.087974382775707651e-03
1.006944444444444337e-01 -9.564965624518142204e-04 -2.088552603280306817e-03
1.013888888888888756e-01 -9.590961377049875974e-04 -2.089093906057778918e-03
1.020833333333333454e-01 -9.602669571633049798e-04 -2.089716961578816715e-03
1.027777777777777873e-01 -9.606467229369600831e-04 -2.090347632502922645e-03
1.034722222222222293e-01 -9.633937082642110572e-04 -2.090940070669477981e-03
1.041666666666666713e-01 -9.655464391545498168e-04 -2.091416829736764561e-03
1.048611111111111133e-01 -9.668364845732441582e-04 -2.091907940347005179e-03
1.055555555555555552e-01 -9.692818759697088837e-04 -2.092411277357465304e-03
1.062499999999999972e-01 -9.718685810098628064e-04 -2.092900973576027925e-03
1.069444444444444531e-01 -9.739177795293082161e-04 -2.093338777781550246e-03
1.076388888888888951e-01 -9.757389061789066261e-04 -2.093790193008944218e-03
1.083333333333333370e-01 -9.772479376748740426e-04 -2.094203590388385092e-03
1.090277777777777790e-01 -9.809546062113077419e-04 -2.094706964131692450e-03
1.097222222222222210e-01 -9.818654506832753728e-04 -2.095236646665484502e-03
1.104166666666666630e-01 -9.822388314464133158e-04 -2.095734802251319334e-03
1.111111111111111049e-01 -9.850342802213403557e-04 -2.096113279842618405e-03
1.118055555555555469e-01 -9.875969107620869315e-04 -2.096519327186644344e-03
1.125000000000000028e-01 -9.913292000691483093e-04 -2.096967409214096564e-03
1.131944444444444448e-01 -9.922974786718862569e-04 -2.097369015554338169e-03
1.138888888888888867e-01 -9.935361843573966949e-04 -2.097719663012484383e-03
1.145833333333333287e-01 -9.942898060189809227e-04 -2.098066939405679975e-03
1.152777777777777707e-01 -9.954295454699868193e-04 -2.098384064697496505e-03
1.159722222222222127e-01 -9.975552754021962867e-04 -2.098790431592838842e-03
1.166666666666666546e-01 -9.999003473033791622e-04 -2.099222030416570718e-03
1.173611111111111244e-01 -1.002381179173018975e-03 -2.099627437892884890e-03
1.180555555555555663e-01 -1.003429292556670422e-03 -2.099929820416480790e-03
1.187500000000000083e-01 -1.005897974240849840e-03 -2.100249087912345151e-03
1.194444444444444503e-01 -1.007325082463027396e-03 -2.100588910212084978e-03
1.201388888888888923e-01 -1.008106564565752587e-03 -2.100905970304922481e-03
1.208333333333333343e-01 -1.008924089018008912e-03 -2.101189861954709699e-03
1.215277777777777762e-01 -1.011149640432859771e-03 -2.101488623217725137e-03
1.222222222222222182e-01 -1.013908335251020301e-03 -2.101755822690058294e-03
1.229166666666666741e-01 -1.015078384494141808e-03 -2.102111433148075390e-03
1.236111111111111160e-01 -1.018088044443793590e-03 -2.102500729703389495e-03
1.243055555555555580e-01 -1.019383892241896260e-03 -2.102832089125408234e-03
1.250000000000000000e-01 -1.020495047758505219e-03 -2.103080289091318385e-03
1.256944444444444420e-01 -1.021946969081890394e-03 -2.103372960059413533e-03
1.263888888888888840e-01 -1.023294397428728929e-03 -2.103638601680546220e-03
1.270833333333333259e-01 -1.026807152680667612e-03 -2.103915622387620647e-03
1.277777777777777957e-01 -1.028740289360538561e-03 -2.104143688578659962e-03
1.284722222222222376e-01 -1.029859542398007090e-03 -2.104402575670923266e-03
1.291666666666666796e-01 -1.030501105986608018e-03 -2.104640730933117054e-03
1.298611111111111216e-01 -1.032104332560591095e-03 -2.104960639542783653e-03
1.305555555555555636e-01 -1.036043819773481900e-03 -2.105276176935099060e-03
1.312500000000000056e-01 -1.037609388957222000e-03 -2.105551071330784372e-03
1.319444444444444475e-01 -1.039301778719967703e-03 -2.105832438210611217e-03
1.326388888888888895e-01 -1.039908134626812931e-03 -2.106096423427726051e-03
1.333333333333333315e-01 -1.040434199232174615e-03 -2.106319423810381047e-03
1.340277777777777735e-01 -1.041773096067544072e-03 -2.106501777715385788e-03
1.347222222222222154e-01 -1.043023645827546950e-03 -2.106727317750163499e-03
1.354166666666666574e-01 -1.045357528917611979e-03 -2.106929206847887783e-03
1.361111111111110994e-01 -1.047711314820795733e-03 -2.107072230113275855e-03
1.368055555555555414e-01 -1.049891483114828369e-03 -2.107352441756245136e-03
1.374999999999999833e-01 -1.051984384503282244e-03 -2.107580082510723471e-03
1.381944444444444531e-01 -1.053413430297413375e-03 -2.107813280169202556e-03
1.388888888888888951e-01 -1.054449087634219597e-03 -2.107980812265941323e-03
1.395833333333333370e-01 -1.055432763324679101e-03 -2.108095364834933899e-03
1.402777777777777790e-01 -1.057520317713804862e-03 -2.108259712468405368e-03
1.409722222222222210e-01 -1.059492427132862052e-03 -2.108452048866842239e-03
1.416666666666666630e-01 -1.060542679487869004e-03 -2.108624164772985969e-03
1.423611111111111049e-01 -1.061799129905970085e-03 -2.108787474848499051e-03
1.430555555555555469e-01 -1.065173612509179649e-03 -2.108939705554250220e-03
1.437499999999999611e-01 -1.066730387327101707e-03 -2.109165878550559210e-03
1.444444444444444586e-01 -1.069333154493020376e-03 -2.109389304578742144e-03
1.451388888888889006e-01 -1.070365865447502063e-03 -2.109588368805960078e-03
1.458333333333333426e-01 -1.071731028711233290e-03 -2.109734976728749357e-03
1.465277777777777846e-01 -1.074008313970077795e-03 -2.109854881959691893e-03
1.472222222222222265e-01 -1.075091742651015578e-03 -2.109974473693662558e-03
1.479166666666666685e-01 -1.077466348297384437e-03 -2.110135341140096602e-03
1.486111111111111105e-01 -1.079187199856223916e-03 -2.110253098347189202e-03
1.493055555555555525e-01 -1.079827356114769618e-03 -2.110387753541200818e-03
1.499999999999999944e-01 -1.080978718903266578e-03 -2.110484259395438000e-03
1.506944444444444364e-01 -1.083165744000590168e-03 -2.110606872295528891e-03
1.513888888888888784e-01 -1.085528563185546910e-03 -2.110759487527949681e-03
1.520833333333333204e-01 -1.088072939398038131e-03 -2.110904743949541546e-03
1.527777777777777624e-01 -1.089341892996740320e-03 -2.111070651104585225e-03
1.534722222222222043e-01 -1.090710195382130557e-03 -2.111242202907979201e-03
1.541666666666666463e-01 -1.092475444656984714e-03 -2.111343144293578288e-03
1.548611111111111160e-01 -1.094262978929663385e-03 -2.111466610569006155e-03
1.555555555555555580e-01 -1.094466834041075455e-03 -2.111583789933157724e-03
1.562500000000000000e-01 -1.096747996260075218e-03 -2.111718368666487804e-03
1.569444444444444420e-01 -1.096874719327397413e-03 -2.111820097171772728e-03
1.576388888888888840e-01 -1.096397119789108360e-03 -2.111949816170566579e-03
1.583333333333333259e-01 -1.097825956521372064e-03 -2.112058216033684422e-03
1.590277777777777957e-01 -1.100217707243381386e-03 -2.112213657642121687e-03
1.597222222222222376e-01 -1.102164041698916333e-03 -2.112373505363044236e-03
1.604166666666666796e-01 -1.103603063129596261e-03 -2.112500883850149547e-03
1.611111111111111216e-01 -1.104850823191801286e-03 -2.112581797938290189e-03
1.618055555555555636e-01 -1.106307146642592333e-03 -2.112692712190152120e-03
1.625000000000000056e-01 -1.107999900214237492e-03 -2.112808170650824074e-03
1.631944444444444475e-01 -1.109084912557776071e-03 -2.112896708063171421e-03
1.638888888888888895e-01 -1.110377187953645118e-03 -2.112965004053549232e-03
1.645833333333333037e-01 -1.111614891690542936e-03 -2.113061268724159957e-03
1.652777777777777735e-01 -1.113698413463005141e-03 -2.113131504027752992e-03
1.659722222222222154e-01 -1.115454376536053954e-03 -2.113249341290231523e-03
1.666666666666666574e-01 -1.116586201613587511e-03 -2.113388434784393283e-03
1.673611111111110994e-01 -1.118083531256139091e-03 -2.113503255390806242e-03
1.680555555555555414e-01 -1.119203560892653758e-03 -2.113554826148519947e-03
1.687499999999999833e-01 -1.120233964688760724e-03 -2.113641734623575817e-03
1.694444444444444253e-01 -1.120874070851146350e-03 -2.113734271474468698e-03
1.701388888888888673e-01 -1.120988780589763679e-03 -2.113811276737835500e-03
1.708333333333333093e-01 -1.124295794146633635e-03 -2.113872054431049658e-03
1.715277777777777513e-01 -1.125218037935251823e-03 -2.113954614231740477e-03
1.722222222222221932e-01 -1.125073092116636456e-03 -2.114015758058110546e-03
1.729166666666666907e-01 -1.127377540348076549e-03 -2.114116580805072525e-03
1.736111111111111327e-01 -1.128594901715848382e-03 -2.114239184485468531e-03
1.743055555555555747e-01 -1.129693570886207855e-03 -2.114340600301261534e-03
1.750000000000000167e-01 -1.131727301368950969e-03 -2.114390189943789709e-03
1.756944444444444586e-01 -1.133135171979659638e-03 -2.114469275705496525e-03
1.763888888888889006e-01 -1.135464853917769268e-03 -2.114542778885772356e-03
1.770833333333333426e-01 -1.137408295935868384e-03 -2.114590532957731726e-03
1.777777777777777846e-01 -1.139896690276272174e-03 -2.114633878034849132e-03
1.784722222222222265e-01 -1.141826244748387004e-03 -2.114687608857529575e-03
1.791666666666666685e-01 -1.142585599079386791e-03 -2.114722561667572998e-03
1.798611111111111105e-01 -1.144553061599687350e-03 -2.114801681778204125e-03
1.805555555555555525e-01 -1.146040385904661387e-03 -2.114927973534715903e-03
1.812499999999999944e-01 -1.147121862555289425e-03 -2.115038945301132151e-03
1.819444444444444364e-01 -1.149190022977173787e-03 -2.115063427768981621e-03
1.826388888888888784e-01 -1.151307641280265069e-03 -2.115092693272898564e-03
1.833333333333333481e-01 -1.154298649418580977e-03 -2.115145052431388357e-03
1.840277777777777901e-01 -1.155019455433004862e-03 -2.115213158944346736e-03
1.847222222222222321e-01 -1.155625158241858821e-03 -2.115249494153285167e-03
1.854166666666666741e-01 -1.156571760827645361e-03 -2.115295913134074973e-03
1.861111111111111160e-01 -1.158938753517931410e-03 -2.115331012904502362e-03
1.868055555555555580e-01 -1.160113468715530958e-03 -2.115378981283342133e-03
1.875000000000000000e-01 -1.160695417348561742e-03 -2.115456958116527456e-03
1.881944444444444420e-01 -1.162129983850437778e-03 -2.115528141192452895e-03
1.888888888888888840e-01 -1.163234410648391129e-03 -2.115588660994805175e-03
1.895833333333333259e-01 -1.164252271571765245e-03 -2.115661084576381072e-03
1.902777777777777679e-01 -1.165352952886427457e-03 -2.115695081407930212e-03
1.909722222222222099e-01 -1.166685621857177719e-03 -2.115734584166447611e-03
1.916666666666666519e-01 -1.168125700222869597e-03 -2.115772730505506918e-03
1.923611111111110938e-01 -1.170091331139985497e-03 -2.115822701232377995e-03
1.930555555555555636e-01 -1.173593357651133004e-03 -2.115848108823193546e-03
1.937500000000000056e-01 -1.174315431733173511e-03 -2.115900836199384894e-03
1.944444444444444475e-01 -1.175482125253566462e-03 -2.115941030848585928e-03
1.951388888888888895e-01 -1.178067198838187758e-03 -2.116013364022444922e-03
1.958333333333333315e-01 -1.178676095623941954e-03 -2.116112500162058326e-03
1.965277777777777735e-01 -1.179351767876930801e-03 -2.116181559841326474e-03
1.972222222222222154e-01 -1.181200458105246751e-03 -2.116196711992254526e-03
1.979166666666666574e-01 -1.183119422169792885e-03 -2.116243765737840614e-03
1.986111111111110994e-01 -1.184601980696979324e-03 -2.116289130720054503e-03
1.993055555555555414e-01 -1.186362178712841451e-03 -2.116314314671468352e-03
1.999999999999999833e-01 -1.186701725445725051e-03 -2.116332573673921583e-03
2.006944444444444253e-01 -1.189237690946584125e-03 -2.116373125752501680e-03
2.013888888888888673e-01 -1.189538743727197633e-03 -2.116385798157191522e-03
2.020833333333333093e-01 -1.189186450187300912e-03 -2.116435988731378733e-03
2.027777777777777513e-01 -1.190118168330047375e-03 -2.116525815693439620e-03
2.034722222222222487e-01 -1.191103373535441073e-03 -2.116599946446025976e-03
2.041666666666666907e-01 -1.191531546977220475e-03 -2.116598388642060291e-03
2.048611111111111327e-01 -1.192313182463335857e-03 -2.116612001707029404e-03
2.055555555555555747e-01 -1.195295531075305125e-03 -2.116657075071062301e-03
2.062500000000000167e-01 -1.195746810773356790e-03 -2.116695832400680103e-03
2.069444444444444586e-01 -1.195120154613952971e-03 -2.116703474914434762e-03
2.076388888888889006e-01 -1.195502556873174940e-03 -2.116733715859877869e-03
2.083333333333333426e-01 -1.196821260800070815e-03 -2.116742400290065867e-03
2.090277777777777846e-01 -1.198651401157027098e-03 -2.116786448900179023e-03
2.097222222222222265e-01 -1.199185808916637848e-03 -2.116859340780866214e-03
2.104166666666666685e-01 -1.199669241821259410e-03 -2.116917238081366098e-03
2.111111111111111105e-01 -1.200457901437997641e-03 -2.116923873542453371e-03
2.118055555555555525e-01 -1.202193066203051993e-03 -2.116966878148921708e-03
2.124999999999999944e-01 -1.203109705084101514e-03 -2.116990925361398636e-03
2.131944444444444364e-01 -1.203643762243949717e-03 -2.116989538930658891e-03
2.138888888888889062e-01 -1.204948157949005828e-03 -2.116991625134297551e-03
2.145833333333333481e-01 -1.207274781596274398e-03 -2.117000311314357064e-03
2.152777777777777901e-01 -1.208826578750997948e-03 -2.116994222449221016e-03
2.159722222222222321e-01 -1.209845207687014045e-03 -2.117034462354521699e-03
2.166666666666666741e-01 -1.212014106741279851e-03 -2.117121123654299927e-03
2.173611111111111160e-01 -1.214309354131120049e-03 -2.117183535519896135e-03
2.180555555555555580e-01 -1.215049582037587995e-03 -2.117160647447277090e-03
2.187500000000000000e-01 -1.215110557691376734e-03 -2.117144706367422944e-03
2.194444444444444420e-01 -1.215665809313111207e-03 -2.117165868389843820e-03
2.201388888888888840e-01 -1.218353680461362531e-03 -2.117172027121794892e-03
2.208333333333333259e-01 -1.219466740160459394e-03 -2.117168106527103112e-03
2.215277777777777679e-01 -1.220601522335401905e-03 -2.117176741607881135e-03
2.222222222222222099e-01 -1.221226112407990203e-03 -2.117176028281982352e-03
2.229166666666666519e-01 -1.221670688719426546e-03 -2.117219207943692692e-03
2.236111111111110938e-01 -1.223864564641568816e-03 -2.117293344588949081e-03
2.243055555555555636e-01 -1.225721824602080774e-03 -2.117374534255758115e-03
2.250000000000000056e-01 -1.227205693322756721e-03 -2.117391541109027962e-03
2.256944444444444475e-01 -1.229242539680494919e-03 -2.117427592028185007e-03
2.263888888888888895e-01 -1.229817218599710184e-03 -2.117467306496281527e-03
2.270833333333333315e-01 -1.229122730266117135e-03 -2.117495606565388249e-03
2.277777777777777735e-01 -1.230480448650278979e-03 -2.117507864354652766e-03
2.284722222222222154e-01 -1.232648649642827630e-03 -2.117542521941353020e-03
2.291666666666666574e-01 -1.233971204484787549e-03 -2.117536442963047910e-03
2.298611111111110994e-01 -1.236166414925574499e-03 -2.117552480900434467e-03
2.305555555555555414e-01 -1.237855411773513018e-03 -2.117583336517649389e-03
2.312499999999999833e-01 -1.239776948029075758e-03 -2.117611490189538412e-03
2.319444444444444253e-01 -1.240529375010891245e-03 -2.117632917704700794e-03
2.326388888888888673e-01 -1.241010923059027941e-03 -2.117671702856315473e-03
2.333333333333333093e-01 -1.241609809920716503e-03 -2.117666393227825988e-03
2.340277777777777513e-01 -1.242886864514740515e-03 -2.117671395645802802e-03
2.347222222222222487e-01 -1.242668916740912724e-03 -2.117700179430643658e-03
2.354166666666666907e-01 -1.243334867458514978e-03 -2.117723631358379814e-03
2.361111111111111327e-01 -1.244242258931894376e-03 -2.117716444384350888e-03
2.368055555555555747e-01 -1.245865860171232282e-03 -2.117746340238674252e-03
2.375000000000000167e-01 -1.246865961106904995e-03 -2.117755800838830825e-03
2.381944444444444586e-01 -1.248683272260095543e-03 -2.117793959977087165e-03
2.388888888888889006e-01 -1.249523864825838109e-03 -2.117862862793900430e-03
2.395833333333333426e-01 -1.250402276712676711e-03 -2.117929051103651424e-03
2.402777777777777846e-01 -1.251517752480043938e-03 -2.117910309311099061e-03
2.409722222222222265e-01 -1.254559754627270754e-03 -2.117892218695121166e-03
2.416666666666666685e-01 -1.256019492830907306e-03 -2.117909598392347242e-03
2.423611111111111105e-01 -1.255320468425830116e-03 -2.117920049981064125e-03
2.430555555555555525e-01 -1.256328239917179788e-03 -2.117904122634475372e-03
2.437499999999999944e-01 -1.257353351366580262e-03 -2.117922651107166827e-03
2.444444444444444364e-01 -1.258208320017112228e-03 -2.117912392926570627e-03
2.451388888888889062e-01 -1.259236415217492066e-03 -2.117939872389254258e-03
2.458333333333333481e-01 -1.260010990175859701e-03 -2.117983887603651968e-03
2.465277777777777901e-01 -1.260432613498614239e-03 -2.118012177289181446e-03
2.472222222222222321e-01 -1.258624015937446095e-03 -2.109318128796183137e-03
2.479166666666666741e-01 -1.249814199909667729e-03 -2.075840069221783924e-03
2.486111111111111160e-01 -1.235719632452756539e-03 -2.007389744090200094e-03
2.493055555555555580e-01 -1.271540639168370181e-03 -1.898836974404492740e-03
2.500000000000000000e-01 -1.258888359765887111e-03 -1.725804045675705459e-03
2.506944444444444420e-01 -1.203833867116629657e-03 -1.528043901912895259e-03
2.513888888888888840e-01 -1.133767307196853827e-03 -1.321520848411089286e-03
2.520833333333333259e-01 -1.058059006683805718e-03 -1.132123712585834810e-03
2.527777777777777679e-01 -9.752305682147958520e-04 -9.774302706407416406e-04
2.534722222222222099e-01 -8.753732568998522307e-04 -8.424518313339895243e-04
2.541666666666666519e-01 -7.825605389365520312e-04 -7.135078561058230033e-04
2.548611111111110938e-01 -6.764765196362803679e-04 -5.802433350278729919e-04
2.555555555555555913e-01 -5.357799154323786717e-04 -4.219972804918043895e-04
2.562500000000000333e-01 -3.695842080509690892e-04 -2.427593357468096652e-04
2.569444444444444753e-01 -1.830950563170646536e-04 -4.666771086343389149e-05
2.576388888888889173e-01 3.364308702396286117e-05 1.861369980856087845e-04
2.583333333333333592e-01 3.214899617070768193e-04 4.888501399733895247e-04
2.590277777777778012e-01 6.322616657522163322e-04 8.958171552206302185e-04
2.597222222222222432e-01 1.080099866560109640e-03 1.400840593369355805e-03
2.604166666666666852e-01 1.648660363667600950e-03 2.024472942879139165e-03
2.611111111111111271e-01 2.223324308921820897e-03 2.729537021414977192e-03
2.618055555555555691e-01 3.051766303711503023e-03 3.500301061104505070e-03
2.625000000000000111e-01 3.941109074925229147e-03 4.337977114775221250e-03
2.631944444444444531e-01 4.893444726219582132e-03 5.221358086618536724e-03
2.638888888888888951e-01 5.988698834283425962e-03 6.185677396231389381e-03
2.645833333333333370e-01 7.123761176862310543e-03 7.162154727551731971e-03
2.652777777777777790e-01 8.332405348450136126e-03 8.045379052150304980e-03
2.659722222222222210e-01 9.603864704508370195e-03 8.775914231547977951e-03
2.666666666666666630e-01 1.074607211763912475e-02 9.327626064105852891e-03
2.673611111111111049e-01 1.184931809045311132e-02 9.721340750710802739e-03
2.680555555555555469e-01 1.290704864953931726e-02 1.007526123280068180e-02
2.687499999999999889e-01 1.396334903501226035e-02 1.056483494206941244e-02
2.694444444444444309e-01 1.555988972437806483e-02 1.130049994144708206e-02
2.701388888888888729e-01 1.737961522199644657e-02 1.234803356453320622e-02
2.708333333333333148e-01 1.914484198119099576e-02 1.365178493476854743e-02
2.715277777777777568e-01 2.040522557241038204e-02 1.502303520800898212e-02
2.722222222222221988e-01 2.128615683121744609e-02 1.620956531982142151e-02
2.729166666666666408e-01 2.205660228911186793e-02 1.699281706370192255e-02
2.736111111111110827e-01 2.318547754242187425e-02 1.732829703345519293e-02
2.743055555555555247e-01 2.463064867784233239e-02 1.728704501109213157e-02
2.749999999999999667e-01 2.528591748050579291e-02 1.705444930749179869e-02
2.756944444444444087e-01 2.603787033996874181e-02 1.684524114254408803e-02
2.763888888888889062e-01 2.699487852716281680e-02 1.686904013499462840e-02
2.770833333333332926e-01 2.823895794684488925e-02 1.719979565300243721e-02
2.777777777777777901e-01 2.958424156163610291e-02 1.782719742296524912e-02
2.784722222222222321e-01 3.058168702357819818e-02 1.853836700124905298e-02
2.791666666666666741e-01 3.154832769080020277e-02 1.925288278542879733e-02
2.798611111111111160e-01 3.255719289917864689e-02 1.994249598195764819e-02
2.805555555555555580e-01 3.352657819477131151e-02 2.056633670062610678e-02
2.812500000000000000e-01 3.456185960347600561e-02 2.113686500396961751e-02
2.819444444444444420e-01 3.700370529056361268e-02 2.183772723245653094e-02
2.826388888888888840e-01 3.702134347477453735e-02 2.305593291575485163e-02
2.833333333333333259e-01 3.980755574952642151e-02 2.512230506073409586e-02
2.840277777777777679e-01 4.072923086235614304e-02 2.806380298445344465e-02
2.847222222222222099e-01 5.040052911228019850e-02 3.205076558838924200e-02
2.854166666666666519e-01 5.167587807240221764e-02 3.659545684202338695e-02
2.861111111111110938e-01 5.716374654847006243e-02 4.116734790098862395e-02
2.868055555555555913e-01 6.181853425431076132e-02 4.532256879053890575e-02
2.874999999999999223e-01 6.638038712086882787e-02 4.893427455308768659e-02
2.881944444444444753e-01 7.178732933538310712e-02 5.207434891627769208e-02
2.888888888888889173e-01 7.579947752683037498e-02 5.466665258247531411e-02
2.895833333333333592e-01 7.437124481083966232e-02 5.651529295269223235e-02
2.902777777777778012e-01 8.055878207335316621e-02 5.726804005922603302e-02
2.909722222222222432e-01 8.241604233743385355e-02 5.692638600836589374e-02
2.916666666666666852e-01 8.397425864815388774e-02 5.558596459210114749e-02
2.923611111111111271e-01 8.358452963213980347e-02 5.372631041009224423e-02
2.930555555555555691e-01 8.405455471269612788e-02 5.256205653664350330e-02
2.937500000000000111e-01 8.122945231397589450e-02 5.296480678783935248e-02
2.944444444444444531e-01 9.528739723654355842e-02 5.495242505335585365e-02
2.951388888888888951e-01 8.343431756363871299e-02 5.814568420250552233e-02
2.958333333333333370e-01 9.444293999259588401e-02 6.276785946595049570e-02
2.965277777777777790e-01 9.931656325481899583e-02 6.779195857423249427e-02
2.972222222222222210e-01 1.049266915284624152e-01 7.200646539565458415e-02
2.979166666666666075e-01 1.109777307412007502e-01 7.551467636288512753e-02
2.986111111111111049e-01 1.167953794564494802e-01 7.857924493734555482e-02
2.993055555555555469e-01 1.222087590386460865e-01 8.131224774278876521e-02
2.999999999999999889e-01 1.268766249852417149e-01 8.409458075353067052e-02
3.006944444444444309e-01 1.310274319032773971e-01 8.680839203365947609e-02
3.013888888888888729e-01 1.349975767466651266e-01 8.944461554468889630e-02
3.020833333333333148e-01 1.389135409716012182e-01 9.217469055855552484e-02
3.027777777777777568e-01 1.427563681121012396e-01 9.485045992577084695e-02
3.034722222222221988e-01 1.467076504577507212e-01 9.744009928402344589e-02
3.041666666666666408e-01 1.507066852175968086e-01 9.999803602653224710e-02
3.048611111111110827e-01 1.545068163185058796e-01 1.024653845838634503e-01
3.055555555555555247e-01 1.584867595206269353e-01 1.049089829879236019e-01
3.062499999999999667e-01 1.624109941830298165e-01 1.073411752421141868e-01
3.069444444444444087e-01 1.661112508538730437e-01 1.097223596599975481e-01
3.076388888888889062e-01 1.698583471369852771e-01 1.121517248506018749e-01
3.083333333333332926e-01 1.741589898724160423e-01 1.145572985286034545e-01
3.090277777777777901e-01 1.779940124104166799e-01 1.169003127968152589e-01
3.097222222222222321e-01 1.809272164994313037e-01 1.193156955638352695e-01
3.104166666666666741e-01 1.840867875648360963e-01 1.216790674632112074e-01
3.111111111111111160e-01 1.877489785193586502e-01 1.239772832592244273e-01
3.118055555555555580e-01 1.915981118797734084e-01 1.262951434400224060e-01
3.125000000000000000e-01 1.955162025497290401e-01 1.285793359279744641e-01
3.131944444444444420e-01 2.006309707722079005e-01 1.309127197467093717e-01
3.138888888888888840e-01 2.058563929943054149e-01 1.333486575262337326e-01
3.145833333333333259e-01 2.114729726797270060e-01 1.358660559925806977e-01
3.152777777777777679e-01 2.173702603107718068e-01 1.385940721242588936e-01
3.159722222222222099e-01 2.230639152383372126e-01 1.414542174037762556e-01
3.166666666666666519e-01 2.271940673914878417e-01 1.444256342370921764e-01
3.173611111111110938e-01 2.314909336279702967e-01 1.474126420862810205e-01
3.180555555555555913e-01 2.357918126065847442e-01 1.502935468712800482e-01
3.187499999999999223e-01 2.400145528913717741e-01 1.530501267475334881e-01
3.194444444444444753e-01 2.439307871499953317e-01 1.557812926244868945e-01
3.201388888888889173e-01 2.477302287212650445e-01 1.584373320187458245e-01
3.208333333333333592e-01 2.521662777730722116e-01 1.609581121454430053e-01
3.215277777777778012e-01 2.564885153959069464e-01 1.635214863827671450e-01
3.222222222222222432e-01 2.602277163846395402e-01 1.661365567615657457e-01
3.229166666666666852e-01 2.640200857988909133e-01 1.687169811039469780e-01
3.236111111111111271e-01 2.676814521538962710e-01 1.712997128531428548e-01
3.243055555555555691e-01 2.717246706904485332e-01 1.737899397700822246e-01
3.250000000000000111e-01 2.761296715649768641e-01 1.762605344680917563e-01
3.256944444444444531e-01 2.803614833652462446e-01 1.788326669893934850e-01
3.263888888888888951e-01 2.845499482386263379e-01 1.813993728037454067e-01
3.270833333333333370e-01 2.887285987653507302e-01 1.839274813241300599e-01
3.277777777777777790e-01 2.922643379983554390e-01 1.863398187293389408e-01
3.284722222222222210e-01 2.961890808892441163e-01 1.888365399300906411e-01
3.291666666666666075e-01 2.999642423353462983e-01 1.913235034512819621e-01
3.298611111111111049e-01 3.039911378813313081e-01 1.937966759057762056e-01
3.305555555555555469e-01 3.080166044297176775e-01 1.962062851084537263e-01
3.312499999999999889e-01 3.110703134200467623e-01 1.986694940046460633e-01
3.319444444444444309e-01 3.150224160081869229e-01 2.011607170770676190e-01
3.326388888888888729e-01 3.194193264789834119e-01 2.035751884444125803e-01
3.333333333333333148e-01 3.234088415164105834e-01 2.059981956817373283e-01
3.340277777777777568e-01 3.273042068343192668e-01 2.084085476952998728e-01
3.347222222222221988e-01 3.309999237587457621e-01 2.109149722300412977e-01
3.354166666666666963e-01 3.346859870160330819e-01 2.133160771537829237e-01
3.361111111111110827e-01 3.385828277203780101e-01 2.156831246615224518e-01
3.368055555555555802e-01 3.422127156997705200e-01 2.181908911512777105e-01
3.374999999999999667e-01 3.452995316247057800e-01 2.206144357242499909e-01
3.381944444444444642e-01 3.488729763224369118e-01 2.229890509253731057e-01
3.388888888888888506e-01 3.535141597252763890e-01 2.254651311978905504e-01
3.395833333333333481e-01 3.577853017668248259e-01 2.278430582189006626e-01
3.402777777777777346e-01 3.606677392712606678e-01 2.302313401372254320e-01
3.409722222222222321e-01 3.640924319144817067e-01 2.326936821125344668e-01
3.416666666666666186e-01 3.685623968151736096e-01 2.351266193694903917e-01
3.423611111111111160e-01 3.724040785042344037e-01 2.374795077466320403e-01
3.430555555555555025e-01 3.758484529476968650e-01 2.399272788413743251e-01
3.437500000000000000e-01 3.798592679482600820e-01 2.423604247302050541e-01
3.444444444444443865e-01 3.838055410046428140e-01 2.447257630322171862e-01
3.451388888888888840e-01 3.874757176277512927e-01 2.471571461820144533e-01
3.458333333333333814e-01 3.908203723978263544e-01 2.495651872226613555e-01
3.465277777777777679e-01 3.944878726855244322e-01 2.519738484776556930e-01
3.472222222222222654e-01 3.986614443265545371e-01 2.544481871979006882e-01
3.479166666666666519e-01 4.028398332814241978e-01 2.567460018706105851e-01
3.486111111111111494e-01 4.063744021848567090e-01 2.590500909416684205e-01
3.493055555555555358e-01 4.100424138756890713e-01 2.615924415684695026e-01
3.500000000000000333e-01 4.139049700880923499e-01 2.639044746547621889e-01
3.506944444444444198e-01 4.180154325995344422e-01 2.662508115000646325e-01
3.513888888888889173e-01 4.218746624917545374e-01 2.687781552426535270e-01
3.520833333333333037e-01 4.259172955622162471e-01 2.712092501520704801e-01
3.527777777777778012e-01 4.295709901832446276e-01 2.735974145974341409e-01
3.534722222222221877e-01 4.335423640357159436e-01 2.761087835166909366e-01
3.541666666666666852e-01 4.375890301357804324e-01 2.785226892580573987e-01
3.548611111111110716e-01 4.431138608587201766e-01 2.809453690905483469e-01
3.555555555555555691e-01 4.486972065302109458e-01 2.835357054581574832e-01
3.562500000000000111e-01 4.541564597061014119e-01 2.861489203826704242e-01
3.569444444444444531e-01 4.601230584910514509e-01 2.888758095011224603e-01
3.576388888888888951e-01 4.657426595601707464e-01 2.918655167639871983e-01
3.583333333333333370e-01 4.697177839712783354e-01 2.947529065966909001e-01
3.590277777777777790e-01 4.738763903554691348e-01 2.976664202351024802e-01
3.597222222222222210e-01 4.777907225253314460e-01 3.006800525903976506e-01
3.604166666666666630e-01 4.816134991320850101e-01 3.035104414495367608e-01
3.611111111111111049e-01 4.850820377661516081e-01 3.062753563276557345e-01
3.618055555555555469e-01 4.892230409856982987e-01 3.090293939636566956e-01
3.624999999999999889e-01 4.935195282415926754e-01 3.116462539671165377e-01
3.631944444444444309e-01 4.976939407841550200e-01 3.143434863937580315e-01
3.638888888888888729e-01 5.015966717668518537e-01 3.172088444718429989e-01
3.645833333333333148e-01 5.059173458725738648e-01 3.199836759791564456e-01
3.652777777777777568e-01 4.576769428730909084e-01 3.216883295297873757e-01
3.659722222222221988e-01 3.952246072878007888e-01 3.204087895900320504e-01
3.666666666666666963e-01 3.671879678409571968e-01 3.150413421858000995e-01
3.673611111111110827e-01 3.634945970195506693e-01 3.045045101225654638e-01
3.680555555555555802e-01 3.826814803893378580e-01 2.901233303945169872e-01
3.687499999999999667e-01 3.645948146102301890e-01 2.744152192046520611e-01
3.694444444444444642e-01 3.593619904346496141e-01 2.620069176250483522e-01
3.701388888888888506e-01 3.708014466887177840e-01 2.547550093767905754e-01
3.708333333333333481e-01 4.662290687213370699e-01 2.541779081486188474e-01
3.715277777777777346e-01 5.032422938648387634e-01 2.600470462917677805e-01
3.722222222222222321e-01 5.329160579886691451e-01 2.687072960913626796e-01
3.729166666666666186e-01 5.450005771850419123e-01 2.803871822587746254e-01
3.736111111111111160e-01 5.647386354768252348e-01 2.899636099288840363e-01
3.743055555555555025e-01 5.699948546149736783e-01 2.975351931358160007e-01
3.750000000000000000e-01 5.716745618086687131e-01 3.035985824213603967e-01
3.756944444444443865e-01 5.703702974535211911e-01 3.084101350309249590e-01
3.763888888888888840e-01 5.714915566637918110e-01 3.130640304476137725e-01
3.770833333333333814e-01 5.737154497740595271e-01 3.177476074667398565e-01
3.777777777777777679e-01 5.768649791903589508e-01 3.220138567072007851e-01
3.784722222222222654e-01 5.798073640632526171e-01 3.261601399072319718e-01
3.791666666666666519e-01 5.830712355623545173e-01 3.301467797778591673e-01
3.798611111111111494e-01 5.868168706792614708e-01 3.338445051818397791e-01
3.805555555555555358e-01 5.897901264047825665e-01 3.376016745638435457e-01
3.812500000000000333e-01 5.929820832878861525e-01 3.412479265066304390e-01
3.819444444444444198e-01 5.966755049955507761e-01 3.447213649596270191e-01
3.826388888888889173e-01 5.999692269892340502e-01 3.483082870112941265e-01
3.833333333333333037e-01 6.034125518021227208e-01 3.516240533116845590e-01
3.840277777777778012e-01 6.073116024804761093e-01 3.548394790220190109e-01
3.847222222222221877e-01 6.106610829021644760e-01 3.582740203483367192e-01
3.854166666666666852e-01 6.141262312702872039e-01 3.616245918746828214e-01
3.861111111111111271e-01 6.186149389459374426e-01 3.649353461120579123e-01
3.868055555555555691e-01 6.225347891659059885e-01 3.680673675155133329e-01
3.875000000000000111e-01 6.252246907417304822e-01 3.712618672544504839e-01
3.881944444444444531e-01 6.291083587014975054e-01 3.744855072192844747e-01
3.888888888888888951e-01 6.331387757178250641e-01 3.775969836399740154e-01
3.895833333333333370e-01 6.370396459435536674e-01 3.808365488120984410e-01
3.902777777777777790e-01 6.400618044799359918e-01 3.838990222167105726e-01
3.909722222222222210e-01 6.437392493416307371e-01 3.869514670088652353e-01
3.916666666666666630e-01 6.484460117120007805e-01 3.900447485488502397e-01
3.923611111111111049e-01 6.520186584197534829e-01 3.930608375713443570e-01
3.930555555555555469e-01 6.551100072625988258e-01 3.961440819821844261e-01
3.937499999999999889e-01 6.593096341049875520e-01 3.991143911001573397e-01
3.944444444444444309e-01 6.631002828234118240e-01 4.020892073231860375e-01
3.951388888888888729e-01 6.664232683670245905e-01 4.050375477851150818e-01
3.958333333333333148e-01 6.706003256560604253e-01 4.080761532296207639e-01
3.965277777777778123e-01 6.748919789867259267e-01 4.110829073291432101e-01
3.972222222222221988e-01 6.782860924547127190e-01 4.140279888133460151e-01
3.979166666666666963e-01 6.828038662594964059e-01 4.170312353213892487e-01
3.986111111111110827e-01 6.872161097840356891e-01 4.200534007472991327e-01
3.993055555555555802e-01 6.905386099937944611e-01 4.231790849176900182e-01
3.999999999999999667e-01 6.948213759849311000e-01 4.263213220457015007e-01
4.006944444444444642e-01 6.990825312807085190e-01 4.294772395008727428e-01
4.013888888888888506e-01 7.015329399693496226e-01 4.325637319501746125e-01
4.020833333333333481e-01 7.055633000590576520e-01 4.356632351361680033e-01
4.027777777777777346e-01 7.107924062590207370e-01 4.387003075324441559e-01
4.034722222222222321e-01 7.147094102818301042e-01 4.417677476596527653e-01
4.041666666666666186e-01 7.181347012775400884e-01 4.450260661959001274e-01
4.048611111111111160e-01 7.213995349183979222e-01 4.480791956268540543e-01
4.055555555555555025e-01 7.253697267839687157e-01 4.511153144964842321e-01
4.062500000000000000e-01 7.295071007740456803e-01 4.542737971720773871e-01
4.069444444444444975e-01 7.327947974027465561e-01 4.570264344069609463e-01
4.076388888888888840e-01 7.360056022674174026e-01 4.599722709854876523e-01
4.083333333333333814e-01 7.405651994781855540e-01 4.632195115258038731e-01
4.090277777777777679e-01 7.441189765471288853e-01 4.660981252748390702e-01
4.097222222222222654e-01 7.472371812542811798e-01 4.690598768049228373e-01
4.104166666666666519e-01 7.510181705457511514e-01 4.722276759129122037e-01
4.111111111111111494e-01 7.553281956704637201e-01 4.751220607948445362e-01
4.118055555555555358e-01 7.590813840679618840e-01 4.781446203561224295e-01
4.125000000000000333e-01 7.624540315624966924e-01 4.813039267660694231e-01
4.131944444444444198e-01 7.659714963979511460e-01 4.840236293283528557e-01
4.138888888888889173e-01 7.692969859892550000e-01 4.869353889203149044e-01
4.145833333333333037e-01 7.732208920277150455e-01 4.901356167277612919e-01
4.152777777777778012e-01 7.777206770980217287e-01 4.929719322101567269e-01
4.159722222222221877e-01 7.810023773237848577e-01 4.959502340014731447e-01
4.166666666666666852e-01 7.840266890985514436e-01 4.990084985340543788e-01
4.173611111111111271e-01 7.883342059538538393e-01 5.016536774912060404e-01
4.180555555555555691e-01 7.916236727912866478e-01 5.047236418313695294e-01
4.187500000000000111e-01 7.947445388785880915e-01 5.079525486989154848e-01
4.194444444444444531e-01 7.984853260272706255e-01 5.103492414581599634e-01
4.201388888888888951e-01 8.029719915804759411e-01 5.133527578315828510e-01
4.208333333333333370e-01 8.061187312240576386e-01 5.167272533304174686e-01
4.215277777777777790e-01 8.093767373076372618e-01 5.195329759985656271e-01
4.222222222222222210e-01 8.141334549167901224e-01 5.224449064873457615e-01
4.229166666666666630e-01 8.165146009319106390e-01 5.255393655495707028e-01
4.236111111111111049e-01 8.192595250451231159e-01 5.282496400362347577e-01
4.243055555555555469e-01 8.236807159757224550e-01 5.313067396348173377e-01
4.249999999999999889e-01 8.274474248923581188e-01 5.344288617593002666e-01
4.256944444444444309e-01 8.309381395254880065e-01 5.369650650652229018e-01
4.263888888888888729e-01 8.346326949986736521e-01 5.399810788958532282e-01
4.270833333333333148e-01 8.385807237330005215e-01 5.432920311510468503e-01
4.277777777777778123e-01 8.417988455881362242e-01 5.461332078026706061e-01
4.284722222222221988e-01 8.450242246485002440e-01 5.490442992793059807e-01
4.291666666666666963e-01 8.491388137760506050e-01 5.519503886590757524e-01
4.298611111111110827e-01 8.520211915155292415e-01 5.548887698361234522e-01
4.305555555555555802e-01 8.547752739526951471e-01 5.578017728034924128e-01
4.312499999999999667e-01 8.586586928252544215e-01 5.606712330144945078e-01
4.319444444444444642e-01 8.629813898140527018e-01 5.637575049115458592e-01
4.326388888888888506e-01 8.666071290014140116e-01 5.665145420302132306e-01
4.333333333333333481e-01 8.698706634289057327e-01 5.693655851061776296e-01
4.340277777777777346e-01 8.735125402118482096e-01 5.725243344775873267e-01
4.347222222222222321e-01 8.769493938635791741e-01 5.753183604981595423e-01
4.354166666666666186e-01 8.806992728531034542e-01 5.784302155593450401e-01
4.361111111111111160e-01 8.839305488021822477e-01 5.812576256501951200e-01
4.368055555555555025e-01 8.863452690932140943e-01 5.840059033850666381e-01
4.375000000000000000e-01 8.901499313508436373e-01 5.869606904126623004e-01
4.381944444444444975e-01 8.934340073921414049e-01 5.900174311963380935e-01
4.388888888888888840e-01 8.965958446223345479e-01 5.927932688460305632e-01
4.395833333333333814e-01 8.986671101319499977e-01 5.954889120101696243e-01
4.402777777777777679e-01 9.017254842210487009e-01 5.986779806872036813e-01
4.409722222222222654e-01 9.055142836842410281e-01 6.013287941641821677e-01
4.416666666666666519e-01 9.081918765317520403e-01 6.038524603305744920e-01
4.423611111111111494e-01 9.113972142069545201e-01 6.069019646048061656e-01
4.430555555555555358e-01 9.152121190043496224e-01 6.094056669822843775e-01
4.437500000000000333e-01 9.181001270645784418e-01 6.120518983334377605e-01
4.444444444444444198e-01 9.218442757563289902e-01 6.150214589287327227e-01
4.451388888888889173e-01 9.249561329636548646e-01 6.177406162632627096e-01
4.458333333333333037e-01 9.275192878632945170e-01 6.206605472026814896e-01
4.465277777777778012e-01 9.317272419131122918e-01 6.233855234442808868e-01
4.472222222222221877e-01 9.348822229313258347e-01 6.258959889800103094e-01
4.479166666666666852e-01 9.375600845680717166e-01 6.288705318781212528e-01
4.486111111111111271e-01 9.406335365498673662e-01 6.317324937606560997e-01
4.493055555555555691e-01 9.447086513179654421e-01 6.344369844905072275e-01
4.500000000000000111e-01 9.482432371894981005e-01 6.375529306097736937e-01
4.506944444444444531e-01 9.513145274771062088e-01 6.402407000188211628e-01
4.513888888888888951e-01 9.548025321418055489e-01 6.431215437376127664e-01
4.520833333333333370e-01 9.580478151191166303e-01 6.461933389246717896e-01
4.527777777777777790e-01 9.614418834172897554e-01 6.488599883816666969e-01
4.534722222222222210e-01 9.632431407528122547e-01 6.517298145976505586e-01
4.541666666666666630e-01 9.666191298731393600e-01 6.545108824230755351e-01
4.548611111111111049e-01 9.705650114301536124e-01 6.574549792083532740e-01
4.555555555555555469e-01 9.739128321535932553e-01 6.603854832641701256e-01
4.562499999999999889e-01 9.768251007264975305e-01 6.628086505165190490e-01
4.569444444444444309e-01 9.799537572643967076e-01 6.656180383791722166e-01
4.576388888888888729e-01 9.825305167704381226e-01 6.691113738766610863e-01
4.583333333333333148e-01 9.855078032851579684e-01 6.716897006373023782e-01
4.590277777777778123e-01 9.885297669369419449e-01 6.741417107186491453e-01
4.597222222222221988e-01 9.912247969384873070e-01 6.771108910269896253e-01
4.604166666666666963e-01 9.953573132738272600e-01 6.800893624852141217e-01
4.611111111111110827e-01 9.976915105504966519e-01 6.828420965454701230e-01
4.618055555555555802e-01 1.000136935611124711e+00 6.859678721311791572e-01
4.624999999999999667e-01 1.002761020603816666e+00 6.885139820005731215e-01
4.631944444444444642e-01 1.006557655658371075e+00 6.911093383975477344e-01
4.638888888888888506e-01 1.011138736431994589e+00 6.942938982140424153e-01
4.645833333333333481e-01 1.013469202330298913e+00 6.969953420443245617e-01
4.652777777777777346e-01 1.014431211940429511e+00 6.998728305977235387e-01
4.659722222222222321e-01 1.018613554677850974e+00 7.026065842887381230e-01
4.666666666666666186e-01 1.022226127603517387e+00 7.052311897326087875e-01
4.673611111111111160e-01 1.023484836930351083e+00 7.083063610513214980e-01
4.680555555555555025e-01 1.026437981431713942e+00 7.109812873132277389e-01
4.687500000000000000e-01 1.029479126146254142e+00 7.137698932401046470e-01
4.694444444444444975e-01 1.031976218821619273e+00 7.167496036797348369e-01
4.701388888888888840e-01 1.034791861181208139e+00 7.192403313546142929e-01
4.708333333333333814e-01 1.037564180833021599e+00 7.220024802615929715e-01
4.715277777777777679e-01 1.039956112893648754e+00 7.248855873312954889e-01
4.722222222222222654e-01 1.042969527009461661e+00 7.274999751073267795e-01
4.729166666666666519e-01 1.046798171661081911e+00 7.304733386304518294e-01
4.736111111111111494e-01 1.050288008291468289e+00 7.328524554108621913e-01
4.743055555555555358e-01 1.051680422227842193e+00 7.355206392965917273e-01
4.750000000000000333e-01 1.053693128875570428e+00 7.383205603188343069e-01
4.756944444444444198e-01 1.057291127342992576e+00 7.412063409231042233e-01
4.763888888888889173e-01 1.059684932504517452e+00 7.439432599669270063e-01
4.770833333333333037e-01 1.062636265018108706e+00 7.461573156451035693e-01
4.777777777777778012e-01 1.064897730512736951e+00 7.491819864861533063e-01
4.784722222222221877e-01 1.067281082526488456e+00 7.519854029996941858e-01
4.791666666666666852e-01 1.070541787055059091e+00 7.544829315793799562e-01
4.798611111111111271e-01 1.072482574985083703e+00 7.574354653572568097e-01
4.805555555555555691e-01 1.073696699308380076e+00 7.597847102457980784e-01
4.812500000000000111e-01 1.077112140221692327e+00 7.622498015426554252e-01
4.819444444444444531e-01 1.079646332337188985e+00 7.647432138473834184e-01
4.826388888888888951e-01 1.081870199137411337e+00 7.669537057527758828e-01
4.833333333333333370e-01 1.085053074951995544e+00 7.694418671316937131e-01
4.840277777777777790e-01 1.086791218643313295e+00 7.724651623670851786e-01
4.847222222222222210e-01 1.088483490081748606e+00 7.747766039517587355e-01
4.854166666666666630e-01 1.091655990957018929e+00 7.769026511348829933e-01
4.861111111111111049e-01 1.094225488142061664e+00 7.779446538208858453e-01
4.868055555555555469e-01 1.097557116802275079e+00 7.801799598355882992e-01
4.874999999999999889e-01 1.100954532526269958e+00 7.818744566670695617e-01
4.881944444444444309e-01 1.103069494714780330e+00 7.837422008960253095e-01
4.888888888888888729e-01 1.104999539614011317e+00 7.860270874990231693e-01
4.895833333333333148e-01 1.108609480197275454e+00 7.880624475199526913e-01
4.902777777777778123e-01 1.110118166368342596e+00 7.915062988147740786e-01
4.909722222222221988e-01 1.112941177116408831e+00 7.951998103149136021e-01
4.916666666666666963e-01 1.115108879340084957e+00 7.972480167271396301e-01
4.923611111111110827e-01 1.117403598096128103e+00 7.995589891949340666e-01
4.930555555555555802e-01 1.119071400040527964e+00 8.026089294812072117e-01
4.937499999999999667e-01 1.122214371720040571e+00 8.073136841611836534e-01
4.944444444444444642e-01 1.124441002775465659e+00 8.107624489770313136e-01
4.951388888888888506e-01 1.125712601256053880e+00 8.114363884726621956e-01
4.958333333333333481e-01 1.128209285271216000e+00 8.137679402099637915e-01
4.965277777777777346e-01 1.130524071791991991e+00 8.168361847551703914e-01
4.972222222222222321e-01 1.133399544056705954e+00 8.202241659470200785e-01
4.979166666666666186e-01 1.135824216504176976e+00 8.235761803649335189e-01
4.986111111111111160e-01 1.138095365095751932e+00 8.256060160337219678e-01
4.993055555555555025e-01 1.140043892227845523e+00 8.276224140811413443e-01
5.000000000000000000e-01 1.141564506626136177e+00 8.305902213318566707e-01
5.006944444444444420e-01 1.143781598423047718e+00 8.333569090554500125e-01
5.013888888888888840e-01 1.145468029568942558e+00 8.353329524794506078e-01
5.020833333333333259e-01 1.148312066346159899e+00 8.382575999699740654e-01
5.027777777777777679e-01 1.150319058018941965e+00 8.409771333512929825e-01
5.034722222222222099e-01 1.152262734216985329e+00 8.432132586242330197e-01
5.041666666666666519e-01 1.154229023285360700e+00 8.456117247408333482e-01
5.048611111111110938e-01 1.156924651900149037e+00 8.480902684410394077e-01
5.055555555555555358e-01 1.158265784273679433e+00 8.505468106600924116e-01
5.062499999999999778e-01 1.159931851819096860e+00 8.530988342366481181e-01
5.069444444444444198e-01 1.163406803407627699e+00 8.550841337935850550e-01
5.076388888888888618e-01 1.165615516988606659e+00 8.575168229423200117e-01
5.083333333333333037e-01 1.166168655156460954e+00 8.606175208999335968e-01
5.090277777777777457e-01 1.169048717573275109e+00 8.625120997792391497e-01
5.097222222222221877e-01 1.171351760678280396e+00 8.644270161851969059e-01
5.104166666666666297e-01 1.173111741948319242e+00 8.669202296851242773e-01
5.111111111111111827e-01 1.174199267349911979e+00 8.695392318170018786e-01
5.118055555555555136e-01 1.175470436555096310e+00 8.727411463689622728e-01
5.125000000000000666e-01 1.178849412136547592e+00 8.737846905761708083e-01
5.131944444444443976e-01 1.180091744185884473e+00 8.750098658773424187e-01
5.138888888888889506e-01 1.180903812158736965e+00 8.777902680108905509e-01
5.145833333333332815e-01 1.184022193136956114e+00 8.795574092901340402e-01
5.152777777777778345e-01 1.186292465112462224e+00 8.825029657542602379e-01
5.159722222222221655e-01 1.188001678689005081e+00 8.861564228643785679e-01
5.166666666666667185e-01 1.189587729064754740e+00 8.884950407134831751e-01
5.173611111111110494e-01 1.189263915609612976e+00 8.903084845920774537e-01
5.180555555555556024e-01 1.188184382234930725e+00 8.922048733585992153e-01
5.187499999999999334e-01 1.192639277067612413e+00 8.946669062199563704e-01
5.194444444444444864e-01 1.195004031313462445e+00 8.969975530248656126e-01
5.201388888888888173e-01 1.196080785914165778e+00 8.991687786878049815e-01
5.208333333333333703e-01 1.200559941893947213e+00 9.007189121973819823e-01
5.215277777777778123e-01 1.204287674437907185e+00 9.031921853869138150e-01
5.222222222222222543e-01 1.200644056633353163e+00 9.052368967784173437e-01
5.229166666666666963e-01 1.198168196750776460e+00 9.078539592315117979e-01
5.236111111111111382e-01 1.200053362066542562e+00 9.100278746025121102e-01
5.243055555555555802e-01 1.202056674883795750e+00 9.112606349500438352e-01
5.250000000000000222e-01 1.203327251598172776e+00 9.118445481407384534e-01
5.256944444444444642e-01 1.205803969463296266e+00 9.149029339073935230e-01
5.263888888888889062e-01 1.206378960672473744e+00 9.166568811611388590e-01
5.270833333333333481e-01 1.208547527613582417e+00 9.172931721015267215e-01
5.277777777777777901e-01 1.210892655687248132e+00 9.193692244205721176e-01
5.284722222222222321e-01 1.211709465607428982e+00 9.220788195972934309e-01
5.291666666666666741e-01 1.213058521376792376e+00 9.245885627798424711e-01
5.298611111111111160e-01 1.214178062379440037e+00 9.250571672651649591e-01
5.305555555555555580e-01 1.216586751111341513e+00 9.276329360951914849e-01
5.312500000000000000e-01 1.216569420563449633e+00 9.292904073865053682e-01
5.319444444444444420e-01 1.216993203771241872e+00 9.307098888215752375e-01
5.326388888888888840e-01 1.222626712113629388e+00 9.338890065016772768e-01
5.333333333333333259e-01 1.226434862625978228e+00 9.348497405978518637e-01
5.340277777777777679e-01 1.222509920484924573e+00 9.361702653247618855e-01
5.347222222222222099e-01 1.224290676397172817e+00 9.384158228797619961e-01
5.354166666666666519e-01 1.226833291998447262e+00 9.401071872099207027e-01
5.361111111111110938e-01 1.226808811592322357e+00 9.418140373336340021e-01
5.368055555555555358e-01 1.227529488443930727e+00 9.434700438985693660e-01
5.374999999999999778e-01 1.227936439513302336e+00 9.455359687903458488e-01
5.381944444444444198e-01 1.228697773033921248e+00 9.473225116546351021e-01
5.388888888888888618e-01 1.229379242239187597e+00 9.494612961767247006e-01
5.395833333333333037e-01 1.231207769271548846e+00 9.512368811030902371e-01
5.402777777777777457e-01 1.237502727039936357e+00 9.530083299536864505e-01
5.409722222222221877e-01 1.239206921181891241e+00 9.549431056395887296e-01
5.416666666666666297e-01 1.238677798515108064e+00 9.567881194011317314e-01
5.423611111111111827e-01 1.241470096370142162e+00 9.582090343058440318e-01
5.430555555555555136e-01 1.244310991649784315e+00 9.600551392015074237e-01
5.437499999999998446e-01 1.240733652581103685e+00 9.617183149923868024e-01
5.444444444444443976e-01 1.240442601957598479e+00 9.628861884390346182e-01
5.451388888888889506e-01 1.246179239775738079e+00 9.652833741521644750e-01
5.458333333333332815e-01 1.248077370402094211e+00 9.672643681111720015e-01
5.465277777777778345e-01 1.244062319445996101e+00 9.681507673237790268e-01
5.472222222222221655e-01 1.245062100204463507e+00 9.701054280168598387e-01
5.479166666666667185e-01 1.246321489604019561e+00 9.717937274005734594e-01
5.486111111111110494e-01 1.250963036505523096e+00 9.729155777991571608e-01
5.493055555555556024e-01 1.253999666501760979e+00 9.751767052187970686e-01
5.499999999999999334e-01 1.250731035608485975e+00 9.765206667758301595e-01
5.506944444444444864e-01 1.248222195354827813e+00 9.778074907332023891e-01
5.513888888888888173e-01 1.247744414352240927e+00 9.797574929191392723e-01
5.520833333333333703e-01 1.248129957396246992e+00 9.810567020232560109e-01
5.527777777777778123e-01 1.250862557740823888e+00 9.829287943143413253e-01
5.534722222222222543e-01 1.254777978500771551e+00 9.843303853926786973e-01
5.541666666666665853e-01 1.258240304060499470e+00 9.855428681818360070e-01
5.548611111111111382e-01 1.261531486773180610e+00 9.867966602950943855e-01
5.555555555555555802e-01 1.263556238885620964e+00 9.883726826247068997e-01
5.562500000000000222e-01 1.262694443287183610e+00 9.901025992125533914e-01
5.569444444444444642e-01 1.260932254274201636e+00 9.914364302674021356e-01
5.576388888888889062e-01 1.262644300518545482e+00 9.922200217381934584e-01
5.583333333333333481e-01 1.264771405904217660e+00 9.940904544243814867e-01
5.590277777777777901e-01 1.266339657112750094e+00 9.959825777435690197e-01
5.597222222222222321e-01 1.266101133999930184e+00 9.964896901708080179e-01
5.604166666666666741e-01 1.266919368280489344e+00 9.972098534016720084e-01
5.611111111111111160e-01 1.269561540090109020e+00 1.000097935846787855e+00
5.618055555555555580e-01 1.268333446761596761e+00 9.997717820850929860e-01
5.625000000000000000e-01 1.268026306064533815e+00 1.000307830260032560e+00
5.631944444444444420e-01 1.267106589176766995e+00 1.002576256676214639e+00
5.638888888888888840e-01 1.263528521767893542e+00 1.005220846828767556e+00
5.645833333333332149e-01 1.263320777490106739e+00 1.006171354226664594e+00
5.652777777777777679e-01 1.262658715808314902e+00 1.006049986082437897e+00
5.659722222222222099e-01 1.261896466943687622e+00 1.006380697685335779e+00
5.666666666666666519e-01 1.263047438849929538e+00 1.007369171745964076e+00
5.673611111111110938e-01 1.262555359346193784e+00 1.009267102915090808e+00
5.680555555555555358e-01 1.262428775619719223e+00 1.011586558482343357e+00
5.687499999999999778e-01 1.263067252965072385e+00 1.011372012405840515e+00
5.694444444444444198e-01 1.262965082626401836e+00 1.012318802993765088e+00
5.701388888888888618e-01 1.268117429329412849e+00 1.014096802411207365e+00
5.708333333333333037e-01 1.274213717862756390e+00 1.014906328226068410e+00
5.715277777777777457e-01 1.270364328066000192e+00 1.014860280904385181e+00
5.722222222222221877e-01 1.267073776856445289e+00 1.015580031346317247e+00
5.729166666666666297e-01 1.266007433532803983e+00 1.017472391016337907e+00
5.736111111111111827e-01 1.267948181179955336e+00 1.018620005563821262e+00
5.743055555555555136e-01 1.268987328970425210e+00 1.019064354946726203e+00
5.749999999999998446e-01 1.271487095224219876e+00 1.019993270670971341e+00
5.756944444444443976e-01 1.277325510023863631e+00 1.021173302654911907e+00
5.763888888888889506e-01 1.272538303043055485e+00 1.021433486378759525e+00
5.770833333333332815e-01 1.267062398654008160e+00 1.022355146390380165e+00
5.777777777777778345e-01 1.266949180707664491e+00 1.023933011198312037e+00
5.784722222222221655e-01 1.269880421857415120e+00 1.024342471576448865e+00
5.791666666666667185e-01 1.272452911273721732e+00 1.024830263305728684e+00
5.798611111111110494e-01 1.276237772386345171e+00 1.026067234992170230e+00
5.805555555555556024e-01 1.282585254980774581e+00 1.026848702997368301e+00
5.812499999999999334e-01 1.287967498904487362e+00 1.027186475575819768e+00
5.819444444444444864e-01 1.280047883026517619e+00 1.028081573737086085e+00
5.826388888888888173e-01 1.275655594051692932e+00 1.029365486166052390e+00
5.833333333333333703e-01 1.275563138974036725e+00 1.029515155826602024e+00
5.840277777777778123e-01 1.275376094905777968e+00 1.029953186168687473e+00
5.847222222222222543e-01 1.282934950678117803e+00 1.031478690910807794e+00
5.854166666666665853e-01 1.284802176649072258e+00 1.031537613975672008e+00
5.861111111111111382e-01 1.286678002414599398e+00 1.031851257224736473e+00
5.868055555555555802e-01 1.286638213024658972e+00 1.033348337080688628e+00
5.875000000000000222e-01 1.284881919566370545e+00 1.034323265753553933e+00
5.881944444444444642e-01 1.286098575429693192e+00 1.034712041093031942e+00
5.888888888888889062e-01 1.285824958411100782e+00 1.035013043961275470e+00
5.895833333333333481e-01 1.284851319792561952e+00 1.035847918923026079e+00
5.902777777777777901e-01 1.286309516110155871e+00 1.036403756560934974e+00
5.909722222222222321e-01 1.287774080473023330e+00 1.037130478975196723e+00
5.916666666666666741e-01 1.288400816926285053e+00 1.037246148748215635e+00
5.923611111111111160e-01 1.288480455209886522e+00 1.038340597983305136e+00
5.930555555555555580e-01 1.289112259433035756e+00 1.038925949038044916e+00
5.937500000000000000e-01 1.288965194990154384e+00 1.039394016744418447e+00
5.944444444444444420e-01 1.287315850549202390e+00 1.039961881855890891e+00
5.951388888888888840e-01 1.289613037821538466e+00 1.039892430771236942e+00
5.958333333333332149e-01 1.289902269898149934e+00 1.040353087204333393e+00
5.965277777777777679e-01 1.288333117111486903e+00 1.041669478777346169e+00
5.972222222222222099e-01 1.288588326776264337e+00 1.041693115678094861e+00
5.979166666666666519e-01 1.288932865795581417e+00 1.041800509688648457e+00
5.986111111111110938e-01 1.286769423623248976e+00 1.042222960652118058e+00
5.993055555555555358e-01 1.288225247648449034e+00 1.043075434124124623e+00
5.999999999999999778e-01 1.290289336269651921e+00 1.043634906027645082e+00
6.006944444444444198e-01 1.287032271207267931e+00 1.042737212178879158e+00
6.013888888888888618e-01 1.285953956640983886e+00 1.042954771704170280e+00
6.020833333333333037e-01 1.287435355363986789e+00 1.044737978283056812e+00
6.027777777777777457e-01 1.288002269609239692e+00 1.044875950943428888e+00
6.034722222222221877e-01 1.283695833153564170e+00 1.044895808775285539e+00
6.041666666666666297e-01 1.280535707289174541e+00 1.045550757746767312e+00
6.048611111111111827e-01 1.282067584068810939e+00 1.045790767447981162e+00
6.055555555555555136e-01 1.285734092069881207e+00 1.045100242703398408e+00
6.062499999999998446e-01 1.283120439142308555e+00 1.045571767380587325e+00
6.069444444444443976e-01 1.279508093835910687e+00 1.046474619468245493e+00
6.076388888888889506e-01 1.281776159046189134e+00 1.047339853937965470e+00
6.083333333333332815e-01 1.286950561531639892e+00 1.047075524429406101e+00
6.090277777777778345e-01 1.288313839062106503e+00 1.047067615114806616e+00
6.097222222222221655e-01 1.289335527133789849e+00 1.048352080392940477e+00
6.104166666666667185e-01 1.292478579144358042e+00 1.048684786383543122e+00
6.111111111111110494e-01 1.295270722294630916e+00 1.048432059053529430e+00
6.118055555555556024e-01 1.291552886170239001e+00 1.048743028450099812e+00
6.124999999999999334e-01 1.289086566932147404e+00 1.048970891095751146e+00
6.131944444444444864e-01 1.291982710865408501e+00 1.049565950275440196e+00
6.138888888888888173e-01 1.290424048028584902e+00 1.049596900666116550e+00
6.145833333333333703e-01 1.290344073773420419e+00 1.050079295732586182e+00
6.152777777777778123e-01 1.292690639721852719e+00 1.049670987442946180e+00
6.159722222222222543e-01 1.291480482626766735e+00 1.049611903905484755e+00
6.166666666666665853e-01 1.291388838384610604e+00 1.049852080473609117e+00
6.173611111111111382e-01 1.292703269847160552e+00 1.050222413505832897e+00
6.180555555555555802e-01 1.291860244436992433e+00 1.049638071284226370e+00
6.187500000000000222e-01 1.290358227980374473e+00 1.049911601652883553e+00
6.194444444444444642e-01 1.289569924049324134e+00 1.050285553982876152e+00
6.201388888888889062e-01 1.289919638810754110e+00 1.050067928458485067e+00
6.208333333333333481e-01 1.289933730243731480e+00 1.050066214521797381e+00
6.215277777777777901e-01 1.288990174330179928e+00 1.049726004723140260e+00
6.222222222222222321e-01 1.289290948268536185e+00 1.049481421828442063e+00
6.229166666666666741e-01 1.293634286213130924e+00 1.049291701927356879e+00
6.236111111111111160e-01 1.289437278578349666e+00 1.049589570281234785e+00
6.243055555555555580e-01 1.288321397507899979e+00 1.049612249675566655e+00
6.250000000000000000e-01 1.289240302661778026e+00 1.048444535090025775e+00
6.256944444444444420e-01 1.287335122418183486e+00 1.048280581801041889e+00
6.263888888888888840e-01 1.286833403212077176e+00 1.048702424812191225e+00
6.270833333333332149e-01 1.286381342788986526e+00 1.048982100028555964e+00
6.277777777777777679e-01 1.287947810073626798e+00 1.047972913302890774e+00
6.284722222222222099e-01 1.288669470934209027e+00 1.048138898436298039e+00
6.291666666666666519e-01 1.286138729987855722e+00 1.047482772938618689e+00
6.298611111111110938e-01 1.285554672131017817e+00 1.045358847282986892e+00
6.305555555555555358e-01 1.287641828345371442e+00 1.044890224965539849e+00
6.312499999999999778e-01 1.287436858273628637e+00 1.046775418467905228e+00
6.319444444444444198e-01 1.284848045760767388e+00 1.045945077171272386e+00
6.326388888888888618e-01 1.283616901531425381e+00 1.045122799065635988e+00
6.333333333333333037e-01 1.283455200971699295e+00 1.045386547066753824e+00
6.340277777777777457e-01 1.285424593782723335e+00 1.045001630687066863e+00
6.347222222222221877e-01 1.287922807013227589e+00 1.044374308505074067e+00
6.354166666666666297e-01 1.284278706122772729e+00 1.044362400629073040e+00
6.361111111111111827e-01 1.280593878404213015e+00 1.042856075073995248e+00
6.368055555555555136e-01 1.281128857481745431e+00 1.042744869757878723e+00
6.374999999999998446e-01 1.281412309714184961e+00 1.041951912083744602e+00
6.381944444444443976e-01 1.279845930619085470e+00 1.041585796420467780e+00
6.388888888888889506e-01 1.282172829697753258e+00 1.041809334425020328e+00
6.395833333333332815e-01 1.278379170146898947e+00 1.039980936433091863e+00
6.402777777777778345e-01 1.271466417033267238e+00 1.038503089429297255e+00
6.409722222222221655e-01 1.268587710778724453e+00 1.038605921840918711e+00
6.416666666666667185e-01 1.269304498874884501e+00 1.037378033937045752e+00
6.423611111111110494e-01 1.267653296487788905e+00 1.037052937082662440e+00
6.430555555555556024e-01 1.265627331074920647e+00 1.036809364786018373e+00
6.437499999999999334e-01 1.265815296326200379e+00 1.035749301336695183e+00
6.444444444444444864e-01 1.267356406718675554e+00 1.033830122041491384e+00
6.451388888888888173e-01 1.266302254716390685e+00 1.032586939976399165e+00
6.458333333333333703e-01 1.261279990487153668e+00 1.032736585763518899e+00
6.465277777777778123e-01 1.256061157504712700e+00 1.031950294179154959e+00
6.472222222222222543e-01 1.258540560672041897e+00 1.030923986256443214e+00
6.479166666666665853e-01 1.258258774973196825e+00 1.030168615691813283e+00
6.486111111111111382e-01 1.255797634280399810e+00 1.028549622223894788e+00
6.493055555555555802e-01 1.254817124418642571e+00 1.027180436386264661e+00
6.500000000000000222e-01 1.172318539151671279e+00 1.024340810876393615e+00
6.506944444444444642e-01 1.131335286670893892e+00 1.018785835636272452e+00
6.513888888888889062e-01 1.020612855419070764e+00 1.008627679020947854e+00
6.520833333333333481e-01 9.444851871440664848e-01 9.930222969563156088e-01
6.527777777777777901e-01 9.497698660608576704e-01 9.729434655273802024e-01
6.534722222222222321e-01 9.795960720395782140e-01 9.505820741628738801e-01
6.541666666666666741e-01 9.441091435391385511e-01 9.283073246389166311e-01
6.548611111111111160e-01 9.339438595228368722e-01 9.077281616040236978e-01
6.555555555555555580e-01 9.086460850559078262e-01 8.895855130497325458e-01
6.562500000000000000e-01 8.914430913471647067e-01 8.734634058557577685e-01
6.569444444444444420e-01 8.790562027822559354e-01 8.586876779816660088e-01
6.576388888888888840e-01 8.688626615734895697e-01 8.446879966917725246e-01
6.583333333333332149e-01 8.592307372857894698e-01 8.311031781465237911e-01
6.590277777777777679e-01 8.515480786465593477e-01 8.179542150214873519e-01
6.597222222222222099e-01 8.496569759379457576e-01 8.053863801416245582e-01
6.604166666666666519e-01 8.453253562943685573e-01 7.932168306634248545e-01
6.611111111111110938e-01 8.384964104861594159e-01 7.810827906779138630e-01
6.618055555555555358e-01 8.424524418520163982e-01 7.687403136809920490e-01
6.624999999999999778e-01 8.483577932916656072e-01 7.560912032219360146e-01
6.631944444444444198e-01 8.478665339541630042e-01 7.433301446051177042e-01
6.638888888888888618e-01 8.340499022048346589e-01 7.305057770426857111e-01
6.645833333333333037e-01 8.199496549724325511e-01 7.185008419202471019e-01
6.652777777777777457e-01 8.079762880718230900e-01 7.078717912732287454e-01
6.659722222222221877e-01 8.021713894561134373e-01 6.988986500066369789e-01
6.666666666666666297e-01 8.126946940906210060e-01 6.912234459068521408e-01
6.673611111111110716e-01 8.951273651957848410e-01 6.852086584368513034e-01
6.680555555555555136e-01 7.824951706713578758e-01 6.815434282043907332e-01
6.687500000000000666e-01 9.302555951028986803e-01 6.808608436677628939e-01
6.694444444444443976e-01 9.865477243120264195e-01 6.845063582270307645e-01
6.701388888888888395e-01 1.047141058426225957e+00 6.896136450194759737e-01
6.708333333333333925e-01 1.012074126278588393e+00 6.974823940947264544e-01
6.715277777777778345e-01 9.518414424937704510e-01 7.038889333730423692e-01
6.722222222222221655e-01 9.101840279852004834e-01 7.050638540319764669e-01
6.729166666666666075e-01 8.554179067367849720e-01 7.010709029447169671e-01
6.736111111111111605e-01 9.601428621575148759e-01 6.928303936583100064e-01
6.743055555555556024e-01 8.632678538044115113e-01 6.812746852022223409e-01
6.749999999999999334e-01 8.884445434866434788e-01 6.688148937275777417e-01
6.756944444444443754e-01 8.685235243068387678e-01 6.576090273195919211e-01
6.763888888888889284e-01 8.569236427278167367e-01 6.472533504940214399e-01
6.770833333333333703e-01 8.408045918849659239e-01 6.380806588238503441e-01
6.777777777777777013e-01 8.057197174215642299e-01 6.291618468365354211e-01
6.784722222222221433e-01 8.508273403066939355e-01 6.191621078893562169e-01
6.791666666666666963e-01 8.230986156345587723e-01 6.064812034201256807e-01
6.798611111111111382e-01 8.235921113343099842e-01 5.921372793063855999e-01
6.805555555555554692e-01 8.207390603380985139e-01 5.759168589536179939e-01
6.812500000000000222e-01 7.891577261449408409e-01 5.595991322566851167e-01
6.819444444444444642e-01 7.736996742703711183e-01 5.460462184619647719e-01
6.826388888888889062e-01 7.560960367341574839e-01 5.379377737207533539e-01
6.833333333333332371e-01 7.835297012479538470e-01 5.349642733310663312e-01
6.840277777777777901e-01 8.745321273621755598e-01 5.377253305938410888e-01
6.847222222222222321e-01 8.386556910658629072e-01 5.435248480727897791e-01
6.854166666666666741e-01 7.910631101089338202e-01 5.482717445076357166e-01
6.861111111111110050e-01 8.388751756002285065e-01 5.503508781072421474e-01
6.868055555555555580e-01 8.552422458502877411e-01 5.477876382783892772e-01
6.875000000000000000e-01 7.625193972538101272e-01 5.409418535761612024e-01
6.881944444444444420e-01 8.088724427552252960e-01 5.311323835623176226e-01
6.888888888888887729e-01 7.857921114474358815e-01 5.208380379702035601e-01
6.895833333333333259e-01 7.956889967436179267e-01 5.111117073593006710e-01
6.902777777777777679e-01 7.867197877433688147e-01 5.022925886597101597e-01
6.909722222222222099e-01 7.843339324726433803e-01 4.939040499097768766e-01
6.916666666666667629e-01 7.808632206185306401e-01 4.858467202852973510e-01
6.923611111111110938e-01 7.797070051350183384e-01 4.777767912914943071e-01
6.930555555555555358e-01 7.762711446062493525e-01 4.694573656045915033e-01
6.937499999999999778e-01 7.705617140776382934e-01 4.610187858889083223e-01
6.944444444444445308e-01 7.630523595824058036e-01 4.524595847801693438e-01
6.951388888888888618e-01 7.416028986980314208e-01 4.446211019496066341e-01
6.958333333333333037e-01 7.901344019273351948e-01 4.391615176023697109e-01
6.965277777777777457e-01 7.311514582869360623e-01 4.374697008565214817e-01
6.972222222222222987e-01 8.827928176175328101e-01 4.392332950861805307e-01
6.979166666666666297e-01 9.345163163652425720e-01 4.450131172673351676e-01
6.986111111111110716e-01 9.680096754519130764e-01 4.527952665249312392e-01
6.993055555555555136e-01 9.729467696011984135e-01 4.617612608347148040e-01
7.000000000000000666e-01 9.839321942050354153e-01 4.700616790651087618e-01
7.006944444444443976e-01 9.900678137263896339e-01 4.758097096743140741e-01
7.013888888888888395e-01 9.971505514696815675e-01 4.796835057699143090e-01
7.020833333333333925e-01 1.002531040759987890e+00 4.824483779659211602e-01
7.027777777777778345e-01 9.986830757930910130e-01 4.845069869979675148e-01
7.034722222222221655e-01 1.000548984454697088e+00 4.861484870219353605e-01
7.041666666666666075e-01 1.004948812574887773e+00 4.875716288916045471e-01
7.048611111111111605e-01 1.005132911705231447e+00 4.886390606660190317e-01
7.055555555555556024e-01 1.004884303442572957e+00 4.895353452858389742e-01
7.062499999999999334e-01 1.007440117111224831e+00 4.901378969438834332e-01
7.069444444444443754e-01 1.007759089230792826e+00 4.903692968770659300e-01
7.076388888888889284e-01 1.006794117496789820e+00 4.904851445460570725e-01
7.083333333333333703e-01 1.006460991782183401e+00 4.904227572156087400e-01
7.090277777777777013e-01 1.005667472229574866e+00 4.900988167134004980e-01
7.097222222222221433e-01 1.005173452329391592e+00 4.896216820836957195e-01
7.104166666666666963e-01 1.002789583021086672e+00 4.889494271244978485e-01
7.111111111111111382e-01 1.003559039760987259e+00 4.882153939772442830e-01
7.118055555555554692e-01 1.004942313703654166e+00 4.873919232714377658e-01
7.125000000000000222e-01 1.002458276116260150e+00 4.864552520952213910e-01
7.131944444444444642e-01 9.991570004741778810e-01 4.853720032043522536e-01
7.138888888888889062e-01 9.971726503965895327e-01 4.841511596567315556e-01
7.145833333333332371e-01 9.934126953995837672e-01 4.829033951980211126e-01
7.152777777777777901e-01 9.933069939526759651e-01 4.815781420899528098e-01
7.159722222222222321e-01 9.951928145422911376e-01 4.801214026523037970e-01
7.166666666666666741e-01 9.915133318243253280e-01 4.785850342206092733e-01
7.173611111111110050e-01 9.877659228696226146e-01 4.769548897824352762e-01
7.180555555555555580e-01 9.882094254823126089e-01 4.752434288521036887e-01
7.187500000000000000e-01 9.898259032930267765e-01 4.734554728120194955e-01
7.194444444444444420e-01 9.829279360832348100e-01 4.715876648323668041e-01
7.201388888888887729e-01 9.773242655811327229e-01 4.696470463536425166e-01
7.208333333333333259e-01 9.765412294328447151e-01 4.676344040888349429e-01
7.215277777777777679e-01 9.761903333926921222e-01 4.655413716122088763e-01
7.222222222222222099e-01 9.755383978631598785e-01 4.634457482439324205e-01
7.229166666666667629e-01 9.715256525390594255e-01 4.612231794537053342e-01
7.236111111111110938e-01 9.701078794407418382e-01 4.589637531664868542e-01
7.243055555555555358e-01 9.684170967625450599e-01 4.566462154840748577e-01
7.249999999999999778e-01 9.616333218198126476e-01 4.542609531259635958e-01
7.256944444444445308e-01 9.581585019666581937e-01 4.517972110870297486e-01
7.263888888888888618e-01 9.561255882373641546e-01 4.492698376459566822e-01
7.270833333333333037e-01 9.550687891070546165e-01 4.466823119875981685e-01
7.277777777777777457e-01 9.494815159958320816e-01 4.440271627291730860e-01
7.284722222222222987e-01 9.439449721056401010e-01 4.413044232033206393e-01
7.291666666666666297e-01 9.408755629989168368e-01 4.385284943594846552e-01
7.298611111111110716e-01 9.359443997022415251e-01 4.356847326035519496e-01
7.305555555555555136e-01 9.311291762628206570e-01 4.327976167374740224e-01
7.312500000000000666e-01 9.260580916338116975e-01 4.298761071974947501e-01
7.319444444444443976e-01 9.210489214619905773e-01 4.268948459051679634e-01
7.326388888888888395e-01 9.155505285479003108e-01 4.238776803706807983e-01
7.333333333333333925e-01 9.096416128933270118e-01 4.208161366042065810e-01
7.340277777777778345e-01 9.059323898052424884e-01 4.177066453677805158e-01
7.347222222222221655e-01 8.983533020787630718e-01 4.145362555363833468e-01
7.354166666666666075e-01 8.946282658022867151e-01 4.113104913455645217e-01
7.361111111111111605e-01 8.935433369800956926e-01 4.080348305406090725e-01
7.368055555555556024e-01 8.890675910013737804e-01 4.047122583733560597e-01
7.374999999999999334e-01 8.853135744302441656e-01 4.013421594205721088e-01
7.381944444444443754e-01 8.870801800637813095e-01 3.979147046343483041e-01
7.388888888888889284e-01 8.914648157407614182e-01 3.944395559206129165e-01
7.395833333333333703e-01 8.885333470361073127e-01 3.909280917069087868e-01
7.402777777777777013e-01 8.914203585222384429e-01 3.873660080185833965e-01
7.409722222222221433e-01 8.960254104420957155e-01 3.837382389839485430e-01
7.416666666666666963e-01 9.001438106757869706e-01 3.800563019857307601e-01
7.423611111111111382e-01 9.049870490136826540e-01 3.763262635517778398e-01
7.430555555555554692e-01 9.082439121492916767e-01 3.725650961490737378e-01
7.437500000000000222e-01 9.118869194905663278e-01 3.687580147542366960e-01
7.444444444444444642e-01 9.133184655779827965e-01 3.648931954622032237e-01
7.451388888888889062e-01 9.084430559791885074e-01 3.609916733593358518e-01
7.458333333333332371e-01 9.041618842306411441e-01 3.570455393793566246e-01
7.465277777777777901e-01 9.015055762851342802e-01 3.530519270476959459e-01
7.472222222222222321e-01 8.956449489478403025e-01 3.490485058933533447e-01
7.479166666666666741e-01 8.845287830111578931e-01 3.450167868847458519e-01
7.486111111111110050e-01 8.737833958761507258e-01 3.409063037658816575e-01
7.493055555555555580e-01 8.590110544264620840e-01 3.367555141778155736e-01
7.500000000000000000e-01 8.457347026363322140e-01 3.325474899043303623e-01
7.506944444444444420e-01 8.363430264847343532e-01 3.282820396655841688e-01
7.513888888888887729e-01 8.228349274501965960e-01 3.239725801797390670e-01
7.520833333333333259e-01 8.115477275247321431e-01 3.196371394355320694e-01
7.527777777777777679e-01 8.047684611056046267e-01 3.152806447818451430e-01
7.534722222222222099e-01 8.016327983335616025e-01 3.109242530442307695e-01
7.541666666666667629e-01 8.134345173890109582e-01 3.061781831795483688e-01
7.548611111111110938e-01 8.230179148141830714e-01 3.001113276746184555e-01
7.555555555555555358e-01 8.034510500659605148e-01 2.928916432704640749e-01
7.562499999999999778e-01 8.154355244162571070e-01 2.845074492377031028e-01
7.569444444444445308e-01 7.262408812054307328e-01 2.744908823109573071e-01
7.576388888888888618e-01 7.573758972620959762e-01 2.640188662340658410e-01
7.583333333333333037e-01 7.624594015092621690e-01 2.546469749231632940e-01
7.590277777777777457e-01 7.268627305590686927e-01 2.471173411400394981e-01
7.597222222222222987e-01 7.219988865402459099e-01 2.417578776218678727e-01
7.604166666666666297e-01 7.134282893276628901e-01 2.385198894532130631e-01
7.611111111111110716e-01 7.112556087556526352e-01 2.364586923169531008e-01
7.618055555555556246e-01 7.120821249862296920e-01 2.345638387433095773e-01
7.625000000000000666e-01 7.068081350080910319e-01 2.322702256558339673e-01
7.631944444444443976e-01 7.063231983771771638e-01 2.293559160854907741e-01
7.638888888888888395e-01 7.053931530330194155e-01 2.259047692914840366e-01
7.645833333333333925e-01 7.009398495615140057e-01 2.221649331583513409e-01
7.652777777777778345e-01 6.954032058409020944e-01 2.183097687254014208e-01
7.659722222222221655e-01 6.906051361724667714e-01 2.144105920334419824e-01
7.666666666666666075e-01 6.866397973506992436e-01 2.104541774320763947e-01
7.673611111111111605e-01 6.818265845925098878e-01 2.064020704876704804e-01
7.680555555555556024e-01 6.786749632180371083e-01 2.022890434917024027e-01
7.687499999999999334e-01 6.745806990894318567e-01 1.981417962566023039e-01
7.694444444444443754e-01 6.692180506667912976e-01 1.939587160025959822e-01
7.701388888888889284e-01 6.622886588767167293e-01 1.897493980237699718e-01
7.708333333333333703e-01 6.553594805604590068e-01 1.855402072042423856e-01
7.715277777777777013e-01 6.475796495567273103e-01 1.813063103252735009e-01
7.722222222222222543e-01 6.373968095866746619e-01 1.770385432470224507e-01
7.729166666666666963e-01 6.238712406066713179e-01 1.727488484908305810e-01
7.736111111111111382e-01 6.081488154218653852e-01 1.684347350842925473e-01
7.743055555555554692e-01 5.905756765458012314e-01 1.640989082848877123e-01
7.750000000000000222e-01 5.756643618181120914e-01 1.597494866456063700e-01
7.756944444444444642e-01 5.641752552261660725e-01 1.554484246973973915e-01
7.763888888888889062e-01 5.557186975455441491e-01 1.511628798226816728e-01
7.770833333333332371e-01 5.496818494446286119e-01 1.468910360926656833e-01
7.777777777777777901e-01 5.435811086727696528e-01 1.426866972903476360e-01
7.784722222222222321e-01 5.331931833018392908e-01 1.382738639654562118e-01
7.791666666666666741e-01 4.954390071880693247e-01 1.339628253244154465e-01
7.798611111111110050e-01 4.562661671204694680e-01 1.291685360519446990e-01
7.805555555555555580e-01 4.487012679292257111e-01 1.242213573077525918e-01
7.812500000000000000e-01 3.468437521238411647e-01 1.187454796879465896e-01
7.819444444444444420e-01 3.823719403989672139e-01 1.131969779154551742e-01
7.826388888888889950e-01 3.935233095465502928e-01 1.079988937526999287e-01
7.833333333333333259e-01 4.016522535119225190e-01 1.035523743162883592e-01
7.840277777777777679e-01 3.939262937562139633e-01 9.980495611128482880e-02
7.847222222222222099e-01 3.736843883215616446e-01 9.655167976689778275e-02
7.854166666666667629e-01 3.707548430572474851e-01 9.364067526300162703e-02
7.861111111111110938e-01 3.783486950914699554e-01 9.087466075428965451e-02
7.868055555555555358e-01 3.286202097555075419e-01 8.793699333010142338e-02
7.874999999999999778e-01 3.062672723301954614e-01 8.484549183979708809e-02
7.881944444444445308e-01 2.938298027317592931e-01 8.171154025094505557e-02
7.888888888888888618e-01 2.884713689654841984e-01 7.856454036936311169e-02
7.895833333333333037e-01 2.793642716101876200e-01 7.538057509009676860e-02
7.902777777777777457e-01 2.717873654638929826e-01 7.235094960202816117e-02
7.909722222222222987e-01 2.633164753291940552e-01 6.975859338944147281e-02
7.916666666666666297e-01 2.549688546606965756e-01 6.734050889112255800e-02
7.923611111111110716e-01 2.467463011661865657e-01 6.500210255473033716e-02
7.930555555555556246e-01 2.384840888620719801e-01 6.273425250469202852e-02
7.937500000000000666e-01 2.303572197675300137e-01 6.047285561571198731e-02
7.944444444444443976e-01 2.221280976441219190e-01 5.828127310131811512e-02
7.951388888888888395e-01 2.140378154078021733e-01 5.625614187018045109e-02
7.958333333333333925e-01 2.060035254845173358e-01 5.430238770488171607e-02
7.965277777777778345e-01 1.986007072643675431e-01 5.247002148343499900e-02
7.972222222222221655e-01 1.907424393487248127e-01 5.076773422731681307e-02
7.979166666666666075e-01 1.835535544837174071e-01 4.906470684145056854e-02
7.986111111111111605e-01 1.762251823662986105e-01 4.745164344429544934e-02
7.993055555555556024e-01 1.697861442194860682e-01 4.588369477629870852e-02
7.999999999999999334e-01 1.629496765023393523e-01 4.441111284074034798e-02
8.006944444444443754e-01 1.566789630403583600e-01 4.300139751167773167e-02
8.013888888888889284e-01 1.505935373283322221e-01 4.161426947722777353e-02
8.020833333333333703e-01 1.449054167267807003e-01 4.026243386637331362e-02
8.027777777777777013e-01 1.392296000260634103e-01 3.899587488879413533e-02
8.034722222222222543e-01 1.341143817047615594e-01 3.781004600125619647e-02
8.041666666666666963e-01 1.291175955617873405e-01 3.667950305655580390e-02
8.048611111111111382e-01 1.244578522146863181e-01 3.550461919870093186e-02
8.055555555555554692e-01 1.200622023444228581e-01 3.437353943364110376e-02
8.062500000000000222e-01 1.160693006767195140e-01 3.333880244543094978e-02
8.069444444444444642e-01 1.122029434570981504e-01 3.228064904981819278e-02
8.076388888888889062e-01 1.089196778285562855e-01 3.122804918096722809e-02
8.083333333333332371e-01 1.058198248185791973e-01 3.033345415770808892e-02
8.090277777777777901e-01 1.026855300692807033e-01 2.949005518776467993e-02
8.097222222222222321e-01 9.992888486124455738e-02 2.860524199856796096e-02
8.104166666666666741e-01 9.738746330412761942e-02 2.772535825418704844e-02
8.111111111111110050e-01 9.513817164987972697e-02 2.687702696653712295e-02
8.118055555555555580e-01 9.298100278306664634e-02 2.599913695878155670e-02
8.125000000000000000e-01 9.099740337494842402e-02 2.517070694351362242e-02
8.131944444444444420e-01 8.905464245618334440e-02 2.445007952205642890e-02
8.138888888888889950e-01 8.745246077714273480e-02 2.377074844157404596e-02
8.145833333333333259e-01 8.585646931660431691e-02 2.306411573616584665e-02
8.152777777777777679e-01 8.460418955750417802e-02 2.242785953573407653e-02
8.159722222222222099e-01 8.335114270011136084e-02 2.182917921610549872e-02
8.166666666666667629e-01 8.215344939314478401e-02 2.120383150104261302e-02
8.173611111111110938e-01 8.040855919131120744e-02 2.054652234682346340e-02
8.180555555555555358e-01 7.788523188239446227e-02 1.990979434226180719e-02
8.187499999999999778e-01 7.667525307643913157e-02 1.929165034338615331e-02
8.194444444444445308e-01 7.631302929444064298e-02 1.872196246495371266e-02
8.201388888888888618e-01 7.620908333731381268e-02 1.812870746361458854e-02
8.208333333333333037e-01 7.605012524388457540e-02 1.755681284337778925e-02
8.215277777777777457e-01 7.576569137625351058e-02 1.703024234696006931e-02
8.222222222222222987e-01 7.557637229920953492e-02 1.652752069104270957e-02
8.229166666666666297e-01 7.541389319348607012e-02 1.605384275306382877e-02
8.236111111111110716e-01 7.520325852495740593e-02 1.558901218093635896e-02
8.243055555555556246e-01 7.504448260009781435e-02 1.513403169320365858e-02
8.250000000000000666e-01 7.495081821768821706e-02 1.468279129285227080e-02
8.256944444444443976e-01 7.466692749601894219e-02 1.423286505626582613e-02
8.263888888888888395e-01 7.452053748804508826e-02 1.379561814489667360e-02
8.270833333333333925e-01 7.433034235780919263e-02 1.340730114702855941e-02
8.277777777777778345e-01 7.427208870306074850e-02 1.303906906093874746e-02
8.284722222222221655e-01 7.433387591031632990e-02 1.264225059826080966e-02
8.291666666666666075e-01 7.439972507481959485e-02 1.224764885688795456e-02
8.298611111111111605e-01 7.449148418625772816e-02 1.189807277624350436e-02
8.305555555555556024e-01 7.461874316365234294e-02 1.155317990043006580e-02
8.312499999999999334e-01 7.461060279269604578e-02 1.121427244005864486e-02
8.319444444444443754e-01 7.428123631140938488e-02 1.087775271769120602e-02
8.326388888888889284e-01 7.407511957425012838e-02 1.054942037272130727e-02
8.333333333333333703e-01 7.393311617834495697e-02 1.024319730726031517e-02
8.340277777777777013e-01 7.403651684531080412e-02 9.941689533115952507e-03
8.347222222222222543e-01 7.410759256721782817e-02 9.642622523587596889e-03
8.354166666666666963e-01 7.421716715366610817e-02 9.355756658015780547e-03
8.361111111111111382e-01 7.443947547422632982e-02 9.080769334945216348e-03
8.368055555555554692e-01 7.465447606320603502e-02 8.810097199946215207e-03
8.375000000000000222e-01 7.472820254955581110e-02 8.535018195579937780e-03
8.381944444444444642e-01 7.468331808442482678e-02 8.275146762173698003e-03
8.388888888888889062e-01 7.465482457716884901e-02 8.028223195510634722e-03
8.395833333333332371e-01 7.467011353025772291e-02 7.785385882855735268e-03
8.402777777777777901e-01 7.466971461482874162e-02 7.546180997947444721e-03
8.409722222222222321e-01 7.476572230440536870e-02 7.313712902120845898e-03
8.416666666666666741e-01 7.472348302682904619e-02 7.087228081217858931e-03
8.423611111111110050e-01 7.512582006024459691e-02 6.867851219493313619e-03
8.430555555555555580e-01 7.546044340644005033e-02 6.657335959860212482e-03
8.437500000000000000e-01 7.572404709723143390e-02 6.451259971174846258e-03
8.444444444444444420e-01 7.566761554126580358e-02 6.247147741420011960e-03
8.451388888888889950e-01 7.569086844389011359e-02 6.048906128148850633e-03
8.458333333333333259e-01 7.569758680389644667e-02 5.857614625689969157e-03
8.465277777777777679e-01 7.581230120428804342e-02 5.667013213611238331e-03
8.472222222222222099e-01 7.587085363915847813e-02 5.489487679253021377e-03
8.479166666666667629e-01 7.588769877937391606e-02 5.311825737785763960e-03
8.486111111111110938e-01 7.593102018232236738e-02 5.135525377623574930e-03
8.493055555555555358e-01 7.598910173922517053e-02 4.973355315357441166e-03
8.499999999999999778e-01 7.615148109731185999e-02 4.816456364041142926e-03
8.506944444444445308e-01 7.629456082143833140e-02 4.660376998491750147e-03
8.513888888888888618e-01 7.623288332014115098e-02 4.502944667851442595e-03
8.520833333333333037e-01 7.614382291235959055e-02 4.348221834323239172e-03
8.527777777777777457e-01 7.617678344789444167e-02 4.203624499728504660e-03
8.534722222222222987e-01 7.630921975678205127e-02 4.059468906944348719e-03
8.541666666666666297e-01 7.640344133351852085e-02 3.914738309847252962e-03
8.548611111111110716e-01 7.646948388690746889e-02 3.773301062369199821e-03
8.555555555555556246e-01 7.654144966367112946e-02 3.636401511850856447e-03
8.562500000000000666e-01 7.661126528176731565e-02 3.507048332305225894e-03
8.569444444444443976e-01 7.666175503825103932e-02 3.380571670188999966e-03
8.576388888888888395e-01 7.668254804998546337e-02 3.256468334438512250e-03
8.583333333333333925e-01 7.670082613339609945e-02 3.137346903954210588e-03
8.590277777777778345e-01 7.669846658347649615e-02 3.020486373326047337e-03
8.597222222222221655e-01 7.670981249527925039e-02 2.904709147823475793e-03
8.604166666666666075e-01 7.669613404882293095e-02 2.789414853906380977e-03
8.611111111111111605e-01 7.667726211044258167e-02 2.678747165209569969e-03
8.618055555555556024e-01 7.659760285736089136e-02 2.572133193499644577e-03
8.624999999999999334e-01 7.658427415332243193e-02 2.469764698393197167e-03
8.631944444444443754e-01 7.665677625951561325e-02 2.368058032082742854e-03
8.638888888888889284e-01 7.673887995713223054e-02 2.266732339156750896e-03
8.645833333333333703e-01 7.676208350116017765e-02 2.169502168771384257e-03
8.652777777777777013e-01 7.670610479504873236e-02 2.079858995416859584e-03
8.659722222222222543e-01 7.666294321216779450e-02 1.986057651403702953e-03
8.666666666666666963e-01 7.670519122244191801e-02 1.894561717889896085e-03
8.673611111111111382e-01 7.681556824686783247e-02 1.808440793738223936e-03
8.680555555555554692e-01 7.684169821650221888e-02 1.721408334454611801e-03
8.687500000000000222e-01 7.676117899991818927e-02 1.635988948055972381e-03
8.694444444444444642e-01 7.667276734308052510e-02 1.554736120751135141e-03
8.701388888888889062e-01 7.663183375736987157e-02 1.476636996168872789e-03
8.708333333333332371e-01 7.668987017099872239e-02 1.398647547978767221e-03
8.715277777777777901e-01 7.661933249558854075e-02 1.321446279541059997e-03
8.722222222222222321e-01 7.657908746777392084e-02 1.246867683216085080e-03
8.729166666666666741e-01 7.657272142783491664e-02 1.173754945940411881e-03
8.736111111111110050e-01 7.662215166567644398e-02 1.103735150616402816e-03
8.743055555555555580e-01 7.651087467440803591e-02 1.035370645529523582e-03
8.750000000000000000e-01 7.638772092418778803e-02 9.666999665406775808e-04
8.756944444444444420e-01 7.630073527836378489e-02 9.001933853766178571e-04
8.763888888888889950e-01 7.639129960434735966e-02 8.374758535323021964e-04
8.770833333333333259e-01 7.637252292254992359e-02 7.753292653465854731e-04
8.777777777777777679e-01 7.634158420421120750e-02 7.146198964460107354e-04
8.784722222222222099e-01 7.624929457858926896e-02 6.541490068569338857e-04
8.791666666666667629e-01 7.617156340942558834e-02 5.940686282619452941e-04
8.798611111111110938e-01 7.608982132081552885e-02 5.349116120063726653e-04
8.805555555555555358e-01 7.598656521624069793e-02 4.793199337146238710e-04
8.812499999999999778e-01 7.592843096055265639e-02 4.247359041267854615e-04
8.819444444444445308e-01 7.587511613309753933e-02 3.709649615790871829e-04
8.826388888888888618e-01 7.577483482576084783e-02 3.176321870349639435e-04
8.833333333333333037e-01 7.565858665537368577e-02 2.658396703804240518e-04
8.840277777777777457e-01 7.557372187266891972e-02 2.152457129241991981e-04
8.847222222222222987e-01 7.550549975985808293e-02 1.655279604902128935e-04
8.854166666666666297e-01 7.542914400407131625e-02 1.164915310245456315e-04
8.861111111111110716e-01 7.540930858398803283e-02 6.973892101699373893e-05
8.868055555555556246e-01 7.533909690799205083e-02 2.380200525789590848e-05
8.875000000000000666e-01 7.521253731910280960e-02 -2.078270856398930391e-05
8.881944444444443976e-01 7.516067847745794284e-02 -6.481568071147299692e-05
8.888888888888888395e-01 7.509537796359612438e-02 -1.076545121263076525e-04
8.895833333333333925e-01 7.508436855224386031e-02 -1.496802171723489688e-04
8.902777777777778345e-01 7.495302521898523918e-02 -1.904410339132664974e-04
8.909722222222221655e-01 7.480426609433810103e-02 -2.301113682299808154e-04
8.916666666666666075e-01 7.482617054686760416e-02 -2.690524850054476806e-04
8.923611111111111605e-01 7.475834773356779261e-02 -3.069964835894504118e-04
8.930555555555556024e-01 7.456391560476459401e-02 -3.443413249280301357e-04
8.937499999999999334e-01 7.445964746910428700e-02 -3.806917172294736794e-04
8.944444444444443754e-01 7.448522838448820571e-02 -4.165538156288961904e-04
8.951388888888889284e-01 7.442270246227783437e-02 -4.513938980325957889e-04
8.958333333333333703e-01 7.420598028605519814e-02 -4.856995085586669389e-04
8.965277777777777013e-01 7.409559856430901481e-02 -5.189838467292552746e-04
8.972222222222222543e-01 7.404565845453170425e-02 -5.518009086072331489e-04
8.979166666666666963e-01 7.392076019491913841e-02 -5.836955078074978348e-04
8.986111111111111382e-01 7.384702408568853682e-02 -6.148959354091754247e-04
8.993055555555554692e-01 7.374491536484546750e-02 -6.456077932390555775e-04
9.000000000000000222e-01 7.368292693370664947e-02 -6.756116520078534219e-04
9.006944444444444642e-01 7.359903446044670228e-02 -7.049599469539543891e-04
9.013888888888889062e-01 7.352170798957545494e-02 -7.335727593644595940e-04
9.020833333333332371e-01 7.343131855144767461e-02 -7.617494666967212407e-04
9.027777777777777901e-01 7.329388941677109082e-02 -7.891553085797710452e-04
9.034722222222222321e-01 7.308305237185763747e-02 -8.162960020389462609e-04
9.041666666666666741e-01 7.298733768808844669e-02 -8.425363826247681985e-04
9.048611111111110050e-01 7.292397674034609145e-02 -8.683477418336813967e-04
9.055555555555555580e-01 7.282283530327200716e-02 -8.934656086908165798e-04
9.062500000000000000e-01 7.273471211035524575e-02 -9.182289555244357165e-04
9.069444444444444420e-01 7.263000376274419967e-02 -9.424218927363669628e-04
9.076388888888889950e-01 7.250344294446972593e-02 -9.660777650353903710e-04
9.083333333333333259e-01 7.237317919820966672e-02 -9.891834063709978656e-04
9.090277777777777679e-01 7.232354771486522449e-02 -1.011719964922822099e-03
9.097222222222222099e-01 7.216839108812561632e-02 -1.034003097444892135e-03
9.104166666666667629e-01 7.204141647980716323e-02 -1.055649430331375002e-03
9.111111111111110938e-01 7.200547574975006693e-02 -1.076996401671510275e-03
9.118055555555555358e-01 7.192905856983729251e-02 -1.097729502870142424e-03
9.124999999999999778e-01 7.176955835352644142e-02 -1.118182494551109600e-03
9.131944444444445308e-01 7.167359878584417254e-02 -1.138031085263922944e-03
9.138888888888888618e-01 7.156499417571943189e-02 -1.157647894806313393e-03
9.145833333333333037e-01 7.146693797261891024e-02 -1.176672198930767610e-03
9.152777777777777457e-01 7.137493288833569871e-02 -1.195456286596997776e-03
9.159722222222222987e-01 7.127471740620368312e-02 -1.213780524344185282e-03
9.166666666666666297e-01 7.115138275233544307e-02 -1.231717810770169112e-03
9.173611111111110716e-01 7.110077438804542072e-02 -1.249354079314600940e-03
9.180555555555556246e-01 7.097338130134503431e-02 -1.266553895333727420e-03
9.187500000000000666e-01 7.083738239019948812e-02 -1.283446374656970965e-03
9.194444444444443976e-01 7.069420942448373379e-02 -1.299880165860959952e-03
9.201388888888888395e-01 7.064376372013636551e-02 -1.316130973089125328e-03
9.208333333333333925e-01 7.055351592806941019e-02 -1.331889552454559259e-03
9.215277777777778345e-01 7.038025757609929489e-02 -1.347485878336934914e-03
9.222222222222221655e-01 7.025616618740297692e-02 -1.362536022258851792e-03
9.229166666666666075e-01 7.013475912621162933e-02 -1.377492560463288319e-03
9.236111111111111605e-01 7.008111667644945086e-02 -1.392025748136558423e-03
9.243055555555556024e-01 7.005634731858995101e-02 -1.406274523798590114e-03
9.249999999999999334e-01 6.990323100043872862e-02 -1.420268129329565424e-03
9.256944444444443754e-01 6.964986129841635454e-02 -1.434004069611451593e-03
9.263888888888889284e-01 6.951218222415436743e-02 -1.447406105019506152e-03
9.270833333333333703e-01 6.943503930178784866e-02 -1.460519635095654419e-03
9.277777777777777013e-01 6.934383852464816311e-02 -1.473435062771592330e-03
9.284722222222222543e-01 6.921458881199338276e-02 -1.485988815952810679e-03
9.291666666666666963e-01 6.905233116445429198e-02 -1.498349152236191917e-03
9.298611111111111382e-01 6.892047977942158954e-02 -1.510388642863431854e-03
9.305555555555554692e-01 6.884179612664818870e-02 -1.522242729094074433e-03
9.312500000000000222e-01 6.870659265778930602e-02 -1.533776356966700272e-03
9.319444444444444642e-01 6.857748020588939897e-02 -1.545148671410939744e-03
9.326388888888889062e-01 6.848294905318773329e-02 -1.556193831083505169e-03
9.333333333333332371e-01 6.839772334215908633e-02 -1.567124652903234983e-03
9.340277777777777901e-01 6.823837088270288953e-02 -1.577770775797397718e-03
9.347222222222222321e-01 6.809744007345643058e-02 -1.588224236147526072e-03
9.354166666666666741e-01 6.798505472756427581e-02 -1.598494684394883214e-03
9.361111111111110050e-01 6.787651529065721889e-02 -1.608531312151498943e-03
9.368055555555555580e-01 6.773829693051250378e-02 -1.618416852321702491e-03
9.375000000000000000e-01 6.759888785057692473e-02 -1.628042601706495077e-03
9.381944444444444420e-01 6.749771750211254473e-02 -1.637525487674157919e-03
9.388888888888889950e-01 6.735537867811028367e-02 -1.646758930862252416e-03
9.395833333333333259e-01 6.722073984092104271e-02 -1.655900217590079715e-03
9.402777777777777679e-01 6.710812404555420441e-02 -1.664760896018605604e-03
9.409722222222222099e-01 6.700477470454366258e-02 -1.673546791787159640e-03
9.416666666666667629e-01 6.687383897073453931e-02 -1.682061156754453921e-03
9.423611111111110938e-01 6.677088016789972658e-02 -1.690476478883875698e-03
9.430555555555555358e-01 6.665604504595609714e-02 -1.698681668828936741e-03
9.437499999999999778e-01 6.653903094148454211e-02 -1.706744867556990713e-03
9.444444444444445308e-01 6.641564800760352272e-02 -1.714666970832370765e-03
9.451388888888888618e-01 6.631856590161727683e-02 -1.722398709317462390e-03
9.458333333333333037e-01 6.618803171679511765e-02 -1.730026041114235890e-03
9.465277777777777457e-01 6.606399323567906101e-02 -1.737464598280209858e-03
9.472222222222222987e-01 6.595165582458904774e-02 -1.744789034203425527e-03
9.479166666666666297e-01 6.585699687140188219e-02 -1.751928254552316978e-03
9.486111111111110716e-01 6.574855232882036160e-02 -1.758952754393556129e-03
9.493055555555556246e-01 6.563850713555581529e-02 -1.765806153128881076e-03
9.500000000000000666e-01 6.550000210624029595e-02 -1.772571486397513758e-03
9.506944444444443976e-01 6.539308997156570435e-02 -1.779147117980020955e-03
9.513888888888888395e-01 6.526931076961700606e-02 -1.785643529081937285e-03
9.520833333333333925e-01 6.517228332551198988e-02 -1.791981492521051936e-03
9.527777777777778345e-01 6.508139617721063475e-02 -1.798212324695534553e-03
9.534722222222221655e-01 6.502493561115248177e-02 -1.804316946536636650e-03
9.541666666666666075e-01 6.497540116708615254e-02 -1.810286804813428284e-03
9.548611111111111605e-01 6.493731914172247432e-02 -1.816167074450176751e-03
9.555555555555556024e-01 6.485730210134355023e-02 -1.821890165334514797e-03
9.562499999999999334e-01 6.478955063013720761e-02 -1.827543905137219782e-03
9.569444444444443754e-01 6.469040200475983937e-02 -1.833047993344102044e-03
9.576388888888889284e-01 6.454722860684213026e-02 -1.838479569762709737e-03
9.583333333333333703e-01 6.440606477588753376e-02 -1.843782283011324635e-03
9.590277777777777013e-01 6.427806213243172917e-02 -1.849010628005012249e-03
9.597222222222222543e-01 6.412300686129748795e-02 -1.853629850253984924e-03
9.604166666666666963e-01 6.393228224962345385e-02 -1.858026267742823607e-03
9.611111111111111382e-01 6.375136648749686608e-02 -1.862467739489572904e-03
9.618055555555554692e-01 6.359863953217664845e-02 -1.866780645035937816e-03
9.625000000000000222e-01 6.345389941003776180e-02 -1.870974115251299464e-03
9.631944444444444642e-01 6.334188948311460232e-02 -1.875144109251811186e-03
9.638888888888889062e-01 6.320990294295096568e-02 -1.879242740544439724e-03
9.645833333333332371e-01 6.303934664628975393e-02 -1.883235655291535041e-03
9.652777777777777901e-01 6.287482568582963838e-02 -1.887167350021542057e-03
9.659722222222222321e-01 6.274943191117718366e-02 -1.891074733345381349e-03
9.666666666666666741e-01 6.263915074636704217e-02 -1.894871010796354274e-03
9.673611111111110050e-01 6.251499994608746003e-02 -1.898586722293577446e-03
9.680555555555555580e-01 6.239005893671088765e-02 -1.902283892278963228e-03
9.687500000000000000e-01 6.227400437016802209e-02 -1.905902619416269478e-03
9.694444444444444420e-01 6.215129759899200301e-02 -1.909449753432850743e-03
9.701388888888889950e-01 6.201945258249615123e-02 -1.912973526189048817e-03
9.708333333333333259e-01 6.189412573840846754e-02 -1.916420726994153738e-03
9.715277777777777679e-01 6.178750673050536352e-02 -1.919806181314742547e-03
9.722222222222222099e-01 6.170401165782891939e-02 -1.923147763392999473e-03
9.729166666666667629e-01 6.154882951339496477e-02 -1.926449504389793170e-03
9.736111111111110938e-01 6.143845608585640078e-02 -1.929668063993969680e-03
9.743055555555555358e-01 6.132329156642843393e-02 -1.932805593605887431e-03
9.749999999999999778e-01 6.121928227131129274e-02 -1.935914184759645251e-03
9.756944444444445308e-01 6.106721218874955337e-02 -1.938970829119547688e-03
9.763888888888888618e-01 6.098673909332098103e-02 -1.941934660030031476e-03
9.770833333333333037e-01 6.093179279914209129e-02 -1.944850887042774007e-03
9.777777777777777457e-01 6.076957942278645580e-02 -1.947771563577434554e-03
9.784722222222222987e-01 6.064357720726300943e-02 -1.950642074811650192e-03
9.791666666666666297e-01 6.055540375346649823e-02 -1.953430492366417959e-03
9.798611111111110716e-01 6.046947918800187755e-02 -1.956183263666418353e-03
9.805555555555556246e-01 6.039220406149562598e-02 -1.959174714418793813e-03
9.812500000000000666e-01 6.029355545393563776e-02 -1.961896086978125956e-03
9.819444444444443976e-01 6.015463295253570958e-02 -1.964469734524592129e-03
9.826388888888888395e-01 6.001104299455559815e-02 -1.967021906403716627e-03
9.833333333333333925e-01 5.987665229370592312e-02 -1.969549266900392972e-03
9.840277777777778345e-01 5.981548270586847793e-02 -1.972030552881733068e-03
9.847222222222221655e-01 5.967034932008710019e-02 -1.974456109357466092e-03
9.854166666666666075e-01 5.952311667407248624e-02 -1.976857008020709364e-03
9.861111111111111605e-01 5.938441587907035413e-02 -1.979219257882526908e-03
9.868055555555556024e-01 5.927097524119392252e-02 -1.981531589180129515e-03
9.874999999999999334e-01 5.910797803007781376e-02 -1.984018802082404120e-03
9.881944444444443754e-01 5.897240503657386057e-02 -1.986297610779682189e-03
9.888888888888889284e-01 5.888282693167994769e-02 -1.988467540320086688e-03
9.895833333333333703e-01 5.880484285616410789e-02 -1.990618983025708132e-03
9.902777777777777013e-01 5.868166266939722070e-02 -1.992747666137321527e-03
9.909722222222222543e-01 5.854555112873616185e-02 -1.994834513949601210e-03
9.916666666666666963e-01 5.844312293404677061e-02 -1.996871940478814941e-03
9.923611111111111382e-01 5.830878577079862124e-02 -1.998885013317442359e-03
9.930555555555554692e-01 5.819899162620657124e-02 -2.000859088347487109e-03
9.937500000000000222e-01 5.809226463896746684e-02 -2.002820764721775261e-03
9.944444444444444642e-01 5.797285136965859426e-02 -2.004941309537303443e-03
9.951388888888889062e-01 5.786234607193342649e-02 -2.006872193780392596e-03
9.958333333333332371e-01 5.774341139816666774e-02 -2.008691672043222669e-03
9.965277777777777901e-01 5.760631530092568536e-02 -2.010503132795478463e-03
9.972222222222222321e-01 5.748475108018193808e-02 -2.012279095611661447e-03
9.979166666666666741e-01 5.739193814185508669e-02 -2.014044886783618316e-03
9.986111111111110050e-01 5.729482963270370738e-02 -2.015788661523746934e-03
9.993055555555555580e-01 5.718953641978851560e-02 -2.017498860453120595e-03
1.000000000000000000e+00 5.705838195941764085e-02 -2.019164177651129859e-03
1.000694444444444331e+00 5.695973514076544536e-02 -2.020812484031808860e-03
1.001388888888888884e+00 5.682650730173417070e-02 -2.022587833112256869e-03
1.002083333333333437e+00 5.669084234985561493e-02 -2.024223244435443148e-03
1.002777777777777768e+00 5.661563950653801525e-02 -2.025775624535109450e-03
1.003472222222222099e+00 5.652320595848743523e-02 -2.027289783747388864e-03
1.004166666666666652e+00 5.638333082263359552e-02 -2.028800965896181922e-03
1.004861111111111205e+00 5.626561094918747924e-02 -2.030280424305643330e-03
1.005555555555555536e+00 5.615403627561727645e-02 -2.031718800222899295e-03
1.006249999999999867e+00 5.607256767926427354e-02 -2.033142182262858821e-03
1.006944444444444420e+00 5.603165455999932487e-02 -2.034580465153310209e-03
1.007638888888888973e+00 5.596543881958933320e-02 -2.035982701185930915e-03
1.008333333333333304e+00 5.575524298977116433e-02 -2.037465097550122083e-03
1.009027777777777635e+00 5.552694076453937311e-02 -2.038835892876456491e-03
1.009722222222222188e+00 5.545801009414134258e-02 -2.040136473406072709e-03
1.010416666666666741e+00 5.546736735833893150e-02 -2.041412702305879078e-03
1.011111111111111072e+00 5.549540810879916714e-02 -2.042680481593216538e-03
1.011805555555555625e+00 5.546661921102619131e-02 -2.043915644941313343e-03
1.012499999999999956e+00 5.541273060320184296e-02 -2.045134355007394242e-03
1.013194444444444509e+00 5.527880864995925181e-02 -2.046341688106565349e-03
1.013888888888888840e+00 5.490131332475921278e-02 -2.047537658619591906e-03
1.014583333333333393e+00 5.467574267795974330e-02 -2.048720618699951049e-03
1.015277777777777724e+00 5.457291127206178455e-02 -2.050000460413279723e-03
1.015972222222222276e+00 5.449009314939604748e-02 -2.051143948265778897e-03
1.016666666666666607e+00 5.439197453640515212e-02 -2.052239905197559243e-03
1.017361111111111160e+00 5.427163119776656081e-02 -2.053319766599054699e-03
1.018055555555555491e+00 5.416750340249331525e-02 -2.054400384846004519e-03
1.018750000000000044e+00 5.406816771919260162e-02 -2.055454354841248794e-03
1.019444444444444375e+00 5.395377553225885747e-02 -2.056497340726448370e-03
1.020138888888888928e+00 5.383948722716598578e-02 -2.057534392262237635e-03
1.020833333333333259e+00 5.373313051261609935e-02 -2.058552574555326010e-03
1.021527777777777812e+00 5.362946459024640206e-02 -2.059548755499566574e-03
1.022222222222222365e+00 5.352657730142627857e-02 -2.060628462245595646e-03
1.022916666666666696e+00 5.339739341720334265e-02 -2.061601331068013861e-03
1.023611111111111027e+00 5.330189342793362206e-02 -2.062540689625001929e-03
1.024305555555555580e+00 5.321555849080226996e-02 -2.063457266895660398e-03
1.025000000000000133e+00 5.312434352549999517e-02 -2.064356028833936804e-03
1.025694444444444464e+00 5.302751031672044146e-02 -2.065271631834811501e-03
1.026388888888888795e+00 5.290741256581449337e-02 -2.066172523239378275e-03
1.027083333333333348e+00 5.278039090294286972e-02 -2.067022685098396807e-03
1.027777777777777901e+00 5.265519509052016961e-02 -2.067850875281114931e-03
1.028472222222222232e+00 5.254829377259707252e-02 -2.068679687398797956e-03
1.029166666666666563e+00 5.243252195291989159e-02 -2.069578522023327646e-03
1.029861111111111116e+00 5.234130903985097921e-02 -2.070382638019155688e-03
1.030555555555555669e+00 5.224391536079660281e-02 -2.071181290480645677e-03
1.031250000000000000e+00 5.213558135041431590e-02 -2.071960223062449449e-03
1.031944444444444331e+00 5.201904184688464772e-02 -2.072719491969176112e-03
1.032638888888888884e+00 5.190854001672646351e-02 -2.073465599280404845e-03
1.033333333333333437e+00 5.184578021151917127e-02 -2.074202196059109736e-03
1.034027777777777768e+00 5.176123589281179244e-02 -2.074920544532454347e-03
1.034722222222222099e+00 5.164023976679649880e-02 -2.075641498979157937e-03
1.035416666666666652e+00 5.156829915096783346e-02 -2.076350731926393002e-03
1.036111111111111205e+00 5.147373584523292495e-02 -2.077114749832842649e-03
1.036805555555555536e+00 5.136326540581419992e-02 -2.077804099277427360e-03
1.037499999999999867e+00 5.126603361432433698e-02 -2.078498973162463178e-03
1.038194444444444420e+00 5.117160149893303089e-02 -2.079167904780611364e-03
1.038888888888888973e+00 5.108345664316998880e-02 -2.079811679170044409e-03
1.039583333333333304e+00 5.097567531170198868e-02 -2.080442851291761097e-03
1.040277777777777635e+00 5.088302831783187569e-02 -2.081066856039401596e-03
1.040972222222222188e+00 5.075191875499358157e-02 -2.081679587687169236e-03
1.041666666666666741e+00 5.066900297666192265e-02 -2.082286525325778136e-03
1.042361111111111072e+00 5.057916629643150613e-02 -2.082884778321979474e-03
1.043055555555555625e+00 5.048561369133502258e-02 -2.083530069441932343e-03
1.043749999999999956e+00 5.038490229088092576e-02 -2.084118224455823107e-03
1.044444444444444509e+00 5.029519197212254517e-02 -2.084694638229005886e-03
1.045138888888888840e+00 5.019635787949494610e-02 -2.085247916272769605e-03
1.045833333333333393e+00 5.011479506519960631e-02 -2.085802206744690260e-03
1.046527777777777724e+00 5.004204362494904523e-02 -2.086343801348667162e-03
1.047222222222222276e+00 4.992567449757528975e-02 -2.086878928582838570e-03
1.047916666666666607e+00 4.980456806803526537e-02 -2.087399786894711482e-03
1.048611111111111160e+00 4.971185952279928710e-02 -2.087908066849276413e-03
1.049305555555555491e+00 4.960273701220196951e-02 -2.088398758254116170e-03
1.050000000000000044e+00 4.948203420666651142e-02 -2.088948951553846762e-03
1.050694444444444375e+00 4.936172739192358494e-02 -2.089444947922810322e-03
1.051388888888888928e+00 4.922811623878782517e-02 -2.089926281225166181e-03
1.052083333333333259e+00 4.914150369008889879e-02 -2.090390418578046052e-03
1.052777777777777812e+00 4.903215045211177514e-02 -2.090849465305690772e-03
1.053472222222222365e+00 4.892740421092608288e-02 -2.091300819330060758e-03
1.054166666666666696e+00 4.882994443024429865e-02 -2.091750478219596594e-03
1.054861111111111027e+00 4.873219974534161170e-02 -2.092180842704043607e-03
1.055555555555555580e+00 4.863679335019607808e-02 -2.092609704238429340e-03
1.056250000000000133e+00 4.855859321700610465e-02 -2.093032091652290670e-03
1.056944444444444464e+00 4.847427205373080333e-02 -2.093493972712098024e-03
1.057638888888888795e+00 4.838345462382021012e-02 -2.093908757258471434e-03
1.058333333333333348e+00 4.827258301785047889e-02 -2.094328605971031935e-03
1.059027777777777901e+00 4.820989889647709498e-02 -2.094730716577909799e-03
1.059722222222222232e+00 4.812216293273870182e-02 -2.095134142781166463e-03
1.060416666666666563e+00 4.804033506558139793e-02 -2.095521759126256576e-03
1.061111111111111116e+00 4.796349277455020516e-02 -2.095910144515055178e-03
1.061805555555555669e+00 4.782804268918298962e-02 -2.096288598143378982e-03
1.062500000000000000e+00 4.770046005389358412e-02 -2.096649059652171999e-03
1.063194444444444331e+00 4.760040799533690747e-02 -2.097004888903290353e-03
1.063888888888888884e+00 4.751187320485787680e-02 -2.097354098861024460e-03
1.064583333333333437e+00 4.740738073424945187e-02 -2.097739111727230706e-03
1.065277777777777768e+00 4.729031336364183935e-02 -2.098082566016718983e-03
1.065972222222222099e+00 4.718021092966093871e-02 -2.098421009536449375e-03
1.066666666666666652e+00 4.709464229510763184e-02 -2.098748340065128507e-03
1.067361111111111205e+00 4.700308492601112248e-02 -2.099074956027840912e-03
1.068055555555555536e+00 4.691480593171135777e-02 -2.099391620387993512e-03
1.068749999999999867e+00 4.682134378223509058e-02 -2.099708211039359642e-03
1.069444444444444420e+00 4.675239092756966475e-02 -2.100014033321450074e-03
1.070138888888888973e+00 4.667005873703664737e-02 -2.100322794819860922e-03
1.070833333333333304e+00 4.657497607999695061e-02 -2.100615517487671325e-03
1.071527777777777635e+00 4.648159576398524367e-02 -2.100908536402094039e-03
1.072222222222222188e+00 4.640393261918598911e-02 -2.101223477753051249e-03
1.072916666666666741e+00 4.631370145667731281e-02 -2.101506662652903416e-03
1.073611111111111072e+00 4.621965496928470696e-02 -2.101790422767584477e-03
1.074305555555555625e+00 4.611653064297593918e-02 -2.102065821494704043e-03
1.074999999999999956e+00 4.601629948965180877e-02 -2.102342114746903051e-03
1.075694444444444509e+00 4.592715236099310233e-02 -2.102605598165127251e-03
1.076388888888888840e+00 4.583062202851952149e-02 -2.102866514664365489e-03
1.077083333333333171e+00 4.574510028857586147e-02 -2.103114728490493301e-03
1.077777777777777724e+00 4.567929634619603829e-02 -2.103364093069047622e-03
1.078472222222222276e+00 4.558797665880149480e-02 -2.103604979729224635e-03
1.079166666666666607e+00 4.549461052865189786e-02 -2.103874757484575000e-03
1.079861111111111160e+00 4.539525587643267884e-02 -2.104118445544248938e-03
1.080555555555555491e+00 4.530498755459748395e-02 -2.104368298730347007e-03
1.081250000000000044e+00 4.521819892701937904e-02 -2.104614672275383243e-03
1.081944444444444375e+00 4.511738144652625848e-02 -2.104853971019795666e-03
1.082638888888888928e+00 4.502828228156123547e-02 -2.105077986918322142e-03
1.083333333333333259e+00 4.493142107550666953e-02 -2.105301618941265388e-03
1.084027777777777812e+00 4.484185114654839349e-02 -2.105510258433084501e-03
1.084722222222222365e+00 4.474125481969455642e-02 -2.105721615258144414e-03
1.085416666666666696e+00 4.466085632153206364e-02 -2.105919992753138310e-03
1.086111111111111027e+00 4.457207657896618269e-02 -2.106144124610340607e-03
1.086805555555555580e+00 4.448105871833830244e-02 -2.106338106852880844e-03
1.087499999999999689e+00 4.438539695003285851e-02 -2.106541006384094177e-03
1.088194444444444464e+00 4.429370478877738687e-02 -2.106743056494325174e-03
1.088888888888888795e+00 4.421546469483188246e-02 -2.106945150776378187e-03
1.089583333333333348e+00 4.413855105734957457e-02 -2.107129607644106593e-03
1.090277777777777901e+00 4.405445631006355001e-02 -2.107320208842842092e-03
1.090972222222222232e+00 4.395564948838767000e-02 -2.107508149054823730e-03
1.091666666666666563e+00 4.387578613952009682e-02 -2.107682263051178541e-03
1.092361111111111116e+00 4.379011635392969504e-02 -2.107881103056773002e-03
1.093055555555555669e+00 4.371663236715300771e-02 -2.108072512013862629e-03
1.093750000000000000e+00 4.363139328207774059e-02 -2.108247573553242819e-03
1.094444444444444331e+00 4.354103513609878379e-02 -2.108440211284570188e-03
1.095138888888888884e+00 4.344965080088631498e-02 -2.108603290735986194e-03
1.095833333333333437e+00 4.336724408545448300e-02 -2.108768007638090695e-03
1.096527777777777768e+00 4.328078447552360236e-02 -2.108927622122965147e-03
1.097222222222222099e+00 4.318968218884712551e-02 -2.109090174153335946e-03
1.097916666666666430e+00 4.311019746751199727e-02 -2.109243060912009173e-03
1.098611111111111205e+00 4.302486787886061759e-02 -2.109398921614990662e-03
1.099305555555555536e+00 4.294208867203794938e-02 -2.109555352836683852e-03
1.099999999999999867e+00 4.284724713514673905e-02 -2.109702110584643631e-03
1.100694444444444420e+00 4.276573244221296144e-02 -2.109863374978957623e-03
1.101388888888888973e+00 4.267561078893383764e-02 -2.110006108241828035e-03
1.102083333333333304e+00 4.257215976770400284e-02 -2.110152651619661996e-03
1.102777777777777635e+00 4.249461967974722809e-02 -2.110316743321761449e-03
1.103472222222222188e+00 4.241341849469218439e-02 -2.110473669004168332e-03
1.104166666666666741e+00 4.232791166379885200e-02 -2.110595028742335601e-03
1.104861111111111072e+00 4.223412160643365276e-02 -2.110718278783369362e-03
1.105555555555555625e+00 4.215463259662983325e-02 -2.110833539428537756e-03
1.106249999999999956e+00 4.206367984432122370e-02 -2.110963519031813177e-03
1.106944444444444509e+00 4.198252609825900428e-02 -2.111079404961442498e-03
1.107638888888888840e+00 4.191224642401406020e-02 -2.111204974355538732e-03
1.108333333333333171e+00 4.183923942123381201e-02 -2.111341394444042618e-03
1.109027777777777724e+00 4.175941230879626209e-02 -2.111461108033457421e-03
1.109722222222222276e+00 4.167488892816559320e-02 -2.111578317907957577e-03
1.110416666666666607e+00 4.159561396588518783e-02 -2.111693951314243950e-03
1.111111111111111160e+00 4.152379192381986522e-02 -2.111808022119943638e-03
1.111805555555555491e+00 4.144595916119050982e-02 -2.111924157411680745e-03
1.112500000000000044e+00 4.136628929303011459e-02 -2.112027882399960220e-03
1.113194444444444375e+00 4.128210846338920686e-02 -2.112134446456373927e-03
1.113888888888888928e+00 4.119305712092182631e-02 -2.112223897347290536e-03
1.114583333333333259e+00 4.110489850105970844e-02 -2.112323746186198919e-03
1.115277777777777812e+00 4.102031786297136162e-02 -2.112428777791015150e-03
1.115972222222222365e+00 4.093537225927732642e-02 -2.112529529218087031e-03
1.116666666666666696e+00 4.089055409789110057e-02 -2.112647124037339043e-03
1.117361111111111027e+00 4.082490796076786166e-02 -2.112755672362040191e-03
1.118055555555555580e+00 4.074289567951699248e-02 -2.112854095142922134e-03
1.118749999999999689e+00 4.064553585352825155e-02 -2.112962774142030341e-03
1.119444444444444464e+00 4.055372077596192115e-02 -2.113049271261511174e-03
1.120138888888888795e+00 4.050061504884468200e-02 -2.113141168446693030e-03
1.120833333333333348e+00 4.044234135582303047e-02 -2.113211959188694873e-03
1.121527777777777901e+00 4.034990823463122100e-02 -2.113300777061577224e-03
1.122222222222222232e+00 4.025730081378586095e-02 -2.113386030414546399e-03
1.122916666666666563e+00 4.017030597331620878e-02 -2.113467157907119188e-03
1.123611111111111116e+00 4.008539940462014367e-02 -2.113561893064910130e-03
1.124305555555555669e+00 4.003696547521631843e-02 -2.113648230075269689e-03
1.125000000000000000e+00 3.995481920036037665e-02 -2.113732845587962608e-03
1.125694444444444331e+00 3.984651341623396403e-02 -2.113841037519285405e-03
1.126388888888888884e+00 3.975204459141942065e-02 -2.113935192108496158e-03
1.127083333333333437e+00 3.967467499084481597e-02 -2.114006534375368479e-03
1.127777777777777768e+00 3.958859056081559524e-02 -2.114087033072079534e-03
1.128472222222222099e+00 3.951176211544021183e-02 -2.114160296794597924e-03
1.129166666666666430e+00 3.944958989893351808e-02 -2.114243936624571329e-03
1.129861111111111205e+00 3.938385023319351114e-02 -2.114325660289707257e-03
1.130555555555555536e+00 3.929620010176507194e-02 -2.114412495904030055e-03
1.131249999999999867e+00 3.920778827726303234e-02 -2.114487375559666663e-03
1.131944444444444420e+00 3.912982876347523287e-02 -2.114563035035928011e-03
1.132638888888888973e+00 3.905534837399791265e-02 -2.114625935504392453e-03
1.133333333333333304e+00 3.898654983454845346e-02 -2.114703051109262117e-03
1.134027777777777635e+00 3.890970575815815707e-02 -2.114754010451751817e-03
1.134722222222222188e+00 3.883284080116306686e-02 -2.114821804992930189e-03
1.135416666666666741e+00 3.875008773627174746e-02 -2.114879784936198135e-03
1.136111111111111072e+00 3.868328245485101735e-02 -2.114970484777423804e-03
1.136805555555555625e+00 3.862354172580292205e-02 -2.115045187267450971e-03
1.137499999999999956e+00 3.855368227303837547e-02 -2.115094477318863776e-03
1.138194444444444509e+00 3.848527612196519371e-02 -2.115150481599556345e-03
1.138888888888888840e+00 3.842491011442211030e-02 -2.115207586095080479e-03
1.139583333333333171e+00 3.834867753167012921e-02 -2.115262158234601769e-03
1.140277777777777724e+00 3.826801826324967987e-02 -2.115324251379028294e-03
1.140972222222222276e+00 3.821282672810046716e-02 -2.115383998799838603e-03
1.141666666666666607e+00 3.814018232792724256e-02 -2.115442260054817454e-03
1.142361111111111160e+00 3.806204507125758585e-02 -2.115493829315759702e-03
1.143055555555555491e+00 3.798227768095758378e-02 -2.115553291895199903e-03
1.143750000000000044e+00 3.790253578216931651e-02 -2.115606539972817238e-03
1.144444444444444375e+00 3.782125111369138981e-02 -2.115667188183747559e-03
1.145138888888888928e+00 3.774497387589952069e-02 -2.115719324400606918e-03
1.145833333333333259e+00 3.767008381077879137e-02 -2.115774876714328692e-03
1.146527777777777812e+00 3.758687651276625130e-02 -2.115821329446232382e-03
1.147222222222222365e+00 3.750910464059500210e-02 -2.115876555886542134e-03
1.147916666666666696e+00 3.743908454620683418e-02 -2.115924781436012616e-03
1.148611111111111027e+00 3.736940327279319324e-02 -2.115970502627819144e-03
1.149305555555555580e+00 3.728624954732692731e-02 -2.116012287430861245e-03
1.149999999999999689e+00 3.721292775578533690e-02 -2.116053090485240946e-03
1.150694444444444464e+00 3.714145018092044476e-02 -2.116099268961374198e-03
1.151388888888888795e+00 3.705019458443262886e-02 -2.116145587284846887e-03
1.152083333333333348e+00 3.697965770549763859e-02 -2.116182465813380795e-03
1.152777777777777901e+00 3.690415084071238527e-02 -2.116230744273690182e-03
1.153472222222222232e+00 3.682887090710679212e-02 -2.116272075601566879e-03
1.154166666666666563e+00 3.675775408894466773e-02 -2.116315026206590840e-03
1.154861111111111116e+00 3.668145454504576769e-02 -2.116355274355336078e-03
1.155555555555555669e+00 3.659967374123555134e-02 -2.116393159458835726e-03
1.156250000000000000e+00 3.652901696450291946e-02 -2.116427109176137467e-03
1.156944444444444331e+00 3.645659067143661169e-02 -2.116465675278231002e-03
1.157638888888888884e+00 3.638476946200878970e-02 -2.116502561959448733e-03
1.158333333333333437e+00 3.632492633135575577e-02 -2.116545343430393990e-03
1.159027777777777768e+00 3.626016286962142898e-02 -2.116582416513634012e-03
1.159722222222222099e+00 3.619344933991082425e-02 -2.116617057120997493e-03
1.160416666666666430e+00 3.612898051026297574e-02 -2.116647044436361421e-03
1.161111111111111205e+00 3.606720113964013291e-02 -2.116685843368677940e-03
1.161805555555555536e+00 3.600336463227172407e-02 -2.116719883642384503e-03
1.162499999999999867e+00 3.593571256378432638e-02 -2.116749221611047890e-03
1.163194444444444420e+00 3.586454398559540263e-02 -2.116784288450445847e-03
1.163888888888888973e+00 3.580192991469040298e-02 -2.116819552893049738e-03
1.164583333333333304e+00 3.572602808546378877e-02 -2.116846894712776008e-03
1.165277777777777635e+00 3.565705388081735761e-02 -2.116882082857048531e-03
1.165972222222222188e+00 3.558127499208336986e-02 -2.116907933965801302e-03
1.166666666666666741e+00 3.551025150976213490e-02 -2.116936996615228529e-03
1.167361111111111072e+00 3.543995407841905865e-02 -2.116969446821944257e-03
1.168055555555555625e+00 3.536392564188624993e-02 -2.117003696653814611e-03
1.168749999999999956e+00 3.528699548316464873e-02 -2.117032482990365613e-03
1.169444444444444509e+00 3.521718951245642049e-02 -2.117057096969951046e-03
1.170138888888888840e+00 3.514229529804380192e-02 -2.117083717117033796e-03
1.170833333333333171e+00 3.507876869878624737e-02 -2.117115229896270132e-03
1.171527777777777724e+00 3.501553813589019376e-02 -2.117141323710348359e-03
1.172222222222222276e+00 3.495103798162626368e-02 -2.117163769853908518e-03
1.172916666666666607e+00 3.488996995361982878e-02 -2.117203108886142951e-03
1.173611111111111160e+00 3.481761135012413633e-02 -2.117226625253854598e-03
1.174305555555555491e+00 3.474564397998351761e-02 -2.117246695728737353e-03
1.175000000000000044e+00 3.467577026636322474e-02 -2.117265807526599094e-03
1.175694444444444375e+00 3.461364868439253950e-02 -2.117320291221029289e-03
1.176388888888888928e+00 3.453316212626249271e-02 -2.117354726381646783e-03
1.177083333333333259e+00 3.447268715137932066e-02 -2.117369830383871061e-03
1.177777777777777812e+00 3.439917286858191342e-02 -2.117363281983058575e-03
1.178472222222222365e+00 3.433522742140044520e-02 -2.117364297252779734e-03
1.179166666666666696e+00 3.426596851454005721e-02 -2.117374527188088315e-03
1.179861111111111027e+00 3.420109739861497411e-02 -2.117392749918500620e-03
1.180555555555555580e+00 3.413099686362275342e-02 -2.117416809415262682e-03
1.181249999999999689e+00 3.406978952718330012e-02 -2.117438459100907597e-03
1.181944444444444464e+00 3.400254479993983919e-02 -2.117464447161670864e-03
1.182638888888888795e+00 3.393693909605557946e-02 -2.117478784338072684e-03
1.183333333333333348e+00 3.386887172404292462e-02 -2.117497570585139335e-03
1.184027777777777901e+00 3.380055785623872072e-02 -2.117513552145427590e-03
1.184722222222222232e+00 3.374049999713574916e-02 -2.117528589985627225e-03
1.185416666666666563e+00 3.367941215351383938e-02 -2.117543174831133888e-03
1.186111111111111116e+00 3.362226392577628148e-02 -2.117573627650958315e-03
1.186805555555555669e+00 3.355682592108990420e-02 -2.117602042769603076e-03
1.187500000000000000e+00 3.349613350339484402e-02 -2.117623701603967533e-03
1.188194444444444331e+00 3.342501581883097067e-02 -2.117645664202500756e-03
1.188888888888888884e+00 3.336011776259374673e-02 -2.117681262929745848e-03
1.189583333333333437e+00 3.329677832228286616e-02 -2.117706785319403706e-03
1.190277777777777768e+00 3.323879448598364428e-02 -2.117733084591388263e-03
1.190972222222222099e+00 3.318343950459137770e-02 -2.117754949126987845e-03
1.191666666666666430e+00 3.312391896095896737e-02 -2.117785575871150745e-03
1.192361111111111205e+00 3.308165449389284529e-02 -2.117800694329659717e-03
1.193055555555555536e+00 3.302818960648126745e-02 -2.117815381597795785e-03
1.193749999999999867e+00 3.296496972815779469e-02 -2.117838524717781303e-03
1.194444444444444420e+00 3.289280595210583580e-02 -2.117858784180954353e-03
1.195138888888888973e+00 3.283486415876910036e-02 -2.117868632733784385e-03
1.195833333333333304e+00 3.277295125489266409e-02 -2.117894839939543205e-03
1.196527777777777635e+00 3.270362735310357316e-02 -2.117910903890441853e-03
1.197222222222222188e+00 3.264814654515155873e-02 -2.117928307883112059e-03
1.197916666666666741e+00 3.258538351837730884e-02 -2.117945520332507967e-03
1.198611111111111072e+00 3.251404556000569296e-02 -2.117959376200624026e-03
1.199305555555555625e+00 3.244996642720134744e-02 -2.117960397910861273e-03
1.199999999999999956e+00 3.241886080977956358e-02 -2.117973130614394725e-03
1.200694444444444509e+00 3.235884976232127064e-02 -2.117986895829131015e-03
1.201388888888888840e+00 3.229429443316116782e-02 -2.117999371139133499e-03
1.202083333333333171e+00 3.221320246606416970e-02 -2.118010100431911517e-03
1.202777777777777724e+00 3.214829002448572892e-02 -2.118035642860731545e-03
1.203472222222222276e+00 3.206782402153171563e-02 -2.118045947108375491e-03
1.204166666666666607e+00 3.201491006161252817e-02 -2.118053919031979808e-03
1.204861111111111160e+00 3.197696586016664233e-02 -2.118069243312966331e-03
1.205555555555555491e+00 3.192668814521777698e-02 -2.118082826288891340e-03
1.206250000000000044e+00 3.186293495463275033e-02 -2.118089743145596358e-03
1.206944444444444375e+00 3.178957517615570855e-02 -2.118102006534403406e-03
1.207638888888888928e+00 3.171563825639328593e-02 -2.118114353768189590e-03
1.208333333333333259e+00 3.164035102097978447e-02 -2.118124420436710929e-03
1.209027777777777812e+00 3.157571548941221634e-02 -2.118137555277682313e-03
1.209722222222222365e+00 3.150067615385905573e-02 -2.118146153884807679e-03
1.210416666666666696e+00 3.142877914735389688e-02 -2.118160809616852300e-03
1.211111111111111027e+00 3.137579520000209621e-02 -2.118170995350253556e-03
1.211805555555555580e+00 3.131522831827689146e-02 -2.118185137023829209e-03
1.212499999999999689e+00 3.125340320284834134e-02 -2.118199915570738012e-03
1.213194444444444464e+00 3.119451028753449789e-02 -2.118210564365598236e-03
1.213888888888888795e+00 3.113127677656461756e-02 -2.118217844542379970e-03
1.214583333333333348e+00 3.106590082806568939e-02 -2.118224266118910910e-03
1.215277777777777901e+00 3.100517858342715857e-02 -2.118234732482639736e-03
1.215972222222222232e+00 3.094755536243679397e-02 -2.118246696437999996e-03
1.216666666666666563e+00 3.088529521190542387e-02 -2.118252511488050854e-03
1.217361111111111116e+00 3.082478908515178320e-02 -2.118242595022056148e-03
1.218055555555555669e+00 3.076745120472984887e-02 -2.118243209095844060e-03
1.218750000000000000e+00 3.070787828205355161e-02 -2.118246141043917275e-03
1.219444444444444331e+00 3.065071067788842710e-02 -2.118252313053884620e-03
1.220138888888888884e+00 3.059388973962924238e-02 -2.118262075447901495e-03
1.220833333333333437e+00 3.053623889377979697e-02 -2.118274676996225424e-03
1.221527777777777768e+00 3.047601483893197863e-02 -2.118290878036376782e-03
1.222222222222222099e+00 3.041787349629476028e-02 -2.118294543995176329e-03
1.222916666666666430e+00 3.036449345442858092e-02 -2.118303707268981862e-03
1.223611111111111205e+00 3.030122593103839329e-02 -2.118310916126685348e-03
1.224305555555555536e+00 3.024555617568433150e-02 -2.118316596623349111e-03
1.224999999999999867e+00 3.018798707692569097e-02 -2.118318619076785606e-03
1.225694444444444420e+00 3.013844686943280282e-02 -2.118320541248730655e-03
1.226388888888888973e+00 3.007905306037912674e-02 -2.118335877297660569e-03
1.227083333333333304e+00 3.002395507897129973e-02 -2.118338951577991743e-03
1.227777777777777635e+00 2.996787644680395934e-02 -2.118343023219906428e-03
1.228472222222222188e+00 2.991354150044183216e-02 -2.118344773807370480e-03
1.229166666666666741e+00 2.985880501357124697e-02 -2.118353480983358513e-03
1.229861111111111072e+00 2.980070563932668212e-02 -2.118357587803135125e-03
1.230555555555555625e+00 2.974589886925024448e-02 -2.118367878474850929e-03
1.231249999999999956e+00 2.968537471999784655e-02 -2.118374490623338522e-03
1.231944444444444509e+00 2.962555630694622619e-02 -2.118386241998637589e-03
1.232638888888888840e+00 2.958276593450950148e-02 -2.118390294418918008e-03
1.233333333333333171e+00 2.952621627169551080e-02 -2.118400760433631312e-03
1.234027777777777724e+00 2.945579524781295755e-02 -2.118401850426543647e-03
1.234722222222222276e+00 2.939330614310226020e-02 -2.118407729346902853e-03
1.235416666666666607e+00 2.933746507786681723e-02 -2.118406607292307349e-03
1.236111111111111160e+00 2.927717157125847916e-02 -2.118406675696927859e-03
1.236805555555555491e+00 2.922300393405143082e-02 -2.107003477148320075e-03
1.237500000000000044e+00 2.917576386228785609e-02 -2.064759224980937738e-03
1.238194444444444375e+00 2.980080451550719961e-02 -1.974477797047870502e-03
1.238888888888888928e+00 3.115326569005992877e-02 -1.832785820977043695e-03
1.239583333333333259e+00 3.213164389850054620e-02 -1.637284037310328790e-03
1.240277777777777812e+00 3.333582368151831454e-02 -1.393260771036073861e-03
1.240972222222222365e+00 3.426740576805974853e-02 -1.114373880829196573e-03
1.241666666666666696e+00 3.487825904148687123e-02 -8.114080674706719608e-04
1.242361111111111027e+00 3.457992214885080573e-02 -4.799241280781336104e-04
1.243055555555555580e+00 3.367379041448068794e-02 -1.219827707833905626e-04
1.243749999999999689e+00 3.424802142153891837e-02 2.654326359400504187e-04
1.244444444444444464e+00 3.686913174297682533e-02 6.800165942248094161e-04
1.245138888888888795e+00 3.665494611540778130e-02 1.135196033570345497e-03
1.245833333333333348e+00 3.719289883437161548e-02 1.617809381425961779e-03
1.246527777777777901e+00 4.147382986892707984e-02 2.142348275377363789e-03
1.247222222222222232e+00 4.275433514560317283e-02 2.694703362911632285e-03
1.247916666666666563e+00 4.146792104465786555e-02 3.272860403605892896e-03
1.248611111111111116e+00 4.402779274875422838e-02 3.894651955117513133e-03
1.249305555555555669e+00 4.642818779081582525e-02 4.538080927525616967e-03
1.250000000000000000e+00 4.856019076508678867e-02 5.216094776629378107e-03
1.250694444444444331e+00 5.035920662656881430e-02 5.918841989671040638e-03
1.251388888888888884e+00 5.197837268250077303e-02 6.660900818713137196e-03
1.252083333333333437e+00 5.335052157725075211e-02 7.423014144160779149e-03
1.252777777777777768e+00 5.484358933656887508e-02 8.212326530294508653e-03
1.253472222222222099e+00 5.664553690374434652e-02 9.057168728565996585e-03
1.254166666666666430e+00 5.855839284962045116e-02 9.902483014165049460e-03
1.254861111111111205e+00 6.087714681228147823e-02 1.078164299416247557e-02
1.255555555555555536e+00 6.355257035498527995e-02 1.170055801499174548e-02
1.256249999999999867e+00 6.648282320155041170e-02 1.263846181468672621e-02
1.256944444444444420e+00 6.946708834345542705e-02 1.360878580593253770e-02
1.257638888888888973e+00 7.252252109841948735e-02 1.460291892298622163e-02
1.258333333333333304e+00 7.537662636002133432e-02 1.562340472160794747e-02
1.259027777777777635e+00 7.816321584526206290e-02 1.665440735619726567e-02
1.259722222222222188e+00 8.078881314513691736e-02 1.770467826252083293e-02
1.260416666666666741e+00 8.331544265052141796e-02 1.876305940185321944e-02
1.261111111111111072e+00 8.576037551132560666e-02 1.984945135155355075e-02
1.261805555555555625e+00 8.818387277970768379e-02 2.096821554489555067e-02
1.262499999999999956e+00 9.044850795597682291e-02 2.207837548035260569e-02
1.263194444444444509e+00 9.282829688348172292e-02 2.322600082022296258e-02
1.263888888888888840e+00 9.531819106913505535e-02 2.439558606344967642e-02
1.264583333333333171e+00 9.794404515824246815e-02 2.557952499363448304e-02
1.265277777777777724e+00 1.006986364865428002e-01 2.679715609346370805e-02
1.265972222222222276e+00 1.035383658061956591e-01 2.802138540589478588e-02
1.266666666666666607e+00 1.064678439888462058e-01 2.923701753847711068e-02
1.267361111111111160e+00 1.093905257624276928e-01 3.049175965198617708e-02
1.268055555555555491e+00 1.124672391348887218e-01 3.174720955762759533e-02
1.268750000000000044e+00 1.155499669615161068e-01 3.301592369900935992e-02
1.269444444444444375e+00 1.185123320512504463e-01 3.431844226585580027e-02
1.270138888888888928e+00 1.215750525699479945e-01 3.562663009383602863e-02
1.270833333333333259e+00 1.246739511287142804e-01 3.696442641726096351e-02
1.271527777777777812e+00 1.276876327651945697e-01 3.829778234818489308e-02
1.272222222222222365e+00 1.307790159829572418e-01 3.969227589056921468e-02
1.272916666666666696e+00 1.335649061866512888e-01 4.112516238669060992e-02
1.273611111111111027e+00 1.363562698813580443e-01 4.259344854572700428e-02
1.274305555555555580e+00 1.391001547926286330e-01 4.413102633981952350e-02
1.274999999999999689e+00 1.419605972060283827e-01 4.569090872784584839e-02
1.275694444444444464e+00 1.448437355757796752e-01 4.725951825248723287e-02
1.276388888888888795e+00 1.477167170467991453e-01 4.878928608774373010e-02
1.277083333333333348e+00 1.507926043547977157e-01 5.035582066646305394e-02
1.277777777777777901e+00 1.537310701063106799e-01 5.191611893678273193e-02
1.278472222222222232e+00 1.569535988122648107e-01 5.344321934058510193e-02
1.279166666666666563e+00 1.607384486833484116e-01 5.500660882841044985e-02
1.279861111111111116e+00 1.649664564344145434e-01 5.656406753992727909e-02
1.280555555555555669e+00 1.695081616620090492e-01 5.813396765749155592e-02
1.281250000000000000e+00 1.741991302281816201e-01 5.971573583501363358e-02
1.281944444444444331e+00 1.788611763674819721e-01 6.130747328916159866e-02
1.282638888888888884e+00 1.837613908937407725e-01 6.288390719960078312e-02
1.283333333333333437e+00 1.891702094371096321e-01 6.446714837531707099e-02
1.284027777777777768e+00 1.945957350387304552e-01 6.608040905125871223e-02
1.284722222222222099e+00 1.995160749827264435e-01 6.764596204266318247e-02
1.285416666666666430e+00 1.861451768222424641e-01 6.886005125248748082e-02
1.286111111111111205e+00 2.048237127901691434e-01 6.894586194197105389e-02
1.286805555555555536e+00 2.015651465896370897e-01 6.734618542602055502e-02
1.287499999999999867e+00 1.878499761407996238e-01 6.369511396987552476e-02
1.288194444444444420e+00 1.543064187524375297e-01 5.912986006737380729e-02
1.288888888888888973e+00 1.374560893079314616e-01 5.347501499620766624e-02
1.289583333333333304e+00 1.427555704920772939e-01 4.817626535817551986e-02
1.290277777777777635e+00 1.367033448198166357e-01 4.379265502854565867e-02
1.290972222222222188e+00 1.360220102537058329e-01 4.032036255455043877e-02
1.291666666666666741e+00 1.326609132679693326e-01 3.758841630137597922e-02
1.292361111111111072e+00 1.304820178987194657e-01 3.536394467879812320e-02
1.293055555555555625e+00 1.276947283901360697e-01 3.336612840830602278e-02
1.293749999999999956e+00 1.252536002289694750e-01 3.149281769687382188e-02
1.294444444444444509e+00 1.227619952365071043e-01 2.975586956144624096e-02
1.295138888888888840e+00 1.203253328751552054e-01 2.819660117672769667e-02
1.295833333333333171e+00 1.178224225702462352e-01 2.675551260799187772e-02
1.296527777777777724e+00 1.153451979227892721e-01 2.542027499657940198e-02
1.297222222222222276e+00 1.130281648071785189e-01 2.418042514348462887e-02
1.297916666666666607e+00 1.106703958539491522e-01 2.303023320871117399e-02
1.298611111111111160e+00 1.082915330664941944e-01 2.193947152472094930e-02
1.299305555555555491e+00 1.060685515966111325e-01 2.091650649238079029e-02
1.300000000000000044e+00 1.038917768383062351e-01 1.998509990494470520e-02
1.300694444444444375e+00 1.018781616681378732e-01 1.910146033305560112e-02
1.301388888888888928e+00 9.998927897405220089e-02 1.824325407577503944e-02
1.302083333333333259e+00 9.829112958953964418e-02 1.743926990500611202e-02
1.302777777777777812e+00 9.657207364900087521e-02 1.667405217620861191e-02
1.303472222222222365e+00 9.507534421532456981e-02 1.595105877261321706e-02
1.304166666666666696e+00 9.374505483185913146e-02 1.528304959026483868e-02
1.304861111111111027e+00 9.243806194867196235e-02 1.464037562061723530e-02
1.305555555555555580e+00 9.138388221692511637e-02 1.402013624062127192e-02
1.306249999999999689e+00 9.029570798805772180e-02 1.344489363860399030e-02
1.306944444444444464e+00 8.929978872432557668e-02 1.289128120241710834e-02
1.307638888888888795e+00 8.841193406119135512e-02 1.235319299705129985e-02
1.308333333333333348e+00 8.759099405019593609e-02 1.184791635471716884e-02
1.309027777777777901e+00 8.685621724072616068e-02 1.136916346212052051e-02
1.309722222222222232e+00 8.619581527114715536e-02 1.090632991345425774e-02
1.310416666666666563e+00 8.559740641670837702e-02 1.046377672022309052e-02
1.311111111111111116e+00 8.503158262590124195e-02 1.004260743558329366e-02
1.311805555555555669e+00 8.452624973263818398e-02 9.636701640378482134e-03
1.312500000000000000e+00 8.405543849596475159e-02 9.253078577982506991e-03
1.313194444444444331e+00 8.355833332457088258e-02 8.882868235687695416e-03
1.313888888888888884e+00 8.305132250996216658e-02 8.524376313720249607e-03
1.314583333333333437e+00 8.254860152565585141e-02 8.186746026700530629e-03
1.315277777777777768e+00 8.206161870460369767e-02 7.858861600394282873e-03
1.315972222222222099e+00 8.161001378381303739e-02 7.541451889779126477e-03
1.316666666666666430e+00 8.112730533319978399e-02 7.242016839263827263e-03
1.317361111111111205e+00 8.064787222974226233e-02 6.952824106247109011e-03
1.318055555555555536e+00 8.018825811253084412e-02 6.675609057695207002e-03
1.318749999999999867e+00 7.972744965680418627e-02 6.404897388001032019e-03
1.319444444444444420e+00 7.924824574630667806e-02 6.145214704801099832e-03
1.320138888888888973e+00 7.875408513041276537e-02 5.896299285826736222e-03
1.320833333333333304e+00 7.825761899572679370e-02 5.656739903018484679e-03
1.321527777777777635e+00 7.775935512207730882e-02 5.426166129068034534e-03
1.322222222222222188e+00 7.725882753309226691e-02 5.204474990019593815e-03
1.322916666666666741e+00 7.675850847710738445e-02 4.989528293386757615e-03
1.323611111111111072e+00 7.625521158263388888e-02 4.781074468346122042e-03
1.324305555555555625e+00 7.573975243198620422e-02 4.582065795626821987e-03
1.324999999999999956e+00 7.523735011019176688e-02 4.388184573975710545e-03
1.325694444444444509e+00 7.474961316960992974e-02 4.203467378370144038e-03
1.326388888888888840e+00 7.425631188570017138e-02 4.023254406563107378e-03
1.327083333333333171e+00 7.377340495151309130e-02 3.847956724684972653e-03
1.327777777777777724e+00 7.330197849595544712e-02 3.685195551491569476e-03
1.328472222222222276e+00 7.282940392442072142e-02 3.527559161133341468e-03
1.329166666666666607e+00 7.236690322395257502e-02 3.375523421417694642e-03
1.329861111111111160e+00 7.191537863368704930e-02 3.234374138870543466e-03
1.330555555555555491e+00 7.147451718451583447e-02 3.107686147281902081e-03
1.331250000000000044e+00 7.105071597861527255e-02 3.016170235163074219e-03
1.331944444444444375e+00 7.168874993021288888e-02 2.975120744790874308e-03
1.332638888888888928e+00 7.430705382420130234e-02 2.983003349993973603e-03
1.333333333333333259e+00 7.589471030469695234e-02 3.038827945002318606e-03
1.334027777777777812e+00 7.899604606386524674e-02 3.135881064294978281e-03
1.334722222222222143e+00 8.107154444557608530e-02 3.279942098120670110e-03
1.335416666666666474e+00 8.178056055883299591e-02 3.479485984758284509e-03
1.336111111111111027e+00 7.881199652960783897e-02 3.721531881905743890e-03
1.336805555555555580e+00 7.690517229864786419e-02 4.008524480737926318e-03
1.337500000000000133e+00 7.905095602533375454e-02 4.309294934005016529e-03
1.338194444444444464e+00 8.242257148681939039e-02 4.540585411299508968e-03
1.338888888888888795e+00 7.825033734177319622e-02 4.636355445745307842e-03
1.339583333333333348e+00 7.461321529003124564e-02 4.567017532846886878e-03
1.340277777777777679e+00 6.940678910840919480e-02 4.345300982550637930e-03
1.340972222222222010e+00 7.465461387032712448e-02 4.054082492105849644e-03
1.341666666666666785e+00 7.906109179506758122e-02 3.858773051865008186e-03
1.342361111111111116e+00 8.162040127001414513e-02 3.786076000031944264e-03
1.343055555555555669e+00 7.816598831469699638e-02 3.898708479771962471e-03
1.343750000000000000e+00 7.838890772434881082e-02 4.184770366971679589e-03
1.344444444444444331e+00 7.769520264672367948e-02 4.484247047909757991e-03
1.345138888888888884e+00 8.093420905828430101e-02 4.751130454010259185e-03
1.345833333333333215e+00 8.234971667340722223e-02 4.914300968052216431e-03
1.346527777777777546e+00 7.911537020884344684e-02 4.917476980357483179e-03
1.347222222222222321e+00 7.589756569770884920e-02 4.780419660352953903e-03
1.347916666666666652e+00 8.019838704622719860e-02 4.638590642040071876e-03
1.348611111111111205e+00 9.316803103907632388e-02 4.788249655980122282e-03
1.349305555555555536e+00 9.350873925140611165e-02 5.319368362891309550e-03
1.349999999999999867e+00 9.518927923906274347e-02 6.697445171353521437e-03
1.350694444444444420e+00 1.043743529195916842e-01 8.716711363815498811e-03
1.351388888888888751e+00 1.036395400348260748e-01 1.092677095073808953e-02
1.352083333333333526e+00 1.086370790810358283e-01 1.306406155363100050e-02
1.352777777777777857e+00 1.111595199806336143e-01 1.497296606268014134e-02
1.353472222222222188e+00 1.151854179654988874e-01 1.648185470607920616e-02
1.354166666666666741e+00 1.183660923264414355e-01 1.763202842112065669e-02
1.354861111111111072e+00 1.160424295344674867e-01 1.833064077072138823e-02
1.355555555555555403e+00 1.174160560361635075e-01 1.855741234678827054e-02
1.356249999999999956e+00 1.138098679247685208e-01 1.832124060825055314e-02
1.356944444444444287e+00 1.057094238308754763e-01 1.750672846864798071e-02
1.357638888888889062e+00 9.465152269005230878e-02 1.598645630484871183e-02
1.358333333333333393e+00 9.126170370119794650e-02 1.428594853344439079e-02
1.359027777777777724e+00 9.213317310772961566e-02 1.254334738105867403e-02
1.359722222222222276e+00 9.058703277373471308e-02 1.112458368841782487e-02
1.360416666666666607e+00 8.996260430193096791e-02 1.002217385904185035e-02
1.361111111111110938e+00 8.877927562158360875e-02 9.231273742312277528e-03
1.361805555555555491e+00 1.040691094186045190e-01 8.724126792124940744e-03
1.362500000000000044e+00 1.015255372921235744e-01 8.572608453779450438e-03
1.363194444444444597e+00 1.138350005573572077e-01 8.930772880707359487e-03
1.363888888888888928e+00 1.112089435207289229e-01 9.841171815909748738e-03
1.364583333333333259e+00 1.156512203759097052e-01 1.129917885714622899e-02
1.365277777777777812e+00 1.168653882964051788e-01 1.320941659637645850e-02
1.365972222222222143e+00 1.144530726449164704e-01 1.504950994754488715e-02
1.366666666666666474e+00 1.153807038965605908e-01 1.651699053620895447e-02
1.367361111111111027e+00 1.149722179577049169e-01 1.752327625576779319e-02
1.368055555555555580e+00 1.162758934784967613e-01 1.810728312562744080e-02
1.368750000000000133e+00 1.199955490170602213e-01 1.847533503500276356e-02
1.369444444444444464e+00 1.250863448124506228e-01 1.887797531270709456e-02
1.370138888888888795e+00 1.304978923605275287e-01 1.943237956202651523e-02
1.370833333333333348e+00 1.354673841435898862e-01 2.017999438684924679e-02
1.371527777777777679e+00 1.391237858187008292e-01 2.112989940839943293e-02
1.372222222222222010e+00 1.412215149492239696e-01 2.212613739820501815e-02
1.372916666666666785e+00 1.429806455906014739e-01 2.304993339278152420e-02
1.373611111111111116e+00 1.444357390350292369e-01 2.385873139732410525e-02
1.374305555555555669e+00 1.453775667128586191e-01 2.452008949539476179e-02
1.375000000000000000e+00 1.463940879323319955e-01 2.505529929995617411e-02
1.375694444444444331e+00 1.474608198679900062e-01 2.549078745810411800e-02
1.376388888888888884e+00 1.482169661251456216e-01 2.586291105052406641e-02
1.377083333333333215e+00 1.484709500113809977e-01 2.617250114531408448e-02
1.377777777777777546e+00 1.480096033623041762e-01 2.641114236078207639e-02
1.378472222222222321e+00 1.474656306133183548e-01 2.659179168726646600e-02
1.379166666666666652e+00 1.426537191722921649e-01 2.664382517892299740e-02
1.379861111111111205e+00 1.467000144265159511e-01 2.645211455569600190e-02
1.380555555555555536e+00 1.417973762207439259e-01 2.591513448353174182e-02
1.381249999999999867e+00 1.372104199653650380e-01 2.495463971505821818e-02
1.381944444444444420e+00 1.173299586289288654e-01 2.353755526602905809e-02
1.382638888888888751e+00 1.332577596848728008e-01 2.186712968437287685e-02
1.383333333333333526e+00 1.184018431121566933e-01 2.027372349822447253e-02
1.384027777777777857e+00 1.123045605112221040e-01 1.877935934433762680e-02
1.384722222222222188e+00 1.065279241797165433e-01 1.748862483071194143e-02
1.385416666666666741e+00 1.052692355749201975e-01 1.633376384159726871e-02
1.386111111111111072e+00 1.041475253818480440e-01 1.524917335953656500e-02
1.386805555555555403e+00 1.027935089537645591e-01 1.423441791956837378e-02
1.387499999999999956e+00 1.015767471727588855e-01 1.330623076694305816e-02
1.388194444444444287e+00 1.002246810653957265e-01 1.250670588276976518e-02
1.388888888888889062e+00 9.887300519392194786e-02 1.180761572475028977e-02
1.389583333333333393e+00 9.750629943946519107e-02 1.117962458656035496e-02
1.390277777777777724e+00 9.617744200590454262e-02 1.062685414505786831e-02
1.390972222222222276e+00 9.485833551259954810e-02 1.013027188909022998e-02
1.391666666666666607e+00 9.358395668098085096e-02 9.680829341097206206e-03
1.392361111111110938e+00 9.228872992997579072e-02 9.285957710601196874e-03
1.393055555555555491e+00 1.352127958182806622e-01 9.395794647353128415e-03
1.393750000000000044e+00 1.230623863964510067e-01 1.079169473902859278e-02
1.394444444444444597e+00 1.287684593321230531e-01 1.407572969227979462e-02
1.395138888888888928e+00 1.508647698432019069e-01 2.050013742497694413e-02
1.395833333333333259e+00 1.918560303400620448e-01 3.002181754242266853e-02
1.396527777777777812e+00 2.220498316218983692e-01 4.182716791994168376e-02
1.397222222222222143e+00 2.512299550484687338e-01 5.420620524222320713e-02
1.397916666666666474e+00 2.717153278135821526e-01 6.558023307408272773e-02
1.398611111111111027e+00 2.889722996579541237e-01 7.499752234274179030e-02
1.399305555555555580e+00 2.998883622835616936e-01 8.253036670856364609e-02
1.400000000000000133e+00 2.680203055802649059e-01 8.835629939396424937e-02
1.400694444444444464e+00 2.199520086655829820e-01 9.141981671203458504e-02
1.401388888888888795e+00 2.234016056078999002e-01 9.081726765152815795e-02
1.402083333333333348e+00 2.395400175484749539e-01 8.651951373319290151e-02
1.402777777777777679e+00 1.996095970749355020e-01 7.885531028958521482e-02
1.403472222222222010e+00 1.971721312439383422e-01 7.059472498755402226e-02
1.404166666666666785e+00 1.846062469230768943e-01 6.222041108322659553e-02
1.404861111111111116e+00 1.720157590796623226e-01 5.514868145989401671e-02
1.405555555555555669e+00 1.606376311672174095e-01 4.969416753609633142e-02
1.406250000000000000e+00 1.568204624629704891e-01 4.564667499679134210e-02
1.406944444444444331e+00 1.541616788721825171e-01 4.243924735094618816e-02
1.407638888888888884e+00 1.504866259480265311e-01 3.959217375955806362e-02
1.408333333333333215e+00 1.476870730346965255e-01 3.696257487856285245e-02
1.409027777777777546e+00 1.443674325943370973e-01 3.461721343981999377e-02
1.409722222222222321e+00 1.413128221290553266e-01 3.263761728314899108e-02
1.410416666666666652e+00 1.394812418359897555e-01 3.090015176358487659e-02
1.411111111111111205e+00 1.403367303699420421e-01 2.934339732640739093e-02
1.411805555555555536e+00 1.397501345807940221e-01 2.795027675848164861e-02
1.412499999999999867e+00 1.395220412860176395e-01 2.669327502340997083e-02
1.413194444444444420e+00 1.388991018847196557e-01 2.556128319620719000e-02
1.413888888888888751e+00 1.335281405978832880e-01 2.453642561418553289e-02
1.414583333333333526e+00 1.283419392312788732e-01 2.355778309361759165e-02
1.415277777777777857e+00 1.235037418445515955e-01 2.262879650507555046e-02
1.415972222222222188e+00 1.189247847083809984e-01 2.172309044572544312e-02
1.416666666666666741e+00 1.146302742339300046e-01 2.080992873318466066e-02
1.417361111111111072e+00 1.136461526537887318e-01 1.989500690642460184e-02
1.418055555555555403e+00 1.127765493154581078e-01 1.901735386052655352e-02
1.418749999999999956e+00 1.120212822871938102e-01 1.815795417609721366e-02
1.419444444444444287e+00 1.113503110549661640e-01 1.741771666873732916e-02
1.420138888888889062e+00 1.108241642389640319e-01 1.678225715461314702e-02
1.420833333333333393e+00 1.132499018720872080e-01 1.619155200344131809e-02
1.421527777777777724e+00 1.156031972526202906e-01 1.565430392364000611e-02
1.422222222222222276e+00 1.176482680983293033e-01 1.519657402543931127e-02
1.422916666666666607e+00 1.193910656544984322e-01 1.481682157724707738e-02
1.423611111111110938e+00 1.207995466424629100e-01 1.450359626171855189e-02
1.424305555555555491e+00 1.432179018501280876e-01 1.469985725748042434e-02
1.425000000000000044e+00 1.431364203349684006e-01 1.618668536868072411e-02
1.425694444444444597e+00 1.598399909080689407e-01 1.976279944582018042e-02
1.426388888888888928e+00 1.907561441911057587e-01 2.675897078089347833e-02
1.427083333333333259e+00 2.519642415752004205e-01 3.693264561317030625e-02
1.427777777777777812e+00 2.777632331903348017e-01 4.966256257927995077e-02
1.428472222222222143e+00 3.084936714646189793e-01 6.270449551960931289e-02
1.429166666666666474e+00 3.310313369965410257e-01 7.480271367141662353e-02
1.429861111111111027e+00 3.461087982236512595e-01 8.480864410899170702e-02
1.430555555555555580e+00 3.556121500477143482e-01 9.292607901256588754e-02
1.431250000000000133e+00 3.625580275632331873e-01 1.001851222277373166e-01
1.431944444444444464e+00 3.689114376039187015e-01 1.064844525694354782e-01
1.432638888888888795e+00 3.751540298728492373e-01 1.130817154193608787e-01
1.433333333333333348e+00 3.813058171527097806e-01 1.200677856354328971e-01
1.434027777777777679e+00 3.875096593480710228e-01 1.265560565003680249e-01
1.434722222222222010e+00 3.930747449720970454e-01 1.324528093260836925e-01
1.435416666666666785e+00 3.984902705184607541e-01 1.383734368257080183e-01
1.436111111111111116e+00 4.034095324718389164e-01 1.442929090623451815e-01
1.436805555555555669e+00 4.084883919339895586e-01 1.497924159241238729e-01
1.437500000000000000e+00 4.132841020001866150e-01 1.553399380493503401e-01
1.438194444444444331e+00 3.710706034250241259e-01 1.599866495141887279e-01
1.438888888888888884e+00 3.279391060561683280e-01 1.618219743622381634e-01
1.439583333333333215e+00 2.792404700243634741e-01 1.600619760042636397e-01
1.440277777777777546e+00 2.980670317897916033e-01 1.541724046728502051e-01
1.440972222222222321e+00 3.051431401685760214e-01 1.445411157103786981e-01
1.441666666666666652e+00 3.012187754451283173e-01 1.351070153020637044e-01
1.442361111111111205e+00 2.991406067698408333e-01 1.249529911109435731e-01
1.443055555555555536e+00 2.940198336108124089e-01 1.166164770896412073e-01
1.443749999999999867e+00 2.892757296371835096e-01 1.105053392312644878e-01
1.444444444444444420e+00 2.839131312000230389e-01 1.059671324294250289e-01
1.445138888888888751e+00 2.797428607781313747e-01 1.024424649244689289e-01
1.445833333333333526e+00 2.762158067883505042e-01 9.947127366762124889e-02
1.446527777777777857e+00 2.733128406014076472e-01 9.673611463544348754e-02
1.447222222222222188e+00 2.712339646137853499e-01 9.423193008119498670e-02
1.447916666666666741e+00 2.702919294926365290e-01 9.196953896700524322e-02
1.448611111111111072e+00 2.730546284485572128e-01 8.982949970210681034e-02
1.449305555555555403e+00 2.648196582509757535e-01 8.752487494014082881e-02
1.449999999999999956e+00 2.540569790672162487e-01 8.477676824508890985e-02
1.450694444444444287e+00 2.584034781974839934e-01 8.168980132965827923e-02
1.451388888888889062e+00 2.563320999503461151e-01 7.833337422674685468e-02
1.452083333333333393e+00 2.569849396867434077e-01 7.487856453830252224e-02
1.452777777777777724e+00 2.516091694259567912e-01 7.182643129815959038e-02
1.453472222222222276e+00 2.502711060902706453e-01 6.949595412217911272e-02
1.454166666666666607e+00 2.587634572242794584e-01 6.794416334384778544e-02
1.454861111111110938e+00 2.646568066807118980e-01 6.701264208157341196e-02
1.455555555555555491e+00 2.613069497608632719e-01 6.651117721862163934e-02
1.456250000000000044e+00 2.588678004177173975e-01 6.608377248047403452e-02
1.456944444444444597e+00 2.559351950367711459e-01 6.545258564055381201e-02
1.457638888888888928e+00 2.534884716383161152e-01 6.461690066834605006e-02
1.458333333333333259e+00 2.511982204971455745e-01 6.355820137598391928e-02
1.459027777777777812e+00 2.612515040535339228e-01 6.286230052274405233e-02
1.459722222222222143e+00 2.495565624810943683e-01 6.374005334325454075e-02
1.460416666666666474e+00 2.861771778198840543e-01 6.711991384139326389e-02
1.461111111111111027e+00 3.709139030284691052e-01 7.360229945751761704e-02
1.461805555555555580e+00 4.231827412982809289e-01 8.403133338194418434e-02
1.462500000000000133e+00 4.486591313718978902e-01 9.676581343462589690e-02
1.463194444444444464e+00 4.701200864258253120e-01 1.101737568838477566e-01
1.463888888888888795e+00 4.870848140878030197e-01 1.222961024849267969e-01
1.464583333333333348e+00 4.939712551639010574e-01 1.322961903474996481e-01
1.465277777777777679e+00 4.966094188039200108e-01 1.407977499229904061e-01
1.465972222222222010e+00 4.983555938629698479e-01 1.481178969959456304e-01
1.466666666666666785e+00 5.017223510016229904e-01 1.551040221796389507e-01
1.467361111111111116e+00 5.051230510713416999e-01 1.619116986402535652e-01
1.468055555555555669e+00 5.085356001388715574e-01 1.685988690810817925e-01
1.468750000000000000e+00 5.121613842868922850e-01 1.748405084166006762e-01
1.469444444444444331e+00 5.160742388628071220e-01 1.808737370334701500e-01
1.470138888888888884e+00 5.206409285682851440e-01 1.868890142525738429e-01
1.470833333333333215e+00 5.245644811068291835e-01 1.926061476787051252e-01
1.471527777777777546e+00 5.265533207808555938e-01 1.982267510187656900e-01
1.472222222222222321e+00 5.303669125890834168e-01 2.035975001286496333e-01
1.472916666666666652e+00 5.354083786800878375e-01 2.089812778396616111e-01
1.473611111111111205e+00 5.391143213195855877e-01 2.141332912955841439e-01
1.474305555555555536e+00 5.422527723964789548e-01 2.192195267398168446e-01
1.474999999999999867e+00 5.471499488740436679e-01 2.242633521922096640e-01
1.475694444444444420e+00 5.513704558164308489e-01 2.290688844226841103e-01
1.476388888888888751e+00 5.539276516409545881e-01 2.339525033961591394e-01
1.477083333333333526e+00 5.580141232972051224e-01 2.385963661483754827e-01
1.477777777777777857e+00 5.623764020591619506e-01 2.431241014821529933e-01
1.478472222222222188e+00 5.662709069609116463e-01 2.478322413120837842e-01
1.479166666666666741e+00 5.700606935199166170e-01 2.523020844505090010e-01
1.479861111111111072e+00 5.743422203064222353e-01 2.568197555313994074e-01
1.480555555555555403e+00 5.784881062930996576e-01 2.612244677000786774e-01
1.481249999999999956e+00 5.832998581437024432e-01 2.655629122130053754e-01
1.481944444444444287e+00 5.883590886643165208e-01 2.700977512589135543e-01
1.482638888888889062e+00 5.932433941503140185e-01 2.745666947537987457e-01
1.483333333333333393e+00 5.289773860451635334e-01 2.777045597649133168e-01
1.484027777777777724e+00 4.525068796153980388e-01 2.773806636537829995e-01
1.484722222222222276e+00 3.975054767091394381e-01 2.722001900731427226e-01
1.485416666666666607e+00 4.185534353111002859e-01 2.607476984044633239e-01
1.486111111111110938e+00 4.167776756375362046e-01 2.455342509297803455e-01
1.486805555555555491e+00 3.781283740439602692e-01 2.278392165065313280e-01
1.487500000000000044e+00 4.004518392129262638e-01 2.113493421709521647e-01
1.488194444444444597e+00 3.950310440255633271e-01 1.979502909785138542e-01
1.488888888888888928e+00 3.943713193608943679e-01 1.876520838563253968e-01
1.489583333333333259e+00 3.819691725878450739e-01 1.798864316831861598e-01
1.490277777777777812e+00 3.800258341299103115e-01 1.739354366059092938e-01
1.490972222222222143e+00 3.740577261343058790e-01 1.683495876007592151e-01
1.491666666666666474e+00 3.637282658199323948e-01 1.626670691896780763e-01
1.492361111111111027e+00 3.513350841177109718e-01 1.568913580683391484e-01
1.493055555555555580e+00 3.424526383237667670e-01 1.510042087664767996e-01
1.493750000000000133e+00 3.658541173659532464e-01 1.459916838267049655e-01
1.494444444444444464e+00 3.384244904790794095e-01 1.434765328516894034e-01
1.495138888888888795e+00 3.963058996802867884e-01 1.446656738700500267e-01
1.495833333333333348e+00 5.074405682226668102e-01 1.502799174991150122e-01
1.496527777777777679e+00 5.785369355817282511e-01 1.599707891406165483e-01
1.497222222222222010e+00 6.079160978317036390e-01 1.744902931957092451e-01
1.497916666666666785e+00 6.339640556158774309e-01 1.890999906180765022e-01
1.498611111111111116e+00 6.519116672241233035e-01 2.023381690169239744e-01
1.499305555555555669e+00 6.587278038362665011e-01 2.134720883932582081e-01
1.500000000000000000e+00 6.598599263022724148e-01 2.222498304206887987e-01
1.500694444444444331e+00 6.602868949028538603e-01 2.297085637838176264e-01
1.501388888888888884e+00 6.616070643426682496e-01 2.367783489695415577e-01
1.502083333333333215e+00 6.634547421585776927e-01 2.437099948250607551e-01
1.502777777777777546e+00 6.663738093113487082e-01 2.503783469133072370e-01
1.503472222222222321e+00 6.695467332316471509e-01 2.566735288238585766e-01
1.504166666666666652e+00 6.724839561239230878e-01 2.625176657477403808e-01
1.504861111111111205e+00 6.758766644304660121e-01 2.683365065976833219e-01
1.505555555555555536e+00 6.789211306286676573e-01 2.738680670349242230e-01
1.506249999999999867e+00 6.816703412210294299e-01 2.791624652228725245e-01
1.506944444444444420e+00 6.848421668752547875e-01 2.844306876117475014e-01
1.507638888888888751e+00 6.881892277848689066e-01 2.895072391124000610e-01
1.508333333333333526e+00 6.916098773502330488e-01 2.944875504905701269e-01
1.509027777777777857e+00 6.939228996649946524e-01 2.993454984412123321e-01
1.509722222222222188e+00 6.971220144990213363e-01 3.039074515138617261e-01
1.510416666666666741e+00 7.008230489480103964e-01 3.085945357641207698e-01
1.511111111111111072e+00 6.366247070113713047e-01 3.119908443312232604e-01
1.511805555555555403e+00 5.583542117191581111e-01 3.119229659955253808e-01
1.512499999999999956e+00 4.558628730723260913e-01 3.072849291694434437e-01
1.513194444444444287e+00 4.825128001338520600e-01 2.966441802164444530e-01
1.513888888888889062e+00 4.912515252164377788e-01 2.818527985020624071e-01
1.514583333333333393e+00 4.820843956007606623e-01 2.657997530254866403e-01
1.515277777777777724e+00 4.912472536174062321e-01 2.529945189482969981e-01
1.515972222222222276e+00 5.189087027148573394e-01 2.461331740341188012e-01
1.516666666666666607e+00 6.396580459805751850e-01 2.464163415120713685e-01
1.517361111111110938e+00 6.967642606386664772e-01 2.531071706277198130e-01
1.518055555555555491e+00 6.582458706897353906e-01 2.634874201182182962e-01
1.518750000000000044e+00 5.964819834163637147e-01 2.732621861620549986e-01
1.519444444444444597e+00 5.136883846654721753e-01 2.764263620676749023e-01
1.520138888888888928e+00 5.465408967156152320e-01 2.726942181531924470e-01
1.520833333333333259e+00 5.119270470778726212e-01 2.623729876931800153e-01
1.521527777777777812e+00 5.165761622790743246e-01 2.497871133920937514e-01
1.522222222222222143e+00 5.052894903039276686e-01 2.360463947814540331e-01
1.522916666666666474e+00 4.965672725586173786e-01 2.247343035277306056e-01
1.523611111111111249e+00 4.888693693348452607e-01 2.152878716939413961e-01
1.524305555555555580e+00 4.809308760098504609e-01 2.075924955597812649e-01
1.525000000000000133e+00 4.652297605604714392e-01 2.017584756272851054e-01
1.525694444444444464e+00 5.039436387579471210e-01 1.986548152741240691e-01
1.526388888888888795e+00 5.188446762341569762e-01 1.991384154552390540e-01
1.527083333333333348e+00 6.544602181623274673e-01 2.039656902921424819e-01
1.527777777777777679e+00 7.194572457650658670e-01 2.130212746229208087e-01
1.528472222222222010e+00 7.530339653742506023e-01 2.269098427184065569e-01
1.529166666666666785e+00 7.725828463849613303e-01 2.411726639766512692e-01
1.529861111111111116e+00 7.879310522700083697e-01 2.538990258362070485e-01
1.530555555555555669e+00 7.903747311355525662e-01 2.645092708421309391e-01
1.531250000000000000e+00 7.897142659239375639e-01 2.727529659443719834e-01
1.531944444444444331e+00 7.257179192375783350e-01 2.789225272716533421e-01
1.532638888888888884e+00 6.509364517928919458e-01 2.817531722708817021e-01
1.533333333333333215e+00 5.559636565351409043e-01 2.805214333722205189e-01
1.534027777777777990e+00 5.803710780939046465e-01 2.751496463375223134e-01
1.534722222222222321e+00 5.193288096863770686e-01 2.649856507816696349e-01
1.535416666666666652e+00 5.418568637565752688e-01 2.520275840360930442e-01
1.536111111111111205e+00 5.302740772836307404e-01 2.390418927082009204e-01
1.536805555555555536e+00 5.198709684307764034e-01 2.280845567297480891e-01
1.537499999999999867e+00 5.128639601459845654e-01 2.186757434797610700e-01
1.538194444444444420e+00 5.072372591623496296e-01 2.109559590092773551e-01
1.538888888888888751e+00 4.931260411806226429e-01 2.046800465335643082e-01
1.539583333333333526e+00 4.738380260450588133e-01 2.004586571652940685e-01
1.540277777777777857e+00 5.409207675020736295e-01 1.983826868365102802e-01
1.540972222222222188e+00 4.996192938546447637e-01 1.992617177317423383e-01
1.541666666666666741e+00 6.103610353202103544e-01 2.029110460892245560e-01
1.542361111111111072e+00 6.522754810627048316e-01 2.082116689617060645e-01
1.543055555555555403e+00 6.960639164701603043e-01 2.159256129619202824e-01
1.543749999999999956e+00 7.457708694277694894e-01 2.239899771184184485e-01
1.544444444444444509e+00 7.936024735483996340e-01 2.324854642557858120e-01
1.545138888888889062e+00 8.239090554145079848e-01 2.421020655486716966e-01
1.545833333333333393e+00 8.369857533456211973e-01 2.516173032110091135e-01
1.546527777777777724e+00 8.308408463008752909e-01 2.613540355631112644e-01
1.547222222222222276e+00 8.375000233609680711e-01 2.703507962055749503e-01
1.547916666666666607e+00 8.372645674258550885e-01 2.780354400495115286e-01
1.548611111111110938e+00 8.376853064431489804e-01 2.851258483801354937e-01
1.549305555555555491e+00 8.380859132835892789e-01 2.913828994588576471e-01
1.550000000000000044e+00 8.391339240606474625e-01 2.972789493134799232e-01
1.550694444444444597e+00 8.379802771810473949e-01 3.030756266344910577e-01
1.551388888888888928e+00 8.394413169046610612e-01 3.084975639890696342e-01
1.552083333333333259e+00 8.431957755245694797e-01 3.138142776751079444e-01
1.552777777777777812e+00 8.071275777630309012e-01 3.182305084020383146e-01
1.553472222222222143e+00 7.478497238058087193e-01 3.208077282776757300e-01
1.554166666666666474e+00 7.225316275297422042e-01 3.207034689068068989e-01
1.554861111111111249e+00 6.449209626304288623e-01 3.174983689764879768e-01
1.555555555555555580e+00 5.979520571826832942e-01 3.117184972149824596e-01
1.556250000000000133e+00 6.550808092511726244e-01 3.046482411572500881e-01
1.556944444444444464e+00 7.129183683701799668e-01 2.988064554254019067e-01
1.557638888888888795e+00 7.675831935235868375e-01 2.964585396220695279e-01
1.558333333333333348e+00 8.081167091097057886e-01 2.985639172736298530e-01
1.559027777777777679e+00 8.665680275004931099e-01 3.045080391581878043e-01
1.559722222222222010e+00 7.721341852592208399e-01 3.117829937391905504e-01
1.560416666666666785e+00 6.775087638592129924e-01 3.163605419574577748e-01
1.561111111111111116e+00 5.909388007279082755e-01 3.144416025208576770e-01
1.561805555555555669e+00 6.253503332241662216e-01 3.049473058608541121e-01
1.562500000000000000e+00 6.294510414965872602e-01 2.905198975982537513e-01
1.563194444444444331e+00 5.927060699715905878e-01 2.731130345866384923e-01
1.563888888888888884e+00 5.574993703243070753e-01 2.594920042069391308e-01
1.564583333333333215e+00 6.071034708882911968e-01 2.521380698514876229e-01
1.565277777777777990e+00 7.650984204312198944e-01 2.519163726533479863e-01
1.565972222222222321e+00 8.329933736927344068e-01 2.587739907329090761e-01
1.566666666666666652e+00 8.557236135463647253e-01 2.707041670167332215e-01
1.567361111111111205e+00 8.807971157498638570e-01 2.851365349960646167e-01
1.568055555555555536e+00 9.052912430174513414e-01 2.977855804554037089e-01
1.568749999999999867e+00 9.116560191258783474e-01 3.076257307777689465e-01
1.569444444444444420e+00 9.098502937166881299e-01 3.149082321918342808e-01
1.570138888888888751e+00 9.030029774953535204e-01 3.210617607709014276e-01
1.570833333333333526e+00 9.013974064985507129e-01 3.268013908449531324e-01
1.571527777777777857e+00 8.992965373438360777e-01 3.326560967701061022e-01
1.572222222222222188e+00 9.015975577582752143e-01 3.379846451125433360e-01
1.572916666666666741e+00 9.040481627265458675e-01 3.430876226513032701e-01
1.573611111111111072e+00 9.034007154147645213e-01 3.477497360509989588e-01
1.574305555555555403e+00 9.067614416229864416e-01 3.523597174360889039e-01
1.574999999999999956e+00 9.103707095462123533e-01 3.567712032033399372e-01
1.575694444444444509e+00 9.125113944124291221e-01 3.610449245817838881e-01
1.576388888888889062e+00 9.139887900599673598e-01 3.651848499593884911e-01
1.577083333333333393e+00 8.259797858853943353e-01 3.679146248508758932e-01
1.577777777777777724e+00 7.365048948832640940e-01 3.674640835963772778e-01
1.578472222222222276e+00 6.086237600151814808e-01 3.622896577914366256e-01
1.579166666666666607e+00 6.479415502607036581e-01 3.511419991462565449e-01
1.579861111111110938e+00 6.462341354371042845e-01 3.354137552721377369e-01
1.580555555555555491e+00 6.418723438725928432e-01 3.173265219054616781e-01
1.581250000000000044e+00 6.304449478821774200e-01 3.004683719731667257e-01
1.581944444444444597e+00 6.198092555867019682e-01 2.848563792780137716e-01
1.582638888888888928e+00 6.080889479751055982e-01 2.717237834613486780e-01
1.583333333333333259e+00 5.987511035237097490e-01 2.607715827684782273e-01
1.584027777777777812e+00 5.701798272860318928e-01 2.517226511118192400e-01
1.584722222222222143e+00 5.496714712592012386e-01 2.454853119677601059e-01
1.585416666666666474e+00 6.182953577673564460e-01 2.424037921138919860e-01
1.586111111111111249e+00 6.176977717984725169e-01 2.432073370343288687e-01
1.586805555555555580e+00 7.573773690059140140e-01 2.480610570477973509e-01
1.587500000000000133e+00 7.788457502703844959e-01 2.551320115311365155e-01
1.588194444444444464e+00 8.248069363952607036e-01 2.645243062677309909e-01
1.588888888888888795e+00 8.695132320544356475e-01 2.735456875040965796e-01
1.589583333333333348e+00 9.088729035130583833e-01 2.825344226691236527e-01
1.590277777777777679e+00 9.404858040601632441e-01 2.913032987398314066e-01
1.590972222222222010e+00 9.424450424101736834e-01 2.996463208607744733e-01
1.591666666666666785e+00 9.462033764613927422e-01 3.079824868785402403e-01
1.592361111111111116e+00 9.486611222124644582e-01 3.154602225544539396e-01
1.593055555555555669e+00 9.514915391062266359e-01 3.223602579363162302e-01
1.593750000000000000e+00 9.515687578079208286e-01 3.284597232786046206e-01
1.594444444444444331e+00 9.517245205633754201e-01 3.336994820084747682e-01
1.595138888888888884e+00 9.540938428358477497e-01 3.387431040941500382e-01
1.595833333333333215e+00 9.539295275495768278e-01 3.435122242968225992e-01
1.596527777777777990e+00 9.546069674750560230e-01 3.481929873965685651e-01
1.597222222222222321e+00 9.557252248608879563e-01 3.525599806578756934e-01
1.597916666666666652e+00 9.573466776829800962e-01 3.567248705062143199e-01
1.598611111111111205e+00 9.607254136772708231e-01 3.608988772537484180e-01
1.599305555555555536e+00 9.622086747764991843e-01 3.647458208290625947e-01
1.599999999999999867e+00 9.633881270581222678e-01 3.685873866375641850e-01
1.600694444444444420e+00 9.644463622781686007e-01 3.722770116769478221e-01
1.601388888888888751e+00 9.670133125571174215e-01 3.757646955715167603e-01
1.602083333333333526e+00 9.680333759495536317e-01 3.792512753229253519e-01
1.602777777777777857e+00 9.700742164007142287e-01 3.825319262376486451e-01
1.603472222222222188e+00 9.716282426314841736e-01 3.858382876957957563e-01
1.604166666666666741e+00 9.727046653158700762e-01 3.892332760759303345e-01
1.604861111111111072e+00 9.724343953325446099e-01 3.922399718566132454e-01
1.605555555555555403e+00 9.722093928676214247e-01 3.951256034222849212e-01
1.606249999999999956e+00 9.709292264836290043e-01 3.979304259286517431e-01
1.606944444444444509e+00 9.711899998564555991e-01 4.004336359578082871e-01
1.607638888888889062e+00 9.704833794259843938e-01 4.027004038662764240e-01
1.608333333333333393e+00 9.714165303686679298e-01 4.048029124710448845e-01
1.609027777777777724e+00 9.728617115191541265e-01 4.069472183970094248e-01
1.609722222222222276e+00 9.751539089617556888e-01 4.091375820650792750e-01
1.610416666666666607e+00 9.764384913262542653e-01 4.111125997641333352e-01
1.611111111111110938e+00 9.773245649272854774e-01 4.131686750522344242e-01
1.611805555555555491e+00 9.802110725693194970e-01 4.153841012526847676e-01
1.612500000000000044e+00 9.820610097282648221e-01 4.175522235875007149e-01
1.613194444444444597e+00 9.818302452303684369e-01 4.196132739287052882e-01
1.613888888888888928e+00 9.837016543936545343e-01 4.216197735167119820e-01
1.614583333333333259e+00 9.861903112667095295e-01 4.236973324242592209e-01
1.615277777777777812e+00 9.881905908634486257e-01 4.255222663319957466e-01
1.615972222222222143e+00 9.891462417959333564e-01 4.273948055373378296e-01
1.616666666666666474e+00 9.893846724567231243e-01 4.294597284056679842e-01
1.617361111111111249e+00 9.905638184213684250e-01 4.314101484642602902e-01
1.618055555555555580e+00 9.919918673926100272e-01 4.331894184732324460e-01
1.618750000000000133e+00 9.943544344003282243e-01 4.350500844174716164e-01
1.619444444444444464e+00 9.959031363773164225e-01 4.367574027944319259e-01
1.620138888888888795e+00 9.963966868948976874e-01 4.385158634318294668e-01
1.620833333333333348e+00 9.987414939936719582e-01 4.402794408933378145e-01
1.621527777777777679e+00 9.991811031591562031e-01 4.419495549183830585e-01
1.622222222222222010e+00 9.995169713368097231e-01 4.436640022123258809e-01
1.622916666666666785e+00 1.001170466092037081e+00 4.452067150017577912e-01
1.623611111111111116e+00 1.004060172101810755e+00 4.468390136629807330e-01
1.624305555555555669e+00 1.005556464212829848e+00 4.484413041413245482e-01
1.625000000000000000e+00 1.005000845261348585e+00 4.500016359621794027e-01
1.625694444444444331e+00 1.005320484803607917e+00 4.515947336246285415e-01
1.626388888888888884e+00 1.007999655183475562e+00 4.529623299710436313e-01
1.627083333333333215e+00 1.008537656844960440e+00 4.544832440141514107e-01
1.627777777777777990e+00 1.008410339711948822e+00 4.559307872419744445e-01
1.628472222222222321e+00 1.008518236489421849e+00 4.572495754539773194e-01
1.629166666666666652e+00 1.010789046312595918e+00 4.587356622236762327e-01
1.629861111111111205e+00 1.012465858695645204e+00 4.599608981361498206e-01
1.630555555555555536e+00 1.011535656968798991e+00 4.611460941931633806e-01
1.631249999999999867e+00 1.010958263383364253e+00 4.624581821157995876e-01
1.631944444444444420e+00 1.012791942338375550e+00 4.635792253522432738e-01
1.632638888888888751e+00 1.014809975417189092e+00 4.647575629392604601e-01
1.633333333333333526e+00 1.012117333685704335e+00 4.658769101512170718e-01
1.634027777777777857e+00 1.013095971375322701e+00 4.670290069379421927e-01
1.634722222222222188e+00 1.018185219887535187e+00 4.681781587663774724e-01
1.635416666666666741e+00 1.019234736861134527e+00 4.691261003602099078e-01
1.636111111111111072e+00 1.017903990757664801e+00 4.702017539361717513e-01
1.636805555555555403e+00 1.018979265838422466e+00 4.712041733455400450e-01
1.637499999999999956e+00 1.018274651101460204e+00 4.721646205013688702e-01
1.638194444444444509e+00 1.018700515649320071e+00 4.731869824363383326e-01
1.638888888888889062e+00 1.020146530594253864e+00 4.739655472357025001e-01
1.639583333333333393e+00 1.022025680711322826e+00 4.747520786974385731e-01
1.640277777777777724e+00 1.021614774749249666e+00 4.756496636751564311e-01
1.640972222222222276e+00 1.022112084223244510e+00 4.765592895053414324e-01
1.641666666666666607e+00 1.022645218486339269e+00 4.773290028879935143e-01
1.642361111111110938e+00 1.023262842381167603e+00 4.780656857248542502e-01
1.643055555555555491e+00 1.023790750869895794e+00 4.789357584456220285e-01
1.643750000000000044e+00 1.022404088862681082e+00 4.796970437331787851e-01
1.644444444444444597e+00 1.024565311452036553e+00 4.803273346498326823e-01
1.645138888888888928e+00 1.025934351360196617e+00 4.810582549096008576e-01
1.645833333333333259e+00 1.026537629585975164e+00 4.816046285167991381e-01
1.646527777777777812e+00 1.024914056375420435e+00 4.822490307255078434e-01
1.647222222222222143e+00 1.024151961122422572e+00 4.828338323974467605e-01
1.647916666666666474e+00 1.023556255878166121e+00 4.832281660044121518e-01
1.648611111111111249e+00 1.021190405971909687e+00 4.836445395918981816e-01
1.649305555555555580e+00 1.022793290754270279e+00 4.837752840177243496e-01
1.650000000000000133e+00 1.023799063167866619e+00 4.839154112741724245e-01
1.650694444444444464e+00 1.021520102920960849e+00 4.840739274436502426e-01
1.651388888888888795e+00 1.021891150100382006e+00 4.842408296062745143e-01
1.652083333333333348e+00 1.022631917500891996e+00 4.844174324466561377e-01
1.652777777777777679e+00 1.024523053463787914e+00 4.845830502848003651e-01
1.653472222222222010e+00 1.025630681535973476e+00 4.847479834039691293e-01
1.654166666666666785e+00 1.026141074543635900e+00 4.848663193550380446e-01
1.654861111111111116e+00 1.026583541290545520e+00 4.850197955170313380e-01
1.655555555555555669e+00 1.027072755833390305e+00 4.851975157447537268e-01
1.656250000000000000e+00 1.027971601862454065e+00 4.851721294052563915e-01
1.656944444444444331e+00 1.028821232855774204e+00 4.851979102963209223e-01
1.657638888888888884e+00 1.027697680451500784e+00 4.853764707412701052e-01
1.658333333333333215e+00 1.028218206798958478e+00 4.854519117283336849e-01
1.659027777777777990e+00 1.030163449692223843e+00 4.854045594863822810e-01
1.659722222222222321e+00 1.030068943507595147e+00 4.854512361833473455e-01
1.660416666666666652e+00 1.028825162590035980e+00 4.853383953669611062e-01
1.661111111111111205e+00 1.029783428200166773e+00 4.851411593776739917e-01
1.661805555555555536e+00 1.030604670562297986e+00 4.850758022279879622e-01
1.662499999999999867e+00 1.029821242805393000e+00 4.849963071741857923e-01
1.663194444444444420e+00 1.029769468606913208e+00 4.847549213165214810e-01
1.663888888888888751e+00 9.388799154050316842e-01 4.835520832304610050e-01
1.664583333333333526e+00 8.240225512858828649e-01 4.796117598199373111e-01
1.665277777777777857e+00 8.602851787792133997e-01 4.716207659254805784e-01
1.665972222222222188e+00 7.553617639196373856e-01 4.587988498254602643e-01
1.666666666666666741e+00 8.208915853433856880e-01 4.410769684508725197e-01
1.667361111111111072e+00 7.750306571524377963e-01 4.222060896409619013e-01
1.668055555555555403e+00 7.575254604077441556e-01 4.066386809676680869e-01
1.668749999999999956e+00 7.957849857887219214e-01 3.969340263161065252e-01
1.669444444444444509e+00 8.704111200213280330e-01 3.929324124997556344e-01
1.670138888888889062e+00 9.562029340588465987e-01 3.955030708448055710e-01
1.670833333333333393e+00 9.730102810144859449e-01 4.012473929825038366e-01
1.671527777777777724e+00 9.932028711511664554e-01 4.090509617331818948e-01
1.672222222222222276e+00 1.006192075972724087e+00 4.158784794059854351e-01
1.672916666666666607e+00 1.015508065392386250e+00 4.203885545670189017e-01
1.673611111111110938e+00 1.017704203914165717e+00 4.234781380350391422e-01
1.674305555555555491e+00 1.018536991341806086e+00 4.250938027186809687e-01
1.675000000000000044e+00 1.017836333728003639e+00 4.263819009347897815e-01
1.675694444444444597e+00 1.017268695173312532e+00 4.276366826104795460e-01
1.676388888888888928e+00 1.013236201580553164e+00 4.287008696768323524e-01
1.677083333333333259e+00 1.011477473010186090e+00 4.293930514064023263e-01
1.677777777777777812e+00 1.009266744280024053e+00 4.298335002356553081e-01
1.678472222222222143e+00 1.007625869988040490e+00 4.302469836246031742e-01
1.679166666666666474e+00 1.008750481049083714e+00 4.304788737979884927e-01
1.679861111111111249e+00 1.008524234394016617e+00 4.305625778800545866e-01
1.680555555555555580e+00 1.009872805701182541e+00 4.305920197312115838e-01
1.681250000000000133e+00 1.008455729535168599e+00 4.305454314559637452e-01
1.681944444444444464e+00 1.006684668462740850e+00 4.303437228931702441e-01
1.682638888888888795e+00 1.004742251182135337e+00 4.300920724158387998e-01
1.683333333333333348e+00 1.003575336799995998e+00 4.298616115683251415e-01
1.684027777777777679e+00 1.003439087906528471e+00 4.295270235086346422e-01
1.684722222222222010e+00 1.004090409788754190e+00 4.290833250463151893e-01
1.685416666666666785e+00 1.002721322204934484e+00 4.286002630526628554e-01
1.686111111111111116e+00 1.001453965229790466e+00 4.279965273092291578e-01
1.686805555555555669e+00 9.991814447609783656e-01 4.273859171291700121e-01
1.687500000000000000e+00 9.978318908488009731e-01 4.267495932225290889e-01
1.688194444444444331e+00 9.939385100654428706e-01 4.261018818639341621e-01
1.688888888888888884e+00 9.915783003189463374e-01 4.253715436209942746e-01
1.689583333333333215e+00 9.872181659910230778e-01 4.243907325560726806e-01
1.690277777777777990e+00 9.831378991938034551e-01 4.233117631190757013e-01
1.690972222222222321e+00 9.791728852425856111e-01 4.221818311165076443e-01
1.691666666666666652e+00 9.788706326973031224e-01 4.209575345323026685e-01
1.692361111111111205e+00 9.760755154513429677e-01 4.196937320804973726e-01
1.693055555555555536e+00 9.752289671522584857e-01 4.184028309832373282e-01
1.693749999999999867e+00 9.728950408080018208e-01 4.170893788013614323e-01
1.694444444444444420e+00 9.711081260532867798e-01 4.157700116317442629e-01
1.695138888888888751e+00 9.690057533531014622e-01 4.144117622948619850e-01
1.695833333333333526e+00 9.677665807611531834e-01 4.130684591383197435e-01
1.696527777777777857e+00 9.659265438026083395e-01 4.117210949945494525e-01
1.697222222222222188e+00 9.651396211834090133e-01 4.103312338911451196e-01
1.697916666666666741e+00 9.633065707489947282e-01 4.089025763465171104e-01
1.698611111111111072e+00 9.598155211279009169e-01 4.074269837143705830e-01
1.699305555555555403e+00 9.592709277826424463e-01 4.059246518418085370e-01
1.699999999999999956e+00 9.572999881428572166e-01 4.043942017919713861e-01
1.700694444444444509e+00 9.544014570155331390e-01 4.028395700544635805e-01
1.701388888888889062e+00 9.518365817139634588e-01 4.012544519430929491e-01
1.702083333333333393e+00 9.510480138623224056e-01 3.996256592182020895e-01
1.702777777777777724e+00 9.485452521589604613e-01 3.979623809884083596e-01
1.703472222222222276e+00 9.476407610567580964e-01 3.962709192669854330e-01
1.704166666666666607e+00 9.442816409027522395e-01 3.945436106005278942e-01
1.704861111111110938e+00 9.409422941401841545e-01 3.927802503444638993e-01
1.705555555555555491e+00 9.390316660888415878e-01 3.909739812151578064e-01
1.706250000000000044e+00 9.374276962138129443e-01 3.891433285551268995e-01
1.706944444444444597e+00 9.344210400513506265e-01 3.873310227000821837e-01
1.707638888888888928e+00 9.310898356874907078e-01 3.854868541480019339e-01
1.708333333333333259e+00 9.270216796547106064e-01 3.836131084036650263e-01
1.709027777777777812e+00 9.226770337973009273e-01 3.816847110745018035e-01
1.709722222222222143e+00 9.212768740128219891e-01 3.797358117920663911e-01
1.710416666666666474e+00 9.216686050414305553e-01 3.777773011944792203e-01
1.711111111111111249e+00 9.214822512852754999e-01 3.757346023521727085e-01
1.711805555555555580e+00 9.117858599801118569e-01 3.736962665657196925e-01
1.712500000000000133e+00 9.040117266862562895e-01 3.716179914085496194e-01
1.713194444444444464e+00 9.009019335247443472e-01 3.694610859101662426e-01
1.713888888888888795e+00 8.993398242221942729e-01 3.673501406821350068e-01
1.714583333333333348e+00 8.975030142058085803e-01 3.652124230287203677e-01
1.715277777777777679e+00 8.987433861454880990e-01 3.629702681998978053e-01
1.715972222222222010e+00 8.949311680559255411e-01 3.606994059800072150e-01
1.716666666666666785e+00 8.867346805444078495e-01 3.583925784298079842e-01
1.717361111111111116e+00 8.803661992389508750e-01 3.560690543038791955e-01
1.718055555555555669e+00 8.753427920109287941e-01 3.537552204827900670e-01
1.718750000000000000e+00 8.706020205951418012e-01 3.514081818279755631e-01
1.719444444444444331e+00 8.667985010266450185e-01 3.490492201338701861e-01
1.720138888888888884e+00 8.614312558948192811e-01 3.466592312980893431e-01
1.720833333333333215e+00 8.571098046627431133e-01 3.442256432349832251e-01
1.721527777777777990e+00 8.539961661747184074e-01 3.417513531056146636e-01
1.722222222222222321e+00 8.524241993194593414e-01 3.392415979652419478e-01
1.722916666666666652e+00 8.500282480912698668e-01 3.367124883516773859e-01
1.723611111111111205e+00 8.469826247272945752e-01 3.341464480800689918e-01
1.724305555555555536e+00 8.458157967816285483e-01 3.315606800095898810e-01
1.724999999999999867e+00 8.467973656871812249e-01 3.289480963052923146e-01
1.725694444444444420e+00 8.485899463391237685e-01 3.263170439195173800e-01
1.726388888888888751e+00 8.489490909183181611e-01 3.236600602286080486e-01
1.727083333333333526e+00 8.507574612660465663e-01 3.209714539241536047e-01
1.727777777777777857e+00 8.553367981573508638e-01 3.182540716426812133e-01
1.728472222222222188e+00 8.594168417071220700e-01 3.155155271348206170e-01
1.729166666666666741e+00 8.607716523599561187e-01 3.127507135816702810e-01
1.729861111111111072e+00 8.637328605740914877e-01 3.099523454779151699e-01
1.730555555555555403e+00 8.676231272881191892e-01 3.071350580012117137e-01
1.731249999999999956e+00 8.691205738563648753e-01 3.043013217257190539e-01
1.731944444444444509e+00 8.731535649687718337e-01 3.014642467455295183e-01
1.732638888888889062e+00 8.783241093684752698e-01 2.986053605193776939e-01
1.733333333333333393e+00 8.790052383167704653e-01 2.957057595757341950e-01
1.734027777777777724e+00 8.793132569927759601e-01 2.927790929945640053e-01
1.734722222222222276e+00 8.768013902789236758e-01 2.898308980913388289e-01
1.735416666666666607e+00 8.712499036767151761e-01 2.868582285818896960e-01
1.736111111111110938e+00 8.642852578616938564e-01 2.838554345100763321e-01
1.736805555555555491e+00 8.584921720215731300e-01 2.808309451791854428e-01
1.737500000000000044e+00 8.504968500388953023e-01 2.777938030709501405e-01
1.738194444444444597e+00 8.397288396200056626e-01 2.747368694887108442e-01
1.738888888888888928e+00 8.305400574412468151e-01 2.716572876460330299e-01
1.739583333333333259e+00 8.221795234809280428e-01 2.685596670586868351e-01
1.740277777777777812e+00 8.117658761527509759e-01 2.654479105714444565e-01
1.740972222222222143e+00 8.019675768646151726e-01 2.623192941375736553e-01
1.741666666666666474e+00 7.937287325210693467e-01 2.591753413916949578e-01
1.742361111111111249e+00 7.851778808681290078e-01 2.560371907990303675e-01
1.743055555555555580e+00 7.804707006302896710e-01 2.528836603822263163e-01
1.743750000000000133e+00 7.772691477600854881e-01 2.497084535821403328e-01
1.744444444444444464e+00 7.711327560152955174e-01 2.465173935679395023e-01
1.745138888888888795e+00 7.687875519605600338e-01 2.433075758578110426e-01
1.745833333333333348e+00 7.690175932434905048e-01 2.400849044933247578e-01
1.746527777777777679e+00 7.702977456207203977e-01 2.368389023125228587e-01
1.747222222222222010e+00 7.708090446331816725e-01 2.335641867259718729e-01
1.747916666666666785e+00 7.664746057077290731e-01 2.302608688479338694e-01
1.748611111111111116e+00 7.658147243537613003e-01 2.269081803130572617e-01
1.749305555555555669e+00 7.681426288788602008e-01 2.235062548788752657e-01
1.750000000000000000e+00 7.676441010179881896e-01 2.200554640948672314e-01
1.750694444444444331e+00 7.626135253819515958e-01 2.165708484232877762e-01
1.751388888888888884e+00 7.599910002536610643e-01 2.130892134116565972e-01
1.752083333333333215e+00 7.564213317461579988e-01 2.096162598900357943e-01
1.752777777777777990e+00 7.533697677687511973e-01 2.061583796324128193e-01
1.753472222222222321e+00 7.482234061014190196e-01 2.027266669770638741e-01
1.754166666666666652e+00 7.442917081059817752e-01 1.993063660620792987e-01
1.754861111111111205e+00 7.390365495928655770e-01 1.958767557413692850e-01
1.755555555555555536e+00 7.342923045421539952e-01 1.924462056731446602e-01
1.756249999999999867e+00 7.265626183484095169e-01 1.890186133398793489e-01
1.756944444444444420e+00 7.201887121429522143e-01 1.855947980275739484e-01
1.757638888888888751e+00 7.167760023453654261e-01 1.821687766042422163e-01
1.758333333333333526e+00 7.090925994233908680e-01 1.787499204265949049e-01
1.759027777777777857e+00 7.025606460745911219e-01 1.753551191333205805e-01
1.759722222222222188e+00 6.977368502347058854e-01 1.719864162627650628e-01
1.760416666666666741e+00 6.940358851975854115e-01 1.686235588687760023e-01
1.761111111111111072e+00 6.885590925916388327e-01 1.652661061229274142e-01
1.761805555555555403e+00 6.838061573061604559e-01 1.619226939442720559e-01
1.762499999999999956e+00 6.783800438795707377e-01 1.585870318788003275e-01
1.763194444444444509e+00 6.731865722558636467e-01 1.552619430366917186e-01
1.763888888888889062e+00 6.676005492446558387e-01 1.519439945770292011e-01
1.764583333333333393e+00 6.633661834706162663e-01 1.486402391194914518e-01
1.765277777777777724e+00 6.575442384485968850e-01 1.453565672089637828e-01
1.765972222222222276e+00 6.485365754700596064e-01 1.420847965721098449e-01
1.766666666666666607e+00 6.377967798038139957e-01 1.388309012840682477e-01
1.767361111111110938e+00 6.249537952453253498e-01 1.355948500056366191e-01
1.768055555555555491e+00 6.117619654345338720e-01 1.323834030670946460e-01
1.768750000000000044e+00 5.988652805061382978e-01 1.291903672769854905e-01
1.769444444444444597e+00 5.860964404751780599e-01 1.260169714246988648e-01
1.770138888888888928e+00 5.751727299801554505e-01 1.228686603766923902e-01
1.770833333333333259e+00 5.649762302234907496e-01 1.197429496208270855e-01
1.771527777777777812e+00 5.572331324469216307e-01 1.166370173134728405e-01
1.772222222222222143e+00 5.514631456272781618e-01 1.135299378282168814e-01
1.772916666666666474e+00 5.468265580207501975e-01 1.104303510025859553e-01
1.773611111111111249e+00 5.424365316928183578e-01 1.073409266866569428e-01
1.774305555555555580e+00 5.352492137835711539e-01 1.042622010178066994e-01
1.775000000000000133e+00 5.234139063211663556e-01 1.011979518503374198e-01
1.775694444444444464e+00 5.087265185218885488e-01 9.817688516885024475e-02
1.776388888888888795e+00 4.890622591022131815e-01 9.520247544659050931e-02
1.777083333333333348e+00 4.724970292441365016e-01 9.213481666583185625e-02
1.777777777777777679e+00 4.835879453252118765e-01 8.947394168068560638e-02
1.778472222222222010e+00 4.762391445534355228e-01 8.667403934678526156e-02
1.779166666666666785e+00 4.295448743869413888e-01 8.392993082987400266e-02
1.779861111111111116e+00 4.183380178193470411e-01 8.126434258395719146e-02
1.780555555555555669e+00 4.230788198051969595e-01 7.849790080051795294e-02
1.781250000000000000e+00 3.934478521278511054e-01 7.580917625006522442e-02
1.781944444444444331e+00 3.808837880725948200e-01 7.325600341044417874e-02
1.782638888888888884e+00 3.854311786625271852e-01 7.076648846750815958e-02
1.783333333333333215e+00 3.858398754357438842e-01 6.833652419784835841e-02
1.784027777777777990e+00 3.739392406442216266e-01 6.592432056901489923e-02
1.784722222222222321e+00 3.589081605858321922e-01 6.357088483065340134e-02
1.785416666666666652e+00 3.409381168158375774e-01 6.128739577886320455e-02
1.786111111111111205e+00 3.211894934500126864e-01 5.904790261371535565e-02
1.786805555555555536e+00 3.014786351264672204e-01 5.684778448926851996e-02
1.787499999999999867e+00 2.913047667126934526e-01 5.468439891205040260e-02
1.788194444444444420e+00 2.872872737695837952e-01 5.255967079297865774e-02
1.788888888888888751e+00 2.802045052185725416e-01 5.048506550541710658e-02
1.789583333333333526e+00 2.748254174749841794e-01 4.850552227692493668e-02
1.790277777777777857e+00 2.688107860289515316e-01 4.664950780418928439e-02
1.790972222222222188e+00 2.622122300352296986e-01 4.491048930171158415e-02
1.791666666666666741e+00 2.557095348361200782e-01 4.328659048373371954e-02
1.792361111111111072e+00 2.492904176370309421e-01 4.175704965359285092e-02
1.793055555555555403e+00 2.430128321781502843e-01 4.030885948934594815e-02
1.793749999999999956e+00 2.364435814983247564e-01 3.891480654210835444e-02
1.794444444444444509e+00 2.301063574788882182e-01 3.758734990832697520e-02
1.795138888888889062e+00 2.237328139253770831e-01 3.631252953410956524e-02
1.795833333333333393e+00 2.175397270146119111e-01 3.508993528366952802e-02
1.796527777777777724e+00 2.112650222777802955e-01 3.392166561102447769e-02
1.797222222222222276e+00 2.051337648709303518e-01 3.279895868890592148e-02
1.797916666666666607e+00 1.990639050065854676e-01 3.172369588907402588e-02
1.798611111111110938e+00 1.930353522403975286e-01 3.068630762016040514e-02
1.799305555555555491e+00 1.870953142886741527e-01 2.969669129478563763e-02
1.800000000000000044e+00 1.811610187809604977e-01 2.873833630198307024e-02
1.800694444444444597e+00 1.754681027770279567e-01 2.781897313963603569e-02
1.801388888888888928e+00 1.697223716919336045e-01 2.692890431122357819e-02
1.802083333333333259e+00 1.643008130967068825e-01 2.607944951383518034e-02
1.802777777777777812e+00 1.589694512140454041e-01 2.525695601272191781e-02
1.803472222222222143e+00 1.539227519872539973e-01 2.446327762631786765e-02
1.804166666666666474e+00 1.488995588665168179e-01 2.369742738417572603e-02
1.804861111111111249e+00 1.443210326358992379e-01 2.295991394568823799e-02
1.805555555555555580e+00 1.399423611725997552e-01 2.225121167598570829e-02
1.806250000000000133e+00 1.358646092899014335e-01 2.156149532882858585e-02
1.806944444444444464e+00 1.316508578157064291e-01 2.089753407623238385e-02
1.807638888888888795e+00 1.277718915071681949e-01 2.025426058332229981e-02
1.808333333333333348e+00 1.239665468784420799e-01 1.963524659042967246e-02
1.809027777777777679e+00 1.204143804789561956e-01 1.902831852482832903e-02
1.809722222222222010e+00 1.169717574849481884e-01 1.844543125029757605e-02
1.810416666666666785e+00 1.136169929780379145e-01 1.788060725625140873e-02
1.811111111111111116e+00 1.106792347127132370e-01 1.733722273298396455e-02
1.811805555555555669e+00 1.083855071300368067e-01 1.681033778817424620e-02
1.812500000000000000e+00 1.058216175527576797e-01 1.630150577822513103e-02
1.813194444444444331e+00 1.032370878825156074e-01 1.580919132858056228e-02
1.813888888888888884e+00 1.012135595761611551e-01 1.532882784367305129e-02
1.814583333333333215e+00 9.943341093141226661e-02 1.486499840055823668e-02
1.815277777777777990e+00 9.765855318776189842e-02 1.441354835381003507e-02
1.815972222222222321e+00 9.573166452068467003e-02 1.397954890540950568e-02
1.816666666666666652e+00 9.392680887430988890e-02 1.355654842938490770e-02
1.817361111111111205e+00 9.235050428123242616e-02 1.314772177156797901e-02
1.818055555555555536e+00 9.069141644194309015e-02 1.275015498199408466e-02
1.818749999999999867e+00 8.915039213252663741e-02 1.236904286636610409e-02
1.819444444444444420e+00 8.796807466381710572e-02 1.199545907665943052e-02
1.820138888888888751e+00 8.708687111279225790e-02 1.162885857240158680e-02
1.820833333333333526e+00 8.640040078391295064e-02 1.127463445586404829e-02
1.821527777777777857e+00 8.548423369786083137e-02 1.092983046357033985e-02
1.822222222222222188e+00 8.455023054956797846e-02 1.059867944717660451e-02
1.822916666666666741e+00 8.375134882621287913e-02 1.027291761714699964e-02
1.823611111111111072e+00 8.318500887382719589e-02 9.959049289770822988e-03
1.824305555555555403e+00 8.247776756702382417e-02 9.655082052021923822e-03
1.824999999999999956e+00 8.159735832385799081e-02 9.360881851719089070e-03
1.825694444444444509e+00 8.103598450115111207e-02 9.073702732649005162e-03
1.826388888888889062e+00 8.078941819062211704e-02 8.796035527895647993e-03
1.827083333333333393e+00 8.030609478124389744e-02 8.524493355627103461e-03
1.827777777777777724e+00 7.971801184378972394e-02 8.260266562413931882e-03
1.828472222222222276e+00 7.926798385337933961e-02 8.005347620070910747e-03
1.829166666666666607e+00 7.915694217918774200e-02 7.755861968331394414e-03
1.829861111111110938e+00 7.900091459245597858e-02 7.513092189329992517e-03
1.830555555555555491e+00 7.859752465442072789e-02 7.277146957121529564e-03
1.831250000000000044e+00 7.815511971644120703e-02 7.049790612539789947e-03
1.831944444444444597e+00 7.796832176264958947e-02 6.826858708331213013e-03
1.832638888888888928e+00 7.801182500535856768e-02 6.611122129236134473e-03
1.833333333333333259e+00 7.792333002559047317e-02 6.400239579248566922e-03
1.834027777777777812e+00 7.756173225170066854e-02 6.196363726237151884e-03
1.834722222222222143e+00 7.723370244763162751e-02 5.996797649509636938e-03
1.835416666666666474e+00 7.716999778061561788e-02 5.802854991865547679e-03
1.836111111111111249e+00 7.715535916569003783e-02 5.614409771852729193e-03
1.836805555555555580e+00 7.703645949581403030e-02 5.430634469463711117e-03
1.837500000000000133e+00 7.687186110960632368e-02 5.251884112039528762e-03
1.838194444444444464e+00 7.694298955120830452e-02 5.077043542682759675e-03
1.838888888888888795e+00 7.706912408453207852e-02 4.907872188547279975e-03
1.839583333333333348e+00 7.701644258683867927e-02 4.742560397209264443e-03
1.840277777777777679e+00 7.686652719184419724e-02 4.582593884979883903e-03
1.840972222222222010e+00 7.681312225769433566e-02 4.425548296663549264e-03
1.841666666666666785e+00 7.681896227955417600e-02 4.273734283259237633e-03
1.842361111111111116e+00 7.681480442345985093e-02 4.124801557083369007e-03
1.843055555555555669e+00 7.678511071104474062e-02 3.980813065943553282e-03
1.843750000000000000e+00 7.678398015329951365e-02 3.839571941257447808e-03
1.844444444444444331e+00 7.670907653996940356e-02 3.701886034422272910e-03
1.845138888888888884e+00 7.681494442980739412e-02 3.567963485430381172e-03
1.845833333333333215e+00 7.684681448098833190e-02 3.437536321970093532e-03
1.846527777777777990e+00 7.658027773738201871e-02 3.310782373640240236e-03
1.847222222222222321e+00 7.672191710947399990e-02 3.186239570503687692e-03
1.847916666666666652e+00 7.677492837046862029e-02 3.065803991094130567e-03
1.848611111111111205e+00 7.686734459365326955e-02 2.947744062794331772e-03
1.849305555555555536e+00 7.685663104368928300e-02 2.833279095459106944e-03
1.849999999999999867e+00 7.663230989167400808e-02 2.720748362700017853e-03
1.850694444444444420e+00 7.662202215660818272e-02 2.612176910939213725e-03
1.851388888888888751e+00 7.679837841738150483e-02 2.505606709562187718e-03
1.852083333333333526e+00 7.684328884998510578e-02 2.401766642090183597e-03
1.852777777777777857e+00 7.673029667149612598e-02 2.300463656551815072e-03
1.853472222222222188e+00 7.665293835270259315e-02 2.202001719299834844e-03
1.854166666666666741e+00 7.665890520442179834e-02 2.105502986555983155e-03
1.854861111111111072e+00 7.666275369135963635e-02 2.011618644168668667e-03
1.855555555555555403e+00 7.662608779066988618e-02 1.920644453540035169e-03
1.856249999999999956e+00 7.652155772586868854e-02 1.830935018849713354e-03
1.856944444444444509e+00 7.651262205184164444e-02 1.743720140285286678e-03
1.857638888888889062e+00 7.660151940718487595e-02 1.658587321352716351e-03
1.858333333333333393e+00 7.663299673298577808e-02 1.576377929771245788e-03
1.859027777777777724e+00 7.654393088980417093e-02 1.495665846504630470e-03
1.859722222222222276e+00 7.648448453690746829e-02 1.417160291894845091e-03
1.860416666666666607e+00 7.653583755276380240e-02 1.339728089807603944e-03
1.861111111111110938e+00 7.659814931698009921e-02 1.264218266481577585e-03
1.861805555555555491e+00 7.652777800892864024e-02 1.190340519340339631e-03
1.862500000000000044e+00 7.642196309331500403e-02 1.117646663261095703e-03
1.863194444444444597e+00 7.644227031025917218e-02 1.047568948860812211e-03
1.863888888888888928e+00 7.637937913761302933e-02 9.793418641834753229e-04
1.864583333333333259e+00 7.638782456360174167e-02 9.115925021020936493e-04
1.865277777777777812e+00 7.635757421973525527e-02 8.448230791159469467e-04
1.865972222222222143e+00 7.623473379908658754e-02 7.817574288804281365e-04
1.866666666666666474e+00 7.617667117208611061e-02 7.199558559132536711e-04
1.867361111111111249e+00 7.625113775731146015e-02 6.593478022510727713e-04
1.868055555555555580e+00 7.630240009416985880e-02 5.985729615949040867e-04
1.868750000000000133e+00 7.598380940807085426e-02 5.394541423326642930e-04
1.869444444444444464e+00 7.591494085281451365e-02 4.822182288280778208e-04
1.870138888888888795e+00 7.602790379387872055e-02 4.268867648427306181e-04
1.870833333333333348e+00 7.602350337666977098e-02 3.730383226502815620e-04
1.871527777777777679e+00 7.593647860567699637e-02 3.202152582753835523e-04
1.872222222222222010e+00 7.586010789841104995e-02 2.685174632819272160e-04
1.872916666666666785e+00 7.588110465342889910e-02 2.174880430655087621e-04
1.873611111111111116e+00 7.581429754120676268e-02 1.677143949823657848e-04
1.874305555555555669e+00 7.572347887386772503e-02 1.191395595845825682e-04
1.875000000000000000e+00 7.564087588210915980e-02 7.213614335277755349e-05
1.875694444444444331e+00 7.555095882417092734e-02 2.604580939495299309e-05
1.876388888888888884e+00 7.551022585724206926e-02 -1.869232294751680876e-05
1.877083333333333215e+00 7.555814067537544587e-02 -6.282492817499524382e-05
1.877777777777777990e+00 7.545232760486406121e-02 -1.062423407686608650e-04
1.878472222222222321e+00 7.523771529491081467e-02 -1.486120627410555213e-04
1.879166666666666652e+00 7.528102078528522978e-02 -1.896438145488672127e-04
1.879861111111111205e+00 7.524444815481187709e-02 -2.295653930411538108e-04
1.880555555555555536e+00 7.510537195535055277e-02 -2.688770923066274507e-04
1.881249999999999867e+00 7.506955978321129541e-02 -3.069257270885946201e-04
1.881944444444444420e+00 7.510704468839847492e-02 -3.443097427243204680e-04
1.882638888888888751e+00 7.492830128181728055e-02 -3.809989216512174354e-04
1.883333333333333526e+00 7.474502522743924071e-02 -4.171884753001022048e-04
1.884027777777777857e+00 7.464313684436381380e-02 -4.520944984792671394e-04
1.884722222222222188e+00 7.453419425921221919e-02 -4.863247468425137233e-04
1.885416666666666741e+00 7.447093186501416162e-02 -5.197217493584273132e-04
1.886111111111111072e+00 7.440254241089340470e-02 -5.527937491396768240e-04
1.886805555555555403e+00 7.417637829616960388e-02 -5.853206768998666298e-04
1.887499999999999956e+00 7.418766714397398432e-02 -6.172185815148920106e-04
1.888194444444444509e+00 7.411753503232812457e-02 -6.485905866356105271e-04
1.888888888888889062e+00 7.397900266975687700e-02 -6.788079599273585431e-04
1.889583333333333393e+00 7.391984059670014817e-02 -7.085314764884729014e-04
1.890277777777777724e+00 7.382997333747361168e-02 -7.373314265775636695e-04
1.890972222222222276e+00 7.369785584882235230e-02 -7.656994066114740935e-04
1.891666666666666607e+00 7.367205148251954050e-02 -7.933425170490961869e-04
1.892361111111110938e+00 7.364070531827623944e-02 -8.204853978444499049e-04
1.893055555555555491e+00 7.344485666765261656e-02 -8.467864935042389730e-04
1.893750000000000044e+00 7.334313064922719227e-02 -8.726374756307287046e-04
1.894444444444444597e+00 7.329213215007845950e-02 -8.973816972546618236e-04
1.895138888888888928e+00 7.322863533203405328e-02 -9.217704695573946273e-04
1.895833333333333259e+00 7.315141248107698280e-02 -9.464765637136534704e-04
1.896527777777777812e+00 7.301665269604896980e-02 -9.706949964647395256e-04
1.897222222222222143e+00 7.285968062305515913e-02 -9.939235281395501775e-04
1.897916666666666474e+00 7.281908709547806058e-02 -1.016422198369991989e-03
1.898611111111111249e+00 7.276320451801317202e-02 -1.038953765941860079e-03
1.899305555555555580e+00 7.257962388288825839e-02 -1.060602976150565443e-03
1.900000000000000133e+00 7.247044214607167856e-02 -1.082019429435607987e-03
1.900694444444444464e+00 7.239658558808130528e-02 -1.102796116833454658e-03
1.901388888888888795e+00 7.228752114841707765e-02 -1.123215941217902986e-03
1.902083333333333348e+00 7.217758990756384385e-02 -1.143257873427964240e-03
1.902777777777777679e+00 7.206902299799285150e-02 -1.162895243399773371e-03
1.903472222222222010e+00 7.197847658143462224e-02 -1.182077349456875891e-03
1.904166666666666785e+00 7.191291898166264629e-02 -1.200823263087017617e-03
1.904861111111111116e+00 7.186221869554680619e-02 -1.219225000981074810e-03
1.905555555555555669e+00 7.162084652549023656e-02 -1.237107543670092546e-03
1.906250000000000000e+00 7.162035356815131537e-02 -1.254726443112508987e-03
1.906944444444444331e+00 7.154085920812654209e-02 -1.271864025928935802e-03
1.907638888888888884e+00 7.137479560864939954e-02 -1.288817009987591744e-03
1.908333333333333215e+00 7.126040317740627017e-02 -1.305269943372037566e-03
1.909027777777777990e+00 7.123407401894293889e-02 -1.321460197978580357e-03
1.909722222222222321e+00 7.114590226395442474e-02 -1.337229266693339830e-03
1.910416666666666652e+00 7.099263115143146508e-02 -1.352790911645809823e-03
1.911111111111111205e+00 7.086915987188199817e-02 -1.367907881355626522e-03
1.911805555555555536e+00 7.095181853011790774e-02 -1.382747367444552358e-03
1.912499999999999867e+00 7.102483277754975677e-02 -1.397317348816637817e-03
1.913194444444444420e+00 7.104159645967719761e-02 -1.411571218360651529e-03
1.913888888888888751e+00 7.097156769243562202e-02 -1.425576912658499135e-03
1.914583333333333526e+00 7.093730760391608881e-02 -1.439149324898725355e-03
1.915277777777777857e+00 7.088052299449322524e-02 -1.452598121673940061e-03
1.915972222222222188e+00 7.068479503459099145e-02 -1.465638403394309286e-03
1.916666666666666741e+00 6.996787572819626599e-02 -1.478483521149928171e-03
1.917361111111111072e+00 6.940676259236944201e-02 -1.491001490484021932e-03
1.918055555555555403e+00 6.960699873434317286e-02 -1.503352135419942738e-03
1.918749999999999956e+00 6.940670700056392195e-02 -1.515337450033542831e-03
1.919444444444444509e+00 6.944000007553556564e-02 -1.527139145868323120e-03
1.920138888888889062e+00 6.926337146294948843e-02 -1.538691049726726877e-03
1.920833333333333393e+00 6.924074791813569774e-02 -1.549974711506649358e-03
1.921527777777777724e+00 6.916607480476213987e-02 -1.561017041984755346e-03
1.922222222222222276e+00 6.905092340432869569e-02 -1.571835630572602756e-03
1.922916666666666607e+00 6.891367502781264864e-02 -1.582473576980423765e-03
1.923611111111110938e+00 6.881708643832212813e-02 -1.592824073562127589e-03
1.924305555555555491e+00 6.875920512956772146e-02 -1.603013779399607057e-03
1.925000000000000044e+00 6.853038416579554371e-02 -1.612942076162896974e-03
1.925694444444444597e+00 6.850865093936107930e-02 -1.622774571708941261e-03
1.926388888888888928e+00 6.839296430253702375e-02 -1.632308285275894119e-03
1.927083333333333259e+00 6.827030210186109394e-02 -1.641655604213721050e-03
1.927777777777777812e+00 6.813042344061043254e-02 -1.650793667607778096e-03
1.928472222222222143e+00 6.794065578595455401e-02 -1.659802228145538421e-03
1.929166666666666474e+00 6.787649567314797683e-02 -1.668608796980672456e-03
1.929861111111111249e+00 6.779031101982199714e-02 -1.677248244535314630e-03
1.930555555555555580e+00 6.762847738812842457e-02 -1.685820448271336701e-03
1.931250000000000133e+00 6.748151451999399864e-02 -1.694196359017438418e-03
1.931944444444444464e+00 6.739730536992845356e-02 -1.702414688094127434e-03
1.932638888888888795e+00 6.729440363568517380e-02 -1.710383298891445880e-03
1.933333333333333348e+00 6.720209026258976148e-02 -1.718241693214530175e-03
1.934027777777777679e+00 6.710248089504874947e-02 -1.725905693813999109e-03
1.934722222222222010e+00 6.699628549976936742e-02 -1.733513971304112772e-03
1.935416666666666785e+00 6.687776684550376938e-02 -1.740892250339494103e-03
1.936111111111111116e+00 6.677912697325665004e-02 -1.748130980792505021e-03
1.936805555555555669e+00 6.663906293549991255e-02 -1.755278635062835092e-03
1.937500000000000000e+00 6.651653890001038572e-02 -1.762287729888386677e-03
1.938194444444444331e+00 6.641028328964185268e-02 -1.769148635403669902e-03
1.938888888888888884e+00 6.633041762804277319e-02 -1.775773478808176289e-03
1.939583333333333215e+00 6.622710156576847029e-02 -1.782296820993795137e-03
1.940277777777777990e+00 6.610087126608446551e-02 -1.788725104809192265e-03
1.940972222222222321e+00 6.599473839734630587e-02 -1.795098441923698987e-03
1.941666666666666652e+00 6.590024394123826512e-02 -1.801262234868118966e-03
1.942361111111111205e+00 6.575513206654952370e-02 -1.807295797938186874e-03
1.943055555555555536e+00 6.562015921511492322e-02 -1.813193160295534928e-03
1.943749999999999867e+00 6.550190755789155050e-02 -1.819033241000584354e-03
1.944444444444444420e+00 6.538516459492443866e-02 -1.824771609348661144e-03
1.945138888888888751e+00 6.525589903191329755e-02 -1.830370628280410771e-03
1.945833333333333526e+00 6.514019579493575407e-02 -1.835853023650179825e-03
1.946527777777777857e+00 6.500626641073463385e-02 -1.841237901280082159e-03
1.947222222222222188e+00 6.489881160426143325e-02 -1.846536691178727067e-03
1.947916666666666741e+00 6.478848130150646756e-02 -1.851223715840185887e-03
1.948611111111111072e+00 6.465860857758150282e-02 -1.855754870706352979e-03
1.949305555555555403e+00 6.453120179591310956e-02 -1.860203644915671807e-03
1.949999999999999956e+00 6.440272122484763662e-02 -1.864501357643642962e-03
1.950694444444444509e+00 6.428357797151408592e-02 -1.868786293255215785e-03
1.951388888888889062e+00 6.418762219765421217e-02 -1.873065798589627733e-03
1.952083333333333393e+00 6.408879289662326728e-02 -1.877257245854467007e-03
1.952777777777777724e+00 6.397035220510649545e-02 -1.881345219386005218e-03
1.953472222222222276e+00 6.385629413685298128e-02 -1.885382793381304130e-03
1.954166666666666607e+00 6.375576530184155766e-02 -1.889389003326458682e-03
1.954861111111110938e+00 6.367126066031039699e-02 -1.893264145258794981e-03
1.955555555555555491e+00 6.351613266320893514e-02 -1.897032531364167612e-03
1.956250000000000044e+00 6.341509187712475459e-02 -1.900769944371173779e-03
1.956944444444444597e+00 6.332611155052743357e-02 -1.904441560574535782e-03
1.957638888888888928e+00 6.318736553325758620e-02 -1.908040313402925960e-03
1.958333333333333259e+00 6.302053518239005003e-02 -1.911602726124912678e-03
1.959027777777777812e+00 6.292536276889530711e-02 -1.915081180729821418e-03
1.959722222222222143e+00 6.275659844787721819e-02 -1.918482679156366128e-03
1.960416666666666474e+00 6.262786525454631936e-02 -1.921840827779190859e-03
1.961111111111111249e+00 6.251239893254352531e-02 -1.925163994464058979e-03
1.961805555555555580e+00 6.238838046760755013e-02 -1.928384773945098331e-03
1.962500000000000133e+00 6.228232102791993186e-02 -1.931542613390657345e-03
1.963194444444444464e+00 6.217929069404569409e-02 -1.934667725276077851e-03
1.963888888888888795e+00 6.207764880590470324e-02 -1.937756143481379669e-03
1.964583333333333348e+00 6.192643718783586576e-02 -1.940791884651835815e-03
1.965277777777777679e+00 6.182393081269883794e-02 -1.943769090193592534e-03
1.965972222222222010e+00 6.172562979754045442e-02 -1.946704601228058931e-03
1.966666666666666785e+00 6.160642346759344357e-02 -1.949576272859149294e-03
1.967361111111111116e+00 6.147641909762108919e-02 -1.952389807995236377e-03
1.968055555555555669e+00 6.137104380773014678e-02 -1.955453761961226979e-03
1.968750000000000000e+00 6.125728327778822563e-02 -1.958262731546351384e-03
1.969444444444444331e+00 6.113412745196138837e-02 -1.960903938734187557e-03
1.970138888888888884e+00 6.100374196564010976e-02 -1.963535365701140570e-03
1.970833333333333215e+00 6.094903268871052632e-02 -1.966145429300046338e-03
1.971527777777777990e+00 6.073926222032449002e-02 -1.968684464778920271e-03
1.972222222222222321e+00 6.064058750445885937e-02 -1.971170850265349401e-03
1.972916666666666652e+00 6.050984330260517768e-02 -1.973639625611625561e-03
1.973611111111111205e+00 6.040904879490617552e-02 -1.976064658838093489e-03
1.974305555555555536e+00 6.029446078340972015e-02 -1.978440077391325699e-03
1.974999999999999867e+00 6.019625563010046893e-02 -1.980980211125324929e-03
1.975694444444444420e+00 6.007117638769702422e-02 -1.983318298906296389e-03
1.976388888888888751e+00 5.996292630838100796e-02 -1.985555691065119151e-03
1.977083333333333526e+00 5.984036249113626471e-02 -1.987768278875294819e-03
1.977777777777777857e+00 5.972435337225604629e-02 -1.989930454199079386e-03
1.978472222222222188e+00 5.959775282708294070e-02 -1.992061521059365625e-03
1.979166666666666741e+00 5.948564387742435317e-02 -1.994173783654785721e-03
1.979861111111111072e+00 5.936037027897381191e-02 -1.996240680750618456e-03
1.980555555555555403e+00 5.925082775302379506e-02 -1.998260605984021610e-03
1.981249999999999956e+00 5.910174088921526375e-02 -2.000252927859532803e-03
1.981944444444444509e+00 5.900524923171840408e-02 -2.002235314342766873e-03
1.982638888888889062e+00 5.890095076064894020e-02 -2.004372591717781468e-03
1.983333333333333393e+00 5.876522614549492540e-02 -2.006325317100679257e-03
1.984027777777777724e+00 5.864200925531075359e-02 -2.008189691141422373e-03
1.984722222222222276e+00 5.853161740796671009e-02 -2.010029124683554262e-03
1.985416666666666607e+00 5.839025636907536898e-02 -2.011824334391564082e-03
1.986111111111110938e+00 5.828128502077169898e-02 -2.013590996149640204e-03
1.986805555555555491e+00 5.817836226939012562e-02 -2.015330704060857431e-03
1.987500000000000044e+00 5.806181329543755321e-02 -2.017041780462152604e-03
1.988194444444444597e+00 5.795963627121529516e-02 -2.018723285161917996e-03
1.988888888888888928e+00 5.787521432456849135e-02 -2.020378699486041763e-03
1.989583333333333259e+00 5.772575815348448408e-02 -2.022167157920339627e-03
1.990277777777777812e+00 5.765289255867287604e-02 -2.023810561606125338e-03
1.990972222222222143e+00 5.755762939663339184e-02 -2.025375596880059099e-03
1.991666666666666474e+00 5.743974753717179943e-02 -2.026915298373047417e-03
1.992361111111111249e+00 5.733636978110165372e-02 -2.028427636416285738e-03
1.993055555555555580e+00 5.722061668768534115e-02 -2.029921813756681466e-03
1.993750000000000133e+00 5.710333294743186877e-02 -2.031400209239215410e-03
1.994444444444444464e+00 5.698651713143676467e-02 -2.032843704868048367e-03
1.995138888888888795e+00 5.687413679891351048e-02 -2.034250592021517347e-03
1.995833333333333348e+00 5.676284157803677261e-02 -2.035629420312502422e-03
1.996527777777777679e+00 5.665044520986168425e-02 -2.037119967192827993e-03
1.997222222222222010e+00 5.652188140439415309e-02 -2.038499720808322358e-03
1.997916666666666785e+00 5.639943044907879538e-02 -2.039811843433847385e-03
1.998611111111111116e+00 5.628600540306732958e-02 -2.041101774558763075e-03
1.999305555555555669e+00 5.615042777799086893e-02 -2.042383360429075954e-03
2.000000000000000000e+00 5.605192377212483285e-02 -2.043648439596300239e-03
2.000694444444444553e+00 5.593828964095291095e-02 -2.044891656468692843e-03
2.001388888888888662e+00 5.583814628741660263e-02 -2.046114460111868663e-03
2.002083333333333215e+00 5.574468094776333094e-02 -2.047315375786171350e-03
2.002777777777777768e+00 5.562999578762677783e-02 -2.048494330716218829e-03
2.003472222222222321e+00 5.553556298107845818e-02 -2.049778969417648516e-03
2.004166666666666874e+00 5.541622402147585585e-02 -2.050954485786611690e-03
2.004861111111110983e+00 5.529982555813514611e-02 -2.052066688610102926e-03
2.005555555555555536e+00 5.523102898051203413e-02 -2.053168687692855966e-03
2.006250000000000089e+00 5.511191922683136846e-02 -2.054258462436103078e-03
2.006944444444444198e+00 5.499788372589063667e-02 -2.055321781385257424e-03
2.007638888888888751e+00 5.489794868669802680e-02 -2.056366237203203270e-03
2.008333333333333304e+00 5.479514224178819864e-02 -2.057399045340141050e-03
2.009027777777777857e+00 5.465987270885198923e-02 -2.058421968391428627e-03
2.009722222222222410e+00 5.456085222893958253e-02 -2.059407885792906984e-03
2.010416666666666519e+00 5.446768966812627621e-02 -2.060479609103669021e-03
2.011111111111111072e+00 5.435743460677852634e-02 -2.061469812249720410e-03
2.011805555555555625e+00 5.425469677105407978e-02 -2.062405919878073680e-03
2.012499999999999734e+00 5.414933972492732422e-02 -2.063323907518226953e-03
2.013194444444444731e+00 5.402937578502126775e-02 -2.064233837355365555e-03
2.013888888888888840e+00 5.391209367284091614e-02 -2.065136895452790878e-03
2.014583333333333393e+00 5.382274136947828164e-02 -2.066014071056500225e-03
2.015277777777777946e+00 5.369998061921853194e-02 -2.066869161957029643e-03
2.015972222222222054e+00 5.358814148565052560e-02 -2.067717506822131304e-03
2.016666666666666607e+00 5.345374688303777128e-02 -2.068556637136273035e-03
2.017361111111111160e+00 5.337235295525569190e-02 -2.069462617218704743e-03
2.018055555555555269e+00 5.327165830962297954e-02 -2.070289551187317906e-03
2.018750000000000266e+00 5.315335795152155429e-02 -2.071081792847190035e-03
2.019444444444444375e+00 5.303733540116247619e-02 -2.071868457636236345e-03
2.020138888888888928e+00 5.293390584615167982e-02 -2.072636554754768694e-03
2.020833333333333481e+00 5.283505385843893093e-02 -2.073392080639567796e-03
2.021527777777777590e+00 5.273194975519487904e-02 -2.074135986602334940e-03
2.022222222222222143e+00 5.262948836409284820e-02 -2.074860807216075652e-03
2.022916666666666696e+00 5.252488246770824903e-02 -2.075567577684747211e-03
2.023611111111111249e+00 5.243939647945827787e-02 -2.076272606154977440e-03
2.024305555555555802e+00 5.232338219315658956e-02 -2.077041256267321990e-03
2.024999999999999911e+00 5.223074439058616319e-02 -2.077739790378570640e-03
2.025694444444444464e+00 5.211893233033227518e-02 -2.078411775363316148e-03
2.026388888888889017e+00 5.202521696707107512e-02 -2.079072773683987921e-03
2.027083333333333126e+00 5.190568687033287471e-02 -2.079717737415956447e-03
2.027777777777777679e+00 5.182741021625263123e-02 -2.080354039042192626e-03
2.028472222222222232e+00 5.172890837029511801e-02 -2.080984479376833066e-03
2.029166666666666785e+00 5.161970910054910350e-02 -2.081600134440400943e-03
2.029861111111111338e+00 5.151621638223545518e-02 -2.082209766133589959e-03
2.030555555555555447e+00 5.142758915190231983e-02 -2.082812170857242275e-03
2.031250000000000000e+00 5.128834751282276838e-02 -2.083453024666480965e-03
2.031944444444444553e+00 5.120100785662287657e-02 -2.084038573395770831e-03
2.032638888888888662e+00 5.112380706179644324e-02 -2.084607240740791925e-03
2.033333333333333215e+00 5.095181322581988914e-02 -2.085161816951712748e-03
2.034027777777777768e+00 5.086082269678600387e-02 -2.085711294544710312e-03
2.034722222222222321e+00 5.083088999456705781e-02 -2.086257384353097308e-03
2.035416666666666874e+00 5.082384010898428894e-02 -2.086793111451874187e-03
2.036111111111110983e+00 5.077279515854499908e-02 -2.087311800325718572e-03
2.036805555555555536e+00 5.070322197373192119e-02 -2.087827900202007553e-03
2.037500000000000089e+00 5.060335442680550383e-02 -2.088337474119403899e-03
2.038194444444444198e+00 5.029376292560252398e-02 -2.088832145752495244e-03
2.038888888888888751e+00 5.004200665914049218e-02 -2.089373598432902029e-03
2.039583333333333304e+00 5.001429858072810319e-02 -2.089869178389321385e-03
2.040277777777777857e+00 4.991490180738138854e-02 -2.090336715833064195e-03
2.040972222222222410e+00 4.986279218515148742e-02 -2.090799551980596169e-03
2.041666666666666519e+00 4.972691178437140674e-02 -2.091259604300096768e-03
2.042361111111111072e+00 4.966973333071953572e-02 -2.091705924207704851e-03
2.043055555555555625e+00 4.955112374163433281e-02 -2.092150592541740153e-03
2.043749999999999734e+00 4.945778812958470660e-02 -2.092586705690100985e-03
2.044444444444444731e+00 4.936149803285683202e-02 -2.093011780905866970e-03
2.045138888888888840e+00 4.926827690879664878e-02 -2.093425296100117402e-03
2.045833333333333393e+00 4.919032412406556393e-02 -2.093831982690440296e-03
2.046527777777777946e+00 4.909807326527140803e-02 -2.094274542808622838e-03
2.047222222222222054e+00 4.902385677159742244e-02 -2.094684222474720806e-03
2.047916666666666607e+00 4.892149270130242283e-02 -2.095054742258248195e-03
2.048611111111111160e+00 4.881848917410315514e-02 -2.095426795421466599e-03
2.049305555555555269e+00 4.872556206095813441e-02 -2.095800126874597727e-03
2.050000000000000266e+00 4.863968987010448830e-02 -2.096166461879600106e-03
2.050694444444444375e+00 4.853088146227501481e-02 -2.096534250027681876e-03
2.051388888888888928e+00 4.842916107596174913e-02 -2.096889710864913593e-03
2.052083333333333481e+00 4.833673939962559313e-02 -2.097241288497660346e-03
2.052777777777777590e+00 4.824543735734947852e-02 -2.097588771066837172e-03
2.053472222222222143e+00 4.814594482769195272e-02 -2.097966119052733971e-03
2.054166666666666696e+00 4.804709921299805259e-02 -2.098308152590516295e-03
2.054861111111111249e+00 4.795607140676733798e-02 -2.098636058576540831e-03
2.055555555555555802e+00 4.783775856471286086e-02 -2.098966868113801617e-03
2.056249999999999911e+00 4.777093044514483383e-02 -2.099293341220469320e-03
2.056944444444444464e+00 4.766704857461238204e-02 -2.099601559950274501e-03
2.057638888888889017e+00 4.756259072504639973e-02 -2.099899511381697528e-03
2.058333333333333126e+00 4.745812257660127209e-02 -2.100189996568174906e-03
2.059027777777777679e+00 4.738054720504489975e-02 -2.100478129500172111e-03
2.059722222222222232e+00 4.727902487698884548e-02 -2.100762955353045747e-03
2.060416666666666785e+00 4.719230067571258957e-02 -2.101079095093133509e-03
2.061111111111111338e+00 4.710065020769375194e-02 -2.101368790145378539e-03
2.061805555555555447e+00 4.700943336909703396e-02 -2.101662373732040342e-03
2.062500000000000000e+00 4.691156100793805739e-02 -2.101938294379722232e-03
2.063194444444444553e+00 4.682304237968107352e-02 -2.102233826176328965e-03
2.063888888888888662e+00 4.674071524100866654e-02 -2.102514227814759884e-03
2.064583333333333215e+00 4.664116367567234384e-02 -2.102777970316284037e-03
2.065277777777777768e+00 4.656309881413140533e-02 -2.103030095501108414e-03
2.065972222222222321e+00 4.646463865106890273e-02 -2.103281639456412982e-03
2.066666666666666874e+00 4.637430632890970905e-02 -2.103550624699478816e-03
2.067361111111110983e+00 4.627710242816499703e-02 -2.103830387458466896e-03
2.068055555555555536e+00 4.618268555391416563e-02 -2.104070252249765766e-03
2.068750000000000089e+00 4.609607674951502615e-02 -2.104319946127096268e-03
2.069444444444444198e+00 4.600152110179013543e-02 -2.104540638335688791e-03
2.070138888888888751e+00 4.590130535391944572e-02 -2.104784766798871963e-03
2.070833333333333304e+00 4.580741501479811822e-02 -2.104992927373376850e-03
2.071527777777777857e+00 4.573103864740023228e-02 -2.105227855900148812e-03
2.072222222222222410e+00 4.561253959410137282e-02 -2.105424928211427696e-03
2.072916666666666519e+00 4.553092258260233588e-02 -2.105661240466976183e-03
2.073611111111111072e+00 4.543849737809211448e-02 -2.105849064795288841e-03
2.074305555555555625e+00 4.534035164036021026e-02 -2.106099000603716461e-03
2.074999999999999734e+00 4.525198200541315219e-02 -2.106330491567302930e-03
2.075694444444444731e+00 4.516066318005898528e-02 -2.106543057821880314e-03
2.076388888888888840e+00 4.507916114525296197e-02 -2.106736569195303849e-03
2.077083333333333393e+00 4.500397493969399837e-02 -2.106951354286976628e-03
2.077777777777777946e+00 4.490479426706143334e-02 -2.107143618559537482e-03
2.078472222222222054e+00 4.482104083427763952e-02 -2.107335303772254424e-03
2.079166666666666607e+00 4.473665506666914954e-02 -2.107508966672330415e-03
2.079861111111111160e+00 4.465066373429023294e-02 -2.107696206202839141e-03
2.080555555555555269e+00 4.456890912360433193e-02 -2.107872415812755106e-03
2.081250000000000266e+00 4.448777611567827223e-02 -2.108040922994727350e-03
2.081944444444444375e+00 4.440910484698289834e-02 -2.108227483234294437e-03
2.082638888888888928e+00 4.432546063429586292e-02 -2.108398759279960129e-03
2.083333333333333481e+00 4.424706283306504423e-02 -2.108554814310734191e-03
2.084027777777777590e+00 4.414479444041839035e-02 -2.108708539965822859e-03
2.084722222222222143e+00 4.403406553041192689e-02 -2.108861921800511859e-03
2.085416666666666696e+00 4.394067886598089501e-02 -2.109027450334361245e-03
2.086111111111111249e+00 4.384683368498837330e-02 -2.109185018281514289e-03
2.086805555555555802e+00 4.375735181710144195e-02 -2.109355346095097283e-03
2.087499999999999911e+00 4.366807649740486741e-02 -2.109517184526545075e-03
2.088194444444444464e+00 4.358755077531027006e-02 -2.109676426453239474e-03
2.088888888888889017e+00 4.349863011977607441e-02 -2.109824156630456596e-03
2.089583333333333126e+00 4.341490584958261623e-02 -2.109987054977241743e-03
2.090277777777777679e+00 4.333008369540602284e-02 -2.110122391267472714e-03
2.090972222222222232e+00 4.324389297510019409e-02 -2.110263910028420051e-03
2.091666666666666785e+00 4.316224720923760028e-02 -2.110394639509642536e-03
2.092361111111111338e+00 4.308323578387075747e-02 -2.110530619320260658e-03
2.093055555555555447e+00 4.299515551077251474e-02 -2.110652981510126400e-03
2.093750000000000000e+00 4.291277385199369909e-02 -2.110788312321238910e-03
2.094444444444444553e+00 4.282252688844253447e-02 -2.110905964934104134e-03
2.095138888888888662e+00 4.274773702356170907e-02 -2.111045320264281436e-03
2.095833333333333215e+00 4.266094615902592951e-02 -2.111184419008479713e-03
2.096527777777777768e+00 4.257298332582572925e-02 -2.111294839253223012e-03
2.097222222222222321e+00 4.248503551499865222e-02 -2.111390813994840163e-03
2.097916666666666874e+00 4.241360946823488631e-02 -2.111526934925518368e-03
2.098611111111110983e+00 4.232387657743565818e-02 -2.111636131018563255e-03
2.099305555555555536e+00 4.224336968405623810e-02 -2.111757242999299199e-03
2.100000000000000089e+00 4.216661631102868596e-02 -2.111868460790185774e-03
2.100694444444444198e+00 4.209068034452852214e-02 -2.111997179946010789e-03
2.101388888888888751e+00 4.200268095821248909e-02 -2.112106286851862021e-03
2.102083333333333304e+00 4.191994750228839051e-02 -2.112220288754712138e-03
2.102777777777777857e+00 4.183121817283477067e-02 -2.112327311252373916e-03
2.103472222222222410e+00 4.174737867320944817e-02 -2.112450123151163837e-03
2.104166666666666519e+00 4.166058013386136905e-02 -2.112563327826843390e-03
2.104861111111111072e+00 4.158588556512927970e-02 -2.112677286877073617e-03
2.105555555555555625e+00 4.149712801370739057e-02 -2.112781274439264490e-03
2.106249999999999734e+00 4.141090392043922375e-02 -2.112883670743423772e-03
2.106944444444444731e+00 4.132857769303294182e-02 -2.112984097558061498e-03
2.107638888888888840e+00 4.124623492013190090e-02 -2.113086259891432724e-03
2.108333333333333393e+00 4.116350124906466290e-02 -2.113191887392630672e-03
2.109027777777777946e+00 4.107365497919388680e-02 -2.113291124888958331e-03
2.109722222222222054e+00 4.099913333926646919e-02 -2.113379510756456092e-03
2.110416666666666607e+00 4.091949877485496351e-02 -2.113448376554613421e-03
2.111111111111111160e+00 4.084426701660975184e-02 -2.113537792972963736e-03
2.111805555555555269e+00 4.075696878421876390e-02 -2.113614489669525184e-03
2.112500000000000266e+00 4.068940761388428057e-02 -2.113700091339013650e-03
2.113194444444444375e+00 4.061245748718018272e-02 -2.113779505138130635e-03
2.113888888888888928e+00 4.053567319052951007e-02 -2.113857996126170067e-03
2.114583333333333481e+00 4.045320871104767652e-02 -2.113930613150728950e-03
2.115277777777777590e+00 4.037702794376941268e-02 -2.114012122866508383e-03
2.115972222222222143e+00 4.030416056564197630e-02 -2.114091045145792287e-03
2.116666666666666696e+00 4.022467420929934367e-02 -2.114159769832543636e-03
2.117361111111111249e+00 4.014375541383117391e-02 -2.114225783391367793e-03
2.118055555555555802e+00 4.007742847295158589e-02 -2.114286787318698027e-03
2.118749999999999911e+00 4.000102116112549261e-02 -2.114364847201803156e-03
2.119444444444444464e+00 3.991583086044436790e-02 -2.114457287130437190e-03
2.120138888888889017e+00 3.984010461469681547e-02 -2.114537960904540933e-03
2.120833333333333126e+00 3.975937238738342511e-02 -2.114599309961674375e-03
2.121527777777777679e+00 3.968882390200555860e-02 -2.114669232528643486e-03
2.122222222222222232e+00 3.959570775790403202e-02 -2.114724511135898048e-03
2.122916666666666785e+00 3.952259877388047959e-02 -2.114789749354054667e-03
2.123611111111111338e+00 3.943835832559770133e-02 -2.114842558433351668e-03
2.124305555555555447e+00 3.935825377477478876e-02 -2.114898149641767765e-03
2.125000000000000000e+00 3.927961726006391069e-02 -2.114974823360688590e-03
2.125694444444444553e+00 3.921155767586125690e-02 -2.115029374311877975e-03
2.126388888888888662e+00 3.912377718923529257e-02 -2.115091256673255066e-03
2.127083333333333215e+00 3.905535955698741235e-02 -2.115148754931675187e-03
2.127777777777777768e+00 3.898080411744555412e-02 -2.115213357843195082e-03
2.128472222222222321e+00 3.888897796888166059e-02 -2.115274789367232924e-03
2.129166666666666874e+00 3.881409766542402717e-02 -2.115339486127283328e-03
2.129861111111110983e+00 3.874029778435053584e-02 -2.115402885045887440e-03
2.130555555555555536e+00 3.866205784401363643e-02 -2.115451573442422850e-03
2.131250000000000089e+00 3.858508211437578633e-02 -2.115506844837223253e-03
2.131944444444444198e+00 3.851041634952956372e-02 -2.115552590301399052e-03
2.132638888888888751e+00 3.844218641728505692e-02 -2.115604514907748913e-03
2.133333333333333304e+00 3.836940816889818778e-02 -2.115656688645097157e-03
2.134027777777777857e+00 3.829760215145535523e-02 -2.115717777482534114e-03
2.134722222222222410e+00 3.822357439203001583e-02 -2.115783176677128209e-03
2.135416666666666519e+00 3.814803221998613186e-02 -2.115842058834604879e-03
2.136111111111111072e+00 3.807581463482932055e-02 -2.115878899115622956e-03
2.136805555555555625e+00 3.800382070614010538e-02 -2.115914408133363900e-03
2.137499999999999734e+00 3.793092004831084829e-02 -2.115965810756213067e-03
2.138194444444444731e+00 3.785139683831965224e-02 -2.116004901004144446e-03
2.138888888888888840e+00 3.777554794156464529e-02 -2.116070461684361591e-03
2.139583333333333393e+00 3.769472321398881914e-02 -2.116124471014657442e-03
2.140277777777777946e+00 3.762170053346416271e-02 -2.116165864067379859e-03
2.140972222222222054e+00 3.753511750508553568e-02 -2.116213595942305088e-03
2.141666666666666607e+00 3.747396973819892146e-02 -2.116261032628978002e-03
2.142361111111111160e+00 3.738685401072810999e-02 -2.116306835960629802e-03
2.143055555555555269e+00 3.732005339488812801e-02 -2.116349648036211940e-03
2.143749999999999378e+00 3.723991533732293885e-02 -2.116387435831319341e-03
2.144444444444444375e+00 3.717623567432884468e-02 -2.116425875918508202e-03
2.145138888888888928e+00 3.710901551133086174e-02 -2.116461391757465480e-03
2.145833333333333481e+00 3.703916713436822272e-02 -2.116505211230220243e-03
2.146527777777777590e+00 3.696577243929160400e-02 -2.116552360557419701e-03
2.147222222222222143e+00 3.689561519150133528e-02 -2.116585139543044908e-03
2.147916666666666696e+00 3.682576006798427004e-02 -2.116627305836520003e-03
2.148611111111111249e+00 3.675334085329867717e-02 -2.116702200331429650e-03
2.149305555555555802e+00 3.668421902797066453e-02 -2.116753975308256330e-03
2.149999999999999911e+00 3.661097725151005178e-02 -2.116768836081537545e-03
2.150694444444444464e+00 3.654054609723595554e-02 -2.116773706733076320e-03
2.151388888888889017e+00 3.646981457759479461e-02 -2.116785961462806873e-03
2.152083333333333126e+00 3.640004639285919497e-02 -2.116815538171808956e-03
2.152777777777777679e+00 3.633220872257617723e-02 -2.116842964578276916e-03
2.153472222222222232e+00 3.626446420515561792e-02 -2.116878875396940689e-03
2.154166666666666341e+00 3.619344831367524162e-02 -2.116906323645507092e-03
2.154861111111111338e+00 3.612195821276902724e-02 -2.116937188860001581e-03
2.155555555555555447e+00 3.605279216387851510e-02 -2.116967123717435149e-03
2.156250000000000000e+00 3.598195992082225264e-02 -2.117002644518869471e-03
2.156944444444444553e+00 3.591781547652365264e-02 -2.117028922257880707e-03
2.157638888888888662e+00 3.584062509734241980e-02 -2.117053386783144392e-03
2.158333333333333215e+00 3.577175688035008627e-02 -2.117084010513921744e-03
2.159027777777777768e+00 3.569656323411194571e-02 -2.117119940187840114e-03
2.159722222222222321e+00 3.562037040936045368e-02 -2.117151402206793320e-03
2.160416666666666874e+00 3.555202830822598581e-02 -2.117175396211649647e-03
2.161111111111110983e+00 3.547699084225682670e-02 -2.117215110508114794e-03
2.161805555555555536e+00 3.540724433062099330e-02 -2.117238428589217087e-03
2.162500000000000089e+00 3.533990449104686127e-02 -2.117264458292213419e-03
2.163194444444444198e+00 3.527159019806665879e-02 -2.117293172410710401e-03
2.163888888888888751e+00 3.520672694299368383e-02 -2.117321772313442065e-03
2.164583333333332860e+00 3.513634753194776195e-02 -2.117342312444316001e-03
2.165277777777777857e+00 3.506679605009601491e-02 -2.117365879632614536e-03
2.165972222222222410e+00 3.499543617557085429e-02 -2.117389111628486739e-03
2.166666666666666519e+00 3.492952084426167308e-02 -2.117413702817508465e-03
2.167361111111111072e+00 3.485883567528028082e-02 -2.117434890318440569e-03
2.168055555555555625e+00 3.479747352636924224e-02 -2.117456382540662541e-03
2.168749999999999734e+00 3.473454285122252322e-02 -2.117491847706593280e-03
2.169444444444444731e+00 3.467915266179355527e-02 -2.117510009428177822e-03
2.170138888888888840e+00 3.461507395941129661e-02 -2.117529282136699793e-03
2.170833333333333393e+00 3.455374624547167400e-02 -2.117548642067439493e-03
2.171527777777777946e+00 3.448563600890541814e-02 -2.117569719172444388e-03
2.172222222222222054e+00 3.442212638367934258e-02 -2.117592581663438073e-03
2.172916666666666607e+00 3.435284698760832783e-02 -2.117613640443178919e-03
2.173611111111111160e+00 3.428239019943426363e-02 -2.117625604262414994e-03
2.174305555555555269e+00 3.420941313375652770e-02 -2.117645317104996372e-03
2.174999999999999378e+00 3.414461965601434806e-02 -2.117665875571810279e-03
2.175694444444444375e+00 3.407238179319205251e-02 -2.117689934551044914e-03
2.176388888888888928e+00 3.400671109343285370e-02 -2.117707095458030726e-03
2.177083333333333481e+00 3.393930882501566826e-02 -2.117728168391865267e-03
2.177777777777777590e+00 3.387583170568999463e-02 -2.117745434979370969e-03
2.178472222222222143e+00 3.380710178818791684e-02 -2.117767631527678242e-03
2.179166666666666696e+00 3.374102882863991987e-02 -2.117784367000270611e-03
2.179861111111111249e+00 3.367296762528297627e-02 -2.117805111727246760e-03
2.180555555555555802e+00 3.360827887285512683e-02 -2.117817735881955335e-03
2.181249999999999911e+00 3.354267652883836937e-02 -2.117832804753581964e-03
2.181944444444444464e+00 3.347399514574727480e-02 -2.117841746648725567e-03
2.182638888888889017e+00 3.340735214488045612e-02 -2.117858097148954052e-03
2.183333333333333126e+00 3.334429883329269317e-02 -2.117860334512529277e-03
2.184027777777777679e+00 3.327981538048775667e-02 -2.117878336669050399e-03
2.184722222222222232e+00 3.321473954873308682e-02 -2.117896242679522499e-03
2.185416666666666341e+00 3.315034888281565006e-02 -2.117911037254120461e-03
2.186111111111111338e+00 3.308746550238438056e-02 -2.117921847886017946e-03
2.186805555555555447e+00 3.302603194174691392e-02 -2.117941903440426991e-03
2.187500000000000000e+00 3.296554035875828154e-02 -2.117957531349658022e-03
2.188194444444444553e+00 3.290662474519254893e-02 -2.117962758165482361e-03
2.188888888888888662e+00 3.284070578119319822e-02 -2.117964738318696936e-03
2.189583333333333215e+00 3.278522483261688686e-02 -2.117974966141835703e-03
2.190277777777777768e+00 3.272240413530227987e-02 -2.117993506599893418e-03
2.190972222222222321e+00 3.266482499672729300e-02 -2.117995237528149180e-03
2.191666666666666874e+00 3.259793110494408480e-02 -2.117992431387215845e-03
2.192361111111110983e+00 3.253792523692165817e-02 -2.117995815677758964e-03
2.193055555555555536e+00 3.247472627430159769e-02 -2.118007538255405834e-03
2.193750000000000089e+00 3.241720948634686100e-02 -2.118023037435821498e-03
2.194444444444444198e+00 3.235113629211347486e-02 -2.118037876725395539e-03
2.195138888888888751e+00 3.229274290429070410e-02 -2.118043504078778727e-03
2.195833333333332860e+00 3.222704034655397842e-02 -2.118058122391042099e-03
2.196527777777777857e+00 3.216396626508920276e-02 -2.118064647995215443e-03
2.197222222222222410e+00 3.210093614142150997e-02 -2.118075879003301649e-03
2.197916666666666519e+00 3.203482869010670225e-02 -2.118084135577842468e-03
2.198611111111111072e+00 3.196905389403426750e-02 -2.118086783888098457e-03
2.199305555555555625e+00 3.190851812294869666e-02 -2.118099597285029185e-03
2.199999999999999734e+00 3.184647679972887890e-02 -2.118119998521328026e-03
2.200694444444444731e+00 3.178570620412003722e-02 -2.118136004969333169e-03
2.201388888888888840e+00 3.172337936653549934e-02 -2.118143275862548365e-03
2.202083333333333393e+00 3.166367388224700097e-02 -2.118147247505162544e-03
2.202777777777777946e+00 3.160010196635872071e-02 -2.118163816562948932e-03
2.203472222222222054e+00 3.154207459531441216e-02 -2.118167905036531188e-03
2.204166666666666607e+00 3.148238046913040544e-02 -2.118180197818917820e-03
2.204861111111111160e+00 3.142407236850717350e-02 -2.118189598270981289e-03
2.205555555555555269e+00 3.136176539573654748e-02 -2.118200827318682082e-03
2.206249999999999378e+00 3.130460710677399061e-02 -2.118217175951218369e-03
2.206944444444444375e+00 3.124078355760602846e-02 -2.118233381872848629e-03
2.207638888888888928e+00 3.118676510158545356e-02 -2.118245678995061068e-03
2.208333333333333481e+00 3.112848144240393591e-02 -2.118262430143292175e-03
2.209027777777777590e+00 3.107778713531250681e-02 -2.118279114032660306e-03
2.209722222222222143e+00 3.101452822449685121e-02 -2.118287393168810824e-03
2.210416666666666696e+00 3.095841070626664110e-02 -2.118320715800240620e-03
2.211111111111111249e+00 3.089321206796494940e-02 -2.118342394411654867e-03
2.211805555555555802e+00 3.083513765752851632e-02 -2.118332471858023255e-03
2.212499999999999911e+00 3.077240076052676840e-02 -2.118320893513234247e-03
2.213194444444444464e+00 3.070970527451147292e-02 -2.118330013132704859e-03
2.213888888888889017e+00 3.064673897210923315e-02 -2.118343809749007392e-03
2.214583333333333126e+00 3.059600340122943171e-02 -2.118360750655954618e-03
2.215277777777777679e+00 3.053646012130164025e-02 -2.118377248914986126e-03
2.215972222222222232e+00 3.048241327929780697e-02 -2.118384280183922136e-03
2.216666666666666341e+00 3.042397703936136275e-02 -2.118391952918494830e-03
2.217361111111111338e+00 3.036276246336791149e-02 -2.118400429092538728e-03
2.218055555555555447e+00 3.029990172716716043e-02 -2.118413083028746185e-03
2.218750000000000000e+00 3.024793372094714689e-02 -2.118423142917764349e-03
2.219444444444444553e+00 3.018972740903946850e-02 -2.118443345853297625e-03
2.220138888888888662e+00 3.013274112090768425e-02 -2.118447555975366305e-03
2.220833333333333215e+00 3.007286827250576708e-02 -2.118460380739172789e-03
2.221527777777777768e+00 3.001936765879050298e-02 -2.118469156822262202e-03
2.222222222222222321e+00 2.996160295994448539e-02 -2.118479427384872219e-03
2.222916666666666874e+00 2.991150471239582484e-02 -2.118492131660490267e-03
2.223611111111110983e+00 2.984353221582898216e-02 -2.118501033315681008e-03
2.224305555555555536e+00 2.979773473586503144e-02 -2.118506190261513610e-03
2.225000000000000089e+00 2.974273733762482219e-02 -2.118511566213528759e-03
2.225694444444444198e+00 2.968551829805594552e-02 -2.118512305341521944e-03
2.226388888888888751e+00 2.962075732577446399e-02 -2.118510442119331694e-03
2.227083333333332860e+00 2.956382233126874509e-02 -2.118510034206743439e-03
2.227777777777777857e+00 2.950330716808202344e-02 -2.118512802224559698e-03
2.228472222222222410e+00 2.945090654170425329e-02 -2.118526006416187376e-03
2.229166666666666519e+00 2.938856616829220447e-02 -2.118526759369921894e-03
2.229861111111111072e+00 2.933482186293479357e-02 -2.118526560633967118e-03
2.230555555555555625e+00 2.927610254419599212e-02 -2.118528907883313831e-03
2.231249999999999734e+00 2.922462788728119251e-02 -2.118527009147915755e-03
2.231944444444444731e+00 2.916478238140681259e-02 -2.118530811969062712e-03
2.232638888888888840e+00 2.910690065961964862e-02 -2.118535331241471267e-03
2.233333333333333393e+00 2.904616857028775173e-02 -2.118535677928742606e-03
2.234027777777777946e+00 2.898807130079463640e-02 -2.118533866163350814e-03
2.234722222222222054e+00 2.893405676654380379e-02 -2.118534519578559039e-03
2.235416666666666607e+00 2.887904801469272018e-02 -2.118545200357920683e-03
2.236111111111111160e+00 2.882553258587244524e-02 -2.118551226496181387e-03
2.236805555555555269e+00 2.877024953216188174e-02 -2.111248914105648845e-03
2.237499999999999378e+00 2.872798972985610155e-02 -2.086749809238513161e-03
2.238194444444444375e+00 2.869084514043390363e-02 -2.036836800629087101e-03
2.238888888888888928e+00 2.877337759863896754e-02 -1.952042997699451454e-03
2.239583333333333481e+00 2.976282287742325686e-02 -1.826575007920116156e-03
2.240277777777777590e+00 3.049674513405641052e-02 -1.676372090027490646e-03
2.240972222222222143e+00 3.143112454581259430e-02 -1.500089723643382436e-03
2.241666666666666696e+00 3.225030672850384694e-02 -1.295507557188558525e-03
2.242361111111111249e+00 3.304088017781069142e-02 -1.077086552269495429e-03
2.243055555555555802e+00 3.373859174570143643e-02 -8.386534886094347812e-04
2.243749999999999911e+00 3.444251525696077204e-02 -5.828515069689446963e-04
2.244444444444444464e+00 3.459431556557740484e-02 -3.045486004406950200e-04
2.245138888888889017e+00 3.402222906836587651e-02 -2.740392404489246365e-07
2.245833333333333126e+00 3.358288381558460767e-02 3.293964167633561682e-04
2.246527777777777679e+00 3.447159026033824042e-02 6.849631379394569702e-04
2.247222222222222232e+00 3.643411745022873127e-02 1.060271320408760288e-03
2.247916666666666341e+00 3.717539183235088474e-02 1.462400690625598795e-03
2.248611111111111338e+00 3.688907722557849267e-02 1.881121782688807351e-03
2.249305555555555447e+00 3.873736609238327688e-02 2.329633788099953143e-03
2.250000000000000000e+00 4.232024010507487444e-02 2.801383674693781484e-03
2.250694444444444553e+00 4.393217697427326957e-02 3.290400044066181875e-03
2.251388888888888662e+00 4.320673489462371897e-02 3.807294710318321219e-03
2.252083333333333215e+00 4.407504995572487927e-02 4.339880364302150031e-03
2.252777777777777768e+00 4.643355857308015255e-02 4.902881475272035695e-03
2.253472222222222321e+00 4.868851852094318450e-02 5.467885026234253938e-03
2.254166666666666874e+00 5.067206928684483275e-02 6.069704196085272570e-03
2.254861111111110983e+00 5.236309700547290419e-02 6.701824923673847800e-03
2.255555555555555536e+00 5.392888683235046859e-02 7.339189424149639325e-03
2.256250000000000089e+00 5.525315172573304345e-02 8.003711650359238844e-03
2.256944444444444198e+00 5.656745326902877513e-02 8.675736339939900746e-03
2.257638888888888751e+00 5.792891117032258896e-02 9.379968177622906647e-03
2.258333333333332860e+00 5.934994327355550686e-02 1.010147271003406302e-02
2.259027777777777857e+00 6.099412852549703640e-02 1.083564010972986810e-02
2.259722222222222410e+00 6.281736689139098828e-02 1.160732354825604225e-02
2.260416666666666519e+00 6.492578178097964392e-02 1.238128908187747894e-02
2.261111111111111072e+00 6.721473520434315119e-02 1.318177814520108543e-02
2.261805555555555625e+00 6.967933878374207857e-02 1.399511022449084936e-02
2.262499999999999734e+00 7.234079950209083842e-02 1.481560587692266895e-02
2.263194444444444731e+00 7.503640104226297347e-02 1.567381898308825572e-02
2.263888888888888840e+00 7.772362382179215379e-02 1.652714712785815013e-02
2.264583333333333393e+00 8.030604974742036606e-02 1.740045106467348959e-02
2.265277777777777946e+00 8.294965004377435891e-02 1.829474234565004603e-02
2.265972222222222054e+00 8.541126378207754277e-02 1.918422560989807915e-02
2.266666666666666607e+00 8.783402069595934447e-02 2.008972678072380724e-02
2.267361111111111160e+00 9.006698382750555343e-02 2.099550519045971161e-02
2.268055555555555269e+00 9.215844614443392813e-02 2.192298699783118074e-02
2.268749999999999378e+00 9.426553609547516643e-02 2.287083224464324382e-02
2.269444444444444375e+00 9.622518195358049919e-02 2.381563562419236613e-02
2.270138888888888928e+00 9.836096739400437827e-02 2.479154115056946689e-02
2.270833333333333481e+00 1.007060818240065880e-01 2.576066805622708247e-02
2.271527777777777590e+00 1.030031767565956491e-01 2.675074954934015051e-02
2.272222222222222143e+00 1.052494170133731893e-01 2.775807024688665969e-02
2.272916666666666696e+00 1.075923202524785571e-01 2.874325792848962322e-02
2.273611111111111249e+00 1.099741845793525408e-01 2.971974458880667636e-02
2.274305555555555802e+00 1.123251174959257193e-01 3.070154005802060507e-02
2.274999999999999911e+00 1.148075574499910351e-01 3.170769662707327574e-02
2.275694444444444464e+00 1.171171463239636112e-01 3.271235005188408845e-02
2.276388888888889017e+00 1.195236855420995364e-01 3.372858226322068831e-02
2.277083333333333126e+00 1.222966875137825871e-01 3.475801200617343462e-02
2.277777777777777679e+00 1.249091701632082385e-01 3.579832017130638033e-02
2.278472222222222232e+00 1.274652743031565449e-01 3.686754811092577550e-02
2.279166666666666341e+00 1.302031752241834539e-01 3.794879368372369721e-02
2.279861111111111338e+00 1.327713844752977657e-01 3.902120301098446070e-02
2.280555555555555447e+00 1.355552371801933553e-01 4.011139081815885687e-02
2.281250000000000000e+00 1.381633223950158029e-01 4.121611224543219459e-02
2.281944444444444553e+00 1.407762148357732390e-01 4.232982494267002738e-02
2.282638888888888662e+00 1.435536793733043215e-01 4.344882900044077373e-02
2.283333333333333215e+00 1.456192588530469956e-01 4.457776746612615582e-02
2.284027777777777768e+00 1.471639760917539119e-01 4.572195199748065042e-02
2.284722222222222321e+00 1.492330279248967884e-01 4.684954439484769612e-02
2.285416666666666874e+00 1.530113638590669123e-01 4.772499629591971104e-02
2.286111111111110983e+00 1.585619595609426280e-01 4.782003766416120794e-02
2.286805555555555536e+00 1.429251145175305659e-01 4.675173402949827500e-02
2.287500000000000089e+00 1.421559564829561473e-01 4.424543142066231921e-02
2.288194444444444198e+00 1.157358774001044921e-01 4.103324092505061804e-02
2.288888888888888751e+00 1.109691104302017034e-01 3.720670169397336663e-02
2.289583333333332860e+00 1.109873598933830557e-01 3.340888362744874607e-02
2.290277777777777857e+00 1.092238345877489941e-01 3.029463950951503254e-02
2.290972222222222410e+00 1.078729656184684860e-01 2.792752842838854693e-02
2.291666666666666519e+00 1.059197909657045578e-01 2.602276395065003523e-02
2.292361111111111072e+00 1.041554827504931058e-01 2.446659561147263018e-02
2.293055555555555625e+00 1.023268219333801632e-01 2.309454743154822770e-02
2.293749999999999734e+00 1.006792395640907500e-01 2.183643395450048097e-02
2.294444444444444731e+00 9.897610994300386211e-02 2.063302107294138696e-02
2.295138888888888840e+00 9.736509218471196825e-02 1.952440187367900440e-02
2.295833333333333393e+00 9.579041799984489014e-02 1.855257622307244017e-02
2.296527777777777946e+00 9.420078839278840654e-02 1.763064927761401335e-02
2.297222222222222054e+00 9.258679370572359124e-02 1.674454652642219654e-02
2.297916666666666607e+00 9.093724429615542004e-02 1.590915078252785886e-02
2.298611111111111160e+00 8.927315867715310271e-02 1.514022236152687446e-02
2.299305555555555269e+00 8.771125911522430207e-02 1.442532951987823657e-02
2.299999999999999378e+00 8.624579244406586909e-02 1.375098967737855248e-02
2.300694444444444375e+00 8.463268818183075637e-02 1.311116770963100669e-02
2.301388888888888928e+00 8.303283205005849987e-02 1.251582736963608930e-02
2.302083333333333481e+00 8.159919614730951065e-02 1.195127427838849760e-02
2.302777777777777590e+00 8.016455980605886877e-02 1.141716036086923639e-02
2.303472222222222143e+00 7.879983600435465363e-02 1.090849272094421632e-02
2.304166666666666696e+00 7.765208663960301849e-02 1.042687164172479558e-02
2.304861111111111249e+00 7.655937956037815739e-02 9.971386146214695351e-03
2.305555555555555802e+00 7.550182582338971216e-02 9.532858359506870410e-03
2.306249999999999911e+00 7.462673866791755262e-02 9.109894299604922793e-03
2.306944444444444464e+00 7.385400793670084119e-02 8.726294140217614320e-03
2.307638888888889017e+00 7.314643387644279016e-02 8.353270440911457831e-03
2.308333333333333126e+00 7.247745894709317627e-02 7.979061675522298655e-03
2.309027777777777679e+00 7.186423673965386394e-02 7.631269632359036215e-03
2.309722222222222232e+00 7.128746456772397377e-02 7.304151800832653710e-03
2.310416666666666341e+00 7.073880897793269340e-02 6.988265559578110860e-03
2.311111111111111338e+00 7.026094138079323759e-02 6.683657974619586391e-03
2.311805555555555447e+00 6.983323671039134983e-02 6.393329178452904910e-03
2.312500000000000000e+00 6.942422461658340205e-02 6.120195948050441252e-03
2.313194444444444553e+00 6.901811952828763863e-02 5.853596335491944094e-03
2.313888888888888662e+00 6.864848090165316663e-02 5.595590984543695814e-03
2.314583333333333215e+00 6.826824386113082566e-02 5.352080927896480517e-03
2.315277777777777768e+00 6.788019131581811416e-02 5.118768937720340716e-03
2.315972222222222321e+00 6.750947702884546597e-02 4.892351025941850742e-03
2.316666666666666874e+00 6.715969058975668204e-02 4.680495299730869259e-03
2.317361111111110983e+00 6.680391107799482642e-02 4.483857004394475182e-03
2.318055555555555536e+00 6.645015921044267193e-02 4.315391701340993980e-03
2.318750000000000089e+00 6.610549896390233160e-02 4.171951203756824912e-03
2.319444444444444198e+00 6.576851111242494607e-02 4.051190151218250247e-03
2.320138888888888751e+00 6.543708112830290413e-02 3.944147434841666425e-03
2.320833333333332860e+00 6.510353365122624469e-02 3.829549003163945468e-03
2.321527777777777857e+00 6.477515917372590748e-02 3.690696296967335092e-03
2.322222222222222410e+00 6.443766444596805976e-02 3.531469778323930667e-03
2.322916666666666519e+00 6.408116221317328165e-02 3.351069369832143565e-03
2.323611111111111072e+00 6.372607533255927881e-02 3.172595943761737439e-03
2.324305555555555625e+00 6.340338751873361711e-02 3.034009108910118175e-03
2.324999999999999734e+00 6.449576422640682094e-02 2.960928254340436990e-03
2.325694444444444731e+00 6.709928439756461527e-02 2.958161926290633122e-03
2.326388888888888840e+00 6.881010971203108117e-02 3.018800114202789021e-03
2.327083333333333393e+00 7.042181113074005849e-02 3.127612924030070442e-03
2.327777777777777946e+00 7.162444214439731005e-02 3.266879596228071565e-03
2.328472222222222054e+00 7.258663389507334640e-02 3.427269925259356694e-03
2.329166666666666607e+00 7.275847609843362485e-02 3.609317577716127014e-03
2.329861111111111160e+00 7.166200943251019306e-02 3.803048816105522850e-03
2.330555555555555269e+00 6.997811023626114568e-02 4.019203422246214394e-03
2.331249999999999378e+00 6.911056069205738506e-02 4.252688396980685431e-03
2.331944444444444375e+00 6.994621292773332832e-02 4.498067324294794701e-03
2.332638888888888928e+00 7.222254253125674761e-02 4.757021841545632825e-03
2.333333333333333481e+00 7.423409407799562432e-02 5.029022455868162843e-03
2.334027777777777590e+00 7.430372424182848934e-02 5.297866752340310743e-03
2.334722222222222143e+00 7.458731560989216580e-02 5.545900625630081036e-03
2.335416666666666696e+00 7.478954729184976447e-02 5.761956102658627628e-03
2.336111111111111249e+00 7.508030408786432741e-02 5.933947544893161154e-03
2.336805555555555802e+00 7.519336251995040188e-02 6.066558565909642604e-03
2.337499999999999911e+00 7.064398646138382587e-02 6.147640008163608033e-03
2.338194444444444464e+00 7.835835288844718305e-02 6.133867867392749952e-03
2.338888888888889017e+00 7.096069465667442788e-02 5.981756530995380010e-03
2.339583333333333126e+00 6.660357594641025392e-02 5.657437056847955566e-03
2.340277777777777679e+00 6.435059796722698844e-02 5.166295742267087640e-03
2.340972222222222232e+00 6.494992881687546016e-02 4.620941433939661919e-03
2.341666666666666341e+00 6.447647225973136831e-02 4.098942778355665027e-03
2.342361111111111338e+00 6.431745800358136533e-02 3.657613791060110309e-03
2.343055555555555447e+00 6.395690757182434516e-02 3.306134440613775136e-03
2.343750000000000000e+00 6.371204908392329169e-02 3.042104005495661553e-03
2.344444444444444553e+00 6.331029199822604814e-02 2.824657727847113258e-03
2.345138888888888662e+00 6.293409154406189032e-02 2.626737113377536608e-03
2.345833333333333215e+00 6.253577041640895340e-02 2.435546719048720544e-03
2.346527777777777768e+00 6.214211459697899231e-02 2.252770151941893388e-03
2.347222222222222321e+00 6.171759044439841663e-02 2.088098615630461577e-03
2.347916666666666874e+00 6.126356426665886812e-02 1.934873522934777009e-03
2.348611111111110983e+00 6.080070764968336511e-02 1.790907235135495495e-03
2.349305555555555536e+00 6.034522678831929360e-02 1.652254202410813723e-03
2.350000000000000089e+00 5.988418176458008141e-02 1.520549233485951439e-03
2.350694444444444198e+00 5.940081445265631144e-02 1.399175851500395699e-03
2.351388888888888751e+00 5.890277650701995077e-02 1.281446686762358241e-03
2.352083333333332860e+00 5.839948398685676501e-02 1.167977260044343428e-03
2.352777777777777857e+00 5.788746536768657469e-02 1.062389558996525889e-03
2.353472222222222410e+00 5.736940181042290282e-02 9.603251369916612247e-04
2.354166666666666519e+00 5.684281267134159987e-02 8.627850345243696104e-04
2.354861111111111072e+00 5.633773583609168883e-02 7.718237039559463098e-04
2.355555555555555625e+00 5.584695140906554417e-02 6.917601314281274184e-04
2.356249999999999734e+00 5.538477981871510469e-02 6.239700650191030073e-04
2.356944444444444731e+00 5.496569032441023239e-02 5.701316941756458733e-04
2.357638888888888840e+00 5.457301758909100659e-02 5.280224683202345420e-04
2.358333333333333393e+00 5.421522148191217777e-02 4.940577076272064001e-04
2.359027777777777946e+00 5.388429229607884924e-02 4.637927753817588342e-04
2.359722222222222054e+00 5.356890688002717560e-02 4.326131272342523086e-04
2.360416666666666607e+00 5.326472030457132800e-02 4.000898446826214937e-04
2.361111111111111160e+00 5.297373457278783948e-02 3.664476806994848394e-04
2.361805555555555269e+00 5.269809396907623733e-02 3.297380561679136833e-04
2.362499999999999378e+00 5.243566141561108174e-02 2.856569629860867773e-04
2.363194444444444375e+00 5.218091695350578901e-02 2.294324380845113296e-04
2.363888888888888928e+00 5.193279729185711763e-02 1.599963056762085248e-04
2.364583333333333481e+00 5.168668599198152080e-02 7.897711665748296248e-05
2.365277777777777590e+00 5.144946813620907694e-02 -6.072621862767417775e-06
2.365972222222222143e+00 5.121763236008800013e-02 -8.135552606081208166e-05
2.366666666666666696e+00 5.098976567399807203e-02 -1.396028398863853300e-04
2.367361111111111249e+00 5.076790876082584725e-02 -1.785508249299807464e-04
2.368055555555555802e+00 5.055255338124407111e-02 -2.002975001693859129e-04
2.368749999999999911e+00 5.104552492716330631e-02 -1.854316899011482613e-04
2.369444444444444464e+00 5.728624713950111746e-02 -9.053343469468145015e-05
2.370138888888889017e+00 5.907870086963142725e-02 1.286573970277195235e-04
2.370833333333333126e+00 5.709452423829797924e-02 4.365299629316695762e-04
2.371527777777777679e+00 5.735134268254549889e-02 9.035970131108801272e-04
2.372222222222222232e+00 6.087592172159504711e-02 1.479169182426134542e-03
2.372916666666666341e+00 5.816741868391950288e-02 2.094661007813251180e-03
2.373611111111111338e+00 6.572441929659768312e-02 2.713806797616609510e-03
2.374305555555555447e+00 6.613182919564628004e-02 3.330987092637847577e-03
2.375000000000000000e+00 6.310391401558232416e-02 3.962564078878506174e-03
2.375694444444444553e+00 6.712363283633294986e-02 4.561415976041908842e-03
2.376388888888888662e+00 6.689255314928491125e-02 5.060823632779414688e-03
2.377083333333333215e+00 6.018478605236853712e-02 5.386583560416303984e-03
2.377777777777777768e+00 6.562098344298950003e-02 5.523256475803050430e-03
2.378472222222222321e+00 5.977239615952961022e-02 5.514025097167855015e-03
2.379166666666666874e+00 6.223942337813078568e-02 5.402661708802549215e-03
2.379861111111110983e+00 6.256391535727721942e-02 5.266589263293079519e-03
2.380555555555555536e+00 6.357675313124781791e-02 5.184954402916041975e-03
2.381250000000000089e+00 6.445633809870275621e-02 5.183254198611375596e-03
2.381944444444444198e+00 6.573223384887121046e-02 5.242414113384386010e-03
2.382638888888888751e+00 6.678431982271776368e-02 5.364425154628290129e-03
2.383333333333332860e+00 6.733387938317741961e-02 5.545099689513065949e-03
2.384027777777777857e+00 7.319519606622428010e-02 5.807091805639925768e-03
2.384722222222222410e+00 7.644836863863012366e-02 6.160003202125770815e-03
2.385416666666666519e+00 7.165930728729928700e-02 6.600365133050131207e-03
2.386111111111111072e+00 8.078352704300097165e-02 7.183590444495935833e-03
2.386805555555555625e+00 7.632953228786432121e-02 8.013511479203759211e-03
2.387499999999999734e+00 8.333323844200338226e-02 9.211280062020755360e-03
2.388194444444444731e+00 8.631277612758886386e-02 1.080582353297127214e-02
2.388888888888888840e+00 8.796360828827991252e-02 1.282317327927721962e-02
2.389583333333333393e+00 9.019776764757969634e-02 1.502788407788200123e-02
2.390277777777777946e+00 9.491849651994388459e-02 1.714029195238515532e-02
2.390972222222222054e+00 9.868519810987719243e-02 1.886995757719742844e-02
2.391666666666666607e+00 1.027623819787494286e-01 2.015026888411029435e-02
2.392361111111111160e+00 1.064634962758571474e-01 2.105169114419552442e-02
2.393055555555555269e+00 1.093823971721817057e-01 2.175306870024026548e-02
2.393749999999999378e+00 1.117509411763222271e-01 2.254044545354338611e-02
2.394444444444444375e+00 1.147300482328107857e-01 2.358418091235284231e-02
2.395138888888888928e+00 1.180527883241900000e-01 2.492227916449675160e-02
2.395833333333333481e+00 1.212715115086013679e-01 2.650376179012516389e-02
2.396527777777777590e+00 1.242351714264025020e-01 2.821398368020856112e-02
2.397222222222222143e+00 1.273696610036179344e-01 2.997282263851778691e-02
2.397916666666666696e+00 1.304704627363431624e-01 3.169984565227792345e-02
2.398611111111111249e+00 1.338367954553592309e-01 3.329106591845968494e-02
2.399305555555555802e+00 1.371476504054342793e-01 3.481586421113698482e-02
2.399999999999999911e+00 1.409389272727075981e-01 3.629920959731773589e-02
2.400694444444444464e+00 1.444787669347621095e-01 3.763364546676675054e-02
2.401388888888889017e+00 1.476419446228830479e-01 3.868758748978966266e-02
2.402083333333333126e+00 1.501310537786965937e-01 3.948683021736779097e-02
2.402777777777777679e+00 1.524419464043811623e-01 4.002856750770453914e-02
2.403472222222222232e+00 1.544421335437377585e-01 4.047259098781040565e-02
2.404166666666666341e+00 1.562258193181808308e-01 4.101494290926271935e-02
2.404861111111111338e+00 1.581047060737832133e-01 4.174339894989970157e-02
2.405555555555555447e+00 1.597914077897147345e-01 4.270573146542835236e-02
2.406250000000000000e+00 1.613472300545989724e-01 4.387791922850412668e-02
2.406944444444444553e+00 1.644188614526509440e-01 4.507413379779454804e-02
2.407638888888888662e+00 1.660928570909601942e-01 4.593491323744255950e-02
2.408333333333333215e+00 1.689861257704411979e-01 4.620719045968244010e-02
2.409027777777777768e+00 1.725505306354283841e-01 4.587434420850106109e-02
2.409722222222222321e+00 1.702468914054115767e-01 4.502105287081280272e-02
2.410416666666666874e+00 1.714307795798141465e-01 4.390556570582190843e-02
2.411111111111110983e+00 1.727159214726647907e-01 4.276065209315303012e-02
2.411805555555555536e+00 1.716305095487944410e-01 4.201263608623558715e-02
2.412500000000000089e+00 1.707326105610464939e-01 4.186193019987947961e-02
2.413194444444444198e+00 1.693908775800919142e-01 4.214867296620437159e-02
2.413888888888888751e+00 1.687400854876437706e-01 4.271084085178669665e-02
2.414583333333332860e+00 1.693548757028421892e-01 4.346697863847826665e-02
2.415277777777777857e+00 1.709475093389438149e-01 4.445964120318741941e-02
2.415972222222222410e+00 1.728696922115949275e-01 4.567346813038375419e-02
2.416666666666666519e+00 1.751270322199406093e-01 4.703981413375570714e-02
2.417361111111111072e+00 1.792770048813804584e-01 4.840894679833899344e-02
2.418055555555555625e+00 1.817051898458976189e-01 4.944514482457681992e-02
2.418749999999999734e+00 1.853053723977043654e-01 4.984751341121981816e-02
2.419444444444444731e+00 1.903016907750878228e-01 4.953186262980694560e-02
2.420138888888888840e+00 1.864809353258440328e-01 4.860124081264290824e-02
2.420833333333333393e+00 1.889294538196009399e-01 4.734988285976460265e-02
2.421527777777777946e+00 1.890889118437251715e-01 4.626586120754500042e-02
2.422222222222222054e+00 1.866055783061302265e-01 4.559861719676877589e-02
2.422916666666666607e+00 1.852172248550186806e-01 4.564228943768102592e-02
2.423611111111111160e+00 1.854806723186493977e-01 4.631514375638923903e-02
2.424305555555555269e+00 1.844167342501382700e-01 4.765344229746749927e-02
2.424999999999999378e+00 1.912362218951135229e-01 4.995461391671113249e-02
2.425694444444444375e+00 1.885584648956172005e-01 5.363405032822975843e-02
2.426388888888888928e+00 2.337043672246565118e-01 5.894754898683379069e-02
2.427083333333333481e+00 2.644430521160337499e-01 6.598642980617354381e-02
2.427777777777777590e+00 2.464440117736639291e-01 7.362719997121246196e-02
2.428472222222222143e+00 2.193937401454624792e-01 7.986438146118440828e-02
2.429166666666666696e+00 2.459740346277409229e-01 8.279122268276739582e-02
2.429861111111111249e+00 2.359834787280974677e-01 8.211040734396247986e-02
2.430555555555555802e+00 2.466371136471764147e-01 7.842629649407038828e-02
2.431249999999999911e+00 2.287085284998279233e-01 7.314917445149633768e-02
2.431944444444444464e+00 2.292346361422730738e-01 6.825770625409065262e-02
2.432638888888889017e+00 2.236818177418266329e-01 6.419416090194948743e-02
2.433333333333333126e+00 2.186011453867927889e-01 6.117180058866576037e-02
2.434027777777777679e+00 2.139445393588860489e-01 5.897460512266766014e-02
2.434722222222222232e+00 2.060725802761633474e-01 5.725254918719317049e-02
2.435416666666666341e+00 2.077312531359190306e-01 5.543918493552754678e-02
2.436111111111111338e+00 2.001870022894367274e-01 5.335452618015112253e-02
2.436805555555555447e+00 1.890867451122524301e-01 5.102963498839162282e-02
2.437500000000000000e+00 1.702079516507163104e-01 4.852054054858261772e-02
2.438194444444444553e+00 1.807477471874097408e-01 4.606495452457613077e-02
2.438888888888888662e+00 1.836870137425583027e-01 4.397391606978934275e-02
2.439583333333333215e+00 1.936712281335595254e-01 4.255142880521620152e-02
2.440277777777777768e+00 1.821658975798629565e-01 4.172528067939765967e-02
2.440972222222222321e+00 1.885303108726243404e-01 4.155919282937815817e-02
2.441666666666666874e+00 1.867278050749941465e-01 4.177122179222637205e-02
2.442361111111110983e+00 1.855929117654476768e-01 4.199477070816701185e-02
2.443055555555555536e+00 1.849841215146149354e-01 4.208036360065665893e-02
2.443750000000000089e+00 1.850900444363107467e-01 4.193998904185993609e-02
2.444444444444444198e+00 1.853385341439274248e-01 4.163022719065138239e-02
2.445138888888888751e+00 1.854952924599956032e-01 4.116337569960618753e-02
2.445833333333332860e+00 1.901645726716626739e-01 4.042836745597099685e-02
2.446527777777777857e+00 1.725591666858281858e-01 3.926268861937128041e-02
2.447222222222222410e+00 1.656729874563283023e-01 3.775793690933790941e-02
2.447916666666666519e+00 1.633280570793103903e-01 3.594412472644140100e-02
2.448611111111111072e+00 1.636418209318239725e-01 3.402900268189761046e-02
2.449305555555555625e+00 1.623538557747376265e-01 3.229502040717619621e-02
2.449999999999999734e+00 1.654772887473810461e-01 3.094948154166102597e-02
2.450694444444444731e+00 1.842686914326629732e-01 3.008707956124683294e-02
2.451388888888888840e+00 1.660067856212827653e-01 2.956967484053282108e-02
2.452083333333333393e+00 1.719448208212325524e-01 2.927818196000624845e-02
2.452777777777777946e+00 1.705131144932520715e-01 2.903150968230754081e-02
2.453472222222222054e+00 1.734040808476970119e-01 2.868057548556774208e-02
2.454166666666666607e+00 1.703538751410308694e-01 2.821501625984039474e-02
2.454861111111111160e+00 1.606866824305317187e-01 2.765048634003208078e-02
2.455555555555555269e+00 1.470349626520056907e-01 2.698230679927047723e-02
2.456249999999999378e+00 1.506945753381588871e-01 2.620154356059802361e-02
2.456944444444444375e+00 1.485145502180711674e-01 2.530344452745134434e-02
2.457638888888888928e+00 1.461164799799274105e-01 2.426824244682789650e-02
2.458333333333333481e+00 1.286341411385455713e-01 2.309938506617075643e-02
2.459027777777777590e+00 1.365766046787242893e-01 2.191736889372573188e-02
2.459722222222222143e+00 1.413360309183645525e-01 2.086480791056372422e-02
2.460416666666666696e+00 1.444793210828139440e-01 2.001632342553600480e-02
2.461111111111111249e+00 1.436786692955128453e-01 1.940836487933079654e-02
2.461805555555555802e+00 1.346828074174580003e-01 1.902569001216448258e-02
2.462499999999999911e+00 1.380226714176966962e-01 1.874528702142520473e-02
2.463194444444444464e+00 1.393117037052800100e-01 1.846225723686697323e-02
2.463888888888889017e+00 1.407986066430610417e-01 1.810698747900296030e-02
2.464583333333333126e+00 1.392421731691891040e-01 1.766410500015053522e-02
2.465277777777777679e+00 1.365852499648033958e-01 1.715667073020808037e-02
2.465972222222222232e+00 1.358738361004881712e-01 1.661959206777590542e-02
2.466666666666666341e+00 1.353411498593265760e-01 1.610718130407487111e-02
2.467361111111111338e+00 1.346101824858104146e-01 1.565110684957932846e-02
2.468055555555555447e+00 1.339145982021175962e-01 1.525489712967203516e-02
2.468750000000000000e+00 1.331329852790964219e-01 1.490593036569759326e-02
2.469444444444444553e+00 1.310699213804566721e-01 1.457929228396578729e-02
2.470138888888888662e+00 1.275705576602513824e-01 1.422839368125297654e-02
2.470833333333333215e+00 1.239218011971629091e-01 1.384876883183027915e-02
2.471527777777777768e+00 1.197646341503595391e-01 1.341183921192796134e-02
2.472222222222222321e+00 1.154652072478560138e-01 1.292157716213420370e-02
2.472916666666666874e+00 1.123274475347873780e-01 1.240754492641947364e-02
2.473611111111110983e+00 1.092764801139640696e-01 1.189913554523185958e-02
2.474305555555555536e+00 1.075244552894145666e-01 1.139490440521919411e-02
2.475000000000000089e+00 1.074140740660538135e-01 1.090274702311167486e-02
2.475694444444444198e+00 1.064096504654118980e-01 1.041149205080059426e-02
2.476388888888888751e+00 1.057981445713618990e-01 9.947648095271146781e-03
2.477083333333332860e+00 1.049449775686526060e-01 9.521263570866866227e-03
2.477777777777777857e+00 1.042005993617701604e-01 9.157825795291976018e-03
2.478472222222222410e+00 1.057732229412755853e-01 8.860070643631512075e-03
2.479166666666666519e+00 1.069466771340480404e-01 8.623757122014113347e-03
2.479861111111111072e+00 1.060536189123058026e-01 8.428688868822906133e-03
2.480555555555555625e+00 1.050748418612415247e-01 8.241485213311406516e-03
2.481249999999999734e+00 1.041849695413390037e-01 8.046360485613789429e-03
2.481944444444444731e+00 1.032973686117898277e-01 7.843244184021692933e-03
2.482638888888888840e+00 1.024041176585837876e-01 7.632085719756777874e-03
2.483333333333333393e+00 1.013109958366179703e-01 7.419302500969830738e-03
2.484027777777777946e+00 1.003038129612708329e-01 7.206778797326209886e-03
2.484722222222222054e+00 9.932699525203057822e-02 7.000877837412869051e-03
2.485416666666666607e+00 9.837212561255850862e-02 6.797353593784378339e-03
2.486111111111111160e+00 9.736147776210836435e-02 6.595008131637609960e-03
2.486805555555555269e+00 9.639494443607239671e-02 6.393995798726194099e-03
2.487499999999999378e+00 9.547480309497514972e-02 6.199135432857453588e-03
2.488194444444444375e+00 9.460261599671476729e-02 6.006296103468940391e-03
2.488888888888888928e+00 9.371939575201372608e-02 5.818774848305777701e-03
2.489583333333333481e+00 9.282307040299957179e-02 5.632699697067426042e-03
2.490277777777777590e+00 9.226054618829594711e-02 5.452107180068697240e-03
2.490972222222222143e+00 9.173500819218970148e-02 5.277519175951757985e-03
2.491666666666666696e+00 9.119820290283214836e-02 5.111698795458108693e-03
2.492361111111111249e+00 9.069963058545577050e-02 4.953386011690014135e-03
2.493055555555555802e+00 9.020980452003732331e-02 4.802877067735213806e-03
2.493749999999999911e+00 8.975540699860608262e-02 4.653547040808911871e-03
2.494444444444444464e+00 8.927102595913737060e-02 4.497832169339334440e-03
2.495138888888889017e+00 8.880368029170078448e-02 4.326621829783701065e-03
2.495833333333333126e+00 8.831948216582809208e-02 4.140312168716181809e-03
2.496527777777777679e+00 8.780731241656357378e-02 3.937368802289060825e-03
2.497222222222222232e+00 8.727392178183013272e-02 3.732623389467136944e-03
2.497916666666666341e+00 8.675656832838998800e-02 3.534093069932205296e-03
2.498611111111111338e+00 8.623922978754949842e-02 3.355832416024084539e-03
2.499305555555555447e+00 8.571825544812168574e-02 3.195768975596078622e-03
2.500000000000000000e+00 8.518666560903731533e-02 3.053493667246627748e-03
2.500694444444444553e+00 8.466990981784799919e-02 2.925490853692675353e-03
2.501388888888888662e+00 8.416064518845269016e-02 2.813973669171026312e-03
2.502083333333333215e+00 8.364313198253200965e-02 2.719989037284453650e-03
2.502777777777777768e+00 8.314046702982035020e-02 2.643992516310878556e-03
2.503472222222222321e+00 8.265546489510805506e-02 2.586487663679109660e-03
2.504166666666666874e+00 8.380706641956890690e-02 2.556388059560038041e-03
2.504861111111110983e+00 8.654157696298206415e-02 2.546846055107655597e-03
2.505555555555555536e+00 8.839716704197191077e-02 2.579490999759259575e-03
2.506250000000000089e+00 9.044318958374443496e-02 2.653761749429408429e-03
2.506944444444444198e+00 9.198749806454710465e-02 2.768315607469192495e-03
2.507638888888888751e+00 9.414664918449293374e-02 2.923646866410362956e-03
2.508333333333332860e+00 9.396236353536413510e-02 3.119706364730908104e-03
2.509027777777777857e+00 9.003227025272489414e-02 3.350545389362527809e-03
2.509722222222222410e+00 8.922529958187333521e-02 3.640052997470065270e-03
2.510416666666666519e+00 9.480593334439019193e-02 3.976606916389457090e-03
2.511111111111111072e+00 9.305825162358245806e-02 4.380049040904139893e-03
2.511805555555555625e+00 1.093909292702407859e-01 4.890283967320905277e-03
2.512499999999999734e+00 9.699261440409559509e-02 5.509181976876976160e-03
2.513194444444444731e+00 1.091366924659136206e-01 6.285549186122127777e-03
2.513888888888888840e+00 1.095782505186133904e-01 7.186164380812381722e-03
2.514583333333333393e+00 1.140697706426173769e-01 8.314826174743482692e-03
2.515277777777777946e+00 1.184294189527580754e-01 9.916219028956152134e-03
2.515972222222222054e+00 1.215741670170406713e-01 1.219322729859210856e-02
2.516666666666666607e+00 1.254146329394579262e-01 1.529935259770339069e-02
2.517361111111111160e+00 1.274625167089428468e-01 1.913161863627536874e-02
2.518055555555555269e+00 1.399442951513152622e-01 2.321119348349021810e-02
2.518749999999999378e+00 1.516563132143353976e-01 2.669370006001780746e-02
2.519444444444444375e+00 1.578252429644576849e-01 2.853820589667174085e-02
2.520138888888888928e+00 1.542332777272839295e-01 2.855800052803105296e-02
2.520833333333333481e+00 1.551895897163016180e-01 2.720296303229141621e-02
2.521527777777777590e+00 1.549582243881641452e-01 2.480829470226002254e-02
2.522222222222222143e+00 1.522312966800847822e-01 2.270867349666290044e-02
2.522916666666666696e+00 1.452448233177019432e-01 2.092796777201102326e-02
2.523611111111111249e+00 1.400521007583409583e-01 1.951889257376301229e-02
2.524305555555555802e+00 1.380657495212674335e-01 1.857884933581237588e-02
2.524999999999999911e+00 1.595855015323396353e-01 1.824377596034602519e-02
2.525694444444444464e+00 1.579810850328421390e-01 1.900225331117339281e-02
2.526388888888889017e+00 1.514909951321843362e-01 2.141647182836600369e-02
2.527083333333333126e+00 1.647808285524549055e-01 2.602422024598207567e-02
2.527777777777777679e+00 2.064303326727156274e-01 3.286574778196638819e-02
2.528472222222222232e+00 2.201728847332909134e-01 4.170152842690071776e-02
2.529166666666666341e+00 2.393184054113818293e-01 5.061409576585346876e-02
2.529861111111111338e+00 2.582221429685690461e-01 5.850006820579870676e-02
2.530555555555555447e+00 2.734952063380957088e-01 6.504171078155249197e-02
2.531250000000000000e+00 2.838953797475621821e-01 7.031030048261752152e-02
2.531944444444444553e+00 2.907566690533860410e-01 7.495436912983385880e-02
2.532638888888888662e+00 2.964957166544213707e-01 7.926750424179414278e-02
2.533333333333333215e+00 3.025413786105789482e-01 8.345249620840278215e-02
2.534027777777777768e+00 3.085862132005852687e-01 8.759849761781002275e-02
2.534722222222222321e+00 3.143800910978465923e-01 9.154298956424260225e-02
2.535416666666666874e+00 3.199739011905066710e-01 9.523100627654884631e-02
2.536111111111110983e+00 3.256459790155237788e-01 9.890612511384656858e-02
2.536805555555555536e+00 3.308727568406414909e-01 1.022864450947381099e-01
2.537500000000000089e+00 3.358164787729526202e-01 1.056052132758771994e-01
2.538194444444444198e+00 3.408295234075183755e-01 1.089196269453807792e-01
2.538888888888888751e+00 3.447814426230479956e-01 1.121934087186431117e-01
2.539583333333332860e+00 3.486808468814913131e-01 1.153191337181578013e-01
2.540277777777777857e+00 3.533127039441511519e-01 1.182727975062531495e-01
2.540972222222222410e+00 3.575602399471446979e-01 1.212172777975600718e-01
2.541666666666666519e+00 3.609700808226548596e-01 1.239788746214347953e-01
2.542361111111111072e+00 3.645487168684304335e-01 1.267511739958769590e-01
2.543055555555555625e+00 3.684287116942311924e-01 1.295116214141834587e-01
2.543749999999999734e+00 3.722636765898110212e-01 1.320918539347344656e-01
2.544444444444444731e+00 3.756554909598881498e-01 1.346761451758369255e-01
2.545138888888888840e+00 3.795563665186399427e-01 1.371706463079736260e-01
2.545833333333333393e+00 3.681487829908441367e-01 1.394440360522831712e-01
2.546527777777777946e+00 3.573079193210746407e-01 1.411409631719823254e-01
2.547222222222222054e+00 3.481582640553556596e-01 1.419931732455639306e-01
2.547916666666666607e+00 3.333032947426592396e-01 1.419369787894375068e-01
2.548611111111111160e+00 3.246923119149406345e-01 1.410334618743764312e-01
2.549305555555555269e+00 3.332912299606313744e-01 1.396216008877907144e-01
2.549999999999999378e+00 3.325071468684512865e-01 1.381676739456604297e-01
2.550694444444444375e+00 3.364357161102732863e-01 1.370183856197690342e-01
2.551388888888888928e+00 3.388443483936181555e-01 1.361674918382425326e-01
2.552083333333333481e+00 3.424592549783351259e-01 1.356898183007120839e-01
2.552777777777777590e+00 3.399330915273420239e-01 1.357852941743746822e-01
2.553472222222222143e+00 3.685912567693246933e-01 1.364897692709980404e-01
2.554166666666666696e+00 3.865596463956335049e-01 1.377425535083136587e-01
2.554861111111111249e+00 4.064404823515663789e-01 1.400593846944356569e-01
2.555555555555555802e+00 4.286517720224928274e-01 1.434337885754257413e-01
2.556249999999999911e+00 4.326214125839716318e-01 1.473638582862310253e-01
2.556944444444444464e+00 4.370717540770552856e-01 1.513121979072236944e-01
2.557638888888889017e+00 4.413501958834930572e-01 1.548529255451277231e-01
2.558333333333333126e+00 4.434690359026615680e-01 1.579489946904335251e-01
2.559027777777777679e+00 4.451542233011367422e-01 1.605770331807659657e-01
2.559722222222222232e+00 4.462209648592143085e-01 1.629081787480671506e-01
2.560416666666666341e+00 4.472077558043668355e-01 1.651868647142998303e-01
2.561111111111111338e+00 4.491755946961444868e-01 1.673621587985309189e-01
2.561805555555555447e+00 4.510583263482746408e-01 1.694762598439804036e-01
2.562500000000000000e+00 4.529305055952552728e-01 1.714866664305578770e-01
2.563194444444444553e+00 4.536498903821655770e-01 1.734131424679944133e-01
2.563888888888888662e+00 4.550405473247408628e-01 1.752712069124158223e-01
2.564583333333333215e+00 4.564140115686080579e-01 1.769975546812692924e-01
2.565277777777777768e+00 4.575400776289872407e-01 1.786463482442198492e-01
2.565972222222222321e+00 4.585056296473671300e-01 1.801703807553260428e-01
2.566666666666666874e+00 4.610022639263965938e-01 1.816024626960285326e-01
2.567361111111110983e+00 4.632063430240870860e-01 1.830129300948966087e-01
2.568055555555555536e+00 4.652053185844758354e-01 1.844207490557024931e-01
2.568750000000000089e+00 4.675183233817498119e-01 1.857735744804546729e-01
2.569444444444444198e+00 4.696477668394901661e-01 1.871223957378556069e-01
2.570138888888888751e+00 4.719813455287414916e-01 1.884953445287570750e-01
2.570833333333332860e+00 4.742152079510173479e-01 1.897848777951259558e-01
2.571527777777777857e+00 4.765076971796015082e-01 1.910694883939612621e-01
2.572222222222222410e+00 4.782471068254429136e-01 1.923416607891883789e-01
2.572916666666666519e+00 4.802558386268636070e-01 1.935807146151545532e-01
2.573611111111111072e+00 4.829232162755618396e-01 1.947260005885844691e-01
2.574305555555555625e+00 4.853579852312394638e-01 1.958779992521880731e-01
2.574999999999999734e+00 4.874021741010157172e-01 1.970532521132457859e-01
2.575694444444444731e+00 4.894384316862608331e-01 1.982116529783478909e-01
2.576388888888888840e+00 4.919599216217570015e-01 1.993330599310278728e-01
2.577083333333333393e+00 4.326262025247046283e-01 1.996995940848398932e-01
2.577777777777777946e+00 4.580098762234223186e-01 1.981051954181495267e-01
2.578472222222222054e+00 4.071792142087913846e-01 1.936372394344302583e-01
2.579166666666666607e+00 4.354131511390635367e-01 1.858933640759388439e-01
2.579861111111111160e+00 3.936040414207808702e-01 1.754575702493745559e-01
2.580555555555555269e+00 3.949450516331501349e-01 1.639147206997290107e-01
2.581249999999999378e+00 3.620505179156505160e-01 1.525680097681079428e-01
2.581944444444444375e+00 3.867368361716018166e-01 1.425848327436154139e-01
2.582638888888888928e+00 3.295235218268939836e-01 1.340191920190380026e-01
2.583333333333333481e+00 3.323156485868273280e-01 1.266031339177330906e-01
2.584027777777777590e+00 3.251849783130724703e-01 1.201682128612981543e-01
2.584722222222222143e+00 3.174718187239430334e-01 1.143312149815844669e-01
2.585416666666666696e+00 3.098204018087582501e-01 1.088615485088238050e-01
2.586111111111111249e+00 3.027520422066029560e-01 1.039371446888359002e-01
2.586805555555555802e+00 2.963420889510890999e-01 9.954012404508755241e-02
2.587499999999999911e+00 2.947962943552652759e-01 9.554193466197793971e-02
2.588194444444444464e+00 2.909182718861023642e-01 9.176454983954097921e-02
2.588888888888889017e+00 2.715219307234822410e-01 8.813243694019183561e-02
2.589583333333333126e+00 2.651572275372098830e-01 8.459026876748922119e-02
2.590277777777777679e+00 2.714215671024246546e-01 8.114206969511993106e-02
2.590972222222222232e+00 2.688915313494861792e-01 7.784046842412711831e-02
2.591666666666666341e+00 2.672622427815729562e-01 7.470279425423093089e-02
2.592361111111111338e+00 2.647245995732048773e-01 7.176265798858391665e-02
2.593055555555555447e+00 2.620676083136596612e-01 6.900712777390841102e-02
2.593750000000000000e+00 2.594954491909707839e-01 6.639040247547664531e-02
2.594444444444444553e+00 2.552119904517665128e-01 6.389641052961721190e-02
2.595138888888888662e+00 2.483641386560981879e-01 6.156194381220895379e-02
2.595833333333333215e+00 2.411047921143889272e-01 5.923476953755439645e-02
2.596527777777777768e+00 2.327510149514445958e-01 5.696590982259059494e-02
2.597222222222222321e+00 2.241700690274886498e-01 5.476925617385645234e-02
2.597916666666666874e+00 2.207551365170843105e-01 5.263911815364433894e-02
2.598611111111110983e+00 2.176513858037442406e-01 5.058416643105183991e-02
2.599305555555555536e+00 2.150210203712789314e-01 4.865533426334634620e-02
2.600000000000000089e+00 2.125259107258192226e-01 4.682754035809977289e-02
2.600694444444444198e+00 2.094937672803784401e-01 4.509324851764658776e-02
2.601388888888888751e+00 2.308810213319231475e-01 4.349935345561987965e-02
2.602083333333332860e+00 2.395839158910788580e-01 4.211915968739940452e-02
2.602777777777777857e+00 2.168369081721540359e-01 4.102191185528557965e-02
2.603472222222222410e+00 2.443955124940796475e-01 4.021715427145628602e-02
2.604166666666666519e+00 2.550315956946710982e-01 3.970860734426558125e-02
2.604861111111111072e+00 2.626613507968826311e-01 3.953847281615944370e-02
2.605555555555555625e+00 2.688891714896076701e-01 4.004662365376977090e-02
2.606249999999999734e+00 2.719521211834468044e-01 4.143415605082764741e-02
2.606944444444444731e+00 2.725539990461953721e-01 4.374255685159914031e-02
2.607638888888888840e+00 2.690325353109531137e-01 4.709352766590659684e-02
2.608333333333333393e+00 2.850352858017241031e-01 5.110051256644914525e-02
2.609027777777777946e+00 3.019093815968467709e-01 5.478200749209428261e-02
2.609722222222222054e+00 3.101437014462387620e-01 5.717986171284182573e-02
2.610416666666666607e+00 3.189469158084822231e-01 5.805010684764476403e-02
2.611111111111111160e+00 3.316634067454330426e-01 5.780731058240730358e-02
2.611805555555555269e+00 3.319220701307047938e-01 5.680886306017500498e-02
2.612499999999999378e+00 3.345174469107331516e-01 5.570678297652747329e-02
2.613194444444444375e+00 3.344686152412854607e-01 5.468740109622487189e-02
2.613888888888888928e+00 3.334145393106804356e-01 5.387553739173026740e-02
2.614583333333333481e+00 3.313595013406951950e-01 5.321217488521725464e-02
2.615277777777777590e+00 3.266943830439560936e-01 5.270038078745221261e-02
2.615972222222222143e+00 3.210647762772985137e-01 5.213728339053722710e-02
2.616666666666666696e+00 3.151526326273891843e-01 5.147608987171783945e-02
2.617361111111111249e+00 3.100031125709112323e-01 5.066738231113617624e-02
2.618055555555555802e+00 3.072159576647647272e-01 4.977238460318416519e-02
2.618749999999999911e+00 3.063488060671467617e-01 4.884422339005450864e-02
2.619444444444444464e+00 3.042302280344901244e-01 4.796358925775492249e-02
2.620138888888889017e+00 3.025127485421383877e-01 4.709575381749480510e-02
2.620833333333333126e+00 3.005303888600581175e-01 4.632070991663891218e-02
2.621527777777777679e+00 2.992614480995769433e-01 4.564477274021364744e-02
2.622222222222222232e+00 3.006134049964098165e-01 4.508696859512518335e-02
2.622916666666666341e+00 3.116000237118796701e-01 4.475543555918349431e-02
2.623611111111111338e+00 3.192966249994651506e-01 4.474132129719270157e-02
2.624305555555555447e+00 3.190125095897236029e-01 4.506153238056375548e-02
2.625000000000000000e+00 3.166035980377387982e-01 4.577942643289057562e-02
2.625694444444444553e+00 3.194399773885956972e-01 4.669459659918707289e-02
2.626388888888888662e+00 3.217824420737060986e-01 4.768992683212180256e-02
2.627083333333333215e+00 3.246474942440386591e-01 4.852434306746277598e-02
2.627777777777777768e+00 3.273566184053804395e-01 4.907581509887852522e-02
2.628472222222222321e+00 3.299293878250100787e-01 4.943831856344260006e-02
2.629166666666666874e+00 3.329588034168310395e-01 4.968974425528502326e-02
2.629861111111110983e+00 3.355001821391200290e-01 4.985882831391998810e-02
2.630555555555555536e+00 3.370691503328098193e-01 4.993807844823195535e-02
2.631250000000000089e+00 3.382115204222362892e-01 4.991859036004794858e-02
2.631944444444444198e+00 3.389932586795024738e-01 4.982190362210649898e-02
2.632638888888888751e+00 3.384740141370414790e-01 4.970941663555971529e-02
2.633333333333332860e+00 3.366949042978194528e-01 4.962958982844560551e-02
2.634027777777777857e+00 3.354793561483919162e-01 4.974674536057993590e-02
2.634722222222222410e+00 3.360775009912437272e-01 5.008683035006392115e-02
2.635416666666666519e+00 3.371003558263909183e-01 5.070891852898699176e-02
2.636111111111111072e+00 3.390080504896688107e-01 5.170604408544186847e-02
2.636805555555555625e+00 3.267623590174108528e-01 5.353133454322600571e-02
2.637499999999999734e+00 3.778451760278997984e-01 5.629815212305295385e-02
2.638194444444444731e+00 3.393447259148834050e-01 6.028245437407980106e-02
2.638888888888888840e+00 4.046011114453074153e-01 6.557558099407533037e-02
2.639583333333333393e+00 4.187744921445038515e-01 7.163253570885885768e-02
2.640277777777777946e+00 4.299158774671280048e-01 7.742986651556235667e-02
2.640972222222222054e+00 4.389643857062132115e-01 8.264352070615336998e-02
2.641666666666666607e+00 4.496209987772989969e-01 8.713033131543330978e-02
2.642361111111111160e+00 4.605616654592906145e-01 9.075996395682596474e-02
2.643055555555555269e+00 4.687707527548828912e-01 9.385735587825792814e-02
2.643749999999999378e+00 4.737580564265044258e-01 9.683395390761771748e-02
2.644444444444444375e+00 4.777234064069414976e-01 9.953920551722915400e-02
2.645138888888888928e+00 4.825457119561037955e-01 1.022791651328619628e-01
2.645833333333333481e+00 4.863347180807512937e-01 1.049473979889248149e-01
2.646527777777777590e+00 4.901378774006895367e-01 1.073641873320101137e-01
2.647222222222222143e+00 4.955579195727229935e-01 1.097132773597168653e-01
2.647916666666666696e+00 5.022201868838641614e-01 1.120182084755696750e-01
2.648611111111111249e+00 5.084160682593570346e-01 1.144761697953774471e-01
2.649305555555555802e+00 5.152949244840874243e-01 1.168983631454729999e-01
2.649999999999999911e+00 5.197903237754836203e-01 1.192591728660388622e-01
2.650694444444444464e+00 5.231091123884799021e-01 1.216719470949049475e-01
2.651388888888889017e+00 5.259379041822531686e-01 1.239100392160181613e-01
2.652083333333333126e+00 5.289386410789101989e-01 1.258246593104139777e-01
2.652777777777777679e+00 5.314421696454305621e-01 1.277018487787177636e-01
2.653472222222222232e+00 5.333044220360347865e-01 1.295855697855102795e-01
2.654166666666666341e+00 5.349290778885363862e-01 1.313173376804980252e-01
2.654861111111111338e+00 5.347340820065933364e-01 1.329289071383392973e-01
2.655555555555555447e+00 5.363273342388297227e-01 1.344966490010265359e-01
2.656250000000000000e+00 5.398296891250958796e-01 1.359985910800223796e-01
2.656944444444444553e+00 5.411408038972028711e-01 1.374219017352262262e-01
2.657638888888888662e+00 5.429461883318887905e-01 1.387771648225880616e-01
2.658333333333333215e+00 5.441850844429322320e-01 1.401194013997826560e-01
2.659027777777777768e+00 5.457960091110873879e-01 1.413906314734371394e-01
2.659722222222222321e+00 5.481726358717529113e-01 1.425766760302367431e-01
2.660416666666666874e+00 5.485623865251304521e-01 1.437456411371971221e-01
2.661111111111110983e+00 5.491871106491896803e-01 1.448873285791111853e-01
2.661805555555555536e+00 5.511489195153302934e-01 1.459404552781050635e-01
2.662500000000000089e+00 5.525473478061309063e-01 1.469687755290741138e-01
2.663194444444444198e+00 5.534579367883276646e-01 1.479475587504026357e-01
2.663888888888888751e+00 5.540187642624790909e-01 1.488582331705977646e-01
2.664583333333332860e+00 5.558584733101653574e-01 1.497430355301631044e-01
2.665277777777777857e+00 5.564870172606960486e-01 1.505769896781143924e-01
2.665972222222222410e+00 5.574852845356393916e-01 1.513852448935302797e-01
2.666666666666666519e+00 5.583363114730250931e-01 1.521662917947811111e-01
2.667361111111111072e+00 5.187668889888843449e-01 1.524835937636424554e-01
2.668055555555555625e+00 5.629916775365776394e-01 1.516129388240302078e-01
2.668749999999999734e+00 5.119339693845414985e-01 1.490982558740200914e-01
2.669444444444444287e+00 5.440095979020584949e-01 1.444423712641687840e-01
2.670138888888888840e+00 5.245731701068293562e-01 1.381243945440409904e-01
2.670833333333332948e+00 4.989442850707702659e-01 1.305225509877008805e-01
2.671527777777777501e+00 4.827447218837159215e-01 1.233454761008039025e-01
2.672222222222222054e+00 4.677399803016068502e-01 1.167558228451163471e-01
2.672916666666667052e+00 4.702922855216427611e-01 1.109099770488657932e-01
2.673611111111111160e+00 4.552951290645466109e-01 1.057134232209911845e-01
2.674305555555555713e+00 4.486070284701493827e-01 1.011151677412890637e-01
2.675000000000000266e+00 4.315287884199462964e-01 9.697936258498694728e-02
2.675694444444444375e+00 4.285529107138779659e-01 9.358984783995787093e-02
2.676388888888888928e+00 4.359196249475795204e-01 9.099210162837220728e-02
2.677083333333333481e+00 4.424740508580385923e-01 8.907444961570933073e-02
2.677777777777777590e+00 4.330516380599989112e-01 8.790542479385682340e-02
2.678472222222222143e+00 4.275605203418447742e-01 8.770781319869153103e-02
2.679166666666666696e+00 4.146765788371254979e-01 8.875957139173329402e-02
2.679861111111110805e+00 4.590866808061173643e-01 9.100230174690238094e-02
2.680555555555555358e+00 4.378276248642659074e-01 9.449323890172710294e-02
2.681249999999999911e+00 4.632877711068688065e-01 9.922951443160385465e-02
2.681944444444444020e+00 4.759215376342497694e-01 1.040365107154213181e-01
2.682638888888888573e+00 4.895104087831079753e-01 1.080268914234426419e-01
2.683333333333333570e+00 4.993466805861149771e-01 1.112277214763455341e-01
2.684027777777778123e+00 5.096120264055337135e-01 1.136713706729061413e-01
2.684722222222222232e+00 5.175037759645488844e-01 1.155403806460489347e-01
2.685416666666666785e+00 5.240833440847093572e-01 1.172468981321412862e-01
2.686111111111111338e+00 5.303001535248991205e-01 1.188672814123055005e-01
2.686805555555555447e+00 5.344373416217236272e-01 1.203203222962067054e-01
2.687500000000000000e+00 5.378651238482426988e-01 1.215968811916067899e-01
2.688194444444444553e+00 5.376994164947450638e-01 1.227604187270447400e-01
2.688888888888888662e+00 5.391300345616067968e-01 1.239077739546494972e-01
2.689583333333333215e+00 5.400903312699973924e-01 1.251152386020167318e-01
2.690277777777777768e+00 5.427671547385530815e-01 1.263738924958698051e-01
2.690972222222221877e+00 5.475441416628853419e-01 1.276956628532410765e-01
2.691666666666666430e+00 5.517629716342088431e-01 1.289785206971260090e-01
2.692361111111110983e+00 5.559657157625396140e-01 1.301767583553837815e-01
2.693055555555555092e+00 5.588361375861350400e-01 1.313118637128532218e-01
2.693750000000000089e+00 5.626023840566435341e-01 1.322865782431038861e-01
2.694444444444444642e+00 5.660091261085733461e-01 1.331101652845320948e-01
2.695138888888889195e+00 5.692459033933453538e-01 1.338455581407713701e-01
2.695833333333333304e+00 5.732826135681378110e-01 1.345017660812758697e-01
2.696527777777777857e+00 5.764646806391915401e-01 1.350718130636891223e-01
2.697222222222222410e+00 5.790847317462718413e-01 1.355713772141630691e-01
2.697916666666666519e+00 5.828425262577633381e-01 1.360299236123574396e-01
2.698611111111111072e+00 5.856518959209685571e-01 1.364418104406454335e-01
2.699305555555555625e+00 5.879610136091736328e-01 1.367876498035189015e-01
2.699999999999999734e+00 5.900813584983973792e-01 1.370792128627871531e-01
2.700694444444444287e+00 5.916332849635859148e-01 1.373303614456747590e-01
2.701388888888888840e+00 5.939179019608626930e-01 1.375498462502917074e-01
2.702083333333332948e+00 5.963691726632165402e-01 1.377439961668733559e-01
2.702777777777777501e+00 5.984764510111659774e-01 1.378722906244460866e-01
2.703472222222222054e+00 6.004365679089082031e-01 1.379523810270110451e-01
2.704166666666667052e+00 6.028219633674999356e-01 1.379888399314460889e-01
2.704861111111111160e+00 6.049301704786885781e-01 1.379952182153405815e-01
2.705555555555555713e+00 6.056364610089814970e-01 1.379535668807835291e-01
2.706250000000000266e+00 6.051089175267012621e-01 1.378538923430793484e-01
2.706944444444444375e+00 6.060558008795391416e-01 1.377266858893320123e-01
2.707638888888888928e+00 6.075107385770168733e-01 1.375692840274793105e-01
2.708333333333333481e+00 6.060584987480253094e-01 1.373941443013742547e-01
2.709027777777777590e+00 6.039933052138514169e-01 1.371902906002172018e-01
2.709722222222222143e+00 6.028983385972966902e-01 1.369517301889067729e-01
2.710416666666666696e+00 6.012338792219185102e-01 1.366766590868060405e-01
2.711111111111110805e+00 5.966309201230547421e-01 1.363690931403679363e-01
2.711805555555555358e+00 5.913313216645265102e-01 1.360266296924237395e-01
2.712499999999999911e+00 5.878098839461474157e-01 1.356506266662403648e-01
2.713194444444444020e+00 5.858260502242718104e-01 1.352523052348033328e-01
2.713888888888888573e+00 5.832682924521563894e-01 1.348268570799361354e-01
2.714583333333333570e+00 5.810393318843853905e-01 1.343751496005688717e-01
2.715277777777778123e+00 5.799358272286750937e-01 1.339030132993858646e-01
2.715972222222222232e+00 5.777808094239590408e-01 1.334107603702970046e-01
2.716666666666666785e+00 5.759535060464942013e-01 1.328897746825877801e-01
2.717361111111111338e+00 5.722727978316409780e-01 1.323469409620526560e-01
2.718055555555555447e+00 5.684688151378125553e-01 1.317712611772337838e-01
2.718750000000000000e+00 5.674311129838102152e-01 1.311945093914591021e-01
2.719444444444444553e+00 5.654240893072253193e-01 1.305836810687538430e-01
2.720138888888888662e+00 5.644184154748057569e-01 1.299459314690485645e-01
2.720833333333333215e+00 5.635349742428865660e-01 1.292879460436636707e-01
2.721527777777777768e+00 5.623098467798524069e-01 1.286213101701893791e-01
2.722222222222221877e+00 5.624960724275372970e-01 1.279283310221504266e-01
2.722916666666666430e+00 5.620455157378898559e-01 1.272093172115401072e-01
2.723611111111110983e+00 5.619554371273998150e-01 1.264710723683229732e-01
2.724305555555555092e+00 5.625723400344152525e-01 1.257168401934148361e-01
2.725000000000000089e+00 5.631241575129760646e-01 1.249504214449090045e-01
2.725694444444444642e+00 5.631373603649442172e-01 1.241600592691302213e-01
2.726388888888889195e+00 5.635507385853587570e-01 1.233457939664394654e-01
2.727083333333333304e+00 5.633672218290157740e-01 1.225129271825704524e-01
2.727777777777777857e+00 5.648166270196016692e-01 1.216607967921910644e-01
2.728472222222222410e+00 5.658793146206787528e-01 1.207918544226253138e-01
2.729166666666666519e+00 5.663201822567154320e-01 1.199029768688052028e-01
2.729861111111111072e+00 5.656505138075261785e-01 1.189988762553772506e-01
2.730555555555555625e+00 5.662753506259083913e-01 1.180786270871285876e-01
2.731249999999999734e+00 5.677527166797896596e-01 1.171443278247198544e-01
2.731944444444444287e+00 5.674789549156394886e-01 1.161992873493640638e-01
2.732638888888888840e+00 5.664733930412120255e-01 1.152383104625586269e-01
2.733333333333332948e+00 5.667635550075439399e-01 1.142663964992852582e-01
2.734027777777777501e+00 5.664199761452759496e-01 1.132776825223468231e-01
2.734722222222222054e+00 5.623657721375698859e-01 1.122713601272731926e-01
2.735416666666667052e+00 5.591886609808960351e-01 1.112448313717534637e-01
2.736111111111111160e+00 5.571582377807954289e-01 1.101991607792870281e-01
2.736805555555555713e+00 5.549598608400994060e-01 1.091382827588450039e-01
2.737500000000000266e+00 5.543084161462660253e-01 1.080666793223051259e-01
2.738194444444444375e+00 5.533386242661388899e-01 1.069898342826035298e-01
2.738888888888888928e+00 5.525461610873375617e-01 1.059058691774946298e-01
2.739583333333333481e+00 5.532011337511860694e-01 1.048160366324117354e-01
2.740277777777777590e+00 5.521999169695049892e-01 1.037197644624948123e-01
2.740972222222222143e+00 5.495994078083162870e-01 1.026119946661702975e-01
2.741666666666666696e+00 5.456426617218786967e-01 1.014911335766562339e-01
2.742361111111110805e+00 5.418308052633079575e-01 1.003562916733360399e-01
2.743055555555555358e+00 5.393416363438312544e-01 9.920909533387499424e-02
2.743749999999999911e+00 5.374971123684745278e-01 9.805092776747731387e-02
2.744444444444444020e+00 5.370808608114525651e-01 9.688639623550591995e-02
2.745138888888888573e+00 5.352415975187749808e-01 9.571859203787741466e-02
2.745833333333333570e+00 5.342416618951059126e-01 9.454180887672869460e-02
2.746527777777778123e+00 5.312405678662006636e-01 9.335350279188908695e-02
2.747222222222222232e+00 5.272921309167237780e-01 9.217329475502136771e-02
2.747916666666666785e+00 5.242992443542031644e-01 9.103101868308081934e-02
2.748611111111111338e+00 5.222297480549330517e-01 8.995129116346672893e-02
2.749305555555555447e+00 5.203249953181067200e-01 8.894526723425949521e-02
2.750000000000000000e+00 5.189538869708324453e-01 8.801013329913380534e-02
2.750694444444444553e+00 5.192810972108902190e-01 8.711854533307034076e-02
2.751388888888888662e+00 5.170943798580480699e-01 8.622249947598199793e-02
2.752083333333333215e+00 5.151959223199188420e-01 8.527861717110470086e-02
2.752777777777777768e+00 5.147165971014907582e-01 8.427502920652386875e-02
2.753472222222221877e+00 5.140350560993095508e-01 8.322141816509605328e-02
2.754166666666666430e+00 5.120884219495195344e-01 8.213201997304367397e-02
2.754861111111110983e+00 5.107834540960609626e-01 8.101968252187320696e-02
2.755555555555555092e+00 5.091040137999669479e-01 7.989003899133001463e-02
2.756250000000000089e+00 5.066673820014658824e-01 7.874341157754083387e-02
2.756944444444444642e+00 5.042132076411334207e-01 7.757940399207974291e-02
2.757638888888889195e+00 5.007952813520523128e-01 7.640082340807918815e-02
2.758333333333333304e+00 4.974603410765714440e-01 7.520527839539291326e-02
2.759027777777777857e+00 4.925278753195014292e-01 7.399828192427712614e-02
2.759722222222222410e+00 4.875774083463015884e-01 7.279059537687938841e-02
2.760416666666666519e+00 4.819420555537975992e-01 7.157493085140979872e-02
2.761111111111111072e+00 4.745612503467983023e-01 7.034754144302479695e-02
2.761805555555555625e+00 4.670024291230774338e-01 6.911170043217627901e-02
2.762499999999999734e+00 4.599397142064578503e-01 6.786690526646894928e-02
2.763194444444444287e+00 4.538306923551854166e-01 6.661254376045067094e-02
2.763888888888888840e+00 4.472175218974844824e-01 6.535184544973868248e-02
2.764583333333332948e+00 4.419585219428050493e-01 6.408532510524798942e-02
2.765277777777777501e+00 4.364959147430876318e-01 6.281313571341171076e-02
2.765972222222222054e+00 4.319935624812302755e-01 6.153891226170127987e-02
2.766666666666667052e+00 4.282674037208168416e-01 6.025879259447341346e-02
2.767361111111111160e+00 4.260374596902078981e-01 5.897816482088714951e-02
2.768055555555555713e+00 4.243359953524344363e-01 5.769837829631336429e-02
2.768750000000000266e+00 4.228335201798809617e-01 5.641649085519867546e-02
2.769444444444444375e+00 4.197029866533176223e-01 5.513143420962001579e-02
2.770138888888888928e+00 4.167579751146092693e-01 5.384504030772717387e-02
2.770833333333333481e+00 4.121021157759053311e-01 5.257020180294703221e-02
2.771527777777777590e+00 4.068827199170788611e-01 5.131604860843620025e-02
2.772222222222222143e+00 4.014449002225686236e-01 5.008417444399891616e-02
2.772916666666666696e+00 3.945993777611820352e-01 4.887957381005424151e-02
2.773611111111110805e+00 3.860123430494221686e-01 4.770367989979660411e-02
2.774305555555555358e+00 3.763742919214306260e-01 4.655554880457645622e-02
2.774999999999999911e+00 3.738070725644618841e-01 4.537156585120914742e-02
2.775694444444444020e+00 3.287157555040103318e-01 4.402959590251605965e-02
2.776388888888888573e+00 3.274670015501424114e-01 4.245646223216834741e-02
2.777083333333333570e+00 3.215795213423375265e-01 4.055390522203614762e-02
2.777777777777778123e+00 2.638167367101886818e-01 3.862724135481997861e-02
2.778472222222222232e+00 2.860504878160603504e-01 3.652742407883827203e-02
2.779166666666666785e+00 2.923342572877836720e-01 3.466644048261800781e-02
2.779861111111111338e+00 3.097292520439957619e-01 3.316107177510398130e-02
2.780555555555555447e+00 3.076657939872657344e-01 3.197411558364987583e-02
2.781250000000000000e+00 2.984512738705454860e-01 3.114533195771043705e-02
2.781944444444444553e+00 2.902744961614911468e-01 3.049923353063038398e-02
2.782638888888888662e+00 3.022518703850111677e-01 2.980932627216877420e-02
2.783333333333333215e+00 2.693075511344247275e-01 2.898902798327919472e-02
2.784027777777777768e+00 2.507743945945929975e-01 2.795406345156057487e-02
2.784722222222221877e+00 2.453814759157702807e-01 2.675339353914028134e-02
2.785416666666666430e+00 2.436428140723229385e-01 2.549061203106223195e-02
2.786111111111110983e+00 2.401136488946108705e-01 2.427469083765894375e-02
2.786805555555555092e+00 2.372720480574423141e-01 2.316133802020468868e-02
2.787500000000000089e+00 2.342440048071563197e-01 2.218180759474159755e-02
2.788194444444444642e+00 2.311877049700997167e-01 2.129635607556734644e-02
2.788888888888889195e+00 2.283079496516375873e-01 2.047983042825124098e-02
2.789583333333333304e+00 2.252757616879425828e-01 1.971101865521012950e-02
2.790277777777777857e+00 2.225411429023560206e-01 1.897618293237631273e-02
2.790972222222222410e+00 2.197363585535973551e-01 1.827035465151498339e-02
2.791666666666666519e+00 2.171870100551731297e-01 1.760123728867307724e-02
2.792361111111111072e+00 2.144904927169690168e-01 1.696114366930043249e-02
2.793055555555555625e+00 2.120771491081716031e-01 1.635675602071762214e-02
2.793749999999999734e+00 2.095914918895405710e-01 1.577020815248400196e-02
2.794444444444444287e+00 2.073423823159488699e-01 1.521557382500289025e-02
2.795138888888888840e+00 2.049813454316438410e-01 1.468019750116141345e-02
2.795833333333332948e+00 2.028242322084487514e-01 1.416774947250633646e-02
2.796527777777777501e+00 2.003801014877215902e-01 1.367448352028973954e-02
2.797222222222222054e+00 1.980449577434249264e-01 1.320408426786751424e-02
2.797916666666667052e+00 1.955948556829028850e-01 1.274842295057905875e-02
2.798611111111111160e+00 1.928713669331362790e-01 1.231004709942318080e-02
2.799305555555555713e+00 1.902854149870952249e-01 1.188789995930823219e-02
2.800000000000000266e+00 1.880657957172047201e-01 1.148204098364748529e-02
2.800694444444444375e+00 1.860063912816297405e-01 1.109053150090027334e-02
2.801388888888888928e+00 1.840524683785532134e-01 1.071124596920456501e-02
2.802083333333333481e+00 1.822891528351729129e-01 1.034713080258292846e-02
2.802777777777777590e+00 1.805735641144954884e-01 9.994704136053297189e-03
2.803472222222222143e+00 1.786722545596662326e-01 9.656188591440292152e-03
2.804166666666666696e+00 1.766324819542848257e-01 9.325912218680202856e-03
2.804861111111110805e+00 1.746381198631417331e-01 9.009527081841745000e-03
2.805555555555555358e+00 1.726591987648321835e-01 8.701845880587101220e-03
2.806249999999999911e+00 1.707551906112079187e-01 8.407070191160413014e-03
2.806944444444444020e+00 1.688819107693989297e-01 8.120003020217448145e-03
2.807638888888888573e+00 1.669775976209856572e-01 7.841673440432439177e-03
2.808333333333333570e+00 1.652744941246758748e-01 7.573099191023876207e-03
2.809027777777778123e+00 1.633239643987861867e-01 7.313579211646520362e-03
2.809722222222222232e+00 1.612547901345777746e-01 7.062753338877507392e-03
2.810416666666666785e+00 1.592711983543488308e-01 6.818356338939140018e-03
2.811111111111111338e+00 1.573029894511165372e-01 6.582950863626090519e-03
2.811805555555555447e+00 1.553479648381463074e-01 6.353649008192424445e-03
2.812500000000000000e+00 1.534173972409388631e-01 6.132565649434098924e-03
2.813194444444444553e+00 1.514572828413892902e-01 5.915870995190542977e-03
2.813888888888888662e+00 1.495783569972691518e-01 5.708637801879268628e-03
2.814583333333333215e+00 1.476887982641547636e-01 5.507194505326854991e-03
2.815277777777777768e+00 1.457234119425895591e-01 5.312087091819160840e-03
2.815972222222221877e+00 1.437672748005290879e-01 5.121710128091941372e-03
2.816666666666666430e+00 1.419271934190013407e-01 4.937462365938259830e-03
2.817361111111110983e+00 1.401355075688937302e-01 4.758284382400461768e-03
2.818055555555555092e+00 1.382534662779056067e-01 4.583052167700565026e-03
2.818750000000000089e+00 1.362563094481090975e-01 4.415062333852100458e-03
2.819444444444444642e+00 1.343521439512685989e-01 4.252037042032350868e-03
2.820138888888889195e+00 1.325575869276997831e-01 4.093472888626514296e-03
2.820833333333333304e+00 1.308678034550479485e-01 3.938295748035968748e-03
2.821527777777777857e+00 1.291657969210622259e-01 3.789086835275564096e-03
2.822222222222222410e+00 1.274598462273701660e-01 3.643090078287627553e-03
2.822916666666666519e+00 1.257740944487480417e-01 3.501896850305313141e-03
2.823611111111111072e+00 1.240793340646894477e-01 3.362890839528966200e-03
2.824305555555555625e+00 1.223723690868295522e-01 3.227949434940284665e-03
2.824999999999999734e+00 1.206804478449570589e-01 3.097385909914600940e-03
2.825694444444444287e+00 1.190356084193935349e-01 2.971503403687665665e-03
2.826388888888888840e+00 1.174268284601282797e-01 2.848507066186949706e-03
2.827083333333332948e+00 1.158252295500242640e-01 2.728646657228955223e-03
2.827777777777777501e+00 1.142663025920297032e-01 2.612610343826851124e-03
2.828472222222222054e+00 1.127066074836360482e-01 2.499639838190654152e-03
2.829166666666667052e+00 1.111555398325104194e-01 2.390425169889930958e-03
2.829861111111111160e+00 1.096561428272791044e-01 2.282575283752514769e-03
2.830555555555555713e+00 1.082298584359424887e-01 2.177563662667985570e-03
2.831250000000000266e+00 1.067805835223019223e-01 2.075501192087439266e-03
2.831944444444444375e+00 1.053640080211153129e-01 1.977573383912064730e-03
2.832638888888888928e+00 1.039813684725791748e-01 1.880850055332349696e-03
2.833333333333333481e+00 1.026504204133980025e-01 1.786351592598402899e-03
2.834027777777777590e+00 1.013238123494143300e-01 1.694468303302902948e-03
2.834722222222222143e+00 1.000532879899826144e-01 1.605406835084207274e-03
2.835416666666666696e+00 9.878650270438470160e-02 1.518799502554888043e-03
2.836111111111110805e+00 9.758319712598655105e-02 1.434499528300916139e-03
2.836805555555555358e+00 9.636831284354262228e-02 1.352779040277208352e-03
2.837499999999999911e+00 9.520752161338322250e-02 1.272709166461560154e-03
2.838194444444444020e+00 9.404819404286035578e-02 1.197813286182782379e-03
2.838888888888888573e+00 9.293555949272046257e-02 1.125412191050206368e-03
2.839583333333333570e+00 9.188218818774107621e-02 1.051450033548517260e-03
2.840277777777778123e+00 9.083791354287730491e-02 9.769100892774340746e-04
2.840972222222222232e+00 8.984186822076611900e-02 9.043045686882642117e-04
2.841666666666666785e+00 8.885030389567719067e-02 8.331758863234328509e-04
2.842361111111111338e+00 8.792127152449065453e-02 7.659359330907267865e-04
2.843055555555555447e+00 8.697395331034347976e-02 7.010563526930323631e-04
2.843750000000000000e+00 8.603746508804270554e-02 6.357010812997859316e-04
2.844444444444444553e+00 8.528724770694079416e-02 5.720563116230994354e-04
2.845138888888888662e+00 8.438349804702854895e-02 5.106765362117010728e-04
2.845833333333333215e+00 8.349164534167510809e-02 4.520682672485731206e-04
2.846527777777777768e+00 8.270876186073534975e-02 3.944863973859844605e-04
2.847222222222221877e+00 8.200510357121447436e-02 3.387173162835758707e-04
2.847916666666666430e+00 8.121993755413002558e-02 2.835951587369648003e-04
2.848611111111110983e+00 8.048442623618283498e-02 2.301350043611046490e-04
2.849305555555555092e+00 7.979283011883568644e-02 1.779560509208002116e-04
2.850000000000000089e+00 7.912331615393143613e-02 1.271484171113844907e-04
2.850694444444444642e+00 7.848218889085724348e-02 7.722814682042892912e-05
2.851388888888889195e+00 7.786287196011766609e-02 2.838410451065446542e-05
2.852083333333333304e+00 7.724392306813981923e-02 -1.882436644205042446e-05
2.852777777777777857e+00 7.666198524646697376e-02 -6.513764549345919027e-05
2.853472222222222410e+00 7.607806397127164777e-02 -1.103135767459724448e-04
2.854166666666666519e+00 7.553898459394899068e-02 -1.547107705668992843e-04
2.854861111111111072e+00 7.498388600522050418e-02 -1.974469059418581726e-04
2.855555555555555625e+00 7.448955129345215254e-02 -2.394180734888766632e-04
2.856249999999999734e+00 7.396237459763124744e-02 -2.800581600665007112e-04
2.856944444444444287e+00 7.347091429283572617e-02 -3.200568789023129483e-04
2.857638888888888840e+00 7.294983981679523111e-02 -3.588218890199181194e-04
2.858333333333332948e+00 7.245605018731302027e-02 -3.969447273465463678e-04
2.859027777777777501e+00 7.204850847861687946e-02 -4.341859463230278242e-04
2.859722222222222054e+00 7.159161117008984443e-02 -4.704796920653320637e-04
2.860416666666667052e+00 7.113942994957607457e-02 -5.058752622677349046e-04
2.861111111111111160e+00 7.075894457751558120e-02 -5.403618688228444510e-04
2.861805555555555713e+00 7.040282256702862229e-02 -5.741826139754435242e-04
2.862500000000000266e+00 6.999951968782804068e-02 -6.071070793242748639e-04
2.863194444444444375e+00 6.962971963950599641e-02 -6.393016925683213739e-04
2.863888888888888928e+00 6.930478691001516756e-02 -6.704441439633767761e-04
2.864583333333333481e+00 6.892848976432380814e-02 -7.012864185800237989e-04
2.865277777777777590e+00 6.857227083782187205e-02 -7.313030783215497543e-04
2.865972222222222143e+00 6.827615319405179461e-02 -7.607158355941566084e-04
2.866666666666666696e+00 6.788502696586275198e-02 -7.892463446062649227e-04
2.867361111111110805e+00 6.765272894730899045e-02 -8.173178627662960362e-04
2.868055555555555358e+00 6.735095704844694386e-02 -8.447107540867068503e-04
2.868749999999999911e+00 6.704400941957155968e-02 -8.714322919502147640e-04
2.869444444444444020e+00 6.685189239244374027e-02 -8.982147773693127365e-04
2.870138888888888573e+00 6.645187216758284554e-02 -9.244284237508870608e-04
2.870833333333333570e+00 6.617754054069373282e-02 -9.497387977665406461e-04
2.871527777777778123e+00 6.594105691377277756e-02 -9.741101072018967019e-04
2.872222222222222232e+00 6.563991155686715873e-02 -9.982683413074146944e-04
2.872916666666666785e+00 6.541484791918274200e-02 -1.021684699395278371e-03
2.873611111111111338e+00 6.520039270842908907e-02 -1.044759035208984955e-03
2.874305555555555447e+00 6.494643851368993304e-02 -1.067014473495188614e-03
2.875000000000000000e+00 6.471599267071573292e-02 -1.089024768322042992e-03
2.875694444444444553e+00 6.451128856608590034e-02 -1.110463233917829235e-03
2.876388888888888662e+00 6.431385053559757203e-02 -1.131491812783780044e-03
2.877083333333333215e+00 6.414514705370842618e-02 -1.151984289358186061e-03
2.877777777777777768e+00 6.392815207715096815e-02 -1.171935201689449030e-03
2.878472222222221877e+00 6.372409614365570629e-02 -1.191558012622895464e-03
2.879166666666666430e+00 6.351062189531453406e-02 -1.210672953210707508e-03
2.879861111111110983e+00 6.332788932084532085e-02 -1.229430568036084422e-03
2.880555555555555092e+00 6.310286796795930297e-02 -1.247703236536413900e-03
2.881250000000000089e+00 6.293557667380617060e-02 -1.265713927699286005e-03
2.881944444444444642e+00 6.280612027203046066e-02 -1.283099598521491918e-03
2.882638888888889195e+00 6.262762710312697045e-02 -1.300302644885428837e-03
2.883333333333333304e+00 6.246205775603912852e-02 -1.317060763440097487e-03
2.884027777777777857e+00 6.229845800068852663e-02 -1.333551935613076691e-03
2.884722222222222410e+00 6.208307269605600059e-02 -1.349524966555714972e-03
2.885416666666666519e+00 6.189247631720937171e-02 -1.365266254233081164e-03
2.886111111111111072e+00 6.170245959958613885e-02 -1.380661532319120898e-03
2.886805555555555625e+00 6.155270783898895287e-02 -1.395681042641561034e-03
2.887499999999999734e+00 6.141329249198200502e-02 -1.410415287145146569e-03
2.888194444444444287e+00 6.125092256207451819e-02 -1.424772890834845058e-03
2.888888888888888840e+00 6.106933784017967021e-02 -1.438928848351042318e-03
2.889583333333332948e+00 6.088465031212970252e-02 -1.452656535827323570e-03
2.890277777777777501e+00 6.075190139517002569e-02 -1.466196823580858798e-03
2.890972222222222054e+00 6.057153427387908240e-02 -1.479284717220829366e-03
2.891666666666667052e+00 6.043917740739992300e-02 -1.492266895216508250e-03
2.892361111111111160e+00 6.033198649209549347e-02 -1.504829104141353589e-03
2.893055555555555713e+00 6.018272591098931118e-02 -1.517236265993199837e-03
2.893750000000000266e+00 6.003934944493164588e-02 -1.529286549029009465e-03
2.894444444444444375e+00 5.991758162038265945e-02 -1.541121236150057739e-03
2.895138888888888928e+00 5.985512843411092826e-02 -1.552710057060455433e-03
2.895833333333333481e+00 5.958495556171656410e-02 -1.564027031524352308e-03
2.896527777777777590e+00 5.956620080865891731e-02 -1.575115206660937907e-03
2.897222222222222143e+00 5.957287333561699094e-02 -1.585897573361843855e-03
2.897916666666666696e+00 5.928317377779330349e-02 -1.596554233711432831e-03
2.898611111111110805e+00 5.910088769283617510e-02 -1.606909602865552516e-03
2.899305555555555358e+00 5.901866541719952980e-02 -1.617121217067663550e-03
2.899999999999999911e+00 5.889809045947473620e-02 -1.627027758556670676e-03
2.900694444444444020e+00 5.871314562604687537e-02 -1.636836265431102031e-03
2.901388888888888573e+00 5.864362767389628972e-02 -1.646349585351946677e-03
2.902083333333333570e+00 5.850047138318911766e-02 -1.655739150042485203e-03
2.902777777777778123e+00 5.840159943243462826e-02 -1.664891266808041313e-03
2.903472222222222232e+00 5.829400938919764713e-02 -1.673871586573021661e-03
2.904166666666666785e+00 5.816092914627084970e-02 -1.682694688295780167e-03
2.904861111111111338e+00 5.803435078104858535e-02 -1.691296265549111031e-03
2.905555555555555447e+00 5.793096065313795007e-02 -1.699746631657516466e-03
2.906250000000000000e+00 5.782748661224470371e-02 -1.708013453333031683e-03
2.906944444444444553e+00 5.771512321729613954e-02 -1.716129256744637534e-03
2.907638888888888662e+00 5.759598796734322762e-02 -1.724003505667170240e-03
2.908333333333333215e+00 5.743115241856236453e-02 -1.731823740085897253e-03
2.909027777777777768e+00 5.735226618196097303e-02 -1.739392772816702321e-03
2.909722222222221877e+00 5.724143435916131950e-02 -1.746893045783367562e-03
2.910416666666666430e+00 5.713926132193525992e-02 -1.754160490569968379e-03
2.911111111111110983e+00 5.709756926846663860e-02 -1.761324434558414085e-03
2.911805555555555092e+00 5.689719707680153393e-02 -1.768324415009479194e-03
2.912500000000000089e+00 5.683517913698288987e-02 -1.775200544478540378e-03
2.913194444444444642e+00 5.676081239765908004e-02 -1.781924433332383265e-03
2.913888888888889195e+00 5.655007025387278480e-02 -1.788491398130811214e-03
2.914583333333333304e+00 5.647862571468148518e-02 -1.794968139100389494e-03
2.915277777777777857e+00 5.651097480365017273e-02 -1.801267612925445049e-03
2.915972222222222410e+00 5.652719008331751060e-02 -1.807492171752184042e-03
2.916666666666666519e+00 5.640587648396114956e-02 -1.813535692479804852e-03
2.917361111111111072e+00 5.591818948779112702e-02 -1.819510633950857182e-03
2.918055555555555625e+00 5.586671321246110267e-02 -1.825296322440607324e-03
2.918749999999999734e+00 5.573911054386197772e-02 -1.831024193068339851e-03
2.919444444444444287e+00 5.569046932874414935e-02 -1.836588736076863199e-03
2.920138888888888840e+00 5.560259336428160365e-02 -1.841530932395966502e-03
2.920833333333332948e+00 5.553531854014918251e-02 -1.846325459962344260e-03
2.921527777777777501e+00 5.546042578443355353e-02 -1.851001229938478970e-03
2.922222222222222054e+00 5.536191807953718541e-02 -1.855588965138854282e-03
2.922916666666667052e+00 5.524457735578754136e-02 -1.860151922481767615e-03
2.923611111111111160e+00 5.517136567928312280e-02 -1.864581335912568949e-03
2.924305555555555713e+00 5.506003833602966802e-02 -1.868909783119974662e-03
2.925000000000000266e+00 5.497845100336003904e-02 -1.873214201127862411e-03
2.925694444444444375e+00 5.495083938786137628e-02 -1.877451137292760744e-03
2.926388888888888928e+00 5.496706187822835571e-02 -1.881583493600299563e-03
2.927083333333333481e+00 5.495088622677664347e-02 -1.885659546936698005e-03
2.927777777777777590e+00 5.488463378364621947e-02 -1.889666267450726194e-03
2.928472222222222143e+00 5.482143199812218592e-02 -1.893584777621994163e-03
2.929166666666666696e+00 5.473423569592494875e-02 -1.897427576951786401e-03
2.929861111111110805e+00 5.465163317281020172e-02 -1.901211176794182682e-03
2.930555555555555358e+00 5.456515356021788415e-02 -1.904926812257049309e-03
2.931249999999999911e+00 5.449083419109792409e-02 -1.908589571740821169e-03
2.931944444444444020e+00 5.440448667000784971e-02 -1.912149337333528655e-03
2.932638888888888573e+00 5.431232170132940795e-02 -1.915657524992720384e-03
2.933333333333333570e+00 5.420984125967143880e-02 -1.919128321198671373e-03
2.934027777777778123e+00 5.410552827432350137e-02 -1.922558289004454041e-03
2.934722222222222232e+00 5.399984452073167823e-02 -1.925887065402583564e-03
2.935416666666666785e+00 5.388552193037937643e-02 -1.929170679769866932e-03
2.936111111111111338e+00 5.378449770707354610e-02 -1.932405043915366239e-03
2.936805555555555447e+00 5.367562011496983948e-02 -1.935567020757652341e-03
2.937500000000000000e+00 5.355013069587109126e-02 -1.938663623904546491e-03
2.938194444444444553e+00 5.343650101498405303e-02 -1.941729116087993930e-03
2.938888888888888662e+00 5.331887332513165351e-02 -1.944733422073783831e-03
2.939583333333333215e+00 5.324102570144606528e-02 -1.947676425419842114e-03
2.940277777777777768e+00 5.317668155881510178e-02 -1.950557690786211117e-03
2.940972222222221877e+00 5.311882078874486518e-02 -1.953416423086170185e-03
2.941666666666666430e+00 5.305796642529111290e-02 -1.956238193315442981e-03
2.942361111111110983e+00 5.296905953289385294e-02 -1.959256351054380375e-03
2.943055555555555092e+00 5.286123137996875249e-02 -1.962024094929249070e-03
2.943750000000000089e+00 5.275322880178708040e-02 -1.964669732984904594e-03
2.944444444444444642e+00 5.260250633652862468e-02 -1.967263944836076476e-03
2.945138888888889195e+00 5.250221198515817728e-02 -1.969820137666136468e-03
2.945833333333333304e+00 5.241330193237342394e-02 -1.972345965777369883e-03
2.946527777777777857e+00 5.230970985993615985e-02 -1.974821968678541328e-03
2.947222222222222410e+00 5.220145610537669373e-02 -1.977250271469876801e-03
2.947916666666666519e+00 5.209148831537724345e-02 -1.979661665359047119e-03
2.948611111111111072e+00 5.200103308878190056e-02 -1.982001386157721413e-03
2.949305555555555625e+00 5.189440413934962720e-02 -1.984535672695902399e-03
2.949999999999999734e+00 5.178049998478893162e-02 -1.986883676012377205e-03
2.950694444444444287e+00 5.169679737384894058e-02 -1.989085306739770548e-03
2.951388888888888840e+00 5.160640627356056359e-02 -1.991247037620505044e-03
2.952083333333332948e+00 5.150008067677281504e-02 -1.993390918429399205e-03
2.952777777777777501e+00 5.137946219029179001e-02 -1.995489862640514173e-03
2.953472222222222054e+00 5.128358853254762900e-02 -1.997570363330217636e-03
2.954166666666667052e+00 5.118338366036083442e-02 -1.999637952326792367e-03
2.954861111111111160e+00 5.108241171457579555e-02 -2.001652719680777244e-03
2.955555555555555713e+00 5.097079025084395171e-02 -2.003592217709638731e-03
2.956250000000000266e+00 5.087768557409241138e-02 -2.005502651011711705e-03
2.956944444444444375e+00 5.077434759152143345e-02 -2.007598574009863707e-03
2.957638888888888928e+00 5.067562379973362952e-02 -2.009520491478027429e-03
2.958333333333333481e+00 5.056313218635601764e-02 -2.011343144095635235e-03
2.959027777777777590e+00 5.047744174955835078e-02 -2.013161043948774164e-03
2.959722222222222143e+00 5.039216938125207906e-02 -2.014926527154257963e-03
2.960416666666666696e+00 5.029045582199863362e-02 -2.016667520234603425e-03
2.961111111111110805e+00 5.018759956139816347e-02 -2.018383792246866530e-03
2.961805555555555358e+00 5.011406969085334395e-02 -2.020072751900766402e-03
2.962499999999999911e+00 5.003929035907599132e-02 -2.021725050723594420e-03
2.963194444444444020e+00 5.000201953079624201e-02 -2.023516720250279500e-03
2.963888888888888573e+00 4.993987424305042222e-02 -2.025148684630053222e-03
2.964583333333333570e+00 4.982333118417866386e-02 -2.026704386802404608e-03
2.965277777777778123e+00 4.970706121275776657e-02 -2.028254055714245885e-03
2.965972222222222232e+00 4.960791145994989521e-02 -2.029761463005472222e-03
2.966666666666666785e+00 4.950537176852732452e-02 -2.031237265096391860e-03
2.967361111111111338e+00 4.940670188757943782e-02 -2.032686707608485389e-03
2.968055555555555447e+00 4.931191878671203205e-02 -2.034115291363785497e-03
2.968750000000000000e+00 4.921550241162973849e-02 -2.035529188587159675e-03
2.969444444444444553e+00 4.910862248050845702e-02 -2.036906424825332251e-03
2.970138888888888662e+00 4.901458771034974266e-02 -2.038255655911339233e-03
2.970833333333333215e+00 4.891464208873860797e-02 -2.039722016510419657e-03
2.971527777777777768e+00 4.880393309296652410e-02 -2.041052985796094291e-03
2.972222222222221877e+00 4.870745428081774131e-02 -2.042319787358289583e-03
2.972916666666666430e+00 4.862880279825634172e-02 -2.043599859761869014e-03
2.973611111111110983e+00 4.855573206690626253e-02 -2.044852448934769782e-03
2.974305555555555092e+00 4.847261061076499344e-02 -2.046064386859202007e-03
2.975000000000000089e+00 4.837653331474407736e-02 -2.047256795786993495e-03
2.975694444444444642e+00 4.828374365615768771e-02 -2.048440012958905980e-03
2.976388888888889195e+00 4.819603620352370249e-02 -2.049614971865368080e-03
2.977083333333333304e+00 4.811492170571598365e-02 -2.050765052398096245e-03
2.977777777777777857e+00 4.804306469027628396e-02 -2.052014898784020741e-03
2.978472222222222410e+00 4.797590841609614132e-02 -2.053168128970775646e-03
2.979166666666666519e+00 4.788728053928491268e-02 -2.054247643128603688e-03
2.979861111111111072e+00 4.779058153247268265e-02 -2.055320593400153471e-03
2.980555555555555625e+00 4.769004081915172860e-02 -2.056369253564688075e-03
2.981249999999999734e+00 4.760502960513433163e-02 -2.057402356586175360e-03
2.981944444444444287e+00 4.752460364461312536e-02 -2.058421293529359621e-03
2.982638888888888840e+00 4.743149367426966606e-02 -2.059414624088489083e-03
2.983333333333332948e+00 4.734157779169839708e-02 -2.060379986162051962e-03
2.984027777777777501e+00 4.724596110328582732e-02 -2.061349557832155115e-03
2.984722222222222054e+00 4.715955233282249220e-02 -2.062380317134964499e-03
2.985416666666667052e+00 4.708428948059453778e-02 -2.063326061588138544e-03
2.986111111111111160e+00 4.697061222461259428e-02 -2.064239365196530399e-03
2.986805555555555713e+00 4.688702849019669994e-02 -2.065140030557296308e-03
2.987500000000000266e+00 4.681100140818152122e-02 -2.066019336846732467e-03
2.988194444444444375e+00 4.671947980155446989e-02 -2.066897294238632422e-03
2.988888888888888928e+00 4.663642805470961245e-02 -2.067754508229560639e-03
2.989583333333333481e+00 4.655430314578162115e-02 -2.068600098587225922e-03
2.990277777777777590e+00 4.643615321695539200e-02 -2.069431814420452567e-03
2.990972222222222143e+00 4.637271698286340310e-02 -2.070251929161225773e-03
2.991666666666666696e+00 4.630393619196236654e-02 -2.071127594089401669e-03
2.992361111111110805e+00 4.621750774266727979e-02 -2.071931931403849826e-03
2.993055555555555358e+00 4.613514746817736628e-02 -2.072704936545770055e-03
2.993749999999999911e+00 4.604085206258890645e-02 -2.073468379991832023e-03
2.994444444444444020e+00 4.594129261112134266e-02 -2.074214600259322288e-03
2.995138888888888573e+00 4.585270125942977198e-02 -2.074954484076366613e-03
2.995833333333333570e+00 4.576503631369997771e-02 -2.075684358862891175e-03
2.996527777777778123e+00 4.568290623065807826e-02 -2.076402145422497590e-03
2.997222222222222232e+00 4.559980038000868013e-02 -2.077091964691819576e-03
2.997916666666666785e+00 4.554116775772301673e-02 -2.077774498733979142e-03
2.998611111111111338e+00 4.546833610779934393e-02 -2.078529566454259334e-03
2.999305555555555447e+00 4.536518849416613930e-02 -2.079214548116454370e-03
3.000000000000000000e+00 4.526288287152688272e-02 -2.079862475684566853e-03
3.000694444444444553e+00 4.517677647404007291e-02 -2.080505814621397102e-03
3.001388888888888662e+00 4.510154213454450889e-02 -2.081136410984880166e-03
3.002083333333333215e+00 4.500181308933143276e-02 -2.081764204080549605e-03
3.002777777777777768e+00 4.492317974914832729e-02 -2.082375939214323960e-03
3.003472222222221877e+00 4.483330030858068138e-02 -2.082967331619072719e-03
3.004166666666666430e+00 4.474178026231889760e-02 -2.083558597860795270e-03
3.004861111111110983e+00 4.466206367045363196e-02 -2.084150867502020631e-03
3.005555555555555092e+00 4.457865229872797624e-02 -2.084777982983123182e-03
3.006250000000000089e+00 4.449595075539380246e-02 -2.085349064969878232e-03
3.006944444444444642e+00 4.442905240849934906e-02 -2.085893938284971976e-03
3.007638888888889195e+00 4.434672709197430562e-02 -2.086433259671860788e-03
3.008333333333333304e+00 4.426136609788390575e-02 -2.086968037491081229e-03
3.009027777777777857e+00 4.418233180538265470e-02 -2.087499934412230355e-03
3.009722222222222410e+00 4.410026568309411560e-02 -2.088014297441190617e-03
3.010416666666666519e+00 4.402356347519413571e-02 -2.088524001479752975e-03
3.011111111111111072e+00 4.394507411770943311e-02 -2.089022695692253646e-03
3.011805555555555625e+00 4.385959255493081244e-02 -2.089508875657325633e-03
3.012499999999999734e+00 4.378236743942547776e-02 -2.090037514843207014e-03
3.013194444444444287e+00 4.370440977087437090e-02 -2.090527257581119638e-03
3.013888888888888840e+00 4.362308654058878049e-02 -2.090983577118212412e-03
3.014583333333332948e+00 4.353731051467675528e-02 -2.091436331167610164e-03
3.015277777777777501e+00 4.345608217418652636e-02 -2.091884767854408113e-03
3.015972222222222054e+00 4.339930858423839827e-02 -2.092323159130526564e-03
3.016666666666667052e+00 4.331093758162832263e-02 -2.092753969192052282e-03
3.017361111111111160e+00 4.321854749590228750e-02 -2.093180336720039045e-03
3.018055555555555713e+00 4.313741890594452455e-02 -2.093602217378398665e-03
3.018750000000000266e+00 4.304202724095276822e-02 -2.094006451390645600e-03
3.019444444444444375e+00 4.294978208289994270e-02 -2.094453614820320116e-03
3.020138888888888928e+00 4.286631064843372807e-02 -2.094861075246751483e-03
3.020833333333333481e+00 4.277476937498467940e-02 -2.095244376976723721e-03
3.021527777777777590e+00 4.269039017748366138e-02 -2.095625726121658726e-03
3.022222222222222143e+00 4.260498300053222609e-02 -2.096008970490304338e-03
3.022916666666666696e+00 4.252722672588930136e-02 -2.096385783892706044e-03
3.023611111111110805e+00 4.244739512356154876e-02 -2.096757352407842365e-03
3.024305555555555358e+00 4.235969061597501945e-02 -2.097114375616577521e-03
3.024999999999999911e+00 4.227845007988627335e-02 -2.097471650829384367e-03
3.025694444444444020e+00 4.219615023316342778e-02 -2.097815902687857892e-03
3.026388888888888573e+00 4.211704885623304695e-02 -2.098185450422366313e-03
3.027083333333333570e+00 4.205811711765052724e-02 -2.098527816034426435e-03
3.027777777777778123e+00 4.198677769386858355e-02 -2.098885838031898203e-03
3.028472222222222232e+00 4.189476887642686054e-02 -2.099224100646611933e-03
3.029166666666666785e+00 4.181913374341121592e-02 -2.099561356023508640e-03
3.029861111111111338e+00 4.175005660609940744e-02 -2.099878303954986515e-03
3.030555555555555447e+00 4.167342711040406683e-02 -2.100168476260136710e-03
3.031250000000000000e+00 4.159760694926516178e-02 -2.100461826392644935e-03
3.031944444444444553e+00 4.152827766627689016e-02 -2.100759919209025956e-03
3.032638888888888662e+00 4.145162580110644396e-02 -2.101056992228043669e-03
3.033333333333333215e+00 4.137771122682280811e-02 -2.101349915406324279e-03
3.034027777777777768e+00 4.129665561086851011e-02 -2.101678080875958761e-03
3.034722222222221877e+00 4.121233724925903175e-02 -2.101968123978438692e-03
3.035416666666666430e+00 4.113447712811209300e-02 -2.102236425315318503e-03
3.036111111111110983e+00 4.106261993682366190e-02 -2.102504526028950264e-03
3.036805555555555980e+00 4.098298991783675543e-02 -2.102772012016689875e-03
3.037500000000000089e+00 4.091542137169873472e-02 -2.103020152917384634e-03
3.038194444444444642e+00 4.083432586541687476e-02 -2.103269482537592407e-03
3.038888888888889195e+00 4.075829358482926934e-02 -2.103509146015931051e-03
3.039583333333333304e+00 4.067945332406251030e-02 -2.103751514740994245e-03
3.040277777777777857e+00 4.061261195453884365e-02 -2.103991039990356880e-03
3.040972222222222410e+00 4.053428603449320961e-02 -2.104236254202522961e-03
3.041666666666666519e+00 4.046068965800365264e-02 -2.104473371218603967e-03
3.042361111111111072e+00 4.038436430206357453e-02 -2.104716893516032396e-03
3.043055555555555625e+00 4.030402422519768768e-02 -2.104964400649429399e-03
3.043749999999999734e+00 4.023834924405469970e-02 -2.105190266952722353e-03
3.044444444444444287e+00 4.016606472841122155e-02 -2.105413044007483411e-03
3.045138888888888840e+00 4.008140020578437185e-02 -2.105625854857180561e-03
3.045833333333332948e+00 3.999712935256177770e-02 -2.105838032289003136e-03
3.046527777777777501e+00 3.992254335153553463e-02 -2.106051463688066085e-03
3.047222222222222499e+00 3.984860350509497606e-02 -2.106258270975113183e-03
3.047916666666667052e+00 3.977454033160532365e-02 -2.106478182330083059e-03
3.048611111111111160e+00 3.969777792349808015e-02 -2.106700592242115571e-03
3.049305555555555713e+00 3.962328542763753070e-02 -2.106898920064236014e-03
3.050000000000000266e+00 3.954991700492876960e-02 -2.107094135974869279e-03
3.050694444444444375e+00 3.947632402193682055e-02 -2.107282508318589730e-03
3.051388888888888928e+00 3.940243867936106537e-02 -2.107488801972408430e-03
3.052083333333333481e+00 3.932674817211372770e-02 -2.107683809981714031e-03
3.052777777777777590e+00 3.925063620379711654e-02 -2.107863486278676365e-03
3.053472222222222143e+00 3.917650627795971757e-02 -2.108030382344982818e-03
3.054166666666666696e+00 3.910417957553973672e-02 -2.108208655522974748e-03
3.054861111111110805e+00 3.902819843364421087e-02 -2.108377903964347641e-03
3.055555555555555358e+00 3.896107696515563323e-02 -2.108555723178955326e-03
3.056249999999999911e+00 3.888368365015279493e-02 -2.108717031005330651e-03
3.056944444444444020e+00 3.881251554426558281e-02 -2.108880540536145400e-03
3.057638888888889017e+00 3.873630734680802434e-02 -2.109045901904860187e-03
3.058333333333333570e+00 3.866913753706378160e-02 -2.109209597757551700e-03
3.059027777777778123e+00 3.859843730230096831e-02 -2.109372335358064652e-03
3.059722222222222232e+00 3.853103557115877126e-02 -2.109524651079326511e-03
3.060416666666666785e+00 3.845557419119004922e-02 -2.109676159975858514e-03
3.061111111111111338e+00 3.839007021350272775e-02 -2.109823797292401625e-03
3.061805555555555447e+00 3.831158432093211691e-02 -2.109968879635402104e-03
3.062500000000000000e+00 3.824375406407676953e-02 -2.110120879744486078e-03
3.063194444444444553e+00 3.817191412969375697e-02 -2.110260249365729975e-03
3.063888888888888662e+00 3.810175345210771447e-02 -2.110406202478075539e-03
3.064583333333333215e+00 3.802615346604976826e-02 -2.110547789429716853e-03
3.065277777777777768e+00 3.795993945075291920e-02 -2.110684049508287485e-03
3.065972222222221877e+00 3.788442743792818507e-02 -2.110815560182429350e-03
3.066666666666666430e+00 3.781898353356221570e-02 -2.110948208739026142e-03
3.067361111111110983e+00 3.774280070258212438e-02 -2.111067616709148050e-03
3.068055555555555980e+00 3.767373294811475481e-02 -2.111194268396144550e-03
3.068750000000000089e+00 3.760395975069732999e-02 -2.111312695325111028e-03
3.069444444444444642e+00 3.753699576889684558e-02 -2.111424306004609005e-03
3.070138888888889195e+00 3.746500159702659261e-02 -2.111547912851462032e-03
3.070833333333333304e+00 3.739712699910956867e-02 -2.111656945037076755e-03
3.071527777777777857e+00 3.732286341655851464e-02 -2.111767957115030098e-03
3.072222222222222410e+00 3.725523600192154339e-02 -2.111882910993725590e-03
3.072916666666666519e+00 3.718233157751590218e-02 -2.111997488680660180e-03
3.073611111111111072e+00 3.711787054910480749e-02 -2.112102043655126205e-03
3.074305555555555625e+00 3.704512839584512413e-02 -2.112207551859939750e-03
3.074999999999999734e+00 3.698001144177388150e-02 -2.112307746278127736e-03
3.075694444444444287e+00 3.691412371574769036e-02 -2.112410431409030790e-03
3.076388888888888840e+00 3.684702036504072103e-02 -2.112503029091380297e-03
3.077083333333332948e+00 3.678006693533643345e-02 -2.112591726314758805e-03
3.077777777777777501e+00 3.671541796179165346e-02 -2.112698851263944411e-03
3.078472222222222499e+00 3.666138634457278417e-02 -2.112820496912982179e-03
3.079166666666667052e+00 3.659563230824582764e-02 -2.112941310179796903e-03
3.079861111111111160e+00 3.652028986709231206e-02 -2.113051010532166190e-03
3.080555555555555713e+00 3.644352506399493874e-02 -2.113141557302933207e-03
3.081250000000000266e+00 3.637239642502475279e-02 -2.113229103485280997e-03
3.081944444444444375e+00 3.630115855521960644e-02 -2.113316371700240531e-03
3.082638888888888928e+00 3.623197288180476927e-02 -2.113427375277477250e-03
3.083333333333333481e+00 3.616969085926593358e-02 -2.113530453070232556e-03
3.084027777777777590e+00 3.609600500555205926e-02 -2.113615496813431218e-03
3.084722222222222143e+00 3.601753796655805806e-02 -2.113701646692744442e-03
3.085416666666666696e+00 3.594615682855396149e-02 -2.113782825969272826e-03
3.086111111111110805e+00 3.587559744221104074e-02 -2.113868388267794735e-03
3.086805555555555358e+00 3.580465899708219074e-02 -2.113953546820521168e-03
3.087499999999999911e+00 3.573348133881394662e-02 -2.114035142798531899e-03
3.088194444444444020e+00 3.566859106112466732e-02 -2.114115057450849378e-03
3.088888888888889017e+00 3.560379337795011034e-02 -2.114181727187632726e-03
3.089583333333333570e+00 3.554077532649789484e-02 -2.114253381868608749e-03
3.090277777777778123e+00 3.548209185842374214e-02 -2.114318632669484523e-03
3.090972222222222232e+00 3.541465687355792313e-02 -2.114387128819390175e-03
3.091666666666666785e+00 3.534792759183173760e-02 -2.114462383229373695e-03
3.092361111111111338e+00 3.527912380729276987e-02 -2.114532152219475436e-03
3.093055555555555447e+00 3.521038990737526686e-02 -2.114598822018191882e-03
3.093750000000000000e+00 3.514370970339628780e-02 -2.114675683050577359e-03
3.094444444444444553e+00 3.508035976297953218e-02 -2.114748242107444397e-03
3.095138888888888662e+00 3.501855345120502561e-02 -2.114815392867914774e-03
3.095833333333333215e+00 3.495210515273989432e-02 -2.114879413977173786e-03
3.096527777777777768e+00 3.488415630249296767e-02 -2.114938574149721057e-03
3.097222222222221877e+00 3.482088390874401446e-02 -2.114995686401501766e-03
3.097916666666666430e+00 3.475805253175062726e-02 -2.115051017760112562e-03
3.098611111111110983e+00 3.469286425673177854e-02 -2.115110955345033458e-03
3.099305555555555980e+00 3.463013904667459897e-02 -2.115175613148316796e-03
3.100000000000000089e+00 3.456617974695840034e-02 -2.115250202767485904e-03
3.100694444444444642e+00 3.449992467665054241e-02 -2.115301686356023652e-03
3.101388888888889195e+00 3.443370792741148878e-02 -2.115362829927611415e-03
3.102083333333333304e+00 3.437398231193278947e-02 -2.115420810298229357e-03
3.102777777777777857e+00 3.430874118824948221e-02 -2.115477935392880929e-03
3.103472222222222410e+00 3.424791339067432411e-02 -2.115528315537087978e-03
3.104166666666666519e+00 3.418546684436754579e-02 -2.115593250852189095e-03
3.104861111111111072e+00 3.411846722240131219e-02 -2.115649897958086622e-03
3.105555555555555625e+00 3.405232305509835189e-02 -2.115693878817241722e-03
3.106249999999999734e+00 3.398938286216689891e-02 -2.115737860191365966e-03
3.106944444444444287e+00 3.392992764843469344e-02 -2.115794878645200269e-03
3.107638888888888840e+00 3.387376675192356468e-02 -2.115853520577613573e-03
3.108333333333332948e+00 3.381099056327246943e-02 -2.115909431741024894e-03
3.109027777777777501e+00 3.374974690659100079e-02 -2.115961524638994545e-03
3.109722222222222499e+00 3.369371427679401093e-02 -2.116017555672697510e-03
3.110416666666667052e+00 3.363210302243401645e-02 -2.116066462497763392e-03
3.111111111111111160e+00 3.357095870787511760e-02 -2.116109312451285463e-03
3.111805555555555713e+00 3.350424717210147285e-02 -2.116156116269442104e-03
3.112500000000000266e+00 3.343961460548363490e-02 -2.116204930787746793e-03
3.113194444444444375e+00 3.337259212499233546e-02 -2.116251230980406225e-03
3.113888888888888928e+00 3.330591944335219157e-02 -2.116284452580149099e-03
3.114583333333333481e+00 3.324357249129559350e-02 -2.116329825056194932e-03
3.115277777777777590e+00 3.317721791960333289e-02 -2.116371676820587994e-03
3.115972222222222143e+00 3.311118395181616991e-02 -2.116410803873770060e-03
3.116666666666666696e+00 3.305017991588905801e-02 -2.116444900998066397e-03
3.117361111111110805e+00 3.298829940132087801e-02 -2.116483242350227726e-03
3.118055555555555358e+00 3.292909625846971583e-02 -2.116515005142531169e-03
3.118749999999999911e+00 3.286698356783599589e-02 -2.116547885046515115e-03
3.119444444444444020e+00 3.280656240888542990e-02 -2.116623756711783280e-03
3.120138888888889017e+00 3.274490547675805441e-02 -2.116681263068180986e-03
3.120833333333333570e+00 3.268076211639855261e-02 -2.116683987292276425e-03
3.121527777777778123e+00 3.261774899209436696e-02 -2.116677676118617225e-03
3.122222222222222232e+00 3.255795620560651693e-02 -2.116700416578918935e-03
3.122916666666666785e+00 3.249697922471531802e-02 -2.116716614033657077e-03
3.123611111111111338e+00 3.243612100554262023e-02 -2.116744536347317518e-03
3.124305555555555447e+00 3.237414102229988627e-02 -2.116767016290354349e-03
3.125000000000000000e+00 3.231921362100414336e-02 -2.116789788696188217e-03
3.125694444444444553e+00 3.225592759443994539e-02 -2.116817740151145238e-03
3.126388888888888662e+00 3.218910033673819809e-02 -2.116835960913988207e-03
3.127083333333333215e+00 3.213111677420629059e-02 -2.116850265262850729e-03
3.127777777777777768e+00 3.207291014602856039e-02 -2.116882717306697598e-03
3.128472222222221877e+00 3.201637547940319739e-02 -2.116911254210038403e-03
3.129166666666666430e+00 3.195399754854474222e-02 -2.116956080655900060e-03
3.129861111111110983e+00 3.189504829154538729e-02 -2.116988395573857727e-03
3.130555555555555980e+00 3.183546947099959168e-02 -2.117031197203767760e-03
3.131250000000000089e+00 3.177651558363400741e-02 -2.117060101082549484e-03
3.131944444444444642e+00 3.171785972592178898e-02 -2.117097103039503655e-03
3.132638888888889195e+00 3.165830929131117910e-02 -2.117119624104256328e-03
3.133333333333333304e+00 3.160195540009871212e-02 -2.117151365877538178e-03
3.134027777777777857e+00 3.154371614342744296e-02 -2.117170046393480453e-03
3.134722222222222410e+00 3.148772756368096309e-02 -2.117204016709003673e-03
3.135416666666666519e+00 3.143880795932302991e-02 -2.117225354904744838e-03
3.136111111111111072e+00 3.137928886082262669e-02 -2.117258191160024342e-03
3.136805555555555625e+00 3.131415943401229945e-02 -2.117283736869403788e-03
3.137499999999999734e+00 3.125896466880294378e-02 -2.117311790852012109e-03
3.138194444444444287e+00 3.120081479345110376e-02 -2.117336430272921070e-03
3.138888888888888840e+00 3.114621272331507054e-02 -2.117371000445153733e-03
3.139583333333332948e+00 3.109446120298944155e-02 -2.117391597901120692e-03
3.140277777777777501e+00 3.104099711996966340e-02 -2.117421563777877654e-03
3.140972222222222499e+00 3.098337429255190387e-02 -2.117435449790611417e-03
3.141666666666667052e+00 3.092535230584139358e-02 -2.117469637840773983e-03
3.142361111111111160e+00 3.086691847176019007e-02 -2.117491635067390160e-03
3.143055555555555713e+00 3.080827473709377151e-02 -2.117511032244479095e-03
3.143750000000000266e+00 3.075558137440859499e-02 -2.117531865868627853e-03
3.144444444444444375e+00 3.069025951965077825e-02 -2.117550448713249878e-03
3.145138888888888928e+00 3.062670466641808503e-02 -2.117573152301159729e-03
3.145833333333333481e+00 3.057310641567132642e-02 -2.117597165448561677e-03
3.146527777777777590e+00 3.051700014564845062e-02 -2.117616386661705808e-03
3.147222222222222143e+00 3.045865759961113167e-02 -2.117639089274127740e-03
3.147916666666666696e+00 3.040729508756653474e-02 -2.117675030550684231e-03
3.148611111111110805e+00 3.034349889315583054e-02 -2.117697710939499961e-03
3.149305555555555358e+00 3.028988833875116693e-02 -2.117705467288497068e-03
3.149999999999999911e+00 3.023536115140853034e-02 -2.117715292122175890e-03
3.150694444444444020e+00 3.016690846724337169e-02 -2.117730688158420832e-03
3.151388888888889017e+00 3.009512416203616314e-02 -2.117752946013259138e-03
3.152083333333333570e+00 3.006654961077141405e-02 -2.117766416570164741e-03
3.152777777777778123e+00 3.003601861331510123e-02 -2.117789647132189111e-03
3.153472222222222232e+00 2.998399689849448255e-02 -2.117800447748114170e-03
3.154166666666666785e+00 2.993293827754150635e-02 -2.117822439843873670e-03
3.154861111111111338e+00 2.986622536403253647e-02 -2.117834787792204163e-03
3.155555555555555447e+00 2.980955189931276325e-02 -2.117851660668733284e-03
3.156250000000000000e+00 2.977007903194418131e-02 -2.117863935067449462e-03
3.156944444444444553e+00 2.970787224011182948e-02 -2.117884755787585293e-03
3.157638888888888662e+00 2.965030921571161840e-02 -2.117901101755982705e-03
3.158333333333333215e+00 2.959949840329034743e-02 -2.117918135253749057e-03
3.159027777777777768e+00 2.953455385934264377e-02 -2.117951629714801432e-03
3.159722222222221877e+00 2.946677306270378133e-02 -2.117973731335535958e-03
3.160416666666666430e+00 2.940100251558459485e-02 -2.117973238382416228e-03
3.161111111111110983e+00 2.934478294964865813e-02 -2.117979895019821146e-03
3.161805555555555980e+00 2.928863308705958665e-02 -2.117984828203675618e-03
3.162500000000000089e+00 2.923723544770108831e-02 -2.117998651958741610e-03
3.163194444444444642e+00 2.918649079850224939e-02 -2.117993917736681660e-03
3.163888888888889195e+00 2.912969621166688894e-02 -2.118012295823121054e-03
3.164583333333333304e+00 2.907227212356998380e-02 -2.118025584310618062e-03
3.165277777777777857e+00 2.903372202115458295e-02 -2.118045094864237383e-03
3.165972222222222410e+00 2.898121371555339304e-02 -2.118055642302524733e-03
3.166666666666666519e+00 2.893257373891753442e-02 -2.118056384182451148e-03
3.167361111111111072e+00 2.888896521834180900e-02 -2.118054766861708973e-03
3.168055555555555625e+00 2.883625767588716970e-02 -2.118061105067493410e-03
3.168749999999999734e+00 2.877728848681917681e-02 -2.118079840449603717e-03
3.169444444444444287e+00 2.872130260604099927e-02 -2.118080795486001339e-03
3.170138888888888840e+00 2.866261830269759350e-02 -2.118082598080748419e-03
3.170833333333332948e+00 2.860222764719015306e-02 -2.118076967106296508e-03
3.171527777777777501e+00 2.854003253545237331e-02 -2.118085178683943529e-03
3.172222222222222499e+00 2.848011992325571659e-02 -2.118085594523667296e-03
3.172916666666667052e+00 2.842145881983226818e-02 -2.118111393955217619e-03
3.173611111111111160e+00 2.836469451909460690e-02 -2.118117603045955710e-03
3.174305555555555713e+00 2.831144110806003283e-02 -2.118147894324456850e-03
3.175000000000000266e+00 2.825972017020022403e-02 -2.118169240869492796e-03
3.175694444444444375e+00 2.820851294119020719e-02 -2.118191160770707248e-03
3.176388888888888928e+00 2.815401053341480553e-02 -2.118219346393010374e-03
3.177083333333333481e+00 2.809922417166533376e-02 -2.118239015123110722e-03
3.177777777777777590e+00 2.805077254029340189e-02 -2.118252853951076240e-03
3.178472222222222143e+00 2.800524144929269349e-02 -2.118273787452599165e-03
3.179166666666666696e+00 2.795655948915255762e-02 -2.118295932722152192e-03
3.179861111111110805e+00 2.790750695943871804e-02 -2.118297669319194141e-03
3.180555555555555358e+00 2.785610232684843091e-02 -2.118304265108797001e-03
3.181249999999999911e+00 2.779959279965010105e-02 -2.118310683257216415e-03
3.181944444444444020e+00 2.774314733867410537e-02 -2.118318165469661087e-03
3.182638888888889017e+00 2.768792981437906073e-02 -2.118344538857498856e-03
3.183333333333333570e+00 2.763657591475839059e-02 -2.118365871115121535e-03
3.184027777777778123e+00 2.758563785557472531e-02 -2.118364042052978905e-03
3.184722222222222232e+00 2.752717430536092552e-02 -2.118355750134138984e-03
3.185416666666666785e+00 2.748421099933474887e-02 -2.118344222903619043e-03
3.186111111111111338e+00 2.743904949797846063e-02 -2.118335163493726206e-03
3.186805555555555447e+00 2.739251007356778914e-02 -2.118340777118866026e-03
3.187500000000000000e+00 2.733307244595406874e-02 -2.118359998604107605e-03
3.188194444444444553e+00 2.727483551749685861e-02 -2.118366704618685880e-03
3.188888888888888662e+00 2.720653178408058773e-02 -2.118379806080859275e-03
3.189583333333333215e+00 2.716746497994437098e-02 -2.118388162055873190e-03
3.190277777777777768e+00 2.713215065592108205e-02 -2.118399841059636843e-03
3.190972222222221877e+00 2.708955203125247221e-02 -2.118404206384436397e-03
3.191666666666666430e+00 2.704583611700767110e-02 -2.118419128454096176e-03
3.192361111111110983e+00 2.700591408265459389e-02 -2.118423370132696115e-03
3.193055555555555980e+00 2.697581609661297772e-02 -2.118422619551096637e-03
3.193750000000000089e+00 2.695048855171216021e-02 -2.118431146225121034e-03
3.194444444444444642e+00 2.690716852837642808e-02 -2.118444959558057287e-03
3.195138888888889195e+00 2.686179428139829142e-02 -2.118438206086765974e-03
3.195833333333333304e+00 2.680316484701853255e-02 -2.118441312427378227e-03
3.196527777777777857e+00 2.673968008676281052e-02 -2.118437912127790323e-03
3.197222222222222410e+00 2.669051118562125804e-02 -2.118439233038353978e-03
3.197916666666666519e+00 2.664768213905459315e-02 -2.118431583122323911e-03
3.198611111111111072e+00 2.659245652954861025e-02 -2.118437193802346057e-03
3.199305555555555625e+00 2.653031586915101381e-02 -2.118432577435731996e-03
3.199999999999999734e+00 2.647477648923394697e-02 -2.118434100516325067e-03
3.200694444444444287e+00 2.641870171657075342e-02 -2.118466945117015304e-03
3.201388888888888840e+00 2.637384396514666843e-02 -2.118490958570778092e-03
3.202083333333332948e+00 2.632117162170442490e-02 -2.118476827242095784e-03
3.202777777777777501e+00 2.628265371113817916e-02 -2.118486321451567775e-03
3.203472222222222499e+00 2.622566510761480466e-02 -2.118494073227548870e-03
3.204166666666667052e+00 2.616800799724319782e-02 -2.118510299584040399e-03
3.204861111111111160e+00 2.611962235502781129e-02 -2.118522350015337747e-03
3.205555555555555713e+00 2.606499257266686395e-02 -2.118537847936175465e-03
3.206250000000000266e+00 2.601130001789644930e-02 -2.118545447518227227e-03
3.206944444444444375e+00 2.596117037018321611e-02 -2.118560868173600086e-03
3.207638888888888928e+00 2.590850253771641645e-02 -2.118569215852983759e-03
3.208333333333333481e+00 2.586445156826825895e-02 -2.118580305090505926e-03
3.209027777777777590e+00 2.580966948675031403e-02 -2.118585418947100622e-03
3.209722222222222143e+00 2.575165346173475742e-02 -2.118591382193597047e-03
3.210416666666666696e+00 2.570223769989242110e-02 -2.118590816663600950e-03
3.211111111111110805e+00 2.565381026065459771e-02 -2.118593907442207092e-03
3.211805555555555358e+00 2.562025153226652266e-02 -2.118600201838654728e-03
3.212499999999999911e+00 2.557422236018982650e-02 -2.118604669719767984e-03
3.213194444444444020e+00 2.551363734052144311e-02 -2.118604235855562571e-03
3.213888888888889017e+00 2.546611003613893226e-02 -2.118612119912952150e-03
3.214583333333333570e+00 2.542674879417851017e-02 -2.118619867707816160e-03
3.215277777777778123e+00 2.538790914696084644e-02 -2.118626958811617098e-03
3.215972222222222232e+00 2.535323033856926728e-02 -2.118631019883958789e-03
3.216666666666666785e+00 2.530705398738332737e-02 -2.118634673249642116e-03
3.217361111111111338e+00 2.525476964841546698e-02 -2.118628878294083733e-03
3.218055555555555447e+00 2.521176188738751336e-02 -2.118629082630821368e-03
3.218750000000000000e+00 2.516494231092603409e-02 -2.118633733634243607e-03
3.219444444444444553e+00 2.511499819306225317e-02 -2.118635242265795322e-03
3.220138888888888662e+00 2.506604012600028783e-02 -2.118634754230136561e-03
3.220833333333333215e+00 2.502244742773715447e-02 -2.118639577578400757e-03
3.221527777777777768e+00 2.499315720183539757e-02 -2.118644361194128248e-03
3.222222222222221877e+00 2.494001377107197409e-02 -2.118652805280306795e-03
3.222916666666666430e+00 2.488171324019196329e-02 -2.118647094440771154e-03
3.223611111111110983e+00 2.483010394747924357e-02 -2.118651147653940331e-03
3.224305555555555980e+00 2.477354220179422972e-02 -2.118659762993528334e-03
3.225000000000000089e+00 2.472077609598658660e-02 -2.118660754794920217e-03
3.225694444444444642e+00 2.467735735364998823e-02 -2.118657799551293582e-03
3.226388888888889195e+00 2.462836900602641266e-02 -2.118658135986968474e-03
3.227083333333333304e+00 2.457843638494957086e-02 -2.118661491295426198e-03
3.227777777777777857e+00 2.453481313161048200e-02 -2.118659604276283692e-03
3.228472222222222410e+00 2.448483264547861651e-02 -2.118663818928831228e-03
3.229166666666666519e+00 2.444106350679942433e-02 -2.118664565527614459e-03
3.229861111111111072e+00 2.439275717340785507e-02 -2.118663370452214707e-03
3.230555555555555625e+00 2.434782264991040140e-02 -2.118670623376045677e-03
3.231249999999999734e+00 2.429690498628630374e-02 -2.118678184294422746e-03
3.231944444444444287e+00 2.425280076658728468e-02 -2.118678503264811476e-03
3.232638888888888840e+00 2.421051984496870590e-02 -2.118683108326774745e-03
3.233333333333332948e+00 2.416497686436827955e-02 -2.118689014815836047e-03
3.234027777777777501e+00 2.411789504486711727e-02 -2.118686334718125445e-03
3.234722222222222499e+00 2.407244923664988989e-02 -2.118686842817455850e-03
3.235416666666667052e+00 2.402562922362626655e-02 -2.118692658299836228e-03
3.236111111111111160e+00 2.397772954551721791e-02 -2.118691410029808955e-03
3.236805555555555713e+00 2.394443377702876879e-02 -2.082079327084778667e-03
3.237500000000000266e+00 2.791000288788786365e-02 -1.953257500990777853e-03
3.238194444444444375e+00 2.863385208111553226e-02 -1.670440503097546294e-03
3.238888888888888928e+00 2.660395551601438258e-02 -1.192285269176586796e-03
3.239583333333333481e+00 2.996699690202068306e-02 -5.473302025287234531e-04
3.240277777777777590e+00 3.101629491614826470e-02 2.287083849648608716e-04
3.240972222222222143e+00 3.317682744708974618e-02 1.030090884201711847e-03
3.241666666666666696e+00 3.158405948032504129e-02 1.853019596354460192e-03
3.242361111111110805e+00 3.515666533084053219e-02 2.687017899863441018e-03
3.243055555555555358e+00 3.601725814532983488e-02 3.524829309311566967e-03
3.243749999999999911e+00 3.772633228427309249e-02 4.396352928180053722e-03
3.244444444444444020e+00 3.891941012652556930e-02 5.295872878828004372e-03
3.245138888888889017e+00 4.055126710416150082e-02 6.250370208839133371e-03
3.245833333333333570e+00 4.235334793917435586e-02 7.230750197734077574e-03
3.246527777777778123e+00 4.491107554761311627e-02 8.263664965816047356e-03
3.247222222222222232e+00 4.787759985328998713e-02 9.352038741895492974e-03
3.247916666666666785e+00 5.100399021118483256e-02 1.046289559633060279e-02
3.248611111111111338e+00 5.429289389188793336e-02 1.161605288276160858e-02
3.249305555555555447e+00 5.755333645518548313e-02 1.277495989331857255e-02
3.250000000000000000e+00 6.047565061901774564e-02 1.400516266313108805e-02
3.250694444444444553e+00 6.317716234095711869e-02 1.525700822300535449e-02
3.251388888888888662e+00 6.569540040268170844e-02 1.652060760264715059e-02
3.252083333333333215e+00 6.794761312497342443e-02 1.785871738731650837e-02
3.252777777777777768e+00 7.029000198075088801e-02 1.920063303947975447e-02
3.253472222222221877e+00 7.307228309822434709e-02 2.057124761993988152e-02
3.254166666666666430e+00 7.588693280896832705e-02 2.196766343837302377e-02
3.254861111111110983e+00 7.886592949226421678e-02 2.339041534396542679e-02
3.255555555555555980e+00 8.212496470318031427e-02 2.486265217347504233e-02
3.256250000000000089e+00 8.531918394570164876e-02 2.633333381239564078e-02
3.256944444444444642e+00 8.849093083127376747e-02 2.784360136281976983e-02
3.257638888888889195e+00 9.149184731616624711e-02 2.937297882394007686e-02
3.258333333333333304e+00 9.462255152199683383e-02 3.092616858631411919e-02
3.259027777777777857e+00 9.803494591365549682e-02 3.250379378456314666e-02
3.259722222222222410e+00 1.012737277981654721e-01 3.409777437116667809e-02
3.260416666666666519e+00 1.040281922708978790e-01 3.571783575021425516e-02
3.261111111111111072e+00 1.071161273211675147e-01 3.733476979316788930e-02
3.261805555555555625e+00 1.103893813993676587e-01 3.900060526540398420e-02
3.262499999999999734e+00 1.131761377615199543e-01 4.068422742493045530e-02
3.263194444444444287e+00 1.161173722990124779e-01 4.237538235443507467e-02
3.263888888888888840e+00 1.192862700525459535e-01 4.407838399867511359e-02
3.264583333333332948e+00 1.226154992705590363e-01 4.581286981508617129e-02
3.265277777777777501e+00 1.258309955878792463e-01 4.753445075404057196e-02
3.265972222222222499e+00 1.296258881741511049e-01 4.929774132967380124e-02
3.266666666666667052e+00 1.337139009509819843e-01 5.108229159981791251e-02
3.267361111111111160e+00 1.385401836592216884e-01 5.276444946802361785e-02
3.268055555555555713e+00 1.441847495706836124e-01 5.456174238389845110e-02
3.268750000000000266e+00 1.496181875800113859e-01 5.647316909632691534e-02
3.269444444444444375e+00 1.551301256476964041e-01 5.831495688835371116e-02
3.270138888888888928e+00 1.605554952892898624e-01 6.016725500559093331e-02
3.270833333333333481e+00 1.659871296010763664e-01 6.203669649644512341e-02
3.271527777777777590e+00 1.711389788866576334e-01 6.396052342886993092e-02
3.272222222222222143e+00 1.752258853539118144e-01 6.596221183749283179e-02
3.272916666666666696e+00 1.777385448573283733e-01 6.798151333327724644e-02
3.273611111111110805e+00 1.792307865862735328e-01 7.005503951808111918e-02
3.274305555555555358e+00 1.807919069960890190e-01 7.210979633615360873e-02
3.274999999999999911e+00 1.829975537577056832e-01 7.424872167070190043e-02
3.275694444444444020e+00 1.849155182091095362e-01 7.647351215003710123e-02
3.276388888888889017e+00 1.875683571482429091e-01 7.865143331686008654e-02
3.277083333333333570e+00 1.907416758424014258e-01 8.074239508585040470e-02
3.277777777777778123e+00 1.941165720308833109e-01 8.282802542037272231e-02
3.278472222222222232e+00 1.981142659543247975e-01 8.496896735583872595e-02
3.279166666666666785e+00 2.026975708332307280e-01 8.705510573232745630e-02
3.279861111111111338e+00 2.076788381957550000e-01 8.918815724375701859e-02
3.280555555555555447e+00 2.126686681237607290e-01 9.136277676456305841e-02
3.281250000000000000e+00 2.181636483361686363e-01 9.345272327751001640e-02
3.281944444444444553e+00 2.234337711889558542e-01 9.558421697654649607e-02
3.282638888888888662e+00 2.288391324842101726e-01 9.776538349714170018e-02
3.283333333333333215e+00 2.341786453017563607e-01 9.989073752128857508e-02
3.284027777777777768e+00 2.395717405715129811e-01 1.020289547480872777e-01
3.284722222222221877e+00 2.449744720575487977e-01 1.042537503732703930e-01
3.285416666666666430e+00 2.498948018734583609e-01 1.064352547483048694e-01
3.286111111111110983e+00 2.544616544105214873e-01 1.085736163309717894e-01
3.286805555555555980e+00 2.589663515096691238e-01 1.107748466359768369e-01
3.287500000000000089e+00 2.635827874769933188e-01 1.129798259810325528e-01
3.288194444444444642e+00 2.679197642948880076e-01 1.151632912053149049e-01
3.288888888888889195e+00 2.721879260179030369e-01 1.173823267803634218e-01
3.289583333333333304e+00 2.763378135401924895e-01 1.195714834954127448e-01
3.290277777777777857e+00 2.804770816457429206e-01 1.217594273821615281e-01
3.290972222222222410e+00 2.846986973449232017e-01 1.240207620500172470e-01
3.291666666666666519e+00 2.887889024401882332e-01 1.262335758082998027e-01
3.292361111111111072e+00 2.930461640668422518e-01 1.284512965935889761e-01
3.293055555555555625e+00 2.973301531602219328e-01 1.307180278124060735e-01
3.293749999999999734e+00 3.012388994190143277e-01 1.329424521543965398e-01
3.294444444444444287e+00 3.054091031702190207e-01 1.352251838765175518e-01
3.295138888888888840e+00 3.100439806893705019e-01 1.375476696165956192e-01
3.295833333333332948e+00 3.140551916931514365e-01 1.397939497375411955e-01
3.296527777777777501e+00 3.175822401450856258e-01 1.420592006199437318e-01
3.297222222222222499e+00 3.218038432414034866e-01 1.443710652957998775e-01
3.297916666666667052e+00 3.265962139442276091e-01 1.466293671081432548e-01
3.298611111111111160e+00 3.306356524538347497e-01 1.488824575487720792e-01
3.299305555555555713e+00 3.349144111354254161e-01 1.512036363625682833e-01
3.300000000000000266e+00 3.393132379954744704e-01 1.534811855397092972e-01
3.300694444444444375e+00 3.431151590670889484e-01 1.557743624606992283e-01
3.301388888888888928e+00 3.473487371457926742e-01 1.581347612379631062e-01
3.302083333333333481e+00 3.519947067261425810e-01 1.604304022238936811e-01
3.302777777777777590e+00 3.557231721009864178e-01 1.627406961340576719e-01
3.303472222222222143e+00 3.597576132494558765e-01 1.651162605427856922e-01
3.304166666666666696e+00 3.648034270862732797e-01 1.674277862611803225e-01
3.304861111111110805e+00 3.686350037869618457e-01 1.697667510055712869e-01
3.305555555555555358e+00 3.722572519261185264e-01 1.722016738389314516e-01
3.306249999999999911e+00 3.767954400254402980e-01 1.743753090106169856e-01
3.306944444444444020e+00 3.811748580040470458e-01 1.766752778115924516e-01
3.307638888888889017e+00 3.847349271127699644e-01 1.792009902581237768e-01
3.308333333333333570e+00 3.885759856791508593e-01 1.815984288773420385e-01
3.309027777777778123e+00 3.933618755505879916e-01 1.839722745141052773e-01
3.309722222222222232e+00 3.975687300442106165e-01 1.863666893591729434e-01
3.310416666666666785e+00 4.012753949111552698e-01 1.886758212385279965e-01
3.311111111111111338e+00 4.054479441000418127e-01 1.910454430520918956e-01
3.311805555555555447e+00 4.091704258437397490e-01 1.935317624121874747e-01
3.312500000000000000e+00 4.132541677487390208e-01 1.958842275484538875e-01
3.313194444444444553e+00 4.175745657490190221e-01 1.982717645829710218e-01
3.313888888888888662e+00 4.217284619109870070e-01 2.006995735346828735e-01
3.314583333333333215e+00 4.260712587345695246e-01 2.031673848922643799e-01
3.315277777777777768e+00 4.306827533338646319e-01 2.056806630216086451e-01
3.315972222222221877e+00 4.347780514953644149e-01 2.083036858927716228e-01
3.316666666666666430e+00 4.385226903636956775e-01 2.110327631995530528e-01
3.317361111111110983e+00 4.422703888497779290e-01 2.136257684292500736e-01
3.318055555555555980e+00 4.455115978953291811e-01 2.162184354063207969e-01
3.318750000000000089e+00 4.492543174833091291e-01 2.188467802588213995e-01
3.319444444444444642e+00 4.534414122989861573e-01 2.213966080871517250e-01
3.320138888888889195e+00 4.563729944752334400e-01 2.239602463628519724e-01
3.320833333333333304e+00 4.595611354145445193e-01 2.264872233671439139e-01
3.321527777777777857e+00 4.631690842123120100e-01 2.290276595211107047e-01
3.322222222222222410e+00 4.666420013733988958e-01 2.316776241801432323e-01
3.322916666666666519e+00 4.706550900347493682e-01 2.342442479365083874e-01
3.323611111111111072e+00 4.748120753477497180e-01 2.367844576205493934e-01
3.324305555555555625e+00 4.786436947503334149e-01 2.393528040274181257e-01
3.324999999999999734e+00 4.826986778721705784e-01 2.419965238612811764e-01
3.325694444444444287e+00 4.863553565155096514e-01 2.446888296234692728e-01
3.326388888888888840e+00 4.901371892817117937e-01 2.473289137833416251e-01
3.327083333333332948e+00 4.921594962478290092e-01 2.500179505240938682e-01
3.327777777777777501e+00 4.952184482355536654e-01 2.526738986295550271e-01
3.328472222222222499e+00 4.994233473268512857e-01 2.553182655643319587e-01
3.329166666666667052e+00 5.032174481894071683e-01 2.579976001251577666e-01
3.329861111111111160e+00 5.076063320086299235e-01 2.606777723538807878e-01
3.330555555555555713e+00 5.115452532283508713e-01 2.633344467367303432e-01
3.331250000000000266e+00 5.163178380081711039e-01 2.659536293200972512e-01
3.331944444444444375e+00 5.209448893461424701e-01 2.686523833130596284e-01
3.332638888888888928e+00 5.252722410986581103e-01 2.713162129819647328e-01
3.333333333333333481e+00 5.288137729085355954e-01 2.739249926388740430e-01
3.334027777777777590e+00 5.321887505984523870e-01 2.766183136569170253e-01
3.334722222222222143e+00 5.368591210362648747e-01 2.792979897913100418e-01
3.335416666666666696e+00 5.408150419933542841e-01 2.819119743399998157e-01
3.336111111111110805e+00 5.452936189925653432e-01 2.845765894754050951e-01
3.336805555555555358e+00 5.500478812414004715e-01 2.872778651839801300e-01
3.337499999999999911e+00 5.546217263490257343e-01 2.900545382216322965e-01
3.338194444444444020e+00 5.585716730236307548e-01 2.927475479613800835e-01
3.338888888888889017e+00 5.627082460971164490e-01 2.953950304496424928e-01
3.339583333333333570e+00 5.667512024037968388e-01 2.980325720359591202e-01
3.340277777777778123e+00 5.710559643664192553e-01 3.007750791268065660e-01
3.340972222222222232e+00 5.751090869152319929e-01 3.035636618688470900e-01
3.341666666666666785e+00 5.795985234805008934e-01 3.063171241649026988e-01
3.342361111111111338e+00 5.840807203163645989e-01 3.089275285239553304e-01
3.343055555555555447e+00 5.866816746343354039e-01 3.116778341499975569e-01
3.343750000000000000e+00 5.901116938760386788e-01 3.144150275365358294e-01
3.344444444444444553e+00 5.949498228037138903e-01 3.170872402653966970e-01
3.345138888888888662e+00 6.000413442395484687e-01 3.198911803616530380e-01
3.345833333333333215e+00 6.028937937219746024e-01 3.224645714644466254e-01
3.346527777777777768e+00 6.066984002882839233e-01 3.251741925129025823e-01
3.347222222222221877e+00 6.111937509866050000e-01 3.281059295515302843e-01
3.347916666666666430e+00 6.155970334163225477e-01 3.308187681673006031e-01
3.348611111111110983e+00 6.206975844735337366e-01 3.334364038626680404e-01
3.349305555555555980e+00 6.226976060386349987e-01 3.362700658740254700e-01
3.350000000000000089e+00 6.250697296935454617e-01 3.390944589736045733e-01
3.350694444444444642e+00 6.293212758262768380e-01 3.417955506831760193e-01
3.351388888888889195e+00 6.347705882870663396e-01 3.444449775531870928e-01
3.352083333333333304e+00 6.399000056437714745e-01 3.472078807621756802e-01
3.352777777777777857e+00 6.433364793343533394e-01 3.500766883104119431e-01
3.353472222222222410e+00 6.472333703986471454e-01 3.528290950641731483e-01
3.354166666666666519e+00 6.519839379743210817e-01 3.556982397761873083e-01
3.354861111111111072e+00 6.568629617178536328e-01 3.585007839307862154e-01
3.355555555555555625e+00 6.602894495094870919e-01 3.613187366243857390e-01
3.356249999999999734e+00 6.642565173709579218e-01 3.642868670781798102e-01
3.356944444444444287e+00 6.692775674717039713e-01 3.671398353524214508e-01
3.357638888888888840e+00 6.731975055898760107e-01 3.699808661183985325e-01
3.358333333333332948e+00 6.769652438711496467e-01 3.729183166900745250e-01
3.359027777777777501e+00 6.812681251718597508e-01 3.757965807257120927e-01
3.359722222222222499e+00 6.844135937077453491e-01 3.788207016803211702e-01
3.360416666666667052e+00 6.884532667030504038e-01 3.816951629182238070e-01
3.361111111111111160e+00 6.927148068534867420e-01 3.846852392581887048e-01
3.361805555555555713e+00 6.953868833220950840e-01 3.876544107061307143e-01
3.362500000000000266e+00 6.999878624670923255e-01 3.904794666313942120e-01
3.363194444444444375e+00 7.040714577737167135e-01 3.934756511756532515e-01
3.363888888888888928e+00 7.067860847009622693e-01 3.963817066676508793e-01
3.364583333333333481e+00 7.108618848258934086e-01 3.992367529608546461e-01
3.365277777777777590e+00 7.154726067652545929e-01 4.022887433675270685e-01
3.365972222222222143e+00 7.189517617310634545e-01 4.051920993787872516e-01
3.366666666666666696e+00 7.227803040347774433e-01 4.080488151291744581e-01
3.367361111111110805e+00 7.264555762588360555e-01 4.110083435510396566e-01
3.368055555555555358e+00 7.300796481611929734e-01 4.139013498594307783e-01
3.368749999999999911e+00 7.344645688645210502e-01 4.168613130897957375e-01
3.369444444444444020e+00 7.385448597897071865e-01 4.198900739581044039e-01
3.370138888888889017e+00 7.421041732893737253e-01 4.228030696983827719e-01
3.370833333333333570e+00 7.446133190348075415e-01 4.257704254466818106e-01
3.371527777777778123e+00 7.478291744481843084e-01 4.288479798720091218e-01
3.372222222222222232e+00 7.520555799184260870e-01 4.315879478554068838e-01
3.372916666666666785e+00 7.564622766894204542e-01 4.344931978181692522e-01
3.373611111111111338e+00 7.596378114647376334e-01 4.376061265381621657e-01
3.374305555555555447e+00 7.618343099585560552e-01 4.405087422781041040e-01
3.375000000000000000e+00 7.649764172055862899e-01 4.435560751662860901e-01
3.375694444444444553e+00 7.678625190875719708e-01 4.467240445603953836e-01
3.376388888888888662e+00 7.712862912653909442e-01 4.495555277672028116e-01
3.377083333333333215e+00 7.752484559104709794e-01 4.525814016203492107e-01
3.377777777777777768e+00 7.838878625602797579e-01 4.557129789971097744e-01
3.378472222222221877e+00 7.807335679405836837e-01 4.585528077387952539e-01
3.379166666666666430e+00 7.829782082024027146e-01 4.616693447202295242e-01
3.379861111111110983e+00 7.866427192242376742e-01 4.648690023107600044e-01
3.380555555555555980e+00 7.885622386150299423e-01 4.676573732707305919e-01
3.381250000000000089e+00 7.913870768089642516e-01 4.706860012474498034e-01
3.381944444444444642e+00 7.947669527135173828e-01 4.738525521979481403e-01
3.382638888888889195e+00 7.999421463262136323e-01 4.767521433485268911e-01
3.383333333333333304e+00 8.041788924791749560e-01 4.798306659814898234e-01
3.384027777777777857e+00 8.071052004453079798e-01 4.831331250035730829e-01
3.384722222222222410e+00 8.112811448205639042e-01 4.860510574440470855e-01
3.385416666666666519e+00 8.159750642831719025e-01 4.889286094515068459e-01
3.386111111111111072e+00 8.197835635323407200e-01 4.921116521118664711e-01
3.386805555555555625e+00 8.235951815249196173e-01 4.951242786481580560e-01
3.387499999999999734e+00 8.273610661018560020e-01 4.981687066452010759e-01
3.388194444444444287e+00 8.322104391961184788e-01 5.013325081826979224e-01
3.388888888888888840e+00 8.368209717972380224e-01 5.042682136739018439e-01
3.389583333333332948e+00 8.406283016646393103e-01 5.075043116287119016e-01
3.390277777777777501e+00 8.431055759115099191e-01 5.105529672916649941e-01
3.390972222222222499e+00 8.455790796485893601e-01 5.134852787854120582e-01
3.391666666666667052e+00 8.493478738163793285e-01 5.165605071610624988e-01
3.392361111111111160e+00 8.534878298468900892e-01 5.198479105719306936e-01
3.393055555555555713e+00 8.584543260212426086e-01 5.230748337703432504e-01
3.393750000000000266e+00 8.626146926500755097e-01 5.258528243648120659e-01
3.394444444444444375e+00 8.671982542867273658e-01 5.288897163561142589e-01
3.395138888888888928e+00 8.720973729405420150e-01 5.321766540827520542e-01
3.395833333333333481e+00 8.754616531980896621e-01 5.351817378601161357e-01
3.396527777777777590e+00 8.779336813687457219e-01 5.383209291735476798e-01
3.397222222222222143e+00 8.801538977969701749e-01 5.414410688204468469e-01
3.397916666666666696e+00 8.839881979689001579e-01 5.444261816840610946e-01
3.398611111111110805e+00 8.886723016113247109e-01 5.477773384190638417e-01
3.399305555555555358e+00 8.937743862433528141e-01 5.511966251264940331e-01
3.399999999999999911e+00 8.995664391370045143e-01 5.543360829712421500e-01
3.400694444444444020e+00 9.037705992333596727e-01 5.575479522231721052e-01
3.401388888888889017e+00 9.068157551745572587e-01 5.607415947696583469e-01
3.402083333333333570e+00 9.083496743380674587e-01 5.638371387962290981e-01
3.402777777777778123e+00 9.111672347547252748e-01 5.671278500482218599e-01
3.403472222222222232e+00 9.148883396430308457e-01 5.705556644593795523e-01
3.404166666666666785e+00 9.191252737021835539e-01 5.736600453804019395e-01
3.404861111111111338e+00 9.227738206230325924e-01 5.769002541502687986e-01
3.405555555555555447e+00 9.265036611157251301e-01 5.801899485218756647e-01
3.406250000000000000e+00 9.315897527350823770e-01 5.832648174092892601e-01
3.406944444444444553e+00 9.352260905093088272e-01 5.866193876911715011e-01
3.407638888888888662e+00 9.378518468310623746e-01 5.899435345518672102e-01
3.408333333333333215e+00 9.413662846422932162e-01 5.926428614019916274e-01
3.409027777777777768e+00 9.447033851782958846e-01 5.959228001086405158e-01
3.409722222222221877e+00 9.484433742546152235e-01 5.993096112206589554e-01
3.410416666666666430e+00 9.516295632584763631e-01 6.026155816120488673e-01
3.411111111111110983e+00 9.550542890640448812e-01 6.059249860372709628e-01
3.411805555555555980e+00 9.577782856490114627e-01 6.091704803133860535e-01
3.412500000000000089e+00 9.608760097284391177e-01 6.122276938272001034e-01
3.413194444444444642e+00 9.644310376606624047e-01 6.152819144801011664e-01
3.413888888888889195e+00 9.682402186159908553e-01 6.187541615522382799e-01
3.414583333333333304e+00 9.716756312413599161e-01 6.221333917715179407e-01
3.415277777777777857e+00 9.745455206924055203e-01 6.252330949608293498e-01
3.415972222222222410e+00 9.775931467988842050e-01 6.284326688047038312e-01
3.416666666666666519e+00 9.817174825183724307e-01 6.315510750883124302e-01
3.417361111111111072e+00 9.841042287555308299e-01 6.348273915749764740e-01
3.418055555555555625e+00 9.870651076581397065e-01 6.383827114102289535e-01
3.418749999999999734e+00 9.897135994943182524e-01 6.413444074077636614e-01
3.419444444444444287e+00 9.933218652413983163e-01 6.444451847617359563e-01
3.420138888888888840e+00 9.968773483220055853e-01 6.478022870457738058e-01
3.420833333333332948e+00 9.996102373353915604e-01 6.507925625161971039e-01
3.421527777777777501e+00 1.000839192281272938e+00 6.538320281174684334e-01
3.422222222222222499e+00 1.003678660307995907e+00 6.569877110448073543e-01
3.422916666666667052e+00 1.007720589837118208e+00 6.600285576481498273e-01
3.423611111111111160e+00 1.011621574748927888e+00 6.632806707059606399e-01
3.424305555555555713e+00 1.015780073595314636e+00 6.665266715034005029e-01
3.425000000000000266e+00 1.018184877924352527e+00 6.694486652455237108e-01
3.425694444444444375e+00 1.020958943993898638e+00 6.727160264983158555e-01
3.426388888888888928e+00 1.025036995074439794e+00 6.757472638055531666e-01
3.427083333333333481e+00 1.028458673585232352e+00 6.787666472600424328e-01
3.427777777777777590e+00 1.030902616623173174e+00 6.815766070481125150e-01
3.428472222222222143e+00 1.034286605552316107e+00 6.846094721087437884e-01
3.429166666666666696e+00 1.037857610053026125e+00 6.882179586684294970e-01
3.429861111111110805e+00 1.039579550490229654e+00 6.911866465404669091e-01
3.430555555555555358e+00 1.041843911497680075e+00 6.941652772935568150e-01
3.431249999999999911e+00 1.046127958757126164e+00 6.973265091365468127e-01
3.431944444444444020e+00 1.050702021494532179e+00 7.010608863733935880e-01
3.432638888888889017e+00 1.051521864115745108e+00 7.040798586532263093e-01
3.433333333333333570e+00 1.053266935759054723e+00 7.075079305243254790e-01
3.434027777777778123e+00 1.057272860290210836e+00 7.111462083540039947e-01
3.434722222222222232e+00 1.060575005331124032e+00 7.137875643119386826e-01
3.435416666666666785e+00 1.063053895709104246e+00 7.166769323137630598e-01
3.436111111111111338e+00 1.066127189503587758e+00 7.201292580454005110e-01
3.436805555555555447e+00 1.068556727472898871e+00 7.233474376890043356e-01
3.437500000000000000e+00 1.073215399810212300e+00 7.266958437511026325e-01
3.438194444444444553e+00 1.077294607136214610e+00 7.295557559894660926e-01
3.438888888888888662e+00 1.079005870330594474e+00 7.334072565456356552e-01
3.439583333333333215e+00 1.081909010082813483e+00 7.368145362739088045e-01
3.440277777777777768e+00 1.085662299775350448e+00 7.393798027010898277e-01
3.440972222222221877e+00 1.088837703629520703e+00 7.430501990154267933e-01
3.441666666666666430e+00 1.090566905308728574e+00 7.464530945386848027e-01
3.442361111111110983e+00 1.093512040167414767e+00 7.493024463537909519e-01
3.443055555555555980e+00 1.096618368257619380e+00 7.527385679688289866e-01
3.443750000000000089e+00 1.099398340940369811e+00 7.558750983804550794e-01
3.444444444444444642e+00 1.102268181497621624e+00 7.588972824318553911e-01
3.445138888888889195e+00 1.105345742661201225e+00 7.621926610538259927e-01
3.445833333333333304e+00 1.107636937121207588e+00 7.654390492039496730e-01
3.446527777777777857e+00 1.110082750520831718e+00 7.684513602477540672e-01
3.447222222222222410e+00 1.111939777687447783e+00 7.718254095769405687e-01
3.447916666666666519e+00 1.115984902832827030e+00 7.754449503197392568e-01
3.448611111111111072e+00 1.117198713667957755e+00 7.780261941500314915e-01
3.449305555555555625e+00 1.119320474163149948e+00 7.813240004986343745e-01
3.449999999999999734e+00 1.121832570184893019e+00 7.851583728556530417e-01
3.450694444444444287e+00 1.125540536553328197e+00 7.873987072225722139e-01
3.451388888888888840e+00 1.129317693944963841e+00 7.907448037794606588e-01
3.452083333333332948e+00 1.131451841891469856e+00 7.945330917181150365e-01
3.452777777777777501e+00 1.134099851162326145e+00 7.972605701080340834e-01
3.453472222222222499e+00 1.136565779927621422e+00 8.000854873535231393e-01
3.454166666666667052e+00 1.138427313861889223e+00 8.036308528499619408e-01
3.454861111111111160e+00 1.141482708449049088e+00 8.064372604820099211e-01
3.455555555555555713e+00 1.143523022187500793e+00 8.095535505869138060e-01
3.456250000000000266e+00 1.145717358752881054e+00 8.130399090599784717e-01
3.456944444444444375e+00 1.149429057201013293e+00 8.158151648199656325e-01
3.457638888888888928e+00 1.151500724824261024e+00 8.192088917236352019e-01
3.458333333333333481e+00 1.154454489622991575e+00 8.226270153469272817e-01
3.459027777777777590e+00 1.156595835315554099e+00 8.252164879876047188e-01
3.459722222222222143e+00 1.158743696836476822e+00 8.285628049286979380e-01
3.460416666666666696e+00 1.161491768449274486e+00 8.317425468449578529e-01
3.461111111111110805e+00 1.163013836667122769e+00 8.349885921281172685e-01
3.461805555555555358e+00 1.164465980502239484e+00 8.379323446353817983e-01
3.462499999999999911e+00 1.168747645131005930e+00 8.407606012820963981e-01
3.463194444444444020e+00 1.170120309799685288e+00 8.442109358559478638e-01
3.463888888888889017e+00 1.172988101699467656e+00 8.470082269258996099e-01
3.464583333333333570e+00 1.176044012880494982e+00 8.503999222950636705e-01
3.465277777777778123e+00 1.176973944058854249e+00 8.532776963072113974e-01
3.465972222222222232e+00 1.178872552547918895e+00 8.560430887069369055e-01
3.466666666666666785e+00 1.183013385908116444e+00 8.590194534423021278e-01
3.467361111111111338e+00 1.183546449527173694e+00 8.618627209317846205e-01
3.468055555555555447e+00 1.185353945997269065e+00 8.651303782637302930e-01
3.468750000000000000e+00 1.189974620881713463e+00 8.682336881451369059e-01
3.469444444444444553e+00 1.190766171600397216e+00 8.715389259726319393e-01
3.470138888888888662e+00 1.191537586595355247e+00 8.742422012298213252e-01
3.470833333333333215e+00 1.195627122737583869e+00 8.776051369621452602e-01
3.471527777777777768e+00 1.196351959609201820e+00 8.807340190258545753e-01
3.472222222222221877e+00 1.197641304756084546e+00 8.833814195030422756e-01
3.472916666666666430e+00 1.202641788325274019e+00 8.862683069085479648e-01
3.473611111111110983e+00 1.204311632234357221e+00 8.890670184974105439e-01
3.474305555555555980e+00 1.203843822999114854e+00 8.916568732568351807e-01
3.475000000000000089e+00 1.205476482970015306e+00 8.953132088619031315e-01
3.475694444444444642e+00 1.209568489891783560e+00 8.982722072257218748e-01
3.476388888888889195e+00 1.212452916238356826e+00 9.008142513630725823e-01
3.477083333333333304e+00 1.215206888632611726e+00 9.041377728586267315e-01
3.477777777777777857e+00 1.216273435662170721e+00 9.073022301564911407e-01
3.478472222222222410e+00 1.218639433969599173e+00 9.100122304475074531e-01
3.479166666666666519e+00 1.220615391765086599e+00 9.127005915483927811e-01
3.479861111111111072e+00 1.221951445300264227e+00 9.160236917136567181e-01
3.480555555555555625e+00 1.224890002316424198e+00 9.185491033994565013e-01
3.481249999999999734e+00 1.229625212548878466e+00 9.213720140957354365e-01
3.481944444444444287e+00 1.230542874079844973e+00 9.248311533354865999e-01
3.482638888888888840e+00 1.232573330582648730e+00 9.278667915190536020e-01
3.483333333333332948e+00 1.234443715626054372e+00 9.314041269272186341e-01
3.484027777777777501e+00 1.237317985787220742e+00 9.339411556952533777e-01
3.484722222222222499e+00 1.239401885243155199e+00 9.365691355975147570e-01
3.485416666666667052e+00 1.241029858696591548e+00 9.401823322712165032e-01
3.486111111111111160e+00 1.241614537167237131e+00 9.435558054232769942e-01
3.486805555555555713e+00 1.243464963493318143e+00 9.458605522886006645e-01
3.487500000000000266e+00 1.246782191202570722e+00 9.486834090774270978e-01
3.488194444444444375e+00 1.247124868188362434e+00 9.519319635790134404e-01
3.488888888888888928e+00 1.249205000245696029e+00 9.547565971019080777e-01
3.489583333333333481e+00 1.250526332681229258e+00 9.570623773741997464e-01
3.490277777777777590e+00 1.252506469546170953e+00 9.599893856526782177e-01
3.490972222222222143e+00 1.254952038751482979e+00 9.631027727861465326e-01
3.491666666666666696e+00 1.256596692868626075e+00 9.660161328336462905e-01
3.492361111111110805e+00 1.258063355648946224e+00 9.688429554067291560e-01
3.493055555555555358e+00 1.259150423423604837e+00 9.717077335462376286e-01
3.493749999999999911e+00 1.261317332062647623e+00 9.747016386701823354e-01
3.494444444444444020e+00 1.264015012093060220e+00 9.775188544503756738e-01
3.495138888888889017e+00 1.264169767568215530e+00 9.799080733955246592e-01
3.495833333333333570e+00 1.266564952333721905e+00 9.830685241774821392e-01
3.496527777777778123e+00 1.268935053845811289e+00 9.859824928137018718e-01
3.497222222222222232e+00 1.269850937926428447e+00 9.874773470094302397e-01
3.497916666666666785e+00 1.270880593707857109e+00 9.903902168245068971e-01
3.498611111111111338e+00 1.272602935507231692e+00 9.939619337421228273e-01
3.499305555555555447e+00 1.274897044577752103e+00 9.966525408829782773e-01
3.500000000000000000e+00 1.275531324429030278e+00 9.991002167614784213e-01
3.500694444444444553e+00 1.277584093329346748e+00 1.001446733195867189e+00
3.501388888888888662e+00 1.278918956256945405e+00 1.003986159380329424e+00
3.502083333333333215e+00 1.280973746816929548e+00 1.006773235100629549e+00
3.502777777777777768e+00 1.282178991345955810e+00 1.009216561837162685e+00
3.503472222222221877e+00 1.283605866873389401e+00 1.011371556842182606e+00
3.504166666666666430e+00 1.284584320442532457e+00 1.014245504425467237e+00
3.504861111111110983e+00 1.286676131435489978e+00 1.016499853248195695e+00
3.505555555555555980e+00 1.288266676034658609e+00 1.018258977065658710e+00
3.506250000000000089e+00 1.288651817497714624e+00 1.021211069965519469e+00
3.506944444444444642e+00 1.291160073162973765e+00 1.025615855224347284e+00
3.507638888888889195e+00 1.292284542176976192e+00 1.028633474337797837e+00
3.508333333333333304e+00 1.294019943719086241e+00 1.027994198715713292e+00
3.509027777777777857e+00 1.294607291065934973e+00 1.031465811221980999e+00
3.509722222222222410e+00 1.296951100298579851e+00 1.035921412325596425e+00
3.510416666666666519e+00 1.297385260459501310e+00 1.037526426992536610e+00
3.511111111111111072e+00 1.298458797721280700e+00 1.039038369406086071e+00
3.511805555555555625e+00 1.301102426747335450e+00 1.042431430499579426e+00
3.512499999999999734e+00 1.302366689654570253e+00 1.044570546298021485e+00
3.513194444444444287e+00 1.301722848231683383e+00 1.046921787319853525e+00
3.513888888888888840e+00 1.303849719058697953e+00 1.048564849751430605e+00
3.514583333333332948e+00 1.306573019525559376e+00 1.051476302343301583e+00
3.515277777777777501e+00 1.307221561931370957e+00 1.054440122901059596e+00
3.515972222222222499e+00 1.308658165182368771e+00 1.055909803140959724e+00
3.516666666666667052e+00 1.310363352267432724e+00 1.058251291619050516e+00
3.517361111111111160e+00 1.310167902508762028e+00 1.061286233487154673e+00
3.518055555555555713e+00 1.311903017712670261e+00 1.063911490104983093e+00
3.518750000000000266e+00 1.313374644930072055e+00 1.065670352810869748e+00
3.519444444444444375e+00 1.314414506014722761e+00 1.068051960583719540e+00
3.520138888888888928e+00 1.316201346116384174e+00 1.070774067015284770e+00
3.520833333333333481e+00 1.316179297653200075e+00 1.072981198103745371e+00
3.521527777777777590e+00 1.318056152665334935e+00 1.074964310767422271e+00
3.522222222222222143e+00 1.318835652547994064e+00 1.076540090577426501e+00
3.522916666666666696e+00 1.320388309150031914e+00 1.079410371300622673e+00
3.523611111111110805e+00 1.321994421906317774e+00 1.081609357763261947e+00
3.524305555555555358e+00 1.322868701091529653e+00 1.083847526854391008e+00
3.524999999999999911e+00 1.323676334943709731e+00 1.085938923548393387e+00
3.525694444444444020e+00 1.324713602175246363e+00 1.088723567857249996e+00
3.526388888888889017e+00 1.326933367587403989e+00 1.090361584007504270e+00
3.527083333333333570e+00 1.326470795409982140e+00 1.092515200107226470e+00
3.527777777777778123e+00 1.327418912626431080e+00 1.094510086367374235e+00
3.528472222222222232e+00 1.329952399772116323e+00 1.096270378643113608e+00
3.529166666666666785e+00 1.330131223470731650e+00 1.098723698764186407e+00
3.529861111111111338e+00 1.332154819199334206e+00 1.100285595904328062e+00
3.530555555555555447e+00 1.332313245868552931e+00 1.103237719905238556e+00
3.531250000000000000e+00 1.333165872885016201e+00 1.105138958450430753e+00
3.531944444444444553e+00 1.334942402082193613e+00 1.106705305879573498e+00
3.532638888888888662e+00 1.335091125326413275e+00 1.108464775951641057e+00
3.533333333333333215e+00 1.336781504032139356e+00 1.111081871019220513e+00
3.534027777777777768e+00 1.337261705241298282e+00 1.113121562819015420e+00
3.534722222222221877e+00 1.337802309703662207e+00 1.115121631232722788e+00
3.535416666666666430e+00 1.338264007869206296e+00 1.116945148265457100e+00
3.536111111111110983e+00 1.339795077769270204e+00 1.119519190262737496e+00
3.536805555555555980e+00 1.340304825332252481e+00 1.121501005366483117e+00
3.537500000000000089e+00 1.342459913743144329e+00 1.121516978560854749e+00
3.538194444444444642e+00 1.343658092289495398e+00 1.123232405629589037e+00
3.538888888888889195e+00 1.342417243492240342e+00 1.126309094760918672e+00
3.539583333333333304e+00 1.342573960503314678e+00 1.128118908553964239e+00
3.540277777777777857e+00 1.343679305687456305e+00 1.129878843201163940e+00
3.540972222222222410e+00 1.346508956909822974e+00 1.132336724246588711e+00
3.541666666666666519e+00 1.345897495588839421e+00 1.134399299419313500e+00
3.542361111111111072e+00 1.346022484850441181e+00 1.136203298082089308e+00
3.543055555555555625e+00 1.345869680362497212e+00 1.137111718856620213e+00
3.543749999999999734e+00 1.348127015349099844e+00 1.139042310236460853e+00
3.544444444444444287e+00 1.346064832910359499e+00 1.141962547862938049e+00
3.545138888888888840e+00 1.345234480630330465e+00 1.141043298267999440e+00
3.545833333333332948e+00 1.347721342332854455e+00 1.140793427628830958e+00
3.546527777777777501e+00 1.349739717703922315e+00 1.144922493337992009e+00
3.547222222222222499e+00 1.350806431976417921e+00 1.148934182578601915e+00
3.547916666666667052e+00 1.351976002466765747e+00 1.148684781305958635e+00
3.548611111111111160e+00 1.353245852874120914e+00 1.150619447597268641e+00
3.549305555555555713e+00 1.353960201823269482e+00 1.153901636663199337e+00
3.550000000000000266e+00 1.352495812893484084e+00 1.152900108306077698e+00
3.550694444444444375e+00 1.351584854654997114e+00 1.154524361964235135e+00
3.551388888888888928e+00 1.354078998633080566e+00 1.153559862347700138e+00
3.552083333333333481e+00 1.356157439405929477e+00 1.152367147160934024e+00
3.552777777777777590e+00 1.356307307037691423e+00 1.153654579986717721e+00
3.553472222222222143e+00 1.357569848533965340e+00 1.157233883771742411e+00
3.554166666666666696e+00 1.359017861771860014e+00 1.158280033647295371e+00
3.554861111111110805e+00 1.358444721389894250e+00 1.158134934926051685e+00
3.555555555555555358e+00 1.358790282030168717e+00 1.159736235488542100e+00
3.556249999999999911e+00 1.357567823900307502e+00 1.161122882539942669e+00
3.556944444444444020e+00 1.358266837874210209e+00 1.163015565991163847e+00
3.557638888888889017e+00 1.363059578753760492e+00 1.164685002517244605e+00
3.558333333333333570e+00 1.362649028891844027e+00 1.164936786356523424e+00
3.559027777777778123e+00 1.361271167178224273e+00 1.166376387981522988e+00
3.559722222222222232e+00 1.363294091114670481e+00 1.168739075407542405e+00
3.560416666666666785e+00 1.365489905721202213e+00 1.171159814608838445e+00
3.561111111111111338e+00 1.363337847196729680e+00 1.177536825271846110e+00
3.561805555555555447e+00 1.361778539330547488e+00 1.178129585052246187e+00
3.562500000000000000e+00 1.365435763746551734e+00 1.178572771602427460e+00
3.563194444444444553e+00 1.368195101192180907e+00 1.180588364592741080e+00
3.563888888888888662e+00 1.363316117954827433e+00 1.183115085983475590e+00
3.564583333333333215e+00 1.363588783691315198e+00 1.182840597148626216e+00
3.565277777777777768e+00 1.366152135369394838e+00 1.184243073657982315e+00
3.565972222222221877e+00 1.366720803503573167e+00 1.187390820023106919e+00
3.566666666666666430e+00 1.368140994761306350e+00 1.187544885440849018e+00
3.567361111111110983e+00 1.368301873357027354e+00 1.188395428871575232e+00
3.568055555555555980e+00 1.369147755571509695e+00 1.190337186352241838e+00
3.568750000000000089e+00 1.371303306847931003e+00 1.191969417559273881e+00
3.569444444444444642e+00 1.369564275845372103e+00 1.192633286151512761e+00
3.570138888888889195e+00 1.368453186141406874e+00 1.193623594551465938e+00
3.570833333333333304e+00 1.372020100590726877e+00 1.193885848743970968e+00
3.571527777777777857e+00 1.366749007618500933e+00 1.195667214333222095e+00
3.572222222222222410e+00 1.368210163296485815e+00 1.196803755989856555e+00
3.572916666666666519e+00 1.370309782308045232e+00 1.195462530155743996e+00
3.573611111111111072e+00 1.367140149346799838e+00 1.196447924360478865e+00
3.574305555555555625e+00 1.366601870102051475e+00 1.199593111215025987e+00
3.574999999999999734e+00 1.364363766988521354e+00 1.199076028835606378e+00
3.575694444444444287e+00 1.361923511315421331e+00 1.198588937338910920e+00
3.576388888888888840e+00 1.360293160743510699e+00 1.199027262411829220e+00
3.577083333333332948e+00 1.360357864176415799e+00 1.200874318041068367e+00
3.577777777777777501e+00 1.363947793729781255e+00 1.203444996790581811e+00
3.578472222222222499e+00 1.368114057149804275e+00 1.203390434249824503e+00
3.579166666666667052e+00 1.369507187736045184e+00 1.204281048283073252e+00
3.579861111111111160e+00 1.367127443217013072e+00 1.206505742600290310e+00
3.580555555555555713e+00 1.367548318263930307e+00 1.206376319881306447e+00
3.581250000000000266e+00 1.369249256862937081e+00 1.208313016056937528e+00
3.581944444444444375e+00 1.367172025817774195e+00 1.209228199264711812e+00
3.582638888888888928e+00 1.367549233924839180e+00 1.208347144739380319e+00
3.583333333333333481e+00 1.371629823130331882e+00 1.208939547353527599e+00
3.584027777777777590e+00 1.371072944124128945e+00 1.211083699068939090e+00
3.584722222222222143e+00 1.370426062765894848e+00 1.212142845097586186e+00
3.585416666666666696e+00 1.369070760853745128e+00 1.213029328253416805e+00
3.586111111111110805e+00 1.371928498885346182e+00 1.212895376636432765e+00
3.586805555555555358e+00 1.376232540893325806e+00 1.214030881941055018e+00
3.587499999999999911e+00 1.371663244940379611e+00 1.214428924716544733e+00
3.588194444444444020e+00 1.369661237499258943e+00 1.214585565301565140e+00
3.588888888888889017e+00 1.374294033453125286e+00 1.216388752358703584e+00
3.589583333333333570e+00 1.374498530839483701e+00 1.215214689030460482e+00
3.590277777777778123e+00 1.374509588859770481e+00 1.214793218552971732e+00
3.590972222222222232e+00 1.375461708776041014e+00 1.218159618007668810e+00
3.591666666666666785e+00 1.375149332738046404e+00 1.217850011303688085e+00
3.592361111111111338e+00 1.375260782194975162e+00 1.217028100128761059e+00
3.593055555555555447e+00 1.374960078461129109e+00 1.220849295969243409e+00
3.593750000000000000e+00 1.373672844858677466e+00 1.219686578630250207e+00
3.594444444444444553e+00 1.374793881372688764e+00 1.217179639062725194e+00
3.595138888888888662e+00 1.374134463137038908e+00 1.216695611674788013e+00
3.595833333333333215e+00 1.375162402441059806e+00 1.220361639848167146e+00
3.596527777777777768e+00 1.374175294159396765e+00 1.221440252830811479e+00
3.597222222222221877e+00 1.372957807183566192e+00 1.220653786726467516e+00
3.597916666666666430e+00 1.374345365201466995e+00 1.220553719208468335e+00
3.598611111111110983e+00 1.374140944312276957e+00 1.220646436467184071e+00
3.599305555555555980e+00 1.374227861345022728e+00 1.223929184403153902e+00
3.600000000000000089e+00 1.374002142196786735e+00 1.225672860702318179e+00
3.600694444444444642e+00 1.375237419479756085e+00 1.223422884338917438e+00
3.601388888888889195e+00 1.374221008399165278e+00 1.222643295708191857e+00
3.602083333333333304e+00 1.372541956713306144e+00 1.222807694313347460e+00
3.602777777777777857e+00 1.374345837056083486e+00 1.223507260057890234e+00
3.603472222222222410e+00 1.374128923686333215e+00 1.224516533875094293e+00
3.604166666666666519e+00 1.369344031515799864e+00 1.224455037174473127e+00
3.604861111111111072e+00 1.370468775049201060e+00 1.226672572248103776e+00
3.605555555555555625e+00 1.375623657056926241e+00 1.228375746858688888e+00
3.606249999999999734e+00 1.372570989257041463e+00 1.225460586072824931e+00
3.606944444444444287e+00 1.372361623897075944e+00 1.225099537409463535e+00
3.607638888888888840e+00 1.371200954770810165e+00 1.226707040456856523e+00
3.608333333333332948e+00 1.373638031634148104e+00 1.227932046907208807e+00
3.609027777777777501e+00 1.375151564600374021e+00 1.225892914974326064e+00
3.609722222222222499e+00 1.371232946658352381e+00 1.224844813705083579e+00
3.610416666666667052e+00 1.369680883543513028e+00 1.226023468797416971e+00
3.611111111111111160e+00 1.371648114666239371e+00 1.227382213089275975e+00
3.611805555555555713e+00 1.373397875719076344e+00 1.228059364413625953e+00
3.612500000000000266e+00 1.373076921823236152e+00 1.225386266264604229e+00
3.613194444444444375e+00 1.371593305569357435e+00 1.224812788711449718e+00
3.613888888888888928e+00 1.371245941177250849e+00 1.228163800897229985e+00
3.614583333333333481e+00 1.370985136004817972e+00 1.230156615354941030e+00
3.615277777777777590e+00 1.371561627776958892e+00 1.231348765175563686e+00
3.615972222222222143e+00 1.370436788218816870e+00 1.230562938283242147e+00
3.616666666666666696e+00 1.371161633918764444e+00 1.226848023821315969e+00
3.617361111111110805e+00 1.371004629391621377e+00 1.224661887690148054e+00
3.618055555555555358e+00 1.370136143434247611e+00 1.224288515489848406e+00
3.618749999999999911e+00 1.370273098209548124e+00 1.226189738714400512e+00
3.619444444444444020e+00 1.369062801457011425e+00 1.229479569215180312e+00
3.620138888888889017e+00 1.369308168055454633e+00 1.231042631678405996e+00
3.620833333333333570e+00 1.367687718039458433e+00 1.227875251560787806e+00
3.621527777777778123e+00 1.368016351537967967e+00 1.226593710897072809e+00
3.622222222222222232e+00 1.367819990416834219e+00 1.228090222497541406e+00
3.622916666666666785e+00 1.366641957557633402e+00 1.228754253953220132e+00
3.623611111111111338e+00 1.367354620213803607e+00 1.228536527929277478e+00
3.624305555555555447e+00 1.366397301560098754e+00 1.227061327291444570e+00
3.625000000000000000e+00 1.366797184368261364e+00 1.228051265204166187e+00
3.625694444444444553e+00 1.365174297020846694e+00 1.229855060905156616e+00
3.626388888888888662e+00 1.365309101893231514e+00 1.226307641410407712e+00
3.627083333333333215e+00 1.365220665521154952e+00 1.224865306309545820e+00
3.627777777777777768e+00 1.363814863881342543e+00 1.227340422381050455e+00
3.628472222222221877e+00 1.364282018706247879e+00 1.226855176099631128e+00
3.629166666666666430e+00 1.363048188719036657e+00 1.225698643160363144e+00
3.629861111111110983e+00 1.363274378944061560e+00 1.227199598980464934e+00
3.630555555555555980e+00 1.361545892184338191e+00 1.227099099168881935e+00
3.631250000000000089e+00 1.361354881814860418e+00 1.226461746517493845e+00
3.631944444444444642e+00 1.361525469245918440e+00 1.225454673484939638e+00
3.632638888888889195e+00 1.360230208644957806e+00 1.223879115373160742e+00
3.633333333333333304e+00 1.360580181570709035e+00 1.224255754290361597e+00
3.634027777777777857e+00 1.359203481871341213e+00 1.225352493684385147e+00
3.634722222222222410e+00 1.359527341347272600e+00 1.223689692586756195e+00
3.635416666666666519e+00 1.357883087403760181e+00 1.223154561073228397e+00
3.636111111111111072e+00 1.357341300417459484e+00 1.223115196035774233e+00
3.636805555555555625e+00 1.357710820635440463e+00 1.223256105753731227e+00
3.637499999999999734e+00 1.356561444873927158e+00 1.221432459904217671e+00
3.638194444444444287e+00 1.356660008850660626e+00 1.220156791840818267e+00
3.638888888888888840e+00 1.355176842354394173e+00 1.220938853325121976e+00
3.639583333333332948e+00 1.355453453598492342e+00 1.220436595527700785e+00
3.640277777777777501e+00 1.353728363569249193e+00 1.219877353638698869e+00
3.640972222222222499e+00 1.352932586562813455e+00 1.219454127939613164e+00
3.641666666666667052e+00 1.353507832676852818e+00 1.218381667895677811e+00
3.642361111111111160e+00 1.352618378306303493e+00 1.216805058076124935e+00
3.643055555555555713e+00 1.353608912836366862e+00 1.215741341068524495e+00
3.643750000000000266e+00 1.352969109926738467e+00 1.215693460806000381e+00
3.644444444444444375e+00 1.353846732346853488e+00 1.215748831400487839e+00
3.645138888888888928e+00 1.351984991359322930e+00 1.214774423362624312e+00
3.645833333333333481e+00 1.350407544052459885e+00 1.213203374963019110e+00
3.646527777777777590e+00 1.349767763585913549e+00 1.214227337691824449e+00
3.647222222222222143e+00 1.348857654646697712e+00 1.214125218069965984e+00
3.647916666666666696e+00 1.349476219583302994e+00 1.213209888942984982e+00
3.648611111111110805e+00 1.348003017406396831e+00 1.212393257432907046e+00
3.649305555555555358e+00 1.348434112077671498e+00 1.212092474791313990e+00
3.649999999999999911e+00 1.346558518475803989e+00 1.211104032316402179e+00
3.650694444444444020e+00 1.345555357771471394e+00 1.209324562035267947e+00
3.651388888888889017e+00 1.345916535978306072e+00 1.208671890264016113e+00
3.652083333333333570e+00 1.344566566786485451e+00 1.209041964150541437e+00
3.652777777777778123e+00 1.344497942701856186e+00 1.207745487374500826e+00
3.653472222222222232e+00 1.342723054991668885e+00 1.206533637742903675e+00
3.654166666666666785e+00 1.343108702534332455e+00 1.206104321897436549e+00
3.654861111111111338e+00 1.341478201561647765e+00 1.204839566296060260e+00
3.655555555555555447e+00 1.340797805365766981e+00 1.203032689034092773e+00
3.656250000000000000e+00 1.341748953296322044e+00 1.199423936243733557e+00
3.656944444444444553e+00 1.340970479256065051e+00 1.197614530622335582e+00
3.657638888888888662e+00 1.340792377092315135e+00 1.197728253250460062e+00
3.658333333333333215e+00 1.338226337986380576e+00 1.195856855882890590e+00
3.659027777777777768e+00 1.336842218887593026e+00 1.193542611148461274e+00
3.659722222222221877e+00 1.333573559435258460e+00 1.192277101289260788e+00
3.660416666666666430e+00 1.333063011618565108e+00 1.191930127122109884e+00
3.661111111111110983e+00 1.333438282373800909e+00 1.191752654387993049e+00
3.661805555555555980e+00 1.331992998744655265e+00 1.194263284486128507e+00
3.662500000000000089e+00 1.331733574466552161e+00 1.191406452526287740e+00
3.663194444444444642e+00 1.329896558789993577e+00 1.188216475992364352e+00
3.663888888888889195e+00 1.329900123202078177e+00 1.187775204399414752e+00
3.664583333333333304e+00 1.327551203441217131e+00 1.188257575251023823e+00
3.665277777777777857e+00 1.327039891030718399e+00 1.187574974536369510e+00
3.665972222222222410e+00 1.327217365482174394e+00 1.184021932773015262e+00
3.666666666666666519e+00 1.325950211171628146e+00 1.182375598040144915e+00
3.667361111111111072e+00 1.326025810815988359e+00 1.181837099235297117e+00
3.668055555555555625e+00 1.324460975136356966e+00 1.181108240568560674e+00
3.668749999999999734e+00 1.324019387953642601e+00 1.179213293575113397e+00
3.669444444444444287e+00 1.320513361258786045e+00 1.178595450992839577e+00
3.670138888888888840e+00 1.318696602346417945e+00 1.179471983484842168e+00
3.670833333333332948e+00 1.318176327216902699e+00 1.178337856074153756e+00
3.671527777777777501e+00 1.317040028507290739e+00 1.174871820131718980e+00
3.672222222222222499e+00 1.317141147907269438e+00 1.174005730018976790e+00
3.672916666666667052e+00 1.315019222929056042e+00 1.173558779598891100e+00
3.673611111111111160e+00 1.314234613419200004e+00 1.171566909848146931e+00
3.674305555555555713e+00 1.311195137659384002e+00 1.169480209005268723e+00
3.675000000000000266e+00 1.310527234755674009e+00 1.167806200417687013e+00
3.675694444444444375e+00 1.309772337515837215e+00 1.166523579263256671e+00
3.676388888888888928e+00 1.307772233838442544e+00 1.164759027339339115e+00
3.677083333333333481e+00 1.307709105387680149e+00 1.163799648164866696e+00
3.677777777777777590e+00 1.306143969352598022e+00 1.162519020211432830e+00
3.678472222222222143e+00 1.305702859320317266e+00 1.161198807826434587e+00
3.679166666666666696e+00 1.302598366486098502e+00 1.159393166491964777e+00
3.679861111111110805e+00 1.300881789491305174e+00 1.156731480835675008e+00
3.680555555555555358e+00 1.298802782285428226e+00 1.153702818809534181e+00
3.681249999999999911e+00 1.295815720169396501e+00 1.151323655731779194e+00
3.681944444444444020e+00 1.295576483799727230e+00 1.149423307417023921e+00
3.682638888888889017e+00 1.294199536271561479e+00 1.148193695998447339e+00
3.683333333333333570e+00 1.293724290045069836e+00 1.146822144492431139e+00
3.684027777777778123e+00 1.290235600841480146e+00 1.145102765365392461e+00
3.684722222222222232e+00 1.288725636860030388e+00 1.143701417051468328e+00
3.685416666666666785e+00 1.286343167218075845e+00 1.141808976075783244e+00
3.686111111111111338e+00 1.282960596783261797e+00 1.140298540672334271e+00
3.686805555555555447e+00 1.282180298414777653e+00 1.137281680168366949e+00
3.687500000000000000e+00 1.280123483650948080e+00 1.134370438172785711e+00
3.688194444444444553e+00 1.279490715304283821e+00 1.131327137842532471e+00
3.688888888888888662e+00 1.276359889568007056e+00 1.129247600877958391e+00
3.689583333333333215e+00 1.275416305087247126e+00 1.128275195871538239e+00
3.690277777777777768e+00 1.274030240448750462e+00 1.126633028499395062e+00
3.690972222222221877e+00 1.271232762829963114e+00 1.124609494071695970e+00
3.691666666666666430e+00 1.270258418536581280e+00 1.122306269744026697e+00
3.692361111111110983e+00 1.267942342171515024e+00 1.119012582744520978e+00
3.693055555555555980e+00 1.266895036699189125e+00 1.116323502424068970e+00
3.693750000000000089e+00 1.262903286329414065e+00 1.113980694918847547e+00
3.694444444444444642e+00 1.260736799076924486e+00 1.112412505562924148e+00
3.695138888888889195e+00 1.258226080248023848e+00 1.110388597753391160e+00
3.695833333333333304e+00 1.255010799004823596e+00 1.108479620423572953e+00
3.696527777777777857e+00 1.254132083240774298e+00 1.105601735914384820e+00
3.697222222222222410e+00 1.251956086202626217e+00 1.103470469735748694e+00
3.697916666666666519e+00 1.250625887306317408e+00 1.100425861019974638e+00
3.698611111111111072e+00 1.246270173542994408e+00 1.096632789380595385e+00
3.699305555555555625e+00 1.243744414222337058e+00 1.094359956529466382e+00
3.699999999999999734e+00 1.241156880663818463e+00 1.093345172779324637e+00
3.700694444444444287e+00 1.238302265878196140e+00 1.090446958298129987e+00
3.701388888888888840e+00 1.237692780684383154e+00 1.086932949682919203e+00
3.702083333333332948e+00 1.235742583760244040e+00 1.084561772331692042e+00
3.702777777777777501e+00 1.234908923944696868e+00 1.080639505417562818e+00
3.703472222222222499e+00 1.231667457273254884e+00 1.077550322392820670e+00
3.704166666666667052e+00 1.230685259604770820e+00 1.075837271545179386e+00
3.704861111111111160e+00 1.227849211999134216e+00 1.073266603454923862e+00
3.705555555555555713e+00 1.223710545184478971e+00 1.070177784765374396e+00
3.706250000000000266e+00 1.222831442454289430e+00 1.066629103413952784e+00
3.706944444444444375e+00 1.221409625310318603e+00 1.062943741383325813e+00
3.707638888888888928e+00 1.220545048400324628e+00 1.058448828791228369e+00
3.708333333333333481e+00 1.217209846434413656e+00 1.055239298850974894e+00
3.709027777777777590e+00 1.215913540815881433e+00 1.053525381879055756e+00
3.709722222222222143e+00 1.213472587317982576e+00 1.049783386850217548e+00
3.710416666666666696e+00 1.210900429871944350e+00 1.045896701336713974e+00
3.711111111111110805e+00 1.211037524776833463e+00 1.043553601402579467e+00
3.711805555555555358e+00 1.209525470564896343e+00 1.040273617423023822e+00
3.712499999999999911e+00 1.207418381816660391e+00 1.037327260683357677e+00
3.713194444444444020e+00 1.202961582764157988e+00 1.035585276468597327e+00
3.713888888888889017e+00 1.201007283980107143e+00 1.031106234065078731e+00
3.714583333333333570e+00 1.197486182008222766e+00 1.026809409426993058e+00
3.715277777777778123e+00 1.195003319578908707e+00 1.023887128268290647e+00
3.715972222222222232e+00 1.193444679078206727e+00 1.019979248461584165e+00
3.716666666666666785e+00 1.190128607170837016e+00 1.015249363311083064e+00
3.717361111111111338e+00 1.186395642461037792e+00 1.010889709620323096e+00
3.718055555555555447e+00 1.182457794383816374e+00 1.006526134429485353e+00
3.718750000000000000e+00 1.181055775064355107e+00 1.003242869905830004e+00
3.719444444444444553e+00 1.176422197213222054e+00 1.000154354710976801e+00
3.720138888888888662e+00 1.174561508135757437e+00 9.964264196192488265e-01
3.720833333333333215e+00 1.171887961093343034e+00 9.930128967828625308e-01
3.721527777777777768e+00 1.166949419421446033e+00 9.886096815563552020e-01
3.722222222222221877e+00 1.162894715666850765e+00 9.847855340098381483e-01
3.722916666666666430e+00 1.156668971471297436e+00 9.817052234407539490e-01
3.723611111111110983e+00 1.152338827046601955e+00 9.774504461444735171e-01
3.724305555555555980e+00 1.147284599595627785e+00 9.728338812944639091e-01
3.725000000000000089e+00 1.145258890984297340e+00 9.675100964370042522e-01
3.725694444444444642e+00 1.142002976521672819e+00 9.635721841117964592e-01
3.726388888888889195e+00 1.136801449696582589e+00 9.600647781694890970e-01
3.727083333333333304e+00 1.133291411951505401e+00 9.557437284296429469e-01
3.727777777777777857e+00 1.127231505817913870e+00 9.515094583429521968e-01
3.728472222222222410e+00 1.120717227731887089e+00 9.466810616273964030e-01
3.729166666666666519e+00 1.113835189795945091e+00 9.418111718854949022e-01
3.729861111111111072e+00 1.111249072094165236e+00 9.371037469261235264e-01
3.730555555555555625e+00 1.106808372051890421e+00 9.324334101412260489e-01
3.731249999999999734e+00 1.101898167982013677e+00 9.273184790639500408e-01
3.731944444444444287e+00 1.098161020346151595e+00 9.225323030211614039e-01
3.732638888888888840e+00 1.093016404358107652e+00 9.180900917892576008e-01
3.733333333333332948e+00 1.086785426378075181e+00 9.131065075152657862e-01
3.734027777777777501e+00 1.080489202264659498e+00 9.077678272323772557e-01
3.734722222222222499e+00 1.077403199106536702e+00 9.027280373607842190e-01
3.735416666666667052e+00 1.071524436154349669e+00 8.975234374455262065e-01
3.736111111111111160e+00 1.067825360829766979e+00 8.921855062416860216e-01
3.736805555555555713e+00 1.063506429217788263e+00 8.869582967757877467e-01
3.737500000000000266e+00 1.057024125390248814e+00 8.818603716117784375e-01
3.738194444444444375e+00 1.050647623360355221e+00 8.764331636128073200e-01
3.738888888888888928e+00 1.044637277340515702e+00 8.706089806728599667e-01
3.739583333333333481e+00 1.041568627667861291e+00 8.649380984203914879e-01
3.740277777777777590e+00 1.035417459479965219e+00 8.591975051026855548e-01
3.740972222222222143e+00 1.032071465342107919e+00 8.535249684522496771e-01
3.741666666666666696e+00 1.027712862451465092e+00 8.480861507414806377e-01
3.742361111111110805e+00 1.021391591359647188e+00 8.423658293449065582e-01
3.743055555555555358e+00 1.015683469054336152e+00 8.363842770864828857e-01
3.743749999999999911e+00 1.008176218976114757e+00 8.299877712615015835e-01
3.744444444444444020e+00 1.001777518012840318e+00 8.240076255112906978e-01
3.745138888888889017e+00 9.935452889619408312e-01 8.178748895766094762e-01
3.745833333333333570e+00 9.879883949012898681e-01 8.115719995329372383e-01
3.746527777777778123e+00 9.803249318964800674e-01 8.051356950647480248e-01
3.747222222222222232e+00 9.730890299070000804e-01 7.986883588580679927e-01
3.747916666666666785e+00 9.666374316413135492e-01 7.921915753581987296e-01
3.748611111111111338e+00 9.590951890208965214e-01 7.856885440384396846e-01
3.749305555555555447e+00 9.515104322021681327e-01 7.791632862240300827e-01
3.750000000000000000e+00 9.440109180616963469e-01 7.724937069356422326e-01
3.750694444444444553e+00 9.388655728484552876e-01 7.658856678749511593e-01
3.751388888888888662e+00 9.321163848103687366e-01 7.592193047154249808e-01
3.752083333333333215e+00 9.296306545995984827e-01 7.524132429451025894e-01
3.752777777777777768e+00 9.281714703959855761e-01 7.454396328374873759e-01
3.753472222222221877e+00 9.278892307753651147e-01 7.384519511647529288e-01
3.754166666666666430e+00 9.317324548245972116e-01 7.313620155205418083e-01
3.754861111111110983e+00 9.368245379016447716e-01 7.241130847692702766e-01
3.755555555555555980e+00 9.424552755805445381e-01 7.168391495988510886e-01
3.756250000000000089e+00 9.451176904858097361e-01 7.094706782405550971e-01
3.756944444444444642e+00 9.504619314832151167e-01 7.020233303108821543e-01
3.757638888888889195e+00 9.529165221617187376e-01 6.945258820693536173e-01
3.758333333333333304e+00 9.531241832348539278e-01 6.869498290501927507e-01
3.759027777777777857e+00 9.494483308483155914e-01 6.792954349781004098e-01
3.759722222222222410e+00 9.402330442157919022e-01 6.714894771880938196e-01
3.760416666666666519e+00 9.263937061430883579e-01 6.636026956609190064e-01
3.761111111111111072e+00 9.103224554742764818e-01 6.555314569585043438e-01
3.761805555555555625e+00 8.956309159632630523e-01 6.475246812352511983e-01
3.762499999999999734e+00 8.794095727346605829e-01 6.394262553863910847e-01
3.763194444444444287e+00 8.656605231576690596e-01 6.311557206374635021e-01
3.763888888888888840e+00 8.506629675411914171e-01 6.227415976648879026e-01
3.764583333333332948e+00 8.408853026857916468e-01 6.142127201035164630e-01
3.765277777777777501e+00 8.365308969267587491e-01 6.055964542738833112e-01
3.765972222222222499e+00 8.346800129785660882e-01 5.969199313812175722e-01
3.766666666666667052e+00 8.332200972746947043e-01 5.881435239211291188e-01
3.767361111111111160e+00 8.313718605777529191e-01 5.792085354063460922e-01
3.768055555555555713e+00 8.305441910894583168e-01 5.700858368024201983e-01
3.768750000000000266e+00 8.269659468790060419e-01 5.608772744211176775e-01
3.769444444444444375e+00 8.242729281005379827e-01 5.516242950889298502e-01
3.770138888888888928e+00 8.185819070320670132e-01 5.423900949239315317e-01
3.770833333333333481e+00 8.141133929554017490e-01 5.331052577321382380e-01
3.771527777777777590e+00 8.090073750985909973e-01 5.237471271191289635e-01
3.772222222222222143e+00 8.021984420247676439e-01 5.143191043526847972e-01
3.772916666666666696e+00 7.937763914968841705e-01 5.048372565608948426e-01
3.773611111111110805e+00 7.842407655322281013e-01 4.953156045970702470e-01
3.774305555555555358e+00 7.756707184805827771e-01 4.857429784775590398e-01
3.774999999999999911e+00 7.663033612472338607e-01 4.761305490238884608e-01
3.775694444444444020e+00 7.594772655564363539e-01 4.664583024667720568e-01
3.776388888888889017e+00 7.512153093127914572e-01 4.567420364683629774e-01
3.777083333333333570e+00 7.457138681099192423e-01 4.469849957914029948e-01
3.777777777777778123e+00 7.396294729797854295e-01 4.372209259166064399e-01
3.778472222222222232e+00 7.318893922281479725e-01 4.274170120991049870e-01
3.779166666666666785e+00 7.205549533615036584e-01 4.175214110976512294e-01
3.779861111111111338e+00 7.043914708759493326e-01 4.072433619248829184e-01
3.780555555555555447e+00 6.841362485653746939e-01 3.977275781737770743e-01
3.781250000000000000e+00 6.624488240876231782e-01 3.878030375794449536e-01
3.781944444444444553e+00 6.427868723307293974e-01 3.782501377240730656e-01
3.782638888888888662e+00 6.255297417525992332e-01 3.680734564639706607e-01
3.783333333333333215e+00 6.164532240390987461e-01 3.581575108364943860e-01
3.784027777777777768e+00 6.104852467681813888e-01 3.484680437422643662e-01
3.784722222222221877e+00 6.022253418884934151e-01 3.383895578070076349e-01
3.785416666666666430e+00 5.720564115340164291e-01 3.280506273590513833e-01
3.786111111111110983e+00 5.669110074647710773e-01 3.181506290912365920e-01
3.786805555555555980e+00 4.735285584776435241e-01 3.076758394072915404e-01
3.787500000000000089e+00 4.992757254903998909e-01 2.964743729861628041e-01
3.788194444444444642e+00 4.172920252204709302e-01 2.856737230465986599e-01
3.788888888888889195e+00 4.026825616452738288e-01 2.745579807317890531e-01
3.789583333333333304e+00 3.926412420954943361e-01 2.634828221732998244e-01
3.790277777777777857e+00 3.821726637824700012e-01 2.530854155534727479e-01
3.790972222222222410e+00 3.720610416443119739e-01 2.436418646732648741e-01
3.791666666666666519e+00 3.623134796411575653e-01 2.347370909077004519e-01
3.792361111111111072e+00 3.520585438322302307e-01 2.263995637794329885e-01
3.793055555555555625e+00 3.427099101674476178e-01 2.184624370717613839e-01
3.793749999999999734e+00 3.324551343758490596e-01 2.107069935584539033e-01
3.794444444444444287e+00 3.227860468723563470e-01 2.035437963329514988e-01
3.795138888888888840e+00 3.127307803454177360e-01 1.965180214668592606e-01
3.795833333333332948e+00 3.031120368839524959e-01 1.897194491669797201e-01
3.796527777777777501e+00 2.930305319263261654e-01 1.832625191033937784e-01
3.797222222222222499e+00 2.831865714483687291e-01 1.770474620696620427e-01
3.797916666666667052e+00 2.728450928264221087e-01 1.710662582950601696e-01
3.798611111111111160e+00 2.628710021069243785e-01 1.653020325361798937e-01
3.799305555555555713e+00 2.526566559619264352e-01 1.597618559352078915e-01
3.800000000000000266e+00 2.427697153545222697e-01 1.544086051408452009e-01
3.800694444444444375e+00 2.327154057252219799e-01 1.492841042257931072e-01
3.801388888888888928e+00 2.230324063993311678e-01 1.442951503605928720e-01
3.802083333333333481e+00 2.132748321559473637e-01 1.395428646618336321e-01
3.802777777777777590e+00 2.038709075277053973e-01 1.349285524166784767e-01
3.803472222222222143e+00 1.946818600577563396e-01 1.305105251371042330e-01
3.804166666666666696e+00 1.859187316399017187e-01 1.261992302679874056e-01
3.804861111111110805e+00 1.772922853066962456e-01 1.220560674040212235e-01
3.805555555555555358e+00 1.691544083411248844e-01 1.180905266762178746e-01
3.806249999999999911e+00 1.613958640085736140e-01 1.142512467217579181e-01
3.806944444444444020e+00 1.541055517704267019e-01 1.105463382115543375e-01
3.807638888888889017e+00 1.471823721164673693e-01 1.069593038131286949e-01
3.808333333333333570e+00 1.407083855781332549e-01 1.035047077096352547e-01
3.809027777777778123e+00 1.346741096697298690e-01 1.001175121348314295e-01
3.809722222222222232e+00 1.290302051512863257e-01 9.690221830750993248e-02
3.810416666666666785e+00 1.238447540904550059e-01 9.380477109109167100e-02
3.811111111111111338e+00 1.188736700065019108e-01 9.081227058765853344e-02
3.811805555555555447e+00 1.144216750061825549e-01 8.788396179002176678e-02
3.812500000000000000e+00 1.100474508159261511e-01 8.509165019598667612e-02
3.813194444444444553e+00 1.063882265758381573e-01 8.237703088392266115e-02
3.813888888888888662e+00 1.027244727524341122e-01 7.974911207919681277e-02
3.814583333333333215e+00 9.968771462182862697e-02 7.723634602603456079e-02
3.815277777777777768e+00 9.671827096569413085e-02 7.481336360958154574e-02
3.815972222222221877e+00 9.424382100877087831e-02 7.246452905586477089e-02
3.816666666666666430e+00 9.182230814611205827e-02 7.018848477341228798e-02
3.817361111111110983e+00 8.979132872209792671e-02 6.800454458999398433e-02
3.818055555555555980e+00 8.783828380893275722e-02 6.587498822403105303e-02
3.818750000000000089e+00 8.619779674219663068e-02 6.382019691153627272e-02
3.819444444444444642e+00 8.470664652231624236e-02 6.183673993731372137e-02
3.820138888888889195e+00 8.347586010659986677e-02 5.992059348597323504e-02
3.820833333333333304e+00 8.226025774686039627e-02 5.806964036076552732e-02
3.821527777777777857e+00 8.135147163509957868e-02 5.628630413733509696e-02
3.822222222222222410e+00 8.040570642201853857e-02 5.456899290410136688e-02
3.822916666666666519e+00 7.974826583632943500e-02 5.289716479948700090e-02
3.823611111111111072e+00 7.901786164859633810e-02 5.129038698853215922e-02
3.824305555555555625e+00 7.859269735289198255e-02 4.973283199524493325e-02
3.824999999999999734e+00 7.807467406000277721e-02 4.823507873820617048e-02
3.825694444444444287e+00 7.775107908211542629e-02 4.677066455463578520e-02
3.826388888888888840e+00 7.738776692344231933e-02 4.536959176459027382e-02
3.827083333333332948e+00 7.715229003364608429e-02 4.402111951828115849e-02
3.827777777777777501e+00 7.695215803485359884e-02 4.271500939154537768e-02
3.828472222222222499e+00 7.686875042885128739e-02 4.142966864064236143e-02
3.829166666666667052e+00 7.672124943172346778e-02 4.017469753277543715e-02
3.829861111111111160e+00 7.668823716707470761e-02 3.896793859017541606e-02
3.830555555555555713e+00 7.664213269406232321e-02 3.779390107206966054e-02
3.831250000000000266e+00 7.665655990959850674e-02 3.666738165950914063e-02
3.831944444444444375e+00 7.667142285313835459e-02 3.557460473975595366e-02
3.832638888888888928e+00 7.674496629356165889e-02 3.451793108094029089e-02
3.833333333333333481e+00 7.679341617806854925e-02 3.349427805939889091e-02
3.834027777777777590e+00 7.694555946036304994e-02 3.251382369059842292e-02
3.834722222222222143e+00 7.703264509747946576e-02 3.155584314201726609e-02
3.835416666666666696e+00 7.720018375466773664e-02 3.063235453522283880e-02
3.836111111111110805e+00 7.730283205982865780e-02 2.973394131635646864e-02
3.836805555555555358e+00 7.752990448223102959e-02 2.886490983014059972e-02
3.837499999999999911e+00 7.762161938480112433e-02 2.802671990935889229e-02
3.838194444444444020e+00 7.784523709912416489e-02 2.721172945329251164e-02
3.838888888888889017e+00 7.795259312076274760e-02 2.642080053762602479e-02
3.839583333333333570e+00 7.816517787575015530e-02 2.565259332967044503e-02
3.840277777777778123e+00 7.830468846948078487e-02 2.491443615158907970e-02
3.840972222222222232e+00 7.849788350226027944e-02 2.419399385284763671e-02
3.841666666666666785e+00 7.863928457895622004e-02 2.349737477532538865e-02
3.842361111111111338e+00 7.879515508299764215e-02 2.281668546813549192e-02
3.843055555555555447e+00 7.895068307559294229e-02 2.216373160905218964e-02
3.843750000000000000e+00 7.908903254752126799e-02 2.152862547826267514e-02
3.844444444444444553e+00 7.926985872822593648e-02 2.091365829785862829e-02
3.845138888888888662e+00 7.940304991569108184e-02 2.031406509459569854e-02
3.845833333333333215e+00 7.955442951122841666e-02 1.973442764773044797e-02
3.846527777777777768e+00 7.968863607616161193e-02 1.917240592920133047e-02
3.847222222222221877e+00 7.985072739433513034e-02 1.861912137680874629e-02
3.847916666666666430e+00 7.999575185406380962e-02 1.808623415454779781e-02
3.848611111111110983e+00 8.013799016808632880e-02 1.756661474900345077e-02
3.849305555555555980e+00 8.026719550478607357e-02 1.706426024610767714e-02
3.850000000000000089e+00 8.037180209132556430e-02 1.657227592451289769e-02
3.850694444444444642e+00 8.050396958156680327e-02 1.609781140846333267e-02
3.851388888888889195e+00 8.060366265753030057e-02 1.563711130216919806e-02
3.852083333333333304e+00 8.072168161420179011e-02 1.519438114881467745e-02
3.852777777777777857e+00 8.081122333017599912e-02 1.475918676348359285e-02
3.853472222222222410e+00 8.089100984741925959e-02 1.433337053347725695e-02
3.854166666666666519e+00 8.095518657940864449e-02 1.392215852838512430e-02
3.854861111111111072e+00 8.103777183903233816e-02 1.352140125073140499e-02
3.855555555555555625e+00 8.114643299950469180e-02 1.313299336840758127e-02
3.856249999999999734e+00 8.122163548616309625e-02 1.275330501437944505e-02
3.856944444444444287e+00 8.125861396761664690e-02 1.238924923136886999e-02
3.857638888888888840e+00 8.130458534272728965e-02 1.203310916980337292e-02
3.858333333333332948e+00 8.138668692343703492e-02 1.168648484260142659e-02
3.859027777777777501e+00 8.148526915579884511e-02 1.134614757375109612e-02
3.859722222222222499e+00 8.156766058448002010e-02 1.101779268891017738e-02
3.860416666666667052e+00 8.167144108538146319e-02 1.069788758744852179e-02
3.861111111111111160e+00 8.173792028851686875e-02 1.038521658408100672e-02
3.861805555555555713e+00 8.177206211215637399e-02 1.008095052062988987e-02
3.862500000000000266e+00 8.181556629485647880e-02 9.785865887376732353e-03
3.863194444444444375e+00 8.185319835485571627e-02 9.502977534054291367e-03
3.863888888888888928e+00 8.187815372778965706e-02 9.225176717165911588e-03
3.864583333333333481e+00 8.188540641868438663e-02 8.953395922028243095e-03
3.865277777777777590e+00 8.188701271378251434e-02 8.687753646093516677e-03
3.865972222222222143e+00 8.182611863977810873e-02 8.430117910185566665e-03
3.866666666666666696e+00 8.181119307311510158e-02 8.179184892315262412e-03
3.867361111111110805e+00 8.183494142657678216e-02 7.935423474555289639e-03
3.868055555555555358e+00 8.170221850913475525e-02 7.697471389169332177e-03
3.868749999999999911e+00 8.162008907758967757e-02 7.467096219251892139e-03
3.869444444444444020e+00 8.160786426166405372e-02 7.242964824169284208e-03
3.870138888888889017e+00 8.146360134499260053e-02 7.022323325859325220e-03
3.870833333333333570e+00 8.161021961185913054e-02 6.808734137109276503e-03
3.871527777777778123e+00 8.153124021258394138e-02 6.600856936116368014e-03
3.872222222222222232e+00 8.152163569714608593e-02 6.399798989027012143e-03
3.872916666666666785e+00 8.154776213344629154e-02 6.201881886508107608e-03
3.873611111111111338e+00 8.147733920077947223e-02 6.009322634812862100e-03
3.874305555555555447e+00 8.147720692347065752e-02 5.819150293082361695e-03
3.875000000000000000e+00 8.147704755893100947e-02 5.637260722366426932e-03
3.875694444444444553e+00 8.137411747221315328e-02 5.457669463528584501e-03
3.876388888888888662e+00 8.138711568996100099e-02 5.283524469083786951e-03
3.877083333333333215e+00 8.144211721077604382e-02 5.116257002169381785e-03
3.877777777777777768e+00 8.132959336007175577e-02 4.951900208650551229e-03
3.878472222222221877e+00 8.132237627785492140e-02 4.790423412818099400e-03
3.879166666666666430e+00 8.134544505757801414e-02 4.632615752537778270e-03
3.879861111111110983e+00 8.124555282545428692e-02 4.480365858429587005e-03
3.880555555555555980e+00 8.108583543353384271e-02 4.330458747341989212e-03
3.881250000000000089e+00 8.113120165410904472e-02 4.184883603436586642e-03
3.881944444444444642e+00 8.110371796271559353e-02 4.042294825115613083e-03
3.882638888888889195e+00 8.096668967919069815e-02 3.904115232691698911e-03
3.883333333333333304e+00 8.099146201533496958e-02 3.769437562380278679e-03
3.884027777777777857e+00 8.104705172608256403e-02 3.637012445882412386e-03
3.884722222222222410e+00 8.078421217200115745e-02 3.508176965399288291e-03
3.885416666666666519e+00 8.085424230339982588e-02 3.383741679799446775e-03
3.886111111111111072e+00 8.074978757464096324e-02 3.262867494898818999e-03
3.886805555555555625e+00 8.062210469227541754e-02 3.142674078156446841e-03
3.887499999999999734e+00 8.057519409165769808e-02 3.025770738540716539e-03
3.888194444444444287e+00 8.057035684472144133e-02 2.911495683163688869e-03
3.888888888888888840e+00 8.045406216272632527e-02 2.800789762598001383e-03
3.889583333333332948e+00 8.039096035405564333e-02 2.691472508392638626e-03
3.890277777777777501e+00 8.035239747278914713e-02 2.584881484776372501e-03
3.890972222222222499e+00 8.007820554093195153e-02 2.481367877457524122e-03
3.891666666666667052e+00 8.010527860560179292e-02 2.380450421686809270e-03
3.892361111111111160e+00 8.012751354023860129e-02 2.282618806335601734e-03
3.893055555555555713e+00 7.983928609041097968e-02 2.187036968168355223e-03
3.893750000000000266e+00 7.987245574252542502e-02 2.094020722645910815e-03
3.894444444444444375e+00 7.987847935699388113e-02 2.002456828053133988e-03
3.895138888888888928e+00 7.970196619860550613e-02 1.913139693871877389e-03
3.895833333333333481e+00 7.960116483370829887e-02 1.825613097965163127e-03
3.896527777777777590e+00 7.954318775657139018e-02 1.740651423948779905e-03
3.897222222222222143e+00 7.943418667439684777e-02 1.657443918020825788e-03
3.897916666666666696e+00 7.937068681257697378e-02 1.576533298923762450e-03
3.898611111111110805e+00 7.926833772758061503e-02 1.497016536898070158e-03
3.899305555555555358e+00 7.922326861314923918e-02 1.419040414693015489e-03
3.899999999999999911e+00 7.898127094344740973e-02 1.343258474436575048e-03
3.900694444444444020e+00 7.903145463585427299e-02 1.269381091042192863e-03
3.901388888888889017e+00 7.891704086730999546e-02 1.197468721563081781e-03
3.902083333333333570e+00 7.880905011512677472e-02 1.126718472728881724e-03
3.902777777777778123e+00 7.870851313063130517e-02 1.057247741758647651e-03
3.903472222222222232e+00 7.858412545110937675e-02 9.892714670172453057e-04
3.904166666666666785e+00 7.851028470855370145e-02 9.238659405235644714e-04
3.904861111111111338e+00 7.846915159682767149e-02 8.598416489186021987e-04
3.905555555555555447e+00 7.823296658674963600e-02 7.977522347162623647e-04
3.906250000000000000e+00 7.812643920447651102e-02 7.372417268959412500e-04
3.906944444444444553e+00 7.802615155655893975e-02 6.773765225245489529e-04
3.907638888888888662e+00 7.796749675337853736e-02 6.181304892119116956e-04
3.908333333333333215e+00 7.783413662215209194e-02 5.597019223567936035e-04
3.909027777777777768e+00 7.771469058437002753e-02 5.027299992258027310e-04
3.909722222222221877e+00 7.753673402699630401e-02 4.469360189092563677e-04
3.910416666666666430e+00 7.748199409124066628e-02 3.932118826861934245e-04
3.911111111111110983e+00 7.741209399170473349e-02 3.408564711676337756e-04
3.911805555555555980e+00 7.717667393921467944e-02 2.900596520961265632e-04
3.912500000000000089e+00 7.709213752838846301e-02 2.395961573045388214e-04
3.913194444444444642e+00 7.695197030902316271e-02 1.898626576837289081e-04
3.913888888888889195e+00 7.674645717986383620e-02 1.415663026663923621e-04
3.914583333333333304e+00 7.670253877179177004e-02 9.480330576768137727e-05
3.915277777777777857e+00 7.655860233593567155e-02 4.918107955210515353e-05
3.915972222222222410e+00 7.638873511955100726e-02 4.343432439820047572e-06
3.916666666666666519e+00 7.631956037976178608e-02 -4.007182157497530455e-05
3.917361111111111072e+00 7.625987753083540710e-02 -8.443075022872953937e-05
3.918055555555555625e+00 7.607792821113538995e-02 -1.267546596559303838e-04
3.918749999999999734e+00 7.587014966103146352e-02 -1.678136447155293635e-04
3.919444444444444287e+00 7.582166259380375417e-02 -2.077853702143115354e-04
3.920138888888888840e+00 7.559746197913612409e-02 -2.469365877952790929e-04
3.920833333333332948e+00 7.550426689581059281e-02 -2.848301127292709816e-04
3.921527777777777501e+00 7.536984634357797586e-02 -3.222760197664932677e-04
3.922222222222222499e+00 7.529298391531785706e-02 -3.588620861983013118e-04
3.922916666666667052e+00 7.521509162743372778e-02 -3.947583855239649559e-04
3.923611111111111160e+00 7.512325242573311690e-02 -4.299919206235775448e-04
3.924305555555555713e+00 7.498411225498932686e-02 -4.642984278571203713e-04
3.925000000000000266e+00 7.484816300263250066e-02 -4.980309607802815060e-04
3.925694444444444375e+00 7.469982677333253385e-02 -5.308461711285599642e-04
3.926388888888888928e+00 7.461641832704818400e-02 -5.631201878372130848e-04
3.927083333333333481e+00 7.442001608764116372e-02 -5.944531142644723367e-04
3.927777777777777590e+00 7.429214501163595996e-02 -6.254020762912320666e-04
3.928472222222222143e+00 7.412720123514562887e-02 -6.554215809579664112e-04
3.929166666666666696e+00 7.407098707599119036e-02 -6.851131063139631648e-04
3.929861111111110805e+00 7.392065886934041929e-02 -7.139108459257023165e-04
3.930555555555555358e+00 7.374436435757410202e-02 -7.422666829265228390e-04
3.931249999999999911e+00 7.360294864686156568e-02 -7.700098460014960641e-04
3.931944444444444020e+00 7.347280730345109867e-02 -7.971653569940354228e-04
3.932638888888889017e+00 7.339471656859473947e-02 -8.237661585802925337e-04
3.933333333333333570e+00 7.326647835745442316e-02 -8.496975830843316382e-04
3.934027777777778123e+00 7.310517188083912044e-02 -8.752129803650261341e-04
3.934722222222222232e+00 7.296430454638166974e-02 -9.000286050940490678e-04
3.935416666666666785e+00 7.282992661084911057e-02 -9.244939391104139721e-04
3.936111111111111338e+00 7.269423878341134404e-02 -9.482446136992408363e-04
3.936805555555555447e+00 7.259063246553031090e-02 -9.717745650221409556e-04
3.937500000000000000e+00 7.249031299442568188e-02 -9.944339146129928426e-04
3.938194444444444553e+00 7.234055180985157762e-02 -1.016896864975411381e-03
3.938888888888888662e+00 7.219755759410527440e-02 -1.038799911594054121e-03
3.939583333333333215e+00 7.207766946688522192e-02 -1.060336859484485150e-03
3.940277777777777768e+00 7.188489435834494179e-02 -1.081375979751532596e-03
3.940972222222221877e+00 7.179912833013137041e-02 -1.102002823513158420e-03
3.941666666666666430e+00 7.168147467731139644e-02 -1.122173533758486158e-03
3.942361111111110983e+00 7.160118077338330222e-02 -1.141908235069262739e-03
3.943055555555555980e+00 7.148541381562226182e-02 -1.161362464591910284e-03
3.943750000000000089e+00 7.134616729855415562e-02 -1.180228314220856979e-03
3.944444444444444642e+00 7.120077587940261410e-02 -1.198810927449475965e-03
3.945138888888889195e+00 7.101669005411637148e-02 -1.216902770067680587e-03
3.945833333333333304e+00 7.088087694550698759e-02 -1.234729889946125205e-03
3.946527777777777857e+00 7.078056716556453687e-02 -1.252055069600218999e-03
3.947222222222222410e+00 7.065714657438088020e-02 -1.269187757699633250e-03
3.947916666666666519e+00 7.051881345067413653e-02 -1.285823426906890655e-03
3.948611111111111072e+00 7.036625199260085339e-02 -1.302222497158156671e-03
3.949305555555555625e+00 7.022644476879699726e-02 -1.318209764564413607e-03
3.949999999999999734e+00 7.008001797611329575e-02 -1.333927678484283022e-03
3.950694444444444287e+00 6.994809360592803282e-02 -1.349311512744146360e-03
3.951388888888888840e+00 6.981415991351784534e-02 -1.364344016812583634e-03
3.952083333333332948e+00 6.968511245047519231e-02 -1.379166167636868608e-03
3.952777777777777501e+00 6.957762941609277330e-02 -1.393556427849745438e-03
3.953472222222222499e+00 6.943391706169699251e-02 -1.407769117670028573e-03
3.954166666666667052e+00 6.931957160163020049e-02 -1.421592364874153412e-03
3.954861111111111160e+00 6.916498150604920292e-02 -1.435192385544213373e-03
3.955555555555555713e+00 6.909100948583483948e-02 -1.448374633649804604e-03
3.956250000000000266e+00 6.894896853200947751e-02 -1.461449592158236156e-03
3.956944444444444375e+00 6.883630462400475158e-02 -1.474131253641315469e-03
3.957638888888888928e+00 6.869119933943437784e-02 -1.486603160408027542e-03
3.958333333333333481e+00 6.850575726487517780e-02 -1.498959402923918200e-03
3.959027777777777590e+00 6.837810033678745625e-02 -1.511006310563210416e-03
3.959722222222222143e+00 6.826200496459250422e-02 -1.522675423143433730e-03
3.960416666666666696e+00 6.809787917118313716e-02 -1.534193898341161544e-03
3.961111111111110805e+00 6.796221060867296826e-02 -1.545529127666703728e-03
3.961805555555555358e+00 6.784872420515564162e-02 -1.556505146578533727e-03
3.962499999999999911e+00 6.773328637794412410e-02 -1.567436884822570641e-03
3.963194444444444020e+00 6.756033751390695674e-02 -1.577987184013685679e-03
3.963888888888889017e+00 6.748756536757846702e-02 -1.588470379092104525e-03
3.964583333333333570e+00 6.745601180170740507e-02 -1.598654200161844698e-03
3.965277777777778123e+00 6.715981254489224173e-02 -1.608693756375017972e-03
3.965972222222222232e+00 6.704501318222494399e-02 -1.618475041150998703e-03
3.966666666666666785e+00 6.700751518161311704e-02 -1.628093047710593233e-03
3.967361111111111338e+00 6.698903567057275243e-02 -1.637510501610795009e-03
3.968055555555555447e+00 6.670812740461844192e-02 -1.646740185649973962e-03
3.968750000000000000e+00 6.624974259084823180e-02 -1.655822727982205053e-03
3.969444444444444553e+00 6.630622653691932433e-02 -1.664696330850588693e-03
3.970138888888888662e+00 6.613426918838871682e-02 -1.673441502351843838e-03
3.970833333333333215e+00 6.606806441478148273e-02 -1.681932497143496207e-03
3.971527777777777768e+00 6.588604309174801721e-02 -1.690322196499022094e-03
3.972222222222221877e+00 6.582663165960297991e-02 -1.698482894303586120e-03
3.972916666666666430e+00 6.566295736217790668e-02 -1.706553050824641997e-03
3.973611111111110983e+00 6.555106902661758661e-02 -1.714390022848100463e-03
3.974305555555555980e+00 6.544131433028403666e-02 -1.722142259118506890e-03
3.975000000000000089e+00 6.527620308656656434e-02 -1.729701066533885110e-03
3.975694444444444642e+00 6.516819718135033468e-02 -1.737137591884672493e-03
3.976388888888889195e+00 6.506210226096188765e-02 -1.744421814117114991e-03
3.977083333333333304e+00 6.493870585451295974e-02 -1.751549702031374688e-03
3.977777777777777857e+00 6.481527565550981862e-02 -1.758562194458878443e-03
3.978472222222222410e+00 6.470026410724372123e-02 -1.765394294898781601e-03
3.979166666666666519e+00 6.457353449860660233e-02 -1.772126009969717930e-03
3.979861111111111072e+00 6.443047889083720892e-02 -1.778690438360715437e-03
3.980555555555555625e+00 6.429720116433353116e-02 -1.785178124299874325e-03
3.981249999999999734e+00 6.415772036887537610e-02 -1.791483558155727764e-03
3.981944444444444287e+00 6.402478673884932914e-02 -1.797718238443486109e-03
3.982638888888888840e+00 6.390135583359493610e-02 -1.803786628709028563e-03
3.983333333333332948e+00 6.376659766954180519e-02 -1.809780410963340164e-03
3.984027777777777501e+00 6.365396011819818289e-02 -1.815619423465024635e-03
3.984722222222222499e+00 6.354326098668376666e-02 -1.821374909826805862e-03
3.985416666666667052e+00 6.342165383837186643e-02 -1.827007211759879230e-03
3.986111111111111160e+00 6.333335687977324768e-02 -1.832529434191610676e-03
3.986805555555555713e+00 6.318336030925479629e-02 -1.837958120893098263e-03
3.987500000000000266e+00 6.302094884015087273e-02 -1.843257092888190033e-03
3.988194444444444375e+00 6.291467927978225405e-02 -1.848480078224018193e-03
3.988888888888888928e+00 6.278162011955094879e-02 -1.853573112572218977e-03
3.989583333333333481e+00 6.263450962244740405e-02 -1.858157952539707522e-03
3.990277777777777590e+00 6.251942199125423705e-02 -1.862510758618325874e-03
3.990972222222222143e+00 6.238743634956474271e-02 -1.866770311851651942e-03
3.991666666666666696e+00 6.227080224105403100e-02 -1.871006550862931586e-03
3.992361111111110805e+00 6.212890066425677538e-02 -1.875184433987008015e-03
3.993055555555555358e+00 6.199870841545063183e-02 -1.879259412301589882e-03
3.993749999999999911e+00 6.187364687691893073e-02 -1.883262677783733132e-03
3.994444444444444020e+00 6.176941795285693926e-02 -1.887211638782689688e-03
3.995138888888889017e+00 6.165100152134549150e-02 -1.891079648702456923e-03
3.995833333333333570e+00 6.152660928255176964e-02 -1.894878346955998884e-03
3.996527777777778123e+00 6.142318208562033005e-02 -1.898625084874060827e-03
3.997222222222222232e+00 6.129388772855317441e-02 -1.902309709739882781e-03
3.997916666666666785e+00 6.115811824842625616e-02 -1.905917329429885525e-03
3.998611111111111338e+00 6.100884023006301199e-02 -1.909466643719889313e-03
3.999305555555555447e+00 6.088270452188516285e-02 -1.912960798713918796e-03
4.000000000000000000e+00 6.077256820945684673e-02 -1.916384278003178347e-03
4.000694444444444109e+00 6.064883952631528602e-02 -1.919752942726966416e-03
4.001388888888889106e+00 6.052139251552591387e-02 -1.923069167901388880e-03
4.002083333333333215e+00 6.039310471816743825e-02 -1.926317551269262317e-03
4.002777777777777324e+00 6.027764188945784751e-02 -1.929516235779421204e-03
4.003472222222222321e+00 6.011605101290461856e-02 -1.932661869070015186e-03
4.004166666666666430e+00 6.001455876549388613e-02 -1.935744772453873745e-03
4.004861111111110539e+00 5.988832703306922606e-02 -1.938775891993644099e-03
4.005555555555555536e+00 5.974327843604368415e-02 -1.941773557806186811e-03
4.006250000000000533e+00 5.965281549976640674e-02 -1.944716916619607019e-03
4.006944444444444642e+00 5.951392641037618614e-02 -1.947600546418813694e-03
4.007638888888888751e+00 5.939777145003734271e-02 -1.950444260191299675e-03
4.008333333333333748e+00 5.929137295454225270e-02 -1.953251861824814237e-03
4.009027777777777857e+00 5.918278384201248327e-02 -1.955993914204755355e-03
4.009722222222221966e+00 5.905834924335298664e-02 -1.958687474217524378e-03
4.010416666666666963e+00 5.891251571658016883e-02 -1.961615855017354981e-03
4.011111111111111072e+00 5.880754104388808551e-02 -1.964292145036677841e-03
4.011805555555555181e+00 5.865171603978072690e-02 -1.966832342414450048e-03
4.012500000000000178e+00 5.852428037137750311e-02 -1.969366533297271533e-03
4.013194444444444287e+00 5.842150183848507372e-02 -1.971847965824150787e-03
4.013888888888888395e+00 5.830541336407679687e-02 -1.974275620208881810e-03
4.014583333333333393e+00 5.820075730252878554e-02 -1.976674206110160936e-03
4.015277777777777501e+00 5.808625108393846576e-02 -1.979042401618288840e-03
4.015972222222222499e+00 5.796944536826015293e-02 -1.981349653030514517e-03
4.016666666666666607e+00 5.785271804743267327e-02 -1.983628073875194457e-03
4.017361111111111605e+00 5.771381910200833881e-02 -1.986087201876051561e-03
4.018055555555555713e+00 5.758879348526025482e-02 -1.988329748778184906e-03
4.018749999999999822e+00 5.745903929285958722e-02 -1.990470202466847367e-03
4.019444444444444819e+00 5.734317769043071472e-02 -1.992592908591157234e-03
4.020138888888888928e+00 5.721318478629350973e-02 -1.994681321029117237e-03
4.020833333333333037e+00 5.709297683841323828e-02 -1.996723824444962981e-03
4.021527777777778034e+00 5.696433441167727402e-02 -1.998749336593111641e-03
4.022222222222222143e+00 5.684126553072236382e-02 -2.000717310990662856e-03
4.022916666666666252e+00 5.671636501497981375e-02 -2.002665543472729754e-03
4.023611111111111249e+00 5.660495765109878341e-02 -2.004572683690732538e-03
4.024305555555555358e+00 5.647860652577701285e-02 -2.006653611806542663e-03
4.024999999999999467e+00 5.637073007215018250e-02 -2.008549960634310912e-03
4.025694444444444464e+00 5.627204874811157082e-02 -2.010387866939552463e-03
4.026388888888889461e+00 5.617005943618631064e-02 -2.012201685883470165e-03
4.027083333333333570e+00 5.603885637801045427e-02 -2.013956908284168269e-03
4.027777777777777679e+00 5.593142591390208584e-02 -2.015659463907350409e-03
4.028472222222222676e+00 5.582414663586500458e-02 -2.017341964716186896e-03
4.029166666666666785e+00 5.572462281045741789e-02 -2.019010773209955166e-03
4.029861111111110894e+00 5.559695831938585298e-02 -2.020656436746272842e-03
4.030555555555555891e+00 5.549821412938425735e-02 -2.022304775996780664e-03
4.031250000000000000e+00 5.539785447074539737e-02 -2.024053879002723523e-03
4.031944444444444109e+00 5.531761204954645933e-02 -2.025641908666656575e-03
4.032638888888889106e+00 5.521968735567452796e-02 -2.027150224076898228e-03
4.033333333333333215e+00 5.509147416273157960e-02 -2.028654422317167309e-03
4.034027777777777324e+00 5.503689216321538957e-02 -2.030138695587732287e-03
4.034722222222222321e+00 5.496370407840456274e-02 -2.031595525044674160e-03
4.035416666666666430e+00 5.483427805795264287e-02 -2.033016255802473291e-03
4.036111111111110539e+00 5.467099753203927270e-02 -2.034424381953434981e-03
4.036805555555555536e+00 5.460962703838576765e-02 -2.035809791109836463e-03
4.037500000000000533e+00 5.445940237162803788e-02 -2.037164127826620545e-03
4.038194444444444642e+00 5.436229696637472769e-02 -2.038619290606810946e-03
4.038888888888888751e+00 5.419614321722829309e-02 -2.039956325106054378e-03
4.039583333333333748e+00 5.405170811143834853e-02 -2.041237637256923879e-03
4.040277777777777857e+00 5.394786649315117671e-02 -2.042504543562884047e-03
4.040972222222221966e+00 5.385250703954169021e-02 -2.043748921445414941e-03
4.041666666666666963e+00 5.376167273996551588e-02 -2.044976911074131501e-03
4.042361111111111072e+00 5.363254802220716877e-02 -2.046187465369821764e-03
4.043055555555555181e+00 5.349770070657677151e-02 -2.047399338460935588e-03
4.043750000000000178e+00 5.339108957252161614e-02 -2.048588133784079793e-03
4.044444444444444287e+00 5.329622207571570180e-02 -2.049751948676908995e-03
4.045138888888888395e+00 5.320148509289840399e-02 -2.051000196898518195e-03
4.045833333333333393e+00 5.308229444469662189e-02 -2.052146738380245319e-03
4.046527777777777501e+00 5.295210374528917796e-02 -2.053233499542693463e-03
4.047222222222222499e+00 5.283657260492061192e-02 -2.054291422785151696e-03
4.047916666666666607e+00 5.273767248945999270e-02 -2.055337004256811012e-03
4.048611111111111605e+00 5.262607260881443927e-02 -2.056368667474928885e-03
4.049305555555555713e+00 5.251883711153550877e-02 -2.057384252189566314e-03
4.049999999999999822e+00 5.240900398980195829e-02 -2.058393029226324427e-03
4.050694444444444819e+00 5.231073087264553889e-02 -2.059388976104700644e-03
4.051388888888888928e+00 5.220061468267540861e-02 -2.060370478904558975e-03
4.052083333333333037e+00 5.210150529892514787e-02 -2.061332627634107802e-03
4.052777777777778034e+00 5.198916827541465169e-02 -2.062377513385160125e-03
4.053472222222222143e+00 5.189706143502430952e-02 -2.063330158075278066e-03
4.054166666666666252e+00 5.179488933364756464e-02 -2.064239762835920998e-03
4.054861111111111249e+00 5.169556309709059244e-02 -2.065130207618231292e-03
4.055555555555555358e+00 5.156930617159580232e-02 -2.065996436065209614e-03
4.056249999999999467e+00 5.145553284015498552e-02 -2.066854895892375390e-03
4.056944444444444464e+00 5.136486243599498042e-02 -2.067700571243110113e-03
4.057638888888889461e+00 5.127886745317886130e-02 -2.068533394696015892e-03
4.058333333333333570e+00 5.119543631882574053e-02 -2.069349493960387625e-03
4.059027777777777679e+00 5.109073367566532853e-02 -2.070151410037097701e-03
4.059722222222222676e+00 5.094455477211232153e-02 -2.070940544716558165e-03
4.060416666666666785e+00 5.083460289356561690e-02 -2.071796494139517379e-03
4.061111111111110894e+00 5.073990870406328707e-02 -2.072577785748827041e-03
4.061805555555555891e+00 5.063351732063400140e-02 -2.073333076339379383e-03
4.062500000000000000e+00 5.053599572605719376e-02 -2.074084643642891499e-03
4.063194444444444109e+00 5.043716102371074983e-02 -2.074817946929236913e-03
4.063888888888889106e+00 5.035231003919672654e-02 -2.075529640485292409e-03
4.064583333333333215e+00 5.027883174441510200e-02 -2.076235099042525976e-03
4.065277777777777324e+00 5.018065517990599744e-02 -2.076925058569259117e-03
4.065972222222222321e+00 5.004353392141538959e-02 -2.077602812555199348e-03
4.066666666666666430e+00 4.995277787785809553e-02 -2.078343852554657804e-03
4.067361111111110539e+00 4.985880340248682874e-02 -2.079023012953457039e-03
4.068055555555555536e+00 4.977488322594494224e-02 -2.079669647056711732e-03
4.068750000000000533e+00 4.966852874205647528e-02 -2.080313770359613641e-03
4.069444444444444642e+00 4.956263189656189699e-02 -2.080947365789044545e-03
4.070138888888888751e+00 4.945267408636768586e-02 -2.081564743581424889e-03
4.070833333333333748e+00 4.940473680078758673e-02 -2.082180650245093328e-03
4.071527777777777857e+00 4.931859641776401015e-02 -2.082792522346327193e-03
4.072222222222221966e+00 4.923826964902489056e-02 -2.083390471686591330e-03
4.072916666666666963e+00 4.910617558976199115e-02 -2.083964551042957140e-03
4.073611111111111072e+00 4.902567317035310540e-02 -2.084517241829519224e-03
4.074305555555555181e+00 4.890531778051097206e-02 -2.085120757066696862e-03
4.075000000000000178e+00 4.879193009732835096e-02 -2.085673926583158852e-03
4.075694444444444287e+00 4.867350561907050205e-02 -2.086203344946125499e-03
4.076388888888888395e+00 4.859307282611164541e-02 -2.086728530881643267e-03
4.077083333333333393e+00 4.848713670385094293e-02 -2.087252502158756361e-03
4.077777777777777501e+00 4.837280157285401422e-02 -2.087770758429597414e-03
4.078472222222222499e+00 4.827868827476373970e-02 -2.088276657138029343e-03
4.079166666666666607e+00 4.821300065643392696e-02 -2.088775268846288294e-03
4.079861111111111605e+00 4.815189825634730303e-02 -2.089262717073568209e-03
4.080555555555555713e+00 4.804439978117017868e-02 -2.089741109806417859e-03
4.081249999999999822e+00 4.792836597564492651e-02 -2.090246823518176426e-03
4.081944444444444819e+00 4.781549138583928577e-02 -2.090717834028988417e-03
4.082638888888888928e+00 4.770298398166804288e-02 -2.091177667756627390e-03
4.083333333333333037e+00 4.758560284973550186e-02 -2.091629782844422764e-03
4.084027777777778034e+00 4.747661450541427325e-02 -2.092078597329394968e-03
4.084722222222222143e+00 4.737466910592512404e-02 -2.092508754178101782e-03
4.085416666666666252e+00 4.728569662623436504e-02 -2.092934689439175742e-03
4.086111111111111249e+00 4.717635652938351187e-02 -2.093356989301813423e-03
4.086805555555555358e+00 4.708015687502718760e-02 -2.093762496872493550e-03
4.087499999999999467e+00 4.698515711858052002e-02 -2.094164454831278898e-03
4.088194444444444464e+00 4.689345560191697515e-02 -2.094554779978433610e-03
4.088888888888889461e+00 4.678404956717363561e-02 -2.094992437223211577e-03
4.089583333333333570e+00 4.668933922411096227e-02 -2.095388736412358722e-03
4.090277777777777679e+00 4.659938556466147047e-02 -2.095776127718603204e-03
4.090972222222222676e+00 4.647737962981001586e-02 -2.096152067920031142e-03
4.091666666666666785e+00 4.640547702475384534e-02 -2.096523587701381360e-03
4.092361111111110894e+00 4.630205771842141327e-02 -2.096890964239326964e-03
4.093055555555555891e+00 4.620302819931650096e-02 -2.097249368656791541e-03
4.093750000000000000e+00 4.610757749186181892e-02 -2.097581121790585267e-03
4.094444444444444109e+00 4.602208070655439132e-02 -2.097918923669460627e-03
4.095138888888889106e+00 4.594034443184072392e-02 -2.098265132551439208e-03
4.095833333333333215e+00 4.585008475660431321e-02 -2.098595805881818717e-03
4.096527777777777324e+00 4.575851133275919691e-02 -2.098963883319883948e-03
4.097222222222222321e+00 4.565955714436935320e-02 -2.099304015814149223e-03
4.097916666666666430e+00 4.556534392667505734e-02 -2.099633468252542264e-03
4.098611111111110539e+00 4.546437330399323573e-02 -2.099948928535355294e-03
4.099305555555555536e+00 4.537484369913887677e-02 -2.100271400039892180e-03
4.100000000000000533e+00 4.526777321949681382e-02 -2.100580988100180565e-03
4.100694444444444642e+00 4.518731132211310786e-02 -2.100873553826920152e-03
4.101388888888888751e+00 4.509421908503660759e-02 -2.101162589738101404e-03
4.102083333333333748e+00 4.500781290452145200e-02 -2.101456244114345302e-03
4.102777777777777857e+00 4.491919487845989073e-02 -2.101732218355174039e-03
4.103472222222221966e+00 4.482946352802390927e-02 -2.102035952930576823e-03
4.104166666666666963e+00 4.473819197854137647e-02 -2.102316437142524776e-03
4.104861111111111072e+00 4.466064386913387585e-02 -2.102576305126661448e-03
4.105555555555555181e+00 4.456610823152891421e-02 -2.102824223203384260e-03
4.106250000000000178e+00 4.448719221817053898e-02 -2.103076646573989825e-03
4.106944444444444287e+00 4.440095530632099524e-02 -2.103327578430551174e-03
4.107638888888888395e+00 4.431694588345839320e-02 -2.103572032804278125e-03
4.108333333333333393e+00 4.422726895214227488e-02 -2.103816980915050681e-03
4.109027777777777501e+00 4.414237490901055244e-02 -2.104052245662127278e-03
4.109722222222222499e+00 4.405867918758684526e-02 -2.104289933996537736e-03
4.110416666666666607e+00 4.397545881814156343e-02 -2.104545868783137211e-03
4.111111111111111605e+00 4.388288374948388221e-02 -2.104775675227053659e-03
4.111805555555555713e+00 4.379836540483858509e-02 -2.104996853392667767e-03
4.112499999999999822e+00 4.370395583726788269e-02 -2.105220904392991581e-03
4.113194444444444819e+00 4.361518900480087363e-02 -2.105440263298650767e-03
4.113888888888888928e+00 4.353513360983925912e-02 -2.105655744147415676e-03
4.114583333333333037e+00 4.344750126367808579e-02 -2.105867991734100639e-03
4.115277777777778034e+00 4.336090617068855818e-02 -2.106074764321281059e-03
4.115972222222222143e+00 4.326769516695584683e-02 -2.106278110197669189e-03
4.116666666666666252e+00 4.317854483422917805e-02 -2.106481350841973854e-03
4.117361111111111249e+00 4.310496926304918652e-02 -2.106699304823716253e-03
4.118055555555555358e+00 4.302983529880918812e-02 -2.106898810742347666e-03
4.118749999999999467e+00 4.290120928593884470e-02 -2.107092106728521066e-03
4.119444444444444464e+00 4.283659448492435629e-02 -2.107282787080600166e-03
4.120138888888889461e+00 4.277889069118429033e-02 -2.107470585459660529e-03
4.120833333333333570e+00 4.268760490276371500e-02 -2.107660358279127635e-03
4.121527777777777679e+00 4.251829942718667738e-02 -2.107843283854911667e-03
4.122222222222222676e+00 4.247190241652276654e-02 -2.108024387783282924e-03
4.122916666666666785e+00 4.236682860516007704e-02 -2.108200546402758287e-03
4.123611111111110894e+00 4.227797857230982531e-02 -2.108376374948723025e-03
4.124305555555555891e+00 4.220302337830904998e-02 -2.108559716600607280e-03
4.125000000000000000e+00 4.215097347972635022e-02 -2.108730446268100231e-03
4.125694444444444109e+00 4.205931008259691795e-02 -2.108900076532026300e-03
4.126388888888889106e+00 4.198526538658387680e-02 -2.109070893381702599e-03
4.127083333333333215e+00 4.190420835473772365e-02 -2.109233737044247537e-03
4.127777777777777324e+00 4.181246824455147476e-02 -2.109388150486855417e-03
4.128472222222222321e+00 4.174058879707460284e-02 -2.109539793049829050e-03
4.129166666666666430e+00 4.166311767756626649e-02 -2.109689745282474719e-03
4.129861111111110539e+00 4.157536287478087039e-02 -2.109833976989338149e-03
4.130555555555555536e+00 4.149879269395110454e-02 -2.109979309781429349e-03
4.131250000000000533e+00 4.141644185198497391e-02 -2.110132786054450937e-03
4.131944444444444642e+00 4.133728689397263983e-02 -2.110269650368947619e-03
4.132638888888888751e+00 4.126528809437775280e-02 -2.110406511747645996e-03
4.133333333333333748e+00 4.118796475791818013e-02 -2.110535367329184186e-03
4.134027777777777857e+00 4.110775294860308238e-02 -2.110661687235777621e-03
4.134722222222221966e+00 4.103390816273919800e-02 -2.110790236029861863e-03
4.135416666666666963e+00 4.094722251199744978e-02 -2.110915873279581127e-03
4.136111111111111072e+00 4.086598680550992957e-02 -2.111039494683133750e-03
4.136805555555555181e+00 4.080062926624642566e-02 -2.111156881944388497e-03
4.137500000000000178e+00 4.069581057405431690e-02 -2.111295665342521541e-03
4.138194444444444287e+00 4.062952684648523521e-02 -2.111428262190329606e-03
4.138888888888888395e+00 4.054638058441575876e-02 -2.111556475083162156e-03
4.139583333333333393e+00 4.046261587510475988e-02 -2.111657246385246264e-03
4.140277777777777501e+00 4.038228170352916452e-02 -2.111762359745006888e-03
4.140972222222222499e+00 4.030379083960460712e-02 -2.111867635747201322e-03
4.141666666666666607e+00 4.024684845112246057e-02 -2.111973656352245619e-03
4.142361111111111605e+00 4.014861533949771327e-02 -2.112081007191190379e-03
4.143055555555555713e+00 4.002815352750237199e-02 -2.112184034961866325e-03
4.143749999999999822e+00 3.995472513130930020e-02 -2.112290080071613577e-03
4.144444444444444819e+00 3.988640398950903804e-02 -2.112392760432998517e-03
4.145138888888888928e+00 3.980151099085418864e-02 -2.112494964843658445e-03
4.145833333333333037e+00 3.971669304698310921e-02 -2.112595932189193122e-03
4.146527777777778034e+00 3.963235223096894799e-02 -2.112709652578432639e-03
4.147222222222222143e+00 3.955323829583187734e-02 -2.112823182823788878e-03
4.147916666666666252e+00 3.948016433748553072e-02 -2.112937484628291118e-03
4.148611111111111249e+00 3.939770725150151809e-02 -2.113032131525875192e-03
4.149305555555555358e+00 3.931470871084437324e-02 -2.113133655350165306e-03
4.149999999999999467e+00 3.923315453781271028e-02 -2.113223808580268724e-03
4.150694444444444464e+00 3.915608345651026140e-02 -2.113318675611008859e-03
4.151388888888889461e+00 3.907217882439943668e-02 -2.113395903935643902e-03
4.152083333333333570e+00 3.900265540813338538e-02 -2.113491964414264922e-03
4.152777777777777679e+00 3.893428337924236676e-02 -2.113590488356784092e-03
4.153472222222222676e+00 3.887108097554212160e-02 -2.113669697214004724e-03
4.154166666666666785e+00 3.882708825679208331e-02 -2.113746625320448748e-03
4.154861111111110894e+00 3.878083012230918586e-02 -2.113834589557723586e-03
4.155555555555555891e+00 3.869637045016227628e-02 -2.113896378281408459e-03
4.156250000000000000e+00 3.864544395918852182e-02 -2.113977662996700466e-03
4.156944444444444109e+00 3.857277108258349435e-02 -2.114038351645385928e-03
4.157638888888889106e+00 3.847789777628470714e-02 -2.114101399406600849e-03
4.158333333333333215e+00 3.838438250844328214e-02 -2.114188688853717909e-03
4.159027777777777324e+00 3.829204937103308087e-02 -2.114274368909567145e-03
4.159722222222222321e+00 3.820544462743736408e-02 -2.114349934693514170e-03
4.160416666666666430e+00 3.811902595097444585e-02 -2.114424277654024503e-03
4.161111111111110539e+00 3.803723713028223097e-02 -2.114492809611324964e-03
4.161805555555555536e+00 3.795687601245142928e-02 -2.114565469120277454e-03
4.162500000000000533e+00 3.788480320314682043e-02 -2.114628247210334575e-03
4.163194444444444642e+00 3.781590100091687667e-02 -2.114707157559989753e-03
4.163888888888888751e+00 3.774546929472774592e-02 -2.114791037401117773e-03
4.164583333333333748e+00 3.768962484241227678e-02 -2.114863051114567686e-03
4.165277777777777857e+00 3.759929955548908798e-02 -2.114926004172918567e-03
4.165972222222221966e+00 3.750507796527648152e-02 -2.114983896053411992e-03
4.166666666666666963e+00 3.744615182645968238e-02 -2.115045486308560554e-03
4.167361111111111072e+00 3.740196251297617236e-02 -2.115117498684156161e-03
4.168055555555555181e+00 3.730608043554711067e-02 -2.115181200658559912e-03
4.168750000000000178e+00 3.722432191544541163e-02 -2.115248747906020663e-03
4.169444444444444287e+00 3.714066282785449813e-02 -2.115314644763818374e-03
4.170138888888888395e+00 3.709134728668414538e-02 -2.115382140911659364e-03
4.170833333333333393e+00 3.703225490002409748e-02 -2.115440835195781574e-03
4.171527777777777501e+00 3.696289763924576893e-02 -2.115497033724309407e-03
4.172222222222222499e+00 3.685911220553008544e-02 -2.115548980207672923e-03
4.172916666666666607e+00 3.679092735704623390e-02 -2.115606577992347470e-03
4.173611111111111605e+00 3.671888023570121090e-02 -2.115657610298065077e-03
4.174305555555555713e+00 3.665937659009570887e-02 -2.115705207937532053e-03
4.174999999999999822e+00 3.658948988542701924e-02 -2.115771174603712362e-03
4.175694444444444819e+00 3.650364244555196619e-02 -2.115817896301723684e-03
4.176388888888888928e+00 3.643144914903792553e-02 -2.115862699435077168e-03
4.177083333333333037e+00 3.636486587244242008e-02 -2.115911407409966707e-03
4.177777777777778034e+00 3.628115944655027625e-02 -2.115960230145787040e-03
4.178472222222222143e+00 3.620227371664500732e-02 -2.116003036437269849e-03
4.179166666666666252e+00 3.612569818816422501e-02 -2.116049676103917265e-03
4.179861111111111249e+00 3.606379688972724540e-02 -2.116090725623812931e-03
4.180555555555555358e+00 3.600140994919677484e-02 -2.116131259524551850e-03
4.181249999999999467e+00 3.593522234653716979e-02 -2.116174946590739566e-03
4.181944444444444464e+00 3.586550068834115645e-02 -2.116220543720764413e-03
4.182638888888889461e+00 3.579271421723508734e-02 -2.116268872908575859e-03
4.183333333333333570e+00 3.572249026221836071e-02 -2.116307383263379797e-03
4.184027777777777679e+00 3.565055743589404941e-02 -2.116351278024538110e-03
4.184722222222222676e+00 3.558339592020833692e-02 -2.116387488481063280e-03
4.185416666666666785e+00 3.551513093206059429e-02 -2.116429515665910980e-03
4.186111111111110894e+00 3.544431561543220227e-02 -2.116467099998231398e-03
4.186805555555555891e+00 3.538240389417865450e-02 -2.116502199934180029e-03
4.187500000000000000e+00 3.530968499001689576e-02 -2.116538162210212549e-03
4.188194444444444109e+00 3.524486361232102155e-02 -2.116573181014866790e-03
4.188888888888889106e+00 3.517319618257196828e-02 -2.116605494519025691e-03
4.189583333333333215e+00 3.509835569639759706e-02 -2.116650855976148771e-03
4.190277777777777324e+00 3.502971928242590294e-02 -2.116679907629929764e-03
4.190972222222222321e+00 3.496470800532159445e-02 -2.116708876474788711e-03
4.191666666666666430e+00 3.490010939736493817e-02 -2.116744130586132883e-03
4.192361111111110539e+00 3.484026862935302171e-02 -2.116782788736497768e-03
4.193055555555555536e+00 3.476682807572107486e-02 -2.116812295619672438e-03
4.193750000000000533e+00 3.470292327283772127e-02 -2.116839263255494794e-03
4.194444444444444642e+00 3.462224555131103443e-02 -2.116871069190839026e-03
4.195138888888888751e+00 3.456444689856763564e-02 -2.116902533430737882e-03
4.195833333333333748e+00 3.449592789422950556e-02 -2.116933855403498130e-03
4.196527777777777857e+00 3.442403772182958677e-02 -2.116966056213565126e-03
4.197222222222221966e+00 3.435488275920324519e-02 -2.116989170305785210e-03
4.197916666666666963e+00 3.430327907026460565e-02 -2.117023631619551795e-03
4.198611111111111072e+00 3.422578196733069150e-02 -2.117056634083417255e-03
4.199305555555555181e+00 3.415021550769060249e-02 -2.117085389176340347e-03
4.200000000000000178e+00 3.407898939800739491e-02 -2.117109503291446111e-03
4.200694444444444287e+00 3.401207469805579003e-02 -2.117142664310628884e-03
4.201388888888888395e+00 3.394183533991857599e-02 -2.117167384213093292e-03
4.202083333333333393e+00 3.388038695707696474e-02 -2.117194964717151410e-03
4.202777777777777501e+00 3.381111772724467585e-02 -2.117221939660157270e-03
4.203472222222222499e+00 3.374127154483699820e-02 -2.117248100889366699e-03
4.204166666666666607e+00 3.366702019710216681e-02 -2.117278860464333681e-03
4.204861111111111605e+00 3.359847264636524333e-02 -2.117305452512098854e-03
4.205555555555555713e+00 3.353055581104696231e-02 -2.117323920291775460e-03
4.206249999999999822e+00 3.346539066916227184e-02 -2.117344305009560314e-03
4.206944444444444819e+00 3.339695216664254757e-02 -2.117372384193645825e-03
4.207638888888888928e+00 3.333421191983556436e-02 -2.117391948229750080e-03
4.208333333333333037e+00 3.326747184044606676e-02 -2.117405674334053595e-03
4.209027777777778034e+00 3.320072295984547589e-02 -2.117432267359630350e-03
4.209722222222222143e+00 3.313483711825077060e-02 -2.117449403647394569e-03
4.210416666666666252e+00 3.306918078363421665e-02 -2.117468522018226777e-03
4.211111111111111249e+00 3.300484313945219877e-02 -2.117492949760432525e-03
4.211805555555555358e+00 3.293837821227164897e-02 -2.117515478564289694e-03
4.212499999999999467e+00 3.287804401620731537e-02 -2.117522320678578897e-03
4.213194444444444464e+00 3.281386300825268887e-02 -2.117550053021938997e-03
4.213888888888889461e+00 3.275147065837577531e-02 -2.117573443844554624e-03
4.214583333333333570e+00 3.269067224192324927e-02 -2.117601529726418751e-03
4.215277777777777679e+00 3.262669679968755593e-02 -2.117621535138264951e-03
4.215972222222222676e+00 3.255974856258742056e-02 -2.117647767673343142e-03
4.216666666666666785e+00 3.250535057674145550e-02 -2.117665850465067640e-03
4.217361111111110894e+00 3.245258985556945253e-02 -2.117687232780122910e-03
4.218055555555555891e+00 3.239449471583816242e-02 -2.117699844089393664e-03
4.218750000000000000e+00 3.233572724754311262e-02 -2.117722418711993730e-03
4.219444444444444109e+00 3.226858114156342522e-02 -2.117734088969106410e-03
4.220138888888889106e+00 3.221182642601828905e-02 -2.117762361522347245e-03
4.220833333333333215e+00 3.214637151391165626e-02 -2.117779165993539849e-03
4.221527777777777324e+00 3.208946012192157027e-02 -2.117803188983236745e-03
4.222222222222222321e+00 3.202671092189776636e-02 -2.117814529360504631e-03
4.222916666666666430e+00 3.196453513369873489e-02 -2.117829335654730898e-03
4.223611111111110539e+00 3.189980360037429630e-02 -2.117842295576615689e-03
4.224305555555555536e+00 3.184106190533734365e-02 -2.117857736323337271e-03
4.225000000000000533e+00 3.177184004910845599e-02 -2.117874428709743545e-03
4.225694444444444642e+00 3.171563817579497319e-02 -2.117880609319484995e-03
4.226388888888888751e+00 3.165291655193917114e-02 -2.117884857338911235e-03
4.227083333333333748e+00 3.159478837703594972e-02 -2.117907018751623988e-03
4.227777777777777857e+00 3.152741044310789637e-02 -2.117916717483741759e-03
4.228472222222221966e+00 3.146692738793570310e-02 -2.117931295510828028e-03
4.229166666666666963e+00 3.141140661926499628e-02 -2.117940837355915523e-03
4.229861111111111072e+00 3.134808136841581855e-02 -2.117946481863999982e-03
4.230555555555555181e+00 3.128036963797880404e-02 -2.117967052803477850e-03
4.231250000000000178e+00 3.123150375944093449e-02 -2.117993211950470502e-03
4.231944444444444287e+00 3.117234528697345255e-02 -2.117999261590307759e-03
4.232638888888888395e+00 3.110248492242456697e-02 -2.117987260823174251e-03
4.233333333333333393e+00 3.104672507752739494e-02 -2.117979220615880467e-03
4.234027777777777501e+00 3.098227948838771367e-02 -2.117973674406385762e-03
4.234722222222222499e+00 3.092412437413307250e-02 -2.117993878435781886e-03
4.235416666666666607e+00 3.087231360199537908e-02 -2.117998766612607872e-03
4.236111111111111605e+00 3.081729526077281109e-02 -2.118015112733026908e-03
4.236805555555555713e+00 3.232194312878075571e-02 -2.063581835980729615e-03
4.237499999999999822e+00 3.816560829688957907e-02 -1.884004783857086982e-03
4.238194444444444819e+00 3.500747182509079264e-02 -1.450443608655116153e-03
4.238888888888888928e+00 4.023270456600922668e-02 -7.134576126155179080e-04
4.239583333333333037e+00 4.059540317751778038e-02 2.612540977408238873e-04
4.240277777777778034e+00 4.268594867988300540e-02 1.442766976929948670e-03
4.240972222222222143e+00 4.422884032870677551e-02 2.660574031147509236e-03
4.241666666666666252e+00 4.527808978146351943e-02 3.859642364931881089e-03
4.242361111111111249e+00 4.668656375522874102e-02 5.056302761159287874e-03
4.243055555555555358e+00 4.872996359461058413e-02 6.230201540230663471e-03
4.243749999999999467e+00 5.178851460654213673e-02 7.426735842598680346e-03
4.244444444444444464e+00 5.526548694549063973e-02 8.638004052879236921e-03
4.245138888888889461e+00 5.933838370889642916e-02 9.904287868400422218e-03
4.245833333333333570e+00 6.353778047538505280e-02 1.120093117816150195e-02
4.246527777777777679e+00 6.720615580564860692e-02 1.253078129634638618e-02
4.247222222222222676e+00 7.080107975400459774e-02 1.392025144041355092e-02
4.247916666666666785e+00 7.406839531772579921e-02 1.532051291107009751e-02
4.248611111111110894e+00 7.687499981709840224e-02 1.676365659693587057e-02
4.249305555555555891e+00 7.977420703100647492e-02 1.820345747817117554e-02
4.250000000000000000e+00 8.318317215240988993e-02 1.972269788573726909e-02
4.250694444444444109e+00 8.661461300872450031e-02 2.125756186810152243e-02
4.251388888888889106e+00 8.998541068917513541e-02 2.279163423444219294e-02
4.252083333333333215e+00 9.353925414707287000e-02 2.439533975761082329e-02
4.252777777777777324e+00 9.730106426561484223e-02 2.600883495817223057e-02
4.253472222222222321e+00 1.010086793963694135e-01 2.767235922376823712e-02
4.254166666666666430e+00 1.047264297539335781e-01 2.933684821367678677e-02
4.254861111111110539e+00 1.085468801101022868e-01 3.105868187614220163e-02
4.255555555555555536e+00 1.123157813739141392e-01 3.279764996748448652e-02
4.256250000000000533e+00 1.155912596177111340e-01 3.451852088397946994e-02
4.256944444444444642e+00 1.190825988162289989e-01 3.630330373466085503e-02
4.257638888888888751e+00 1.226169353802467749e-01 3.809702802488156709e-02
4.258333333333333748e+00 1.260158272920386124e-01 3.990444178788853796e-02
4.259027777777777857e+00 1.294654211026039226e-01 4.169026440015937557e-02
4.259722222222221966e+00 1.333745915396403470e-01 4.354254091046882991e-02
4.260416666666666963e+00 1.374987663499337709e-01 4.539227235931724697e-02
4.261111111111111072e+00 1.420318552771155929e-01 4.723764823484245118e-02
4.261805555555555181e+00 1.473136644871106959e-01 4.913895700534710170e-02
4.262500000000000178e+00 1.534692094946319141e-01 5.104991236625903983e-02
4.263194444444444287e+00 1.599083343790725087e-01 5.297914155128231189e-02
4.263888888888888395e+00 1.666091288897721678e-01 5.493152618397387915e-02
4.264583333333333393e+00 1.731003800172820628e-01 5.689819006834118814e-02
4.265277777777777501e+00 1.792972871284231329e-01 5.887189010048510251e-02
4.265972222222222499e+00 1.847542007472249836e-01 6.087196656755173435e-02
4.266666666666666607e+00 1.897076759486988895e-01 6.286950907976066039e-02
4.267361111111111605e+00 1.930069070029686029e-01 6.491301198773362369e-02
4.268055555555555713e+00 1.952572509452192295e-01 6.700354803426687711e-02
4.268749999999999822e+00 1.976623459967995489e-01 6.905496096634854142e-02
4.269444444444444819e+00 2.004139470798518563e-01 7.111898755274598249e-02
4.270138888888888928e+00 2.025102825674222062e-01 7.321717198525584669e-02
4.270833333333333037e+00 2.046302354765704989e-01 7.532846619541078148e-02
4.271527777777778034e+00 2.070420064751127831e-01 7.745545017429324164e-02
4.272222222222222143e+00 2.100959456108393852e-01 7.957699234520466958e-02
4.272916666666666252e+00 2.144318263427216487e-01 8.173527957590424886e-02
4.273611111111111249e+00 2.194382725897991160e-01 8.394917947958693838e-02
4.274305555555555358e+00 2.251428526618310666e-01 8.615096100932312373e-02
4.274999999999999467e+00 2.314168927259699082e-01 8.841883720820332970e-02
4.275694444444444464e+00 2.373192010667576068e-01 9.068396346994800350e-02
4.276388888888889461e+00 2.433216329156469848e-01 9.292999339386655289e-02
4.277083333333332682e+00 2.502022802659585876e-01 9.519799375025303489e-02
4.277777777777777679e+00 2.560828243212250332e-01 9.744338451981937599e-02
4.278472222222222676e+00 2.614599465539159673e-01 9.972559387054490132e-02
4.279166666666666785e+00 2.675487024801543878e-01 1.019672542184296982e-01
4.279861111111110894e+00 2.729923084069665329e-01 1.042208837787160225e-01
4.280555555555555891e+00 2.779203856130910144e-01 1.065046777240652581e-01
4.281250000000000000e+00 2.831591598245795649e-01 1.088273354285352462e-01
4.281944444444444109e+00 2.882474708898374871e-01 1.111589407758598186e-01
4.282638888888889106e+00 2.930910451267101924e-01 1.134337393947157380e-01
4.283333333333333215e+00 2.976504277431454848e-01 1.157835341587766520e-01
4.284027777777777324e+00 3.020712205722574373e-01 1.181072912103646594e-01
4.284722222222222321e+00 3.064656667201578477e-01 1.204131784117709880e-01
4.285416666666666430e+00 3.110752871568466804e-01 1.227606774435197751e-01
4.286111111111110539e+00 3.156460400294779922e-01 1.251237523758471915e-01
4.286805555555555536e+00 3.202125928493720908e-01 1.274736814711751320e-01
4.287499999999998757e+00 3.247302176722904887e-01 1.298097291042158430e-01
4.288194444444444642e+00 3.289825683834184389e-01 1.322138753796813782e-01
4.288888888888888751e+00 3.336672706845120184e-01 1.345655188725121409e-01
4.289583333333333748e+00 3.377162973044059990e-01 1.368991887537616137e-01
4.290277777777777857e+00 3.422079572686868021e-01 1.393021463860500964e-01
4.290972222222221966e+00 3.473273939440253422e-01 1.416853794337852301e-01
4.291666666666666963e+00 3.519037402726353791e-01 1.441131112876553599e-01
4.292361111111111072e+00 3.563994252991674605e-01 1.465480082214913604e-01
4.293055555555555181e+00 3.604543005815866175e-01 1.489214158194907822e-01
4.293750000000000178e+00 3.645626815309198632e-01 1.513494239968930510e-01
4.294444444444444287e+00 3.690112065370564909e-01 1.537754676801777187e-01
4.295138888888888395e+00 3.736834584213095667e-01 1.561649118470948006e-01
4.295833333333333393e+00 3.775256845186580335e-01 1.586320143352053513e-01
4.296527777777777501e+00 3.816328126597809400e-01 1.611263540484522139e-01
4.297222222222222499e+00 3.859310081329773712e-01 1.635019962799560689e-01
4.297916666666665719e+00 3.904926442593919522e-01 1.659830037033005468e-01
4.298611111111111605e+00 3.953664634455356097e-01 1.684790164270180968e-01
4.299305555555555713e+00 4.000316463022616786e-01 1.708042967199218665e-01
4.299999999999999822e+00 4.041617374483468805e-01 1.732548546154301095e-01
4.300694444444444819e+00 4.083789933431181685e-01 1.757977586606240261e-01
4.301388888888888928e+00 4.124815604798741653e-01 1.783226754674439585e-01
4.302083333333333037e+00 4.168679103995881485e-01 1.807644420454136425e-01
4.302777777777778034e+00 4.207954234309644881e-01 1.832498271659587230e-01
4.303472222222222143e+00 4.248557854639755660e-01 1.858056573997473038e-01
4.304166666666666252e+00 4.289233496490416075e-01 1.883684577467494015e-01
4.304861111111111249e+00 4.326761242313483802e-01 1.908084070305877677e-01
4.305555555555555358e+00 4.365686195583557416e-01 1.933298716826653552e-01
4.306249999999999467e+00 4.409184475735898889e-01 1.959590993473361575e-01
4.306944444444444464e+00 4.448876625101793603e-01 1.984458830937199658e-01
4.307638888888889461e+00 4.482357184602543398e-01 2.009671693235630940e-01
4.308333333333332682e+00 4.517587159544546038e-01 2.035706607832737380e-01
4.309027777777777679e+00 4.555050147713181619e-01 2.060559180229253606e-01
4.309722222222222676e+00 4.592341360671962636e-01 2.085795783019451788e-01
4.310416666666666785e+00 4.629381582335700407e-01 2.112035546386286933e-01
4.311111111111110894e+00 4.669574913304468389e-01 2.137481000910030626e-01
4.311805555555555891e+00 4.706668328223421738e-01 2.162893390570389263e-01
4.312500000000000000e+00 4.743204244142323889e-01 2.188517508853180804e-01
4.313194444444444109e+00 4.780907368850474404e-01 2.213660232191710375e-01
4.313888888888889106e+00 4.819906395790288234e-01 2.239992801587912252e-01
4.314583333333333215e+00 4.858414791217471329e-01 2.266900949575365865e-01
4.315277777777777324e+00 4.899643419656128374e-01 2.293796587298373435e-01
4.315972222222222321e+00 4.936149991554293348e-01 2.319736148807018394e-01
4.316666666666666430e+00 4.970660895799282053e-01 2.346456277215099306e-01
4.317361111111110539e+00 5.009717244415599069e-01 2.374419478395063676e-01
4.318055555555555536e+00 5.052257014232544030e-01 2.400994007036524325e-01
4.318749999999998757e+00 5.088204538915607200e-01 2.427423149053786477e-01
4.319444444444444642e+00 5.124762601971327713e-01 2.454529024605754950e-01
4.320138888888888751e+00 5.166076538463304502e-01 2.481771414565734080e-01
4.320833333333333748e+00 5.203595717174993585e-01 2.508908975527989194e-01
4.321527777777777857e+00 5.243066712554191877e-01 2.536651791770799802e-01
4.322222222222221966e+00 5.287571129182117025e-01 2.563304880015296328e-01
4.322916666666666963e+00 5.325148745639867176e-01 2.590555390278458381e-01
4.323611111111111072e+00 5.361941413801012413e-01 2.617704728212310594e-01
4.324305555555555181e+00 5.407864200250548370e-01 2.644403498122203655e-01
4.325000000000000178e+00 5.446581096542912892e-01 2.672345382202958586e-01
4.325694444444444287e+00 5.487845938551701996e-01 2.698563768745622093e-01
4.326388888888888395e+00 5.527923349705374800e-01 2.725620130724374923e-01
4.327083333333333393e+00 5.570889168753601073e-01 2.753443966346397209e-01
4.327777777777777501e+00 5.612991971878600328e-01 2.780915322625558406e-01
4.328472222222222499e+00 5.656479804668590461e-01 2.808996061674695066e-01
4.329166666666665719e+00 5.690726896957014613e-01 2.836113442731189593e-01
4.329861111111111605e+00 5.733010854644063903e-01 2.863231413095864708e-01
4.330555555555555713e+00 5.780098023658744033e-01 2.891765151223415486e-01
4.331249999999999822e+00 5.820777543306920876e-01 2.918919990726343561e-01
4.331944444444444819e+00 5.863111417004824855e-01 2.945857882651888859e-01
4.332638888888888928e+00 5.904603788360219818e-01 2.973766605089654957e-01
4.333333333333333037e+00 5.939039555538223603e-01 3.002354628533181469e-01
4.334027777777778034e+00 5.974818895645700456e-01 3.031257980730795443e-01
4.334722222222222143e+00 6.017400095306527641e-01 3.057917043868052520e-01
4.335416666666666252e+00 6.057706619490590416e-01 3.085170742132751776e-01
4.336111111111111249e+00 6.098002876450370202e-01 3.113170808126562994e-01
4.336805555555555358e+00 6.135721407868514055e-01 3.141165156720679974e-01
4.337499999999999467e+00 6.182214224418981496e-01 3.169536082520853504e-01
4.338194444444444464e+00 6.233168400287441013e-01 3.197250150946197578e-01
4.338888888888889461e+00 6.269718459249096210e-01 3.224974440130284892e-01
4.339583333333332682e+00 6.312005395990634149e-01 3.253250144229181684e-01
4.340277777777777679e+00 6.356343335744055745e-01 3.282428212827354086e-01
4.340972222222222676e+00 6.388950841799341251e-01 3.310860004260791634e-01
4.341666666666666785e+00 6.435738840536081584e-01 3.339157177189409631e-01
4.342361111111110894e+00 6.479735915453599393e-01 3.368318677468962186e-01
4.343055555555555891e+00 6.508631195806712233e-01 3.396224362892623638e-01
4.343750000000000000e+00 6.551598797325770551e-01 3.425109265745588938e-01
4.344444444444444109e+00 6.595674002369534827e-01 3.454597164494663808e-01
4.345138888888889106e+00 6.628930270238363454e-01 3.483011074146080133e-01
4.345833333333333215e+00 6.669353731271062680e-01 3.511465818651353654e-01
4.346527777777777324e+00 6.708943761408427964e-01 3.541157383897074462e-01
4.347222222222222321e+00 6.751257633601551733e-01 3.568839577617825554e-01
4.347916666666666430e+00 6.788449358929120603e-01 3.597288596834551377e-01
4.348611111111110539e+00 6.827155132385817060e-01 3.625988991856749499e-01
4.349305555555555536e+00 6.866810407582407683e-01 3.655272665042024749e-01
4.349999999999998757e+00 6.905155119408136200e-01 3.684384236703578397e-01
4.350694444444444642e+00 6.944276322116513800e-01 3.713697343918880844e-01
4.351388888888888751e+00 6.986724148960715697e-01 3.742549502856955534e-01
4.352083333333333748e+00 7.019870974551710718e-01 3.772299822590925999e-01
4.352777777777777857e+00 7.059334199185378633e-01 3.801873437860670002e-01
4.353472222222221966e+00 7.101418643654441309e-01 3.830173105677965317e-01
4.354166666666666963e+00 7.138625607304515119e-01 3.859941266777549562e-01
4.354861111111111072e+00 7.178664383558089890e-01 3.888810794210347255e-01
4.355555555555555181e+00 7.215941161799297454e-01 3.919451738915003536e-01
4.356250000000000178e+00 7.256405287754866817e-01 3.949101262881231644e-01
4.356944444444444287e+00 7.300734879359846996e-01 3.978407896253261522e-01
4.357638888888888395e+00 7.337584383253540343e-01 4.009344826360592418e-01
4.358333333333333393e+00 7.370611446667099109e-01 4.039654755673346420e-01
4.359027777777777501e+00 7.413528921767866819e-01 4.071621320362643903e-01
4.359722222222222499e+00 7.452921629688714633e-01 4.101477140059797133e-01
4.360416666666665719e+00 7.490676831778444456e-01 4.130075065098676723e-01
4.361111111111111605e+00 7.520572296605759766e-01 4.161490903853445888e-01
4.361805555555555713e+00 7.554791809272566327e-01 4.192227124708199359e-01
4.362499999999999822e+00 7.601842712501806210e-01 4.223371474123125968e-01
4.363194444444444819e+00 7.641379252310344095e-01 4.253197084468317013e-01
4.363888888888888928e+00 7.678383813411214787e-01 4.283341731288101140e-01
4.364583333333333037e+00 7.720218370671038111e-01 4.314086369786701014e-01
4.365277777777778034e+00 7.754824083557769754e-01 4.344666504577028299e-01
4.365972222222222143e+00 7.788552812620458399e-01 4.375923983911406689e-01
4.366666666666666252e+00 7.829294591166101602e-01 4.405218168365383491e-01
4.367361111111111249e+00 7.865382217404112142e-01 4.436705581295574685e-01
4.368055555555555358e+00 7.899844971602465460e-01 4.466986970238229215e-01
4.368749999999999467e+00 7.938796964294358993e-01 4.496847463710839099e-01
4.369444444444444464e+00 7.979290727046435272e-01 4.528548010629412368e-01
4.370138888888889461e+00 8.017962542305125950e-01 4.559317316032107659e-01
4.370833333333332682e+00 8.053260963935459094e-01 4.591039462137408433e-01
4.371527777777777679e+00 8.089295491005296102e-01 4.622676668531218169e-01
4.372222222222222676e+00 8.135122705750794658e-01 4.653436151898355244e-01
4.372916666666666785e+00 8.170849794233139285e-01 4.684304176136084852e-01
4.373611111111110894e+00 8.202036074361103157e-01 4.715330232764910479e-01
4.374305555555555891e+00 8.243516732800338920e-01 4.747401937018224105e-01
4.375000000000000000e+00 8.280169340535499245e-01 4.778474194789227303e-01
4.375694444444444109e+00 8.318336198438023299e-01 4.809521327422277004e-01
4.376388888888889106e+00 8.348640503591244766e-01 4.841117889071938629e-01
4.377083333333333215e+00 8.382268098781378018e-01 4.874651609895779836e-01
4.377777777777777324e+00 8.430331417609518985e-01 4.902934414342353109e-01
4.378472222222222321e+00 8.466796979448819593e-01 4.935493331078500412e-01
4.379166666666666430e+00 8.499459168104412932e-01 4.968361960273215971e-01
4.379861111111110539e+00 8.534434423095669242e-01 4.999971286476715404e-01
4.380555555555555536e+00 8.574897319123512274e-01 5.032283610356550474e-01
4.381249999999998757e+00 8.610822890461314882e-01 5.063068941495553199e-01
4.381944444444444642e+00 8.633072947743449799e-01 5.093296254325830885e-01
4.382638888888888751e+00 8.676292866035970608e-01 5.126098778107448517e-01
4.383333333333333748e+00 8.730212040869330670e-01 5.160091795647119284e-01
4.384027777777777857e+00 8.753193616536480981e-01 5.189858053923864789e-01
4.384722222222221966e+00 8.778282908381516148e-01 5.221679454112734264e-01
4.385416666666666963e+00 8.839267832847184092e-01 5.255752696182613981e-01
4.386111111111111072e+00 8.876573551629236558e-01 5.286681481621033907e-01
4.386805555555555181e+00 8.902148626333051817e-01 5.318969957120833758e-01
4.387500000000000178e+00 8.924520035761245307e-01 5.352054547846488708e-01
4.388194444444444287e+00 8.970221792030814711e-01 5.383946678067913494e-01
4.388888888888888395e+00 9.014354264305149966e-01 5.415532688295918717e-01
4.389583333333333393e+00 9.034649459519680237e-01 5.449394859893410548e-01
4.390277777777777501e+00 9.069599754673247638e-01 5.481950907312521659e-01
4.390972222222222499e+00 9.115325527901336766e-01 5.512290721171171359e-01
4.391666666666665719e+00 9.152148447092250949e-01 5.547092313071505520e-01
4.392361111111111605e+00 9.187633677035116353e-01 5.579818820733503104e-01
4.393055555555555713e+00 9.217158522304919055e-01 5.608856471976848557e-01
4.393749999999999822e+00 9.257056013099838054e-01 5.643218165067395153e-01
4.394444444444444819e+00 9.298562852353429165e-01 5.678883496253681606e-01
4.395138888888888928e+00 9.324305892930676576e-01 5.704749864961145001e-01
4.395833333333333037e+00 9.364132966874642028e-01 5.737882478162215083e-01
4.396527777777778034e+00 9.401333509556797363e-01 5.776786794586078466e-01
4.397222222222222143e+00 9.438364473705236346e-01 5.806661007251789908e-01
4.397916666666666252e+00 9.464147717231660151e-01 5.839039291595180536e-01
4.398611111111111249e+00 9.501473813052887518e-01 5.875994785443888757e-01
4.399305555555555358e+00 9.560661679653673639e-01 5.906775859569135534e-01
4.399999999999999467e+00 9.590805394709714937e-01 5.940832386990740899e-01
4.400694444444444464e+00 9.618501548243948429e-01 5.977053631627744501e-01
4.401388888888889461e+00 9.640840741992133811e-01 6.008523170444382000e-01
4.402083333333332682e+00 9.668114248301998837e-01 6.044279965157507428e-01
4.402777777777777679e+00 9.715647659203022757e-01 6.079329416221458393e-01
4.403472222222222676e+00 9.742270331753059009e-01 6.109288658280167539e-01
4.404166666666666785e+00 9.781441384682203477e-01 6.143670033602326441e-01
4.404861111111110894e+00 9.828819170707080444e-01 6.178276394348314327e-01
4.405555555555555891e+00 9.849421366791155652e-01 6.211189399084718898e-01
4.406250000000000000e+00 9.877364759232664104e-01 6.246614640979294419e-01
4.406944444444444109e+00 9.920631931461948438e-01 6.276727952509330022e-01
4.407638888888889106e+00 9.951174547767730472e-01 6.309340662008310341e-01
4.408333333333333215e+00 9.969503481423616087e-01 6.344866748734647732e-01
4.409027777777777324e+00 1.000355967915572242e+00 6.378462088577693256e-01
4.409722222222222321e+00 1.004656727521567872e+00 6.414160338521261995e-01
4.410416666666666430e+00 1.007975193049665208e+00 6.447673166653955512e-01
4.411111111111110539e+00 1.010733764172722093e+00 6.478935947318759103e-01
4.411805555555555536e+00 1.014001547406050197e+00 6.514502120793195239e-01
4.412499999999998757e+00 1.017244438551900387e+00 6.548372878697102939e-01
4.413194444444444642e+00 1.019707942235474230e+00 6.583158784968218269e-01
4.413888888888888751e+00 1.024266390721159325e+00 6.615161665625024501e-01
4.414583333333333748e+00 1.027470637830398159e+00 6.646583526530155384e-01
4.415277777777777857e+00 1.029801027755902876e+00 6.683834915562129053e-01
4.415972222222221966e+00 1.033011481753814964e+00 6.721545151115038141e-01
4.416666666666666963e+00 1.037435640568195705e+00 6.748641904857547447e-01
4.417361111111111072e+00 1.041381821725366530e+00 6.782660976688223986e-01
4.418055555555555181e+00 1.042857986335405940e+00 6.822591389927944450e-01
4.418750000000000178e+00 1.044771602731594307e+00 6.852101673291608464e-01
4.419444444444444287e+00 1.049044567908064884e+00 6.887200859951323473e-01
4.420138888888888395e+00 1.050214889560119991e+00 6.925733669719690289e-01
4.420833333333333393e+00 1.052703863209201396e+00 6.954789474353131329e-01
4.421527777777777501e+00 1.057969772703419631e+00 6.989475633481518901e-01
4.422222222222222499e+00 1.062944066816699840e+00 7.027124901030740167e-01
4.422916666666665719e+00 1.063608367046830150e+00 7.055729836424061707e-01
4.423611111111111605e+00 1.065624910893559152e+00 7.091288624364990856e-01
4.424305555555555713e+00 1.070308718201442577e+00 7.124018477684436190e-01
4.424999999999999822e+00 1.074320119604766477e+00 7.160529211960486862e-01
4.425694444444444819e+00 1.077195335426678113e+00 7.193971403071753867e-01
4.426388888888888928e+00 1.077935111268884194e+00 7.226169371758742743e-01
4.427083333333333037e+00 1.081514554406132866e+00 7.261352081690793936e-01
4.427777777777778034e+00 1.084598115659603845e+00 7.294498184677856711e-01
4.428472222222222143e+00 1.088354415492110094e+00 7.328280962105612195e-01
4.429166666666666252e+00 1.092459683145098559e+00 7.361086310991757919e-01
4.429861111111111249e+00 1.094157084694366011e+00 7.395280191467834552e-01
4.430555555555555358e+00 1.095708582737988435e+00 7.430330612023426928e-01
4.431249999999999467e+00 1.099355465638993889e+00 7.459700050748376832e-01
4.431944444444444464e+00 1.103152200320349996e+00 7.493598569758384009e-01
4.432638888888889461e+00 1.105455646161608074e+00 7.528831667785358395e-01
4.433333333333332682e+00 1.107950876691706332e+00 7.562892233599569636e-01
4.434027777777777679e+00 1.108753720608897764e+00 7.597496426097635203e-01
4.434722222222222676e+00 1.112267172031666584e+00 7.633347054330303916e-01
4.435416666666666785e+00 1.116643191747056285e+00 7.666625584135356997e-01
4.436111111111110894e+00 1.119047085382568474e+00 7.700227205668245256e-01
4.436805555555555891e+00 1.121802926694547953e+00 7.731398207069842821e-01
4.437500000000000000e+00 1.124544226083419751e+00 7.762408397121919323e-01
4.438194444444444109e+00 1.126988966182680629e+00 7.797870405524592874e-01
4.438888888888889106e+00 1.129623489845218876e+00 7.828321087104199716e-01
4.439583333333333215e+00 1.132057414718348420e+00 7.862193907024385142e-01
4.440277777777777324e+00 1.135361028488957924e+00 7.901087439541113477e-01
4.440972222222222321e+00 1.137856442813538926e+00 7.930401955100312428e-01
4.441666666666666430e+00 1.139709226301030665e+00 7.962778009029156667e-01
4.442361111111110539e+00 1.143237809479041189e+00 7.998772903383543076e-01
4.443055555555555536e+00 1.145709959724150462e+00 8.029402900474656990e-01
4.443749999999998757e+00 1.148164886357184278e+00 8.068230404188109217e-01
4.444444444444444642e+00 1.150572746735294194e+00 8.101027918780484560e-01
4.445138888888888751e+00 1.152701792184614993e+00 8.129657364189785129e-01
4.445833333333333748e+00 1.156278572725618403e+00 8.168574866527410494e-01
4.446527777777777857e+00 1.158108807042959931e+00 8.199040275968911828e-01
4.447222222222221966e+00 1.161011603891311861e+00 8.233036541616235438e-01
4.447916666666666963e+00 1.165043341269869748e+00 8.266353354263225039e-01
4.448611111111111072e+00 1.166206731523132145e+00 8.298357652705422582e-01
4.449305555555555181e+00 1.167039627503965837e+00 8.333521885854483502e-01
4.450000000000000178e+00 1.170734004559263575e+00 8.363789213604116979e-01
4.450694444444444287e+00 1.172629829496838250e+00 8.397686162237889551e-01
4.451388888888888395e+00 1.172104411627189258e+00 8.434916429724321763e-01
4.452083333333333393e+00 1.175217925953748521e+00 8.461152929210943308e-01
4.452777777777777501e+00 1.178808427252910684e+00 8.493330168784308798e-01
4.453472222222222499e+00 1.182038491630191812e+00 8.529043233603085250e-01
4.454166666666665719e+00 1.185620445908142973e+00 8.560144377569739449e-01
4.454861111111111605e+00 1.188083281101427247e+00 8.595016371293257018e-01
4.455555555555555713e+00 1.189449065562956820e+00 8.627231411278289963e-01
4.456249999999999822e+00 1.190722504299403628e+00 8.660558651951081321e-01
4.456944444444444819e+00 1.194033803239283209e+00 8.687476878762200316e-01
4.457638888888888928e+00 1.198095442660192411e+00 8.722221571993279410e-01
4.458333333333333037e+00 1.199094640181743276e+00 8.760582638702044678e-01
4.459027777777778034e+00 1.200475211730591685e+00 8.786236334272745641e-01
4.459722222222222143e+00 1.202825044547921607e+00 8.817286169422808850e-01
4.460416666666666252e+00 1.205528900293426409e+00 8.856834732134344357e-01
4.461111111111111249e+00 1.207546780317973356e+00 8.879488079700348369e-01
4.461805555555555358e+00 1.206499377516027760e+00 8.909783768753509747e-01
4.462499999999999467e+00 1.210075317321534838e+00 8.950015769584179770e-01
4.463194444444444464e+00 1.215123516155444561e+00 8.984318673786005904e-01
4.463888888888889461e+00 1.216272492210659584e+00 9.012929783737837486e-01
4.464583333333332682e+00 1.217153333137039883e+00 9.039369104237809927e-01
4.465277777777777679e+00 1.219400350993120385e+00 9.078670268182582603e-01
4.465972222222222676e+00 1.222192950731608274e+00 9.108545387681691308e-01
4.466666666666666785e+00 1.223409036082390378e+00 9.134619872262551565e-01
4.467361111111110894e+00 1.225109545509270426e+00 9.162644369523896826e-01
4.468055555555555891e+00 1.227768174271762103e+00 9.195471320907530055e-01
4.468750000000000000e+00 1.230775799193711162e+00 9.226459004545859433e-01
4.469444444444444109e+00 1.231993640043795635e+00 9.261541899035076186e-01
4.470138888888889106e+00 1.233692322337533565e+00 9.291318892784806716e-01
4.470833333333333215e+00 1.234417135447710256e+00 9.319117722056150521e-01
4.471527777777777324e+00 1.235808946461877333e+00 9.346049096410049550e-01
4.472222222222222321e+00 1.239998684451070643e+00 9.376480182200952473e-01
4.472916666666666430e+00 1.240494092016872774e+00 9.407932912387645397e-01
4.473611111111110539e+00 1.242320931754310687e+00 9.437969207468399624e-01
4.474305555555555536e+00 1.245820744883351816e+00 9.465351043519208973e-01
4.474999999999998757e+00 1.245016606883822208e+00 9.493867078434710116e-01
4.475694444444444642e+00 1.246272725679244076e+00 9.510898758708032918e-01
4.476388888888888751e+00 1.250627860878870123e+00 9.543816304335973610e-01
4.477083333333333748e+00 1.252237935205016361e+00 9.591584805414408166e-01
4.477777777777777857e+00 1.254118010844228692e+00 9.613203471335451944e-01
4.478472222222221966e+00 1.254498436947045992e+00 9.644163715573175200e-01
4.479166666666666963e+00 1.256860405809232306e+00 9.675035057960316154e-01
4.479861111111111072e+00 1.257802935132424471e+00 9.701980282177755655e-01
4.480555555555555181e+00 1.258881536686132785e+00 9.729893832744418436e-01
4.481250000000000178e+00 1.260354447876891326e+00 9.755287565623856905e-01
4.481944444444444287e+00 1.260364322693129591e+00 9.782805583736539079e-01
4.482638888888888395e+00 1.260278422520907160e+00 9.797566703352109663e-01
4.483333333333333393e+00 1.262821261488676239e+00 9.820582541444221603e-01
4.484027777777777501e+00 1.264577886686919506e+00 9.850065973561064059e-01
4.484722222222222499e+00 1.266055046737768697e+00 9.875128891881360671e-01
4.485416666666665719e+00 1.268973433968598963e+00 9.903571783372827619e-01
4.486111111111111605e+00 1.268645144895338417e+00 9.922171581869934087e-01
4.486805555555555713e+00 1.270121780138761425e+00 9.948013263323804978e-01
4.487499999999999822e+00 1.273662691346578724e+00 9.982466111224683747e-01
4.488194444444444819e+00 1.273791737086750864e+00 9.996902944103108757e-01
4.488888888888888928e+00 1.275240732756286244e+00 1.002549793514317278e+00
4.489583333333333037e+00 1.278793801439572997e+00 1.005559155557272266e+00
4.490277777777778034e+00 1.279105485708826428e+00 1.006479926066408570e+00
4.490972222222222143e+00 1.279861562669355912e+00 1.009631862990689743e+00
4.491666666666666252e+00 1.283171694382974071e+00 1.013059672558035418e+00
4.492361111111111249e+00 1.284731978783384632e+00 1.015087350299532565e+00
4.493055555555555358e+00 1.284534147064076315e+00 1.017533080250826671e+00
4.493749999999999467e+00 1.285600638676464458e+00 1.019927165626056453e+00
4.494444444444444464e+00 1.287713038168975643e+00 1.022154847214274964e+00
4.495138888888889461e+00 1.289596258061871836e+00 1.025010824064350068e+00
4.495833333333332682e+00 1.291782864504659845e+00 1.027340722243179849e+00
4.496527777777777679e+00 1.294280568775291851e+00 1.030206330103407231e+00
4.497222222222222676e+00 1.294240609468603642e+00 1.031079721202539101e+00
4.497916666666666785e+00 1.293801005988062691e+00 1.032162053798093559e+00
4.498611111111110894e+00 1.297728571021880883e+00 1.034735569983529668e+00
4.499305555555555891e+00 1.299982345854415522e+00 1.037813206195196569e+00
4.500000000000000000e+00 1.299387550954218540e+00 1.041404863293062810e+00
4.500694444444444109e+00 1.301394694209498271e+00 1.044534283777488248e+00
4.501388888888889106e+00 1.302618005632842024e+00 1.045239422768578619e+00
4.502083333333333215e+00 1.302688783110983461e+00 1.045929118997968699e+00
4.502777777777777324e+00 1.305873374102847873e+00 1.049021152555222214e+00
4.503472222222222321e+00 1.308074925649051812e+00 1.053130610186686855e+00
4.504166666666666430e+00 1.308186807513219252e+00 1.055545199405330203e+00
4.504861111111110539e+00 1.309536603732413873e+00 1.057583870393890679e+00
4.505555555555555536e+00 1.312162243215966750e+00 1.060388479312734056e+00
4.506249999999998757e+00 1.310154614010631491e+00 1.063762677561674419e+00
4.506944444444444642e+00 1.310918106312342291e+00 1.066697037477860821e+00
4.507638888888888751e+00 1.313509673337808437e+00 1.067698661238350999e+00
4.508333333333333748e+00 1.316465579142483300e+00 1.068972835852525449e+00
4.509027777777777857e+00 1.316738269199357658e+00 1.072249297837061244e+00
4.509722222222221966e+00 1.318138107933518821e+00 1.074980897820578374e+00
4.510416666666666963e+00 1.319903680557524384e+00 1.077065579813855090e+00
4.511111111111111072e+00 1.319440645865331607e+00 1.078707779993785643e+00
4.511805555555555181e+00 1.320828788869028880e+00 1.080671106042329299e+00
4.512500000000000178e+00 1.324128675002923083e+00 1.083516132570662593e+00
4.513194444444444287e+00 1.323693088736791035e+00 1.085612273717729614e+00
4.513888888888888395e+00 1.324794102236904747e+00 1.088154909436811257e+00
4.514583333333333393e+00 1.324596239496154793e+00 1.090468639137584850e+00
4.515277777777777501e+00 1.324545055645185654e+00 1.091706394418806791e+00
4.515972222222222499e+00 1.328060498090134933e+00 1.094220977486148216e+00
4.516666666666665719e+00 1.328958113114739215e+00 1.097196995747026227e+00
4.517361111111111605e+00 1.331041570358227233e+00 1.098408841199511876e+00
4.518055555555555713e+00 1.330650949018900242e+00 1.100151852304268596e+00
4.518749999999999822e+00 1.331348609586549436e+00 1.102333831348841775e+00
4.519444444444444819e+00 1.335610948868525494e+00 1.103711279036195814e+00
4.520138888888888928e+00 1.334381989934812829e+00 1.106014513672497035e+00
4.520833333333333037e+00 1.334161676265201546e+00 1.108977531775788838e+00
4.521527777777778034e+00 1.336523266875896399e+00 1.110950962594464464e+00
4.522222222222222143e+00 1.336884983200147037e+00 1.112136907218163939e+00
4.522916666666666252e+00 1.337597153291254504e+00 1.114908079985695188e+00
4.523611111111111249e+00 1.339068666197400059e+00 1.117119613695781943e+00
4.524305555555555358e+00 1.339905879568882741e+00 1.118606955057244168e+00
4.524999999999999467e+00 1.339257663727654979e+00 1.119137350326901315e+00
4.525694444444444464e+00 1.341242892841004064e+00 1.122227621323288904e+00
4.526388888888889461e+00 1.342461005665048335e+00 1.124497864051541729e+00
4.527083333333332682e+00 1.342217198429270564e+00 1.125955077432979179e+00
4.527777777777777679e+00 1.343734478668914933e+00 1.128644785573066356e+00
4.528472222222222676e+00 1.345669383670831332e+00 1.129132019307358625e+00
4.529166666666666785e+00 1.346070910146946131e+00 1.130276772864287071e+00
4.529861111111110894e+00 1.346654476036262649e+00 1.133260654493663644e+00
4.530555555555555891e+00 1.347373392581228124e+00 1.135265134219268557e+00
4.531250000000000000e+00 1.349215861049275489e+00 1.136105382420631305e+00
4.531944444444444109e+00 1.349097272476020182e+00 1.137928197340383640e+00
4.532638888888889106e+00 1.348637746319281128e+00 1.139884701047397142e+00
4.533333333333333215e+00 1.351786355024946484e+00 1.142558431237782557e+00
4.534027777777777324e+00 1.352736727774122683e+00 1.144263756083983008e+00
4.534722222222222321e+00 1.351116743007914067e+00 1.146069314948310103e+00
4.535416666666666430e+00 1.352830169053101717e+00 1.145867880123446536e+00
4.536111111111110539e+00 1.354222575217884472e+00 1.146790349908692663e+00
4.536805555555555536e+00 1.353809874796548796e+00 1.149461408321584832e+00
4.537499999999998757e+00 1.355857305491355413e+00 1.152979671322338806e+00
4.538194444444444642e+00 1.356928315014233721e+00 1.153596058200559105e+00
4.538888888888888751e+00 1.355993674625352696e+00 1.153723460919709343e+00
4.539583333333333748e+00 1.357369628670464845e+00 1.153630972168106616e+00
4.540277777777777857e+00 1.357453488649725593e+00 1.154316394596128781e+00
4.540972222222221966e+00 1.356204290208200991e+00 1.156451554363447931e+00
4.541666666666666963e+00 1.357951354162826973e+00 1.159256588934713506e+00
4.542361111111111072e+00 1.359404364112714481e+00 1.162784230188292023e+00
4.543055555555555181e+00 1.359203073949031504e+00 1.164350993286312086e+00
4.543750000000000178e+00 1.356436137249353635e+00 1.165447672438880700e+00
4.544444444444444287e+00 1.357871413690008522e+00 1.165912730549983456e+00
4.545138888888888395e+00 1.360647626692093271e+00 1.166493478675315609e+00
4.545833333333333393e+00 1.361515177897712148e+00 1.169487840547461355e+00
4.546527777777777501e+00 1.360705202151942572e+00 1.170907697374458323e+00
4.547222222222222499e+00 1.360914573592848731e+00 1.171043232344582963e+00
4.547916666666665719e+00 1.362483426367687045e+00 1.172844218851454068e+00
4.548611111111111605e+00 1.364939516514068085e+00 1.175564419473985822e+00
4.549305555555555713e+00 1.361970581584334150e+00 1.175263472354920014e+00
4.549999999999999822e+00 1.363485321679653195e+00 1.177050280273774563e+00
4.550694444444444819e+00 1.366834219992464572e+00 1.178407107746977323e+00
4.551388888888888928e+00 1.365761165551667711e+00 1.179120316339114627e+00
4.552083333333333037e+00 1.364837631843727195e+00 1.181372666132155080e+00
4.552777777777778034e+00 1.366581341138278116e+00 1.183001870917787191e+00
4.553472222222222143e+00 1.366881500531303306e+00 1.184447526916647231e+00
4.554166666666666252e+00 1.368020946954310535e+00 1.184549072565992622e+00
4.554861111111111249e+00 1.369893376898122739e+00 1.185879254430390661e+00
4.555555555555555358e+00 1.368350378522990463e+00 1.188397179717712859e+00
4.556249999999999467e+00 1.367368151419343647e+00 1.190119531549747034e+00
4.556944444444444464e+00 1.369207525841422690e+00 1.188426382706274431e+00
4.557638888888889461e+00 1.370407011684344090e+00 1.190503726959736497e+00
4.558333333333332682e+00 1.369905735842836370e+00 1.193789800762643960e+00
4.559027777777777679e+00 1.369333085844224307e+00 1.194015549045153834e+00
4.559722222222222676e+00 1.369411605358657802e+00 1.194714266542615144e+00
4.560416666666666785e+00 1.370947661074326307e+00 1.196042959128105876e+00
4.561111111111110894e+00 1.371383242129678548e+00 1.196430134659509648e+00
4.561805555555555891e+00 1.371658360438864577e+00 1.198695710073662379e+00
4.562500000000000000e+00 1.372073228952732427e+00 1.199166526573767877e+00
4.563194444444444109e+00 1.373379284226909691e+00 1.199735813331596734e+00
4.563888888888889106e+00 1.373057695130438738e+00 1.202407991002553134e+00
4.564583333333333215e+00 1.373232157246006890e+00 1.202733097883432301e+00
4.565277777777777324e+00 1.372149914566006768e+00 1.203116478398230438e+00
4.565972222222222321e+00 1.370926404294885659e+00 1.202835900147173565e+00
4.566666666666666430e+00 1.372745901720775707e+00 1.204449444401112235e+00
4.567361111111110539e+00 1.376622091783837654e+00 1.207890849833017421e+00
4.568055555555555536e+00 1.376273953947913853e+00 1.206778776447648527e+00
4.568749999999998757e+00 1.374281193069504248e+00 1.206272799595247802e+00
4.569444444444444642e+00 1.372679645458834363e+00 1.208048280348882120e+00
4.570138888888888751e+00 1.373814802006658731e+00 1.209630398366640103e+00
4.570833333333333748e+00 1.377440948040884239e+00 1.211901581707824471e+00
4.571527777777777857e+00 1.375782121783531320e+00 1.210174356220186098e+00
4.572222222222221966e+00 1.375792289557323134e+00 1.210003871070750581e+00
4.572916666666666963e+00 1.376263191787559625e+00 1.213444307125549404e+00
4.573611111111111072e+00 1.376009673553565626e+00 1.215576710820915673e+00
4.574305555555555181e+00 1.376452836267323399e+00 1.216615999349691890e+00
4.575000000000000178e+00 1.376803092407585360e+00 1.216405851300217167e+00
4.575694444444444287e+00 1.376690043098491856e+00 1.216369987272102771e+00
4.576388888888888395e+00 1.378508821509052851e+00 1.217797096732068818e+00
4.577083333333333393e+00 1.378867559020020339e+00 1.218681563667372902e+00
4.577777777777777501e+00 1.375173478479044586e+00 1.218783181654145231e+00
4.578472222222222499e+00 1.375201965111583879e+00 1.220201120945993978e+00
4.579166666666665719e+00 1.378138841141631987e+00 1.221552649946780145e+00
4.579861111111111605e+00 1.377721401413445790e+00 1.219862382162853587e+00
4.580555555555555713e+00 1.376072732327674908e+00 1.222171323330921711e+00
4.581249999999999822e+00 1.375689145099189270e+00 1.223348482931214898e+00
4.581944444444444819e+00 1.377841192350708122e+00 1.224123614152342832e+00
4.582638888888888928e+00 1.379191742290310385e+00 1.225194209331072148e+00
4.583333333333333037e+00 1.378340803598557818e+00 1.224513106826896403e+00
4.584027777777778034e+00 1.377678012995542600e+00 1.224371444871978465e+00
4.584722222222222143e+00 1.378760101503292423e+00 1.225715616710763234e+00
4.585416666666666252e+00 1.378148922065932203e+00 1.226120300904656180e+00
4.586111111111111249e+00 1.377570907958016511e+00 1.227567092806182147e+00
4.586805555555555358e+00 1.379536232220344161e+00 1.226949616433900436e+00
4.587499999999999467e+00 1.378093404783468090e+00 1.226769041198287669e+00
4.588194444444444464e+00 1.377443200724467687e+00 1.228447419316964329e+00
4.588888888888889461e+00 1.379772271915250759e+00 1.229336579427317222e+00
4.589583333333332682e+00 1.378666579780396528e+00 1.228718568257813004e+00
4.590277777777777679e+00 1.378121724330707121e+00 1.229893479613603846e+00
4.590972222222222676e+00 1.378864886613605067e+00 1.231016080436947435e+00
4.591666666666666785e+00 1.376214613177021429e+00 1.230568868151004081e+00
4.592361111111110894e+00 1.377388117616042296e+00 1.230467063909168601e+00
4.593055555555555891e+00 1.380330228531847947e+00 1.231675232902241124e+00
4.593750000000000000e+00 1.377886613395595372e+00 1.232064950427268046e+00
4.594444444444444109e+00 1.376910976597000458e+00 1.232759359639631791e+00
4.595138888888889106e+00 1.379072936868232846e+00 1.233112819519449843e+00
4.595833333333333215e+00 1.376472423204548212e+00 1.232265574604166858e+00
4.596527777777777324e+00 1.374409951530809249e+00 1.232567597157490535e+00
4.597222222222222321e+00 1.376035339946414471e+00 1.233550198266034625e+00
4.597916666666666430e+00 1.374462966078851212e+00 1.233129498030365534e+00
4.598611111111110539e+00 1.373947007162115597e+00 1.233861941146805474e+00
4.599305555555555536e+00 1.374397201542772784e+00 1.234385271824167241e+00
4.599999999999998757e+00 1.373882350875034186e+00 1.232962442576557072e+00
4.600694444444444642e+00 1.375374914470187671e+00 1.233947434499404139e+00
4.601388888888888751e+00 1.372999076634644489e+00 1.234019487233277257e+00
4.602083333333333748e+00 1.371143553197404774e+00 1.234074498281203747e+00
4.602777777777777857e+00 1.373168589663943839e+00 1.234532524534091902e+00
4.603472222222221966e+00 1.376145744359481338e+00 1.233633580328765245e+00
4.604166666666666963e+00 1.376587795615683563e+00 1.234269657536869680e+00
4.604861111111111072e+00 1.375155138434833946e+00 1.234791519984235419e+00
4.605555555555555181e+00 1.367820367718682428e+00 1.234124711738634472e+00
4.606250000000000178e+00 1.366320136643749628e+00 1.235249224191098616e+00
4.606944444444444287e+00 1.367419941393325900e+00 1.233994113512576707e+00
4.607638888888888395e+00 1.366661377103031150e+00 1.232354342862496566e+00
4.608333333333333393e+00 1.368958797489574275e+00 1.233031704549125696e+00
4.609027777777777501e+00 1.365179283282661027e+00 1.232937384865806729e+00
4.609722222222222499e+00 1.362107465102707415e+00 1.231003979979231389e+00
4.610416666666665719e+00 1.364903811670048928e+00 1.229693432374534989e+00
4.611111111111111605e+00 1.366697675713540505e+00 1.230979969542322472e+00
4.611805555555555713e+00 1.365535511184562401e+00 1.231881643538156323e+00
4.612499999999999822e+00 1.363217202664515071e+00 1.230899881237126570e+00
4.613194444444444819e+00 1.365494870582569797e+00 1.229568317696041246e+00
4.613888888888888928e+00 1.364348724651387013e+00 1.229521727408489751e+00
4.614583333333333037e+00 1.363656971057737533e+00 1.228962072692474816e+00
4.615277777777778034e+00 1.364507561905829114e+00 1.225025638516274773e+00
4.615972222222222143e+00 1.364536179869803911e+00 1.225071058151722347e+00
4.616666666666666252e+00 1.363742106394364662e+00 1.226867670896474083e+00
4.617361111111111249e+00 1.365221333001899628e+00 1.226376236192655567e+00
4.618055555555555358e+00 1.364855953451982629e+00 1.228768583507691137e+00
4.618749999999999467e+00 1.364858118906623563e+00 1.230884857815528033e+00
4.619444444444444464e+00 1.363953664646286645e+00 1.226820354890759468e+00
4.620138888888889461e+00 1.360044950292314647e+00 1.225928792695704761e+00
4.620833333333332682e+00 1.360354019941275805e+00 1.226272178287029613e+00
4.621527777777777679e+00 1.361858248947378502e+00 1.222238261233057566e+00
4.622222222222222676e+00 1.359896996371856792e+00 1.220777705442888550e+00
4.622916666666666785e+00 1.358813263242538261e+00 1.222831175854000030e+00
4.623611111111110894e+00 1.359040663849394148e+00 1.223347301486521266e+00
4.624305555555555891e+00 1.358566612161416165e+00 1.218699155243161858e+00
4.625000000000000000e+00 1.361145255926069275e+00 1.218126475942971298e+00
4.625694444444444109e+00 1.359265482795875002e+00 1.217146360694042695e+00
4.626388888888889106e+00 1.357234094404501601e+00 1.214034360247864930e+00
4.627083333333333215e+00 1.358390176281501827e+00 1.214270257875764703e+00
4.627777777777777324e+00 1.356193063643474694e+00 1.215733350471500440e+00
4.628472222222222321e+00 1.348717297453668529e+00 1.217781085319739942e+00
4.629166666666666430e+00 1.345394302555077859e+00 1.216996859772991213e+00
4.629861111111110539e+00 1.351197722903084264e+00 1.215912507554676614e+00
4.630555555555555536e+00 1.356641717954222948e+00 1.216452198478585212e+00
4.631249999999998757e+00 1.352806222827680704e+00 1.216537600068782865e+00
4.631944444444444642e+00 1.350650439239313716e+00 1.216562360460580638e+00
4.632638888888888751e+00 1.352565661818089904e+00 1.215307310242639049e+00
4.633333333333333748e+00 1.353123380663598718e+00 1.215187373307426322e+00
4.634027777777777857e+00 1.350437458693112269e+00 1.215383866815574754e+00
4.634722222222221966e+00 1.347619252000352708e+00 1.215386674970828418e+00
4.635416666666666963e+00 1.346294674296539595e+00 1.214943440746620418e+00
4.636111111111111072e+00 1.347629617783639322e+00 1.214677342463110543e+00
4.636805555555555181e+00 1.350195604809797834e+00 1.214853584465091396e+00
4.637500000000000178e+00 1.348367191261220954e+00 1.213840668428004088e+00
4.638194444444444287e+00 1.349005902925666911e+00 1.211969043097516741e+00
4.638888888888888395e+00 1.344156591335934570e+00 1.211443770134182252e+00
4.639583333333333393e+00 1.344987065495077516e+00 1.210508484526245487e+00
4.640277777777777501e+00 1.347668587557195208e+00 1.209452577410374596e+00
4.640972222222222499e+00 1.346880213522393177e+00 1.209170630535947755e+00
4.641666666666665719e+00 1.343905533131036556e+00 1.208394162864525612e+00
4.642361111111111605e+00 1.342594676908633433e+00 1.207080491150865242e+00
4.643055555555555713e+00 1.340873953030304211e+00 1.206866831900282877e+00
4.643749999999999822e+00 1.341286885090396064e+00 1.205367228991509609e+00
4.644444444444444819e+00 1.340587615840864277e+00 1.204519043210839468e+00
4.645138888888888928e+00 1.338794776801455200e+00 1.203779461191262889e+00
4.645833333333333037e+00 1.338762567987386021e+00 1.202268317419589616e+00
4.646527777777778034e+00 1.339251940765916693e+00 1.201644197254229329e+00
4.647222222222222143e+00 1.336013805551041544e+00 1.200957608671447074e+00
4.647916666666666252e+00 1.336156025344546583e+00 1.199224851587623375e+00
4.648611111111111249e+00 1.333775636090762440e+00 1.198461055494822070e+00
4.649305555555555358e+00 1.331248348075349197e+00 1.197372844357645461e+00
4.649999999999999467e+00 1.331648849937963064e+00 1.196694846040554649e+00
4.650694444444444464e+00 1.331998803939912657e+00 1.195385541267602880e+00
4.651388888888889461e+00 1.332193339705261437e+00 1.194415442194378896e+00
4.652083333333332682e+00 1.332654944116574924e+00 1.193040002237550024e+00
4.652777777777777679e+00 1.333872630968541362e+00 1.191951052628258401e+00
4.653472222222222676e+00 1.331737177282481976e+00 1.189955695919446388e+00
4.654166666666666785e+00 1.325690746433302758e+00 1.188773275309688460e+00
4.654861111111110894e+00 1.328376019629335270e+00 1.187935315680776593e+00
4.655555555555555891e+00 1.327246686891847771e+00 1.187455103372893506e+00
4.656250000000000000e+00 1.325473181992040006e+00 1.184888991776648304e+00
4.656944444444444109e+00 1.326240098332296835e+00 1.183651987152933849e+00
4.657638888888889106e+00 1.324399810574437675e+00 1.182615072076912410e+00
4.658333333333333215e+00 1.324020619273618582e+00 1.181693561835449824e+00
4.659027777777777324e+00 1.322904074575233180e+00 1.180494162974105032e+00
4.659722222222222321e+00 1.321740723695953745e+00 1.179560384745950596e+00
4.660416666666666430e+00 1.322673401234556012e+00 1.177531764466406505e+00
4.661111111111110539e+00 1.320254971807609978e+00 1.176014365246771387e+00
4.661805555555555536e+00 1.317783386233358334e+00 1.174611180703249547e+00
4.662499999999998757e+00 1.314948522866739467e+00 1.173337795453929910e+00
4.663194444444444642e+00 1.315504967814553838e+00 1.171033869501254099e+00
4.663888888888888751e+00 1.313905174975460222e+00 1.169897237468236373e+00
4.664583333333333748e+00 1.313712481094435391e+00 1.169604120845561868e+00
4.665277777777777857e+00 1.314509665151941675e+00 1.167446082036883936e+00
4.665972222222221966e+00 1.310788288303333271e+00 1.165669957987661709e+00
4.666666666666666963e+00 1.308569903292755354e+00 1.163604138588241410e+00
4.667361111111111072e+00 1.309111321819083518e+00 1.161970305452686647e+00
4.668055555555555181e+00 1.307032648320121782e+00 1.160914075209377616e+00
4.668750000000000178e+00 1.305430229289157973e+00 1.159728691924167832e+00
4.669444444444444287e+00 1.304980313412168691e+00 1.157725315858400661e+00
4.670138888888888395e+00 1.306260513280973035e+00 1.155480106861872303e+00
4.670833333333333393e+00 1.303750420622152628e+00 1.154578257231855698e+00
4.671527777777777501e+00 1.300094106669493543e+00 1.152335965776100535e+00
4.672222222222222499e+00 1.298248448879596006e+00 1.150268509196008537e+00
4.672916666666665719e+00 1.296520123709671513e+00 1.149003495988896395e+00
4.673611111111111605e+00 1.293022262971086800e+00 1.147798332399732724e+00
4.674305555555555713e+00 1.293297020197957448e+00 1.145262051799486702e+00
4.674999999999999822e+00 1.293340027397784420e+00 1.143156246542505583e+00
4.675694444444444819e+00 1.289910981765506115e+00 1.141617845510696450e+00
4.676388888888888928e+00 1.287735078830740454e+00 1.140206616613382407e+00
4.677083333333333037e+00 1.286666383471359865e+00 1.137968130374854780e+00
4.677777777777778034e+00 1.284330750998305737e+00 1.136377065313546764e+00
4.678472222222222143e+00 1.284130005385277329e+00 1.134874031627963742e+00
4.679166666666666252e+00 1.284058188668261602e+00 1.133523399427604383e+00
4.679861111111111249e+00 1.280970758935280118e+00 1.131593851776249382e+00
4.680555555555555358e+00 1.278584000018043954e+00 1.128554608621937350e+00
4.681249999999999467e+00 1.275705656295844648e+00 1.124837524584385351e+00
4.681944444444444464e+00 1.273543274253353896e+00 1.122872831787353531e+00
4.682638888888889461e+00 1.271166095439760113e+00 1.122154383069150718e+00
4.683333333333332682e+00 1.272060054229509296e+00 1.118787834431932859e+00
4.684027777777777679e+00 1.268869382898629272e+00 1.117008067653876502e+00
4.684722222222222676e+00 1.264810940562358432e+00 1.114824736534640870e+00
4.685416666666666785e+00 1.257988344463298880e+00 1.113057611158533522e+00
4.686111111111110894e+00 1.255266403862428159e+00 1.110722705821578504e+00
4.686805555555555891e+00 1.255469888953800073e+00 1.108603362198527398e+00
4.687500000000000000e+00 1.252329545278948464e+00 1.105636492426232298e+00
4.688194444444444109e+00 1.250214949838104550e+00 1.103098636655588827e+00
4.688888888888889106e+00 1.250805912776491891e+00 1.101599396807231734e+00
4.689583333333333215e+00 1.248330851026726585e+00 1.099576807417472990e+00
4.690277777777777324e+00 1.248017954142847330e+00 1.097267457076042785e+00
4.690972222222222321e+00 1.242792051879219928e+00 1.095007034472082807e+00
4.691666666666666430e+00 1.230867309353347538e+00 1.091135334815554803e+00
4.692361111111110539e+00 1.238043365286926489e+00 1.088070406041593108e+00
4.693055555555555536e+00 1.234528887423629095e+00 1.085089244026817612e+00
4.693749999999998757e+00 1.229652309748084038e+00 1.082955597309526841e+00
4.694444444444444642e+00 1.233394070595645653e+00 1.081423393926250087e+00
4.695138888888888751e+00 1.234288231929312030e+00 1.079216905840747032e+00
4.695833333333333748e+00 1.234216745184613995e+00 1.076457014759470310e+00
4.696527777777777857e+00 1.229699144080421913e+00 1.073221265939205971e+00
4.697222222222221966e+00 1.226646572110524192e+00 1.070021250384185940e+00
4.697916666666666963e+00 1.226588924803454494e+00 1.067181109643337678e+00
4.698611111111111072e+00 1.221432254608636692e+00 1.064025557730694072e+00
4.699305555555555181e+00 1.221566763813837664e+00 1.060943652012403815e+00
4.700000000000000178e+00 1.219700129472157668e+00 1.057593520463776082e+00
4.700694444444444287e+00 1.219302981695770782e+00 1.054873338317712683e+00
4.701388888888888395e+00 1.219537182614855997e+00 1.051650597804431708e+00
4.702083333333333393e+00 1.211243210343188270e+00 1.047963337032165043e+00
4.702777777777777501e+00 1.206038412145902905e+00 1.044216230350726748e+00
4.703472222222222499e+00 1.204993349756356746e+00 1.041586328763704827e+00
4.704166666666665719e+00 1.208624733422448472e+00 1.038215250382791055e+00
4.704861111111111605e+00 1.209875162782267477e+00 1.034132334617725801e+00
4.705555555555555713e+00 1.204049602684976517e+00 1.031265691138088636e+00
4.706249999999999822e+00 1.200917362442939007e+00 1.027875763883695504e+00
4.706944444444444819e+00 1.202675882751463643e+00 1.024598970998435554e+00
4.707638888888888928e+00 1.200253003974359078e+00 1.022362095063919840e+00
4.708333333333333037e+00 1.197293645888813263e+00 1.019638450569141153e+00
4.709027777777778034e+00 1.192253088791099591e+00 1.015804449979283097e+00
4.709722222222222143e+00 1.191522630882471123e+00 1.011968589545378494e+00
4.710416666666666252e+00 1.188637406227908810e+00 1.008455488666735844e+00
4.711111111111111249e+00 1.185839942333129837e+00 1.004452756145406189e+00
4.711805555555555358e+00 1.183798134284044457e+00 1.000994160893245555e+00
4.712499999999999467e+00 1.179860674080765781e+00 9.971611822827974869e-01
4.713194444444444464e+00 1.175424445309902755e+00 9.934280287691138467e-01
4.713888888888889461e+00 1.172657462248398286e+00 9.898082046838799775e-01
4.714583333333332682e+00 1.170963369824633782e+00 9.854123590772372321e-01
4.715277777777777679e+00 1.169892051336577810e+00 9.815046680064721807e-01
4.715972222222222676e+00 1.163553896934755638e+00 9.779792991408510217e-01
4.716666666666666785e+00 1.159052989270754841e+00 9.738953385090628467e-01
4.717361111111110894e+00 1.156735777612196259e+00 9.700590117598585360e-01
4.718055555555555891e+00 1.151594129279199130e+00 9.662047330445804327e-01
4.718750000000000000e+00 1.146470261219023179e+00 9.618949114276512669e-01
4.719444444444444109e+00 1.142414899910575210e+00 9.574643083204777971e-01
4.720138888888889106e+00 1.138897811592800569e+00 9.538143400827086005e-01
4.720833333333333215e+00 1.135510214933873385e+00 9.491056389076978350e-01
4.721527777777777324e+00 1.131883934502034394e+00 9.447020320503846103e-01
4.722222222222222321e+00 1.127274360156147681e+00 9.404553129534168887e-01
4.722916666666666430e+00 1.122822308072233932e+00 9.364787705766144388e-01
4.723611111111110539e+00 1.119850588164567950e+00 9.317469041624620862e-01
4.724305555555555536e+00 1.112405507783259750e+00 9.269055030364832248e-01
4.724999999999998757e+00 1.106110752978514356e+00 9.229717855561296869e-01
4.725694444444444642e+00 1.103877246649196620e+00 9.179963270966750022e-01
4.726388888888888751e+00 1.099125147452990614e+00 9.128414360010058681e-01
4.727083333333333748e+00 1.094581428506943066e+00 9.084953284952338448e-01
4.727777777777777857e+00 1.089265723631284599e+00 9.041397560745648709e-01
4.728472222222221966e+00 1.084425160589971071e+00 9.003817264248549224e-01
4.729166666666666963e+00 1.081914661106456066e+00 8.948731289206302009e-01
4.729861111111111072e+00 1.077835789990949200e+00 8.887654347630261631e-01
4.730555555555555181e+00 1.073254269487490031e+00 8.837088143902679382e-01
4.731250000000000178e+00 1.064444776574549723e+00 8.783502822059358062e-01
4.731944444444444287e+00 1.059940078764619598e+00 8.741209484096542637e-01
4.732638888888888395e+00 1.057626034014352845e+00 8.689524204766914117e-01
4.733333333333333393e+00 1.054168127439818470e+00 8.628214765760480187e-01
4.734027777777777501e+00 1.048502023207760869e+00 8.576136852937867872e-01
4.734722222222222499e+00 1.043226381143345982e+00 8.524303163918947046e-01
4.735416666666665719e+00 1.037544613520625214e+00 8.467673230813088647e-01
4.736111111111111605e+00 1.032503873639991632e+00 8.410680676184534299e-01
4.736805555555555713e+00 1.027987048023236261e+00 8.355713619750780863e-01
4.737499999999999822e+00 1.025657171102378529e+00 8.300402874564744016e-01
4.738194444444444819e+00 1.021401747088935386e+00 8.244457904641127044e-01
4.738888888888888928e+00 1.013867665227265569e+00 8.187909279003013907e-01
4.739583333333333037e+00 1.007859231659351984e+00 8.130796460360767419e-01
4.740277777777778034e+00 1.005630304626471627e+00 8.074792985064526141e-01
4.740972222222222143e+00 9.974422213744560395e-01 8.018410474168076174e-01
4.741666666666666252e+00 9.885036224315195685e-01 7.960173685828254575e-01
4.742361111111111249e+00 9.833028255494862258e-01 7.899756001253172011e-01
4.743055555555555358e+00 9.769376741716366830e-01 7.840146119063070573e-01
4.743749999999999467e+00 9.657849950496106839e-01 7.779652263627228059e-01
4.744444444444444464e+00 9.555452697062086775e-01 7.717762993587082843e-01
4.745138888888889461e+00 9.493024949524110356e-01 7.653656045666491492e-01
4.745833333333332682e+00 9.417567349261487530e-01 7.588842825430215377e-01
4.746527777777777679e+00 9.353716175046365988e-01 7.523930439127862746e-01
4.747222222222222676e+00 9.306127589295917213e-01 7.456956311820528427e-01
4.747916666666666785e+00 9.279396274319452464e-01 7.391499908552907616e-01
4.748611111111110894e+00 9.287597966783635028e-01 7.325896115515486695e-01
4.749305555555555891e+00 9.262573671672237330e-01 7.258952942092804506e-01
4.750000000000000000e+00 9.255462320381282471e-01 7.191725991133006701e-01
4.750694444444444109e+00 9.268910598129536105e-01 7.123571210681489685e-01
4.751388888888889106e+00 9.302411882236165663e-01 7.053956507125481723e-01
4.752083333333333215e+00 9.341227983442230709e-01 6.983600509511868060e-01
4.752777777777777324e+00 9.413239104411919023e-01 6.913073068043668057e-01
4.753472222222222321e+00 9.459756306938724713e-01 6.842955707351611183e-01
4.754166666666666430e+00 9.474191796605786475e-01 6.771675883607676250e-01
4.754861111111110539e+00 9.482026708072330834e-01 6.699370613460192692e-01
4.755555555555555536e+00 9.492663702721806374e-01 6.626100878029651531e-01
4.756249999999998757e+00 9.411398043966370253e-01 6.551924374478579338e-01
4.756944444444444642e+00 9.345880425452287588e-01 6.476568798923154624e-01
4.757638888888888751e+00 9.242545796775479827e-01 6.401456974859356386e-01
4.758333333333333748e+00 9.090112494478971294e-01 6.324965434157768795e-01
4.759027777777777857e+00 8.955246315925526890e-01 6.247156458427425285e-01
4.759722222222221966e+00 8.801333377066867802e-01 6.168413580342856362e-01
4.760416666666666963e+00 8.643599163765456339e-01 6.089203867929071645e-01
4.761111111111111072e+00 8.519110464881501921e-01 6.009313565209385422e-01
4.761805555555555181e+00 8.411487291729701221e-01 5.928633417599662447e-01
4.762500000000000178e+00 8.344859755710720695e-01 5.846843318362549002e-01
4.763194444444444287e+00 8.301424833023307581e-01 5.764495084024188198e-01
4.763888888888888395e+00 8.282288708071773309e-01 5.680757390636598236e-01
4.764583333333333393e+00 8.250347649752741708e-01 5.595752692862576705e-01
4.765277777777777501e+00 8.255295701846462331e-01 5.510907738309129833e-01
4.765972222222222499e+00 8.252192962787084918e-01 5.425145769656671835e-01
4.766666666666665719e+00 8.221981117576514508e-01 5.338684285227777160e-01
4.767361111111111605e+00 8.196256059578277409e-01 5.252728840848897018e-01
4.768055555555555713e+00 8.172783465617069476e-01 5.166069551613177158e-01
4.768749999999999822e+00 8.098377066401766244e-01 5.078415106838914950e-01
4.769444444444444819e+00 8.042011607773307258e-01 4.990218337626974865e-01
4.770138888888888928e+00 7.976481473058916194e-01 4.901646623448290274e-01
4.770833333333333037e+00 7.910407799111682792e-01 4.812247516704244998e-01
4.771527777777778034e+00 7.822247039146635883e-01 4.722319263829070080e-01
4.772222222222222143e+00 7.725603203722307688e-01 4.632218973406279083e-01
4.772916666666666252e+00 7.654505224467781366e-01 4.541949372994417700e-01
4.773611111111111249e+00 7.561180188385333567e-01 4.451513406441698351e-01
4.774305555555555358e+00 7.487379313889911403e-01 4.361095700429031274e-01
4.774999999999999467e+00 7.425480637395152073e-01 4.270571349365579472e-01
4.775694444444444464e+00 7.380997040565467904e-01 4.179480894837669380e-01
4.776388888888889461e+00 7.315884875551974531e-01 4.088102481126195675e-01
4.777083333333332682e+00 7.229044171087728454e-01 3.996484182456204182e-01
4.777777777777777679e+00 7.119545435135860023e-01 3.904147457968273338e-01
4.778472222222222676e+00 6.977973008690419032e-01 3.811062073556352181e-01
4.779166666666666785e+00 6.796712952283991971e-01 3.719466197008032271e-01
4.779861111111110894e+00 6.602788707160340831e-01 3.629244192679717540e-01
4.780555555555555891e+00 6.409900930751843973e-01 3.535490481877486824e-01
4.781250000000000000e+00 6.240210766421342425e-01 3.443858394720270000e-01
4.781944444444444109e+00 6.095565353272984765e-01 3.352690675663133613e-01
4.782638888888889106e+00 6.010603015576068131e-01 3.260241471878148611e-01
4.783333333333333215e+00 5.956722359059042349e-01 3.168895999382658757e-01
4.784027777777777324e+00 5.866332933954724327e-01 3.078519715451405458e-01
4.784722222222222321e+00 5.702706588504320440e-01 2.988730092353946155e-01
4.785416666666666430e+00 5.209249473879128400e-01 2.897693883743224785e-01
4.786111111111110539e+00 5.032069609321835335e-01 2.805133974693510557e-01
4.786805555555555536e+00 4.499809003485268355e-01 2.710934106076732242e-01
4.787499999999998757e+00 4.709751153633632281e-01 2.614644672478217968e-01
4.788194444444444642e+00 3.925420536403022576e-01 2.514179336359005368e-01
4.788888888888888751e+00 3.882449954403243697e-01 2.414317523834703105e-01
4.789583333333333748e+00 3.744559801345991867e-01 2.318507985459231369e-01
4.790277777777777857e+00 3.634809243925611333e-01 2.226489382173511555e-01
4.790972222222221966e+00 3.524723384587427621e-01 2.144185542291381086e-01
4.791666666666666963e+00 3.434648113788931201e-01 2.065071295186607370e-01
4.792361111111111072e+00 3.343164489900101732e-01 1.988631157760865353e-01
4.793055555555555181e+00 3.244202260728893950e-01 1.919864876906324236e-01
4.793750000000000178e+00 3.155733965567842358e-01 1.851767196164780804e-01
4.794444444444444287e+00 3.063079705597309133e-01 1.786807241134443225e-01
4.795138888888888395e+00 2.970103094666962651e-01 1.725293504797916211e-01
4.795833333333333393e+00 2.875008690260973387e-01 1.665755223875194091e-01
4.796527777777777501e+00 2.776596383253628897e-01 1.608412463687510785e-01
4.797222222222222499e+00 2.674092421887578896e-01 1.553482498639025267e-01
4.797916666666665719e+00 2.572725405153993283e-01 1.500551782246409283e-01
4.798611111111111605e+00 2.471903144467850200e-01 1.449802144637540313e-01
4.799305555555555713e+00 2.375447050837173890e-01 1.400914518560889555e-01
4.799999999999999822e+00 2.269979585636615060e-01 1.353631946124781993e-01
4.800694444444444819e+00 2.167441657313307346e-01 1.308547794614978166e-01
4.801388888888888928e+00 2.079163946412835862e-01 1.265131757159827508e-01
4.802083333333333037e+00 1.992648848647229354e-01 1.223172345742228606e-01
4.802777777777778034e+00 1.900739728068911449e-01 1.182478804793683919e-01
4.803472222222222143e+00 1.818638638766571503e-01 1.143491360395857970e-01
4.804166666666666252e+00 1.737387343226068082e-01 1.106260008266879979e-01
4.804861111111111249e+00 1.660660805638900783e-01 1.069948453329719606e-01
4.805555555555555358e+00 1.586199138573473888e-01 1.034905103736280252e-01
4.806249999999999467e+00 1.523896003082350348e-01 1.001195178293117910e-01
4.806944444444444464e+00 1.454542808116396357e-01 9.689841066775287115e-02
4.807638888888889461e+00 1.388842998472163137e-01 9.375140493349877480e-02
4.808333333333332682e+00 1.328560143654299308e-01 9.073134427089697696e-02
4.809027777777777679e+00 1.272513911068407499e-01 8.782644881036374973e-02
4.809722222222222676e+00 1.219995870237216562e-01 8.502312228071713662e-02
4.810416666666666785e+00 1.174800008844426591e-01 8.231188106293543805e-02
4.811111111111110894e+00 1.131851843432577776e-01 7.969025119578823646e-02
4.811805555555555891e+00 1.085499158163610867e-01 7.715785067960093113e-02
4.812500000000000000e+00 1.044140237119511871e-01 7.468927749060462473e-02
4.813194444444444109e+00 1.008511103193968916e-01 7.230467077797379793e-02
4.813888888888889106e+00 9.756993719975341761e-02 7.002046553218944924e-02
4.814583333333333215e+00 9.504342036170360108e-02 6.783993019684525505e-02
4.815277777777777324e+00 9.310659880785102094e-02 6.571072229273990095e-02
4.815972222222222321e+00 9.110070137636014365e-02 6.366421740930570949e-02
4.816666666666666430e+00 8.925523379381693212e-02 6.167738080112173532e-02
4.817361111111110539e+00 8.767594902232678233e-02 5.977503775319974871e-02
4.818055555555555536e+00 8.645598491921684114e-02 5.793404323164316749e-02
4.818749999999998757e+00 8.538744089378473567e-02 5.615343847310443753e-02
4.819444444444444642e+00 8.398673504735852668e-02 5.443332360725697261e-02
4.820138888888888751e+00 8.282736979301326408e-02 5.275908488006118835e-02
4.820833333333333748e+00 8.185824330112421998e-02 5.113258798362824153e-02
4.821527777777777857e+00 8.098704189229925798e-02 4.956292991325913361e-02
4.822222222222221966e+00 8.031329700525066673e-02 4.807469844503444584e-02
4.822916666666666963e+00 7.975952306231708089e-02 4.662651944219174671e-02
4.823611111111111072e+00 7.917118317074933742e-02 4.522288626970147329e-02
4.824305555555555181e+00 7.871556198776538671e-02 4.385271377953541688e-02
4.825000000000000178e+00 7.822007796800486967e-02 4.254106716154799211e-02
4.825694444444444287e+00 7.784194375358934048e-02 4.126975522354388304e-02
4.826388888888888395e+00 7.752963304222064422e-02 4.005674847009284278e-02
4.827083333333333393e+00 7.738111724473534236e-02 3.888020988031709591e-02
4.827777777777777501e+00 7.716979810425779462e-02 3.771846320795358559e-02
4.828472222222222499e+00 7.704416683286607892e-02 3.658684094933571662e-02
4.829166666666665719e+00 7.696046515283107292e-02 3.549757715268827413e-02
4.829861111111111605e+00 7.692372541181816126e-02 3.446376397197400271e-02
4.830555555555555713e+00 7.685231522417011740e-02 3.345173022512077515e-02
4.831249999999999822e+00 7.686190498071389376e-02 3.246338350225734526e-02
4.831944444444444819e+00 7.691393222531256457e-02 3.149083521694225063e-02
4.832638888888888928e+00 7.692659574990974580e-02 3.056188470688169304e-02
4.833333333333333037e+00 7.700753558545060662e-02 2.965885782464236509e-02
4.834027777777778034e+00 7.709958456732915466e-02 2.879011443924060082e-02
4.834722222222222143e+00 7.722731119798154076e-02 2.795053777143357079e-02
4.835416666666666252e+00 7.732618077992138572e-02 2.712913751257583356e-02
4.836111111111111249e+00 7.743891172414932300e-02 2.633341712828239992e-02
4.836805555555555358e+00 7.756131936340135424e-02 2.556130905966968667e-02
4.837499999999999467e+00 7.768077597259684386e-02 2.482227267630531323e-02
4.838194444444444464e+00 7.785046615124345537e-02 2.410025969753063629e-02
4.838888888888889461e+00 7.796935162897880578e-02 2.340601511432019791e-02
4.839583333333332682e+00 7.815524001522099196e-02 2.272500617819294549e-02
4.840277777777777679e+00 7.826373901431407654e-02 2.207152175713674586e-02
4.840972222222222676e+00 7.841199430774863088e-02 2.143421963910369446e-02
4.841666666666666785e+00 7.853156102388736404e-02 2.081639626742360846e-02
4.842361111111110894e+00 7.869041033031580479e-02 2.021472167473133130e-02
4.843055555555555891e+00 7.885533913401139572e-02 1.963428353490651035e-02
4.843750000000000000e+00 7.896898486641074077e-02 1.906937836317216736e-02
4.844444444444444109e+00 7.909616533364724478e-02 1.852062359688981877e-02
4.845138888888889106e+00 7.920505521853583863e-02 1.799055640548181262e-02
4.845833333333333215e+00 7.933087851363769538e-02 1.747194305875257245e-02
4.846527777777777324e+00 7.943107132769486323e-02 1.697124141768209873e-02
4.847222222222222321e+00 7.957106799616206483e-02 1.648395794380835833e-02
4.847916666666666430e+00 7.968651135795769280e-02 1.601240862302078308e-02
4.848611111111110539e+00 7.977329425866665213e-02 1.555080665815756179e-02
4.849305555555555536e+00 7.983535787835624453e-02 1.510794121772653618e-02
4.849999999999998757e+00 7.999113084295529641e-02 1.467404467416619750e-02
4.850694444444444642e+00 8.031295679106650875e-02 1.425413280934482475e-02
4.851388888888888751e+00 8.049911465205571159e-02 1.384362744095449758e-02
4.852083333333333748e+00 8.028515675625479131e-02 1.344614127190174938e-02
4.852777777777777857e+00 8.003150082970486578e-02 1.306259081950596895e-02
4.853472222222221966e+00 8.009423245161331750e-02 1.268572263512586160e-02
4.854166666666666963e+00 8.027447560420948591e-02 1.232010827213566966e-02
4.854861111111111072e+00 8.038400139599458094e-02 1.196538843236991112e-02
4.855555555555555181e+00 8.038851779253372576e-02 1.162370600286173963e-02
4.856250000000000178e+00 8.040644384594618221e-02 1.128670686666693318e-02
4.856944444444444287e+00 8.050464175513481757e-02 1.096002246916379617e-02
4.857638888888888395e+00 8.059556998250692883e-02 1.064162503286866270e-02
4.858333333333333393e+00 8.068427728839447366e-02 1.033358555244729554e-02
4.859027777777777501e+00 8.079629520440050061e-02 1.003219030872740808e-02
4.859722222222222499e+00 8.092047751297645752e-02 9.739694311473683780e-03
4.860416666666665719e+00 8.097381821532408097e-02 9.455502640982008100e-03
4.861111111111111605e+00 8.099891615437382342e-02 9.177493005456140857e-03
4.861805555555555713e+00 8.100497854888791260e-02 8.906660984941763837e-03
4.862499999999999822e+00 8.106989285405184764e-02 8.644644560980007178e-03
4.863194444444444819e+00 8.102667521018445951e-02 8.389987549610865292e-03
4.863888888888888928e+00 8.103368058218034242e-02 8.140252303793485758e-03
4.864583333333333037e+00 8.108743625409962907e-02 7.896344911347023474e-03
4.865277777777778034e+00 8.124531268702506193e-02 7.658327712218080882e-03
4.865972222222222143e+00 8.133958645770486551e-02 7.429229569759864156e-03
4.866666666666666252e+00 8.129249294414485350e-02 7.203844523168600501e-03
4.867361111111111249e+00 8.121416236162556923e-02 6.984190806007039252e-03
4.868055555555555358e+00 8.115085333968459491e-02 6.769868621500098847e-03
4.868749999999999467e+00 8.116474902220602305e-02 6.562240488002857308e-03
4.869444444444444464e+00 8.127872968804999987e-02 6.361264721072473587e-03
4.870138888888889461e+00 8.129921123707126163e-02 6.164957908265403415e-03
4.870833333333332682e+00 8.127828947991862230e-02 5.973051054930719750e-03
4.871527777777777679e+00 8.114592100478491832e-02 5.785695188618403435e-03
4.872222222222222676e+00 8.107914543975336397e-02 5.604535152763274151e-03
4.872916666666666785e+00 8.105697104285131127e-02 5.426802478016143697e-03
4.873611111111110894e+00 8.100194171866602344e-02 5.253404261120950096e-03
4.874305555555555891e+00 8.092814242149017068e-02 5.082765745080770892e-03
4.875000000000000000e+00 8.087232542016881132e-02 4.918365359053764214e-03
4.875694444444444109e+00 8.092142055979362203e-02 4.757923513617988258e-03
4.876388888888889106e+00 8.098837302623142220e-02 4.601350099711425459e-03
4.877083333333333215e+00 8.096963951438178320e-02 4.448657387864251092e-03
4.877777777777777324e+00 8.088578165407081522e-02 4.299878978019597633e-03
4.878472222222222321e+00 8.084609672958242843e-02 4.154753376108023810e-03
4.879166666666666430e+00 8.080179305985575600e-02 4.014203516409744002e-03
4.879861111111110539e+00 8.078263242859126669e-02 3.877167375527203023e-03
4.880555555555555536e+00 8.076681436927042601e-02 3.741196381703481774e-03
4.881249999999998757e+00 8.073947396436807755e-02 3.610426275751451967e-03
4.881944444444444642e+00 8.070590188626229622e-02 3.483666582803046554e-03
4.882638888888888751e+00 8.065452293349326118e-02 3.359529758877800431e-03
4.883333333333333748e+00 8.064349434226866786e-02 3.236713328145063642e-03
4.884027777777777857e+00 8.061366265913308404e-02 3.118682488492690100e-03
4.884722222222221966e+00 8.054530444860003024e-02 3.003583126015010700e-03
4.885416666666666963e+00 8.045331460775351218e-02 2.890885318097459553e-03
4.886111111111111072e+00 8.038237114476019796e-02 2.779816526339049226e-03
4.886805555555555181e+00 8.033489348116372442e-02 2.670455370752015858e-03
4.887500000000000178e+00 8.033008463468874205e-02 2.564907166531585781e-03
4.888194444444444287e+00 8.010689092116372867e-02 2.462239075332698160e-03
4.888888888888888395e+00 8.002689267345797219e-02 2.362701384476451148e-03
4.889583333333333393e+00 7.999365802955771265e-02 2.264788932427605397e-03
4.890277777777777501e+00 8.001946048950259183e-02 2.169175474033918638e-03
4.890972222222222499e+00 7.994326100678596225e-02 2.075074553494541535e-03
4.891666666666665719e+00 7.976158609505648589e-02 1.982738469660309723e-03
4.892361111111111605e+00 7.966583022303486139e-02 1.892573238044122216e-03
4.893055555555555713e+00 7.964595323183276676e-02 1.804974280850190098e-03
4.893749999999999822e+00 7.959246233502277612e-02 1.720102141800212460e-03
4.894444444444444819e+00 7.950231667423737769e-02 1.636839831495341506e-03
4.895138888888888928e+00 7.929210598457846204e-02 1.555974627386440007e-03
4.895833333333333037e+00 7.926056356964401861e-02 1.476668619768861657e-03
4.896527777777778034e+00 7.919091256178439897e-02 1.399784422428482005e-03
4.897222222222222143e+00 7.901688301123349634e-02 1.324123133475643265e-03
4.897916666666666252e+00 7.883809687810169886e-02 1.250670087168469875e-03
4.898611111111111249e+00 7.874941668478628587e-02 1.178595710892454875e-03
4.899305555555555358e+00 7.862694577648907113e-02 1.108409764721488477e-03
4.899999999999999467e+00 7.852332900275436900e-02 1.039503624365782164e-03
4.900694444444444464e+00 7.838247216632163172e-02 9.725356036858530005e-04
4.901388888888889461e+00 7.827408267884036763e-02 9.071160104875821773e-04
4.902083333333332682e+00 7.815883594483216679e-02 8.432654229848913054e-04
4.902777777777777679e+00 7.800370788010745071e-02 7.819924513506125007e-04
4.903472222222222676e+00 7.787839442945475310e-02 7.215795420257419684e-04
4.904166666666666785e+00 7.782113237412416340e-02 6.618153868773061837e-04
4.904861111111110894e+00 7.774204260703994340e-02 6.020423168150464263e-04
4.905555555555555891e+00 7.761941127677947361e-02 5.441224875378279993e-04
4.906250000000000000e+00 7.752165371116860604e-02 4.874570625739795861e-04
4.906944444444444109e+00 7.741391203807254651e-02 4.330550902438200732e-04
4.907638888888889106e+00 7.728240890607129820e-02 3.796331476874046122e-04
4.908333333333333215e+00 7.723181754889966999e-02 3.274012465210401315e-04
4.909027777777777324e+00 7.717737282643029328e-02 2.760834831254630221e-04
4.909722222222222321e+00 7.701442726694267271e-02 2.258768629487620803e-04
4.910416666666666430e+00 7.683899086971802961e-02 1.767903827509739202e-04
4.911111111111110539e+00 7.671095151352927410e-02 1.285785297369709378e-04
4.911805555555555536e+00 7.658750968579548790e-02 8.208508175153648686e-05
4.912499999999998757e+00 7.648793822796820518e-02 3.616152969831021996e-05
4.913194444444444642e+00 7.642926328690803628e-02 -8.318334848617353860e-06
4.913888888888888751e+00 7.631462345186353080e-02 -5.230765044303217087e-05
4.914583333333333748e+00 7.613104512152547854e-02 -9.477791389936745549e-05
4.915277777777777857e+00 7.601572062441862287e-02 -1.368067603635062662e-04
4.915972222222221966e+00 7.592449473289802908e-02 -1.773498689288582138e-04
4.916666666666666963e+00 7.587333222640037234e-02 -2.171050433949283189e-04
4.917361111111111072e+00 7.569529606484239059e-02 -2.559002828505121496e-04
4.918055555555555181e+00 7.551315266969528539e-02 -2.937744870036208171e-04
4.918750000000000178e+00 7.539523762145884656e-02 -3.309882714500201185e-04
4.919444444444444287e+00 7.529477464062266090e-02 -3.673398978050165299e-04
4.920138888888888395e+00 7.522319610886038510e-02 -4.031146954529233749e-04
4.920833333333333393e+00 7.509630216478448139e-02 -4.379717025969155414e-04
4.921527777777777501e+00 7.488077815310349716e-02 -4.722636733063228067e-04
4.922222222222222499e+00 7.473240603734890297e-02 -5.055774112665636661e-04
4.922916666666665719e+00 7.466916159928856100e-02 -5.383758325073787973e-04
4.923611111111111605e+00 7.454403049592467356e-02 -5.702655587018932645e-04
4.924305555555555713e+00 7.437422898719375786e-02 -6.016935207589831774e-04
4.924999999999999822e+00 7.421879554597914097e-02 -6.322626176112959530e-04
4.925694444444444819e+00 7.416784872385602523e-02 -6.623374271858176827e-04
4.926388888888888928e+00 7.391511440212543416e-02 -6.916626377666774744e-04
4.927083333333333037e+00 7.385987124482065735e-02 -7.204441798703253288e-04
4.927777777777778034e+00 7.372218305750884160e-02 -7.487086746321809042e-04
4.928472222222222143e+00 7.360986865655078093e-02 -7.762438505481553726e-04
4.929166666666666252e+00 7.346683084060982860e-02 -8.033672218875713943e-04
4.929861111111111249e+00 7.337675183271386015e-02 -8.296850187896223465e-04
4.930555555555555358e+00 7.321956743810276169e-02 -8.556645544780533278e-04
4.931249999999999467e+00 7.309491979467946932e-02 -8.809332731315437258e-04
4.931944444444444464e+00 7.299327743472706909e-02 -9.058011791457771210e-04
4.932638888888889461e+00 7.289603384778479966e-02 -9.298413304980890099e-04
4.933333333333332682e+00 7.278460294104439898e-02 -9.536634514814999655e-04
4.934027777777777679e+00 7.264168614103026778e-02 -9.768922996512682463e-04
4.934722222222222676e+00 7.250480758362995437e-02 -9.996169665481868024e-04
4.935416666666666785e+00 7.236226080406218952e-02 -1.021872162698536993e-03
4.936111111111110894e+00 7.222629129462997122e-02 -1.043740937747355060e-03
4.936805555555555891e+00 7.208580599309682979e-02 -1.065238576892684917e-03
4.937500000000000000e+00 7.194476954877539188e-02 -1.086109423391087630e-03
4.938194444444444109e+00 7.183696867875148662e-02 -1.106668957759868914e-03
4.938888888888889106e+00 7.165432824847929594e-02 -1.126663313889255270e-03
4.939583333333333215e+00 7.156195518959507229e-02 -1.146402878978868131e-03
4.940277777777777324e+00 7.143494850880566238e-02 -1.165536746195828871e-03
4.940972222222222321e+00 7.134701666638212925e-02 -1.184444191422423043e-03
4.941666666666666430e+00 7.120248948866800265e-02 -1.202809706580123834e-03
4.942361111111110539e+00 7.098829844769372066e-02 -1.220937439861334052e-03
4.943055555555555536e+00 7.086598405758319508e-02 -1.238568697434624813e-03
4.943749999999998757e+00 7.081913511087994939e-02 -1.255882961797585200e-03
4.944444444444444642e+00 7.065841314726034605e-02 -1.272808151296837094e-03
4.945138888888888751e+00 7.048164109233732988e-02 -1.289369523756575932e-03
4.945833333333333748e+00 7.033715888418647089e-02 -1.305676253375281448e-03
4.946527777777777857e+00 7.023117974070630654e-02 -1.321554243465754893e-03
4.947222222222221966e+00 7.008535851559929974e-02 -1.337127959973778224e-03
4.947916666666666963e+00 6.997456417303764276e-02 -1.352248018424970655e-03
4.948611111111111072e+00 6.986267688522063146e-02 -1.367254983255788243e-03
4.949305555555555181e+00 6.972635395426969585e-02 -1.381828224003791520e-03
4.950000000000000178e+00 6.957622918754242936e-02 -1.396123268432612925e-03
4.950694444444444287e+00 6.944854644732770255e-02 -1.410086843106240920e-03
4.951388888888888395e+00 6.935217200131026105e-02 -1.423950689760626869e-03
4.952083333333333393e+00 6.921183721426901747e-02 -1.437524857377510921e-03
4.952777777777777501e+00 6.906007261143336240e-02 -1.450757217096230751e-03
4.953472222222222499e+00 6.891869641012358938e-02 -1.463775336461390708e-03
4.954166666666665719e+00 6.883750478913390480e-02 -1.476492999735185951e-03
4.954861111111111605e+00 6.862903676557505217e-02 -1.489055690936559899e-03
4.955555555555555713e+00 6.849631280106498188e-02 -1.501178449864362056e-03
4.956249999999999822e+00 6.844146241680192089e-02 -1.512999238914530635e-03
4.956944444444444819e+00 6.835305253007069315e-02 -1.524629395604612872e-03
4.957638888888888928e+00 6.816067212242757356e-02 -1.536200933693121018e-03
4.958333333333333037e+00 6.801758054708390011e-02 -1.547408674245183456e-03
4.959027777777778034e+00 6.789098246079670884e-02 -1.558392619384622825e-03
4.959722222222222143e+00 6.774640851174594525e-02 -1.569191006692275802e-03
4.960416666666666252e+00 6.763145732096133289e-02 -1.579826692543012841e-03
4.961111111111111249e+00 6.746954898813829760e-02 -1.590288039273330930e-03
4.961805555555555358e+00 6.730483242500616414e-02 -1.600451645661067276e-03
4.962499999999999467e+00 6.715269127599607368e-02 -1.610354640425554641e-03
4.963194444444444464e+00 6.707171950573977137e-02 -1.619980750842968560e-03
4.963888888888889461e+00 6.695335261037863028e-02 -1.629575934039458052e-03
4.964583333333332682e+00 6.683259170326666387e-02 -1.639033048832495365e-03
4.965277777777777679e+00 6.671263994859168156e-02 -1.648255640789935816e-03
4.965972222222222676e+00 6.657931748736550803e-02 -1.657203122519325519e-03
4.966666666666666785e+00 6.644054062493247315e-02 -1.666067127759745733e-03
4.967361111111110894e+00 6.628647509892701684e-02 -1.674776830895246052e-03
4.968055555555555891e+00 6.621001151521606343e-02 -1.683282100797259349e-03
4.968750000000000000e+00 6.613472991343587182e-02 -1.691609827597655939e-03
4.969444444444444109e+00 6.593392483017682104e-02 -1.699751868801915823e-03
4.970138888888889106e+00 6.577654521618139793e-02 -1.707767165203304604e-03
4.970833333333333215e+00 6.563415344998434209e-02 -1.715620959460926890e-03
4.971527777777777324e+00 6.550562307720930733e-02 -1.723368407743458000e-03
4.972222222222222321e+00 6.543684814295958052e-02 -1.730864533899152896e-03
4.972916666666666430e+00 6.532513574074408358e-02 -1.738229526219117749e-03
4.973611111111110539e+00 6.520263623509513218e-02 -1.745480057525652636e-03
4.974305555555555536e+00 6.505336379456513884e-02 -1.752649652882298358e-03
4.974999999999998757e+00 6.491295544568623233e-02 -1.759718788936593965e-03
4.975694444444444642e+00 6.476578417238425256e-02 -1.766683176248157574e-03
4.976388888888888751e+00 6.465831754049784774e-02 -1.773404290140497257e-03
4.977083333333333748e+00 6.450598495250406406e-02 -1.780001699527705532e-03
4.977777777777777857e+00 6.437017527165717068e-02 -1.786471635998282664e-03
4.978472222222221966e+00 6.426583696620156994e-02 -1.792754168412556822e-03
4.979166666666666963e+00 6.415488632660186485e-02 -1.798961513738778911e-03
4.979861111111111072e+00 6.400918440076637517e-02 -1.805013017485265900e-03
4.980555555555555181e+00 6.387710974362868777e-02 -1.810954286366982030e-03
4.981250000000000178e+00 6.377263832581155090e-02 -1.816802121093241511e-03
4.981944444444444287e+00 6.363176625331999625e-02 -1.822539487094601172e-03
4.982638888888888395e+00 6.351210559579609227e-02 -1.828127611995367932e-03
4.983333333333333393e+00 6.335446143941927954e-02 -1.833656572043158199e-03
4.984027777777777501e+00 6.322103946490090221e-02 -1.839014664444424971e-03
4.984722222222222499e+00 6.306858741753429420e-02 -1.844264524135636124e-03
4.985416666666665719e+00 6.296269243979898955e-02 -1.849415368297430617e-03
4.986111111111111605e+00 6.283790876585250429e-02 -1.854021298467896633e-03
4.986805555555555713e+00 6.271690491395232048e-02 -1.858477195088059078e-03
4.987499999999999822e+00 6.258761970468992852e-02 -1.862848437608423087e-03
4.988194444444444819e+00 6.246695572949299141e-02 -1.867111161166800466e-03
4.988888888888888928e+00 6.236619715500452132e-02 -1.871340210266768389e-03
4.989583333333333037e+00 6.223832950942138897e-02 -1.875508576678101662e-03
4.990277777777778034e+00 6.210079332562813692e-02 -1.879586743745500447e-03
4.990972222222222143e+00 6.195983680636242552e-02 -1.883573924530389460e-03
4.991666666666666252e+00 6.185273321523369894e-02 -1.887516860632975583e-03
4.992361111111111249e+00 6.175366163378265966e-02 -1.891392408320423900e-03
4.993055555555555358e+00 6.161342624455415362e-02 -1.895189801369210605e-03
4.993749999999999467e+00 6.149537068465880246e-02 -1.898923702473169755e-03
4.994444444444444464e+00 6.137634261492447285e-02 -1.902615093675305872e-03
4.995138888888889461e+00 6.125130905530808134e-02 -1.906238265992118291e-03
4.995833333333332682e+00 6.111067363352616633e-02 -1.909785500601537218e-03
4.996527777777777679e+00 6.097127638222019086e-02 -1.913294123905933753e-03
4.997222222222222676e+00 6.086029692767194743e-02 -1.916754759484302168e-03
4.997916666666666785e+00 6.077455124605565806e-02 -1.920142445733693344e-03
4.998611111111110894e+00 6.062050727709427517e-02 -1.923450930103282530e-03
4.999305555555555891e+00 6.050270980492457318e-02 -1.926689720167934061e-03
5.000000000000000000e+00 6.037037150798257173e-02 -1.929859724375501120e-03
5.000694444444444109e+00 6.026398335720187932e-02 -1.932988115485632626e-03
5.001388888888889106e+00 6.015635198964060237e-02 -1.936082382330079916e-03
5.002083333333333215e+00 6.001840997147852436e-02 -1.939123822824902676e-03
5.002777777777777324e+00 5.988669490974779519e-02 -1.942084458102404489e-03
5.003472222222222321e+00 5.977162741529361972e-02 -1.945006284583975951e-03
5.004166666666666430e+00 5.960869460784268270e-02 -1.947889602055320702e-03
5.004861111111110539e+00 5.949127297037243300e-02 -1.950726335716703418e-03
5.005555555555555536e+00 5.939008175352821634e-02 -1.953505004726040217e-03
5.006249999999998757e+00 5.929250171289665583e-02 -1.956260853730999120e-03
5.006944444444444642e+00 5.915152911657532014e-02 -1.959239895295340241e-03
5.007638888888888751e+00 5.902390292283560963e-02 -1.961960604866584343e-03
5.008333333333333748e+00 5.891670372768609970e-02 -1.964526580089521850e-03
5.009027777777777857e+00 5.879418001825288675e-02 -1.967087618795336328e-03
5.009722222222221966e+00 5.867590959194849548e-02 -1.969606579209421358e-03
5.010416666666666963e+00 5.855625947963218059e-02 -1.972077714818247160e-03
5.011111111111111072e+00 5.845293392450943981e-02 -1.974477893292783150e-03
5.011805555555555181e+00 5.832694600350177283e-02 -1.976861816535890881e-03
5.012500000000000178e+00 5.820640165935496435e-02 -1.979233966919893926e-03
5.013194444444444287e+00 5.809996276574159318e-02 -1.981553176575472607e-03
5.013888888888888395e+00 5.800677358418358798e-02 -1.984021036768816599e-03
5.014583333333333393e+00 5.790622017054529447e-02 -1.986298493940368698e-03
5.015277777777777501e+00 5.775573802061058359e-02 -1.988472742460127476e-03
5.015972222222222499e+00 5.764253260389951006e-02 -1.990627050810041959e-03
5.016666666666665719e+00 5.750578854662181244e-02 -1.992753158737340866e-03
5.017361111111111605e+00 5.738710091451477285e-02 -1.994853162182880831e-03
5.018055555555555713e+00 5.726452689981234578e-02 -1.996901713812700933e-03
5.018749999999999822e+00 5.714858724167738019e-02 -1.998881441838581442e-03
5.019444444444444819e+00 5.702661187163526185e-02 -2.000847761516544310e-03
5.020138888888888928e+00 5.692455125908867791e-02 -2.003025513534810453e-03
5.020833333333333037e+00 5.680219413862060140e-02 -2.004976513294446771e-03
5.021527777777778034e+00 5.668304040342458938e-02 -2.006814822017795839e-03
5.022222222222222143e+00 5.655706580418352197e-02 -2.008661518603276769e-03
5.022916666666666252e+00 5.642660910682997105e-02 -2.010484367469915924e-03
5.023611111111111249e+00 5.631724720344599006e-02 -2.012274102583223694e-03
5.024305555555555358e+00 5.623550721735274399e-02 -2.014038579134755456e-03
5.024999999999999467e+00 5.611558769131056584e-02 -2.015774542401323633e-03
5.025694444444444464e+00 5.596835055588238877e-02 -2.017485485002418720e-03
5.026388888888889461e+00 5.583741945167993576e-02 -2.019154398715747051e-03
5.027083333333332682e+00 5.571159633649807458e-02 -2.020805072557876024e-03
5.027777777777777679e+00 5.562556050845324229e-02 -2.022591026511976007e-03
5.028472222222222676e+00 5.550789600854165451e-02 -2.024220563810583476e-03
5.029166666666666785e+00 5.539951379802801612e-02 -2.025763927582624295e-03
5.029861111111110894e+00 5.528725854352105340e-02 -2.027298756659369136e-03
5.030555555555555891e+00 5.517475191098450416e-02 -2.028809964179506976e-03
5.031250000000000000e+00 5.504562705588426225e-02 -2.030293573586825027e-03
5.031944444444444109e+00 5.492465382618797604e-02 -2.031752466233737765e-03
5.032638888888889106e+00 5.481862179171920202e-02 -2.033169062894901562e-03
5.033333333333333215e+00 5.473147275172189630e-02 -2.034559535713215562e-03
5.034027777777777324e+00 5.462235496341375646e-02 -2.035939103496830962e-03
5.034722222222222321e+00 5.449843444720075397e-02 -2.037429729513984700e-03
5.035416666666666430e+00 5.441877306775098899e-02 -2.038795857009474168e-03
5.036111111111110539e+00 5.433122791416689079e-02 -2.040100730777754702e-03
5.036805555555555536e+00 5.419934234456459665e-02 -2.041396644385662894e-03
5.037499999999998757e+00 5.407762218140246824e-02 -2.042671978748116651e-03
5.038194444444444642e+00 5.396234917639971401e-02 -2.043916448600017165e-03
5.038888888888888751e+00 5.386233469228821763e-02 -2.045136814337173998e-03
5.039583333333333748e+00 5.375815104693802693e-02 -2.046338049616051261e-03
5.040277777777777857e+00 5.366499748146729559e-02 -2.047525017116297655e-03
5.040972222222221966e+00 5.354289292722733823e-02 -2.048687165024356584e-03
5.041666666666666963e+00 5.345528990179413548e-02 -2.049940132884885049e-03
5.042361111111111072e+00 5.334718710926272811e-02 -2.051102363947995399e-03
5.043055555555555181e+00 5.325072973116225239e-02 -2.052207369827679668e-03
5.043750000000000178e+00 5.311411575404470509e-02 -2.053293306014936787e-03
5.044444444444444287e+00 5.301549926557620751e-02 -2.054374447053108812e-03
5.045138888888888395e+00 5.287635279033271046e-02 -2.055445486608084918e-03
5.045833333333333393e+00 5.276618734171114461e-02 -2.056490580596785286e-03
5.046527777777777501e+00 5.264744163873240346e-02 -2.057513603446680175e-03
5.047222222222222499e+00 5.252606717715854051e-02 -2.058513741431611949e-03
5.047916666666665719e+00 5.241598982498053838e-02 -2.059512308200191818e-03
5.048611111111111605e+00 5.230675286141991259e-02 -2.060573177915465785e-03
5.049305555555555713e+00 5.218965322964329301e-02 -2.061537781824083777e-03
5.049999999999999822e+00 5.208907522946499419e-02 -2.062471053348022797e-03
5.050694444444444819e+00 5.198265004032249365e-02 -2.063394992985150347e-03
5.051388888888888928e+00 5.186585353367673124e-02 -2.064302329230948991e-03
5.052083333333333037e+00 5.176425727732664184e-02 -2.065189314978713078e-03
5.052777777777778034e+00 5.165144493372049450e-02 -2.066062681241238787e-03
5.053472222222222143e+00 5.155092443855285173e-02 -2.066912352574550894e-03
5.054166666666666252e+00 5.146568535865383986e-02 -2.067772866959854006e-03
5.054861111111111249e+00 5.137065271745838713e-02 -2.068605224466460880e-03
5.055555555555555358e+00 5.125149134610532814e-02 -2.069494558658496481e-03
5.056249999999999467e+00 5.115632687405650275e-02 -2.070328012867073911e-03
5.056944444444444464e+00 5.106017784857336955e-02 -2.071126539634761312e-03
5.057638888888889461e+00 5.094794543313121982e-02 -2.071906980517776008e-03
5.058333333333332682e+00 5.082127246387749264e-02 -2.072679338763047576e-03
5.059027777777777679e+00 5.071210436330732263e-02 -2.073429614295727898e-03
5.059722222222222676e+00 5.062621425055571084e-02 -2.074166444040996364e-03
5.060416666666666785e+00 5.053224333005511271e-02 -2.074892166267314209e-03
5.061111111111110894e+00 5.040932193173933845e-02 -2.075629716755844189e-03
5.061805555555555891e+00 5.031678494682331748e-02 -2.076329934266911686e-03
5.062500000000000000e+00 5.022035509876809217e-02 -2.077027795283333932e-03
5.063194444444444109e+00 5.013613336109470214e-02 -2.077775417668726449e-03
5.063888888888889106e+00 5.001742156332807110e-02 -2.078457916187586001e-03
5.064583333333333215e+00 4.991124991912621045e-02 -2.079109472014692948e-03
5.065277777777777324e+00 4.979933460386443134e-02 -2.079748041602072234e-03
5.065972222222222321e+00 4.968291251171002426e-02 -2.080382188959813920e-03
5.066666666666666430e+00 4.958852641799706140e-02 -2.081015052886213933e-03
5.067361111111110539e+00 4.948661725148376100e-02 -2.081635863254256789e-03
5.068055555555555536e+00 4.938285021461133462e-02 -2.082258565799339697e-03
5.068749999999998757e+00 4.928990404809828474e-02 -2.082871170630039206e-03
5.069444444444444642e+00 4.919582171897008555e-02 -2.083459331042791449e-03
5.070138888888888751e+00 4.908623947461536463e-02 -2.084012659325765095e-03
5.070833333333333748e+00 4.899307756487075033e-02 -2.084617577646609779e-03
5.071527777777777857e+00 4.889465764727311120e-02 -2.085173132114355541e-03
5.072222222222221966e+00 4.879576510993121480e-02 -2.085726632821108435e-03
5.072916666666666963e+00 4.869688944103549300e-02 -2.086272381595919052e-03
5.073611111111111072e+00 4.858765190507086801e-02 -2.086809400230707750e-03
5.074305555555555181e+00 4.848263712741554543e-02 -2.087323436333016896e-03
5.075000000000000178e+00 4.837291447531416599e-02 -2.087836323123046147e-03
5.075694444444444287e+00 4.827973780321241637e-02 -2.088327495227167065e-03
5.076388888888888395e+00 4.819306757296399485e-02 -2.088822885370783793e-03
5.077083333333333393e+00 4.811361566410473495e-02 -2.089295912321811541e-03
5.077777777777777501e+00 4.801367328400155815e-02 -2.089818425224214578e-03
5.078472222222222499e+00 4.792679603849298031e-02 -2.090300520985900919e-03
5.079166666666665719e+00 4.783401264709150752e-02 -2.090784418030158277e-03
5.079861111111111605e+00 4.775205588572435655e-02 -2.091257531647283067e-03
5.080555555555555713e+00 4.765531003513733682e-02 -2.091707941162239230e-03
5.081249999999999822e+00 4.757221884708232734e-02 -2.092145707070586658e-03
5.081944444444444819e+00 4.748051118767723094e-02 -2.092567253108477358e-03
5.082638888888888928e+00 4.738395391686850422e-02 -2.092994009774188334e-03
5.083333333333333037e+00 4.728683821953132138e-02 -2.093418191554047465e-03
5.084027777777778034e+00 4.719106619681485287e-02 -2.093827377188463550e-03
5.084722222222222143e+00 4.709798012817054819e-02 -2.094273147370322337e-03
5.085416666666666252e+00 4.700859295366007634e-02 -2.094684540728728589e-03
5.086111111111111249e+00 4.691561945863272076e-02 -2.095082120744846694e-03
5.086805555555555358e+00 4.681675611565733197e-02 -2.095462455195993938e-03
5.087499999999999467e+00 4.671784875616157712e-02 -2.095842418560890045e-03
5.088194444444444464e+00 4.662218785294258705e-02 -2.096213856317022048e-03
5.088888888888889461e+00 4.653369724087185605e-02 -2.096576790177437540e-03
5.089583333333332682e+00 4.644619611483547655e-02 -2.096926398535515611e-03
5.090277777777777679e+00 4.636932229819260010e-02 -2.097273364548287149e-03
5.090972222222222676e+00 4.630145311651556045e-02 -2.097623070831893585e-03
5.091666666666666785e+00 4.620252442622275330e-02 -2.098002943489153411e-03
5.092361111111110894e+00 4.608531722752187004e-02 -2.098345802822856095e-03
5.093055555555555891e+00 4.597529432152185069e-02 -2.098681565268250421e-03
5.093750000000000000e+00 4.585879298464659581e-02 -2.099017828837822924e-03
5.094444444444444109e+00 4.579174980477347667e-02 -2.099350464036240684e-03
5.095138888888889106e+00 4.570119258985005928e-02 -2.099663799698910267e-03
5.095833333333333215e+00 4.560422746280059364e-02 -2.099967796597528719e-03
5.096527777777777324e+00 4.550089684190732064e-02 -2.100303181702937397e-03
5.097222222222222321e+00 4.541328035121328099e-02 -2.100621611099911124e-03
5.097916666666666430e+00 4.531911992873116635e-02 -2.100907095709804179e-03
5.098611111111110539e+00 4.523355772844869088e-02 -2.101190539209585578e-03
5.099305555555555536e+00 4.513317863079181064e-02 -2.101455223450812010e-03
5.099999999999998757e+00 4.505922079964540944e-02 -2.101731070131873744e-03
5.100694444444444642e+00 4.497528926628990842e-02 -2.102000721405389988e-03
5.101388888888888751e+00 4.485717585187273121e-02 -2.102276827034658783e-03
5.102083333333333748e+00 4.477039566044674346e-02 -2.102541275754167636e-03
5.102777777777777857e+00 4.467420056816939766e-02 -2.102814007541847947e-03
5.103472222222221966e+00 4.458756495441996287e-02 -2.103074923010481330e-03
5.104166666666666963e+00 4.451660946412783898e-02 -2.103327691280103360e-03
5.104861111111111072e+00 4.442384188059508160e-02 -2.103565175265820035e-03
5.105555555555555181e+00 4.432984394779029141e-02 -2.103833856124920788e-03
5.106250000000000178e+00 4.423044837162957987e-02 -2.104075589897809375e-03
5.106944444444444287e+00 4.413138431997744998e-02 -2.104307251156978600e-03
5.107638888888888395e+00 4.404511754087584580e-02 -2.104541619096018945e-03
5.108333333333333393e+00 4.395583595257841758e-02 -2.104773311314142754e-03
5.109027777777777501e+00 4.386463440146279313e-02 -2.105002658959857081e-03
5.109722222222222499e+00 4.377873345970853536e-02 -2.105229692128213377e-03
5.110416666666665719e+00 4.369295059748058013e-02 -2.105451929005584203e-03
5.111111111111111605e+00 4.360518579124244426e-02 -2.105670458336792155e-03
5.111805555555555713e+00 4.352047104823927176e-02 -2.105888446752488073e-03
5.112499999999999822e+00 4.343609474610791998e-02 -2.106109133332247259e-03
5.113194444444444819e+00 4.334706898641728368e-02 -2.106331161979038170e-03
5.113888888888888928e+00 4.325723214682670320e-02 -2.106525284884493317e-03
5.114583333333333037e+00 4.316512433746805960e-02 -2.106711481709198832e-03
5.115277777777778034e+00 4.307116493200097845e-02 -2.106908430637143351e-03
5.115972222222222143e+00 4.297994301894361713e-02 -2.107097382051694584e-03
5.116666666666666252e+00 4.289817628546803430e-02 -2.107295512959576640e-03
5.117361111111111249e+00 4.281971669578155115e-02 -2.107480925607045554e-03
5.118055555555555358e+00 4.272696877146988509e-02 -2.107667633814918218e-03
5.118749999999999467e+00 4.264427795579018438e-02 -2.107844968770385737e-03
5.119444444444444464e+00 4.255374243621486141e-02 -2.108032519334563770e-03
5.120138888888889461e+00 4.246683220270746489e-02 -2.108205040530576873e-03
5.120833333333332682e+00 4.237446129255052762e-02 -2.108393183701509372e-03
5.121527777777777679e+00 4.229070424514676241e-02 -2.108561870195743704e-03
5.122222222222222676e+00 4.220425968726893018e-02 -2.108734336119302225e-03
5.122916666666666785e+00 4.212361890128545755e-02 -2.108903226641757524e-03
5.123611111111110894e+00 4.204385093893968361e-02 -2.109069049074473526e-03
5.124305555555555891e+00 4.196561800020785771e-02 -2.109233191135398595e-03
5.125000000000000000e+00 4.188936422390841102e-02 -2.109385018194306384e-03
5.125694444444444109e+00 4.181059305401391840e-02 -2.109533921447293275e-03
5.126388888888889106e+00 4.172430842279144930e-02 -2.109686961420369471e-03
5.127083333333333215e+00 4.163684159851747252e-02 -2.109828102612595728e-03
5.127777777777777324e+00 4.155215976163387226e-02 -2.109984414749800120e-03
5.128472222222222321e+00 4.146754634262586614e-02 -2.110124046182083445e-03
5.129166666666666430e+00 4.138474179526099861e-02 -2.110268862724998425e-03
5.129861111111110539e+00 4.130179096581015202e-02 -2.110412045915574606e-03
5.130555555555555536e+00 4.121770883427631343e-02 -2.110554874805383244e-03
5.131249999999998757e+00 4.114057803736968083e-02 -2.110704715542887668e-03
5.131944444444444642e+00 4.106146749613762831e-02 -2.110846340498212081e-03
5.132638888888888751e+00 4.098113212800211236e-02 -2.110957822085822704e-03
5.133333333333333748e+00 4.089355413051409815e-02 -2.111068334489831031e-03
5.134027777777777857e+00 4.081842510930467488e-02 -2.111175287254980076e-03
5.134722222222221966e+00 4.073392843101419220e-02 -2.111302019311422050e-03
5.135416666666666963e+00 4.065709295302191717e-02 -2.111418400863337638e-03
5.136111111111111072e+00 4.057749620067320484e-02 -2.111543196172943788e-03
5.136805555555555181e+00 4.050296699039488552e-02 -2.111662506701192116e-03
5.137500000000000178e+00 4.041880912869241088e-02 -2.111790183951186856e-03
5.138194444444444287e+00 4.035052526948782609e-02 -2.111915351119090633e-03
5.138888888888888395e+00 4.027464637899271643e-02 -2.112032218758791696e-03
5.139583333333333393e+00 4.019770867889998350e-02 -2.112130195349340694e-03
5.140277777777777501e+00 4.011012633931557853e-02 -2.112248545210178817e-03
5.140972222222222499e+00 4.002081402370551849e-02 -2.112345614118714063e-03
5.141666666666665719e+00 3.993639371379356651e-02 -2.112448929788075802e-03
5.142361111111111605e+00 3.985970235296990710e-02 -2.112545986576062993e-03
5.143055555555555713e+00 3.977956944879698642e-02 -2.112652676287123110e-03
5.143749999999999822e+00 3.969762346395185049e-02 -2.112740729014220189e-03
5.144444444444444819e+00 3.961732428043376886e-02 -2.112833178953585182e-03
5.145138888888888928e+00 3.953753325808426200e-02 -2.112928784290085595e-03
5.145833333333333037e+00 3.945985396646773530e-02 -2.113020493024042341e-03
5.146527777777778034e+00 3.937409605215238390e-02 -2.113097329987039408e-03
5.147222222222222143e+00 3.930292414070216123e-02 -2.113182164990710672e-03
5.147916666666666252e+00 3.922526923279052308e-02 -2.113258149781846885e-03
5.148611111111111249e+00 3.916224643764518176e-02 -2.113346454553581295e-03
5.149305555555555358e+00 3.908752157162099367e-02 -2.113445430114872792e-03
5.149999999999999467e+00 3.900932147230071895e-02 -2.113543580311462791e-03
5.150694444444444464e+00 3.894149301579662853e-02 -2.113647042434585975e-03
5.151388888888889461e+00 3.886747057882110334e-02 -2.113760740057214847e-03
5.152083333333332682e+00 3.878699663184057705e-02 -2.113874718750367778e-03
5.152777777777777679e+00 3.870651741166297732e-02 -2.113967796042740856e-03
5.153472222222222676e+00 3.863389897062353973e-02 -2.114055204775768925e-03
5.154166666666666785e+00 3.855507090037816470e-02 -2.114137659405886539e-03
5.154861111111110894e+00 3.848431089005509981e-02 -2.114222915324300098e-03
5.155555555555555891e+00 3.840229552170087990e-02 -2.114293986579557794e-03
5.156250000000000000e+00 3.832636578796659588e-02 -2.114360093947811360e-03
5.156944444444444109e+00 3.824432468634951510e-02 -2.114436077505702730e-03
5.157638888888889106e+00 3.817284146128395450e-02 -2.114500125967171650e-03
5.158333333333333215e+00 3.809544413647314443e-02 -2.114569681909355108e-03
5.159027777777777324e+00 3.801815360053181075e-02 -2.114632487812080196e-03
5.159722222222222321e+00 3.793666289695857979e-02 -2.114697241480173115e-03
5.160416666666666430e+00 3.785835491204743442e-02 -2.114756111866313709e-03
5.161111111111110539e+00 3.778262328449574076e-02 -2.114818242700415400e-03
5.161805555555555536e+00 3.771135768974966107e-02 -2.114870030668187205e-03
5.162499999999998757e+00 3.762938986511121797e-02 -2.114915010769602421e-03
5.163194444444444642e+00 3.756079977596231412e-02 -2.114968764578741087e-03
5.163888888888888751e+00 3.748305502822738000e-02 -2.115032371526020215e-03
5.164583333333333748e+00 3.741033625678335389e-02 -2.115091225777421865e-03
5.165277777777777857e+00 3.734059919013694301e-02 -2.115164397190512358e-03
5.165972222222221966e+00 3.726994898113124288e-02 -2.115229166458988241e-03
5.166666666666666963e+00 3.719751379707065403e-02 -2.115283892263189469e-03
5.167361111111111072e+00 3.712451068124007075e-02 -2.115335624506886180e-03
5.168055555555555181e+00 3.704709146215709459e-02 -2.115393594343559312e-03
5.168750000000000178e+00 3.697867851910873610e-02 -2.115436905861457079e-03
5.169444444444444287e+00 3.690507896471885430e-02 -2.115499297856458100e-03
5.170138888888888395e+00 3.683403485028267227e-02 -2.115532474925269513e-03
5.170833333333333393e+00 3.676546581712816786e-02 -2.115581088821480178e-03
5.171527777777777501e+00 3.670099385970740369e-02 -2.115625267143685095e-03
5.172222222222222499e+00 3.663615095932716559e-02 -2.115688840623784241e-03
5.172916666666665719e+00 3.656430034274447960e-02 -2.115746072143069676e-03
5.173611111111111605e+00 3.649440202166273628e-02 -2.115808765153468635e-03
5.174305555555555713e+00 3.642988853020572709e-02 -2.115861543310876020e-03
5.174999999999999822e+00 3.635979773372358809e-02 -2.115908952961767335e-03
5.175694444444444819e+00 3.629111953249981870e-02 -2.115952176906622101e-03
5.176388888888888928e+00 3.621819691026996468e-02 -2.115992807359597279e-03
5.177083333333333037e+00 3.614710456600612326e-02 -2.116032969660019275e-03
5.177777777777778034e+00 3.607988381998387950e-02 -2.116079965662093568e-03
5.178472222222222143e+00 3.600911907049134109e-02 -2.116117599117344535e-03
5.179166666666666252e+00 3.594184238999791059e-02 -2.116159428748765059e-03
5.179861111111111249e+00 3.586966480943724195e-02 -2.116204874067689323e-03
5.180555555555555358e+00 3.579608802265104445e-02 -2.116234604845355916e-03
5.181249999999999467e+00 3.571656832780339963e-02 -2.116278189831914593e-03
5.181944444444444464e+00 3.565864924437401468e-02 -2.116307693744396996e-03
5.182638888888889461e+00 3.559258713370129501e-02 -2.116326641298940572e-03
5.183333333333332682e+00 3.552393566595934277e-02 -2.116377620682965977e-03
5.184027777777777679e+00 3.544607780411238029e-02 -2.116420804780113143e-03
5.184722222222222676e+00 3.537600086870664601e-02 -2.116472590746715753e-03
5.185416666666666785e+00 3.530591976612299648e-02 -2.116522056855511206e-03
5.186111111111110894e+00 3.524090746181209044e-02 -2.116582780455613429e-03
5.186805555555555891e+00 3.517574688744331407e-02 -2.116626464256145170e-03
5.187500000000000000e+00 3.510485328038719099e-02 -2.116663344770686357e-03
5.188194444444444109e+00 3.503323506226162232e-02 -2.116681632134186173e-03
5.188888888888889106e+00 3.495865148674778822e-02 -2.116723895146094877e-03
5.189583333333333215e+00 3.489580010862404491e-02 -2.116774130532041425e-03
5.190277777777777324e+00 3.483044572227210478e-02 -2.116821919405040883e-03
5.190972222222222321e+00 3.476647407455119715e-02 -2.116860026965997500e-03
5.191666666666666430e+00 3.470352568437076041e-02 -2.116894804245061847e-03
5.192361111111110539e+00 3.463072925935865159e-02 -2.116931555060179090e-03
5.193055555555555536e+00 3.456812237884706457e-02 -2.116977917575301252e-03
5.193749999999998757e+00 3.450813833899443739e-02 -2.117009053859771235e-03
5.194444444444444642e+00 3.443136447031148323e-02 -2.117042308457663460e-03
5.195138888888888751e+00 3.436783377899711028e-02 -2.117073024247055884e-03
5.195833333333333748e+00 3.429655322376033710e-02 -2.117100957926895156e-03
5.196527777777777857e+00 3.421869146975616699e-02 -2.117122249514322759e-03
5.197222222222221966e+00 3.415326292751702519e-02 -2.117151160779138543e-03
5.197916666666666963e+00 3.408888461542752824e-02 -2.117179101815354174e-03
5.198611111111111072e+00 3.402363008701069641e-02 -2.117206841440454589e-03
5.199305555555555181e+00 3.394858719571552247e-02 -2.117230996807520967e-03
5.200000000000000178e+00 3.389476855033601160e-02 -2.117260413387978511e-03
5.200694444444444287e+00 3.382363568157033956e-02 -2.117280443332894731e-03
5.201388888888888395e+00 3.376098651595221822e-02 -2.117306715810860895e-03
5.202083333333333393e+00 3.369431887176878304e-02 -2.117328348693321097e-03
5.202777777777777501e+00 3.363232095376269409e-02 -2.117350168195520060e-03
5.203472222222222499e+00 3.356167389932489947e-02 -2.117377324126944616e-03
5.204166666666665719e+00 3.348852540559498631e-02 -2.117397545910786657e-03
5.204861111111111605e+00 3.342068993840801444e-02 -2.117414384746355623e-03
5.205555555555555713e+00 3.336415444145438003e-02 -2.117437860671287937e-03
5.206249999999999822e+00 3.329302948194116929e-02 -2.117457882321479440e-03
5.206944444444444819e+00 3.322405143912093850e-02 -2.117482124755017906e-03
5.207638888888888928e+00 3.315519677707544355e-02 -2.117505986949599732e-03
5.208333333333333037e+00 3.309084707119381435e-02 -2.117523291829226644e-03
5.209027777777778034e+00 3.302655690237715769e-02 -2.117536615548229733e-03
5.209722222222222143e+00 3.295985225009576830e-02 -2.117563824284354138e-03
5.210416666666666252e+00 3.289919652337733313e-02 -2.117586434382795219e-03
5.211111111111111249e+00 3.283981009604698686e-02 -2.117603686256753701e-03
5.211805555555555358e+00 3.278239729357501631e-02 -2.117615891493891071e-03
5.212499999999999467e+00 3.272109018706978456e-02 -2.117638274987897716e-03
5.213194444444444464e+00 3.265058201376509067e-02 -2.117656183503366894e-03
5.213888888888889461e+00 3.259625321409198584e-02 -2.117673385671145232e-03
5.214583333333332682e+00 3.253532054934013540e-02 -2.117685569796291540e-03
5.215277777777777679e+00 3.247616739083249160e-02 -2.117707497198322367e-03
5.215972222222222676e+00 3.243415627588893541e-02 -2.117724102328192009e-03
5.216666666666666785e+00 3.237656572891281503e-02 -2.117743393711036051e-03
5.217361111111110894e+00 3.230735001540448181e-02 -2.117759710069987925e-03
5.218055555555555891e+00 3.224491638480449923e-02 -2.117779226948809327e-03
5.218750000000000000e+00 3.217565997444710862e-02 -2.117792559010998801e-03
5.219444444444444109e+00 3.210044429846500846e-02 -2.117809260991226471e-03
5.220138888888889106e+00 3.203139011782558943e-02 -2.117823970554585933e-03
5.220833333333333215e+00 3.197104442071634078e-02 -2.117841947641629745e-03
5.221527777777777324e+00 3.192206976263078921e-02 -2.117868784654909371e-03
5.222222222222222321e+00 3.185701815813376386e-02 -2.117889907844432845e-03
5.222916666666666430e+00 3.179665883991338732e-02 -2.117899677093008307e-03
5.223611111111110539e+00 3.173754533058699423e-02 -2.117913957661789193e-03
5.224305555555555536e+00 3.167431738913838168e-02 -2.117929820956631400e-03
5.224999999999998757e+00 3.161709522141275402e-02 -2.117940445662788804e-03
5.225694444444444642e+00 3.155300186227947418e-02 -2.117953428987017026e-03
5.226388888888888751e+00 3.148960820834494773e-02 -2.117974017101744832e-03
5.227083333333333748e+00 3.143271213240375617e-02 -2.117983500512946558e-03
5.227777777777777857e+00 3.136822438667094537e-02 -2.117995994510039979e-03
5.228472222222221966e+00 3.130990603626936791e-02 -2.118004066312505120e-03
5.229166666666666963e+00 3.125282898825265665e-02 -2.118022962671308775e-03
5.229861111111111072e+00 3.118554280133199047e-02 -2.118030278028078771e-03
5.230555555555555181e+00 3.112089121594813906e-02 -2.118051342627027579e-03
5.231250000000000178e+00 3.105347189530686253e-02 -2.118062604375603800e-03
5.231944444444444287e+00 3.099504002386896384e-02 -2.118074844671215522e-03
5.232638888888888395e+00 3.093198124622124207e-02 -2.118084157018079641e-03
5.233333333333333393e+00 3.086992528272644587e-02 -2.118101404676026034e-03
5.234027777777777501e+00 3.080835886489947592e-02 -2.118111082777250978e-03
5.234722222222222499e+00 3.074680169861595744e-02 -2.118121320998276724e-03
5.235416666666665719e+00 3.068461947849613833e-02 -2.118126707607180005e-03
5.236111111111111605e+00 3.062965583134307640e-02 -2.118142581027261401e-03
5.236805555555555713e+00 3.201083135812228531e-02 -2.065060847566575590e-03
5.237499999999999822e+00 3.788631324621726665e-02 -1.888656044922784735e-03
5.238194444444444819e+00 3.436464151886182983e-02 -1.463907727970582004e-03
5.238888888888888928e+00 3.919331514129321958e-02 -7.415106631796335168e-04
5.239583333333333037e+00 4.054394718032588996e-02 2.142345725390248663e-04
5.240277777777778034e+00 4.241261635408711400e-02 1.371733736825220826e-03
5.240972222222222143e+00 4.381035181718469923e-02 2.560266343084907116e-03
5.241666666666666252e+00 4.488435133807896354e-02 3.723712767890070222e-03
5.242361111111111249e+00 4.614702605425805015e-02 4.882167495486968919e-03
5.243055555555555358e+00 4.772141082526433487e-02 6.016879287267355020e-03
5.243749999999999467e+00 5.058342720093091799e-02 7.160355783341875932e-03
5.244444444444444464e+00 5.400461513515711354e-02 8.311807610356176240e-03
5.245138888888889461e+00 5.776878381560452552e-02 9.522297761181032147e-03
5.245833333333332682e+00 6.178270831782689543e-02 1.076410403050387724e-02
5.246527777777777679e+00 6.598086472591430107e-02 1.202657545823802333e-02
5.247222222222222676e+00 6.955651443327770522e-02 1.333357638990056646e-02
5.247916666666666785e+00 7.284421997688575456e-02 1.467223478996695397e-02
5.248611111111110894e+00 7.577087115890730751e-02 1.606160015714318962e-02
5.249305555555555891e+00 7.859685065398006043e-02 1.742861529542240329e-02
5.250000000000000000e+00 8.138997592074430354e-02 1.887243921935772423e-02
5.250694444444444109e+00 8.465042544202054653e-02 2.034656361456279802e-02
5.251388888888889106e+00 8.802855226708020120e-02 2.182937004697303729e-02
5.252083333333333215e+00 9.138677873489085834e-02 2.336241224693834037e-02
5.252777777777777324e+00 9.465458667509095425e-02 2.490344220016386945e-02
5.253472222222222321e+00 9.790497455304154883e-02 2.648983693663824190e-02
5.254166666666666430e+00 1.013830636747509867e-01 2.807602240220438347e-02
5.254861111111110539e+00 1.050158806263911254e-01 2.971238323587116828e-02
5.255555555555555536e+00 1.087632140267929537e-01 3.135672871698196723e-02
5.256249999999998757e+00 1.127463476005201443e-01 3.300996356438339052e-02
5.256944444444444642e+00 1.163462857096864422e-01 3.471119939095770879e-02
5.257638888888888751e+00 1.197971257163550629e-01 3.642874351711107572e-02
5.258333333333333748e+00 1.233118109371569571e-01 3.816479460727387890e-02
5.259027777777777857e+00 1.267227244799501162e-01 3.989190845718502965e-02
5.259722222222221966e+00 1.301724521416219027e-01 4.167646327881121410e-02
5.260416666666666963e+00 1.338493633209837941e-01 4.346429463241986701e-02
5.261111111111111072e+00 1.373793554222537683e-01 4.527325317160543067e-02
5.261805555555555181e+00 1.414412756306926422e-01 4.712551093056195628e-02
5.262500000000000178e+00 1.468076008846890823e-01 4.894901821570421530e-02
5.263194444444444287e+00 1.517271138765674265e-01 5.079803950825145104e-02
5.263888888888888395e+00 1.570907696555342015e-01 5.269778672962691091e-02
5.264583333333333393e+00 1.634163361712149820e-01 5.458407057323665101e-02
5.265277777777777501e+00 1.700217101125198471e-01 5.649396155082660187e-02
5.265972222222222499e+00 1.766889554721318145e-01 5.842234016385264989e-02
5.266666666666665719e+00 1.828552906942616796e-01 6.035872842796471266e-02
5.267361111111111605e+00 1.877933581434066967e-01 6.235248325947433112e-02
5.268055555555555713e+00 1.921755221736610453e-01 6.437999689010411031e-02
5.268749999999999822e+00 1.961189654752601152e-01 6.632990070183122921e-02
5.269444444444444819e+00 1.991532948701104921e-01 6.830880220138824122e-02
5.270138888888888928e+00 2.014197789394778226e-01 7.036087980630986727e-02
5.270833333333333037e+00 2.035160540140219798e-01 7.236912334358021337e-02
5.271527777777778034e+00 2.059638116004025299e-01 7.435753671476376392e-02
5.272222222222222143e+00 2.085373446420973054e-01 7.639873229335103488e-02
5.272916666666666252e+00 2.110727158227295452e-01 7.840746478777652073e-02
5.273611111111111249e+00 2.135108304193177320e-01 8.042187642707776529e-02
5.274305555555555358e+00 2.169000881925284285e-01 8.247004781926398076e-02
5.274999999999999467e+00 2.207426207096741533e-01 8.443760039508105275e-02
5.275694444444444464e+00 2.251976072362316117e-01 8.645471460819539877e-02
5.276388888888889461e+00 2.297817688068596875e-01 8.853472854185570617e-02
5.277083333333332682e+00 2.346465894453056977e-01 9.059535741898828987e-02
5.277777777777777679e+00 2.406605602760431839e-01 9.270141561045837364e-02
5.278472222222222676e+00 2.466327536603855064e-01 9.480758484521506491e-02
5.279166666666666785e+00 2.523871980015156002e-01 9.690719475597878163e-02
5.279861111111110894e+00 2.580454448561770309e-01 9.904834700859847796e-02
5.280555555555555891e+00 2.636016566982962717e-01 1.011616895895241508e-01
5.281250000000000000e+00 2.696315157526594786e-01 1.032790325238343576e-01
5.281944444444444109e+00 2.752295748868943681e-01 1.053805949915065099e-01
5.282638888888889106e+00 2.801821601483667767e-01 1.075531800780342023e-01
5.283333333333333215e+00 2.852261572063646833e-01 1.097520363602798726e-01
5.284027777777777324e+00 2.903524876647683439e-01 1.119211072700843634e-01
5.284722222222222321e+00 2.953239652693436246e-01 1.141384486751297472e-01
5.285416666666666430e+00 2.996632404161410079e-01 1.163359230190764704e-01
5.286111111111110539e+00 3.039792846790883574e-01 1.185013456746136645e-01
5.286805555555555536e+00 3.085485194024931155e-01 1.207741181458669849e-01
5.287499999999998757e+00 3.130672632553070378e-01 1.230534135355142722e-01
5.288194444444444642e+00 3.171584560784865836e-01 1.252349111372354218e-01
5.288888888888888751e+00 3.211553303745269261e-01 1.274527515043037962e-01
5.289583333333333748e+00 3.256638500367171618e-01 1.296827026664333637e-01
5.290277777777777857e+00 3.298678153704557303e-01 1.319142271383729470e-01
5.290972222222221966e+00 3.343028824538516464e-01 1.342306674010154133e-01
5.291666666666666963e+00 3.384302022174216495e-01 1.364695124338456411e-01
5.292361111111111072e+00 3.428984483170604558e-01 1.386978669739447056e-01
5.293055555555555181e+00 3.472713940511675812e-01 1.409581681236150019e-01
5.293750000000000178e+00 3.515175140022400724e-01 1.432540935179423824e-01
5.294444444444444287e+00 3.559742383053553505e-01 1.455752944030945240e-01
5.295138888888888395e+00 3.602153801341371198e-01 1.478829769082661838e-01
5.295833333333333393e+00 3.644380251981088614e-01 1.501835226858624361e-01
5.296527777777777501e+00 3.690624503055923156e-01 1.524851611613692870e-01
5.297222222222222499e+00 3.732708251800224142e-01 1.548093426514957349e-01
5.297916666666665719e+00 3.777272826169296716e-01 1.571285407756559394e-01
5.298611111111111605e+00 3.822338625251868183e-01 1.594844565419727411e-01
5.299305555555555713e+00 3.858413065008320930e-01 1.617791024607082850e-01
5.299999999999999822e+00 3.902877924718175517e-01 1.641683202018638377e-01
5.300694444444444819e+00 3.945392296743895910e-01 1.665670264570795478e-01
5.301388888888888928e+00 3.991086673380638827e-01 1.688936254495739531e-01
5.302083333333333037e+00 4.031730699604741952e-01 1.712529191082413360e-01
5.302777777777778034e+00 4.070353001785128599e-01 1.736295485113393822e-01
5.303472222222222143e+00 4.117639110482909093e-01 1.760064240856915041e-01
5.304166666666666252e+00 4.151666801489060088e-01 1.784030530293536088e-01
5.304861111111111249e+00 4.192611461026774511e-01 1.807494511446157137e-01
5.305555555555555358e+00 4.234104395894528472e-01 1.831119585302770636e-01
5.306249999999999467e+00 4.273769757229367583e-01 1.854945670621836740e-01
5.306944444444444464e+00 4.314885690998030432e-01 1.878484901635246451e-01
5.307638888888889461e+00 4.354454796630174984e-01 1.902481616445870771e-01
5.308333333333332682e+00 4.395162519678185165e-01 1.926820263469447292e-01
5.309027777777777679e+00 4.435445203991724150e-01 1.950782504574892218e-01
5.309722222222222676e+00 4.475048132647533872e-01 1.974588079658776973e-01
5.310416666666666785e+00 4.512695326507913385e-01 1.998958919661398548e-01
5.311111111111110894e+00 4.552448933429092959e-01 2.023250622053022474e-01
5.311805555555555891e+00 4.590626265179439391e-01 2.047877499256291478e-01
5.312500000000000000e+00 4.627915806456170955e-01 2.072866458628315478e-01
5.313194444444444109e+00 4.664244882189628738e-01 2.097462612201531629e-01
5.313888888888889106e+00 4.697577212984762607e-01 2.121784667777135702e-01
5.314583333333333215e+00 4.730289984080206511e-01 2.145841588803168720e-01
5.315277777777777324e+00 4.767312605392661773e-01 2.170355520936436966e-01
5.315972222222222321e+00 4.800903872765565072e-01 2.194925652155126639e-01
5.316666666666666430e+00 4.836349803077596987e-01 2.218836241297522938e-01
5.317361111111110539e+00 4.872509253208466840e-01 2.243202909129115297e-01
5.318055555555555536e+00 4.911343029007573802e-01 2.267609245404236529e-01
5.318749999999998757e+00 4.948386327553145891e-01 2.291618749400189947e-01
5.319444444444444642e+00 4.973115070801723547e-01 2.316446809767747361e-01
5.320138888888888751e+00 5.012424535070378884e-01 2.340459964791562208e-01
5.320833333333333748e+00 5.054845839514895411e-01 2.365328622219916299e-01
5.321527777777777857e+00 5.089736765797131524e-01 2.390394869697002600e-01
5.322222222222221966e+00 5.127154044803403643e-01 2.415179138735721598e-01
5.322916666666666963e+00 5.161916702346102115e-01 2.440385310807184627e-01
5.323611111111111072e+00 5.193552426269565370e-01 2.465365365295380529e-01
5.324305555555555181e+00 5.230967016461522956e-01 2.490737115490296583e-01
5.325000000000000178e+00 5.271732601860393830e-01 2.515582975703493096e-01
5.325694444444444287e+00 5.309705894818608218e-01 2.540748619323324187e-01
5.326388888888888395e+00 5.343227927737262961e-01 2.565909488838773456e-01
5.327083333333333393e+00 5.380096153239092294e-01 2.590463329465160780e-01
5.327777777777777501e+00 5.420946401774012768e-01 2.615911901936892048e-01
5.328472222222222499e+00 5.458958736980110693e-01 2.641577255127836588e-01
5.329166666666665719e+00 5.497273489826960402e-01 2.666405341010948393e-01
5.329861111111111605e+00 5.526142720374994655e-01 2.691433000745007131e-01
5.330555555555555713e+00 5.570922121401237215e-01 2.717390887593157944e-01
5.331249999999999822e+00 5.615531339140892308e-01 2.743500429818616082e-01
5.331944444444444819e+00 5.653474044272530641e-01 2.768599338577268365e-01
5.332638888888888928e+00 5.696581349020933827e-01 2.793567674145255308e-01
5.333333333333333037e+00 5.740698939975984461e-01 2.818901164171231932e-01
5.334027777777777146e+00 5.773129899850805158e-01 2.845433309889258688e-01
5.334722222222222143e+00 5.811942016550551982e-01 2.871903363228090478e-01
5.335416666666667140e+00 5.858378769754597482e-01 2.897471749243516470e-01
5.336111111111111249e+00 5.900881620457673060e-01 2.923740335792042733e-01
5.336805555555556246e+00 5.937716903758147868e-01 2.949911260407445113e-01
5.337499999999999467e+00 5.978073807533664796e-01 2.976200899438861125e-01
5.338194444444444464e+00 6.021686772011121125e-01 3.002596319944635384e-01
5.338888888888888573e+00 6.058308697793453046e-01 3.028099547602193242e-01
5.339583333333333570e+00 6.099242877515498318e-01 3.054521493969281631e-01
5.340277777777777679e+00 6.143445441340724678e-01 3.080692901620713520e-01
5.340972222222222676e+00 6.176054111565594251e-01 3.106744086355781587e-01
5.341666666666665897e+00 6.215578881952928958e-01 3.133374711763526888e-01
5.342361111111110894e+00 6.265310423986286681e-01 3.159629467715512341e-01
5.343055555555555003e+00 6.298413896576369186e-01 3.186459068575009379e-01
5.343750000000000000e+00 6.338014334953410156e-01 3.212552946132028464e-01
5.344444444444444109e+00 6.386797045247545324e-01 3.239096607718898180e-01
5.345138888888889106e+00 6.421042829157030951e-01 3.265510465481463176e-01
5.345833333333334103e+00 6.462075558606399373e-01 3.292032079506600484e-01
5.346527777777777324e+00 6.508867078567784903e-01 3.318642517305955830e-01
5.347222222222222321e+00 6.537954715559096686e-01 3.345670779856600441e-01
5.347916666666666430e+00 6.577868882201730605e-01 3.373395335371794923e-01
5.348611111111111427e+00 6.629546567223625342e-01 3.399530078704806613e-01
5.349305555555555536e+00 6.665181416501601008e-01 3.426778082291103145e-01
5.350000000000000533e+00 6.704048622327832829e-01 3.454533772231445643e-01
5.350694444444443754e+00 6.749065423640802086e-01 3.480994706101449010e-01
5.351388888888888751e+00 6.780038959602378013e-01 3.509285154888506231e-01
5.352083333333332860e+00 6.814530020280745726e-01 3.536768834453926091e-01
5.352777777777777857e+00 6.855017128147968819e-01 3.562859998622868174e-01
5.353472222222221966e+00 6.894684574868802374e-01 3.590355338042444666e-01
5.354166666666666963e+00 6.933364993899223672e-01 3.618521289043158951e-01
5.354861111111110183e+00 6.968858771928577722e-01 3.644977451161801052e-01
5.355555555555555181e+00 7.006349481724323258e-01 3.671203481716874828e-01
5.356250000000000178e+00 7.042997585341562727e-01 3.699345995161026357e-01
5.356944444444444287e+00 7.078669785829624361e-01 3.725380053185936013e-01
5.357638888888889284e+00 7.115247876010289962e-01 3.751860478357603723e-01
5.358333333333333393e+00 7.120396267121612555e-01 3.780029434011676903e-01
5.359027777777778390e+00 7.120059962550091548e-01 3.804089975267286317e-01
5.359722222222221610e+00 7.115539277575131383e-01 3.824827946087380748e-01
5.360416666666666607e+00 7.114496660369226122e-01 3.844960923434506683e-01
5.361111111111110716e+00 7.102620804288817258e-01 3.860845110507961087e-01
5.361805555555555713e+00 6.581971249454739992e-01 3.866909133348065408e-01
5.362499999999999822e+00 6.187792646272081143e-01 3.853068631825032897e-01
5.363194444444444819e+00 5.508435434742771086e-01 3.806962392717701538e-01
5.363888888888888040e+00 5.061921563763737142e-01 3.727896801253786085e-01
5.364583333333333037e+00 5.456120204299221843e-01 3.607684292826085493e-01
5.365277777777777146e+00 4.971538656633980313e-01 3.505432609262875143e-01
5.365972222222222143e+00 5.306955607753260917e-01 3.380351859141639825e-01
5.366666666666667140e+00 5.273051820478651397e-01 3.281753601483111127e-01
5.367361111111111249e+00 5.400148135336961808e-01 3.205324021624909592e-01
5.368055555555556246e+00 5.385465131260076532e-01 3.138719658950165359e-01
5.368749999999999467e+00 5.440920254234351550e-01 3.089229206672123862e-01
5.369444444444444464e+00 5.782875280749661950e-01 3.061781883760572032e-01
5.370138888888888573e+00 6.696629056326173224e-01 3.058781409610058510e-01
5.370833333333333570e+00 7.125329477029702652e-01 3.084592185447259660e-01
5.371527777777777679e+00 7.910624452385052185e-01 3.139439219761845368e-01
5.372222222222222676e+00 7.919268102929558628e-01 3.225713440011929722e-01
5.372916666666665897e+00 8.073644491293056058e-01 3.321474190979056829e-01
5.373611111111110894e+00 8.099485819066973846e-01 3.406027673057319127e-01
5.374305555555555003e+00 8.141493066194536166e-01 3.477648351750468603e-01
5.375000000000000000e+00 8.120669606272216123e-01 3.545470875609669781e-01
5.375694444444444109e+00 8.105157823672743955e-01 3.606768818187163217e-01
5.376388888888889106e+00 8.097285715212045876e-01 3.660497364367812922e-01
5.377083333333334103e+00 8.103661023347289438e-01 3.712608029305614066e-01
5.377777777777777324e+00 8.118150824643040053e-01 3.766624483431753601e-01
5.378472222222222321e+00 8.143278761472738658e-01 3.818007617297130563e-01
5.379166666666666430e+00 8.163325480855875282e-01 3.866319383173653090e-01
5.379861111111111427e+00 8.184507942929810653e-01 3.914586095236523566e-01
5.380555555555555536e+00 8.215823342425455644e-01 3.960395178865642185e-01
5.381250000000000533e+00 8.244762251612431925e-01 4.001429321158717078e-01
5.381944444444443754e+00 8.284926267393220023e-01 4.044627574385212809e-01
5.382638888888888751e+00 8.344807177972567436e-01 4.087599823684637812e-01
5.383333333333332860e+00 8.389219324110305243e-01 4.125064805535437196e-01
5.384027777777777857e+00 8.395627782339266654e-01 4.165217288970138321e-01
5.384722222222221966e+00 8.399520276715357614e-01 4.203371520161044428e-01
5.385416666666666963e+00 8.430520549923774531e-01 4.237194193958908062e-01
5.386111111111110183e+00 8.464787013191908960e-01 4.272709541135363831e-01
5.386805555555555181e+00 8.499267182117316022e-01 4.314945998564826968e-01
5.387500000000000178e+00 8.546054279722351543e-01 4.356251566882781701e-01
5.388194444444444287e+00 8.591937536976818057e-01 4.396705000280750064e-01
5.388888888888889284e+00 8.630903735649179120e-01 4.434361425027548709e-01
5.389583333333333393e+00 8.651558683154307872e-01 4.470741647572725741e-01
5.390277777777778390e+00 8.684831653772290272e-01 4.506883019431727200e-01
5.390972222222221610e+00 8.724373157131587453e-01 4.542274168793198896e-01
5.391666666666666607e+00 8.756673164587001068e-01 4.576010839438865441e-01
5.392361111111110716e+00 8.771303514532509116e-01 4.611232019974842999e-01
5.393055555555555713e+00 8.809442611253313071e-01 4.647025658143338900e-01
5.393749999999999822e+00 8.858791682808294654e-01 4.681989365687805882e-01
5.394444444444444819e+00 8.889917810324049485e-01 4.718612622127948963e-01
5.395138888888888040e+00 8.912799536084849983e-01 4.751843036612439231e-01
5.395833333333333037e+00 8.950001769038685717e-01 4.786081361807153489e-01
5.396527777777777146e+00 8.986873553603133002e-01 4.821401331180458771e-01
5.397222222222222143e+00 9.017671859954692337e-01 4.853517006130128042e-01
5.397916666666667140e+00 9.055521968584311354e-01 4.887571875238717611e-01
5.398611111111111249e+00 9.081844540545099820e-01 4.922220052345875896e-01
5.399305555555556246e+00 9.118119987225073997e-01 4.955570446047145028e-01
5.399999999999999467e+00 9.156175685559233557e-01 4.989946347341989163e-01
5.400694444444444464e+00 9.187216862821508956e-01 5.023892042427846594e-01
5.401388888888888573e+00 9.221920843310020821e-01 5.058435698087077048e-01
5.402083333333333570e+00 9.260086312358996041e-01 5.090108951939040782e-01
5.402777777777777679e+00 9.286544476276598070e-01 5.124143600891793993e-01
5.403472222222222676e+00 9.311510303752396078e-01 5.159118688192515512e-01
5.404166666666665897e+00 9.357124609123144143e-01 5.191456307954402938e-01
5.404861111111110894e+00 9.386217960501578306e-01 5.225874431312628188e-01
5.405555555555555003e+00 9.408989064333329599e-01 5.260637062517804496e-01
5.406250000000000000e+00 9.436714462877712206e-01 5.290443495494698833e-01
5.406944444444444109e+00 9.479839018601891043e-01 5.324431973505490134e-01
5.407638888888889106e+00 9.521742036140901089e-01 5.359233401825322929e-01
5.408333333333334103e+00 9.550000680222816563e-01 5.390796844934907517e-01
5.409027777777777324e+00 9.585644468819092268e-01 5.425243952541622949e-01
5.409722222222222321e+00 9.609469439817014402e-01 5.458420533892495152e-01
5.410416666666666430e+00 9.639288390048530442e-01 5.491553846077111833e-01
5.411111111111111427e+00 9.674760213352264770e-01 5.524102377824271493e-01
5.411805555555555536e+00 9.717031377556599736e-01 5.558728504917005431e-01
5.412500000000000533e+00 9.737230067962070468e-01 5.591751446295289973e-01
5.413194444444443754e+00 9.773253783346136370e-01 5.623366483275362704e-01
5.413888888888888751e+00 9.813739212394184674e-01 5.657226747051070648e-01
5.414583333333332860e+00 9.834584903314452786e-01 5.689549837259860743e-01
5.415277777777777857e+00 9.865542524584176576e-01 5.723415718466889901e-01
5.415972222222221966e+00 9.911297949399132667e-01 5.755723321811420101e-01
5.416666666666666963e+00 9.934509564647893143e-01 5.789680551066933578e-01
5.417361111111110183e+00 9.955258163347791012e-01 5.823591198635483801e-01
5.418055555555555181e+00 9.997961700083097814e-01 5.855251643555086094e-01
5.418750000000000178e+00 1.003307865988671166e+00 5.889838063230671272e-01
5.419444444444444287e+00 1.005842690173650578e+00 5.920723092110071750e-01
5.420138888888889284e+00 1.009451788667504291e+00 5.953252672304576443e-01
5.420833333333333393e+00 1.011928971270233291e+00 5.986625388585316010e-01
5.421527777777778390e+00 1.015244724275425670e+00 6.018617148991112220e-01
5.422222222222221610e+00 1.018545656024473889e+00 6.053023413784404116e-01
5.422916666666666607e+00 1.022011508641400335e+00 6.086719307448411609e-01
5.423611111111110716e+00 1.024509999768412172e+00 6.117722945576257176e-01
5.424305555555555713e+00 1.027259460870740826e+00 6.151311862481069204e-01
5.424999999999999822e+00 1.031022071417585284e+00 6.186430863510711253e-01
5.425694444444444819e+00 1.032993550743224853e+00 6.217818578708386168e-01
5.426388888888888040e+00 1.035692375914557983e+00 6.249923222408475532e-01
5.427083333333333037e+00 1.038897209173704761e+00 6.284555301805542227e-01
5.427777777777777146e+00 1.042146143966669491e+00 6.314760665162839626e-01
5.428472222222222143e+00 1.045153794273263825e+00 6.348016272246775893e-01
5.429166666666667140e+00 1.048362207774095944e+00 6.381634736701576882e-01
5.429861111111111249e+00 1.051449230755742148e+00 6.413134284165334931e-01
5.430555555555556246e+00 1.054561590217341749e+00 6.448704148137927028e-01
5.431249999999999467e+00 1.056948217705818927e+00 6.478818952075288129e-01
5.431944444444444464e+00 1.059818075905342605e+00 6.509196474107232788e-01
5.432638888888888573e+00 1.063230587075991496e+00 6.546346893965679925e-01
5.433333333333333570e+00 1.065381470474445536e+00 6.577295326846243073e-01
5.434027777777777679e+00 1.068166069953315755e+00 6.607420947628781516e-01
5.434722222222222676e+00 1.071698632941673779e+00 6.641094297239277244e-01
5.435416666666665897e+00 1.072837220657582247e+00 6.674117020866564554e-01
5.436111111111110894e+00 1.075301208722182489e+00 6.709480693180462918e-01
5.436805555555555003e+00 1.078977599327978876e+00 6.738506257753010820e-01
5.437500000000000000e+00 1.083028710978046538e+00 6.769146741854075167e-01
5.438194444444444109e+00 1.085377877754913900e+00 6.804785907539651069e-01
5.438888888888889106e+00 1.088287894306885439e+00 6.834462794792121043e-01
5.439583333333334103e+00 1.090298590077775742e+00 6.868518721224794454e-01
5.440277777777777324e+00 1.093729144312641566e+00 6.901590837938839096e-01
5.440972222222222321e+00 1.096492249848645129e+00 6.933587987551304010e-01
5.441666666666666430e+00 1.099772404064037312e+00 6.968158448399648375e-01
5.442361111111111427e+00 1.102434351859653772e+00 6.998636005222614864e-01
5.443055555555555536e+00 1.103108119988178037e+00 7.033702495955471701e-01
5.443750000000000533e+00 1.105166640730961491e+00 7.063787154508051058e-01
5.444444444444443754e+00 1.106715651098543418e+00 7.096216355234667983e-01
5.445138888888888751e+00 1.106100805397257858e+00 7.131465966109579169e-01
5.445833333333332860e+00 1.107894695572092747e+00 7.161261930849283086e-01
5.446527777777777857e+00 1.111694368711721115e+00 7.196903286651138432e-01
5.447222222222221966e+00 1.117768151454990422e+00 7.226179147192087759e-01
5.447916666666666963e+00 1.117958248990754022e+00 7.258317094390558388e-01
5.448611111111110183e+00 1.117317981589930120e+00 7.293082786232230053e-01
5.449305555555555181e+00 1.120038631216662584e+00 7.322084471236464109e-01
5.450000000000000178e+00 1.124069005691783918e+00 7.354405973971198662e-01
5.450694444444444287e+00 1.128411021181412455e+00 7.388485968257019199e-01
5.451388888888889284e+00 1.132530997957688079e+00 7.418117700947207682e-01
5.452083333333333393e+00 1.135341324711265809e+00 7.450665562503154815e-01
5.452777777777778390e+00 1.139694093352457971e+00 7.485453669470552018e-01
5.453472222222221610e+00 1.140790322682448954e+00 7.518995418826623922e-01
5.454166666666666607e+00 1.143019694393465624e+00 7.548975644286008979e-01
5.454861111111110716e+00 1.147054983658271521e+00 7.579775680319035258e-01
5.455555555555555713e+00 1.145159497141585936e+00 7.607068526924464225e-01
5.456249999999999822e+00 1.144464842208306354e+00 7.638833416601581439e-01
5.456944444444444819e+00 1.147184172630332899e+00 7.677807441864882287e-01
5.457638888888888040e+00 1.150018674350870906e+00 7.704246631371203247e-01
5.458333333333333037e+00 1.151948554315465501e+00 7.732961288107659259e-01
5.459027777777777146e+00 1.152963715091752439e+00 7.769392479714477551e-01
5.459722222222222143e+00 1.152935302713389731e+00 7.802396369926181130e-01
5.460416666666667140e+00 1.156151975630521411e+00 7.835322088303465771e-01
5.461111111111111249e+00 1.161060833390598290e+00 7.863719371342954290e-01
5.461805555555556246e+00 1.165583498915759408e+00 7.894913114976547241e-01
5.462499999999999467e+00 1.166776279685068696e+00 7.928760383477778673e-01
5.463194444444444464e+00 1.167431872191678321e+00 7.957874738897842137e-01
5.463888888888888573e+00 1.172372042947920523e+00 7.988838601029465414e-01
5.464583333333333570e+00 1.175705978486396130e+00 8.025152776986388403e-01
5.465277777777777679e+00 1.181430272671127213e+00 8.052324590060451204e-01
5.465972222222222676e+00 1.184998460363810402e+00 8.078575208599411139e-01
5.466666666666665897e+00 1.184672191608910241e+00 8.114936829790139194e-01
5.467361111111110894e+00 1.188428861689939442e+00 8.146204811375112875e-01
5.468055555555555003e+00 1.189342471094243292e+00 8.173479012740644256e-01
5.468750000000000000e+00 1.189442347786058063e+00 8.207177779698597853e-01
5.469444444444444109e+00 1.191898061111392515e+00 8.238093520826208493e-01
5.470138888888889106e+00 1.194254945100166720e+00 8.268390055917734793e-01
5.470833333333334103e+00 1.197917402122382846e+00 8.296858578637588133e-01
5.471527777777777324e+00 1.198341667783677345e+00 8.330969166542491200e-01
5.472222222222222321e+00 1.201014708771171779e+00 8.361614180220771075e-01
5.472916666666666430e+00 1.206152504972574313e+00 8.387998365124501587e-01
5.473611111111111427e+00 1.206886925211723582e+00 8.419465122080612707e-01
5.474305555555555536e+00 1.208656066738081014e+00 8.452750206350684303e-01
5.475000000000000533e+00 1.210154227009039962e+00 8.478110066341248974e-01
5.475694444444443754e+00 1.212214167372405393e+00 8.508805577206901560e-01
5.476388888888888751e+00 1.214703506459358984e+00 8.540608646632493750e-01
5.477083333333332860e+00 1.217196901776674167e+00 8.567379530959737810e-01
5.477777777777777857e+00 1.217851106720904797e+00 8.601589185066014220e-01
5.478472222222221966e+00 1.220883659129222698e+00 8.631582771606745030e-01
5.479166666666666963e+00 1.223408072688656256e+00 8.655567898583554909e-01
5.479861111111110183e+00 1.224788003688107807e+00 8.686444859916848671e-01
5.480555555555555181e+00 1.226246133651003323e+00 8.720385909600524288e-01
5.481250000000000178e+00 1.229883819110860310e+00 8.746974890875806041e-01
5.481944444444444287e+00 1.233231905455568933e+00 8.776878407239797619e-01
5.482638888888889284e+00 1.233805937959031596e+00 8.812203891644293519e-01
5.483333333333333393e+00 1.236231326118928386e+00 8.840409425471490446e-01
5.484027777777778390e+00 1.238910701858606744e+00 8.867994913135710533e-01
5.484722222222221610e+00 1.239352690527600886e+00 8.896320406726532237e-01
5.485416666666666607e+00 1.242206560230781465e+00 8.932218074083028148e-01
5.486111111111110716e+00 1.244116419567493415e+00 8.967639257540378495e-01
5.486805555555555713e+00 1.245459089726657975e+00 8.988269719264553315e-01
5.487499999999999822e+00 1.246441436361789945e+00 9.019288975394595953e-01
5.488194444444444819e+00 1.248466342870803381e+00 9.055272056396080904e-01
5.488888888888888040e+00 1.250308320012281982e+00 9.075743927167113645e-01
5.489583333333333037e+00 1.250823219866641800e+00 9.105628174197242242e-01
5.490277777777777146e+00 1.253536438545438836e+00 9.142712912812194226e-01
5.490972222222222143e+00 1.256165264848644547e+00 9.166696507015299478e-01
5.491666666666667140e+00 1.257043153171323757e+00 9.191851506783074166e-01
5.492361111111111249e+00 1.257699165680887132e+00 9.225578863323909973e-01
5.493055555555556246e+00 1.260323238712974803e+00 9.250622523201035285e-01
5.493749999999999467e+00 1.261988780396682941e+00 9.269601641080020826e-01
5.494444444444444464e+00 1.263806133195698456e+00 9.298540763517371133e-01
5.495138888888888573e+00 1.265004431296329557e+00 9.330094673799214089e-01
5.495833333333333570e+00 1.266843052088570509e+00 9.342824799324084273e-01
5.496527777777777679e+00 1.268926671775152837e+00 9.370087980998526023e-01
5.497222222222222676e+00 1.269113522294913032e+00 9.408157522303688403e-01
5.497916666666665897e+00 1.270836184243287814e+00 9.436804219579582043e-01
5.498611111111110894e+00 1.273211773715259509e+00 9.469116890768618511e-01
5.499305555555555003e+00 1.274789947856149075e+00 9.506861123105563305e-01
5.500000000000000000e+00 1.275348112085302521e+00 9.540020784268936627e-01
5.500694444444444109e+00 1.277736341655068220e+00 9.558755115049086815e-01
5.501388888888889106e+00 1.279159586078958410e+00 9.585986919552061947e-01
5.502083333333334103e+00 1.279840684279871965e+00 9.611760281573658027e-01
5.502777777777777324e+00 1.281386463356868566e+00 9.629338954436440501e-01
5.503472222222222321e+00 1.283726333137518161e+00 9.664074625084472236e-01
5.504166666666666430e+00 1.283539937777621986e+00 9.694436539625667093e-01
5.504861111111111427e+00 1.284694844972707806e+00 9.720018242890768878e-01
5.505555555555555536e+00 1.286304987154311297e+00 9.745939704733023179e-01
5.506250000000000533e+00 1.288372975596702386e+00 9.762701062079135461e-01
5.506944444444443754e+00 1.289392063554790857e+00 9.794935371094248833e-01
5.507638888888888751e+00 1.291544295602940373e+00 9.825449132404905361e-01
5.508333333333332860e+00 1.293268144801044794e+00 9.849386912735104138e-01
5.509027777777777857e+00 1.292163452253909384e+00 9.871393414617345430e-01
5.509722222222221966e+00 1.293750672207516494e+00 9.899106911969516309e-01
5.510416666666666963e+00 1.297537586370568041e+00 9.928681882191703334e-01
5.511111111111110183e+00 1.243427823170448754e+00 9.938773219405774295e-01
5.511805555555555181e+00 1.195738105364567927e+00 9.923734893030254911e-01
5.512500000000000178e+00 1.124668093795316182e+00 9.869339360098544622e-01
5.513194444444444287e+00 1.080716810649225978e+00 9.768022084264785798e-01
5.513888888888889284e+00 9.980559370507028349e-01 9.622048702806164089e-01
5.514583333333333393e+00 9.544022514619785458e-01 9.444350605683893285e-01
5.515277777777778390e+00 9.160729667155627087e-01 9.256255328109077585e-01
5.515972222222221610e+00 8.620582108853592773e-01 9.069027116863750404e-01
5.516666666666666607e+00 8.524998560862907526e-01 8.882482737420569485e-01
5.517361111111110716e+00 9.177873052686128519e-01 8.694953687390274411e-01
5.518055555555555713e+00 8.874375729221293252e-01 8.510544306335727782e-01
5.518749999999999822e+00 8.871972771828064985e-01 8.336815971957762805e-01
5.519444444444444819e+00 8.710644000918661423e-01 8.181796116453009526e-01
5.520138888888888040e+00 8.624187045811666508e-01 8.048930333392505521e-01
5.520833333333333037e+00 8.540337544824083693e-01 7.936393020194555392e-01
5.521527777777777146e+00 8.362023259680413378e-01 7.844189000086201347e-01
5.522222222222222143e+00 8.935914718267009560e-01 7.768789892935104024e-01
5.522916666666667140e+00 9.366567696292867895e-01 7.713495910657349741e-01
5.523611111111111249e+00 9.711969674785034812e-01 7.681121044045783330e-01
5.524305555555556246e+00 1.013843997333349511e+00 7.669200191838217995e-01
5.524999999999999467e+00 1.093005660457476491e+00 7.682076926103630354e-01
5.525694444444444464e+00 1.133262365835022711e+00 7.715903310457680186e-01
5.526388888888888573e+00 1.217275975261958409e+00 7.779644494011114242e-01
5.527083333333333570e+00 1.263823311633655244e+00 7.880493575117037963e-01
5.527777777777777679e+00 1.330807291773999257e+00 8.010100556526521531e-01
5.528472222222222676e+00 1.330075785780867825e+00 8.160571431576109092e-01
5.529166666666665897e+00 1.334423504478545741e+00 8.305606520312889263e-01
5.529861111111110894e+00 1.336681933341653084e+00 8.441113998221592141e-01
5.530555555555555003e+00 1.342135322073618964e+00 8.549778266922790637e-01
5.531250000000000000e+00 1.338268011738234842e+00 8.635248059288511691e-01
5.531944444444444109e+00 1.331887544740860241e+00 8.712356265780660802e-01
5.532638888888889106e+00 1.333279518420883658e+00 8.779999411559810119e-01
5.533333333333334103e+00 1.332357097675813673e+00 8.847453847490065471e-01
5.534027777777777324e+00 1.331554216121495049e+00 8.906687070881749158e-01
5.534722222222222321e+00 1.329538545033201791e+00 8.965959774770084767e-01
5.535416666666666430e+00 1.328481516116972294e+00 9.016381514191896818e-01
5.536111111111111427e+00 1.328167465954909865e+00 9.066197379056671890e-01
5.536805555555555536e+00 1.327279518314539164e+00 9.119276531839322075e-01
5.537500000000000533e+00 1.327571550313824567e+00 9.163252845370962740e-01
5.538194444444443754e+00 1.327812241035245755e+00 9.208672704466938086e-01
5.538888888888888751e+00 1.277567246033351145e+00 9.250325581042809775e-01
5.539583333333332860e+00 1.232180184761130226e+00 9.257665374158229321e-01
5.540277777777777857e+00 1.173520102527677134e+00 9.225309240502018726e-01
5.540972222222221966e+00 1.113681072811971706e+00 9.154414709543310380e-01
5.541666666666666963e+00 1.067179336172212611e+00 9.046011867525542982e-01
5.542361111111110183e+00 1.003959207768944095e+00 8.908724076152879645e-01
5.543055555555555181e+00 9.685084466127928948e-01 8.759761712302630565e-01
5.543750000000000178e+00 9.249903536148125216e-01 8.602638931003220302e-01
5.544444444444444287e+00 8.663701171111382049e-01 8.441443753464517030e-01
5.545138888888889284e+00 9.021118063784429042e-01 8.276051478610594314e-01
5.545833333333333393e+00 8.854525055741779838e-01 8.111438975058914425e-01
5.546527777777778390e+00 8.675858703284932139e-01 7.961154050848295860e-01
5.547222222222221610e+00 8.862476338766394068e-01 7.832665896404420458e-01
5.547916666666666607e+00 9.124053796794769911e-01 7.730381797667261745e-01
5.548611111111110716e+00 9.440222927906144479e-01 7.654936815245676485e-01
5.549305555555555713e+00 8.916538531007756063e-01 7.595530160334237335e-01
5.549999999999999822e+00 8.788695307520684175e-01 7.531075619908741414e-01
5.550694444444444819e+00 9.532555889981119135e-01 7.441485021495461982e-01
5.551388888888888040e+00 8.649215621973667112e-01 7.326120341384797507e-01
5.552083333333333037e+00 8.426620635940889059e-01 7.190441636238964485e-01
5.552777777777777146e+00 8.461694031721685993e-01 7.040646780746939726e-01
5.553472222222222143e+00 8.408616685841946436e-01 6.890579803561029948e-01
5.554166666666667140e+00 8.618329714415225995e-01 6.763935015387578797e-01
5.554861111111111249e+00 8.811390322148485721e-01 6.660752131795627529e-01
5.555555555555556246e+00 8.953423795400562435e-01 6.574813197693811784e-01
5.556249999999999467e+00 8.897279453918087722e-01 6.506444431820241903e-01
5.556944444444444464e+00 8.914262063053540741e-01 6.444819780303598922e-01
5.557638888888888573e+00 8.892002428296015282e-01 6.384725710251472064e-01
5.558333333333333570e+00 8.859299420401316461e-01 6.325594087465618021e-01
5.559027777777777679e+00 8.791143730562781533e-01 6.268530409773979128e-01
5.559722222222222676e+00 8.957887508577360158e-01 6.211763933969340901e-01
5.560416666666665897e+00 8.722070112865709657e-01 6.150560411866190513e-01
5.561111111111110894e+00 8.377889039354589062e-01 6.079717875159426077e-01
5.561805555555555003e+00 8.145673571556215631e-01 5.996853059768273431e-01
5.562500000000000000e+00 8.139452221390275355e-01 5.904332584746005974e-01
5.563194444444444109e+00 9.071156798510444652e-01 5.817154523508707431e-01
5.563888888888889106e+00 8.707835085065055436e-01 5.763125536386963788e-01
5.564583333333334103e+00 1.086614408276824983e+00 5.771578053669060848e-01
5.565277777777777324e+00 1.138118846028392639e+00 5.850862897736446300e-01
5.565972222222222321e+00 1.255900001910381647e+00 5.998666688534679547e-01
5.566666666666666430e+00 1.280003759594138035e+00 6.199330388589965324e-01
5.567361111111111427e+00 1.294769585527079547e+00 6.398531826968248959e-01
5.568055555555555536e+00 1.310816302013201762e+00 6.575571779377472614e-01
5.568750000000000533e+00 1.315220788419516396e+00 6.725763775405523281e-01
5.569444444444443754e+00 1.316425232584109706e+00 6.839171863256763295e-01
5.570138888888888751e+00 1.314186447147647430e+00 6.934493377514886481e-01
5.570833333333332860e+00 1.315358060858761835e+00 7.022691780997670774e-01
5.571527777777777857e+00 1.315571050319781499e+00 7.104120695528172158e-01
5.572222222222221966e+00 1.313729795858993965e+00 7.184141137404879141e-01
5.572916666666666963e+00 1.312157815856264564e+00 7.257958374170354610e-01
5.573611111111110183e+00 1.312529029769884614e+00 7.322138314036829021e-01
5.574305555555555181e+00 1.313801296233155780e+00 7.389681294216339236e-01
5.575000000000000178e+00 1.313474393634255666e+00 7.454494176640167336e-01
5.575694444444444287e+00 1.314930598294667297e+00 7.506800707295516739e-01
5.576388888888889284e+00 1.315652610526548250e+00 7.564661926309094175e-01
5.577083333333333393e+00 1.315859825592774923e+00 7.624324513333877729e-01
5.577777777777778390e+00 1.315075040792860861e+00 7.672595978263435645e-01
5.578472222222221610e+00 1.315977008317424701e+00 7.723671082553617007e-01
5.579166666666666607e+00 1.318430172609147855e+00 7.772027556400391557e-01
5.579861111111110716e+00 1.317568447461478609e+00 7.821684343711665655e-01
5.580555555555555713e+00 1.252488784883841522e+00 7.856895795914362601e-01
5.581249999999999822e+00 1.193140314625939169e+00 7.859413603662147585e-01
5.581944444444444819e+00 1.112614520766940895e+00 7.818616437653169715e-01
5.582638888888888040e+00 1.034386579790888883e+00 7.725575005030568265e-01
5.583333333333333037e+00 9.365362335378120129e-01 7.589108619131539335e-01
5.584027777777777146e+00 1.025975721130774287e+00 7.435269731002630555e-01
5.584722222222222143e+00 1.117871514873759020e+00 7.305243783531394364e-01
5.585416666666667140e+00 1.159061878056201644e+00 7.233775751896133199e-01
5.586111111111111249e+00 1.258356229411538685e+00 7.251432647362033856e-01
5.586805555555556246e+00 1.306065188607936411e+00 7.337252954236144209e-01
5.587499999999999467e+00 1.329636706758523523e+00 7.434493925904167577e-01
5.588194444444444464e+00 1.326731831666562611e+00 7.559979671249414945e-01
5.588888888888888573e+00 1.333357852395760323e+00 7.676942237733335173e-01
5.589583333333333570e+00 1.339990193403922447e+00 7.756992984590076468e-01
5.590277777777777679e+00 1.338246231337877568e+00 7.830440507108988868e-01
5.590972222222222676e+00 1.332531583993253221e+00 7.886511607045251226e-01
5.591666666666665897e+00 1.333774228111192173e+00 7.933864828325436491e-01
5.592361111111110894e+00 1.336644845186248931e+00 7.986441207667631659e-01
5.593055555555555003e+00 1.334093315145252978e+00 8.032536262509032410e-01
5.593750000000000000e+00 1.330824263250245165e+00 8.077757073652885866e-01
5.594444444444444109e+00 1.333462069174884856e+00 8.119494343759230404e-01
5.595138888888889106e+00 1.331137660951138058e+00 8.157644666653885990e-01
5.595833333333334103e+00 1.331877715698954523e+00 8.200894714932032148e-01
5.596527777777777324e+00 1.332893997397696983e+00 8.235781513082542915e-01
5.597222222222222321e+00 1.332827505185088190e+00 8.269733789062401197e-01
5.597916666666666430e+00 1.331465654491855721e+00 8.304994622693040451e-01
5.598611111111111427e+00 1.332909958230491965e+00 8.341097787614045744e-01
5.599305555555555536e+00 1.331657903596107140e+00 8.374225052835695404e-01
5.600000000000000533e+00 1.330387431650076779e+00 8.403787863234594147e-01
5.600694444444443754e+00 1.330568437750187849e+00 8.438412997017221695e-01
5.601388888888888751e+00 1.332508201309541507e+00 8.469341692709876357e-01
5.602083333333332860e+00 1.331908260987371362e+00 8.500828976424010808e-01
5.602777777777777857e+00 1.332213415033892900e+00 8.529327884486578304e-01
5.603472222222221966e+00 1.332852590993893527e+00 8.559520010337681173e-01
5.604166666666666963e+00 1.332112875251667328e+00 8.587007498218578450e-01
5.604861111111110183e+00 1.331253558212557975e+00 8.615862661515070187e-01
5.605555555555555181e+00 1.333728536489670713e+00 8.643023764996112801e-01
5.606250000000000178e+00 1.333238991552812669e+00 8.669459022400527459e-01
5.606944444444444287e+00 1.333048234460457504e+00 8.694118856630088654e-01
5.607638888888889284e+00 1.333788590150871922e+00 8.725136553101859871e-01
5.608333333333333393e+00 1.333891387336040069e+00 8.753671855095489507e-01
5.609027777777778390e+00 1.333678645545874453e+00 8.773854921960648756e-01
5.609722222222221610e+00 1.334811459845502535e+00 8.805261463129611110e-01
5.610416666666666607e+00 1.335250424034328587e+00 8.825072328020230339e-01
5.611111111111110716e+00 1.334315533747658655e+00 8.840683593206664082e-01
5.611805555555555713e+00 1.302046822004288229e+00 8.866658928727546574e-01
5.612499999999999822e+00 1.275616890319416497e+00 8.878719808287116599e-01
5.613194444444444819e+00 1.244656328636699172e+00 8.856774165777361318e-01
5.613888888888888040e+00 1.194394127676576156e+00 8.806670499310595979e-01
5.614583333333333037e+00 1.166252897808796707e+00 8.739184047634117602e-01
5.615277777777777146e+00 1.148932035852151756e+00 8.653905438826315910e-01
5.615972222222222143e+00 1.119973706482151998e+00 8.560997601310591509e-01
5.616666666666667140e+00 1.087951851637923628e+00 8.463676094092433821e-01
5.617361111111111249e+00 1.056410959246914860e+00 8.360917303207465734e-01
5.618055555555556246e+00 1.025396605990744003e+00 8.256328577933270685e-01
5.618749999999999467e+00 9.653938135149042754e-01 8.144380976115588311e-01
5.619444444444444464e+00 8.877667221056925184e-01 8.014183801051673051e-01
5.620138888888888573e+00 9.861018385853707047e-01 7.863993044620186668e-01
5.620833333333333570e+00 8.587532117695996225e-01 7.693424142363998186e-01
5.621527777777777679e+00 8.934222189898450850e-01 7.500590072573762868e-01
5.622222222222222676e+00 8.805537370022096244e-01 7.297898210249017525e-01
5.622916666666665897e+00 8.667186441986062251e-01 7.091901092083147118e-01
5.623611111111110894e+00 8.535953449742822441e-01 6.918004760972121803e-01
5.624305555555555003e+00 8.404913623029891534e-01 6.771967880272509177e-01
5.625000000000000000e+00 8.296292496501681546e-01 6.639636670440289823e-01
5.625694444444444109e+00 8.551145599261154029e-01 6.516811000127080700e-01
5.626388888888889106e+00 8.337115691475386337e-01 6.377651354906155312e-01
5.627083333333334103e+00 8.523593422225008709e-01 6.217026527556096527e-01
5.627777777777777324e+00 7.464538845146673207e-01 6.026677052781291843e-01
5.628472222222222321e+00 7.279266784484759167e-01 5.810655588620831091e-01
5.629166666666666430e+00 7.672828674446526831e-01 5.590029820557048668e-01
5.629861111111111427e+00 7.834047193721621616e-01 5.407222645801996741e-01
5.630555555555555536e+00 7.420468674193861913e-01 5.285654328846365324e-01
5.631250000000000533e+00 7.787313001834262893e-01 5.233018797464766836e-01
5.631944444444443754e+00 7.494622661556467058e-01 5.240706630438576319e-01
5.632638888888888751e+00 7.679889176662781924e-01 5.291864441465032876e-01
5.633333333333332860e+00 8.123799202936230479e-01 5.322731177821341531e-01
5.634027777777777857e+00 7.506509697868433140e-01 5.306874707767075261e-01
5.634722222222221966e+00 8.020823819883357020e-01 5.234210845805109535e-01
5.635416666666666963e+00 7.915150122665106647e-01 5.094317129677475853e-01
5.636111111111110183e+00 7.787783272772740295e-01 4.927897312742162694e-01
5.636805555555555181e+00 7.522939852299554975e-01 4.775574011222208926e-01
5.637500000000000178e+00 7.473357474455583072e-01 4.654203970646755284e-01
5.638194444444444287e+00 7.363572566709939426e-01 4.568262680798028663e-01
5.638888888888889284e+00 7.126011458761263295e-01 4.515458548782650405e-01
5.639583333333333393e+00 7.180408427454401110e-01 4.482829958143739191e-01
5.640277777777778390e+00 7.202276011903607777e-01 4.452523314254798192e-01
5.640972222222221610e+00 7.227151509013023389e-01 4.416650042281390909e-01
5.641666666666666607e+00 7.246243786511923357e-01 4.371648855610447137e-01
5.642361111111110716e+00 7.276029768166928369e-01 4.317366269800369527e-01
5.643055555555555713e+00 7.341436705156909603e-01 4.258605908955036545e-01
5.643749999999999822e+00 7.362744479981206958e-01 4.198153594319283810e-01
5.644444444444444819e+00 7.360931156620404980e-01 4.135770574943939959e-01
5.645138888888888040e+00 7.335950005869900092e-01 4.070898276826154794e-01
5.645833333333333037e+00 7.290971286311500599e-01 4.003309765040965473e-01
5.646527777777777146e+00 7.063082935651479044e-01 3.940780583058686726e-01
5.647222222222222143e+00 7.481748121650780847e-01 3.897369137869460265e-01
5.647916666666667140e+00 7.166505476894728943e-01 3.884757000961455153e-01
5.648611111111111249e+00 8.086124746806016006e-01 3.901069415815768271e-01
5.649305555555556246e+00 8.731765337646185676e-01 3.949232447190600959e-01
5.649999999999999467e+00 9.340388054952964980e-01 4.018596861381966701e-01
5.650694444444444464e+00 9.689081102587858707e-01 4.104445038456228656e-01
5.651388888888888573e+00 1.003990494218631735e+00 4.202437721852779196e-01
5.652083333333333570e+00 1.055721600230313584e+00 4.297148885316364186e-01
5.652777777777777679e+00 1.100823814593659300e+00 4.395322536317063933e-01
5.653472222222222676e+00 1.044328054761490820e+00 4.484940418133942508e-01
5.654166666666665897e+00 1.010421611810302434e+00 4.552913392359528855e-01
5.654861111111110894e+00 9.365295327442906270e-01 4.583837105214323970e-01
5.655555555555555003e+00 8.748046519216706729e-01 4.568510537590652620e-01
5.656250000000000000e+00 8.055318538563953634e-01 4.515107130862632823e-01
5.656944444444444109e+00 8.458531132226430049e-01 4.439577418472848702e-01
5.657638888888889106e+00 8.335518953646058327e-01 4.362585384868903349e-01
5.658333333333334103e+00 8.854993623147595638e-01 4.294484126998682205e-01
5.659027777777777324e+00 9.041133737615658639e-01 4.251687706345599893e-01
5.659722222222222321e+00 9.308707751738974912e-01 4.239050059379271818e-01
5.660416666666666430e+00 8.856446857543373019e-01 4.239303839830652620e-01
5.661111111111111427e+00 8.292655414320084795e-01 4.229977094380470426e-01
5.661805555555555536e+00 8.767545356285963987e-01 4.199382953470907065e-01
5.662500000000000533e+00 8.750930714466294003e-01 4.144101316579079652e-01
5.663194444444443754e+00 7.868797456088486575e-01 4.062781368862375397e-01
5.663888888888888751e+00 8.570980457495427363e-01 3.959561877546323161e-01
5.664583333333332860e+00 8.109200676262670049e-01 3.840186889091360967e-01
5.665277777777777857e+00 8.242970312327896343e-01 3.709858249792637452e-01
5.665972222222221966e+00 7.367215026617111029e-01 3.564714803345066518e-01
5.666666666666666963e+00 6.824411200737845462e-01 3.407379374380863912e-01
5.667361111111110183e+00 7.206049861630325903e-01 3.248671129094306553e-01
5.668055555555555181e+00 6.615618676663519437e-01 3.097590672682905555e-01
5.668750000000000178e+00 6.689860357422861004e-01 2.966711645487416504e-01
5.669444444444444287e+00 6.570778605515609216e-01 2.853973347317980136e-01
5.670138888888889284e+00 6.418260721904263111e-01 2.760903873019789900e-01
5.670833333333333393e+00 6.269459984874053982e-01 2.680687203242334560e-01
5.671527777777778390e+00 6.194272158203817380e-01 2.607149043221033136e-01
5.672222222222221610e+00 6.078517806616758890e-01 2.536206834710377778e-01
5.672916666666666607e+00 6.009072550246291611e-01 2.469283548788170080e-01
5.673611111111110716e+00 5.959938176292757239e-01 2.404431330036173597e-01
5.674305555555555713e+00 6.144268980484469678e-01 2.345362097050247563e-01
5.674999999999999822e+00 6.254546507959453105e-01 2.294761155020710597e-01
5.675694444444444819e+00 5.976921659428469091e-01 2.255943664348636912e-01
5.676388888888888040e+00 6.044439436516811925e-01 2.231226429501452224e-01
5.677083333333333037e+00 6.019465082305756054e-01 2.218721388809384854e-01
5.677777777777777146e+00 6.069724002505818561e-01 2.210972510147416192e-01
5.678472222222222143e+00 6.052614500185258262e-01 2.197713373392856939e-01
5.679166666666667140e+00 6.127051335367601492e-01 2.171411100865377475e-01
5.679861111111111249e+00 6.128591412039546826e-01 2.131198216773612097e-01
5.680555555555556246e+00 5.713493469101587063e-01 2.076974727047881386e-01
5.681249999999999467e+00 6.069771130848288232e-01 2.017971743910158822e-01
5.681944444444444464e+00 5.769641255300895777e-01 1.966731465922336441e-01
5.682638888888888573e+00 5.776604504129563278e-01 1.933776746051420192e-01
5.683333333333333570e+00 5.682159675481011085e-01 1.919862278274247214e-01
5.684027777777777679e+00 5.588391646734520712e-01 1.922968749444229630e-01
5.684722222222222676e+00 6.366626667816783769e-01 1.942497890085807810e-01
5.685416666666665897e+00 5.670912044409083252e-01 1.974362006451392815e-01
5.686111111111110894e+00 6.563614971914182306e-01 2.016529066379650625e-01
5.686805555555555003e+00 7.106105558791419030e-01 2.069178953125909715e-01
5.687500000000000000e+00 7.723896075538682071e-01 2.133429474023358086e-01
5.688194444444444109e+00 8.105748332915403420e-01 2.208799491620640210e-01
5.688888888888889106e+00 8.387350474749576401e-01 2.288236395678128476e-01
5.689583333333334103e+00 8.674195057449342050e-01 2.367394002733512470e-01
5.690277777777777324e+00 8.956401910557055812e-01 2.443258733285712525e-01
5.690972222222222321e+00 9.264318935915126785e-01 2.516239007525541416e-01
5.691666666666666430e+00 9.423796406619761035e-01 2.588189551546606348e-01
5.692361111111111427e+00 9.550728385876119386e-01 2.656162788762935767e-01
5.693055555555555536e+00 9.680771712351300406e-01 2.720983409704429978e-01
5.693750000000000533e+00 9.803170489980409519e-01 2.779626179020939780e-01
5.694444444444443754e+00 9.925977823778022735e-01 2.831975547314107278e-01
5.695138888888888751e+00 9.987062654909342196e-01 2.880709546096617002e-01
5.695833333333332860e+00 1.002521998550272242e+00 2.926743373458738362e-01
5.696527777777777857e+00 1.006702074612125797e+00 2.970191390050929137e-01
5.697222222222221966e+00 1.015680662129323064e+00 3.009471295780107303e-01
5.697916666666666963e+00 1.029921407729379013e+00 3.047349145661472081e-01
5.698611111111110183e+00 1.009054606594684600e+00 3.079418119972033296e-01
5.699305555555555181e+00 9.847310291721392828e-01 3.099222175974192806e-01
5.700000000000000178e+00 9.327520415957263333e-01 3.103361140967347276e-01
5.700694444444444287e+00 8.924621447568507060e-01 3.089188733737420200e-01
5.701388888888889284e+00 8.571627067024046864e-01 3.059238573485733581e-01
5.702083333333333393e+00 8.985902536779157845e-01 3.022436053478781415e-01
5.702777777777778390e+00 9.399592596464045879e-01 2.989378069370274837e-01
5.703472222222221610e+00 9.867873804395732584e-01 2.975601509826017455e-01
5.704166666666666607e+00 1.025775990850952279e+00 2.987057961112529192e-01
5.704861111111110716e+00 1.050257107491878505e+00 3.021943072959896170e-01
5.705555555555555713e+00 1.014421256532903381e+00 3.066387282724097330e-01
5.706249999999999822e+00 9.332235957916050761e-01 3.094452549373573613e-01
5.706944444444444819e+00 8.781379533637092560e-01 3.093645252100908349e-01
5.707638888888888040e+00 8.058931940862739118e-01 3.064178961567569637e-01
5.708333333333333037e+00 9.060293869770739139e-01 3.006045216436964429e-01
5.709027777777777146e+00 7.621743436596237764e-01 2.918935678045485038e-01
5.709722222222222143e+00 8.303595213681873588e-01 2.806703065156660459e-01
5.710416666666667140e+00 8.224380474735983881e-01 2.695126976373072303e-01
5.711111111111111249e+00 7.565908377949996932e-01 2.572144298924175509e-01
5.711805555555556246e+00 7.329712416528514352e-01 2.440549808708303015e-01
5.712499999999999467e+00 6.874642982055210183e-01 2.308417361561820036e-01
5.713194444444444464e+00 7.257860913939602199e-01 2.193351286090870766e-01
5.713888888888888573e+00 7.198236489975533559e-01 2.103727581341775510e-01
5.714583333333333570e+00 7.036628332103822547e-01 2.042740824791449417e-01
5.715277777777777679e+00 6.905213936261400676e-01 2.010054809994155922e-01
5.715972222222222676e+00 6.907827427198198755e-01 1.993950545847957834e-01
5.716666666666665897e+00 6.892324696989935440e-01 1.981004236897836168e-01
5.717361111111110894e+00 6.860364696986261945e-01 1.961901243230458058e-01
5.718055555555555003e+00 6.837687471437444708e-01 1.932026808698022735e-01
5.718750000000000000e+00 6.803818314731630013e-01 1.894414206610149920e-01
5.719444444444444109e+00 6.777719720610936305e-01 1.855807669805619176e-01
5.720138888888889106e+00 6.794001473908872768e-01 1.824865538431379441e-01
5.720833333333334103e+00 6.650009455069203490e-01 1.803899271661922876e-01
5.721527777777777324e+00 6.580816666946479598e-01 1.795260695578904664e-01
5.722222222222222321e+00 7.142657866338197881e-01 1.799581403214465525e-01
5.722916666666666430e+00 7.080069964324665621e-01 1.812322586805150681e-01
5.723611111111111427e+00 7.132122397904644417e-01 1.825393416047095263e-01
5.724305555555555536e+00 7.150872715641694022e-01 1.834865547661091723e-01
5.725000000000000533e+00 7.177923321330583750e-01 1.838899460414947507e-01
5.725694444444443754e+00 7.206350258416760468e-01 1.838105770961423746e-01
5.726388888888888751e+00 7.104424011517688209e-01 1.834217994902403726e-01
5.727083333333332860e+00 6.981986657269233509e-01 1.827032961367694719e-01
5.727777777777777857e+00 6.929019234667977978e-01 1.816561945447615067e-01
5.728472222222221966e+00 6.921220572937009097e-01 1.802712163912898458e-01
5.729166666666666963e+00 6.940193683452933193e-01 1.785485186069747099e-01
5.729861111111110183e+00 7.066157867985098928e-01 1.768799547135593009e-01
5.730555555555555181e+00 7.647306156859384751e-01 1.759962184851570077e-01
5.731250000000000178e+00 6.829904903572886488e-01 1.766133760583563361e-01
5.731944444444444287e+00 8.054740674277066637e-01 1.792050174474110746e-01
5.732638888888889284e+00 8.377537115437386772e-01 1.831908328802920594e-01
5.733333333333333393e+00 8.439411025760770180e-01 1.885203283423373399e-01
5.734027777777778390e+00 8.564911546191371627e-01 1.939682836873279914e-01
5.734722222222221610e+00 8.646290730171062311e-01 1.984818371851640728e-01
5.735416666666666607e+00 8.701225260026465014e-01 2.021490922148035940e-01
5.736111111111110716e+00 8.720070016064810359e-01 2.048815447700748915e-01
5.736805555555555713e+00 8.737424429322385722e-01 2.070075534164231013e-01
5.737499999999999822e+00 8.762516671391542555e-01 2.088615462986346816e-01
5.738194444444444819e+00 8.764076387873979135e-01 2.105652718070905038e-01
5.738888888888888040e+00 8.765797005050011137e-01 2.120354823020457191e-01
5.739583333333333037e+00 8.757095245067171296e-01 2.132497035117643103e-01
5.740277777777777146e+00 8.768806866758948049e-01 2.142712703992037671e-01
5.740972222222222143e+00 8.747113515511977244e-01 2.151507523826927115e-01
5.741666666666667140e+00 8.715804625838573516e-01 2.158596285676844251e-01
5.742361111111111249e+00 8.715941360912567992e-01 2.163756874234861460e-01
5.743055555555556246e+00 8.717368611655796906e-01 2.167505685241097324e-01
5.743749999999999467e+00 8.680798138762430005e-01 2.170004566305982485e-01
5.744444444444444464e+00 8.647495276066655689e-01 2.171776400975188592e-01
5.745138888888888573e+00 8.624052650169772294e-01 2.172269223891428180e-01
5.745833333333333570e+00 8.590965535263029862e-01 2.171311975056366139e-01
5.746527777777777679e+00 8.521622101316752573e-01 2.169577640023735154e-01
5.747222222222222676e+00 8.471847632148774565e-01 2.167144215555011633e-01
5.747916666666665897e+00 8.445847772535030051e-01 2.163745932425238661e-01
5.748611111111110894e+00 8.431901367948011483e-01 2.159558935316530093e-01
5.749305555555555003e+00 8.387646428386091868e-01 2.154633775876843571e-01
5.750000000000000000e+00 8.358461881153628203e-01 2.148795048997697854e-01
5.750694444444444109e+00 8.327713138742907084e-01 2.142292103650993429e-01
5.751388888888889106e+00 8.289093732235032208e-01 2.135338609448719227e-01
5.752083333333334103e+00 8.262859325605782512e-01 2.127366333894231687e-01
5.752777777777777324e+00 8.280769390701185895e-01 2.118354856451144519e-01
5.753472222222222321e+00 8.311476120851921667e-01 2.108629156333796106e-01
5.754166666666666430e+00 8.530881614561011128e-01 2.096863651847573895e-01
5.754861111111111427e+00 8.736731913540551897e-01 2.081273319511612874e-01
5.755555555555555536e+00 8.518119700523929527e-01 2.060328513761538194e-01
5.756250000000000533e+00 8.126411172531547988e-01 2.033598964041768431e-01
5.756944444444443754e+00 7.916119793744217370e-01 2.001151641571310424e-01
5.757638888888888751e+00 7.943511256601960557e-01 1.964408269639545679e-01
5.758333333333332860e+00 8.006883130263823256e-01 1.925282993081820215e-01
5.759027777777777857e+00 7.986751624862582499e-01 1.883436971012633632e-01
5.759722222222221966e+00 7.866882876872141050e-01 1.838371043021306273e-01
5.760416666666666963e+00 7.743729521337745503e-01 1.791211505500648893e-01
5.761111111111110183e+00 7.638825034940801562e-01 1.744189761613351430e-01
5.761805555555555181e+00 7.551906159836155874e-01 1.698277028235896657e-01
5.762500000000000178e+00 7.494628767763213961e-01 1.653695683069517086e-01
5.763194444444444287e+00 7.413943081891296583e-01 1.610650677766747585e-01
5.763888888888889284e+00 7.333336505588893273e-01 1.569079128154413083e-01
5.764583333333333393e+00 7.217817976552243220e-01 1.529226481720602215e-01
5.765277777777778390e+00 7.130447069488713430e-01 1.491524023544750777e-01
5.765972222222221610e+00 7.058120405971469724e-01 1.456669676065416308e-01
5.766666666666666607e+00 6.958343282019325837e-01 1.425045231729899220e-01
5.767361111111110716e+00 6.876400787325459563e-01 1.396280250951295876e-01
5.768055555555555713e+00 6.911212517518219300e-01 1.368240693186030810e-01
5.768749999999999822e+00 6.758684770409441045e-01 1.337351922840386009e-01
5.769444444444444819e+00 6.293000050795916067e-01 1.301359239700085602e-01
5.770138888888888040e+00 6.161743448828198577e-01 1.259823766797870948e-01
5.770833333333333037e+00 6.145533570766226195e-01 1.213295564717834923e-01
5.771527777777777146e+00 5.943100671843450922e-01 1.164273863088159944e-01
5.772222222222222143e+00 5.853885900672275433e-01 1.121956976191860605e-01
5.772916666666667140e+00 5.682716647043009051e-01 1.084869061488295400e-01
5.773611111111111249e+00 5.635855789016382955e-01 1.054885902905861872e-01
5.774305555555556246e+00 5.667870112324292498e-01 1.032654812337745198e-01
5.774999999999999467e+00 5.530696796051343123e-01 1.012985297495263975e-01
5.775694444444444464e+00 5.432452450240830011e-01 9.931279341116525106e-02
5.776388888888888573e+00 5.409048715624091841e-01 9.708213366092859065e-02
5.777083333333333570e+00 5.332386464711718066e-01 9.446746384467891167e-02
5.777777777777777679e+00 5.116246205815158099e-01 9.157918446394228140e-02
5.778472222222222676e+00 4.953329175855514799e-01 8.848762095641872494e-02
5.779166666666665897e+00 4.413067247911525159e-01 8.525325778641809626e-02
5.779861111111110894e+00 4.302219613212120986e-01 8.189171901308761603e-02
5.780555555555555003e+00 4.229305739158020772e-01 7.840282842462760471e-02
5.781250000000000000e+00 3.434051314012096512e-01 7.477311800528745056e-02
5.781944444444444109e+00 3.718513029673901071e-01 7.115383799956814803e-02
5.782638888888889106e+00 3.486918536934092150e-01 6.769653806773867633e-02
5.783333333333334103e+00 3.452589782512722194e-01 6.452461194432078384e-02
5.784027777777777324e+00 3.385079375017468473e-01 6.167342956159562600e-02
5.784722222222222321e+00 3.303852656138740462e-01 5.909013225390452595e-02
5.785416666666666430e+00 3.240234981603383746e-01 5.673826534033608870e-02
5.786111111111111427e+00 3.178110003071631384e-01 5.451835082454396797e-02
5.786805555555555536e+00 3.111084341061915448e-01 5.242465877149868336e-02
5.787500000000000533e+00 3.055328745757225350e-01 5.041930862805733826e-02
5.788194444444443754e+00 2.984650118021452969e-01 4.853757345456473360e-02
5.788888888888888751e+00 2.917219257381870601e-01 4.675046536019301230e-02
5.789583333333332860e+00 2.841354015144232914e-01 4.505407585161247397e-02
5.790277777777777857e+00 2.764672534382778268e-01 4.343472641873970946e-02
5.790972222222221966e+00 2.693308425544220230e-01 4.188231001904753337e-02
5.791666666666666963e+00 2.626312582752826641e-01 4.039738602638569959e-02
5.792361111111110183e+00 2.555218394459181086e-01 3.897249796117908255e-02
5.793055555555555181e+00 2.482068937821640675e-01 3.762674392966503661e-02
5.793750000000000178e+00 2.412980069196706545e-01 3.633548294264059980e-02
5.794444444444444287e+00 2.340831989987112449e-01 3.509882648826442852e-02
5.795138888888889284e+00 2.262050920424144296e-01 3.390744805285726693e-02
5.795833333333333393e+00 2.188177987919832368e-01 3.277560948688289927e-02
5.796527777777778390e+00 2.116233795400386808e-01 3.167872770594117732e-02
5.797222222222221610e+00 2.044205855812907535e-01 3.063031957285326096e-02
5.797916666666666607e+00 1.972334988007225509e-01 2.962424508391337669e-02
5.798611111111110716e+00 1.904594592814085330e-01 2.865724553826350107e-02
5.799305555555555713e+00 1.837125928949845943e-01 2.772522734455212801e-02
5.799999999999999822e+00 1.774052237271989130e-01 2.682376798812957999e-02
5.800694444444444819e+00 1.713492817880553354e-01 2.596017186921336858e-02
5.801388888888888040e+00 1.650901622911419842e-01 2.512526713016996135e-02
5.802083333333333037e+00 1.593609918164317074e-01 2.432569211831391368e-02
5.802777777777777146e+00 1.535741020964162540e-01 2.354632186962967236e-02
5.803472222222222143e+00 1.480610153090285153e-01 2.280432341722092582e-02
5.804166666666667140e+00 1.426727594058500026e-01 2.208402858333264121e-02
5.804861111111111249e+00 1.375698981527851139e-01 2.138657135599427925e-02
5.805555555555556246e+00 1.326679204566122150e-01 2.071290272934058277e-02
5.806249999999999467e+00 1.280447239398608827e-01 2.006401946240398207e-02
5.806944444444444464e+00 1.235946013886296685e-01 1.944019950812893305e-02
5.807638888888888573e+00 1.196149184086038320e-01 1.883295046338093887e-02
5.808333333333333570e+00 1.157445558378453337e-01 1.824693911427876028e-02
5.809027777777777679e+00 1.122151835394716163e-01 1.767752127007913426e-02
5.809722222222222676e+00 1.089035960204491893e-01 1.713220663423686493e-02
5.810416666666665897e+00 1.055774797434298612e-01 1.660002754872319519e-02
5.811111111111110894e+00 1.024537447628143805e-01 1.608862983566410054e-02
5.811805555555555003e+00 9.966893216628967822e-02 1.559049923277847603e-02
5.812500000000000000e+00 9.719561765138157172e-02 1.511407202362941710e-02
5.813194444444444109e+00 9.489505955504690116e-02 1.464875953040592482e-02
5.813888888888889106e+00 9.264449390348203361e-02 1.419843588083040745e-02
5.814583333333334103e+00 9.058038368266912999e-02 1.376227087251261083e-02
5.815277777777777324e+00 8.851967904153192068e-02 1.334032542638037902e-02
5.815972222222222321e+00 8.655079891553435489e-02 1.293210897511574108e-02
5.816666666666666430e+00 8.506049490022121740e-02 1.253408021342541576e-02
5.817361111111111427e+00 8.388754458781681744e-02 1.214956786947704592e-02
5.818055555555555536e+00 8.286246850685423382e-02 1.177560654537961222e-02
5.818750000000000533e+00 8.181872596014370946e-02 1.141700310549208057e-02
5.819444444444443754e+00 8.053255165869697974e-02 1.106730686625329203e-02
5.820138888888888751e+00 7.943680260717786434e-02 1.072924240011813996e-02
5.820833333333332860e+00 7.878270330152843670e-02 1.039643189960725092e-02
5.821527777777777857e+00 7.826352005290641844e-02 1.007705584193140103e-02
5.822222222222221966e+00 7.735998974150955221e-02 9.766930859255965047e-03
5.822916666666666963e+00 7.647305552618291480e-02 9.466133332214580337e-03
5.823611111111110183e+00 7.595852992206891807e-02 9.170816055287588781e-03
5.824305555555555181e+00 7.572227771131066765e-02 8.882648719217517072e-03
5.825000000000000178e+00 7.554464368652787087e-02 8.606272839356957083e-03
5.825694444444444287e+00 7.520005254818545870e-02 8.338864064512041194e-03
5.826388888888889284e+00 7.463321369055295196e-02 8.079018105354950768e-03
5.827083333333333393e+00 7.423513859833155704e-02 7.825131222892044158e-03
5.827777777777778390e+00 7.405736308923378808e-02 7.580879227693575369e-03
5.828472222222221610e+00 7.348480215910886681e-02 7.341953501044821973e-03
5.829166666666666607e+00 7.315124622411846300e-02 7.110398118554310011e-03
5.829861111111110716e+00 7.304528184095808452e-02 6.883078978169602548e-03
5.830555555555555713e+00 7.298909700645056509e-02 6.662817880828003116e-03
5.831249999999999822e+00 7.289767445388382894e-02 6.448166406113276655e-03
5.831944444444444819e+00 7.284487882281548421e-02 6.240468143517581383e-03
5.832638888888888040e+00 7.289038327120619942e-02 6.039245195485353976e-03
5.833333333333333037e+00 7.298661988767987663e-02 5.842057719913485922e-03
5.834027777777777146e+00 7.285902562067823884e-02 5.650331956357538057e-03
5.834722222222222143e+00 7.265154430421208454e-02 5.463770299878735297e-03
5.835416666666667140e+00 7.259894071137261429e-02 5.283373086637435136e-03
5.836111111111111249e+00 7.280439099128205305e-02 5.106055632784469757e-03
5.836805555555556246e+00 7.291318247505707006e-02 4.933681167358283139e-03
5.837499999999999467e+00 7.285784258815834746e-02 4.765129540522446139e-03
5.838194444444444464e+00 7.279959576682462630e-02 4.603075941591414956e-03
5.838888888888888573e+00 7.273861514890385405e-02 4.444250671841960820e-03
5.839583333333333570e+00 7.270690285644126893e-02 4.289375259707691769e-03
5.840277777777777679e+00 7.274500026691890775e-02 4.138417371264516663e-03
5.840972222222222676e+00 7.286609066985190453e-02 3.992349900873397653e-03
5.841666666666665897e+00 7.283058094890314249e-02 3.850458177090306574e-03
5.842361111111110894e+00 7.284414494078088331e-02 3.711518774635641244e-03
5.843055555555555003e+00 7.288879962164745985e-02 3.576268019806153314e-03
5.843750000000000000e+00 7.287858553950204987e-02 3.444230720346139456e-03
5.844444444444444109e+00 7.288931712454677081e-02 3.315704180369154121e-03
5.845138888888889106e+00 7.276191933518315336e-02 3.189322482663936673e-03
5.845833333333334103e+00 7.276435626273532187e-02 3.067408513101737080e-03
5.846527777777777324e+00 7.285109417682787691e-02 2.948508863743118553e-03
5.847222222222222321e+00 7.308051667700111997e-02 2.833152081388042812e-03
5.847916666666666430e+00 7.326761706051955481e-02 2.720024238148177533e-03
5.848611111111111427e+00 7.327913576554749564e-02 2.610031348745751097e-03
5.849305555555555536e+00 7.323451634357432127e-02 2.502624737260001914e-03
5.850000000000000533e+00 7.318967544697591032e-02 2.396843277851423790e-03
5.850694444444443754e+00 7.324928125697552361e-02 2.293754256211988102e-03
5.851388888888888751e+00 7.315491588940344070e-02 2.193793950135369125e-03
5.852083333333332860e+00 7.304148710342303619e-02 2.097283900974866895e-03
5.852777777777777857e+00 7.306328336713516225e-02 2.002078065387250753e-03
5.853472222222221966e+00 7.313265500176392708e-02 1.910196032570400659e-03
5.854166666666666963e+00 7.312522764917046836e-02 1.820383631565372553e-03
5.854861111111110183e+00 7.312090426394801668e-02 1.732876238654900694e-03
5.855555555555555181e+00 7.317916644075106447e-02 1.646700145359662314e-03
5.856250000000000178e+00 7.330477857166137201e-02 1.563281658211020542e-03
5.856944444444444287e+00 7.338779766047547060e-02 1.481842670926349559e-03
5.857638888888889284e+00 7.343444366635949738e-02 1.401726564506588883e-03
5.858333333333333393e+00 7.346657717153588785e-02 1.323406296802300897e-03
5.859027777777778390e+00 7.348025275316180660e-02 1.247167802695855511e-03
5.859722222222221610e+00 7.348214038605496712e-02 1.173410015712577888e-03
5.860416666666666607e+00 7.349965457074429664e-02 1.100663134186833725e-03
5.861111111111110716e+00 7.348714933527081272e-02 1.030232155512408789e-03
5.861805555555555713e+00 7.349002794819939344e-02 9.615104955734006227e-04
5.862499999999999822e+00 7.351014206711874166e-02 8.950738989864957329e-04
5.863194444444444819e+00 7.349525756479842464e-02 8.299131168475143514e-04
5.863888888888888040e+00 7.349759346021451922e-02 7.668613455979068211e-04
5.864583333333333037e+00 7.345167136222477411e-02 7.047340149337680271e-04
5.865277777777777146e+00 7.344484128819687985e-02 6.433839004055521768e-04
5.865972222222222143e+00 7.346246075793247399e-02 5.830084579378075598e-04
5.866666666666667140e+00 7.345616771676431733e-02 5.236857328286947250e-04
5.867361111111111249e+00 7.337836779331670389e-02 4.665842597339411998e-04
5.868055555555556246e+00 7.334200437800000860e-02 4.105445222037211201e-04
5.868749999999999467e+00 7.334836087466017895e-02 3.565763067002030448e-04
5.869444444444444464e+00 7.328911779206873089e-02 3.033625708353430788e-04
5.870138888888888573e+00 7.321932967568246797e-02 2.512388400537291975e-04
5.870833333333333570e+00 7.324111922943234154e-02 1.998283768364301550e-04
5.871527777777777679e+00 7.330283386816716096e-02 1.503566875280847655e-04
5.872222222222222676e+00 7.325461021181137178e-02 1.021821338442713240e-04
5.872916666666665897e+00 7.315748020589607492e-02 5.494118314216778041e-05
5.873611111111110894e+00 7.310208667434506258e-02 8.511985483418873835e-06
5.874305555555555003e+00 7.312658879591675543e-02 -3.688270102093666342e-05
5.875000000000000000e+00 7.313233970157469177e-02 -8.085082635948026065e-05
5.875694444444444109e+00 7.309513367713792176e-02 -1.240724969756917741e-04
5.876388888888889106e+00 7.301262601337502045e-02 -1.661966702333129335e-04
5.877083333333334103e+00 7.295859195201059855e-02 -2.071739283263522352e-04
5.877777777777777324e+00 7.293324567960052240e-02 -2.467797222533288978e-04
5.878472222222222321e+00 7.289874740470460301e-02 -2.859458642140171492e-04
5.879166666666666430e+00 7.277100157694088578e-02 -3.241907882193925043e-04
5.879861111111111427e+00 7.258233386381361674e-02 -3.617714622524353203e-04
5.880555555555555536e+00 7.252380009356575175e-02 -3.983257993040288810e-04
5.881250000000000533e+00 7.260489511046488986e-02 -4.341903358755242132e-04
5.881944444444443754e+00 7.262812323629122546e-02 -4.693306739226603061e-04
5.882638888888888751e+00 7.250017866951770362e-02 -5.035622430559458544e-04
5.883333333333332860e+00 7.235964917801269991e-02 -5.370581520602175874e-04
5.884027777777777857e+00 7.226683695129440532e-02 -5.698117398696662212e-04
5.884722222222221966e+00 7.222496016410419328e-02 -6.019868390198631269e-04
5.885416666666666963e+00 7.211314823863054779e-02 -6.330489351839216090e-04
5.886111111111110183e+00 7.201271598759773074e-02 -6.635761873581458477e-04
5.886805555555555181e+00 7.194399431767171949e-02 -6.935088770672497883e-04
5.887500000000000178e+00 7.197543699657414640e-02 -7.232779936176671285e-04
5.888194444444444287e+00 7.190969837752662908e-02 -7.522834297623215080e-04
5.888888888888889284e+00 7.182306025681491068e-02 -7.804492381446589489e-04
5.889583333333333393e+00 7.176000536243694328e-02 -8.077937680268197770e-04
5.890277777777778390e+00 7.193039910912106538e-02 -8.346208709682389386e-04
5.890972222222221610e+00 7.208561254346608493e-02 -8.609783678479451200e-04
5.891666666666666607e+00 7.208389085464626811e-02 -8.865116786067506367e-04
5.892361111111110716e+00 7.206490389179288913e-02 -9.115129988281513293e-04
5.893055555555555713e+00 7.200041582737418122e-02 -9.360561951561017797e-04
5.893749999999999822e+00 7.193410785937837115e-02 -9.603649359196694650e-04
5.894444444444444819e+00 7.188624063811048515e-02 -9.839797311560493937e-04
5.895138888888888040e+00 7.184144975276587908e-02 -1.006968654724701550e-03
5.895833333333333037e+00 7.177235145827921825e-02 -1.029238422170987433e-03
5.896527777777777146e+00 7.168306275974040132e-02 -1.051386575269217102e-03
5.897222222222222143e+00 7.158987033825288393e-02 -1.073070674531158546e-03
5.897916666666667140e+00 7.148947102378522267e-02 -1.094354360149110694e-03
5.898611111111111249e+00 7.138943120986843138e-02 -1.115197834991453864e-03
5.899305555555556246e+00 7.128949014878921409e-02 -1.135456827106287071e-03
5.899999999999999467e+00 7.120384669529045141e-02 -1.155235313554656097e-03
5.900694444444444464e+00 7.111797986375888170e-02 -1.174524491011736185e-03
5.901388888888888573e+00 7.100364534037179043e-02 -1.193573260514275373e-03
5.902083333333333570e+00 7.092277527363141654e-02 -1.212052427551834352e-03
5.902777777777777679e+00 7.083924281992370897e-02 -1.230220717353226051e-03
5.903472222222222676e+00 7.073521894179729541e-02 -1.248006461954491875e-03
5.904166666666665897e+00 7.060904153419270135e-02 -1.264871269448616291e-03
5.904861111111110894e+00 7.049212858861933495e-02 -1.280902319298375062e-03
5.905555555555555003e+00 7.038186523566107577e-02 -1.297346937974927982e-03
5.906250000000000000e+00 7.027199159772529180e-02 -1.313991804196749588e-03
5.906944444444444109e+00 7.015740951029895978e-02 -1.330070988517959582e-03
5.907638888888889106e+00 7.009276869181464698e-02 -1.346194184173568750e-03
5.908333333333334103e+00 6.999931990113812674e-02 -1.362154753544660883e-03
5.909027777777777324e+00 6.992041406386159674e-02 -1.377462522141745076e-03
5.909722222222222321e+00 6.979938116276433735e-02 -1.392168906088652293e-03
5.910416666666666430e+00 6.967727432368815699e-02 -1.406802948414225809e-03
5.911111111111111427e+00 6.956026682634222635e-02 -1.420949706508686534e-03
5.911805555555555536e+00 6.942982074952282201e-02 -1.434939003307365325e-03
5.912500000000000533e+00 6.929803138302881305e-02 -1.448565024524236123e-03
5.913194444444443754e+00 6.918067271584239786e-02 -1.461784536003196949e-03
5.913888888888888751e+00 6.906650111449465224e-02 -1.474807503485373473e-03
5.914583333333332860e+00 6.898574337415633306e-02 -1.487587718524221525e-03
5.915277777777777857e+00 6.888142492450720356e-02 -1.500028891205949788e-03
5.915972222222221966e+00 6.881322294075678525e-02 -1.512142797896227128e-03
5.916666666666666963e+00 6.870702754857778427e-02 -1.524099460305017089e-03
5.917361111111110183e+00 6.859177806344422812e-02 -1.535697794240890868e-03
5.918055555555555181e+00 6.849889096679005751e-02 -1.547106373923816088e-03
5.918750000000000178e+00 6.839917140043390298e-02 -1.558216262178979553e-03
5.919444444444444287e+00 6.825198529235818046e-02 -1.569166107689947331e-03
5.920138888888889284e+00 6.812054036934374335e-02 -1.579800437124583620e-03
5.920833333333333393e+00 6.798714195465352383e-02 -1.590208156387312461e-03
5.921527777777778390e+00 6.792348360156785780e-02 -1.600477789290982071e-03
5.922222222222221610e+00 6.783891753101012334e-02 -1.610614299018293645e-03
5.922916666666666607e+00 6.776147831678160094e-02 -1.620472655015257066e-03
5.923611111111110716e+00 6.765517178653382424e-02 -1.630063804891391122e-03
5.924305555555555713e+00 6.752907524922273363e-02 -1.639589430553501162e-03
5.924999999999999822e+00 6.738222174515552665e-02 -1.648917752985968243e-03
5.925694444444444819e+00 6.728648180463733808e-02 -1.658117845655437787e-03
5.926388888888888040e+00 6.719287553758182541e-02 -1.667039758969975560e-03
5.927083333333333037e+00 6.707290627330102228e-02 -1.675794524234349272e-03
5.927777777777777146e+00 6.694063369786000528e-02 -1.684359573794071575e-03
5.928472222222222143e+00 6.681652427171130837e-02 -1.692825336622351970e-03
5.929166666666667140e+00 6.669856294714220091e-02 -1.701022640968268647e-03
5.929861111111111249e+00 6.654464635471789291e-02 -1.709051869190207282e-03
5.930555555555556246e+00 6.642991352654367687e-02 -1.716955311633947207e-03
5.931249999999999467e+00 6.633984959069870457e-02 -1.724726063714806211e-03
5.931944444444444464e+00 6.620918895133512394e-02 -1.732367933017204794e-03
5.932638888888888573e+00 6.609186322580308526e-02 -1.739825981422230342e-03
5.933333333333333570e+00 6.598499185201006645e-02 -1.747158698316816005e-03
5.934027777777777679e+00 6.587518358198581059e-02 -1.754258813004197027e-03
5.934722222222222676e+00 6.574687642593136927e-02 -1.761284425296117664e-03
5.935416666666665897e+00 6.562114449196901345e-02 -1.768212689667734939e-03
5.936111111111110894e+00 6.549837887764647926e-02 -1.775053991374655506e-03
5.936805555555555003e+00 6.537220865979097295e-02 -1.781610911500597317e-03
5.937500000000000000e+00 6.526311258025663253e-02 -1.788025406715640711e-03
5.938194444444444109e+00 6.515690675066444781e-02 -1.794347812026607369e-03
5.938888888888889106e+00 6.504914054600716145e-02 -1.800586089025786162e-03
5.939583333333334103e+00 6.494726670163579463e-02 -1.806672482133881265e-03
5.940277777777777324e+00 6.482367512771000650e-02 -1.812611278413255554e-03
5.940972222222222321e+00 6.471051590669227305e-02 -1.818497693912991603e-03
5.941666666666666430e+00 6.458635971564474776e-02 -1.824263021678829101e-03
5.942361111111111427e+00 6.448173556777374305e-02 -1.829936398739355876e-03
5.943055555555555536e+00 6.438824293560280188e-02 -1.835419037042949680e-03
5.943750000000000533e+00 6.426676536964849584e-02 -1.840812255491574559e-03
5.944444444444443754e+00 6.413974531436818227e-02 -1.846102099285134874e-03
5.945138888888888751e+00 6.401026126455536258e-02 -1.850841307276346716e-03
5.945833333333332860e+00 6.389931016123162610e-02 -1.855390663885677282e-03
5.946527777777777857e+00 6.380940006907996620e-02 -1.859873215105228069e-03
5.947222222222221966e+00 6.366825541844109426e-02 -1.864281950413396822e-03
5.947916666666666963e+00 6.353801299631728350e-02 -1.868599888732048976e-03
5.948611111111110183e+00 6.343485825527400701e-02 -1.872860854798631030e-03
5.949305555555555181e+00 6.332362500529396809e-02 -1.877061122375915138e-03
5.950000000000000178e+00 6.319618718996954099e-02 -1.881136079893350015e-03
5.950694444444444287e+00 6.307134316865088686e-02 -1.885131981616969743e-03
5.951388888888889284e+00 6.297704938774049965e-02 -1.889086964666388110e-03
5.952083333333333393e+00 6.289414014809154019e-02 -1.892969854363278680e-03
5.952777777777778390e+00 6.282735018020499385e-02 -1.896782949315068030e-03
5.953472222222221610e+00 6.270174619331875254e-02 -1.900555400415958589e-03
5.954166666666666607e+00 6.253244057818141410e-02 -1.904243716213928567e-03
5.954861111111110716e+00 6.243436007399351395e-02 -1.907856505426881212e-03
5.955555555555555713e+00 6.233894268382621229e-02 -1.911402035469680774e-03
5.956249999999999822e+00 6.223925733293819706e-02 -1.914884702148086145e-03
5.956944444444444819e+00 6.214047071466619748e-02 -1.918329533324311231e-03
5.957638888888888040e+00 6.202271419803452590e-02 -1.921708355341626619e-03
5.958333333333333037e+00 6.189528532243320641e-02 -1.925002112085430440e-03
5.959027777777777146e+00 6.178065045932538274e-02 -1.928254183322448924e-03
5.959722222222222143e+00 6.165090603986632389e-02 -1.931461723354832398e-03
5.960416666666667140e+00 6.152133336303919342e-02 -1.934600137750165736e-03
5.961111111111111249e+00 6.139742024303761203e-02 -1.937685034117403319e-03
5.961805555555556246e+00 6.129783448504910054e-02 -1.940723405691511519e-03
5.962499999999999467e+00 6.119480138465609176e-02 -1.943697255899106682e-03
5.963194444444444464e+00 6.109628372472728636e-02 -1.946627063818736139e-03
5.963888888888888573e+00 6.098705660241140331e-02 -1.949505802177219213e-03
5.964583333333333570e+00 6.086216450090101843e-02 -1.952322365488107702e-03
5.965277777777777679e+00 6.074111535835225589e-02 -1.955114363984428952e-03
5.965972222222222676e+00 6.064888851637175587e-02 -1.957857908015336445e-03
5.966666666666665897e+00 6.052406505490199456e-02 -1.960537734721878433e-03
5.967361111111110894e+00 6.041033080680427436e-02 -1.963464671664024146e-03
5.968055555555555003e+00 6.028493914650805835e-02 -1.966129608391211595e-03
5.968750000000000000e+00 6.016993533042406389e-02 -1.968639880074217387e-03
5.969444444444444109e+00 6.006251523089151112e-02 -1.971154693860785369e-03
5.970138888888889106e+00 5.993816411035475522e-02 -1.973630835904864947e-03
5.970833333333334103e+00 5.980328177537815731e-02 -1.976047198846636078e-03
5.971527777777777324e+00 5.969179270555835526e-02 -1.978429753015593755e-03
5.972222222222222321e+00 5.961855775964115117e-02 -1.980779760762821883e-03
5.972916666666666430e+00 5.955249313690384738e-02 -1.983081846188609887e-03
5.973611111111111427e+00 5.951344094639679505e-02 -1.985351754281322947e-03
5.974305555555555536e+00 5.942754202327212715e-02 -1.987800999581017421e-03
5.975000000000000533e+00 5.929569949404518703e-02 -1.990037938620034617e-03
5.975694444444443754e+00 5.919734186778085466e-02 -1.992162273913182079e-03
5.976388888888888751e+00 5.909376981232300485e-02 -1.994269072862971202e-03
5.977083333333332860e+00 5.894813603570016325e-02 -1.996346045787953261e-03
5.977777777777777857e+00 5.881721021301910407e-02 -1.998396518522117544e-03
5.978472222222221966e+00 5.868420416735854739e-02 -2.000398243801469484e-03
5.979166666666666963e+00 5.854396426266902237e-02 -2.002361123313278670e-03
5.979861111111110183e+00 5.843166215708958666e-02 -2.004296452976699148e-03
5.980555555555555181e+00 5.830088147349399980e-02 -2.006194975709966154e-03
5.981250000000000178e+00 5.817448820560985195e-02 -2.008243010593886713e-03
5.981944444444444287e+00 5.806570160529287566e-02 -2.010127523005761103e-03
5.982638888888889284e+00 5.796274668986144823e-02 -2.011923881660205877e-03
5.983333333333333393e+00 5.785297554812765530e-02 -2.013708391737666515e-03
5.984027777777778390e+00 5.774676665470109688e-02 -2.015455260283877982e-03
5.984722222222221610e+00 5.763720166313487936e-02 -2.017162357299507117e-03
5.985416666666666607e+00 5.752760196072749521e-02 -2.018840592209148951e-03
5.986111111111110716e+00 5.740978603953365844e-02 -2.020485643729981896e-03
5.986805555555555713e+00 5.729246140103168294e-02 -2.022109118927714697e-03
5.987499999999999822e+00 5.717432606632270875e-02 -2.023710069267527657e-03
5.988194444444444819e+00 5.705869600945854409e-02 -2.025433258510585862e-03
5.988888888888888040e+00 5.694740757700207656e-02 -2.027014814599027714e-03
5.989583333333333037e+00 5.684635237807610791e-02 -2.028517085585602488e-03
5.990277777777777146e+00 5.673397778915656442e-02 -2.030008818331150485e-03
5.990972222222222143e+00 5.663205437575073026e-02 -2.031478182163778175e-03
5.991666666666667140e+00 5.652897906637863873e-02 -2.032925126433724698e-03
5.992361111111111249e+00 5.642681849082253204e-02 -2.034333952107924767e-03
5.993055555555556246e+00 5.632369368374719187e-02 -2.035711018593796585e-03
5.993749999999999467e+00 5.621322834538967916e-02 -2.037072449422543466e-03
5.994444444444444464e+00 5.611007428989918389e-02 -2.038427638031243497e-03
5.995138888888888573e+00 5.600627546453706973e-02 -2.039886579856321248e-03
5.995833333333333570e+00 5.589812181848591993e-02 -2.041209671016971580e-03
5.996527777777777679e+00 5.578155582741135821e-02 -2.042488721655066723e-03
5.997222222222222676e+00 5.567301945617313813e-02 -2.043768349352772899e-03
5.997916666666665897e+00 5.555293157059085912e-02 -2.045026362739104514e-03
5.998611111111110894e+00 5.545203467425668942e-02 -2.046245200686639537e-03
5.999305555555555003e+00 5.534234528047438095e-02 -2.047441377831312782e-03
6.000000000000000000e+00 5.524216181213482263e-02 -2.048604437931667369e-03
6.000694444444444109e+00 5.512875914794909682e-02 -2.049762109546929365e-03
6.001388888888889106e+00 5.502044830854787433e-02 -2.050892350842566710e-03
6.002083333333334103e+00 5.491764437725071835e-02 -2.052127033740828652e-03
6.002777777777777324e+00 5.481819752854116129e-02 -2.053265850291553611e-03
6.003472222222222321e+00 5.470867312470157479e-02 -2.054349177207491321e-03
6.004166666666666430e+00 5.460249331895214442e-02 -2.055422587665293056e-03
6.004861111111111427e+00 5.449411006869366025e-02 -2.056477434141755663e-03
6.005555555555555536e+00 5.439846589086878847e-02 -2.057502249865965707e-03
6.006250000000000533e+00 5.428860771341622454e-02 -2.058512984580700145e-03
6.006944444444443754e+00 5.419051696214669672e-02 -2.059491166284808505e-03
6.007638888888888751e+00 5.408896383061932017e-02 -2.060459488523685209e-03
6.008333333333332860e+00 5.397990209527719213e-02 -2.061419603424111558e-03
6.009027777777777857e+00 5.387524944848849640e-02 -2.062448530410527711e-03
6.009722222222221966e+00 5.377180508127436115e-02 -2.063385117685752248e-03
6.010416666666666963e+00 5.366844845416781501e-02 -2.064286522873631791e-03
6.011111111111110183e+00 5.355722806991746604e-02 -2.065177315882254019e-03
6.011805555555555181e+00 5.344607608235814322e-02 -2.066050538814490252e-03
6.012500000000000178e+00 5.333729153131694378e-02 -2.066913825408137322e-03
6.013194444444444287e+00 5.323674240554395615e-02 -2.067782782465883967e-03
6.013888888888889284e+00 5.313414353490585745e-02 -2.068625337746131561e-03
6.014583333333333393e+00 5.303886652485628739e-02 -2.069439465245505056e-03
6.015277777777778390e+00 5.293442324922003478e-02 -2.070242623716123803e-03
6.015972222222221610e+00 5.283582808023163518e-02 -2.071105913343302199e-03
6.016666666666666607e+00 5.272986305306270882e-02 -2.071910880020741766e-03
6.017361111111110716e+00 5.263359579041564790e-02 -2.072684610704486965e-03
6.018055555555555713e+00 5.254427089508632853e-02 -2.073432184354201228e-03
6.018749999999999822e+00 5.245394875411349411e-02 -2.074169633197198940e-03
6.019444444444444819e+00 5.234726826617114998e-02 -2.074897747492433428e-03
6.020138888888888040e+00 5.223562458866547187e-02 -2.075615335759061885e-03
6.020833333333333037e+00 5.212671695953936118e-02 -2.076318868071994235e-03
6.021527777777777146e+00 5.201909838960653426e-02 -2.077019997740577485e-03
6.022222222222222143e+00 5.191323733029223897e-02 -2.077715337816009051e-03
6.022916666666667140e+00 5.181433764211105381e-02 -2.078454294209315309e-03
6.023611111111111249e+00 5.170473059233645502e-02 -2.079130170460663160e-03
6.024305555555556246e+00 5.161019126217004233e-02 -2.079772157785253310e-03
6.024999999999999467e+00 5.151665758952354846e-02 -2.080412300206754654e-03
6.025694444444444464e+00 5.140714415005739890e-02 -2.081042971669644012e-03
6.026388888888888573e+00 5.130102337777180804e-02 -2.081660989329802043e-03
6.027083333333333570e+00 5.118924037528760351e-02 -2.082268705241151468e-03
6.027777777777777679e+00 5.109458008341431767e-02 -2.082864551907155637e-03
6.028472222222222676e+00 5.101226314769299192e-02 -2.083454738091137463e-03
6.029166666666665897e+00 5.093504955888393526e-02 -2.084031258344578880e-03
6.029861111111110894e+00 5.083319538571713647e-02 -2.084656503357201242e-03
6.030555555555555003e+00 5.073399159304640277e-02 -2.085225777751463505e-03
6.031250000000000000e+00 5.062670250179592685e-02 -2.085784767051230941e-03
6.031944444444444109e+00 5.051208910854523143e-02 -2.086336029229723943e-03
6.032638888888889106e+00 5.041805214367088561e-02 -2.086859207730472950e-03
6.033333333333334103e+00 5.031877865731385763e-02 -2.087371222128133787e-03
6.034027777777777324e+00 5.023410453091779054e-02 -2.087876343341856043e-03
6.034722222222222321e+00 5.013193696465569060e-02 -2.088377899723723244e-03
6.035416666666666430e+00 5.002550895642608048e-02 -2.088865438929986620e-03
6.036111111111111427e+00 4.992025130072451355e-02 -2.089344606492295978e-03
6.036805555555555536e+00 4.982148177231773833e-02 -2.089869473999936798e-03
6.037500000000000533e+00 4.971738089855357035e-02 -2.090350963172513902e-03
6.038194444444443754e+00 4.962681670645172766e-02 -2.090811322124209396e-03
6.038888888888888751e+00 4.953318034485718058e-02 -2.091267606115928667e-03
6.039583333333332860e+00 4.943377642909695113e-02 -2.091723898380414091e-03
6.040277777777777857e+00 4.933293172543186389e-02 -2.092152021147800859e-03
6.040972222222221966e+00 4.923169495589094224e-02 -2.092576995219716171e-03
6.041666666666666963e+00 4.913238383337213688e-02 -2.093002657471643591e-03
6.042361111111110183e+00 4.903130719494898371e-02 -2.093406297264103003e-03
6.043055555555555181e+00 4.894380114232903950e-02 -2.093811878747301163e-03
6.043750000000000178e+00 4.884829916163308666e-02 -2.094196813390133017e-03
6.044444444444444287e+00 4.875488112005583324e-02 -2.094635952943628594e-03
6.045138888888889284e+00 4.866295219685456974e-02 -2.095043006169220075e-03
6.045833333333333393e+00 4.856880378434633161e-02 -2.095423097835683902e-03
6.046527777777778390e+00 4.847861580551281191e-02 -2.095795069542237109e-03
6.047222222222221610e+00 4.838182711423822530e-02 -2.096162051842998149e-03
6.047916666666666607e+00 4.829094201243159384e-02 -2.096521634822300258e-03
6.048611111111110716e+00 4.819765469504632555e-02 -2.096887079766917867e-03
6.049305555555555713e+00 4.810738496718935248e-02 -2.097231617739380230e-03
6.049999999999999822e+00 4.803436685760294200e-02 -2.097567110889936390e-03
6.050694444444444819e+00 4.797914547585262202e-02 -2.097901170433731036e-03
6.051388888888888040e+00 4.787959771337010895e-02 -2.098262638736228883e-03
6.052083333333333037e+00 4.776170926816822315e-02 -2.098637152542594426e-03
6.052777777777777146e+00 4.766874235340402832e-02 -2.099003058506326846e-03
6.053472222222222143e+00 4.757876613697187979e-02 -2.099341068110914706e-03
6.054166666666667140e+00 4.750118042034195270e-02 -2.099712728465713205e-03
6.054861111111111249e+00 4.741079390314047876e-02 -2.100028839785345741e-03
6.055555555555556246e+00 4.732576206671957469e-02 -2.100330362016655881e-03
6.056249999999999467e+00 4.718745241272669089e-02 -2.100633063571380119e-03
6.056944444444444464e+00 4.709740982973949913e-02 -2.100949131148984860e-03
6.057638888888888573e+00 4.700797372573632671e-02 -2.101238822944473048e-03
6.058333333333333570e+00 4.691878337392508397e-02 -2.101542664406910212e-03
6.059027777777777679e+00 4.682030874389211950e-02 -2.101859113703905858e-03
6.059722222222222676e+00 4.671781691240499412e-02 -2.102151210921090075e-03
6.060416666666665897e+00 4.664146884287790479e-02 -2.102426676827248448e-03
6.061111111111110894e+00 4.658189065637310250e-02 -2.102702760105343380e-03
6.061805555555555003e+00 4.649042969236684419e-02 -2.102973500817259794e-03
6.062500000000000000e+00 4.639320865635372659e-02 -2.103236324268035248e-03
6.063194444444444109e+00 4.629489338548439803e-02 -2.103487574436028063e-03
6.063888888888889106e+00 4.620534837996740501e-02 -2.103742062640960152e-03
6.064583333333334103e+00 4.610070068907633906e-02 -2.103981464134629161e-03
6.065277777777777324e+00 4.600084505512806038e-02 -2.104226114802024063e-03
6.065972222222222321e+00 4.590137659828301409e-02 -2.104484352642184766e-03
6.066666666666666430e+00 4.581097776800615445e-02 -2.104716046077722332e-03
6.067361111111111427e+00 4.571720849780455675e-02 -2.104943761021623935e-03
6.068055555555555536e+00 4.563275398470113126e-02 -2.105168006072786081e-03
6.068750000000000533e+00 4.553078430808632504e-02 -2.105389767354270449e-03
6.069444444444443754e+00 4.543828960092912567e-02 -2.105606900880271741e-03
6.070138888888888751e+00 4.533738740840474041e-02 -2.105815742409834160e-03
6.070833333333332860e+00 4.525203277319249373e-02 -2.106022754176136401e-03
6.071527777777777857e+00 4.515105854834026294e-02 -2.106227395670512426e-03
6.072222222222221966e+00 4.507401390136540897e-02 -2.106430558445237817e-03
6.072916666666666963e+00 4.498308341357368234e-02 -2.106643865169867229e-03
6.073611111111111960e+00 4.491419614245361486e-02 -2.106838188394874120e-03
6.074305555555555181e+00 4.482638303043208483e-02 -2.107035909713996565e-03
6.075000000000000178e+00 4.474707764097680951e-02 -2.107222016258627866e-03
6.075694444444444287e+00 4.465639578661335929e-02 -2.107404740302209947e-03
6.076388888888889284e+00 4.456352045662789058e-02 -2.107591628228535838e-03
6.077083333333333393e+00 4.447746139871804061e-02 -2.107769105629087297e-03
6.077777777777778390e+00 4.438813907858388946e-02 -2.107947103580753555e-03
6.078472222222221610e+00 4.430112570215977152e-02 -2.108118585479397573e-03
6.079166666666666607e+00 4.421287460540468395e-02 -2.108293263731743708e-03
6.079861111111110716e+00 4.412477553523841411e-02 -2.108478774803359927e-03
6.080555555555555713e+00 4.403729707175425834e-02 -2.108652680667776405e-03
6.081249999999999822e+00 4.394937765360797111e-02 -2.108815704989723712e-03
6.081944444444444819e+00 4.386330761908552311e-02 -2.108982451748045786e-03
6.082638888888888040e+00 4.378031553997739633e-02 -2.109143170671469534e-03
6.083333333333333037e+00 4.369151266674295431e-02 -2.109290934537769863e-03
6.084027777777778034e+00 4.360849048159325808e-02 -2.109440646849437048e-03
6.084722222222222143e+00 4.351848941597211834e-02 -2.109591848603488765e-03
6.085416666666667140e+00 4.343397463527853830e-02 -2.109737494445194407e-03
6.086111111111111249e+00 4.334465876730590750e-02 -2.109879715281959365e-03
6.086805555555556246e+00 4.326114020616762118e-02 -2.110020390836581626e-03
6.087499999999999467e+00 4.316981437621374151e-02 -2.110181236690227349e-03
6.088194444444444464e+00 4.308793495033272358e-02 -2.110325077437473235e-03
6.088888888888888573e+00 4.301047125860878867e-02 -2.110468813139516984e-03
6.089583333333333570e+00 4.292632745649512666e-02 -2.110599989879095688e-03
6.090277777777777679e+00 4.283805580717702649e-02 -2.110735811757523481e-03
6.090972222222222676e+00 4.275960395136464698e-02 -2.110868699675514260e-03
6.091666666666665897e+00 4.267497507126327000e-02 -2.110995754309345513e-03
6.092361111111110894e+00 4.259016587163665102e-02 -2.111113322611864272e-03
6.093055555555555003e+00 4.250060521042602069e-02 -2.111238025616260072e-03
6.093750000000000000e+00 4.241284763328563578e-02 -2.111360654899497105e-03
6.094444444444444997e+00 4.233396530345582415e-02 -2.111480627231089331e-03
6.095138888888889106e+00 4.224929211694547493e-02 -2.111618024235595737e-03
6.095833333333334103e+00 4.216049885677894404e-02 -2.111735975019243296e-03
6.096527777777777324e+00 4.208437561848131503e-02 -2.111853492657772557e-03
6.097222222222222321e+00 4.199920649772054260e-02 -2.111965180373811309e-03
6.097916666666666430e+00 4.190978710299770454e-02 -2.112080581690929919e-03
6.098611111111111427e+00 4.183566922480974615e-02 -2.112191510376215924e-03
6.099305555555555536e+00 4.176178818507195883e-02 -2.112297573658181681e-03
6.100000000000000533e+00 4.167654649471304318e-02 -2.112397961078706435e-03
6.100694444444443754e+00 4.159979063324899251e-02 -2.112499384585175659e-03
6.101388888888888751e+00 4.152284471304362734e-02 -2.112605200652655554e-03
6.102083333333332860e+00 4.143929711551264106e-02 -2.112708490657846851e-03
6.102777777777777857e+00 4.135838905389856851e-02 -2.112795296500124577e-03
6.103472222222221966e+00 4.127215483471357443e-02 -2.112897488742189380e-03
6.104166666666666963e+00 4.118925580450816942e-02 -2.112989627517908742e-03
6.104861111111111960e+00 4.110232872383380587e-02 -2.113073184403893232e-03
6.105555555555555181e+00 4.101711549076502566e-02 -2.113155262066744849e-03
6.106250000000000178e+00 4.094085534818588806e-02 -2.113235572897521723e-03
6.106944444444444287e+00 4.087746719087923669e-02 -2.113315714806541807e-03
6.107638888888889284e+00 4.078911925112613940e-02 -2.113392569382857231e-03
6.108333333333333393e+00 4.070778029915902985e-02 -2.113475965452299345e-03
6.109027777777778390e+00 4.062916109945429594e-02 -2.113558960190313734e-03
6.109722222222221610e+00 4.055567612595960270e-02 -2.113642546433864081e-03
6.110416666666666607e+00 4.047441819029887894e-02 -2.113729972803942390e-03
6.111111111111110716e+00 4.039215523353611309e-02 -2.113814703362958906e-03
6.111805555555555713e+00 4.031281165811282513e-02 -2.113895566989714911e-03
6.112499999999999822e+00 4.023664011808941732e-02 -2.113973808082036509e-03
6.113194444444444819e+00 4.014924082126300475e-02 -2.114047778582804540e-03
6.113888888888888040e+00 4.006605678205728965e-02 -2.114122952413837429e-03
6.114583333333333037e+00 3.999404336051843450e-02 -2.114199131252992615e-03
6.115277777777778034e+00 3.991939234322336438e-02 -2.114275650550209718e-03
6.115972222222222143e+00 3.983501741651541278e-02 -2.114352762858589998e-03
6.116666666666667140e+00 3.976056895379379702e-02 -2.114427887098899866e-03
6.117361111111111249e+00 3.968798486259696862e-02 -2.114505426018366014e-03
6.118055555555556246e+00 3.961259806965761188e-02 -2.114571242694140811e-03
6.118749999999999467e+00 3.952125844434149771e-02 -2.114644908237611146e-03
6.119444444444444464e+00 3.943706409405464686e-02 -2.114709331155938815e-03
6.120138888888888573e+00 3.936180395234988721e-02 -2.114776297405958870e-03
6.120833333333333570e+00 3.933137226661385238e-02 -2.114845707371266776e-03
6.121527777777777679e+00 3.925506480008179866e-02 -2.114908538337955356e-03
6.122222222222222676e+00 3.917188517956051580e-02 -2.114960093901540553e-03
6.122916666666665897e+00 3.911156372174121737e-02 -2.115019746429441360e-03
6.123611111111110894e+00 3.904771226625152608e-02 -2.115090365541249205e-03
6.124305555555555003e+00 3.898025176938894193e-02 -2.115149877574939129e-03
6.125000000000000000e+00 3.891558515519095984e-02 -2.115214846947216596e-03
6.125694444444444997e+00 3.884512008300508579e-02 -2.115277766716205758e-03
6.126388888888889106e+00 3.876151766952268957e-02 -2.115340535187342635e-03
6.127083333333334103e+00 3.867419292303653916e-02 -2.115396485772831538e-03
6.127777777777777324e+00 3.858633772262940603e-02 -2.115458413292277753e-03
6.128472222222222321e+00 3.849915173844733335e-02 -2.115517920510762151e-03
6.129166666666666430e+00 3.841730692477984821e-02 -2.115577344208733560e-03
6.129861111111111427e+00 3.835861839422989583e-02 -2.115645009809830231e-03
6.130555555555555536e+00 3.828395648847878613e-02 -2.115704103367740518e-03
6.131250000000000533e+00 3.820783621196521818e-02 -2.115755162648180927e-03
6.131944444444443754e+00 3.812887192095999050e-02 -2.115799737468536564e-03
6.132638888888888751e+00 3.805148757176415181e-02 -2.115857969515100214e-03
6.133333333333332860e+00 3.796612874247886488e-02 -2.115908785453827958e-03
6.134027777777777857e+00 3.788373060186309843e-02 -2.115958823761312016e-03
6.134722222222221966e+00 3.780538368581363995e-02 -2.115997803027013478e-03
6.135416666666666963e+00 3.773764829023749240e-02 -2.116036996323624689e-03
6.136111111111111960e+00 3.766599726641269019e-02 -2.116072823533996731e-03
6.136805555555555181e+00 3.759510503972687823e-02 -2.116109035916888086e-03
6.137500000000000178e+00 3.751137052617214973e-02 -2.116144572064725376e-03
6.138194444444444287e+00 3.742929740177504405e-02 -2.116184310515506223e-03
6.138888888888889284e+00 3.736403880956001844e-02 -2.116222808518987940e-03
6.139583333333333393e+00 3.729442842719763590e-02 -2.116271769741787968e-03
6.140277777777778390e+00 3.722052567231242531e-02 -2.116333253185841839e-03
6.140972222222221610e+00 3.713820535209871182e-02 -2.116389309570996646e-03
6.141666666666666607e+00 3.707200889095085133e-02 -2.116421034530861084e-03
6.142361111111110716e+00 3.700575881454578470e-02 -2.116452881880706485e-03
6.143055555555555713e+00 3.694051421098524385e-02 -2.116483026729319445e-03
6.143749999999999822e+00 3.686692146453833530e-02 -2.116519647600964473e-03
6.144444444444444819e+00 3.679989693202928569e-02 -2.116548856882186080e-03
6.145138888888888040e+00 3.673809827571951347e-02 -2.116583880417655886e-03
6.145833333333333037e+00 3.668211413298657492e-02 -2.116617748088770942e-03
6.146527777777778034e+00 3.662433478575168044e-02 -2.116663824720103372e-03
6.147222222222222143e+00 3.653861985720872896e-02 -2.116711722505748659e-03
6.147916666666667140e+00 3.645810627491363753e-02 -2.116751873795475261e-03
6.148611111111111249e+00 3.639088948664089690e-02 -2.116780154207562482e-03
6.149305555555556246e+00 3.632122331436832274e-02 -2.116807490899695089e-03
6.149999999999999467e+00 3.624353898749251013e-02 -2.116837112103399799e-03
6.150694444444444464e+00 3.615995034103244854e-02 -2.116881399204510739e-03
6.151388888888888573e+00 3.610602605919552288e-02 -2.116910167630924825e-03
6.152083333333333570e+00 3.605040197953447018e-02 -2.116931014715125667e-03
6.152777777777777679e+00 3.597656055346631215e-02 -2.116956774766450781e-03
6.153472222222222676e+00 3.589394474276656061e-02 -2.116973617604852968e-03
6.154166666666665897e+00 3.581965389258427029e-02 -2.117004944830052325e-03
6.154861111111110894e+00 3.575691243257683033e-02 -2.117028163869771884e-03
6.155555555555555003e+00 3.569092389021471384e-02 -2.117056345277281131e-03
6.156250000000000000e+00 3.562272330198366921e-02 -2.117080731103804150e-03
6.156944444444444997e+00 3.556755433573697417e-02 -2.117120009892480177e-03
6.157638888888889106e+00 3.549624791885484104e-02 -2.117142210505114450e-03
6.158333333333334103e+00 3.542089948593738630e-02 -2.117184861832223462e-03
6.159027777777777324e+00 3.535757359908547892e-02 -2.117205397754239743e-03
6.159722222222222321e+00 3.528517573886287562e-02 -2.117245016350161047e-03
6.160416666666666430e+00 3.520686751431995054e-02 -2.117273140541889136e-03
6.161111111111111427e+00 3.513263191642094357e-02 -2.117303835708099578e-03
6.161805555555555536e+00 3.505700039482110425e-02 -2.117337177619258229e-03
6.162500000000000533e+00 3.498539512685310687e-02 -2.117372712580422797e-03
6.163194444444443754e+00 3.491863787020896975e-02 -2.117402988744891950e-03
6.163888888888888751e+00 3.485015057993843396e-02 -2.117434713327542069e-03
6.164583333333332860e+00 3.478403541248775016e-02 -2.117460861822613536e-03
6.165277777777777857e+00 3.471972413697152482e-02 -2.117481589823043756e-03
6.165972222222221966e+00 3.465651781482719657e-02 -2.117500332765166575e-03
6.166666666666666963e+00 3.458800222861529300e-02 -2.117520547965498403e-03
6.167361111111111960e+00 3.451619469299722909e-02 -2.117542034932768519e-03
6.168055555555555181e+00 3.444575942510944011e-02 -2.117565628515565186e-03
6.168750000000000178e+00 3.437905378932987893e-02 -2.117595366316310079e-03
6.169444444444444287e+00 3.431216369944464772e-02 -2.117614928329153434e-03
6.170138888888889284e+00 3.425031137828443706e-02 -2.117636740706480523e-03
6.170833333333333393e+00 3.418510055112672363e-02 -2.117658985014603430e-03
6.171527777777778390e+00 3.412553587581858977e-02 -2.117669500346483838e-03
6.172222222222221610e+00 3.406133644003147415e-02 -2.117688525172548627e-03
6.172916666666666607e+00 3.400084634353436192e-02 -2.117711637997011110e-03
6.173611111111110716e+00 3.393489051899573061e-02 -2.117726360599472488e-03
6.174305555555555713e+00 3.386890861259950897e-02 -2.117743161039562384e-03
6.174999999999999822e+00 3.379658500020741446e-02 -2.117762581123380349e-03
6.175694444444444819e+00 3.372698786658148706e-02 -2.117777561054346152e-03
6.176388888888888040e+00 3.366951304303125031e-02 -2.117788326627418911e-03
6.177083333333333037e+00 3.360970728048939815e-02 -2.117808657839374224e-03
6.177777777777778034e+00 3.354502480160864719e-02 -2.117826927558410025e-03
6.178472222222222143e+00 3.348645752743125564e-02 -2.117840572206335439e-03
6.179166666666667140e+00 3.342887872628522161e-02 -2.117856362535140789e-03
6.179861111111111249e+00 3.336265528913191086e-02 -2.117872528546662844e-03
6.180555555555556246e+00 3.329706871501140336e-02 -2.117885184501286985e-03
6.181249999999999467e+00 3.323956532932008379e-02 -2.117902598947782496e-03
6.181944444444444464e+00 3.317679807130981956e-02 -2.117917100166705202e-03
6.182638888888888573e+00 3.310335119992707797e-02 -2.117924958936218387e-03
6.183333333333333570e+00 3.304634175799018442e-02 -2.117938693767013221e-03
6.184027777777777679e+00 3.298276121699957736e-02 -2.117954610580720116e-03
6.184722222222222676e+00 3.292095971252630843e-02 -2.117967487247133813e-03
6.185416666666665897e+00 3.286430965661411158e-02 -2.117974352127929578e-03
6.186111111111110894e+00 3.280579852421304510e-02 -2.117987702938305215e-03
6.186805555555555003e+00 3.273668818192648766e-02 -2.118003051000059891e-03
6.187500000000000000e+00 3.266997148381398097e-02 -2.118013135944727451e-03
6.188194444444444997e+00 3.259678016537684297e-02 -2.118026356584765471e-03
6.188888888888889106e+00 3.253678280742035994e-02 -2.118048367853222688e-03
6.189583333333334103e+00 3.246832070330459008e-02 -2.118052624930092526e-03
6.190277777777777324e+00 3.240930780361564456e-02 -2.118060418453394499e-03
6.190972222222222321e+00 3.235683340846569334e-02 -2.118076162884839717e-03
6.191666666666666430e+00 3.228778110722606287e-02 -2.118088712081377112e-03
6.192361111111111427e+00 3.222659066874941636e-02 -2.118090700120839331e-03
6.193055555555555536e+00 3.216772539706334866e-02 -2.118103117866292334e-03
6.193750000000000533e+00 3.210070159161888120e-02 -2.118119981698174479e-03
6.194444444444443754e+00 3.204314258021803002e-02 -2.118129959982680000e-03
6.195138888888888751e+00 3.197735721242624118e-02 -2.118132012661722800e-03
6.195833333333332860e+00 3.192861694234708225e-02 -2.118148333373939818e-03
6.196527777777777857e+00 3.186450555876683272e-02 -2.118156933917007476e-03
6.197222222222221966e+00 3.179169213376200481e-02 -2.118158301047507429e-03
6.197916666666666963e+00 3.173308968879066244e-02 -2.118178771433602836e-03
6.198611111111111960e+00 3.169799216845297501e-02 -2.118194671158671067e-03
6.199305555555555181e+00 3.165206020983321600e-02 -2.118203626876439573e-03
6.200000000000000178e+00 3.158610020668185803e-02 -2.118213241620072775e-03
6.200694444444444287e+00 3.151573261487242844e-02 -2.118230008413329087e-03
6.201388888888889284e+00 3.145059946642721205e-02 -2.118240243916751347e-03
6.202083333333333393e+00 3.139277998067691033e-02 -2.118249740327719701e-03
6.202777777777778390e+00 3.132328842598711832e-02 -2.118257941609298037e-03
6.203472222222221610e+00 3.125476293150837581e-02 -2.118267777054240464e-03
6.204166666666666607e+00 3.119362995930806057e-02 -2.118270421470051356e-03
6.204861111111110716e+00 3.112672928377731643e-02 -2.118284274366802073e-03
6.205555555555555713e+00 3.106517562153281523e-02 -2.118298548433342806e-03
6.206249999999999822e+00 3.100438394136140197e-02 -2.118305675125378360e-03
6.206944444444444819e+00 3.094725051193884802e-02 -2.118307301862948529e-03
6.207638888888888040e+00 3.088086733975506717e-02 -2.118319425639952989e-03
6.208333333333333037e+00 3.082439723882155272e-02 -2.118326730073660617e-03
6.209027777777778034e+00 3.076724326710122970e-02 -2.118329892027264079e-03
6.209722222222222143e+00 3.070914937272663930e-02 -2.118333444969575530e-03
6.210416666666667140e+00 3.064442373504192366e-02 -2.118352210797876979e-03
6.211111111111111249e+00 3.057550919535463249e-02 -2.118357018296173570e-03
6.211805555555556246e+00 3.052885507151592570e-02 -2.118368624359021762e-03
6.212499999999999467e+00 3.046341136501424032e-02 -2.118378893480210145e-03
6.213194444444444464e+00 3.040575371929327489e-02 -2.118383309056968110e-03
6.213888888888888573e+00 3.035140142379003092e-02 -2.118388878990272624e-03
6.214583333333333570e+00 3.029803780451021875e-02 -2.118401712588851866e-03
6.215277777777777679e+00 3.023599944761104497e-02 -2.118404259996100551e-03
6.215972222222222676e+00 3.017796707976206499e-02 -2.118406231916740348e-03
6.216666666666665897e+00 3.011403899342015786e-02 -2.118416128255873072e-03
6.217361111111110894e+00 3.005803839936739899e-02 -2.118424688615901108e-03
6.218055555555555003e+00 3.001247114524812840e-02 -2.118431527536504544e-03
6.218750000000000000e+00 2.996854510019974008e-02 -2.118443740227025744e-03
6.219444444444444997e+00 2.990706819761356633e-02 -2.118444956785608783e-03
6.220138888888889106e+00 2.984185626154846338e-02 -2.118447595167101665e-03
6.220833333333334103e+00 2.979183014426457776e-02 -2.118448987319703630e-03
6.221527777777777324e+00 2.973549846471006813e-02 -2.118459295887565805e-03
6.222222222222222321e+00 2.967224841368635430e-02 -2.118460531289597347e-03
6.222916666666666430e+00 2.960102302011870939e-02 -2.118461776088716598e-03
6.223611111111111427e+00 2.955922361337684143e-02 -2.118470037527824500e-03
6.224305555555555536e+00 2.951040213741005017e-02 -2.118483752443608287e-03
6.225000000000000533e+00 2.946313444817122429e-02 -2.118496557568803288e-03
6.225694444444443754e+00 2.941332268946360642e-02 -2.118499121892567037e-03
6.226388888888888751e+00 2.935902265888613513e-02 -2.118505236995263819e-03
6.227083333333332860e+00 2.930331566124841705e-02 -2.118507773374076527e-03
6.227777777777777857e+00 2.924676213685610537e-02 -2.118517304245413034e-03
6.228472222222221966e+00 2.918556137156603017e-02 -2.118519861718313590e-03
6.229166666666666963e+00 2.912864903086094179e-02 -2.118522135141232693e-03
6.229861111111111960e+00 2.906798140465113520e-02 -2.118527617016142429e-03
6.230555555555555181e+00 2.900911004866858767e-02 -2.118536798633672506e-03
6.231250000000000178e+00 2.895282271377761993e-02 -2.118536232969915785e-03
6.231944444444444287e+00 2.889772325621500423e-02 -2.118540250133325430e-03
6.232638888888889284e+00 2.884427639235372445e-02 -2.118545711411806524e-03
6.233333333333333393e+00 2.878909729833357273e-02 -2.118533051359003123e-03
6.234027777777778390e+00 2.873721894462833229e-02 -2.118528167343002467e-03
6.234722222222221610e+00 2.867180814295271218e-02 -2.118528466520222791e-03
6.235416666666666607e+00 2.861413847313125369e-02 -2.118517436590468955e-03
6.236111111111110716e+00 2.855227695832778315e-02 -2.118498668331901015e-03
6.236805555555555713e+00 2.849253701044991358e-02 -2.118500000702455179e-03
6.237499999999999822e+00 2.844933070682108614e-02 -2.118492746416114278e-03
6.238194444444444819e+00 2.839890484149050487e-02 -2.118500113905008846e-03
6.238888888888888040e+00 2.834894441510198149e-02 -2.118494451157620223e-03
6.239583333333333037e+00 2.830369994646802709e-02 -2.118510363694441848e-03
6.240277777777778034e+00 2.824840482274759007e-02 -2.118510560516010440e-03
6.240972222222222143e+00 2.819441865744440334e-02 -2.118533864896696931e-03
6.241666666666667140e+00 2.812607647009047335e-02 -2.118547966624653722e-03
6.242361111111111249e+00 2.807267371489376509e-02 -2.118561954910126808e-03
6.243055555555556246e+00 2.803104517931417558e-02 -2.118559986118551727e-03
6.243749999999999467e+00 3.133716469368024587e-02 -2.042400990469297063e-03
6.244444444444444464e+00 3.180348857582702971e-02 -1.779981511138692277e-03
6.245138888888888573e+00 3.800001560849403798e-02 -1.161876702455987096e-03
6.245833333333333570e+00 3.719866656802854610e-02 -1.351847300284396349e-04
6.246527777777777679e+00 3.900018801282743169e-02 1.230991253437025779e-03
6.247222222222222676e+00 3.934474453492228796e-02 2.871060067623755051e-03
6.247916666666665897e+00 4.148979133764092025e-02 4.513271366556818875e-03
6.248611111111110894e+00 4.357935743882450363e-02 6.057268627201971116e-03
6.249305555555555003e+00 4.648893430352486061e-02 7.489891173656362117e-03
6.250000000000000000e+00 4.995648128876167132e-02 8.798255618261356659e-03
6.250694444444444997e+00 5.386432957997756149e-02 1.006163399934087779e-02
6.251388888888889106e+00 5.731872832936151657e-02 1.132120951257781574e-02
6.252083333333334103e+00 6.109110789224360405e-02 1.262193170126944819e-02
6.252777777777777324e+00 6.504117258617921060e-02 1.389949182224271829e-02
6.253472222222222321e+00 6.859787121204227733e-02 1.522273763999208024e-02
6.254166666666666430e+00 7.175130421238322398e-02 1.657587143679196615e-02
6.254861111111111427e+00 7.457745359352460635e-02 1.791086219440259433e-02
6.255555555555555536e+00 7.737120692563216606e-02 1.927839477962652037e-02
6.256250000000000533e+00 8.030671896869538695e-02 2.065191716324847257e-02
6.256944444444443754e+00 8.327882637987847614e-02 2.203988704969908272e-02
6.257638888888888751e+00 8.638044794118147907e-02 2.343221887481447552e-02
6.258333333333332860e+00 8.958724817378793670e-02 2.486962219590000203e-02
6.259027777777777857e+00 9.276601552249669203e-02 2.630624673935758398e-02
6.259722222222221966e+00 9.621362253764834116e-02 2.775069476484999867e-02
6.260416666666666963e+00 9.976106726481252795e-02 2.925460809352429387e-02
6.261111111111111960e+00 1.031000660003022762e-01 3.065635413272735713e-02
6.261805555555555181e+00 1.060513689072625221e-01 3.179763008390112944e-02
6.262500000000000178e+00 1.094436635737690705e-01 3.254203611760754511e-02
6.263194444444444287e+00 1.130929304892759890e-01 3.285916886016996413e-02
6.263888888888889284e+00 1.154774445637972158e-01 3.280960784854289325e-02
6.264583333333333393e+00 1.158500459974234342e-01 3.248977325251305864e-02
6.265277777777778390e+00 1.154358977126388325e-01 3.203222479449498172e-02
6.265972222222221610e+00 1.142878825590260550e-01 3.152937195484371846e-02
6.266666666666666607e+00 1.130525735541438870e-01 3.101729216531277922e-02
6.267361111111110716e+00 1.121564676706052893e-01 3.049547455723668546e-02
6.268055555555555713e+00 1.199650114602638373e-01 3.009584048221440253e-02
6.268749999999999822e+00 1.186199169329717196e-01 3.016783976972419595e-02
6.269444444444444819e+00 1.184887563148964568e-01 3.109709536581646908e-02
6.270138888888888040e+00 1.202154045511926866e-01 3.306001241818191244e-02
6.270833333333333037e+00 1.182789151919551862e-01 3.588253477856085533e-02
6.271527777777778034e+00 1.261864732487118224e-01 3.939435349868600222e-02
6.272222222222222143e+00 1.308226721725764263e-01 4.284813226278379877e-02
6.272916666666667140e+00 1.387613948231587457e-01 4.600383731050252528e-02
6.273611111111111249e+00 1.463146195070527400e-01 4.874743529915833568e-02
6.274305555555556246e+00 1.542209504759116945e-01 5.107154482675417551e-02
6.274999999999999467e+00 1.616957407732334817e-01 5.324817967962060944e-02
6.275694444444444464e+00 1.681188040136591122e-01 5.536832810595819498e-02
6.276388888888888573e+00 1.736925583716816823e-01 5.748714804161982050e-02
6.277083333333333570e+00 1.786590697851213605e-01 5.957265845899330919e-02
6.277777777777777679e+00 1.829143503556440176e-01 6.165998971054263006e-02
6.278472222222222676e+00 1.866780671748303200e-01 6.370043772777679580e-02
6.279166666666665897e+00 1.898575149101803805e-01 6.572168430341873702e-02
6.279861111111110894e+00 1.926549147451040167e-01 6.775972780123626360e-02
6.280555555555555003e+00 1.953200465310525880e-01 6.977836880164663136e-02
6.281250000000000000e+00 1.974984670295791001e-01 7.178217903289650648e-02
6.281944444444444997e+00 1.998310085578272333e-01 7.377551620451387737e-02
6.282638888888889106e+00 2.022900405046101635e-01 7.579156780710895325e-02
6.283333333333334103e+00 2.049099996539170132e-01 7.774445981156163921e-02
6.284027777777777324e+00 2.076018939812202535e-01 7.972671209717969998e-02
6.284722222222222321e+00 2.101010003857806119e-01 8.172288216360105995e-02
6.285416666666666430e+00 2.128764944127923275e-01 8.367778395358015098e-02
6.286111111111111427e+00 2.154028347154849643e-01 8.565908096567630137e-02
6.286805555555555536e+00 2.183823430874535787e-01 8.759916328231087679e-02
6.287500000000000533e+00 2.229757364665579944e-01 8.953063942799385777e-02
6.288194444444443754e+00 2.273492338505765653e-01 9.150850590130965578e-02
6.288888888888888751e+00 2.319674590226809552e-01 9.347126699991033238e-02
6.289583333333332860e+00 2.369219848740952150e-01 9.546188407008396326e-02
6.290277777777777857e+00 2.417156251877382311e-01 9.740882801073290354e-02
6.290972222222221966e+00 2.468435520630748170e-01 9.937523366017145254e-02
6.291666666666666963e+00 2.518551677200976946e-01 1.013875235354416149e-01
6.292361111111111960e+00 2.572625094143296542e-01 1.033629086265038383e-01
6.293055555555555181e+00 2.623638006391173505e-01 1.053714163957147343e-01
6.293750000000000178e+00 2.675300038427927962e-01 1.073505203721692725e-01
6.294444444444444287e+00 2.729469462105872934e-01 1.093194003751798010e-01
6.295138888888889284e+00 2.780173661887251901e-01 1.113267551759669211e-01
6.295833333333333393e+00 2.827414040991622080e-01 1.133418982168299810e-01
6.296527777777778390e+00 2.874677673942512279e-01 1.153648515157296023e-01
6.297222222222221610e+00 2.914790589433247647e-01 1.173615884816070903e-01
6.297916666666666607e+00 2.949972539609901911e-01 1.193641987306595931e-01
6.298611111111110716e+00 2.989906411456789148e-01 1.213255107694660995e-01
6.299305555555555713e+00 3.034224544374185539e-01 1.233224303976507286e-01
6.299999999999999822e+00 3.075947028635114822e-01 1.253648269043644292e-01
6.300694444444444819e+00 3.112889152423044536e-01 1.273691804765098301e-01
6.301388888888888040e+00 3.150862436644675246e-01 1.294206004055044323e-01
6.302083333333333037e+00 3.192560798089640328e-01 1.314492292782610816e-01
6.302777777777778034e+00 3.233647836643673279e-01 1.334475022871290939e-01
6.303472222222222143e+00 3.268528966692925142e-01 1.354770803674641422e-01
6.304166666666667140e+00 3.307387805774906209e-01 1.375171333175647659e-01
6.304861111111111249e+00 3.347666242425641481e-01 1.395992440429192072e-01
6.305555555555556246e+00 3.380360124673780775e-01 1.416643445903880139e-01
6.306249999999999467e+00 3.412666368978659048e-01 1.436659618626262847e-01
6.306944444444444464e+00 3.451626805351999949e-01 1.457337784557623250e-01
6.307638888888888573e+00 3.497150682431787727e-01 1.477690007615192203e-01
6.308333333333333570e+00 3.533299314676306424e-01 1.498030353081434563e-01
6.309027777777777679e+00 3.568531406406218465e-01 1.518687878570232908e-01
6.309722222222222676e+00 3.611319390352878411e-01 1.538991317516116009e-01
6.310416666666665897e+00 3.655630455814574131e-01 1.559748076351850921e-01
6.311111111111110894e+00 3.698872762442397266e-01 1.580053004974630304e-01
6.311805555555555003e+00 3.735292992726894634e-01 1.600453713199363470e-01
6.312500000000000000e+00 3.774054247591274169e-01 1.621209671624380677e-01
6.313194444444444997e+00 3.808687462433955617e-01 1.641708652156106951e-01
6.313888888888889106e+00 3.830633791502673358e-01 1.662261916124543881e-01
6.314583333333334103e+00 3.857389576753968985e-01 1.682059641877777234e-01
6.315277777777777324e+00 3.896476222599505324e-01 1.701559563615713810e-01
6.315972222222222321e+00 3.932964884733514133e-01 1.720942561367970747e-01
6.316666666666666430e+00 3.970920095861928401e-01 1.740020388567649900e-01
6.317361111111111427e+00 4.004943106958603338e-01 1.759039110793774729e-01
6.318055555555555536e+00 4.036224496375745985e-01 1.778139900904097126e-01
6.318750000000000533e+00 4.072387494459197566e-01 1.797221376510565460e-01
6.319444444444443754e+00 4.113832060170103944e-01 1.815998599644957079e-01
6.320138888888888751e+00 4.152446160906354544e-01 1.835356487042891782e-01
6.320833333333332860e+00 4.183629879146031350e-01 1.854273295773123664e-01
6.321527777777777857e+00 4.219196690183695808e-01 1.873506773146346172e-01
6.322222222222221966e+00 4.262114858915658222e-01 1.893226731824834974e-01
6.322916666666666963e+00 4.309957965828093429e-01 1.913249933345275156e-01
6.323611111111111960e+00 4.349961391493326057e-01 1.933513448518928979e-01
6.324305555555555181e+00 4.385811054130690501e-01 1.952817737232825090e-01
6.325000000000000178e+00 4.424335209742835118e-01 1.972743605700565117e-01
6.325694444444444287e+00 4.460556725530029354e-01 1.993451151895024032e-01
6.326388888888889284e+00 4.496263798758726171e-01 2.013518722334829147e-01
6.327083333333333393e+00 4.531569086257478118e-01 2.033728877139120150e-01
6.327777777777778390e+00 4.570635595855081501e-01 2.054218449497065280e-01
6.328472222222221610e+00 4.614358625681581061e-01 2.075108249402950744e-01
6.329166666666666607e+00 4.653886601457535299e-01 2.095383419035947714e-01
6.329861111111110716e+00 4.693028196340210401e-01 2.115452681147084457e-01
6.330555555555555713e+00 4.728552096042403230e-01 2.136372781725776049e-01
6.331249999999999822e+00 4.766801215388252189e-01 2.157070240074440703e-01
6.331944444444444819e+00 4.802185482753801860e-01 2.177879366734666311e-01
6.332638888888888040e+00 4.838317978218016902e-01 2.198763485918708016e-01
6.333333333333333037e+00 4.873840267484123578e-01 2.219147674655767288e-01
6.334027777777778034e+00 4.908407726984491126e-01 2.240132091712365991e-01
6.334722222222222143e+00 4.942985489248284403e-01 2.261571851202513195e-01
6.335416666666667140e+00 4.978490788597831340e-01 2.282073208851883861e-01
6.336111111111111249e+00 5.018705044819946615e-01 2.302539232515416479e-01
6.336805555555556246e+00 5.053033467796608225e-01 2.323622572194458391e-01
6.337499999999999467e+00 5.086331849219128953e-01 2.344480732871284112e-01
6.338194444444444464e+00 5.122888417459691146e-01 2.365603747925015821e-01
6.338888888888888573e+00 5.150532514457182298e-01 2.386573551169332563e-01
6.339583333333333570e+00 5.184798210041914324e-01 2.407715307463803578e-01
6.340277777777777679e+00 5.226794148483292490e-01 2.428453595728830294e-01
6.340972222222222676e+00 5.258088374729444903e-01 2.449763360884059660e-01
6.341666666666665897e+00 5.279909326465722641e-01 2.470823379420485355e-01
6.342361111111110894e+00 5.319603272497019919e-01 2.491558984839178648e-01
6.343055555555555003e+00 5.359654913802827103e-01 2.513366907022728802e-01
6.343750000000000000e+00 5.392032019533294918e-01 2.534457796922880424e-01
6.344444444444444997e+00 5.423442653596589613e-01 2.555207591895141683e-01
6.345138888888889106e+00 5.454339042069109578e-01 2.576625789697621904e-01
6.345833333333334103e+00 5.487606774725376502e-01 2.597617015275536789e-01
6.346527777777777324e+00 5.526548552708022699e-01 2.618823486539681444e-01
6.347222222222222321e+00 5.554536748885838815e-01 2.639914009987382459e-01
6.347916666666666430e+00 5.580823989157154275e-01 2.660680968379607325e-01
6.348611111111111427e+00 5.613466946058319751e-01 2.681354870987558425e-01
6.349305555555555536e+00 5.647207137483759576e-01 2.702182657160966950e-01
6.350000000000000533e+00 5.683792830364007287e-01 2.722821332344267931e-01
6.350694444444443754e+00 5.719300020679115582e-01 2.744223491348838362e-01
6.351388888888888751e+00 5.751205478867136289e-01 2.765544952338450657e-01
6.352083333333332860e+00 5.782300361443528658e-01 2.786609834112184214e-01
6.352777777777777857e+00 5.817174742361443940e-01 2.808140884476265642e-01
6.353472222222221966e+00 5.858845806200105866e-01 2.829207784277265603e-01
6.354166666666666963e+00 5.899878412477821410e-01 2.850513647639079107e-01
6.354861111111111960e+00 5.238704328681135225e-01 2.861388794542217839e-01
6.355555555555555181e+00 4.226200409680037628e-01 2.841074270331988560e-01
6.356250000000000178e+00 4.526897519976710305e-01 2.776159598558985975e-01
6.356944444444444287e+00 4.582591567091675588e-01 2.662720932965499387e-01
6.357638888888889284e+00 4.213524753317750560e-01 2.518122717160727331e-01
6.358333333333333393e+00 4.173238115498398293e-01 2.337810472914294835e-01
6.359027777777778390e+00 3.704629034816817601e-01 2.165079787436067493e-01
6.359722222222221610e+00 3.688516931011744937e-01 2.011623744088956722e-01
6.360416666666666607e+00 3.666262146647131792e-01 1.887226196400607625e-01
6.361111111111110716e+00 3.486193196933308203e-01 1.783769238480738539e-01
6.361805555555555713e+00 3.242946428407671444e-01 1.692456618361879161e-01
6.362499999999999822e+00 3.481246641165502975e-01 1.607950464850671779e-01
6.363194444444444819e+00 3.181376939934924541e-01 1.528217840671851901e-01
6.363888888888888040e+00 2.962826690459781642e-01 1.450458688525335382e-01
6.364583333333333037e+00 2.662443165454757010e-01 1.378469213536822890e-01
6.365277777777778034e+00 2.739009730910378915e-01 1.310520622140503022e-01
6.365972222222222143e+00 2.793353566599521831e-01 1.246962323453989080e-01
6.366666666666667140e+00 2.846359257745004201e-01 1.190163440805754314e-01
6.367361111111111249e+00 2.881768102542084931e-01 1.138586912315988769e-01
6.368055555555556246e+00 2.900298196267432904e-01 1.091129535338942053e-01
6.368749999999999467e+00 2.834132205141852712e-01 1.049449614961891625e-01
6.369444444444444464e+00 2.938362021750298703e-01 1.012253126923013807e-01
6.370138888888888573e+00 3.129884474716527198e-01 9.799735322629644918e-02
6.370833333333333570e+00 2.902840605285560982e-01 9.528978138416480115e-02
6.371527777777777679e+00 3.212750540224885154e-01 9.312811978091523057e-02
6.372222222222222676e+00 3.027324653480238936e-01 9.129470733543400274e-02
6.372916666666665897e+00 2.959898041845905881e-01 8.939432581636325148e-02
6.373611111111110894e+00 2.949436512282337941e-01 8.723380146877698915e-02
6.374305555555555003e+00 2.870857740442189221e-01 8.479097865053464300e-02
6.375000000000000000e+00 2.684059947528740775e-01 8.203577978332432519e-02
6.375694444444444997e+00 2.615983097622367470e-01 7.915972135040094670e-02
6.376388888888889106e+00 2.701270837125430702e-01 7.628536254006540451e-02
6.377083333333334103e+00 2.693704473821836309e-01 7.341879545289325959e-02
6.377777777777777324e+00 2.568834102763370986e-01 7.061792589245614871e-02
6.378472222222222321e+00 2.621646020339806205e-01 6.787761531782181279e-02
6.379166666666666430e+00 2.998751583379209995e-01 6.575805828331160452e-02
6.379861111111111427e+00 3.188502176274122246e-01 6.545309429607494567e-02
6.380555555555555536e+00 3.439876210210952578e-01 6.791936806894227630e-02
6.381250000000000533e+00 3.892876800917561830e-01 7.375621936556621405e-02
6.381944444444443754e+00 4.649373379181354626e-01 8.300255314158680453e-02
6.382638888888888751e+00 4.458276244125058962e-01 9.527785646492910321e-02
6.383333333333332860e+00 4.008807740026935074e-01 1.059986421812851021e-01
6.384027777777777857e+00 4.032223272848755036e-01 1.115326619084556214e-01
6.384722222222221966e+00 4.203510329264437684e-01 1.112892321412526780e-01
6.385416666666666963e+00 4.117970913902003205e-01 1.061618434206918760e-01
6.386111111111111960e+00 4.132642594123612789e-01 9.925495829442528006e-02
6.386805555555555181e+00 3.935298377923791002e-01 9.429233009214450789e-02
6.387500000000000178e+00 4.135662811295203189e-01 9.293696653758194703e-02
6.388194444444444287e+00 4.953127938027280797e-01 9.605774403850635135e-02
6.388888888888889284e+00 5.708434067548620039e-01 1.038351334193070435e-01
6.389583333333333393e+00 5.299027956284352303e-01 1.156111623687562928e-01
6.390277777777778390e+00 4.640955704619028621e-01 1.249463261862672342e-01
6.390972222222221610e+00 4.584626273393553886e-01 1.291316289727973410e-01
6.391666666666666607e+00 4.747488611038615525e-01 1.278938130250681648e-01
6.392361111111110716e+00 4.558122356931180730e-01 1.220410106208005413e-01
6.393055555555555713e+00 4.397297664803442308e-01 1.143950391042739684e-01
6.393749999999999822e+00 4.351317555685350058e-01 1.060887055075778046e-01
6.394444444444444819e+00 4.275661267946497257e-01 9.916797839232482925e-02
6.395138888888888040e+00 4.176592952998851582e-01 9.368779855468940820e-02
6.395833333333333037e+00 4.055618888846013181e-01 8.935749950316078383e-02
6.396527777777778034e+00 3.880215858551454011e-01 8.569785829424240997e-02
6.397222222222222143e+00 3.655994663029454861e-01 8.225532218795808537e-02
6.397916666666667140e+00 3.720498506465868549e-01 7.884028343403935712e-02
6.398611111111111249e+00 3.595118032657397822e-01 7.556772272455464234e-02
6.399305555555556246e+00 3.130639061532254908e-01 7.246853007377053457e-02
6.399999999999999467e+00 3.280883885676486589e-01 6.950761527683564645e-02
6.400694444444444464e+00 3.311813268959743484e-01 6.682216012509679948e-02
6.401388888888888573e+00 3.458344095484282565e-01 6.441161836838052435e-02
6.402083333333333570e+00 3.356035623136271462e-01 6.231921735062528889e-02
6.402777777777777679e+00 3.226065485217753381e-01 6.051911624606157170e-02
6.403472222222222676e+00 3.200532936704714171e-01 5.893399518771249429e-02
6.404166666666665897e+00 3.334373452788805259e-01 5.754734824354060252e-02
6.404861111111110894e+00 3.332748516320902521e-01 5.634091180806357485e-02
6.405555555555555003e+00 3.334756468850149647e-01 5.532745231345699566e-02
6.406250000000000000e+00 3.303644267031684567e-01 5.449984719787676762e-02
6.406944444444444997e+00 3.282203699004275221e-01 5.379668105860842264e-02
6.407638888888889106e+00 3.260718564192197078e-01 5.318862957714692863e-02
6.408333333333334103e+00 3.252335774600912943e-01 5.265819277276116706e-02
6.409027777777777324e+00 3.249305311463515089e-01 5.218627660029014070e-02
6.409722222222222321e+00 3.259987152087870377e-01 5.177370377070653062e-02
6.410416666666666430e+00 3.264717680505681008e-01 5.141004265779140076e-02
6.411111111111111427e+00 3.268937079338305463e-01 5.106066050220708225e-02
6.411805555555555536e+00 3.270651704223055400e-01 5.068877699777395857e-02
6.412500000000000533e+00 3.271706792033043931e-01 5.027538678291824936e-02
6.413194444444443754e+00 3.269870488547335641e-01 4.982281570408120253e-02
6.413888888888888751e+00 3.268534505978875071e-01 4.932239734953321186e-02
6.414583333333332860e+00 3.278807188039742360e-01 4.873827930132640374e-02
6.415277777777777857e+00 3.282677110540423437e-01 4.803394035638242077e-02
6.415972222222221966e+00 3.280559100063846212e-01 4.719526791433240748e-02
6.416666666666666963e+00 3.252413117750367899e-01 4.621236449656749429e-02
6.417361111111111960e+00 3.171361323640756180e-01 4.510405060041480091e-02
6.418055555555555181e+00 3.003039640084815831e-01 4.393210123199632611e-02
6.418750000000000178e+00 3.218519586009038758e-01 4.270448996418049065e-02
6.419444444444444287e+00 2.708430650003730844e-01 4.137954584588557361e-02
6.420138888888889284e+00 2.894083595320694480e-01 3.996672405587098353e-02
6.420833333333333393e+00 2.779505320187214412e-01 3.855827233249663893e-02
6.421527777777778390e+00 2.924249449757073127e-01 3.733325324731984890e-02
6.422222222222221610e+00 3.024248848040709259e-01 3.639864299138814013e-02
6.422916666666666607e+00 2.853334031492096301e-01 3.580158532506069746e-02
6.423611111111110716e+00 3.063750058305405588e-01 3.545530731558751286e-02
6.424305555555555713e+00 2.962428959174323029e-01 3.529486599955542619e-02
6.424999999999999822e+00 2.991490680335121000e-01 3.520716347415023956e-02
6.425694444444444819e+00 2.958663451673322897e-01 3.508357664261106679e-02
6.426388888888888040e+00 2.961052192623416790e-01 3.491902117757601093e-02
6.427083333333333037e+00 2.950072239320273293e-01 3.472876929085216835e-02
6.427777777777778034e+00 2.886296920191370741e-01 3.463796763092655967e-02
6.428472222222222143e+00 3.126794004226848833e-01 3.491281818483558258e-02
6.429166666666667140e+00 3.115674178642672265e-01 3.587808026789725269e-02
6.429861111111111249e+00 3.088884650245505292e-01 3.728537647780588715e-02
6.430555555555556246e+00 3.176230721293708537e-01 3.943865021631120377e-02
6.431249999999999467e+00 3.216332413680076940e-01 4.191813894753268488e-02
6.431944444444444464e+00 3.367176861705478697e-01 4.367925751101436882e-02
6.432638888888888573e+00 3.041454114812709997e-01 4.407836359096407863e-02
6.433333333333333570e+00 3.031787332129008972e-01 4.290661565870201172e-02
6.434027777777777679e+00 2.717396916737473966e-01 4.071953056359734618e-02
6.434722222222222676e+00 2.393275223137198704e-01 3.754250546178272696e-02
6.435416666666665897e+00 2.526527308521654414e-01 3.436780648610131966e-02
6.436111111111110894e+00 2.431938182275300564e-01 3.178743704325094621e-02
6.436805555555555003e+00 2.449305258710493538e-01 2.985926036362068076e-02
6.437500000000000000e+00 2.414533057788419979e-01 2.837424094376227862e-02
6.438194444444444997e+00 2.386945695049065286e-01 2.718697967684048644e-02
6.438888888888889106e+00 2.352036093593947996e-01 2.612344789002547796e-02
6.439583333333334103e+00 2.321849802884503600e-01 2.510570692825648056e-02
6.440277777777777324e+00 2.291704988216650418e-01 2.413729624103100671e-02
6.440972222222222321e+00 2.264957768765178125e-01 2.326786164605730567e-02
6.441666666666666430e+00 2.238000964008163007e-01 2.247120726642238067e-02
6.442361111111111427e+00 2.213365631060167649e-01 2.170943214685609052e-02
6.443055555555555536e+00 2.189841395933179169e-01 2.099056082764432993e-02
6.443750000000000533e+00 2.166761912370526455e-01 2.031085468985658476e-02
6.444444444444443754e+00 2.142856315447241033e-01 1.966728397238561021e-02
6.445138888888888751e+00 2.325066129838960771e-01 1.913765109993520105e-02
6.445833333333332860e+00 2.236132154219389323e-01 1.885434180426842979e-02
6.446527777777777857e+00 2.464879861003860806e-01 1.890263958832546012e-02
6.447222222222221966e+00 2.464140433213492243e-01 1.932542556306408518e-02
6.447916666666666963e+00 2.437297189588349677e-01 2.015920946626535704e-02
6.448611111111111960e+00 2.465997012509561215e-01 2.108586368539461242e-02
6.449305555555555181e+00 2.450475353239625342e-01 2.179434596904546856e-02
6.450000000000000178e+00 2.278033323125022158e-01 2.215254705454557799e-02
6.450694444444444287e+00 2.174829642702166554e-01 2.203416866675295474e-02
6.451388888888889284e+00 2.064969477151204214e-01 2.134636870146738516e-02
6.452083333333333393e+00 2.139025067071688435e-01 2.040083677484951993e-02
6.452777777777778390e+00 2.057672989105215899e-01 1.944567318244618329e-02
6.453472222222221610e+00 2.134679773720409013e-01 1.873106784028245875e-02
6.454166666666666607e+00 2.173155581408513781e-01 1.828186917325316102e-02
6.454861111111110716e+00 2.186763312916251700e-01 1.799798068701729398e-02
6.455555555555555713e+00 2.450876461937720185e-01 1.788950982293689013e-02
6.456249999999999822e+00 2.354658425928045640e-01 1.806706453646523061e-02
6.456944444444444819e+00 2.389131489386856766e-01 1.860650177503774330e-02
6.457638888888888040e+00 2.422296694367272463e-01 1.951350577734061939e-02
6.458333333333333037e+00 2.583216803975136866e-01 2.086922517655747517e-02
6.459027777777778034e+00 2.563630393594566459e-01 2.256500469990494959e-02
6.459722222222222143e+00 2.590917395098181197e-01 2.439364334729688874e-02
6.460416666666667140e+00 2.601142945081873492e-01 2.618048770828903041e-02
6.461111111111111249e+00 2.641559996166176205e-01 2.790057201645486373e-02
6.461805555555556246e+00 2.685523127129602061e-01 2.960520043912905075e-02
6.462499999999999467e+00 2.751261031265940238e-01 3.130015430192279596e-02
6.463194444444444464e+00 2.810994239280523721e-01 3.297579871746482427e-02
6.463888888888888573e+00 2.862299283541909212e-01 3.456956154690568606e-02
6.464583333333333570e+00 2.918779146595658625e-01 3.607308036985857475e-02
6.465277777777777679e+00 2.976857936891162404e-01 3.749505540866138881e-02
6.465972222222222676e+00 2.902341099533665703e-01 3.927359829748590381e-02
6.466666666666665897e+00 3.214482108521858894e-01 4.222372442471618303e-02
6.467361111111110894e+00 3.768627453537552463e-01 4.714868974814302727e-02
6.468055555555555003e+00 4.449263760949229707e-01 5.438559574109501360e-02
6.468750000000000000e+00 5.064225532557612430e-01 6.436885211147391761e-02
6.469444444444444997e+00 4.694243527447403697e-01 7.526656105981115175e-02
6.470138888888889106e+00 4.124904761269483910e-01 8.374610356718721615e-02
6.470833333333334103e+00 4.208655807865276932e-01 8.732821469557017213e-02
6.471527777777777324e+00 4.057047880688525732e-01 8.549361490693545285e-02
6.472222222222222321e+00 3.964238803552080359e-01 7.944678572870272903e-02
6.472916666666666430e+00 3.928911696066140768e-01 7.219067963173411706e-02
6.473611111111111427e+00 3.925797780271693127e-01 6.693542644115091367e-02
6.474305555555555536e+00 3.908059116069790284e-01 6.511702480041084429e-02
6.475000000000000533e+00 5.111788796282212832e-01 6.784743205415393053e-02
6.475694444444443754e+00 5.611955072701869662e-01 7.582328863648310491e-02
6.476388888888888751e+00 5.363827070101265804e-01 8.808403520175270285e-02
6.477083333333332860e+00 4.748258777789809426e-01 9.878856371055402819e-02
6.477777777777777857e+00 4.395369090891953490e-01 1.040195691359770552e-01
6.478472222222221966e+00 4.639134991175882239e-01 1.034261459061632665e-01
6.479166666666666963e+00 4.668286211051914103e-01 9.903924438292967258e-02
6.479861111111111960e+00 4.518366823674161981e-01 9.315014524506913529e-02
6.480555555555555181e+00 4.210981522401517907e-01 8.773503898154223768e-02
6.481250000000000178e+00 4.626872164957660516e-01 8.507525519806025116e-02
6.481944444444444287e+00 5.832874512369720099e-01 8.735713254744369161e-02
6.482638888888889284e+00 6.374892996418032309e-01 9.556701245342966167e-02
6.483333333333333393e+00 6.599565659792947514e-01 1.070504269150244908e-01
6.484027777777778390e+00 6.832496652042390206e-01 1.199220015876958506e-01
6.484722222222221610e+00 7.085717046679174125e-01 1.323370430502036343e-01
6.485416666666666607e+00 7.191981834044260946e-01 1.422380406792994878e-01
6.486111111111110716e+00 7.233012293293910044e-01 1.498589481511999333e-01
6.486805555555555713e+00 6.472024602799412163e-01 1.556659128980434625e-01
6.487499999999999822e+00 5.610613555687441467e-01 1.583297351012067644e-01
6.488194444444444819e+00 4.991831990442783251e-01 1.572433292112436487e-01
6.488888888888888040e+00 5.189921515959893261e-01 1.519889593298113240e-01
6.489583333333333037e+00 5.217143879256549432e-01 1.423584879287707050e-01
6.490277777777778034e+00 4.669613277683649644e-01 1.314422802722744754e-01
6.490972222222222143e+00 4.903782690914170739e-01 1.209022830936698351e-01
6.491666666666667140e+00 4.764997385709210387e-01 1.127712497675837644e-01
6.492361111111111249e+00 4.790388955285570516e-01 1.064998018828933746e-01
6.493055555555556246e+00 4.685938336240059177e-01 1.022942473625911980e-01
6.493749999999999467e+00 4.604177422886916449e-01 9.921059237874353676e-02
6.494444444444444464e+00 4.516260770883048781e-01 9.647304296686415315e-02
6.495138888888888573e+00 4.438162636489524360e-01 9.373227762449096168e-02
6.495833333333333570e+00 4.367000975831903387e-01 9.103284168111724917e-02
6.496527777777777679e+00 4.304166157106609214e-01 8.845466445260288801e-02
6.497222222222222676e+00 4.358733771824992442e-01 8.608151397008537153e-02
6.497916666666665897e+00 4.353489913526627508e-01 8.402817107811225150e-02
6.498611111111110894e+00 4.334578390814181614e-01 8.237513095689522058e-02
6.499305555555555003e+00 4.300426333298790205e-01 8.119488062202412371e-02
6.500000000000000000e+00 4.286338188255559012e-01 8.047374064718247622e-02
6.500694444444444997e+00 4.244390868958965446e-01 8.054199977802843635e-02
6.501388888888889106e+00 4.663139873984885053e-01 8.231327829168250121e-02
6.502083333333334103e+00 4.936531710568076159e-01 8.614258545824016178e-02
6.502777777777777324e+00 6.146957549007765476e-01 9.340557479735620006e-02
6.503472222222222321e+00 6.788524040540468985e-01 1.035058319412986427e-01
6.504166666666666430e+00 6.448315984299507475e-01 1.154202866623659229e-01
6.504861111111111427e+00 5.868108481391002273e-01 1.255644112333452189e-01
6.505555555555555536e+00 4.954885508321049126e-01 1.303811485116347646e-01
6.506250000000000533e+00 5.266391375051553414e-01 1.298324858779310309e-01
6.506944444444443754e+00 5.368794390863264043e-01 1.246702999097566850e-01
6.507638888888888751e+00 5.323000684491984158e-01 1.169773446142769319e-01
6.508333333333332860e+00 5.173357334737034297e-01 1.099521920348746767e-01
6.509027777777777857e+00 5.068153917909097306e-01 1.040164666182430975e-01
6.509722222222221966e+00 4.950815207331561441e-01 9.982395418289245759e-02
6.510416666666666963e+00 4.855931221127027242e-01 9.692530841785822193e-02
6.511111111111111960e+00 4.859580661438362426e-01 9.464266791866160489e-02
6.511805555555555181e+00 4.690677552605272416e-01 9.229590341683197030e-02
6.512500000000000178e+00 4.373521009587510999e-01 8.926947112200520063e-02
6.513194444444444287e+00 4.418764100272556394e-01 8.579713712391551228e-02
6.513888888888889284e+00 4.244852813006314007e-01 8.209784895781677139e-02
6.514583333333333393e+00 4.285219912031835721e-01 7.826648694067189771e-02
6.515277777777778390e+00 4.220698761536336718e-01 7.483125644531249399e-02
6.515972222222221610e+00 4.111197285129910006e-01 7.220216362175738145e-02
6.516666666666666607e+00 4.212086196796107074e-01 7.046464945843848582e-02
6.517361111111110716e+00 4.310266342989633737e-01 6.936940337594652006e-02
6.518055555555555713e+00 4.197081104484290393e-01 6.927005076023365349e-02
6.518749999999999822e+00 4.302013738566721202e-01 7.089863800417910145e-02
6.519444444444444819e+00 4.662919503252968556e-01 7.457577155590089379e-02
6.520138888888888040e+00 5.955188027562076103e-01 8.179243776268060873e-02
6.520833333333333037e+00 6.672215207293306083e-01 9.244259480607208701e-02
6.521527777777778034e+00 6.345097965497238368e-01 1.046125422444215969e-01
6.522222222222222143e+00 5.740844743007298412e-01 1.151148634832240975e-01
6.522916666666667140e+00 4.933966704319825980e-01 1.205851082622989012e-01
6.523611111111111249e+00 5.369173738032066989e-01 1.202585864372628655e-01
6.524305555555556246e+00 5.406566835562599538e-01 1.150128507641037662e-01
6.524999999999999467e+00 5.117981669521188826e-01 1.079888522109121868e-01
6.525694444444444464e+00 5.015410373790030185e-01 1.012801052321214007e-01
6.526388888888888573e+00 4.823395031870576499e-01 9.458205690462317961e-02
6.527083333333333570e+00 4.702826338000899997e-01 8.916085893064673584e-02
6.527777777777777679e+00 4.580327442488972278e-01 8.506878418092353455e-02
6.528472222222222676e+00 4.843820923034865000e-01 8.236384182020607680e-02
6.529166666666665897e+00 4.310420069907667240e-01 8.168406815872625293e-02
6.529861111111110894e+00 4.911995101683925280e-01 8.384335232927929427e-02
6.530555555555555003e+00 6.107997628470609452e-01 8.926526309739506171e-02
6.531250000000000000e+00 6.989961501039907432e-01 9.929538738306011025e-02
6.531944444444444997e+00 7.296211748600092140e-01 1.124443550449100854e-01
6.532638888888889106e+00 7.613329895521822044e-01 1.258123440953418659e-01
6.533333333333334103e+00 7.842907915034188493e-01 1.380588131240126082e-01
6.534027777777777324e+00 7.946984815012273495e-01 1.484040778381543746e-01
6.534722222222222321e+00 7.995959544213107062e-01 1.566068698044388030e-01
6.535416666666666430e+00 7.099919498618818547e-01 1.627988084706299965e-01
6.536111111111111427e+00 6.094215669234168686e-01 1.656855987057557211e-01
6.536805555555555536e+00 5.871693741028454205e-01 1.645092600410928974e-01
6.537500000000000533e+00 5.641016418991025017e-01 1.591005147572954748e-01
6.538194444444443754e+00 5.430674590418553827e-01 1.492278712920661055e-01
6.538888888888888751e+00 5.767790822001805928e-01 1.383736696940429667e-01
6.539583333333332860e+00 5.044324901312868814e-01 1.295878936411470894e-01
6.540277777777777857e+00 5.562078015311813228e-01 1.258412967029566842e-01
6.540972222222221966e+00 6.809044946714111202e-01 1.274749029764666586e-01
6.541666666666666963e+00 7.690620964827834527e-01 1.339113095744861315e-01
6.542361111111111960e+00 7.830607555072357506e-01 1.455866275798546050e-01
6.543055555555555181e+00 8.111582197964088969e-01 1.594176992226759848e-01
6.543750000000000178e+00 8.352454018601698227e-01 1.715425111989840323e-01
6.544444444444444287e+00 8.462651673075706205e-01 1.811703165648448632e-01
6.545138888888889284e+00 8.458024285697647304e-01 1.888550339398917255e-01
6.545833333333333393e+00 7.395530728861617886e-01 1.943774767671430093e-01
6.546527777777778390e+00 6.237571574452730472e-01 1.962803480042298876e-01
6.547222222222221610e+00 6.230172896481271927e-01 1.935853615387408133e-01
6.547916666666666607e+00 5.858422230456485913e-01 1.851495210880069187e-01
6.548611111111110716e+00 5.667667033201129190e-01 1.734110219143208675e-01
6.549305555555555713e+00 5.288402334608328648e-01 1.587997359168755729e-01
6.549999999999999822e+00 5.183770942696528383e-01 1.453084207493175462e-01
6.550694444444444819e+00 4.972435837625355792e-01 1.340856592061049624e-01
6.551388888888888040e+00 5.136126873737774101e-01 1.253950612820018407e-01
6.552083333333333037e+00 4.980327835008877546e-01 1.188543505364578756e-01
6.552777777777778034e+00 4.886073609206089685e-01 1.137057431403794561e-01
6.553472222222222143e+00 4.760622859956710751e-01 1.092357373502742812e-01
6.554166666666667140e+00 4.665349438394163495e-01 1.049962154204024667e-01
6.554861111111111249e+00 4.574365196625545527e-01 1.010279814012584598e-01
6.555555555555556246e+00 4.494258833133220055e-01 9.743216353852410250e-02
6.556249999999999467e+00 4.429759012153612896e-01 9.412227927167070296e-02
6.556944444444444464e+00 4.363607216376692577e-01 9.097321964409543771e-02
6.557638888888888573e+00 4.305740535107879241e-01 8.799277934979848892e-02
6.558333333333333570e+00 4.248844310405526792e-01 8.509830184606277659e-02
6.559027777777777679e+00 4.190046220114044262e-01 8.230939276765973645e-02
6.559722222222222676e+00 4.596803343845354828e-01 8.033212629006152017e-02
6.560416666666665897e+00 4.190337885843197219e-01 8.008292865892713275e-02
6.561111111111110894e+00 4.692785487956548929e-01 8.294555016483504128e-02
6.561805555555555003e+00 5.845866190340652802e-01 8.883956229001345462e-02
6.562500000000000000e+00 6.903647381286028839e-01 9.909725447697964595e-02
6.563194444444444997e+00 7.201977908455811095e-01 1.129869905177430661e-01
6.563888888888889106e+00 7.550816316000060757e-01 1.270636261109730214e-01
6.564583333333334103e+00 7.837778986860085562e-01 1.398299651332922944e-01
6.565277777777777324e+00 8.019100220050854322e-01 1.502506278374979298e-01
6.565972222222222321e+00 8.131272333714657519e-01 1.588145081163260530e-01
6.566666666666666430e+00 7.365293788724877055e-01 1.653103047636131362e-01
6.567361111111111427e+00 6.563781290449868244e-01 1.687612737587667056e-01
6.568055555555555536e+00 5.527164945512761385e-01 1.686411128860043629e-01
6.568750000000000533e+00 5.912510201521334885e-01 1.646936897600660143e-01
6.569444444444443754e+00 5.973213031506033888e-01 1.560921083917886920e-01
6.570138888888888751e+00 5.751022070283098309e-01 1.468905730559157408e-01
6.570833333333332860e+00 5.307649599290960030e-01 1.365332466594055827e-01
6.571527777777777857e+00 5.482619391239220707e-01 1.268060243163982026e-01
6.572222222222221966e+00 4.792303858945039519e-01 1.183678536908864543e-01
6.572916666666666963e+00 4.562722269038259615e-01 1.109639987808366118e-01
6.573611111111111960e+00 4.576733272161511712e-01 1.044520870970465226e-01
6.574305555555555181e+00 4.845244579689112485e-01 9.886202151954742723e-02
6.575000000000000178e+00 4.748726094399375874e-01 9.455804221503774643e-02
6.575694444444444287e+00 4.856938691649155815e-01 9.174657327729580925e-02
6.576388888888889284e+00 4.880723781935737415e-01 9.023501337049288917e-02
6.577083333333333393e+00 4.731076022662958902e-01 8.957652916684960553e-02
6.577777777777778390e+00 4.780646766904361189e-01 8.898403266927022714e-02
6.578472222222221610e+00 4.571267063977095257e-01 8.786082727750091359e-02
6.579166666666666607e+00 4.455097104620800441e-01 8.608541297704246087e-02
6.579861111111110716e+00 4.413580899615756059e-01 8.377968151176636014e-02
6.580555555555555713e+00 4.806626428635273340e-01 8.182748982749772637e-02
6.581249999999999822e+00 4.354566630618674217e-01 8.129941153143627197e-02
6.581944444444444819e+00 4.960619138657600957e-01 8.378724405055640312e-02
6.582638888888888040e+00 6.152355613489806085e-01 8.977812982700456024e-02
6.583333333333333037e+00 7.083367109847920062e-01 9.939922143373661201e-02
6.584027777777778034e+00 6.616711442594434001e-01 1.117069816081008859e-01
6.584722222222222143e+00 5.990706283138745869e-01 1.222914509155228480e-01
6.585416666666667140e+00 5.483368382771749427e-01 1.271551768903434743e-01
6.586111111111111249e+00 5.722312175141324175e-01 1.269995291910713531e-01
6.586805555555556246e+00 5.912832654520279174e-01 1.219729290137049060e-01
6.587499999999999467e+00 5.362833790431598135e-01 1.145373995407685946e-01
6.588194444444444464e+00 5.328829379888169182e-01 1.067914045379060733e-01
6.588888888888888573e+00 5.139011434268832001e-01 9.975697743606105894e-02
6.589583333333333570e+00 5.115889018582460146e-01 9.424595162486973376e-02
6.590277777777777679e+00 4.993519347761949945e-01 8.976922327737478502e-02
6.590972222222222676e+00 4.791317876241666940e-01 8.605499632242182007e-02
6.591666666666665897e+00 4.990550210183665181e-01 8.327176709810346633e-02
6.592361111111110894e+00 4.949895223059447846e-01 8.144493350501139095e-02
6.593055555555555003e+00 4.746984123733142269e-01 8.066898327687116454e-02
6.593750000000000000e+00 4.809418222240949836e-01 8.111000824618316840e-02
6.594444444444444997e+00 4.550497567422787104e-01 8.270139951019628288e-02
6.595138888888889106e+00 5.056755374195047725e-01 8.544962118654188254e-02
6.595833333333334103e+00 5.727341203729719998e-01 9.038887659169518585e-02
6.596527777777777324e+00 6.774782372451167989e-01 9.770304878890401223e-02
6.597222222222222321e+00 7.472339387305061420e-01 1.074110060099427444e-01
6.597916666666666430e+00 7.803981912093478357e-01 1.189844347791572526e-01
6.598611111111111427e+00 7.998662234877342847e-01 1.303258884586405153e-01
6.599305555555555536e+00 8.186823378390355455e-01 1.407950714789556468e-01
6.600000000000000533e+00 8.300910245975466895e-01 1.495962478264367956e-01
6.600694444444443754e+00 8.384111401150381448e-01 1.570079494157811395e-01
6.601388888888888751e+00 8.443604577424151936e-01 1.635400937884396722e-01
6.602083333333332860e+00 8.493326353202452772e-01 1.696066256074180989e-01
6.602777777777777857e+00 8.539883303092518085e-01 1.757021896221623858e-01
6.603472222222221966e+00 8.584529081403191597e-01 1.816086523924547169e-01
6.604166666666666963e+00 8.623635972013929951e-01 1.871067884431605877e-01
6.604861111111111960e+00 7.633606836874547996e-01 1.912768581853349914e-01
6.605555555555555181e+00 6.460045618875810414e-01 1.924258470631215190e-01
6.606250000000000178e+00 6.591159526297485360e-01 1.893421691234912774e-01
6.606944444444444287e+00 6.184521230779992385e-01 1.809155721791835536e-01
6.607638888888889284e+00 5.876622251735377223e-01 1.695319256949889830e-01
6.608333333333333393e+00 6.271089618275017541e-01 1.569080138585120521e-01
6.609027777777778390e+00 5.736585739317798804e-01 1.469187756174777093e-01
6.609722222222221610e+00 6.093165907845062845e-01 1.420388226681005561e-01
6.610416666666666607e+00 6.989288392554692253e-01 1.429168061135891732e-01
6.611111111111110716e+00 8.098591994602434285e-01 1.489578494158760313e-01
6.611805555555555713e+00 7.342376771686158765e-01 1.583202104678787525e-01
6.612499999999999822e+00 6.492504948186593738e-01 1.676836597699628284e-01
6.613194444444444819e+00 6.320447101907643583e-01 1.712117913329309904e-01
6.613888888888888040e+00 6.380588566517576554e-01 1.683042280586702633e-01
6.614583333333333037e+00 6.347803226801950194e-01 1.600070206171812504e-01
6.615277777777778034e+00 6.348637175877397398e-01 1.511075223303446347e-01
6.615972222222222143e+00 5.809897891598089226e-01 1.426293023155599804e-01
6.616666666666667140e+00 6.126105429915700284e-01 1.389150203526114402e-01
6.617361111111111249e+00 7.373577775258457478e-01 1.404516363843974491e-01
6.618055555555556246e+00 8.188518959212405246e-01 1.468823983713797299e-01
6.618749999999999467e+00 8.477910981900723675e-01 1.574311142480336045e-01
6.619444444444444464e+00 8.635065917485678089e-01 1.698243815000328172e-01
6.620138888888888573e+00 8.905741598861303121e-01 1.798854234634217064e-01
6.620833333333333570e+00 9.023422882131714173e-01 1.879115423101395677e-01
6.621527777777777679e+00 9.052644052156301191e-01 1.948443408884411587e-01
6.622222222222222676e+00 7.965582674652352813e-01 1.997482650849073393e-01
6.622916666666665897e+00 6.426285053385670798e-01 2.009897106767000174e-01
6.623611111111110894e+00 6.525790422507339317e-01 1.977195450005339861e-01
6.624305555555555003e+00 6.735721704148905919e-01 1.894261356029889876e-01
6.625000000000000000e+00 5.921467549924293028e-01 1.771982901663379240e-01
6.625694444444444997e+00 5.206196084909625599e-01 1.620190611527911884e-01
6.626388888888889106e+00 5.520779396997500532e-01 1.482693884522554850e-01
6.627083333333334103e+00 5.122940163799923896e-01 1.368693576004824941e-01
6.627777777777777324e+00 5.750189811029664533e-01 1.281415457801141355e-01
6.628472222222222321e+00 5.334727238965980556e-01 1.214115637056036312e-01
6.629166666666666430e+00 5.521933817119026866e-01 1.167930558871578123e-01
6.629861111111111427e+00 5.255667695062369305e-01 1.146113366648380955e-01
6.630555555555555536e+00 5.314378357320641566e-01 1.155371035178736072e-01
6.631250000000000533e+00 6.479309526062474456e-01 1.200570837222853932e-01
6.631944444444443754e+00 7.513962080702194513e-01 1.278466929608444158e-01
6.632638888888888751e+00 7.983444522846413482e-01 1.396748577704936545e-01
6.633333333333332860e+00 8.185693999169988411e-01 1.523302883065218716e-01
6.634027777777777857e+00 8.576050231330329954e-01 1.633204420478155117e-01
6.634722222222221966e+00 8.672482049701513152e-01 1.723154286666410406e-01
6.635416666666666963e+00 8.781159603380940259e-01 1.794801570206442654e-01
6.636111111111111960e+00 8.123231622966667898e-01 1.846639130137705254e-01
6.636805555555555181e+00 7.190062026072100432e-01 1.874846257119636428e-01
6.637500000000000178e+00 6.334465933723334441e-01 1.873413773696133433e-01
6.638194444444444287e+00 6.724420654814652343e-01 1.841412848601751417e-01
6.638888888888889284e+00 6.667350330419481441e-01 1.770956320825597674e-01
6.639583333333333393e+00 6.479686039445065049e-01 1.689291475788303187e-01
6.640277777777778390e+00 6.864584027566473790e-01 1.625109025388826456e-01
6.640972222222221610e+00 6.461665295247153162e-01 1.596034500467083950e-01
6.641666666666666607e+00 8.058325330014487475e-01 1.611512848802957587e-01
6.642361111111110716e+00 8.434169803447855163e-01 1.666644027462861055e-01
6.643055555555555713e+00 8.750536263063393161e-01 1.753892396493014760e-01
6.643749999999999822e+00 8.885312658386383955e-01 1.852341222526574516e-01
6.644444444444444819e+00 9.021662274262298720e-01 1.937928679986782865e-01
6.645138888888888040e+00 9.092234857344306809e-01 2.003936158948983470e-01
6.645833333333333037e+00 9.131294121298181299e-01 2.060122411755801464e-01
6.646527777777778034e+00 9.115931588951449172e-01 2.105040555955414450e-01
6.647222222222222143e+00 9.108614934214477321e-01 2.147621922691007879e-01
6.647916666666667140e+00 9.099476283620637762e-01 2.188989719509160659e-01
6.648611111111111249e+00 9.093402170306600363e-01 2.226924983752700538e-01
6.649305555555556246e+00 9.100873094213240977e-01 2.262996160803350254e-01
6.649999999999999467e+00 9.110553986542160310e-01 2.296247000193124554e-01
6.650694444444444464e+00 9.123423048053302953e-01 2.328473589266753796e-01
6.651388888888888573e+00 9.127056500353898372e-01 2.359622405399907086e-01
6.652083333333333570e+00 9.141591039752169356e-01 2.389271948800398282e-01
6.652777777777777679e+00 9.146954379282180581e-01 2.418429614632649216e-01
6.653472222222222676e+00 9.157970597623503739e-01 2.445161590447960664e-01
6.654166666666665897e+00 9.171395548877400161e-01 2.471466463732246432e-01
6.654861111111110894e+00 9.178905173882438984e-01 2.498245250973141485e-01
6.655555555555555003e+00 9.193818834874815105e-01 2.523188672841951141e-01
6.656250000000000000e+00 9.199642398815313094e-01 2.547471899125101635e-01
6.656944444444444997e+00 8.086182468800723333e-01 2.560619216556991873e-01
6.657638888888889106e+00 6.599524222035587639e-01 2.541906375428131803e-01
6.658333333333334103e+00 7.242904610057804282e-01 2.477348989400154355e-01
6.659027777777777324e+00 7.180716795200237090e-01 2.364550204253124122e-01
6.659722222222222321e+00 6.205667215716290652e-01 2.209843566977563456e-01
6.660416666666666430e+00 5.339834937908907175e-01 2.039082820940900653e-01
6.661111111111111427e+00 6.718951525846996731e-01 1.880744973642412277e-01
6.661805555555555536e+00 6.065128693195088738e-01 1.754524279243279694e-01
6.662500000000000533e+00 5.987030563088965307e-01 1.660772792035540846e-01
6.663194444444443754e+00 6.118086742119099863e-01 1.594444490912183543e-01
6.663888888888888751e+00 5.957176473487183488e-01 1.546641185341128821e-01
6.664583333333332860e+00 5.807083852228894782e-01 1.505031833336619995e-01
6.665277777777777857e+00 5.668890167769835564e-01 1.463265081193779460e-01
6.665972222222221966e+00 5.534580317101005509e-01 1.420237039374558918e-01
6.666666666666666963e+00 5.436077586294366659e-01 1.376411101724311081e-01
6.667361111111111960e+00 5.768482559085040817e-01 1.338780259736164491e-01
6.668055555555555181e+00 5.393156363823120580e-01 1.319241136337263587e-01
6.668750000000000178e+00 6.187683360027742552e-01 1.326947951576673279e-01
6.669444444444444287e+00 6.296273241372598584e-01 1.367443847870686291e-01
6.670138888888889284e+00 7.533175080598671913e-01 1.433207124448000191e-01
6.670833333333333393e+00 6.871915658752268952e-01 1.525898231843944297e-01
6.671527777777778390e+00 6.286947838183102322e-01 1.599693437207483915e-01
6.672222222222221610e+00 6.316000660455637350e-01 1.629971465267792408e-01
6.672916666666666607e+00 6.595910922134715637e-01 1.617244413075234477e-01
6.673611111111110716e+00 6.692380847852423820e-01 1.556176232974517959e-01
6.674305555555555713e+00 6.398782750520397578e-01 1.474490508199678696e-01
6.674999999999999822e+00 6.203075852928495726e-01 1.410018284718793646e-01
6.675694444444444819e+00 6.767161226146595210e-01 1.383642950926862736e-01
6.676388888888888040e+00 6.539258308213142801e-01 1.395794190107237098e-01
6.677083333333333037e+00 8.127430739101911827e-01 1.454303825503177883e-01
6.677777777777778034e+00 7.932765117081586048e-01 1.532993015093837563e-01
6.678472222222222143e+00 8.197288859825672125e-01 1.623612727983538007e-01
6.679166666666667140e+00 8.385610181930565066e-01 1.703672088441837429e-01
6.679861111111111249e+00 8.509014672348127473e-01 1.766007401460265858e-01
6.680555555555556246e+00 8.603435556057972278e-01 1.814400033486534003e-01
6.681249999999999467e+00 8.633338275954044461e-01 1.854456915114128801e-01
6.681944444444444464e+00 8.667388450267315969e-01 1.890126281296409250e-01
6.682638888888888573e+00 8.684083485978206784e-01 1.925644124459704731e-01
6.683333333333333570e+00 8.703704482032221801e-01 1.959193883252174362e-01
6.684027777777777679e+00 8.728461624992704948e-01 1.989332395818208254e-01
6.684722222222222676e+00 8.745159923674228342e-01 2.017871800093153922e-01
6.685416666666665897e+00 8.765675186904021698e-01 2.044288115294718711e-01
6.686111111111110894e+00 8.771709794462265730e-01 2.069312629881133181e-01
6.686805555555555003e+00 8.789646697277354592e-01 2.092438670442434701e-01
6.687500000000000000e+00 8.789359425768258349e-01 2.114770575469557823e-01
6.688194444444444997e+00 8.776861577616261734e-01 2.135460278096165398e-01
6.688888888888889106e+00 8.764866058152733785e-01 2.154253104290072274e-01
6.689583333333334103e+00 8.743832690818891251e-01 2.172032790085493825e-01
6.690277777777777324e+00 8.728607068859810525e-01 2.188098505293910589e-01
6.690972222222222321e+00 8.704407113574600396e-01 2.202107285965457517e-01
6.691666666666666430e+00 8.707740831599081188e-01 2.214421959959809172e-01
6.692361111111111427e+00 8.693624333455773900e-01 2.225920239481274376e-01
6.693055555555555536e+00 8.696759398887717873e-01 2.237636572595603224e-01
6.693750000000000533e+00 8.693702662645140800e-01 2.248641272403917035e-01
6.694444444444443754e+00 8.685668354417880321e-01 2.259021653647006467e-01
6.695138888888888751e+00 8.687816899422763361e-01 2.268603682765447382e-01
6.695833333333332860e+00 8.683052296676595505e-01 2.277782730917595200e-01
6.696527777777777857e+00 8.683996829238332937e-01 2.286619577035389483e-01
6.697222222222221966e+00 8.669925740421573490e-01 2.294611231117459349e-01
6.697916666666666963e+00 8.672475730815294437e-01 2.301993254063952610e-01
6.698611111111111960e+00 8.660270323972139028e-01 2.308677307521102839e-01
6.699305555555555181e+00 8.652176901172428103e-01 2.314968976688175639e-01
6.700000000000000178e+00 8.652482673674676272e-01 2.321159632074814017e-01
6.700694444444444287e+00 8.647341726191707378e-01 2.326826390669190503e-01
6.701388888888889284e+00 8.643590902678852661e-01 2.331946573865180672e-01
6.702083333333333393e+00 8.625829817459873539e-01 2.335706995198330305e-01
6.702777777777778390e+00 8.623053580413860830e-01 2.339444612322094663e-01
6.703472222222221610e+00 8.599677891516890327e-01 2.343268266063563143e-01
6.704166666666666607e+00 8.593046857009503103e-01 2.345730633924713870e-01
6.704861111111110716e+00 8.584603308378118136e-01 2.347735509846038127e-01
6.705555555555555713e+00 8.571203844286702234e-01 2.349684481269047609e-01
6.706249999999999822e+00 8.566390080946078012e-01 2.350474459982150321e-01
6.706944444444444819e+00 8.554830036621553502e-01 2.351036999478109679e-01
6.707638888888888040e+00 8.550633813721616461e-01 2.351782770979761739e-01
6.708333333333333037e+00 8.531360804158549804e-01 2.352209291964051374e-01
6.709027777777778034e+00 8.524082934094486808e-01 2.352088265291459313e-01
6.709722222222222143e+00 8.504418875441071002e-01 2.351194183229926571e-01
6.710416666666667140e+00 8.489736659378332995e-01 2.349867231508086518e-01
6.711111111111111249e+00 8.481185878902086639e-01 2.348082474586450918e-01
6.711805555555556246e+00 8.465935526872782058e-01 2.345787558212222568e-01
6.712499999999999467e+00 8.452530070468593504e-01 2.343094750651270874e-01
6.713194444444444464e+00 8.428575534758561139e-01 2.339971778979395012e-01
6.713888888888888573e+00 8.418831402389594931e-01 2.336497399056131075e-01
6.714583333333333570e+00 8.387038568904157110e-01 2.332615715143003254e-01
6.715277777777777679e+00 8.375000352402096615e-01 2.328346009208321077e-01
6.715972222222222676e+00 8.353543527776199351e-01 2.323704817540886147e-01
6.716666666666665897e+00 8.323789884964206687e-01 2.318670851230639762e-01
6.717361111111110894e+00 8.304268792247583297e-01 2.313255626404093213e-01
6.718055555555555003e+00 8.278856616648563316e-01 2.307400772294466718e-01
6.718750000000000000e+00 8.253363741798470654e-01 2.301141509570731047e-01
6.719444444444444997e+00 8.210331451287398163e-01 2.294568758483435389e-01
6.720138888888889106e+00 8.185562835319145636e-01 2.287637832924324377e-01
6.720833333333334103e+00 8.141138106914324046e-01 2.280330060979154916e-01
6.721527777777777324e+00 8.113643740306929475e-01 2.272632001371551191e-01
6.722222222222222321e+00 8.084573648049374617e-01 2.264526322859996554e-01
6.722916666666666430e+00 8.047754230024757316e-01 2.256029361502766839e-01
6.723611111111111427e+00 8.018804483245379755e-01 2.247222798392798093e-01
6.724305555555555536e+00 7.989034581790634970e-01 2.237998893370247433e-01
6.725000000000000533e+00 7.970864019883405760e-01 2.228409441680417880e-01
6.725694444444443754e+00 7.938612339010511221e-01 2.218432761881057591e-01
6.726388888888888751e+00 7.929548522976104241e-01 2.208101444624036569e-01
6.727083333333332860e+00 7.910527981136871167e-01 2.197879327317326104e-01
6.727777777777777857e+00 7.910162223503056644e-01 2.187208724136104065e-01
6.728472222222221966e+00 7.916283760406018777e-01 2.175819220035258850e-01
6.729166666666666963e+00 7.927698353787109298e-01 2.164276301526783242e-01
6.729861111111111960e+00 7.949556379591021793e-01 2.152381393010746602e-01
6.730555555555555181e+00 7.970110473132774320e-01 2.140201187840531927e-01
6.731250000000000178e+00 8.009134885516933089e-01 2.127474978631837821e-01
6.731944444444444287e+00 8.031143390955418626e-01 2.114513417598498923e-01
6.732638888888889284e+00 8.071545511569669928e-01 2.101468613578898192e-01
6.733333333333333393e+00 8.104488419448223624e-01 2.088216672020213049e-01
6.734027777777778390e+00 8.138427919815548472e-01 2.074572710502879391e-01
6.734722222222221610e+00 8.171230228512372795e-01 2.060616073580976981e-01
6.735416666666666607e+00 8.195128382701573067e-01 2.046289612853272599e-01
6.736111111111110716e+00 8.208439765640440644e-01 2.031617025339596816e-01
6.736805555555555713e+00 8.201101712056759752e-01 2.016648956675706761e-01
6.737499999999999822e+00 8.194057376696498585e-01 2.001319803892910587e-01
6.738194444444444819e+00 8.150776201295564238e-01 1.985733010254528697e-01
6.738888888888888040e+00 8.111976387297552549e-01 1.969822068916704250e-01
6.739583333333333037e+00 8.048214507656527017e-01 1.953695565063447714e-01
6.740277777777778034e+00 7.973050153829324138e-01 1.937305552733064595e-01
6.740972222222222143e+00 7.898056904300589931e-01 1.920624092871960620e-01
6.741666666666667140e+00 7.817381412189945422e-01 1.903661411047799790e-01
6.742361111111111249e+00 7.730283998927742761e-01 1.886429177733535134e-01
6.743055555555556246e+00 7.638006058892824468e-01 1.868972119111174113e-01
6.743749999999999467e+00 7.557846189302411810e-01 1.851258914991481819e-01
6.744444444444444464e+00 7.464115652220651986e-01 1.833274006653276278e-01
6.745138888888888573e+00 7.400337365657122524e-01 1.815006024205619850e-01
6.745833333333333570e+00 7.336660663880237854e-01 1.796434474522569380e-01
6.746527777777777679e+00 7.295020021578262348e-01 1.777604888011307394e-01
6.747222222222222676e+00 7.264955590640398420e-01 1.758499303716883899e-01
6.747916666666665897e+00 7.249499386434553605e-01 1.739001418094165141e-01
6.748611111111110894e+00 7.241861954208783647e-01 1.719011254767975894e-01
6.749305555555555003e+00 7.236990071615578834e-01 1.698519814311962028e-01
6.750000000000000000e+00 7.245864185827355364e-01 1.677355370216312980e-01
6.750694444444444997e+00 7.232916382706421343e-01 1.655770619701067703e-01
6.751388888888889106e+00 7.234658041214294677e-01 1.634067338102692946e-01
6.752083333333334103e+00 7.212465647161692139e-01 1.612323254990696286e-01
6.752777777777777324e+00 7.200508268547864965e-01 1.590602071107244386e-01
6.753472222222222321e+00 7.185870594824995683e-01 1.568890405112194353e-01
6.754166666666666430e+00 7.165673980364731799e-01 1.547143504770799038e-01
6.754861111111111427e+00 7.136972912171366534e-01 1.525181863482978628e-01
6.755555555555555536e+00 7.102573249888939344e-01 1.502909362941980964e-01
6.756250000000000533e+00 7.072498074726514261e-01 1.480351793560267804e-01
6.756944444444443754e+00 7.028279906400057842e-01 1.457732378033175236e-01
6.757638888888888751e+00 6.989622402961473968e-01 1.435044232698594602e-01
6.758333333333332860e+00 6.918470018578612990e-01 1.412219589315562018e-01
6.759027777777777857e+00 6.860605826854697664e-01 1.389331407828603981e-01
6.759722222222221966e+00 6.809841734010436687e-01 1.366436800373287686e-01
6.760416666666666963e+00 6.766377750412800873e-01 1.343541317715078176e-01
6.761111111111111960e+00 6.716224698649323477e-01 1.320613031341169863e-01
6.761805555555555181e+00 6.668241322549679495e-01 1.297584133433783427e-01
6.762500000000000178e+00 6.629553000276809938e-01 1.274396896515872513e-01
6.763194444444444287e+00 6.590902039391958178e-01 1.251088554100642791e-01
6.763888888888889284e+00 6.559185791533260756e-01 1.227660216192019843e-01
6.764583333333333393e+00 6.509556777923595217e-01 1.204153237761485251e-01
6.765277777777778390e+00 6.470495267850057131e-01 1.180581937824874694e-01
6.765972222222221610e+00 6.415416562408654544e-01 1.156998036773297933e-01
6.766666666666666607e+00 6.372171213958193192e-01 1.133475002844972074e-01
6.767361111111110716e+00 6.323097839835336575e-01 1.109933227025632352e-01
6.768055555555555713e+00 6.259175666768843627e-01 1.086332135201264620e-01
6.768749999999999822e+00 6.168986518672673336e-01 1.062663554694141671e-01
6.769444444444444819e+00 6.058339982083243980e-01 1.039031991074836764e-01
6.770138888888888040e+00 5.941748269489416368e-01 1.015643597663433567e-01
6.770833333333333037e+00 5.817588720455916240e-01 9.923355852298351709e-02
6.771527777777778034e+00 5.699260008740214545e-01 9.690468538604153637e-02
6.772222222222222143e+00 5.574131903080602468e-01 9.457901078909483616e-02
6.772916666666667140e+00 5.476889001045411876e-01 9.226208086701433164e-02
6.773611111111111249e+00 5.390292527755224938e-01 8.995177643170261528e-02
6.774305555555556246e+00 5.333774444741218312e-01 8.765149511172382057e-02
6.774999999999999467e+00 5.294231085809950610e-01 8.535600264659191916e-02
6.775694444444444464e+00 5.258452973202667469e-01 8.307255964965298833e-02
6.776388888888888573e+00 5.211947971670649604e-01 8.080709682959200113e-02
6.777083333333333570e+00 5.143753477072318114e-01 7.855680862637945405e-02
6.777777777777777679e+00 5.044636059124544269e-01 7.631725603757714971e-02
6.778472222222222676e+00 4.898699776514823800e-01 7.409485561542607235e-02
6.779166666666665897e+00 4.708749642058196461e-01 7.189337952725625980e-02
6.779861111111110894e+00 4.569183549008359879e-01 6.971252861632117048e-02
6.780555555555555003e+00 4.726052429942683708e-01 6.755605152129538771e-02
6.781250000000000000e+00 4.541204499850083898e-01 6.542130918133685913e-02
6.781944444444444997e+00 4.099159927880077769e-01 6.330353997305585012e-02
6.782638888888889106e+00 4.135879314207407953e-01 6.115704345107985523e-02
6.783333333333334103e+00 4.092457451174872918e-01 5.917718254848598064e-02
6.784027777777777324e+00 3.791713407676877146e-01 5.717092177070195319e-02
6.784722222222222321e+00 3.777422124264699366e-01 5.520103026080724895e-02
6.785416666666666430e+00 3.850040851338337733e-01 5.326198889890871452e-02
6.786111111111111427e+00 3.789288917147818903e-01 5.133832821985634398e-02
6.786805555555555536e+00 3.668106022764244800e-01 4.946082389812580388e-02
6.787500000000000533e+00 3.516213340683245203e-01 4.762474417057500214e-02
6.788194444444443754e+00 3.358038019265410790e-01 4.589882306096414177e-02
6.788888888888888751e+00 3.198517405581300932e-01 4.415745617946456592e-02
6.789583333333332860e+00 3.046694217443008945e-01 4.245626277493561723e-02
6.790277777777777857e+00 2.902314593167217294e-01 4.082292435721407431e-02
6.790972222222221966e+00 2.902851167143897237e-01 3.920464459472938756e-02
6.791666666666666963e+00 2.830769247187817084e-01 3.764465337241205967e-02
6.792361111111111960e+00 2.797106655885718274e-01 3.612678770565768555e-02
6.793055555555555181e+00 2.743675275354858778e-01 3.467124950605835615e-02
6.793750000000000178e+00 2.701348815360850586e-01 3.332509564830883619e-02
6.794444444444444287e+00 2.651958200525509901e-01 3.205826888392753621e-02
6.795138888888889284e+00 2.607946860655730448e-01 3.086998460255144239e-02
6.795833333333333393e+00 2.559990781600843257e-01 2.977402309565934171e-02
6.796527777777778390e+00 2.515301227583660038e-01 2.871878669143979740e-02
6.797222222222221610e+00 2.467492229663253156e-01 2.770246281773550145e-02
6.797916666666666607e+00 2.422631935348402987e-01 2.673128310401692506e-02
6.798611111111110716e+00 2.374841786910956432e-01 2.581242518961193375e-02
6.799305555555555713e+00 2.330213938186583289e-01 2.493725140837351612e-02
6.799999999999999822e+00 2.282314153370031684e-01 2.408795025608869572e-02
6.800694444444444819e+00 2.237212452160567133e-01 2.327880168649061610e-02
6.801388888888888040e+00 2.189385774370637139e-01 2.251261406413633537e-02
6.802083333333333037e+00 2.143231678379016736e-01 2.174970627416363683e-02
6.802777777777778034e+00 2.094908790091997430e-01 2.101160590085062937e-02
6.803472222222222143e+00 2.048789704354002095e-01 2.033107312305425934e-02
6.804166666666667140e+00 2.000128339924680532e-01 1.967524596574861048e-02
6.804861111111111249e+00 1.953554287247361854e-01 1.903431959783378341e-02
6.805555555555556246e+00 1.905941018293752232e-01 1.841714861119823562e-02
6.806249999999999467e+00 1.860080507677745187e-01 1.781348891972307780e-02
6.806944444444444464e+00 1.813173231240945704e-01 1.722220827869946902e-02
6.807638888888888573e+00 1.768411993676886895e-01 1.666659944645757993e-02
6.808333333333333570e+00 1.723075908185561222e-01 1.614047272700563224e-02
6.809027777777777679e+00 1.679642324255918862e-01 1.561889089524353194e-02
6.809722222222222676e+00 1.635630373038191032e-01 1.511146690163143839e-02
6.810416666666665897e+00 1.593875702476443834e-01 1.463039787662757940e-02
6.811111111111110894e+00 1.552159208729358142e-01 1.415762073146630690e-02
6.811805555555555003e+00 1.512225922838776604e-01 1.371066932237475881e-02
6.812500000000000000e+00 1.472217056137890279e-01 1.329100373730476847e-02
6.813194444444444997e+00 1.434719736750436903e-01 1.288190512512219117e-02
6.813888888888889106e+00 1.397756314649622189e-01 1.245771855680189756e-02
6.814583333333334103e+00 1.363591071595272319e-01 1.205963817148157646e-02
6.815277777777777324e+00 1.328377489995374583e-01 1.168268118354935832e-02
6.815972222222222321e+00 1.295612936533530601e-01 1.130635154543266699e-02
6.816666666666666430e+00 1.262908437486425506e-01 1.095363948778708615e-02
6.817361111111111427e+00 1.232952208111613435e-01 1.062087305277259301e-02
6.818055555555555536e+00 1.202930708102284557e-01 1.028403440586866079e-02
6.818750000000000533e+00 1.175609884245011200e-01 9.951408693350942761e-03
6.819444444444443754e+00 1.148329527416396129e-01 9.634096727429189780e-03
6.820138888888888751e+00 1.123349730549830366e-01 9.335155814184712200e-03
6.820833333333332860e+00 1.098891512782845664e-01 9.038276054746347682e-03
6.821527777777777857e+00 1.076186978006443418e-01 8.746859437513078775e-03
6.822222222222221966e+00 1.053645307646843832e-01 8.463428098541590089e-03
6.822916666666666963e+00 1.032895512936390786e-01 8.197062832259138093e-03
6.823611111111111960e+00 1.012909009342232852e-01 7.934246487992766689e-03
6.824305555555555181e+00 9.945126326920274151e-02 7.676709758859756594e-03
6.825000000000000178e+00 9.765678777728427351e-02 7.428810952455545957e-03
6.825694444444444287e+00 9.601973819201965743e-02 7.183520505350394873e-03
6.826388888888889284e+00 9.443034749458532884e-02 6.951421869304901663e-03
6.827083333333333393e+00 9.304297088073068545e-02 6.722863984528162050e-03
6.827777777777778390e+00 9.162891357343175280e-02 6.510540020261144749e-03
6.828472222222221610e+00 9.035517410759286161e-02 6.304364019545239360e-03
6.829166666666666607e+00 8.910892398755411448e-02 6.091725279491227996e-03
6.829861111111110716e+00 8.802556851948102612e-02 5.888733976585595539e-03
6.830555555555555713e+00 8.692917833397879879e-02 5.682581428366247772e-03
6.831249999999999822e+00 8.595396174650997423e-02 5.493354527537264512e-03
6.831944444444444819e+00 8.500506530534714111e-02 5.311724942183153851e-03
6.832638888888888040e+00 8.416085376308896082e-02 5.129098573975283439e-03
6.833333333333333037e+00 8.335904754343764766e-02 4.962110595918935337e-03
6.834027777777778034e+00 8.260917227204928048e-02 4.789679321757350609e-03
6.834722222222222143e+00 8.190891181542955812e-02 4.617668013240229345e-03
6.835416666666667140e+00 8.124634903930996743e-02 4.453573175725042757e-03
6.836111111111111249e+00 8.062475464537836867e-02 4.299095981019730034e-03
6.836805555555556246e+00 8.003732192616518082e-02 4.144461893407085616e-03
6.837499999999999467e+00 7.950867468409263117e-02 3.995376958405201691e-03
6.838194444444444464e+00 7.903223865262515302e-02 3.851556016380795061e-03
6.838888888888888573e+00 7.856874048614032047e-02 3.707543828349248779e-03
6.839583333333333570e+00 7.816327268159013741e-02 3.569864336765871983e-03
6.840277777777777679e+00 7.775051133208162046e-02 3.439035736219617830e-03
6.840972222222222676e+00 7.737025754574830549e-02 3.305530310504616043e-03
6.841666666666665897e+00 7.701719012710378509e-02 3.176740951144356364e-03
6.842361111111110894e+00 7.670103805500082250e-02 3.052316590294203939e-03
6.843055555555555003e+00 7.639705633249206651e-02 2.934692032489197994e-03
6.843750000000000000e+00 7.609763264630615975e-02 2.819185217530198809e-03
6.844444444444444997e+00 7.587344843046876786e-02 2.701525363845016375e-03
6.845138888888889106e+00 7.561194194534871793e-02 2.589303363347967863e-03
6.845833333333334103e+00 7.540133705827546662e-02 2.480830258217438158e-03
6.846527777777777324e+00 7.517027325804780113e-02 2.377246931991525581e-03
6.847222222222222321e+00 7.496526436222410161e-02 2.275836953998227035e-03
6.847916666666666430e+00 7.472882929806586028e-02 2.174164847429924975e-03
6.848611111111111427e+00 7.452811884592419611e-02 2.073216031627832853e-03
6.849305555555555536e+00 7.429518350596653331e-02 1.977573145122550093e-03
6.850000000000000533e+00 7.420790916670762238e-02 1.889232543226717969e-03
6.850694444444443754e+00 7.414643395225584133e-02 1.800737504464289306e-03
6.851388888888888751e+00 7.372440285783951608e-02 1.711705676400739453e-03
6.852083333333332860e+00 7.370955181093871711e-02 1.625315179897754252e-03
6.852777777777777857e+00 7.359747004007763382e-02 1.540682348129773305e-03
6.853472222222221966e+00 7.333358969999628774e-02 1.455998599986944040e-03
6.854166666666666963e+00 7.331793573638255290e-02 1.374324616198303655e-03
6.854861111111111960e+00 7.324212493967444115e-02 1.297598342565979123e-03
6.855555555555555181e+00 7.314195194348208084e-02 1.222936161056979807e-03
6.856250000000000178e+00 7.311376088948848273e-02 1.146553393774485700e-03
6.856944444444444287e+00 7.303327967882373983e-02 1.072681426233122823e-03
6.857638888888889284e+00 7.288454125389227933e-02 1.003555782491885899e-03
6.858333333333333393e+00 7.282555107450816578e-02 9.343260854983856866e-04
6.859027777777778390e+00 7.280585670684368294e-02 8.651864538280713618e-04
6.859722222222221610e+00 7.271966459710790809e-02 8.022680754859107862e-04
6.860416666666666607e+00 7.257792733039505895e-02 7.403700707124359756e-04
6.861111111111110716e+00 7.257057099280093959e-02 6.742692773599248679e-04
6.861805555555555713e+00 7.258294703552248262e-02 6.118565549592849383e-04
6.862499999999999822e+00 7.247994861019263491e-02 5.546664925238790943e-04
6.863194444444444819e+00 7.240362651516715764e-02 4.967684510028356343e-04
6.863888888888888040e+00 7.233793075975787634e-02 4.376852375622696011e-04
6.864583333333333037e+00 7.220734262290014194e-02 3.803229180665919818e-04
6.865277777777778034e+00 7.220150503542099862e-02 3.247482979306912684e-04
6.865972222222222143e+00 7.205856353932138525e-02 2.756692085362268401e-04
6.866666666666667140e+00 7.196302574991263190e-02 2.293292604743170414e-04
6.867361111111111249e+00 7.188976666900330492e-02 1.796591798267632440e-04
6.868055555555556246e+00 7.186736344327887549e-02 1.300748137193215130e-04
6.868749999999999467e+00 7.179844502830388941e-02 8.154770926716207557e-05
6.869444444444444464e+00 7.171490416861762973e-02 3.473749905197828655e-05
6.870138888888888573e+00 7.165788713978980817e-02 -1.150328709054060693e-05
6.870833333333333570e+00 7.163394521225575906e-02 -5.826088589456942775e-05
6.871527777777777679e+00 7.153811341422515457e-02 -1.039320648266905451e-04
6.872222222222222676e+00 7.144612637890211670e-02 -1.465385775650199110e-04
6.872916666666665897e+00 7.138265491424843068e-02 -1.884438529958740464e-04
6.873611111111110894e+00 7.136421833465506070e-02 -2.299550857200040419e-04
6.874305555555555003e+00 7.115431367446524435e-02 -2.712519794731784221e-04
6.875000000000000000e+00 7.120158984514912692e-02 -3.120527511820637089e-04
6.875694444444444997e+00 7.111366488533063523e-02 -3.496598760391381980e-04
6.876388888888889106e+00 7.103942839759067041e-02 -3.867545753333133840e-04
6.877083333333334103e+00 7.105189122038427230e-02 -4.244227605521291792e-04
6.877777777777777324e+00 7.106456869755307937e-02 -4.580824111269351314e-04
6.878472222222222321e+00 7.091509869887073492e-02 -4.921264286502289838e-04
6.879166666666666430e+00 7.085769385634733963e-02 -5.270621014778766825e-04
6.879861111111111427e+00 7.083437395993659458e-02 -5.605167703349571168e-04
6.880555555555555536e+00 7.075327212615387107e-02 -5.937604981015981963e-04
6.881250000000000533e+00 7.067908080226871503e-02 -6.250617150884034195e-04
6.881944444444443754e+00 7.059818695172720426e-02 -6.558943472179507538e-04
6.882638888888888751e+00 7.052881294344588714e-02 -6.886722538959861402e-04
6.883333333333332860e+00 7.046720668941408583e-02 -7.181855312821156141e-04
6.884027777777777857e+00 7.039354432633002090e-02 -7.427936576050379706e-04
6.884722222222221966e+00 7.032938223326556937e-02 -7.691139986866937610e-04
6.885416666666666963e+00 7.024356003208145904e-02 -7.967419743565921616e-04
6.886111111111111960e+00 7.019022141449798857e-02 -8.243502470344124099e-04
6.886805555555555181e+00 7.005719529428539039e-02 -8.525178381448182078e-04
6.887500000000000178e+00 6.997531112412708199e-02 -8.794514033011865614e-04
6.888194444444444287e+00 6.992997334094890050e-02 -9.060160725383401828e-04
6.888888888888889284e+00 6.977457609406156891e-02 -9.308767374362244672e-04
6.889583333333333393e+00 6.966248715871081743e-02 -9.552170757660591836e-04
6.890277777777778390e+00 6.960548595209435641e-02 -9.798677507897809742e-04
6.890972222222221610e+00 6.945715911758824912e-02 -1.002566216090098163e-03
6.891666666666666607e+00 6.938984725529130648e-02 -1.024748070902872787e-03
6.892361111111110716e+00 6.933149859985864027e-02 -1.048013637370930106e-03
6.893055555555555713e+00 6.924727882982639748e-02 -1.070454579313787459e-03
6.893749999999999822e+00 6.919849621294951736e-02 -1.091839961072959978e-03
6.894444444444444819e+00 6.916826772973162785e-02 -1.111397975725053567e-03
6.895138888888888040e+00 6.908355318673416179e-02 -1.130668682414842988e-03
6.895833333333333037e+00 6.902801219596549354e-02 -1.150638652422942979e-03
6.896527777777778034e+00 6.895276439417444281e-02 -1.170574260784716918e-03
6.897222222222222143e+00 6.887350810700695880e-02 -1.190932044820233260e-03
6.897916666666667140e+00 6.879187718276362495e-02 -1.208997703966565879e-03
6.898611111111111249e+00 6.872864979168814836e-02 -1.226034450455608989e-03
6.899305555555556246e+00 6.864421797691278027e-02 -1.244793578020053594e-03
6.899999999999999467e+00 6.855835209086041937e-02 -1.263752354540828267e-03
6.900694444444444464e+00 6.843930682207956251e-02 -1.281409146878635186e-03
6.901388888888888573e+00 6.835915857066049428e-02 -1.299160852620441856e-03
6.902083333333333570e+00 6.828950747554617118e-02 -1.314761244000273123e-03
6.902777777777777679e+00 6.814285979213634270e-02 -1.329730144537760988e-03
6.903472222222222676e+00 6.802109787487459203e-02 -1.345437421154135546e-03
6.904166666666665897e+00 6.797482249468352056e-02 -1.360845401225051080e-03
6.904861111111110894e+00 6.794554947234009157e-02 -1.377104058907556439e-03
6.905555555555555003e+00 6.788141796496952041e-02 -1.393691831763780968e-03
6.906250000000000000e+00 6.780027463405639832e-02 -1.408549676043289751e-03
6.906944444444444997e+00 6.771303298040910745e-02 -1.421605634974377813e-03
6.907638888888889106e+00 6.761725718814329267e-02 -1.435038187408621633e-03
6.908333333333334103e+00 6.747642152660153492e-02 -1.448220699663026363e-03
6.909027777777777324e+00 6.735830136489918962e-02 -1.461502165838870354e-03
6.909722222222222321e+00 6.732311915256665447e-02 -1.474964051671313761e-03
6.910416666666666430e+00 6.720258783625993049e-02 -1.487334341586503536e-03
6.911111111111111427e+00 6.706179563526827592e-02 -1.499875796140358623e-03
6.911805555555555536e+00 6.699331138874549396e-02 -1.512793571639226529e-03
6.912500000000000533e+00 6.692580229455477592e-02 -1.524173995518530436e-03
6.913194444444443754e+00 6.680531597715293202e-02 -1.534670195749971051e-03
6.913888888888888751e+00 6.664574101575244935e-02 -1.545920573573710119e-03
6.914583333333332860e+00 6.655218362905390705e-02 -1.557229928919298505e-03
6.915277777777777857e+00 6.644599378836840708e-02 -1.568687495654452193e-03
6.915972222222221966e+00 6.634705724096091883e-02 -1.579391462187428605e-03
6.916666666666666963e+00 6.626369546004419464e-02 -1.590077946004282575e-03
6.917361111111111960e+00 6.612709344962369729e-02 -1.601184905714244993e-03
6.918055555555555181e+00 6.601881200298677366e-02 -1.610859387684314631e-03
6.918750000000000178e+00 6.594938143868460390e-02 -1.620042128992218956e-03
6.919444444444444287e+00 6.587543366368812936e-02 -1.629651884839287967e-03
6.920138888888889284e+00 6.575043931674000308e-02 -1.639555912466540265e-03
6.920833333333333393e+00 6.566939431318317977e-02 -1.649480846770671636e-03
6.921527777777778390e+00 6.556603637141263097e-02 -1.659009070337870645e-03
6.922222222222221610e+00 6.544143756931089517e-02 -1.667966327069462336e-03
6.922916666666666607e+00 6.528682921580143683e-02 -1.677125483261928535e-03
6.923611111111110716e+00 6.523839341233625411e-02 -1.686188491638521917e-03
6.924305555555555713e+00 6.512693167726574250e-02 -1.694600598501796399e-03
6.924999999999999822e+00 6.500311215848521285e-02 -1.702877224621691683e-03
6.925694444444444819e+00 6.492371027541206374e-02 -1.710941697713331232e-03
6.926388888888888040e+00 6.485737647441866538e-02 -1.718907557397441558e-03
6.927083333333333037e+00 6.477481853267476331e-02 -1.726492730329112551e-03
6.927777777777778034e+00 6.467345998804341356e-02 -1.733518214515490739e-03
6.928472222222222143e+00 6.457018797731553517e-02 -1.740353028915796879e-03
6.929166666666667140e+00 6.445509134814343677e-02 -1.747479246254424971e-03
6.929861111111111249e+00 6.435373426019118381e-02 -1.754951201317946508e-03
6.930555555555556246e+00 6.424964036145762447e-02 -1.762791547485940144e-03
6.931249999999999467e+00 6.417036867310060844e-02 -1.770458146706083407e-03
6.931944444444444464e+00 6.407397001689134342e-02 -1.776498307439730627e-03
6.932638888888888573e+00 6.395097625526457996e-02 -1.782519270554461634e-03
6.933333333333333570e+00 6.381867160719333076e-02 -1.789438380088817808e-03
6.934027777777777679e+00 6.366185306551154499e-02 -1.795753557863547433e-03
6.934722222222222676e+00 6.353995467023106081e-02 -1.801804574453404716e-03
6.935416666666665897e+00 6.343264069064920296e-02 -1.807771244998228203e-03
6.936111111111110894e+00 6.334632985661541038e-02 -1.813851908169558007e-03
6.936805555555555003e+00 6.319929232071436198e-02 -1.820059317896962400e-03
6.937500000000000000e+00 6.311779453731075629e-02 -1.825522450476779355e-03
6.938194444444444997e+00 6.299179283532412021e-02 -1.830674018877141620e-03
6.938888888888889106e+00 6.285691783032140711e-02 -1.836447014058369652e-03
6.939583333333334103e+00 6.270270285818990708e-02 -1.841886761460894166e-03
6.940277777777777324e+00 6.265058460198100199e-02 -1.846933676060697263e-03
6.940972222222222321e+00 6.251971715376880567e-02 -1.851565999609648423e-03
6.941666666666666430e+00 6.241550092018792462e-02 -1.855969028816113406e-03
6.942361111111111427e+00 6.230443972910197636e-02 -1.860246867448080675e-03
6.943055555555555536e+00 6.219732726904043940e-02 -1.864735813886546877e-03
6.943750000000000533e+00 6.208966828232153484e-02 -1.869009457513706209e-03
6.944444444444443754e+00 6.199572636588701613e-02 -1.873169454544360533e-03
6.945138888888888751e+00 6.188757919551202830e-02 -1.877288010742213503e-03
6.945833333333332860e+00 6.178322101957210016e-02 -1.881572842046822652e-03
6.946527777777777857e+00 6.166795449157283504e-02 -1.885718283313903357e-03
6.947222222222221966e+00 6.155793403007624870e-02 -1.889635345490090932e-03
6.947916666666666963e+00 6.143716889133109260e-02 -1.893585282679287676e-03
6.948611111111111960e+00 6.133087730489487910e-02 -1.897352634576254544e-03
6.949305555555555181e+00 6.120401802579700234e-02 -1.900908199243770986e-03
6.950000000000000178e+00 6.108324403524324764e-02 -1.904486547390200814e-03
6.950694444444444287e+00 6.097488970459746110e-02 -1.907914169995112309e-03
6.951388888888889284e+00 6.088384326336787611e-02 -1.911276909858259862e-03
6.952083333333333393e+00 6.078369281987612560e-02 -1.914869176640275790e-03
6.952777777777778390e+00 6.068605202266073168e-02 -1.918380548707151675e-03
6.953472222222221610e+00 6.059229450030349101e-02 -1.921632861264744576e-03
6.954166666666666607e+00 6.050234943688807820e-02 -1.924691508775954385e-03
6.954861111111110716e+00 6.041349573209091328e-02 -1.927889136450464114e-03
6.955555555555555713e+00 6.030818183297328994e-02 -1.931036920384994471e-03
6.956249999999999822e+00 6.020063150416406217e-02 -1.934310587230297657e-03
6.956944444444444819e+00 6.009810540576124988e-02 -1.937512017195090145e-03
6.957638888888888040e+00 6.000113669340521177e-02 -1.940571335265156442e-03
6.958333333333333037e+00 5.990271282624962806e-02 -1.943314962896286599e-03
6.959027777777778034e+00 5.980583648313418654e-02 -1.946080089284638048e-03
6.959722222222222143e+00 5.969741349152307697e-02 -1.948964691924992424e-03
6.960416666666667140e+00 5.957655649418640981e-02 -1.952251898808320639e-03
6.961111111111111249e+00 5.947952763741182203e-02 -1.955412096461420137e-03
6.961805555555556246e+00 5.937113883427563854e-02 -1.958596360276109675e-03
6.962499999999999467e+00 5.926384332355172369e-02 -1.961318362090314418e-03
6.963194444444444464e+00 5.914985154971458964e-02 -1.963800303757602325e-03
6.963888888888888573e+00 5.901788426198919385e-02 -1.966130943391339835e-03
6.964583333333333570e+00 5.893747679268332429e-02 -1.968574203853300404e-03
6.965277777777777679e+00 5.882429333961942952e-02 -1.971106803059272973e-03
6.965972222222222676e+00 5.869489050398232072e-02 -1.973620068494181829e-03
6.966666666666665897e+00 5.859610981871243157e-02 -1.976282539785293932e-03
6.967361111111110894e+00 5.849075617943289701e-02 -1.978826372831711186e-03
6.968055555555555003e+00 5.838673981998725865e-02 -1.981349081225209155e-03
6.968750000000000000e+00 5.836685400599839896e-02 -1.983577778713210924e-03
6.969444444444444997e+00 5.832360804911666807e-02 -1.985492649361925068e-03
6.970138888888889106e+00 5.807845995739354533e-02 -1.987657873979868390e-03
6.970833333333334103e+00 5.791508844977120291e-02 -1.989937591801604032e-03
6.971527777777777324e+00 5.784004709840860625e-02 -1.992126588452403004e-03
6.972222222222222321e+00 5.772189091512600068e-02 -1.994203561394185427e-03
6.972916666666666430e+00 5.762217671591327722e-02 -1.996195808288455786e-03
6.973611111111111427e+00 5.754215662874893888e-02 -1.998034541553371686e-03
6.974305555555555536e+00 5.741705480490092578e-02 -2.000300615838296586e-03
6.975000000000000533e+00 5.732896648175334758e-02 -2.002484577792384805e-03
6.975694444444443754e+00 5.721496672716609028e-02 -2.004500805745631012e-03
6.976388888888888751e+00 5.711309948448232976e-02 -2.006499192395171539e-03
6.977083333333332860e+00 5.704121211938266434e-02 -2.008344203527419759e-03
6.977777777777777857e+00 5.693566272418242036e-02 -2.010018026336219798e-03
6.978472222222221966e+00 5.683421071749435172e-02 -2.011741866236576009e-03
6.979166666666666963e+00 5.672312326747704775e-02 -2.013418088845868054e-03
6.979861111111111960e+00 5.662069097804027507e-02 -2.015197423353628451e-03
6.980555555555555181e+00 5.652990751514359175e-02 -2.016926647473366203e-03
6.981250000000000178e+00 5.642450309297665501e-02 -2.018824133629242880e-03
6.981944444444444287e+00 5.631215622590901582e-02 -2.020694847017961808e-03
6.982638888888889284e+00 5.619873361113828653e-02 -2.022443286802522340e-03
6.983333333333333393e+00 5.609462247325464057e-02 -2.024028756791613082e-03
6.984027777777778390e+00 5.600514478610025410e-02 -2.025571908823118206e-03
6.984722222222221610e+00 5.588582198916403759e-02 -2.027116879085620951e-03
6.985416666666666607e+00 5.578137286801999883e-02 -2.028644547924968872e-03
6.986111111111110716e+00 5.566492803451507376e-02 -2.030178921899635728e-03
6.986805555555555713e+00 5.555834563559049893e-02 -2.031633869296322129e-03
6.987499999999999822e+00 5.546296038436906300e-02 -2.033013615958689183e-03
6.988194444444444819e+00 5.533550245392929168e-02 -2.034505299559919225e-03
6.988888888888888040e+00 5.522043474861559192e-02 -2.035999395719135553e-03
6.989583333333333037e+00 5.511485285136329126e-02 -2.037507205457919808e-03
6.990277777777778034e+00 5.502566802966177284e-02 -2.038780191070539184e-03
6.990972222222222143e+00 5.492300674186856302e-02 -2.039995647145401679e-03
6.991666666666667140e+00 5.480667253491862401e-02 -2.041290469019901768e-03
6.992361111111111249e+00 5.471665792443983906e-02 -2.042604949261948074e-03
6.993055555555556246e+00 5.460456191000051529e-02 -2.043815933392910747e-03
6.993749999999999467e+00 5.451605651490470245e-02 -2.044990824198239174e-03
6.994444444444444464e+00 5.440930863878624957e-02 -2.046126488994764493e-03
6.995138888888888573e+00 5.430918962821551510e-02 -2.047459269274643986e-03
6.995833333333333570e+00 5.419538664295819180e-02 -2.048811751263924976e-03
6.996527777777777679e+00 5.410074878855202635e-02 -2.050167423416969330e-03
6.997222222222222676e+00 5.398839551300622236e-02 -2.051301929652523965e-03
6.997916666666665897e+00 5.391326252568990479e-02 -2.052325300188536598e-03
6.998611111111110894e+00 5.377782007032833045e-02 -2.053418812503696265e-03
6.999305555555555003e+00 5.372511008855176268e-02 -2.054436263743862883e-03
7.000000000000000000e+00 5.359087055466408428e-02 -2.055422427019158206e-03
