# Fig 4c & 4d, XS (SI Fig. 10)
# 0. time (h), 1. prod. rate dynamic (L/h), 2. prod. rate static (L/h)
0.000000000000000000e+00 -8.327410690559593166e-04 -8.327410679873061211e-04
6.944444444444444709e-04 5.523650959551453877e-04 5.523650951943297150e-04
1.388888888888888942e-03 -3.285546391703531455e-04 -4.185975019040235950e-04
2.083333333333333304e-03 2.203617197009443752e-04 1.992197405812515341e-04
2.777777777777777884e-03 -1.914616667447463570e-04 -3.692524470751738460e-04
3.472222222222222029e-03 2.188021224504709631e-05 -2.972161489659854838e-04
4.166666666666666609e-03 -1.529558290577195858e-04 -6.018218474930355985e-04
4.861111111111111188e-03 -9.821968614141815350e-05 -8.676964934509132088e-04
5.555555555555555768e-03 -1.634133618590589683e-04 -1.293998868089494148e-03
6.249999999999999480e-03 -1.378725648717790014e-04 -1.385514478808433023e-03
6.944444444444444059e-03 -1.543356144877918324e-04 -1.499840410327680368e-03
7.638888888888888638e-03 -1.483255491604399551e-04 -1.607381615291289664e-03
8.333333333333333218e-03 -1.524967268122571736e-04 -1.718009729040181031e-03
9.027777777777778664e-03 -1.524914802782530003e-04 -1.829412322141787950e-03
9.722222222222222376e-03 -1.541817972736792659e-04 -1.940687729049047445e-03
1.041666666666666609e-02 -1.550881693152386177e-04 -2.050801346768685481e-03
1.111111111111111154e-02 -1.562883759725853183e-04 -2.160899834655686125e-03
1.180555555555555525e-02 -1.572972012474668335e-04 -2.270380885486113047e-03
1.249999999999999896e-02 -1.583480719966385457e-04 -2.381280700426008368e-03
1.319444444444444441e-02 -1.593319588267678706e-04 -2.492312702547396994e-03
1.388888888888888812e-02 -1.602906037116466175e-04 -2.603278345146523877e-03
1.458333333333333183e-02 -1.612143520162329135e-04 -2.712875349156190947e-03
1.527777777777777728e-02 -1.621180819213318552e-04 -2.822210559739484273e-03
1.597222222222222446e-02 -1.629849143103124891e-04 -2.930468113824118842e-03
1.666666666666666644e-02 -1.638227407100689009e-04 -3.037817181667260176e-03
1.736111111111111188e-02 -1.646413888818040489e-04 -3.143941123627451081e-03
1.805555555555555733e-02 -1.654323286150630287e-04 -3.248814273716833529e-03
1.874999999999999931e-02 -1.661922553203408351e-04 -3.352287322496356678e-03
1.944444444444444475e-02 -1.669294795019359468e-04 -3.454337563995351322e-03
2.013888888888889020e-02 -1.676462661709518162e-04 -3.554925516150808738e-03
2.083333333333333218e-02 -1.683415951920396087e-04 -3.654056572009433453e-03
2.152777777777777415e-02 -1.690129577755247845e-04 -3.751727010060154372e-03
2.222222222222222307e-02 -1.696661649310707656e-04 -3.847882246495413876e-03
2.291666666666666852e-02 -1.703039666610732484e-04 -3.942069013141296513e-03
2.361111111111111049e-02 -1.709215443827704012e-04 -4.034079176080943539e-03
2.430555555555555594e-02 -1.715219267243008679e-04 -4.123612975210864777e-03
2.499999999999999792e-02 -1.721030743013357838e-04 -4.210454168707470496e-03
2.569444444444444683e-02 -1.727233768635299724e-04 -4.294498710568079095e-03
2.638888888888888881e-02 -1.733401966074690651e-04 -4.376280431578131493e-03
2.708333333333333426e-02 -1.739329957623078561e-04 -4.455890158882269865e-03
2.777777777777777624e-02 -1.745082734794940998e-04 -4.533577890052118385e-03
2.847222222222222168e-02 -1.750639266884094537e-04 -4.609132007890784540e-03
2.916666666666666366e-02 -1.756037864722167574e-04 -4.682600776623004925e-03
2.986111111111111258e-02 -1.761275404096018500e-04 -4.753641676651364570e-03
3.055555555555555455e-02 -1.766365896297753240e-04 -4.821194621029654785e-03
3.125000000000000000e-02 -1.771323856238546368e-04 -4.884840220876764463e-03
3.194444444444444892e-02 -1.776132877583721657e-04 -4.946125563378717810e-03
3.263888888888889089e-02 -1.780788643129818877e-04 -5.005534482071810273e-03
3.333333333333333287e-02 -1.785307432050709040e-04 -5.063608438459297340e-03
3.402777777777777485e-02 -1.789712939659694778e-04 -5.120563902379225880e-03
3.472222222222222376e-02 -1.794021226526002085e-04 -5.176421731250990810e-03
3.541666666666666574e-02 -1.797851622512203402e-04 -5.231236112153979032e-03
3.611111111111111466e-02 -1.801461681820806814e-04 -5.285022225165841164e-03
3.680555555555555663e-02 -1.804982063596946237e-04 -5.337821156935109411e-03
3.749999999999999861e-02 -1.808427056902937858e-04 -5.389674090691440149e-03
3.819444444444444059e-02 -1.811812787740900335e-04 -5.440648622233107239e-03
3.888888888888888951e-02 -1.815123950744022493e-04 -5.490800970230086051e-03
3.958333333333333148e-02 -1.818378185644313396e-04 -5.540228840042862868e-03
4.027777777777778040e-02 -1.821555398258733268e-04 -5.589011656804357929e-03
4.097222222222222238e-02 -1.824644095790694653e-04 -5.637079272253943917e-03
4.166666666666666435e-02 -1.827750270931329240e-04 -5.684335650688559886e-03
4.236111111111110633e-02 -1.830834725120446911e-04 -5.730712270134752893e-03
4.305555555555554831e-02 -1.833803334419718920e-04 -5.776218484715039438e-03
4.375000000000000416e-02 -1.836718368631710702e-04 -5.820942053019590411e-03
4.444444444444444614e-02 -1.839592513710227434e-04 -5.864937023305185661e-03
4.513888888888888812e-02 -1.842414921299303403e-04 -5.908246254425765856e-03
4.583333333333333703e-02 -1.845213096955375430e-04 -5.950882570268736967e-03
4.652777777777777901e-02 -1.847950134026991929e-04 -5.992837235074885763e-03
4.722222222222222099e-02 -1.850648774894647999e-04 -6.033974900443770870e-03
4.791666666666666297e-02 -1.853313203946074426e-04 -6.074138212589459684e-03
4.861111111111111188e-02 -1.855918283312126818e-04 -6.113446012749109738e-03
4.930555555555555386e-02 -1.858513367944104281e-04 -6.152110128456601823e-03
4.999999999999999584e-02 -1.861098436231173846e-04 -6.190237079183692065e-03
5.069444444444443781e-02 -1.863675177864558281e-04 -6.227814747677136269e-03
5.138888888888889367e-02 -1.866251238638647720e-04 -6.264921728588792281e-03
5.208333333333333565e-02 -1.868774634665525776e-04 -6.301387729397960741e-03
5.277777777777777762e-02 -1.871288735477711479e-04 -6.337224839859957430e-03
5.347222222222222654e-02 -1.873783814995981414e-04 -6.372358448043740839e-03
5.416666666666666852e-02 -1.876286307350214086e-04 -6.407107827518635640e-03
5.486111111111111049e-02 -1.878778531092364966e-04 -6.441432447751778770e-03
5.555555555555555247e-02 -1.881202783016782873e-04 -6.475161744753051007e-03
5.625000000000000139e-02 -1.883627901872721112e-04 -6.508510536233192735e-03
5.694444444444444337e-02 -1.886031283646593120e-04 -6.541457361365111099e-03
5.763888888888888534e-02 -1.888434366506814405e-04 -6.573920717389918761e-03
5.833333333333332732e-02 -1.890844606152402121e-04 -6.605906363280237420e-03
5.902777777777778317e-02 -1.893220932517339589e-04 -6.637424437028246332e-03
5.972222222222222515e-02 -1.895602240987990551e-04 -6.668477477148098721e-03
6.041666666666666713e-02 -1.897998183896386262e-04 -6.699074583921415735e-03
6.111111111111110911e-02 -1.900415910776898640e-04 -6.729203272030141909e-03
6.180555555555555802e-02 -1.902828737611918231e-04 -6.758884430305093366e-03
6.250000000000000000e-02 -1.905261706548780039e-04 -6.785486901929156656e-03
6.319444444444444198e-02 -1.907701289940121861e-04 -6.811026946279814462e-03
6.388888888888889783e-02 -1.910094954514649163e-04 -6.836407119335270038e-03
6.458333333333333981e-02 -1.912491833788529806e-04 -6.861390962566791228e-03
6.527777777777778179e-02 -1.914880147282886776e-04 -6.886114558398282078e-03
6.597222222222222376e-02 -1.917303230023371800e-04 -6.910484658868754418e-03
6.666666666666666574e-02 -1.919712876765229930e-04 -6.934459570128473534e-03
6.736111111111110772e-02 -1.922101451380313721e-04 -6.958147149926896882e-03
6.805555555555554970e-02 -1.924501367268557374e-04 -6.981437976710565783e-03
6.874999999999999167e-02 -1.926927711170406952e-04 -7.004386299897463232e-03
6.944444444444444753e-02 -1.929346011020649260e-04 -7.027032950266978717e-03
7.013888888888888951e-02 -1.931788531725619085e-04 -7.049370593236496500e-03
7.083333333333333148e-02 -1.934213792501952031e-04 -7.071335412525686995e-03
7.152777777777777346e-02 -1.936727254276703384e-04 -7.093055577776244403e-03
7.222222222222222932e-02 -1.939159231974157472e-04 -7.114440384612149074e-03
7.291666666666667129e-02 -1.941383505336376019e-04 -7.135494099529899985e-03
7.361111111111111327e-02 -1.943732431439567818e-04 -7.156261298853665472e-03
7.430555555555555525e-02 -1.946259736895558775e-04 -7.176786813408509921e-03
7.499999999999999722e-02 -1.948800902103798335e-04 -7.196979290143412818e-03
7.569444444444443920e-02 -1.951347310254964221e-04 -7.216945806553983975e-03
7.638888888888888118e-02 -1.953891247808729130e-04 -7.236576169445831271e-03
7.708333333333332316e-02 -1.956452102468175293e-04 -7.255942609454964394e-03
7.777777777777777901e-02 -1.958984057652759397e-04 -7.275072101613706647e-03
7.847222222222222099e-02 -1.961544189036156861e-04 -7.294013151303818665e-03
7.916666666666666297e-02 -1.964084930072425002e-04 -7.312603606899464696e-03
7.986111111111111882e-02 -1.966673907525180493e-04 -7.332556688694218464e-03
8.055555555555556080e-02 -1.969230435163929070e-04 -7.351308643185622792e-03
8.125000000000000278e-02 -1.971830032821337870e-04 -7.369055249698455712e-03
8.194444444444444475e-02 -1.974411435227883761e-04 -7.386676940862216267e-03
8.263888888888888673e-02 -1.976989804518717664e-04 -7.404011923602384082e-03
8.333333333333332871e-02 -1.979551949960488603e-04 -7.421222892282594054e-03
8.402777777777777068e-02 -1.982170301024034696e-04 -7.438209533627651061e-03
8.472222222222221266e-02 -1.984774943480808530e-04 -7.454939931309647293e-03
8.541666666666665464e-02 -1.987426700520289599e-04 -7.471586186381514935e-03
8.611111111111109662e-02 -1.990071277893056001e-04 -7.489266954704795753e-03
8.680555555555556635e-02 -1.992805753233996009e-04 -7.505955436858343689e-03
8.750000000000000833e-02 -1.995533233736132518e-04 -7.521747204136147724e-03
8.819444444444445030e-02 -1.998154383308366850e-04 -7.537434185911894360e-03
8.888888888888889228e-02 -2.000801728575768803e-04 -7.552937644538534542e-03
8.958333333333333426e-02 -2.003477973033924140e-04 -7.568314731105937540e-03
9.027777777777777624e-02 -2.006204643657206674e-04 -7.583411486576718125e-03
9.097222222222221821e-02 -2.008910170746925695e-04 -7.598462302376839117e-03
9.166666666666667407e-02 -2.011730459899077031e-04 -7.613249506877015071e-03
9.236111111111111605e-02 -2.014463405098749983e-04 -7.629074890861721643e-03
9.305555555555555802e-02 -2.017399915212368742e-04 -7.644018895288878443e-03
9.375000000000000000e-02 -2.020162235260557226e-04 -7.658135496157562894e-03
9.444444444444444198e-02 -2.022939561472146628e-04 -7.672170597229359575e-03
9.513888888888888395e-02 -2.025503298905002695e-04 -7.686076230795022002e-03
9.583333333333332593e-02 -2.028333383076756299e-04 -7.699823697625041673e-03
9.652777777777778179e-02 -2.030951686788739347e-04 -7.713403376326357849e-03
9.722222222222222376e-02 -2.033961137013140183e-04 -7.726836148390447447e-03
9.791666666666666574e-02 -2.036653446912335729e-04 -7.741221048377663373e-03
9.861111111111110772e-02 -2.039584536286103843e-04 -7.754746354718264172e-03
9.930555555555554970e-02 -2.042194578398527584e-04 -7.767600006613174790e-03
9.999999999999999167e-02 -2.045217637246171194e-04 -7.780375267307277840e-03
1.006944444444444337e-01 -2.047857076235721498e-04 -7.792962271743965504e-03
1.013888888888888756e-01 -2.050890266870989429e-04 -7.805454119537186437e-03
1.020833333333333454e-01 -2.053542845024212819e-04 -7.817797635159013520e-03
1.027777777777777873e-01 -2.056601649741755756e-04 -7.829939458292658333e-03
1.034722222222222293e-01 -2.059246079312963568e-04 -7.842037252119647694e-03
1.041666666666666713e-01 -2.062298403376069749e-04 -7.854902005766271553e-03
1.048611111111111133e-01 -2.064981482617465219e-04 -7.867084012219980119e-03
1.055555555555555552e-01 -2.068052069891153106e-04 -7.878613969461604333e-03
1.062499999999999972e-01 -2.070642678162499118e-04 -7.890072855932923207e-03
1.069444444444444531e-01 -2.073676034069679144e-04 -7.901408891405512294e-03
1.076388888888888951e-01 -2.076389603547746331e-04 -7.912643552030976940e-03
1.083333333333333370e-01 -2.079556311854367182e-04 -7.923701480972367844e-03
1.090277777777777790e-01 -2.082287238484357257e-04 -7.934689373777614740e-03
1.097222222222222210e-01 -2.085391372471465533e-04 -7.945506334496582959e-03
1.104166666666666630e-01 -2.088081384357938313e-04 -7.957078198974310360e-03
1.111111111111111049e-01 -2.091224184206886215e-04 -7.968012056447188948e-03
1.118055555555555469e-01 -2.093979294167720067e-04 -7.978346476322411077e-03
1.125000000000000028e-01 -2.097153504825838126e-04 -7.988625432967801435e-03
1.131944444444444448e-01 -2.099910425168107669e-04 -7.998806226255478560e-03
1.138888888888888867e-01 -2.103090553796929326e-04 -8.008875147231147781e-03
1.145833333333333287e-01 -2.105859689420591868e-04 -8.018813119402253345e-03
1.152777777777777707e-01 -2.109039886911705426e-04 -8.028641806903434250e-03
1.159722222222222127e-01 -2.111788918456666971e-04 -8.038382894570129944e-03
1.166666666666666546e-01 -2.114943250206612144e-04 -8.048729767121162726e-03
1.173611111111111244e-01 -2.117683173159575090e-04 -8.058537049418791273e-03
1.180555555555555663e-01 -2.120865491413624843e-04 -8.067806085462236529e-03
1.187500000000000083e-01 -2.123639762830577054e-04 -8.077014613463122730e-03
1.194444444444444503e-01 -2.126846718466275513e-04 -8.086145300799436886e-03
1.201388888888888923e-01 -2.129643416476457779e-04 -8.095167339541497684e-03
1.208333333333333343e-01 -2.132860417835475461e-04 -8.104061028407558501e-03
1.215277777777777762e-01 -2.135654362040557378e-04 -8.112869826238686827e-03
1.222222222222222182e-01 -2.138877085493242551e-04 -8.121565899596805763e-03
1.229166666666666741e-01 -2.141673323791759380e-04 -8.130804461301075620e-03
1.236111111111111160e-01 -2.144884639647489820e-04 -8.139600382602462172e-03
1.243055555555555580e-01 -2.147668755743271224e-04 -8.147897936496766719e-03
1.250000000000000000e-01 -2.150874756845022140e-04 -8.156104671298443007e-03
1.256944444444444420e-01 -2.153662173535397730e-04 -8.164267453985341733e-03
1.263888888888888840e-01 -2.156888003990322213e-04 -8.172348880005108132e-03
1.270833333333333259e-01 -2.159692142309822566e-04 -8.180296691213501462e-03
1.277777777777777957e-01 -2.162940264655299760e-04 -8.188175874504662055e-03
1.284722222222222376e-01 -2.165770566659003487e-04 -8.195962175304235750e-03
1.291666666666666796e-01 -2.169038303118095488e-04 -8.204227949632268355e-03
1.298611111111111216e-01 -2.171890709412297891e-04 -8.212061484025026323e-03
1.305555555555555636e-01 -2.175175332203200282e-04 -8.219467430130045563e-03
1.312500000000000056e-01 -2.178040757775387480e-04 -8.226844353666941737e-03
1.319444444444444475e-01 -2.181340307284008171e-04 -8.234120993120942408e-03
1.326388888888888895e-01 -2.184220064972335138e-04 -8.241281011581585991e-03
1.333333333333333315e-01 -2.187533507172030253e-04 -8.248393485032321296e-03
1.340277777777777735e-01 -2.190428011419353921e-04 -8.255429775761210370e-03
1.347222222222222154e-01 -2.193755311849856517e-04 -8.262356958098284951e-03
1.354166666666666574e-01 -2.196660425851724020e-04 -8.269744126804708106e-03
1.361111111111110994e-01 -2.199999267211603601e-04 -8.276725659052909870e-03
1.368055555555555414e-01 -2.202911943778689799e-04 -8.283361929074379432e-03
1.374999999999999833e-01 -2.206259250368728753e-04 -8.289943731483126813e-03
1.381944444444444531e-01 -2.209179283829910880e-04 -8.296405200590994955e-03
1.388888888888888951e-01 -2.212535834085186564e-04 -8.302836749608218450e-03
1.395833333333333370e-01 -2.215448497845673177e-04 -8.309177336731903701e-03
1.402777777777777790e-01 -2.218796721140021435e-04 -8.315416851042809962e-03
1.409722222222222210e-01 -2.221725117894080535e-04 -8.321621699676904488e-03
1.416666666666666630e-01 -2.225061576603335465e-04 -8.328197385753242574e-03
1.423611111111111049e-01 -2.227970556478167869e-04 -8.334426365379836443e-03
1.430555555555555469e-01 -2.231316977539510283e-04 -8.340332214819827505e-03
1.437499999999999611e-01 -2.234225810530051119e-04 -8.346167521926982358e-03
1.444444444444444586e-01 -2.237566888543564812e-04 -8.351971438433518358e-03
1.451388888888889006e-01 -2.240488313440135344e-04 -8.357698306865557480e-03
1.458333333333333426e-01 -2.243843110584596687e-04 -8.363326531520375376e-03
1.465277777777777846e-01 -2.246778242785215003e-04 -8.368911370946483311e-03
1.472222222222222265e-01 -2.250139583650161525e-04 -8.374436789429914527e-03
1.479166666666666685e-01 -2.253075943228336799e-04 -8.379867139905372922e-03
1.486111111111111105e-01 -2.256448400104797095e-04 -8.385645470220949582e-03
1.493055555555555525e-01 -2.259395975972691478e-04 -8.391122595874366333e-03
1.499999999999999944e-01 -2.262780415444500947e-04 -8.396350611133397701e-03
1.506944444444444364e-01 -2.265750001870331604e-04 -8.401499500749354948e-03
1.513888888888888784e-01 -2.269157202112197691e-04 -8.406549315392638361e-03
1.520833333333333204e-01 -2.272147201095996323e-04 -8.411601537729553046e-03
1.527777777777777624e-01 -2.275582799136998226e-04 -8.416603091740653200e-03
1.534722222222222043e-01 -2.278598423705578441e-04 -8.421496449491435929e-03
1.541666666666666463e-01 -2.282043386528409036e-04 -8.426390111014947851e-03
1.548611111111111160e-01 -2.285072400213601813e-04 -8.431527499379910112e-03
1.555555555555555580e-01 -2.288540301442351589e-04 -8.436436407182250005e-03
1.562500000000000000e-01 -2.291590211450264503e-04 -8.441058277490774697e-03
1.569444444444444420e-01 -2.295073521560733688e-04 -8.445602862129432051e-03
1.576388888888888840e-01 -2.298084125936904068e-04 -8.450140151228286919e-03
1.583333333333333259e-01 -2.301527889682594729e-04 -8.454666903296687019e-03
1.590277777777777957e-01 -2.304552353144101711e-04 -8.459092945862086224e-03
1.597222222222222376e-01 -2.307970490216811163e-04 -8.463495267828642643e-03
1.604166666666666796e-01 -2.310965073827057534e-04 -8.467831604009540616e-03
1.611111111111111216e-01 -2.314379375559636647e-04 -8.472393408228168221e-03
1.618055555555555636e-01 -2.317367707116020062e-04 -8.476743300702032843e-03
1.625000000000000056e-01 -2.320777333145465312e-04 -8.480894951443980131e-03
1.631944444444444475e-01 -2.323788583820795173e-04 -8.485001837332707339e-03
1.638888888888888895e-01 -2.327221143709520931e-04 -8.489039613286114908e-03
1.645833333333333037e-01 -2.330238215193078844e-04 -8.493056460913193592e-03
1.652777777777777735e-01 -2.333718487576146321e-04 -8.497004270986686925e-03
1.659722222222222154e-01 -2.336765001006791472e-04 -8.500875160060502797e-03
1.666666666666666574e-01 -2.340259210805769458e-04 -8.504749030173851948e-03
1.673611111111110994e-01 -2.343364203736876289e-04 -8.508828396536608635e-03
1.680555555555555414e-01 -2.346857050968285735e-04 -8.512713154181814762e-03
1.687499999999999833e-01 -2.349936240774452574e-04 -8.516412813162364814e-03
1.694444444444444253e-01 -2.353401162137245769e-04 -8.520049577389310000e-03
1.701388888888888673e-01 -2.356453937607972543e-04 -8.523671313216095446e-03
1.708333333333333093e-01 -2.359846062642406966e-04 -8.527253972997313192e-03
1.715277777777777513e-01 -2.362897266228381117e-04 -8.530758736128274053e-03
1.722222222222221932e-01 -2.366297221528018322e-04 -8.534253732358616784e-03
1.729166666666666907e-01 -2.369288564271795731e-04 -8.537700328347894510e-03
1.736111111111111327e-01 -2.372720534811086893e-04 -8.541321856541508883e-03
1.743055555555555747e-01 -2.375729583154219393e-04 -8.544786544603442599e-03
1.750000000000000167e-01 -2.379148746198188563e-04 -8.548064129513706366e-03
1.756944444444444586e-01 -2.382178154581026405e-04 -8.551313532301593051e-03
1.763888888888889006e-01 -2.385600513290872949e-04 -8.554546388880620092e-03
1.770833333333333426e-01 -2.388598448775118761e-04 -8.557706631299649702e-03
1.777777777777777846e-01 -2.392064514450194690e-04 -8.560865640263173176e-03
1.784722222222222265e-01 -2.395036840782063673e-04 -8.563973572552383007e-03
1.791666666666666685e-01 -2.398446484741336468e-04 -8.567054641426697509e-03
1.798611111111111105e-01 -2.401464808194951140e-04 -8.570105447151192546e-03
1.805555555555555525e-01 -2.404829637923689442e-04 -8.573280483407602973e-03
1.812499999999999944e-01 -2.407766187234286113e-04 -8.576324107737780256e-03
1.819444444444444364e-01 -2.411143853411188320e-04 -8.579259566574026080e-03
1.826388888888888784e-01 -2.414020333188109438e-04 -8.582119735485133766e-03
1.833333333333333481e-01 -2.417375179060744512e-04 -8.584950168818498289e-03
1.840277777777777901e-01 -2.420310094634455173e-04 -8.587754236824006113e-03
1.847222222222222321e-01 -2.423662422162170711e-04 -8.590545741665851776e-03
1.854166666666666741e-01 -2.426615720750898819e-04 -8.593266764523248974e-03
1.861111111111111160e-01 -2.430004242420290912e-04 -8.595990480469257664e-03
1.868055555555555580e-01 -2.432917331134252441e-04 -8.598808693493553701e-03
1.875000000000000000e-01 -2.436331032672732759e-04 -8.601532249649716105e-03
1.881944444444444420e-01 -2.439281471169684823e-04 -8.604127100041625634e-03
1.888888888888888840e-01 -2.442661935392587114e-04 -8.606668940568454329e-03
1.895833333333333259e-01 -2.445605367509352053e-04 -8.609204069811996970e-03
1.902777777777777679e-01 -2.449004790222767498e-04 -8.611714276677614327e-03
1.909722222222222099e-01 -2.451891909311190460e-04 -8.614165477913705155e-03
1.916666666666666519e-01 -2.455259496335193540e-04 -8.616623556109334267e-03
1.923611111111110938e-01 -2.458151604447092529e-04 -8.619038539293707654e-03
1.930555555555555636e-01 -2.461423549202015480e-04 -8.621543249623843039e-03
1.937500000000000056e-01 -2.464314274307243045e-04 -8.623983088796074656e-03
1.944444444444444475e-01 -2.467623358643467307e-04 -8.626302342827400771e-03
1.951388888888888895e-01 -2.470451998309978222e-04 -8.628550691482170590e-03
1.958333333333333315e-01 -2.473759420695990701e-04 -8.630837733528750472e-03
1.965277777777777735e-01 -2.476613191890730532e-04 -8.633062452808284298e-03
1.972222222222222154e-01 -2.479872910062770413e-04 -8.635232765661304821e-03
1.979166666666666574e-01 -2.482729992628683710e-04 -8.637398721122272263e-03
1.986111111111110994e-01 -2.486054513560524639e-04 -8.639605365030389450e-03
1.993055555555555414e-01 -2.488892410553222097e-04 -8.641852629895960258e-03
1.999999999999999833e-01 -2.492202850472156244e-04 -8.644027897110422715e-03
2.006944444444444253e-01 -2.495077851812474348e-04 -8.646102832927066856e-03
2.013888888888888673e-01 -2.498356533980257985e-04 -8.648143743511162856e-03
2.020833333333333093e-01 -2.501215816089462384e-04 -8.650152767676194676e-03
2.027777777777777513e-01 -2.504470848775965379e-04 -8.652158121646616462e-03
2.034722222222222487e-01 -2.507272482700645139e-04 -8.654104891710662911e-03
2.041666666666666907e-01 -2.510555328564135894e-04 -8.656025925585760297e-03
2.048611111111111327e-01 -2.513351900677138922e-04 -8.657947350920649349e-03
2.055555555555555747e-01 -2.516574640276943815e-04 -8.659949427640940139e-03
2.062500000000000167e-01 -2.519422586446528494e-04 -8.661889111657538123e-03
2.069444444444444586e-01 -2.522687566296427739e-04 -8.663747336140675478e-03
2.076388888888889006e-01 -2.525458718893207940e-04 -8.665547704838948498e-03
2.083333333333333426e-01 -2.528740936676160270e-04 -8.667357971371022346e-03
2.090277777777777846e-01 -2.531527414118872653e-04 -8.669145855292523933e-03
2.097222222222222265e-01 -2.534756829755722778e-04 -8.670894668542828906e-03
2.104166666666666685e-01 -2.537561755336930507e-04 -8.672630834164599123e-03
2.111111111111111105e-01 -2.540772736658371842e-04 -8.674349960649909916e-03
2.118055555555555525e-01 -2.543546485351770429e-04 -8.676014226661844797e-03
2.124999999999999944e-01 -2.546835765646636484e-04 -8.677770078773856810e-03
2.131944444444444364e-01 -2.549604885848850999e-04 -8.679466582384288628e-03
2.138888888888889062e-01 -2.552793465882996927e-04 -8.681091914834111398e-03
2.145833333333333481e-01 -2.555566242441625370e-04 -8.682710581059627231e-03
2.152777777777777901e-01 -2.558733760257996307e-04 -8.684309776070854581e-03
2.159722222222222321e-01 -2.561455870929595828e-04 -8.685857774224552477e-03
2.166666666666666741e-01 -2.564572050991628877e-04 -8.687415498375193959e-03
2.173611111111111160e-01 -2.567224138938963961e-04 -8.688942948504300989e-03
2.180555555555555580e-01 -2.570401091550838894e-04 -8.690449786955697919e-03
2.187500000000000000e-01 -2.573122512329065951e-04 -8.692014198367577216e-03
2.194444444444444420e-01 -2.576245575161348464e-04 -8.693522484444757281e-03
2.201388888888888840e-01 -2.578913766303211159e-04 -8.694995147025805227e-03
2.208333333333333259e-01 -2.582001587682008852e-04 -8.696418803865716210e-03
2.215277777777777679e-01 -2.584734210181944864e-04 -8.697810858066822720e-03
2.222222222222222099e-01 -2.587872515742961860e-04 -8.699215731666206514e-03
2.229166666666666519e-01 -2.590570962788174211e-04 -8.700605251614885322e-03
2.236111111111110938e-01 -2.593642621623145814e-04 -8.701946140586913972e-03
2.243055555555555636e-01 -2.596263014341616999e-04 -8.703313794046435223e-03
2.250000000000000056e-01 -2.599468327320685708e-04 -8.704692867035712309e-03
2.256944444444444475e-01 -2.602205439011295645e-04 -8.706041468302592318e-03
2.263888888888888895e-01 -2.605391964496192201e-04 -8.707367271839339812e-03
2.270833333333333315e-01 -2.608033511208961825e-04 -8.708616753882261058e-03
2.277777777777777735e-01 -2.611148433186945609e-04 -8.709896719107238991e-03
2.284722222222222154e-01 -2.613966001261651276e-04 -8.711143482299860824e-03
2.291666666666666574e-01 -2.617215187971584688e-04 -8.712364466835730015e-03
2.298611111111110994e-01 -2.619991090664304306e-04 -8.713583191084249557e-03
2.305555555555555414e-01 -2.623135922805276492e-04 -8.714797961797421041e-03
2.312499999999999833e-01 -2.625930331187611901e-04 -8.716019755992270718e-03
2.319444444444444253e-01 -2.629602938133537631e-04 -8.717229912063122893e-03
2.326388888888888673e-01 -2.632726319939673008e-04 -8.718380213154228175e-03
2.333333333333333093e-01 -2.635646740437066864e-04 -8.719489414829141929e-03
2.340277777777777513e-01 -2.638507905385558306e-04 -8.720633255241819204e-03
2.347222222222222487e-01 -2.641159322290132644e-04 -8.721748419611074707e-03
2.354166666666666907e-01 -2.644035076379328518e-04 -8.722820536384049209e-03
2.361111111111111327e-01 -2.647603986056693655e-04 -8.723927367263954735e-03
2.368055555555555747e-01 -2.650639899005090630e-04 -8.724990971891255151e-03
2.375000000000000167e-01 -2.653408447905300960e-04 -8.725980992452087026e-03
2.381944444444444586e-01 -2.656032276616050606e-04 -8.727080814960036861e-03
2.388888888888889006e-01 -2.658968576487674923e-04 -8.728144779205804227e-03
2.395833333333333426e-01 -2.661903889306284506e-04 -8.729164366640023223e-03
2.402777777777777846e-01 -2.664672270429092080e-04 -8.730188547212162573e-03
2.409722222222222265e-01 -2.667503756272809673e-04 -8.731217578738046520e-03
2.416666666666666685e-01 -2.670811495695631283e-04 -8.732196226486679466e-03
2.423611111111111105e-01 -2.673747114579002617e-04 -8.733196041022558975e-03
2.430555555555555525e-01 -2.676780446782192212e-04 -8.734171212627879488e-03
2.437499999999999944e-01 -2.679899478227773480e-04 -8.735130244469561586e-03
2.444444444444444364e-01 -2.683194229178582761e-04 -8.736079184925756025e-03
2.451388888888889062e-01 -2.686208603886240209e-04 -8.737015859080824592e-03
2.458333333333333481e-01 -2.689242183920777804e-04 -8.737951881130126205e-03
2.465277777777777901e-01 -2.691977419873072528e-04 -8.738838533605453734e-03
2.472222222222222321e-01 -2.693631498087671193e-04 -8.739300263795908921e-03
2.479166666666666741e-01 -2.692224361132231764e-04 -8.738628172834045707e-03
2.486111111111111160e-01 -2.694509380598089925e-04 -8.736386248441939395e-03
2.493055555555555580e-01 -2.908154616151830763e-04 -8.732380588236516444e-03
2.500000000000000000e-01 -3.083172109317265761e-04 -8.726852974654551731e-03
2.506944444444444420e-01 -3.119384188309858377e-04 -8.719295118674419420e-03
2.513888888888888840e-01 -3.130241837155929401e-04 -8.711295715220199881e-03
2.520833333333333259e-01 -3.153739275003181164e-04 -8.702951107440057288e-03
2.527777777777777679e-01 -3.173637448611633396e-04 -8.693995561940405167e-03
2.534722222222222099e-01 -3.196082839884089948e-04 -8.684288313988991134e-03
2.541666666666666519e-01 -3.310111152658964701e-04 -8.673467502162095569e-03
2.548611111111110938e-01 -3.404564868776180776e-04 -8.661365714225630758e-03
2.555555555555555913e-01 -3.462750080041246533e-04 -8.648007638914292222e-03
2.562500000000000333e-01 -3.479365945969054279e-04 -8.631724364702235766e-03
2.569444444444444753e-01 -3.450682837452437963e-04 -8.614873647877932181e-03
2.576388888888889173e-01 -3.307445717786355096e-04 -8.595744739869307094e-03
2.583333333333333592e-01 -3.294199338606511470e-04 -8.570732177744726232e-03
2.590277777777778012e-01 -3.159401228186766298e-04 -8.540237161165385726e-03
2.597222222222222432e-01 -3.163208935649039618e-04 -8.504196071765845327e-03
2.604166666666666852e-01 -2.851410278477270943e-04 -8.463073751029673991e-03
2.611111111111111271e-01 -2.774942865533784478e-04 -8.416161370127430569e-03
2.618055555555555691e-01 -2.678968054491544194e-04 -8.362445338612328749e-03
2.625000000000000111e-01 -2.555528925208420455e-04 -8.300714104446011571e-03
2.631944444444444531e-01 -2.425532688078755965e-04 -8.230535058164829484e-03
2.638888888888888951e-01 -2.284442511300391375e-04 -8.150937942263094399e-03
2.645833333333333370e-01 -2.125808054784037034e-04 -8.063654207934053617e-03
2.652777777777777790e-01 -1.958855634411719733e-04 -7.971480316941765773e-03
2.659722222222222210e-01 -1.806464268462766587e-04 -7.880552688764546135e-03
2.666666666666666630e-01 -1.659248196109113860e-04 -7.788068928967067754e-03
2.673611111111111049e-01 -1.521177285868204943e-04 -7.690474634182358632e-03
2.680555555555555469e-01 -1.383398816257043712e-04 -7.587332466346742056e-03
2.687499999999999889e-01 -1.261267682371927515e-04 -7.476061045754969249e-03
2.694444444444444309e-01 -1.155373604636219658e-04 -7.353617473302730134e-03
2.701388888888888729e-01 -1.070614367417397619e-04 -7.220669862514884907e-03
2.708333333333333148e-01 -1.019965753066623393e-04 -7.077060794575384256e-03
2.715277777777777568e-01 -4.715740318775054317e-05 -6.921394473443530024e-03
2.722222222222221988e-01 -1.607247738195904529e-06 -6.759409127862302420e-03
2.729166666666666408e-01 3.626368078160773113e-05 -6.596739845641764848e-03
2.736111111111110827e-01 6.625928161344797824e-05 -6.433712271919336291e-03
2.743055555555555247e-01 9.174631924775731131e-05 -6.275352985396642422e-03
2.749999999999999667e-01 1.124442701413538355e-04 -6.123215911047512165e-03
2.756944444444444087e-01 1.334703531462775282e-04 -5.967235023102707668e-03
2.763888888888889062e-01 1.572098515239904036e-04 -5.802158078060339411e-03
2.770833333333332926e-01 1.839378093171512843e-04 -5.631103574273203793e-03
2.777777777777777901e-01 2.134886282074959646e-04 -5.454667232339669054e-03
2.784722222222222321e-01 2.473363552957259098e-04 -5.268984521253705991e-03
2.791666666666666741e-01 2.842015168550657300e-04 -5.075290284218330825e-03
2.798611111111111160e-01 3.238690618942168691e-04 -4.876849501522324479e-03
2.805555555555555580e-01 3.645354649704093215e-04 -4.674321677063580927e-03
2.812500000000000000e-01 4.075100022087761644e-04 -4.464973214200873737e-03
2.819444444444444420e-01 4.789271589710566187e-04 -4.243042939800899249e-03
2.826388888888888840e-01 5.306618768180713626e-04 -4.001871849935259920e-03
2.833333333333333259e-01 5.880739778535508909e-04 -3.730464401757632546e-03
2.840277777777777679e-01 6.731353103938571541e-04 -3.419545261865838872e-03
2.847222222222222099e-01 7.884279517022383570e-04 -3.072486859076431660e-03
2.854166666666666519e-01 9.784998203707640212e-04 -2.689573302579067494e-03
2.861111111111110938e-01 1.196821304299551959e-03 -2.285503774505206424e-03
2.868055555555555913e-01 1.446581164126372601e-03 -1.855060981757636080e-03
2.874999999999999223e-01 1.720533719010004315e-03 -1.397841709090148505e-03
2.881944444444444753e-01 2.005610738434844640e-03 -9.144916182888569852e-04
2.888888888888889173e-01 2.293241178201024365e-03 -4.079604061109281610e-04
2.895833333333333592e-01 2.533698558292882003e-03 9.568226721771724245e-05
2.902777777777778012e-01 2.674224904656677913e-03 5.783792117762214099e-04
2.909722222222222432e-01 2.712685025507447553e-03 1.046031005263036101e-03
2.916666666666666852e-01 2.636204970625556556e-03 1.499818970327734813e-03
2.923611111111111271e-01 3.097004262586092183e-03 1.924750993089695576e-03
2.930555555555555691e-01 3.461307233625760937e-03 2.355295626837439465e-03
2.937500000000000111e-01 3.832126615898602453e-03 2.839602019094770134e-03
2.944444444444444531e-01 4.181984400807027026e-03 3.371187227006222295e-03
2.951388888888888951e-01 4.580566372510406527e-03 3.940974443376807357e-03
2.958333333333333370e-01 4.975860322237354340e-03 4.520361767220990382e-03
2.965277777777777790e-01 5.354613494475758337e-03 5.110808021618611086e-03
2.972222222222222210e-01 5.849200286305930932e-03 5.740295767273101250e-03
2.979166666666666075e-01 6.329658597716753855e-03 6.417368308889503069e-03
2.986111111111111049e-01 6.827389035880669643e-03 7.121676537846053680e-03
2.993055555555555469e-01 7.340753904744251948e-03 7.828307098581430840e-03
2.999999999999999889e-01 7.915460194774241037e-03 8.549755139151469022e-03
3.006944444444444309e-01 8.498124665661068930e-03 9.277941928545840530e-03
3.013888888888888729e-01 9.072484358293095297e-03 9.993464518477518377e-03
3.020833333333333148e-01 9.649117911468800199e-03 1.075194146261135297e-02
3.027777777777777568e-01 1.026472578309883983e-02 1.154148567518587659e-02
3.034722222222221988e-01 1.092843584342878017e-02 1.233324341058097094e-02
3.041666666666666408e-01 1.161216728402075966e-02 1.314771052436839588e-02
3.048611111111110827e-01 1.231702262245269741e-02 1.399134761317107935e-02
3.055555555555555247e-01 1.305328464885272509e-02 1.485641008630219501e-02
3.062499999999999667e-01 1.381001160373398866e-02 1.572223730065746075e-02
3.069444444444444087e-01 1.458686299104859814e-02 1.662595026234796672e-02
3.076388888888889062e-01 1.539642454366855172e-02 1.755494640568379394e-02
3.083333333333332926e-01 1.620713057293633394e-02 1.843823208662187518e-02
3.090277777777777901e-01 1.704727512259839733e-02 1.931449672593944095e-02
3.097222222222222321e-01 1.792513223851770893e-02 2.025972485712023222e-02
3.104166666666666741e-01 1.881737479704033433e-02 2.122774674975752215e-02
3.111111111111111160e-01 1.972999633607746758e-02 2.218995282908715894e-02
3.118055555555555580e-01 2.071126683424950529e-02 2.321061885550543963e-02
3.125000000000000000e-01 2.170925056488055491e-02 2.426627220313800140e-02
3.131944444444444420e-01 2.276537948428172115e-02 2.531425424114252740e-02
3.138888888888888840e-01 2.383980140268035508e-02 2.638725672568069738e-02
3.145833333333333259e-01 2.494653757820033263e-02 2.748143999371344820e-02
3.152777777777777679e-01 2.612336426902695311e-02 2.861493316441470272e-02
3.159722222222222099e-01 2.733800012907513025e-02 2.977029082626861042e-02
3.166666666666666519e-01 2.852417310648664231e-02 3.093004784579758346e-02
3.173611111111110938e-01 2.979887943638759307e-02 3.211313858766579044e-02
3.180555555555555913e-01 3.108870777686148848e-02 3.326683539957159264e-02
3.187499999999999223e-01 3.238291272687277705e-02 3.442300010116775694e-02
3.194444444444444753e-01 3.372422896018159588e-02 3.563396156100847451e-02
3.201388888888889173e-01 3.511679781613498419e-02 3.677796237728309797e-02
3.208333333333333592e-01 3.658380224693054406e-02 3.787123144115212697e-02
3.215277777777778012e-01 3.801602716328892489e-02 3.902058204237732197e-02
3.222222222222222432e-01 3.941077159696172727e-02 4.023752370284754826e-02
3.229166666666666852e-01 4.095166667245629666e-02 4.146394103902922845e-02
3.236111111111111271e-01 4.256676584894182602e-02 4.260817049085687674e-02
3.243055555555555691e-01 4.417020854203369123e-02 4.372338936259408809e-02
3.250000000000000111e-01 4.577410481329702990e-02 4.484663788461647899e-02
3.256944444444444531e-01 4.746193846006963035e-02 4.587310051877924177e-02
3.263888888888888951e-01 4.927073977238249913e-02 4.699455809912821830e-02
3.270833333333333370e-01 5.103600385411723867e-02 4.834796339973761875e-02
3.277777777777777790e-01 5.273886033457306222e-02 4.972609369466131357e-02
3.284722222222222210e-01 5.453944300544331242e-02 5.102714615994652370e-02
3.291666666666666075e-01 5.641515574194545107e-02 5.226188225437333745e-02
3.298611111111111049e-01 5.828392168365766068e-02 5.348840983886724021e-02
3.305555555555555469e-01 6.025165672968845615e-02 5.474310057977743033e-02
3.312499999999999889e-01 6.224078768895946467e-02 5.595210656244171965e-02
3.319444444444444309e-01 6.423461659196498530e-02 5.715880185787707013e-02
3.326388888888888729e-01 6.629239830448389881e-02 5.841088822235037531e-02
3.333333333333333148e-01 6.829845827164758576e-02 5.966447422601796335e-02
3.340277777777777568e-01 7.024145863799939604e-02 6.093450425138064591e-02
3.347222222222221988e-01 7.231691058965172836e-02 6.215865054678301749e-02
3.354166666666666963e-01 7.436671255841262318e-02 6.336091656638492831e-02
3.361111111111110827e-01 7.634761244392583579e-02 6.460661567541021999e-02
3.368055555555555802e-01 7.835324318095296392e-02 6.582402069829104696e-02
3.374999999999999667e-01 8.035910528382553264e-02 6.701498965312453759e-02
3.381944444444444642e-01 8.236304066238039900e-02 6.820893154098214839e-02
3.388888888888888506e-01 8.424435932225898815e-02 6.939594517652909744e-02
3.395833333333333481e-01 8.597355691411594225e-02 7.061912063733805089e-02
3.402777777777777346e-01 8.779359940544718965e-02 7.183559168488247437e-02
3.409722222222222321e-01 8.960567367978033992e-02 7.305589642118111293e-02
3.416666666666666186e-01 9.136377832573128188e-02 7.427275245622010080e-02
3.423611111111111160e-01 9.312868652797701152e-02 7.544895105538607094e-02
3.430555555555555025e-01 9.491644565144115309e-02 7.666112956143680823e-02
3.437500000000000000e-01 9.672206299943379715e-02 7.788551840541092786e-02
3.444444444444443865e-01 9.835624374776436030e-02 7.911402826957497636e-02
3.451388888888888840e-01 9.981514426967000309e-02 8.035771129382233979e-02
3.458333333333333814e-01 1.014181576770326054e-01 8.152895035793031320e-02
3.465277777777777679e-01 1.030754955204171708e-01 8.268532421712046498e-02
3.472222222222222654e-01 1.045588993557897556e-01 8.389910837906083829e-02
3.479166666666666519e-01 1.059717537585526392e-01 8.513019044151261261e-02
3.486111111111111494e-01 1.074812058913529600e-01 8.637926257081057768e-02
3.493055555555555358e-01 1.090111964510860482e-01 8.760615895524098695e-02
3.500000000000000333e-01 1.105836332777672265e-01 8.883012439561061013e-02
3.506944444444444198e-01 1.122886775249962027e-01 9.007645017375812135e-02
3.513888888888889173e-01 1.139053072279417184e-01 9.129485605830750528e-02
3.520833333333333037e-01 1.153050149104287020e-01 9.252360127561486125e-02
3.527777777777778012e-01 1.164811561151955221e-01 9.373784745892912995e-02
3.534722222222221877e-01 1.176362104075935333e-01 9.496555939808487556e-02
3.541666666666666852e-01 1.190781764017849464e-01 9.619829849057029425e-02
3.548611111111110716e-01 1.209543428869455650e-01 9.737358941679671864e-02
3.555555555555555691e-01 1.227249050875609815e-01 9.857869493994075860e-02
3.562500000000000111e-01 1.242625188901739647e-01 9.979600440826504049e-02
3.569444444444444531e-01 1.257210433016016093e-01 1.009986149699909491e-01
3.576388888888888951e-01 1.272692149158273500e-01 1.022382346955218874e-01
3.583333333333333370e-01 1.287339961167154878e-01 1.035534863648866488e-01
3.590277777777777790e-01 1.300252541966472608e-01 1.047541851688853637e-01
3.597222222222222210e-01 1.313165151809314868e-01 1.057849504936413387e-01
3.604166666666666630e-01 1.326624782042164497e-01 1.069154606946932096e-01
3.611111111111111049e-01 1.339839564065374855e-01 1.081981978553686191e-01
3.618055555555555469e-01 1.354544005934592288e-01 1.094650418435527406e-01
3.624999999999999889e-01 1.369365605682023035e-01 1.106751275317682803e-01
3.631944444444444309e-01 1.383678875889363946e-01 1.119366617614599713e-01
3.638888888888888729e-01 1.398920532644194747e-01 1.132711764542559257e-01
3.645833333333333148e-01 1.413854423928067872e-01 1.146067580019026894e-01
3.652777777777777568e-01 1.322198529122053656e-01 1.157554293664557060e-01
3.659722222222221988e-01 1.239428488768644920e-01 1.167187117286387771e-01
3.666666666666666963e-01 1.099132036816587443e-01 1.176346586382493870e-01
3.673611111111110827e-01 9.219769800086299871e-02 1.183626238039193618e-01
3.680555555555555802e-01 6.408967366315100611e-02 1.188199125396178640e-01
3.687499999999999667e-01 9.389878387506150892e-02 1.191863137000333944e-01
3.694444444444444642e-01 1.171061008324911362e-01 1.195656836778205556e-01
3.701388888888888506e-01 1.343199267908292693e-01 1.200303037829509867e-01
3.708333333333333481e-01 1.463562625247976368e-01 1.206798583950838138e-01
3.715277777777777346e-01 1.561551607439157774e-01 1.215532132253864667e-01
3.722222222222222321e-01 1.596073713526534599e-01 1.226092470753993996e-01
3.729166666666666186e-01 1.584951614214139548e-01 1.236320324525758269e-01
3.736111111111111160e-01 1.605331684055085195e-01 1.245591954041940785e-01
3.743055555555555025e-01 1.611200909976174545e-01 1.255157623298583658e-01
3.750000000000000000e-01 1.624503742412477802e-01 1.264732824715381621e-01
3.756944444444443865e-01 1.633226571835022789e-01 1.274273423794877180e-01
3.763888888888888840e-01 1.644826245917309637e-01 1.283997502984818573e-01
3.770833333333333814e-01 1.655901994979511183e-01 1.293495521227245593e-01
3.777777777777777679e-01 1.668353858416202484e-01 1.302998162646039904e-01
3.784722222222222654e-01 1.683123323678557548e-01 1.312409661965323049e-01
3.791666666666666519e-01 1.693719350018530190e-01 1.322102984131903747e-01
3.798611111111111494e-01 1.703315109659180315e-01 1.331736565201230571e-01
3.805555555555555358e-01 1.717970394134403223e-01 1.341460380628173577e-01
3.812500000000000333e-01 1.730260090051095323e-01 1.351236175529151318e-01
3.819444444444444198e-01 1.742134725520874672e-01 1.360958443517071015e-01
3.826388888888889173e-01 1.758071381317165838e-01 1.370703524946274010e-01
3.833333333333333037e-01 1.774939042827660129e-01 1.380365578068659393e-01
3.840277777777778012e-01 1.790877001676131897e-01 1.390296686904453904e-01
3.847222222222221877e-01 1.804581938645469785e-01 1.400301451017523791e-01
3.854166666666666852e-01 1.817553579602631530e-01 1.410457656092342082e-01
3.861111111111111271e-01 1.832745500572980912e-01 1.420520078846600753e-01
3.868055555555555691e-01 1.848374578654139733e-01 1.430581227033577707e-01
3.875000000000000111e-01 1.863065326150301071e-01 1.441038976830529006e-01
3.881944444444444531e-01 1.877112589744115434e-01 1.451408050492086210e-01
3.888888888888888951e-01 1.891395993300667988e-01 1.461115286002725999e-01
3.895833333333333370e-01 1.907478652858403401e-01 1.472028542825999098e-01
3.902777777777777790e-01 1.923239434723351404e-01 1.486211769886110479e-01
3.909722222222222210e-01 1.937725558260698921e-01 1.498260351086400377e-01
3.916666666666666630e-01 1.953011355944334337e-01 1.504184766788370375e-01
3.923611111111111049e-01 1.965069976999327117e-01 1.509747635395689014e-01
3.930555555555555469e-01 1.975535442566444810e-01 1.518330334339461907e-01
3.937499999999999889e-01 1.993975930416023168e-01 1.527569168851775627e-01
3.944444444444444309e-01 2.016762592866753745e-01 1.537835002690758901e-01
3.951388888888888729e-01 2.035364212399473349e-01 1.548384861287604164e-01
3.958333333333333148e-01 2.050329227360430107e-01 1.557925734577047250e-01
3.965277777777778123e-01 2.066092190813864360e-01 1.568300707677987849e-01
3.972222222222221988e-01 2.079727314720612452e-01 1.579209360606063928e-01
3.979166666666666963e-01 2.093614097007713559e-01 1.589636592091475120e-01
3.986111111111110827e-01 2.111579967643390787e-01 1.600357451798326003e-01
3.993055555555555802e-01 2.123496216231079703e-01 1.612076211730909259e-01
3.999999999999999667e-01 2.131832261515082261e-01 1.624968512087711092e-01
4.006944444444444642e-01 2.147646087801882153e-01 1.636012185578362144e-01
4.013888888888888506e-01 2.164406772127352441e-01 1.645874246786652173e-01
4.020833333333333481e-01 2.179130613759825419e-01 1.657749367889048697e-01
4.027777777777777346e-01 2.195864656173241725e-01 1.670696982400226849e-01
4.034722222222222321e-01 2.212318917867933388e-01 1.684703660880345899e-01
4.041666666666666186e-01 2.228190795528106616e-01 1.698862305129200390e-01
4.048611111111111160e-01 2.242691198494358995e-01 1.712035632266662999e-01
4.055555555555555025e-01 2.258185161432132160e-01 1.725337196953990460e-01
4.062500000000000000e-01 2.274548200811065679e-01 1.738532908147369660e-01
4.069444444444444975e-01 2.289432271646078265e-01 1.752773122083828572e-01
4.076388888888888840e-01 2.305593175931688332e-01 1.767824435425447427e-01
4.083333333333333814e-01 2.323717431945892253e-01 1.781384778239987754e-01
4.090277777777777679e-01 2.340786413645308262e-01 1.795042450671549827e-01
4.097222222222222654e-01 2.358008520454805412e-01 1.809302270504426491e-01
4.104166666666666519e-01 2.372145604358550652e-01 1.822448654603452400e-01
4.111111111111111494e-01 2.384830754684171550e-01 1.834197564822992454e-01
4.118055555555555358e-01 2.395824458354892383e-01 1.846192522921440704e-01
4.125000000000000333e-01 2.406715637774443362e-01 1.858229535692461909e-01
4.131944444444444198e-01 2.421927724762947542e-01 1.870509236399862385e-01
4.138888888888889173e-01 2.437790583382904719e-01 1.882363520130987677e-01
4.145833333333333037e-01 2.452110196315721857e-01 1.893977301799572299e-01
4.152777777777778012e-01 2.467899227074074331e-01 1.906982667400112519e-01
4.159722222222221877e-01 2.483260310991530218e-01 1.919538211615940404e-01
4.166666666666666852e-01 2.496081123380238798e-01 1.930155349209818905e-01
4.173611111111111271e-01 2.509294111801536054e-01 1.941410213601967305e-01
4.180555555555555691e-01 2.523870643233302458e-01 1.952797002453554309e-01
4.187500000000000111e-01 2.538853947001565303e-01 1.963819844945415283e-01
4.194444444444444531e-01 2.552307890592192541e-01 1.974503086575840616e-01
4.201388888888888951e-01 2.565051127398091935e-01 1.985524604258709636e-01
4.208333333333333370e-01 2.577979280010282981e-01 1.996274727112416214e-01
4.215277777777777790e-01 2.587131182487223957e-01 2.006939535416411569e-01
4.222222222222222210e-01 2.596567818172678122e-01 2.018777870574287314e-01
4.229166666666666630e-01 2.610037540561505609e-01 2.029961545990171812e-01
4.236111111111111049e-01 2.624743808642701626e-01 2.040022660574545010e-01
4.243055555555555469e-01 2.637322032848723463e-01 2.051063944351660673e-01
4.249999999999999889e-01 2.646728466394374091e-01 2.061304901462893135e-01
4.256944444444444309e-01 2.657286949231110751e-01 2.070514546532392919e-01
4.263888888888888729e-01 2.671121179524115763e-01 2.081804314522235078e-01
4.270833333333333148e-01 2.685031494260530227e-01 2.092919875873126001e-01
4.277777777777778123e-01 2.695173314293127231e-01 2.101928907604369567e-01
4.284722222222221988e-01 2.701633055087239721e-01 2.111080914874691461e-01
4.291666666666666963e-01 2.710455952967500970e-01 2.122353538763064873e-01
4.298611111111110827e-01 2.725328879825350548e-01 2.134694060726015641e-01
4.305555555555555802e-01 2.738127790953021057e-01 2.143482336962340418e-01
4.312499999999999667e-01 2.748016435998589246e-01 2.149855163672999836e-01
4.319444444444444642e-01 2.760093949545181502e-01 2.158177499686484979e-01
4.326388888888888506e-01 2.771193480874432069e-01 2.168630928858623907e-01
4.333333333333333481e-01 2.780497474061244811e-01 2.180236827159044710e-01
4.340277777777777346e-01 2.792095472817160418e-01 2.190981095182623906e-01
4.347222222222222321e-01 2.803797396549863596e-01 2.200027476528987891e-01
4.354166666666666186e-01 2.814805330491325086e-01 2.208588746253316581e-01
4.361111111111111160e-01 2.826827378177048655e-01 2.217740018223349485e-01
4.368055555555555025e-01 2.838144550402285082e-01 2.227909277288353251e-01
4.375000000000000000e-01 2.848788123601491695e-01 2.238011362027695350e-01
4.381944444444444975e-01 2.858340804761695941e-01 2.247834545241751691e-01
4.388888888888888840e-01 2.869097156103710411e-01 2.257182457077362703e-01
4.395833333333333814e-01 2.881237042627957101e-01 2.267016638194408185e-01
4.402777777777777679e-01 2.890409081063511354e-01 2.277214445701842283e-01
4.409722222222222654e-01 2.896882114236694616e-01 2.287089007311860489e-01
4.416666666666666519e-01 2.906771076769167905e-01 2.297779865510834740e-01
4.423611111111111494e-01 2.916963288857766234e-01 2.306644822490617475e-01
4.430555555555555358e-01 2.928855337830716943e-01 2.313603953741465158e-01
4.437500000000000333e-01 2.941353527757664676e-01 2.322168204631497035e-01
4.444444444444444198e-01 2.951468699092579806e-01 2.331836972752822923e-01
4.451388888888889173e-01 2.960860963526587564e-01 2.340901721339162245e-01
4.458333333333333037e-01 2.969638132464010316e-01 2.350284529633184516e-01
4.465277777777778012e-01 2.979613865646112414e-01 2.358882617756125066e-01
4.472222222222221877e-01 2.991352452921911542e-01 2.367876497467035768e-01
4.479166666666666852e-01 3.001189918729206263e-01 2.377309185584695062e-01
4.486111111111111271e-01 3.011342849369337271e-01 2.387049338832226142e-01
4.493055555555555691e-01 3.022963642036443632e-01 2.397286233072414285e-01
4.500000000000000111e-01 3.033165731306632917e-01 2.408315225639385548e-01
4.506944444444444531e-01 3.043198905842677826e-01 2.419573917964471521e-01
4.513888888888888951e-01 3.054549626591106515e-01 2.426949227164854617e-01
4.520833333333333370e-01 3.065221870183657549e-01 2.432186872292047830e-01
4.527777777777777790e-01 3.076654892137538067e-01 2.440363787510408666e-01
4.534722222222222210e-01 3.086412890992403235e-01 2.449787881500233855e-01
4.541666666666666630e-01 3.093222494222439001e-01 2.458775844734183980e-01
4.548611111111111049e-01 3.101525698166329170e-01 2.468901805724747212e-01
4.555555555555555469e-01 3.110773004293136967e-01 2.478680997166251565e-01
4.562499999999999889e-01 3.120419014850361883e-01 2.487877784549537008e-01
4.569444444444444309e-01 3.131129340568293840e-01 2.497013956544336943e-01
4.576388888888888729e-01 3.142160200153163996e-01 2.505179787660916646e-01
4.583333333333333148e-01 3.154528419216643953e-01 2.513407191370765070e-01
4.590277777777778123e-01 3.163672791425050645e-01 2.521383306438440552e-01
4.597222222222221988e-01 3.169595602954858871e-01 2.529939277121015517e-01
4.604166666666666963e-01 3.179063431752471858e-01 2.539251514249701858e-01
4.611111111111110827e-01 3.189004949240297204e-01 2.547585816314186236e-01
4.618055555555555802e-01 3.196573365435360081e-01 2.555931463515592750e-01
4.624999999999999667e-01 3.205401668588182540e-01 2.563710346812818064e-01
4.631944444444444642e-01 3.215091801327819021e-01 2.571032583648996672e-01
4.638888888888888506e-01 3.225353113563269591e-01 2.580194370181527752e-01
4.645833333333333481e-01 3.233718894780421849e-01 2.589393301530273361e-01
4.652777777777777346e-01 3.239847374549749137e-01 2.596559522131920983e-01
4.659722222222222321e-01 3.248450390696865364e-01 2.604407743555513521e-01
4.666666666666666186e-01 3.259276199172345678e-01 2.611030355331961927e-01
4.673611111111111160e-01 3.271880669349395698e-01 2.617415229799803789e-01
4.680555555555555025e-01 3.283451057020753683e-01 2.626592353623158904e-01
4.687500000000000000e-01 3.287455188586056454e-01 2.636700078419152438e-01
4.694444444444444975e-01 3.289721118777226283e-01 2.645911132841741176e-01
4.701388888888888840e-01 3.297376849883155714e-01 2.652874409819025447e-01
4.708333333333333814e-01 3.306091873159957562e-01 2.660102373960105959e-01
4.715277777777777679e-01 3.313466408011984110e-01 2.666360697434406180e-01
4.722222222222222654e-01 3.322468722325733204e-01 2.671474741575680656e-01
4.729166666666666519e-01 3.333611540056222733e-01 2.679764119086711083e-01
4.736111111111111494e-01 3.342411911386471979e-01 2.688976635038522467e-01
4.743055555555555358e-01 3.349092750890633741e-01 2.697033890115207444e-01
4.750000000000000333e-01 3.357527547360721898e-01 2.706309878592683682e-01
4.756944444444444198e-01 3.365815030632732796e-01 2.715346412873330117e-01
4.763888888888889173e-01 3.372826405168667940e-01 2.722848985319768489e-01
4.770833333333333037e-01 3.380547485272165087e-01 2.727452818804640966e-01
4.777777777777778012e-01 3.388664430659144577e-01 2.731554828603427465e-01
4.784722222222221877e-01 3.395467096613600799e-01 2.739984670354891905e-01
4.791666666666666852e-01 3.403079233280640881e-01 2.748759688811047153e-01
4.798611111111111271e-01 3.412986686369387512e-01 2.753871153511103786e-01
4.805555555555555691e-01 3.417762962917454406e-01 2.760213367791503614e-01
4.812500000000000111e-01 3.417440294949971591e-01 2.768722369750017398e-01
4.819444444444444531e-01 3.421948422608904194e-01 2.775152191738883833e-01
4.826388888888888951e-01 3.430725817125353516e-01 2.781703903807144496e-01
4.833333333333333370e-01 3.439380469585145428e-01 2.790121783951762802e-01
4.840277777777777790e-01 3.444856782536346307e-01 2.797045997906875692e-01
4.847222222222222210e-01 3.453255494562799122e-01 2.803951485658586762e-01
4.854166666666666630e-01 3.464441162707915245e-01 2.811400831860036420e-01
4.861111111111111049e-01 3.473769520922240783e-01 2.817825732162473340e-01
4.868055555555555469e-01 3.483742518086271334e-01 2.824087089209171841e-01
4.874999999999999889e-01 3.491913125114367022e-01 2.829685793157072360e-01
4.881944444444444309e-01 3.500180773776948584e-01 2.836114739490575021e-01
4.888888888888888729e-01 3.510502714038593597e-01 2.844090284921236833e-01
4.895833333333333148e-01 3.516996769085976027e-01 2.851563470498454933e-01
4.902777777777778123e-01 3.521332321279497246e-01 2.859280353563686816e-01
4.909722222222221988e-01 3.529088876958372811e-01 2.865865981805977847e-01
4.916666666666666963e-01 3.534522294984031587e-01 2.869995126506048044e-01
4.923611111111110827e-01 3.537883790178346644e-01 2.875301365309477775e-01
4.930555555555555802e-01 3.543841692848472280e-01 2.881337783633286520e-01
4.937499999999999667e-01 3.552918432168664098e-01 2.888434058721896514e-01
4.944444444444444642e-01 3.561392143671581190e-01 2.896188721844265013e-01
4.951388888888888506e-01 3.566159164715409502e-01 2.900199461417805047e-01
4.958333333333333481e-01 3.570551641518888708e-01 2.904666691209216167e-01
4.965277777777777346e-01 3.577328137369339967e-01 2.912694093678550589e-01
4.972222222222222321e-01 3.583968595305913607e-01 2.921108695980438319e-01
4.979166666666666186e-01 3.589345574099267466e-01 2.928539049105681191e-01
4.986111111111111160e-01 3.595008242762565143e-01 2.933838678733265981e-01
4.993055555555555025e-01 3.602084052436503314e-01 2.939539639330358001e-01
5.000000000000000000e-01 3.610045026074437113e-01 2.947010938171966687e-01
5.006944444444444420e-01 3.614979595764019060e-01 2.953441482357043735e-01
5.013888888888888840e-01 3.618851014023004020e-01 2.959425004905881784e-01
5.020833333333333259e-01 3.626164837488917159e-01 2.965221065398356282e-01
5.027777777777777679e-01 3.631517526503942883e-01 2.969809109144951331e-01
5.034722222222222099e-01 3.634176250951456355e-01 2.975120649110932769e-01
5.041666666666666519e-01 3.640522416625029956e-01 2.979985809831918742e-01
5.048611111111110938e-01 3.647345541056741247e-01 2.985280702614040438e-01
5.055555555555555358e-01 3.652859468217030670e-01 2.992148521132312333e-01
5.062499999999999778e-01 3.660647587142418780e-01 2.998052546854010902e-01
5.069444444444444198e-01 3.667243977422862677e-01 3.004433700002112073e-01
5.076388888888888618e-01 3.672753488468344374e-01 3.011595910448475744e-01
5.083333333333333037e-01 3.680699171598949548e-01 3.016265919413381180e-01
5.090277777777777457e-01 3.685740751504688606e-01 3.020751400198367631e-01
5.097222222222221877e-01 3.687331173435378084e-01 3.026177143031915096e-01
5.104166666666666297e-01 3.693334732764544381e-01 3.031601156514405204e-01
5.111111111111111827e-01 3.699044884622874618e-01 3.037215400745640892e-01
5.118055555555555136e-01 3.702237653966131137e-01 3.041969230209472519e-01
5.125000000000000666e-01 3.708533961953989766e-01 3.047146915313908577e-01
5.131944444444443976e-01 3.714192501931913859e-01 3.053368385207627100e-01
5.138888888888889506e-01 3.716997171946203049e-01 3.058710980770440457e-01
5.145833333333332815e-01 3.723418985554986516e-01 3.064899215955512179e-01
5.152777777777778345e-01 3.729563146472821278e-01 3.070795032976780248e-01
5.159722222222221655e-01 3.732301764452838899e-01 3.075169859791530569e-01
5.166666666666667185e-01 3.735089326154207856e-01 3.080397728575354765e-01
5.173611111111110494e-01 3.742317664875704497e-01 3.084368041297613217e-01
5.180555555555556024e-01 3.753479232685200118e-01 3.087630605952269569e-01
5.187499999999999334e-01 3.759776179749285130e-01 3.093316271601140865e-01
5.194444444444444864e-01 3.760958424979828352e-01 3.098563950670001899e-01
5.201388888888888173e-01 3.765797703160131960e-01 3.103354951312286003e-01
5.208333333333333703e-01 3.771226398647070654e-01 3.109106435863341344e-01
5.215277777777778123e-01 3.769506747745328124e-01 3.115122531526248739e-01
5.222222222222222543e-01 3.771292077580705726e-01 3.121935927872943051e-01
5.229166666666666963e-01 3.773559472581766716e-01 3.125796552723110744e-01
5.236111111111111382e-01 3.774575751718301508e-01 3.126926316400853723e-01
5.243055555555555802e-01 3.776135556675790372e-01 3.131208030816499122e-01
5.250000000000000222e-01 3.780891387411092208e-01 3.136965170954412185e-01
5.256944444444444642e-01 3.786024237761634881e-01 3.141159921976749980e-01
5.263888888888889062e-01 3.791157126182663761e-01 3.145566397023829008e-01
5.270833333333333481e-01 3.794663346753933131e-01 3.150362160023902902e-01
5.277777777777777901e-01 3.799797935841585650e-01 3.155766267359652044e-01
5.284722222222222321e-01 3.805579470374291784e-01 3.162783617179950046e-01
5.291666666666666741e-01 3.808499314560998550e-01 3.167581275815088415e-01
5.298611111111111160e-01 3.808532414087478224e-01 3.174331772519205508e-01
5.305555555555555580e-01 3.811625439680439431e-01 3.185555385550492002e-01
5.312500000000000000e-01 3.821461134432703188e-01 3.192543305580909374e-01
5.319444444444444420e-01 3.830692887271623936e-01 3.194697251301276686e-01
5.326388888888888840e-01 3.836615289446865251e-01 3.192509356046770996e-01
5.333333333333333259e-01 3.844361409573742172e-01 3.189281621945162515e-01
5.340277777777777679e-01 3.847562500178756117e-01 3.190943485503600630e-01
5.347222222222222099e-01 3.841745176238798853e-01 3.196445274480768095e-01
5.354166666666666519e-01 3.840086621043341530e-01 3.201591268561586601e-01
5.361111111111110938e-01 3.849687333976138937e-01 3.203497974636330126e-01
5.368055555555555358e-01 3.862488103244928750e-01 3.200760487288278333e-01
5.374999999999999778e-01 3.870277582318867315e-01 3.200207679742635980e-01
5.381944444444444198e-01 3.867771506197930642e-01 3.205524300406779603e-01
5.388888888888888618e-01 3.860417370932954229e-01 3.212724860922654968e-01
5.395833333333333037e-01 3.852668440934665650e-01 3.218948510566445043e-01
5.402777777777777457e-01 3.854051336950903295e-01 3.223926584986630539e-01
5.409722222222221877e-01 3.867182335981832475e-01 3.228356916114391573e-01
5.416666666666666297e-01 3.879350525074183875e-01 3.233665316141762780e-01
5.423611111111111827e-01 3.882546993638757993e-01 3.240307053837165885e-01
5.430555555555555136e-01 3.888068754775328983e-01 3.242869380532117374e-01
5.437499999999998446e-01 3.895061740399903272e-01 3.243216650397970358e-01
5.444444444444443976e-01 3.891419822923694594e-01 3.247069627041890283e-01
5.451388888888889506e-01 3.883433783783982740e-01 3.250765587166187798e-01
5.458333333333332815e-01 3.884079255142982579e-01 3.252815446024382440e-01
5.465277777777778345e-01 3.893442649635653896e-01 3.257174492604978933e-01
5.472222222222221655e-01 3.905554628471329393e-01 3.263432745310922423e-01
5.479166666666667185e-01 3.914040209224479150e-01 3.266898683855256613e-01
5.486111111111110494e-01 3.922826375306607827e-01 3.266522470935950828e-01
5.493055555555556024e-01 3.936832935667087252e-01 3.266821520479957774e-01
5.499999999999999334e-01 3.937697012693961440e-01 3.270856947120344693e-01
5.506944444444444864e-01 3.919272238211048975e-01 3.277106640317704045e-01
5.513888888888888173e-01 3.911074334999912749e-01 3.279298578429250544e-01
5.520833333333333703e-01 3.920051180037547045e-01 3.279508522579133167e-01
5.527777777777778123e-01 3.926259848700631161e-01 3.283743718709000170e-01
5.534722222222222543e-01 3.932690855520211692e-01 3.287598220901185586e-01
5.541666666666665853e-01 3.945512881471553990e-01 3.289150436205203754e-01
5.548611111111111382e-01 3.954052780905837339e-01 3.291504543244224701e-01
5.555555555555555802e-01 3.952924395675518898e-01 3.294956270309462032e-01
5.562500000000000222e-01 3.947668292191900408e-01 3.299411776078429170e-01
5.569444444444444642e-01 3.945282539544979761e-01 3.301383038019337079e-01
5.576388888888889062e-01 3.946355700577667269e-01 3.301900645606132279e-01
5.583333333333333481e-01 3.947901353843763506e-01 3.304328029746111950e-01
5.590277777777777901e-01 3.950569117574769806e-01 3.307792194598729307e-01
5.597222222222222321e-01 3.954366726698113621e-01 3.312472060490852521e-01
5.604166666666666741e-01 3.956078349231879621e-01 3.316570063260048662e-01
5.611111111111111160e-01 3.956777753046198387e-01 3.317438134943486161e-01
5.618055555555555580e-01 3.960106365215467772e-01 3.319329135345894799e-01
5.625000000000000000e-01 3.964262881561809171e-01 3.323271295071545950e-01
5.631944444444444420e-01 3.964478155409695281e-01 3.325123192106142489e-01
5.638888888888888840e-01 3.963070589746030548e-01 3.326779756404871780e-01
5.645833333333332149e-01 3.963193458575524075e-01 3.328771503255331665e-01
5.652777777777777679e-01 3.963432871758841847e-01 3.328867121702393517e-01
5.659722222222222099e-01 3.963021458407822162e-01 3.330707211516478750e-01
5.666666666666666519e-01 3.967463913581462664e-01 3.334294385606110245e-01
5.673611111111110938e-01 3.971754996353021872e-01 3.337529977112039803e-01
5.680555555555555358e-01 3.975588227753782955e-01 3.341177412347722253e-01
5.687499999999999778e-01 3.979398928532208446e-01 3.342901298220062323e-01
5.694444444444444198e-01 3.981305834994969817e-01 3.344337702007008084e-01
5.701388888888888618e-01 3.983517293524335146e-01 3.347346571767758072e-01
5.708333333333333037e-01 3.984517880529202527e-01 3.348498306330853769e-01
5.715277777777777457e-01 3.986099667955629311e-01 3.350787900726818758e-01
5.722222222222221877e-01 3.989952666634312695e-01 3.354132785381613857e-01
5.729166666666666297e-01 3.991687355178992758e-01 3.354451088190433250e-01
5.736111111111111827e-01 3.996956555744702877e-01 3.354548771137917385e-01
5.743055555555555136e-01 4.006237749455299202e-01 3.355660187107722958e-01
5.749999999999998446e-01 4.007865383123687120e-01 3.357575396006384771e-01
5.756944444444443976e-01 4.002084295785942603e-01 3.360040364720956463e-01
5.763888888888889506e-01 3.999638256043373530e-01 3.361250604487185933e-01
5.770833333333332815e-01 4.002196136230420365e-01 3.362612261277761472e-01
5.777777777777778345e-01 4.002657827931634937e-01 3.363492569482172678e-01
5.784722222222221655e-01 4.004084064892219352e-01 3.364975872285181913e-01
5.791666666666667185e-01 4.006871765852882961e-01 3.367674911067281562e-01
5.798611111111110494e-01 4.008025258883179398e-01 3.369212926515099960e-01
5.805555555555556024e-01 4.012209810335413129e-01 3.370802427705348325e-01
5.812499999999999334e-01 4.014751019636821350e-01 3.371333265380802580e-01
5.819444444444444864e-01 4.014449820740900177e-01 3.369848725242145515e-01
5.826388888888888173e-01 4.016562593654896540e-01 3.371373893506849351e-01
5.833333333333333703e-01 4.019734181338882051e-01 3.375179006685251060e-01
5.840277777777778123e-01 4.023300201497572171e-01 3.377517767968769569e-01
5.847222222222222543e-01 4.024839678004390464e-01 3.378298710275799421e-01
5.854166666666665853e-01 4.023323070881865693e-01 3.377102915991722076e-01
5.861111111111111382e-01 4.024440376363295768e-01 3.377610078992769327e-01
5.868055555555555802e-01 4.026068815326469541e-01 3.380229662628145282e-01
5.875000000000000222e-01 4.027798621727091688e-01 3.380782564240563670e-01
5.881944444444444642e-01 4.031294733006504094e-01 3.380738561727141267e-01
5.888888888888889062e-01 4.030796383525181437e-01 3.380396256036505287e-01
5.895833333333333481e-01 4.028349020405649350e-01 3.380595889840916635e-01
5.902777777777777901e-01 4.030466402688339111e-01 3.383082535613443631e-01
5.909722222222222321e-01 4.032589255573714171e-01 3.384558254842012781e-01
5.916666666666666741e-01 4.034496987247976341e-01 3.384142649562299487e-01
5.923611111111111160e-01 4.036618335148148828e-01 3.385458973489102186e-01
5.930555555555555580e-01 4.037389502714004430e-01 3.387661613037380448e-01
5.937500000000000000e-01 4.038349610014035362e-01 3.389949429878106324e-01
5.944444444444444420e-01 4.039114050776818621e-01 3.390097829872208979e-01
5.951388888888888840e-01 4.040108946025412484e-01 3.388496746208336519e-01
5.958333333333332149e-01 4.043368718787129779e-01 3.388572118119158594e-01
5.965277777777777679e-01 4.044574033775291122e-01 3.389936941086591493e-01
5.972222222222222099e-01 4.045228368896580107e-01 3.389652023523982982e-01
5.979166666666666519e-01 4.046840370590096270e-01 3.387249511143159975e-01
5.986111111111110938e-01 4.047744990621522931e-01 3.385627311362855996e-01
5.993055555555555358e-01 4.048762575064946967e-01 3.387531497026977090e-01
5.999999999999999778e-01 4.047710781073171060e-01 3.389053336235312019e-01
6.006944444444444198e-01 4.046103073963746577e-01 3.390218726225263102e-01
6.013888888888888618e-01 4.048282230834745476e-01 3.389980516352438800e-01
6.020833333333333037e-01 4.049867727720200539e-01 3.387695583107790398e-01
6.027777777777777457e-01 4.049323064681394913e-01 3.388044615580501073e-01
6.034722222222221877e-01 4.051228554273642590e-01 3.389270388130043998e-01
6.041666666666666297e-01 4.056478218507946765e-01 3.389019888508576495e-01
6.048611111111111827e-01 4.057141503028163787e-01 3.389980708010496557e-01
6.055555555555555136e-01 4.051543822120101113e-01 3.391847906399229062e-01
6.062499999999998446e-01 4.052057675275692605e-01 3.392748544068994176e-01
6.069444444444443976e-01 4.058047630520988935e-01 3.392554773376625366e-01
6.076388888888889506e-01 4.062300338841065006e-01 3.391496451794286937e-01
6.083333333333332815e-01 4.059551173442276784e-01 3.389825168058168692e-01
6.090277777777778345e-01 4.060711818324111988e-01 3.389629965039019921e-01
6.097222222222221655e-01 4.067623535300360360e-01 3.391526270768575602e-01
6.104166666666667185e-01 4.070950050876163129e-01 3.391239492944700951e-01
6.111111111111110494e-01 4.071864621831354780e-01 3.389551783960952358e-01
6.118055555555556024e-01 4.071365425326642362e-01 3.391754117882490593e-01
6.124999999999999334e-01 4.070856677225395126e-01 3.392975792734540530e-01
6.131944444444444864e-01 4.072776752355521390e-01 3.389707275105963147e-01
6.138888888888888173e-01 4.072895465900343015e-01 3.390083822170241734e-01
6.145833333333333703e-01 4.072498083112120471e-01 3.392780813136468399e-01
6.152777777777778123e-01 4.073736892302233792e-01 3.392477637718301908e-01
6.159722222222222543e-01 4.073087731148319346e-01 3.388262960061848017e-01
6.166666666666665853e-01 4.072775833100724663e-01 3.386156338010346545e-01
6.173611111111111382e-01 4.072516696167233774e-01 3.387236455184886585e-01
6.180555555555555802e-01 4.073863702788237395e-01 3.386653476672741858e-01
6.187500000000000222e-01 4.076537632958708302e-01 3.386692955577352837e-01
6.194444444444444642e-01 4.073144308404054725e-01 3.387283631711709431e-01
6.201388888888889062e-01 4.070592983436798207e-01 3.387408698092861936e-01
6.208333333333333481e-01 4.076593279193824193e-01 3.389086517715031999e-01
6.215277777777777901e-01 4.080777924409793589e-01 3.388182669085084142e-01
6.222222222222222321e-01 4.080720546399318471e-01 3.386278444633657458e-01
6.229166666666666741e-01 4.078926803662821232e-01 3.386459319465099926e-01
6.236111111111111160e-01 4.075181423274997217e-01 3.386992120948141838e-01
6.243055555555555580e-01 4.074479576122523317e-01 3.385946486410226219e-01
6.250000000000000000e-01 4.075754465099793999e-01 3.384386502123832852e-01
6.256944444444444420e-01 4.077333542599217431e-01 3.384425213920511100e-01
6.263888888888888840e-01 4.077266860935300219e-01 3.384832059000598692e-01
6.270833333333332149e-01 4.075630528067732405e-01 3.385558407343954856e-01
6.277777777777777679e-01 4.076832397399108854e-01 3.386838941028821326e-01
6.284722222222222099e-01 4.076753875175526676e-01 3.386929296349256990e-01
6.291666666666666519e-01 4.074376996058951539e-01 3.382472536327533197e-01
6.298611111111110938e-01 4.075804426441420603e-01 3.374976511172069205e-01
6.305555555555555358e-01 4.077150572625001246e-01 3.370593147171834225e-01
6.312499999999999778e-01 4.076124066210119468e-01 3.371317380246048323e-01
6.319444444444444198e-01 4.077737980245852434e-01 3.372805536813882066e-01
6.326388888888888618e-01 4.079852983631011565e-01 3.372838253608644865e-01
6.333333333333333037e-01 4.078689123945107298e-01 3.372244686663148361e-01
6.340277777777777457e-01 4.080792506028629307e-01 3.372794755129970845e-01
6.347222222222221877e-01 4.088233864277620033e-01 3.373646490125079556e-01
6.354166666666666297e-01 4.095540624865459667e-01 3.371270429058466633e-01
6.361111111111111827e-01 4.091752948707392812e-01 3.367329464791033455e-01
6.368055555555555136e-01 4.080669991486675641e-01 3.364430891070819829e-01
6.374999999999998446e-01 4.074756700462524583e-01 3.364034724006388366e-01
6.381944444444443976e-01 4.073571235712115657e-01 3.364347692733014594e-01
6.388888888888889506e-01 4.073386844329037748e-01 3.361565272835373430e-01
6.395833333333332815e-01 4.074790593392353388e-01 3.358993239314986834e-01
6.402777777777778345e-01 4.075748210246388226e-01 3.357814442194250182e-01
6.409722222222221655e-01 4.077082198454460293e-01 3.355727879584463613e-01
6.416666666666667185e-01 4.075006130693921147e-01 3.354842630459742292e-01
6.423611111111110494e-01 4.069990443126093593e-01 3.353429857955113058e-01
6.430555555555556024e-01 4.070418958920115071e-01 3.350014322162925273e-01
6.437499999999999334e-01 4.071295423167093364e-01 3.347748439887559546e-01
6.444444444444444864e-01 4.069351555163849832e-01 3.346139737922461110e-01
6.451388888888888173e-01 4.068735542432895813e-01 3.343760101128705475e-01
6.458333333333333703e-01 4.071939484494513928e-01 3.342031334196473580e-01
6.465277777777778123e-01 4.074116894640223419e-01 3.340911914677934247e-01
6.472222222222222543e-01 4.068386482523251302e-01 3.340386723091309795e-01
6.479166666666665853e-01 4.058677027401012549e-01 3.338898029014074620e-01
6.486111111111111382e-01 4.055937285955573679e-01 3.334977930769309484e-01
6.493055555555555802e-01 4.054644216201772067e-01 3.329294795023981512e-01
6.500000000000000222e-01 3.939488019717090062e-01 3.325582820724191091e-01
6.506944444444444642e-01 3.635286518064974604e-01 3.324401356675653618e-01
6.513888888888889062e-01 3.610368839230768123e-01 3.319409791896197337e-01
6.520833333333333481e-01 3.357475710661212975e-01 3.310163699371729273e-01
6.527777777777777901e-01 3.142802551630806129e-01 3.301254777013226116e-01
6.534722222222222321e-01 3.123456591208149669e-01 3.290567604052576089e-01
6.541666666666666741e-01 3.136081163137919847e-01 3.278620830042516254e-01
6.548611111111111160e-01 3.118793296119676262e-01 3.267602487010811685e-01
6.555555555555555580e-01 3.111407407367655087e-01 3.255197034798988365e-01
6.562500000000000000e-01 3.100613706143620085e-01 3.241050227305701803e-01
6.569444444444444420e-01 3.097677616833929282e-01 3.228159547299404575e-01
6.576388888888888840e-01 3.089620155779891908e-01 3.214316908034456355e-01
6.583333333333332149e-01 3.081252425680877094e-01 3.198215662734399389e-01
6.590277777777777679e-01 3.070030805623925607e-01 3.184026909488972823e-01
6.597222222222222099e-01 3.054476596100339503e-01 3.169622177263377028e-01
6.604166666666666519e-01 2.998570245198867168e-01 3.152759766479706349e-01
6.611111111111110938e-01 2.937921473551528551e-01 3.135827028633456637e-01
6.618055555555555358e-01 2.874821152662690449e-01 3.118866099760712052e-01
6.624999999999999778e-01 2.808834442284198207e-01 3.101275100723678291e-01
6.631944444444444198e-01 2.738114952306325844e-01 3.082076892629798115e-01
6.638888888888888618e-01 2.847616595305780263e-01 3.061212725968861514e-01
6.645833333333333037e-01 2.946323784153153658e-01 3.041989099872198232e-01
6.652777777777777457e-01 3.030361070748762153e-01 3.022939205552450659e-01
6.659722222222221877e-01 3.102211980629848154e-01 3.002164497788135655e-01
6.666666666666666297e-01 3.162324933804226967e-01 2.982413736986339603e-01
6.673611111111110716e-01 3.398858072058648094e-01 2.963860429971089672e-01
6.680555555555555136e-01 3.634328255343510783e-01 2.945494708477727763e-01
6.687500000000000666e-01 3.782854479125700164e-01 2.928341736100742443e-01
6.694444444444443976e-01 3.908843565478673510e-01 2.911281262130411274e-01
6.701388888888888395e-01 3.963447302034439068e-01 2.895190204051484861e-01
6.708333333333333925e-01 3.805162853169918313e-01 2.880185304393427237e-01
6.715277777777778345e-01 3.666052823319006504e-01 2.864298243722875337e-01
6.722222222222221655e-01 3.462992001355908456e-01 2.848006824857769459e-01
6.729166666666666075e-01 3.282487661311061511e-01 2.830374946072957698e-01
6.736111111111111605e-01 3.048561706051438058e-01 2.810767195825993325e-01
6.743055555555556024e-01 3.067429590908771209e-01 2.791251467839080402e-01
6.749999999999999334e-01 3.058480039675962048e-01 2.771435593435588318e-01
6.756944444444443754e-01 3.057110900682602495e-01 2.750325745418763512e-01
6.763888888888889284e-01 3.046975084015576263e-01 2.729524959968419595e-01
6.770833333333333703e-01 3.039749551677808914e-01 2.709765080154323824e-01
6.777777777777777013e-01 2.836463899767330821e-01 2.687864970505907669e-01
6.784722222222221433e-01 2.554777676115915219e-01 2.664275621207646272e-01
6.791666666666666963e-01 2.287692329196450991e-01 2.642831405838823589e-01
6.798611111111111382e-01 1.984497454706682928e-01 2.621713746080841512e-01
6.805555555555554692e-01 1.545604837345707361e-01 2.597267399979435454e-01
6.812500000000000222e-01 2.353174946588368066e-01 2.571189064107411437e-01
6.819444444444444642e-01 2.873734914252178418e-01 2.547160351234671327e-01
6.826388888888889062e-01 3.324068432682310559e-01 2.524730380308298217e-01
6.833333333333332371e-01 3.572241617972300443e-01 2.502922908947006198e-01
6.840277777777777901e-01 3.827064743443632788e-01 2.483170750765902601e-01
6.847222222222222321e-01 3.589751416392990002e-01 2.465929749942369631e-01
6.854166666666666741e-01 3.416710734998915089e-01 2.449706593624103035e-01
6.861111111111110050e-01 3.215260860892182881e-01 2.431999865624520918e-01
6.868055555555555580e-01 3.030456036023407296e-01 2.412502485420834897e-01
6.875000000000000000e-01 2.848613789811585972e-01 2.393057936446044143e-01
6.881944444444444420e-01 2.805350525962891362e-01 2.373276592834658860e-01
6.888888888888887729e-01 2.786338430647219977e-01 2.353831395470724064e-01
6.895833333333333259e-01 2.751790240970751755e-01 2.335495988425800862e-01
6.902777777777777679e-01 2.726659663215770801e-01 2.317320494586054547e-01
6.909722222222222099e-01 2.695428576581579416e-01 2.299468763146650663e-01
6.916666666666667629e-01 2.641007621594763100e-01 2.281986130848776828e-01
6.923611111111110938e-01 2.587293975243560862e-01 2.264789545393945114e-01
6.930555555555555358e-01 2.534698952010534523e-01 2.247818194727558561e-01
6.937499999999999778e-01 2.482561351074067668e-01 2.230973783214746098e-01
6.944444444444445308e-01 2.431955196421009824e-01 2.214758354098355919e-01
6.951388888888888618e-01 2.931118588809780712e-01 2.198680263402293944e-01
6.958333333333333037e-01 3.236922034485260058e-01 2.183351575633615815e-01
6.965277777777777457e-01 3.500992261404047845e-01 2.170176923177117301e-01
6.972222222222222987e-01 3.683775718107666908e-01 2.158480027260750167e-01
6.979166666666666297e-01 3.777692981115780557e-01 2.148847014794975641e-01
6.986111111111110716e-01 3.735746708979671427e-01 2.140857190078205574e-01
6.993055555555555136e-01 3.682782876996867905e-01 2.132939272070134840e-01
7.000000000000000666e-01 3.649982579076374023e-01 2.125036996646864629e-01
7.006944444444443976e-01 3.621147995089150085e-01 2.117141532434319851e-01
7.013888888888888395e-01 3.604265748055250906e-01 2.110803874037505690e-01
7.020833333333333925e-01 3.585652760793865967e-01 2.105158833933935270e-01
7.027777777777778345e-01 3.562128650931932206e-01 2.098174236677276538e-01
7.034722222222221655e-01 3.539922782186934458e-01 2.090985024747268606e-01
7.041666666666666075e-01 3.524513270940666243e-01 2.083937948302006793e-01
7.048611111111111605e-01 3.510600491609186524e-01 2.076932025481642019e-01
7.055555555555556024e-01 3.498519833501040344e-01 2.070932261097022942e-01
7.062499999999999334e-01 3.489983271741640136e-01 2.064539955671347571e-01
7.069444444444443754e-01 3.481989445505352387e-01 2.058020775751664422e-01
7.076388888888889284e-01 3.476102433863827446e-01 2.052160860731023773e-01
7.083333333333333703e-01 3.471212558512530855e-01 2.045092530015701071e-01
7.090277777777777013e-01 3.464469599394882637e-01 2.038783587429223998e-01
7.097222222222221433e-01 3.460632757997496034e-01 2.034714767574011263e-01
7.104166666666666963e-01 3.458583590394436746e-01 2.030539885780003884e-01
7.111111111111111382e-01 3.453924594173216622e-01 2.026356915172830564e-01
7.118055555555554692e-01 3.449646995375661440e-01 2.022125965571786865e-01
7.125000000000000222e-01 3.447794695181463642e-01 2.017924981881936419e-01
7.131944444444444642e-01 3.445370978633662262e-01 2.014721591807873413e-01
7.138888888888889062e-01 3.441389082708184444e-01 2.011196594776167856e-01
7.145833333333332371e-01 3.441179362170623257e-01 2.006879918399512575e-01
7.152777777777777901e-01 3.443715414412259479e-01 2.004068609000528578e-01
7.159722222222222321e-01 3.443296891612671051e-01 2.002661918709213174e-01
7.166666666666666741e-01 3.441753145641546219e-01 2.001263383034145305e-01
7.173611111111110050e-01 3.441824856118227416e-01 1.999687982966631417e-01
7.180555555555555580e-01 3.444387913872229423e-01 1.998333366107598041e-01
7.187500000000000000e-01 3.448475567197076819e-01 1.997244606129376376e-01
7.194444444444444420e-01 3.451585958778966012e-01 1.994748294238111175e-01
7.201388888888887729e-01 3.453285691237648614e-01 1.991632894082720207e-01
7.208333333333333259e-01 3.457035717644837414e-01 1.989892736510797400e-01
7.215277777777777679e-01 3.463124675234516836e-01 1.989253078998635127e-01
7.222222222222222099e-01 3.469405111050862245e-01 1.988159963279957088e-01
7.229166666666667629e-01 3.475408515629577755e-01 1.986592325715085261e-01
7.236111111111110938e-01 3.481071033168806617e-01 1.985156226434061921e-01
7.243055555555555358e-01 3.484161174719219711e-01 1.984145845441857570e-01
7.249999999999999778e-01 3.489944398641208201e-01 1.982554101472468189e-01
7.256944444444445308e-01 3.499133622461063631e-01 1.980882875497796403e-01
7.263888888888888618e-01 3.504969515482131981e-01 1.980535693811014686e-01
7.270833333333333037e-01 3.506832893335670165e-01 1.980571108701553174e-01
7.277777777777777457e-01 3.507742905664936739e-01 1.980146291029939443e-01
7.284722222222222987e-01 3.506003331202046103e-01 1.979340665499813023e-01
7.291666666666666297e-01 3.503702690257612384e-01 1.978368045699001598e-01
7.298611111111110716e-01 3.500964473072034622e-01 1.978128674339251492e-01
7.305555555555555136e-01 3.496447649429628712e-01 1.977530237764712762e-01
7.312500000000000666e-01 3.495110202664621912e-01 1.976513566265633848e-01
7.319444444444443976e-01 3.495485099930371597e-01 1.975996143436914709e-01
7.326388888888888395e-01 3.493013368650891848e-01 1.974807143696120371e-01
7.333333333333333925e-01 3.489476501840632072e-01 1.972593479599043520e-01
7.340277777777778345e-01 3.484942041544188962e-01 1.970183930605707567e-01
7.347222222222221655e-01 3.478183451675322391e-01 1.967538739677489046e-01
7.354166666666666075e-01 3.472481426101708957e-01 1.965052828639323457e-01
7.361111111111111605e-01 3.467687716576248191e-01 1.961437282022711059e-01
7.368055555555556024e-01 3.459182114210186398e-01 1.956993746457303118e-01
7.374999999999999334e-01 3.450186976705744701e-01 1.953162243318702085e-01
7.381944444444443754e-01 3.443290922141127308e-01 1.949314422490270038e-01
7.388888888888889284e-01 3.435699861330134275e-01 1.944850484566459647e-01
7.395833333333333703e-01 3.426635412732932928e-01 1.939217290401279992e-01
7.402777777777777013e-01 3.417620967245897923e-01 1.932564358700561424e-01
7.409722222222221433e-01 3.410595767125634281e-01 1.926182585971124572e-01
7.416666666666666963e-01 3.401109466662869951e-01 1.919914485837267981e-01
7.423611111111111382e-01 3.385807994550233402e-01 1.913727912241880713e-01
7.430555555555554692e-01 3.371143466219347906e-01 1.907579750825923182e-01
7.437500000000000222e-01 3.356149448167037308e-01 1.900677567743210283e-01
7.444444444444444642e-01 3.344129110695325813e-01 1.893694190490999851e-01
7.451388888888889062e-01 3.336044769894453421e-01 1.886326508810307057e-01
7.458333333333332371e-01 3.323155529455171786e-01 1.878402278137392134e-01
7.465277777777777901e-01 3.309874455272115434e-01 1.870873947704021489e-01
7.472222222222222321e-01 3.294394068013990484e-01 1.863540038839570367e-01
7.479166666666666741e-01 3.277071550779326325e-01 1.855563959805625884e-01
7.486111111111110050e-01 3.259487528773725717e-01 1.847304198293334143e-01
7.493055555555555580e-01 3.240828176950392159e-01 1.839435894254412840e-01
7.500000000000000000e-01 3.219866524739165570e-01 1.831185147448281259e-01
7.506944444444444420e-01 3.202956760219902721e-01 1.822761828536163808e-01
7.513888888888887729e-01 3.186647187073121112e-01 1.814935308869680686e-01
7.520833333333333259e-01 3.167941704726678354e-01 1.805892957218376282e-01
7.527777777777777679e-01 3.148849625102074778e-01 1.795471752033815094e-01
7.534722222222222099e-01 3.126684249787258230e-01 1.785635134213795772e-01
7.541666666666667629e-01 2.856719931094253151e-01 1.776370124830363717e-01
7.548611111111110938e-01 2.532297933087902519e-01 1.766593957218617339e-01
7.555555555555555358e-01 2.250833858786282782e-01 1.755819491732116266e-01
7.562499999999999778e-01 1.740668647839481442e-01 1.744407004201795341e-01
7.569444444444445308e-01 1.575581214058284496e-01 1.732174312522943849e-01
7.576388888888888618e-01 1.773684889782864427e-01 1.719251373682675610e-01
7.583333333333333037e-01 2.068046894373245514e-01 1.706314428081763257e-01
7.590277777777777457e-01 2.528316329857090983e-01 1.693664038370340519e-01
7.597222222222222987e-01 2.736061702121621031e-01 1.681189225688896061e-01
7.604166666666666297e-01 2.965842714026123983e-01 1.668855225785587371e-01
7.611111111111110716e-01 2.882244966632486194e-01 1.656976385832532039e-01
7.618055555555556246e-01 2.813091052825102967e-01 1.645650113822269833e-01
7.625000000000000666e-01 2.752627132531651477e-01 1.634343729542191148e-01
7.631944444444443976e-01 2.697147831708896493e-01 1.623023543908060640e-01
7.638888888888888395e-01 2.646674571379615259e-01 1.611656225649354124e-01
7.645833333333333925e-01 2.594145584091765433e-01 1.599938856517909291e-01
7.652777777777778345e-01 2.542722542154119414e-01 1.587960882576424093e-01
7.659722222222221655e-01 2.489932034290195106e-01 1.575541639741327715e-01
7.666666666666666075e-01 2.434883629374707259e-01 1.563033962102973740e-01
7.673611111111111605e-01 2.375769178627850087e-01 1.550778728124425632e-01
7.680555555555556024e-01 2.308244848589885156e-01 1.538538866012912065e-01
7.687499999999999334e-01 2.234176699619000450e-01 1.526193413791130937e-01
7.694444444444443754e-01 2.157314481326475797e-01 1.513458402963961946e-01
7.701388888888889284e-01 2.080134507821342071e-01 1.500470999209361500e-01
7.708333333333333703e-01 2.005528446861121195e-01 1.487559982565478112e-01
7.715277777777777013e-01 1.921986843580333615e-01 1.474539094964584240e-01
7.722222222222222543e-01 1.849902245314878346e-01 1.461343884506005053e-01
7.729166666666666963e-01 1.791740278676639819e-01 1.447972098868182400e-01
7.736111111111111382e-01 1.746503023468496674e-01 1.434470880751516075e-01
7.743055555555554692e-01 1.712264212696386623e-01 1.420975623649150532e-01
7.750000000000000222e-01 1.690606891320907967e-01 1.407346700631392500e-01
7.756944444444444642e-01 1.675044221735896288e-01 1.393535200667022356e-01
7.763888888888889062e-01 1.665497802193623977e-01 1.379567732112008671e-01
7.770833333333332371e-01 1.660027742351837532e-01 1.365491506125553201e-01
7.777777777777777901e-01 1.657917281686433764e-01 1.351360218004530322e-01
7.784722222222222321e-01 1.655434783131532195e-01 1.337093618910688009e-01
7.791666666666666741e-01 1.657578740691766916e-01 1.322604355833569278e-01
7.798611111111110050e-01 1.753592113490315407e-01 1.307810163381593060e-01
7.805555555555555580e-01 1.781662917425149151e-01 1.292682330214548203e-01
7.812500000000000000e-01 1.391141930619338996e-01 1.277182728180183136e-01
7.819444444444444420e-01 1.386617925644164084e-01 1.261394946438531284e-01
7.826388888888889950e-01 1.604813507742805234e-01 1.245668078403002060e-01
7.833333333333333259e-01 1.750257431075881165e-01 1.230110506312681595e-01
7.840277777777777679e-01 1.746360738727847084e-01 1.214633402745416008e-01
7.847222222222222099e-01 1.681403332714864196e-01 1.198723074563279312e-01
7.854166666666667629e-01 1.703184849607044526e-01 1.182681266237316092e-01
7.861111111111110938e-01 1.729262177930971367e-01 1.167177496922058161e-01
7.868055555555555358e-01 1.562607133287464423e-01 1.151688191056371852e-01
7.874999999999999778e-01 1.304019417775845457e-01 1.135718474424294022e-01
7.881944444444445308e-01 1.344246473800182751e-01 1.119610398807523444e-01
7.888888888888888618e-01 1.327638505348452957e-01 1.103700786169664466e-01
7.895833333333333037e-01 1.335287963477392315e-01 1.087975220701753315e-01
7.902777777777777457e-01 1.329153725897614935e-01 1.072379041299058866e-01
7.909722222222222987e-01 1.328476455912000476e-01 1.056855243893696089e-01
7.916666666666666297e-01 1.324189088546557924e-01 1.041420549246005883e-01
7.923611111111110716e-01 1.321076980840416859e-01 1.026241433445876650e-01
7.930555555555556246e-01 1.316777757089489798e-01 1.011346151766040757e-01
7.937500000000000666e-01 1.312769452594986785e-01 9.965470446750011868e-02
7.944444444444443976e-01 1.308165979713009353e-01 9.818315400678340188e-02
7.951388888888888395e-01 1.303727142454084997e-01 9.672013742229849942e-02
7.958333333333333925e-01 1.298848998456209880e-01 9.525372893274100528e-02
7.965277777777778345e-01 1.294182078756126453e-01 9.379008539510486075e-02
7.972222222222221655e-01 1.289132570816110546e-01 9.234047310927387398e-02
7.979166666666666075e-01 1.284324095709414026e-01 9.089741883247412502e-02
7.986111111111111605e-01 1.279168900444895007e-01 8.945579461112333763e-02
7.993055555555556024e-01 1.274289128590399556e-01 8.802785218515861432e-02
7.999999999999999334e-01 1.269080635275552371e-01 8.661930763194208849e-02
8.006944444444443754e-01 1.264164231136388206e-01 8.522244296804752650e-02
8.013888888888889284e-01 1.258945719309307598e-01 8.381737460002629259e-02
8.020833333333333703e-01 1.254043560855483130e-01 8.242798753122809741e-02
8.027777777777777013e-01 1.248843560943398157e-01 8.106138643699173363e-02
8.034722222222222543e-01 1.243957463974810079e-01 7.969411922220261124e-02
8.041666666666666963e-01 1.238795231140535913e-01 7.831992213852877194e-02
8.048611111111111382e-01 1.233954070212197052e-01 7.695047652248075687e-02
8.055555555555554692e-01 1.228841235808184329e-01 7.562749616148344012e-02
8.062500000000000222e-01 1.224041651377430068e-01 7.435330754779841123e-02
8.069444444444444642e-01 1.218982102762678627e-01 7.308377471931631897e-02
8.076388888888889062e-01 1.214245948932141661e-01 7.177882107976117643e-02
8.083333333333332371e-01 1.209248263238819621e-01 7.049797954611079775e-02
8.090277777777777901e-01 1.204566959574532720e-01 6.926262965003547600e-02
8.097222222222222321e-01 1.199632284712555952e-01 6.802131497772186119e-02
8.104166666666666741e-01 1.195012227235590918e-01 6.677227109248920489e-02
8.111111111111110050e-01 1.190148737882664870e-01 6.555101980649175042e-02
8.118055555555555580e-01 1.185596875836521930e-01 6.436285156332166579e-02
8.125000000000000000e-01 1.180812182765696300e-01 6.318879744794131392e-02
8.131944444444444420e-01 1.176332236898338796e-01 6.203686906481818003e-02
8.138888888888889950e-01 1.171635178382926107e-01 6.090268443746441746e-02
8.145833333333333259e-01 1.167247204533136823e-01 5.978150512059305505e-02
8.152777777777777679e-01 1.162638750956417055e-01 5.869984824423721270e-02
8.159722222222222099e-01 1.158265291239859440e-01 5.763816129651639503e-02
8.166666666666667629e-01 1.153772713998929833e-01 5.658062462378139063e-02
8.173611111111110938e-01 1.149641703261061743e-01 5.554478034670128073e-02
8.180555555555555358e-01 1.145321252726595601e-01 5.452875475694757279e-02
8.187499999999999778e-01 1.141230499803937704e-01 5.352852138271218391e-02
8.194444444444445308e-01 1.136896061906825794e-01 5.254464566701446543e-02
8.201388888888888618e-01 1.132790147521142154e-01 5.158190189484820193e-02
8.208333333333333037e-01 1.128462097605770487e-01 5.064657552538515822e-02
8.215277777777777457e-01 1.124351450423375365e-01 4.972957308921561320e-02
8.222222222222222987e-01 1.120102484992001601e-01 4.882591305928896813e-02
8.229166666666666297e-01 1.116148897781700788e-01 4.793587781229496914e-02
8.236111111111110716e-01 1.112070785147877550e-01 4.705666717139056487e-02
8.243055555555556246e-01 1.108245087719949701e-01 4.619581208160090241e-02
8.250000000000000666e-01 1.104151744261626655e-01 4.535821250946541622e-02
8.256944444444443976e-01 1.100254210602869265e-01 4.453479837737350094e-02
8.263888888888888395e-01 1.096166397389497921e-01 4.372331874884119451e-02
8.270833333333333925e-01 1.092305297915224932e-01 4.292293811061940328e-02
8.277777777777778345e-01 1.088314803895251009e-01 4.213759432328120086e-02
8.284722222222221655e-01 1.084587617798171838e-01 4.136482954290859881e-02
8.291666666666666075e-01 1.080685466731547001e-01 4.060557940334496435e-02
8.298611111111111605e-01 1.077020610359838704e-01 3.985807060446458494e-02
8.305555555555556024e-01 1.073153637178245329e-01 3.912359860311264564e-02
8.312499999999999334e-01 1.069501396701420248e-01 3.840188047887446721e-02
8.319444444444443754e-01 1.065697926764006681e-01 3.769255301598167796e-02
8.326388888888889284e-01 1.062126957563772345e-01 3.699477783946939630e-02
8.333333333333333703e-01 1.058393812631165526e-01 3.630857125033676303e-02
8.340277777777777013e-01 1.054886281080333194e-01 3.563284423809033596e-02
8.347222222222222543e-01 1.051202473554388728e-01 3.496721476195675110e-02
8.354166666666666963e-01 1.047728309932619145e-01 3.431216887510676189e-02
8.361111111111111382e-01 1.044106809110517814e-01 3.366709023017167013e-02
8.368055555555554692e-01 1.040700558595140657e-01 3.303173267892467457e-02
8.375000000000000222e-01 1.037142007493139922e-01 3.240537991531445422e-02
8.381944444444444642e-01 1.033778536404429960e-01 3.178906928683914584e-02
8.388888888888889062e-01 1.030285535015145887e-01 3.118171908406724285e-02
8.395833333333332371e-01 1.026986602924651742e-01 3.058359602293050580e-02
8.402777777777777901e-01 1.023569494680722086e-01 2.999439299236335982e-02
8.409722222222222321e-01 1.020363288549268610e-01 2.941422165679806119e-02
8.416666666666666741e-01 1.016971604605606538e-01 2.884243610309965983e-02
8.423611111111110050e-01 1.013715892095451016e-01 2.827903680473365863e-02
8.430555555555555580e-01 1.010375210657179779e-01 2.772346465873398377e-02
8.437500000000000000e-01 1.007196449149432987e-01 2.717622170842764681e-02
8.444444444444444420e-01 1.003935069654480761e-01 2.663709937842933737e-02
8.451388888888889950e-01 1.000828131335367577e-01 2.610639025071955985e-02
8.458333333333333259e-01 9.976463772420382514e-02 2.558346801606807552e-02
8.465277777777777679e-01 9.945517898749360597e-02 2.506846703713544108e-02
8.472222222222222099e-01 9.914122142855358311e-02 2.456074471437394435e-02
8.479166666666667629e-01 9.882992354509152755e-02 2.406088204214989340e-02
8.486111111111110938e-01 9.851782758549462726e-02 2.356807273234372974e-02
8.493055555555555358e-01 9.820675427112268707e-02 2.308294123820600618e-02
8.499999999999999778e-01 9.789895131814455032e-02 2.260474883711656446e-02
8.506944444444445308e-01 9.758922425852309401e-02 2.213393667465275022e-02
8.513888888888888618e-01 9.728636401293212776e-02 2.166981558922594087e-02
8.520833333333333037e-01 9.697828242892966855e-02 2.121288505822794060e-02
8.527777777777777457e-01 9.667815956883475670e-02 2.076264271596844554e-02
8.534722222222222987e-01 9.637632695907391578e-02 2.031933602053388743e-02
8.541666666666666297e-01 9.608346576296036834e-02 1.988269097242500311e-02
8.548611111111110716e-01 9.578318360581190849e-02 1.945299088489883463e-02
8.555555555555556246e-01 9.549327494511471170e-02 1.902951946920167225e-02
8.562500000000000666e-01 9.519625242210608129e-02 1.861274048127310038e-02
8.569444444444443976e-01 9.490969096400586613e-02 1.820214233232774620e-02
8.576388888888888395e-01 9.461511247266515823e-02 1.779824333705072592e-02
8.583333333333333925e-01 9.433332919011380713e-02 1.740031843946063250e-02
8.590277777777778345e-01 9.404071471020210293e-02 1.700885151731621608e-02
8.597222222222221655e-01 9.376203813667433051e-02 1.662329431197072382e-02
8.604166666666666075e-01 9.346948404955882084e-02 1.624397120634566219e-02
8.611111111111111605e-01 9.319205314035898524e-02 1.587042753802061362e-02
8.618055555555556024e-01 9.289721042400919671e-02 1.550287304335985772e-02
8.624999999999999334e-01 9.261971510576372246e-02 1.514097828394792532e-02
8.631944444444443754e-01 9.232342470271974466e-02 1.478494742614027205e-02
8.638888888888889284e-01 9.204365630494860950e-02 1.443443195069256217e-02
8.645833333333333703e-01 9.175349637240190481e-02 1.408944873372335559e-02
8.652777777777777013e-01 9.148559452787854984e-02 1.374982371921678811e-02
8.659722222222222543e-01 9.121362837542543178e-02 1.341558217119066115e-02
8.666666666666666963e-01 9.096032756957196652e-02 1.308651780832333772e-02
8.673611111111111382e-01 9.069077182542290005e-02 1.276259865368430634e-02
8.680555555555554692e-01 9.043390239912270367e-02 1.244372474111908600e-02
8.687500000000000222e-01 9.017027212194092534e-02 1.212990439053827224e-02
8.694444444444444642e-01 8.992014552540315842e-02 1.182098202488427938e-02
8.701388888888889062e-01 8.966297573039107294e-02 1.151692650586379034e-02
8.708333333333332371e-01 8.941591268266284309e-02 1.121761069118906370e-02
8.715277777777777901e-01 8.916332135675562875e-02 1.092287241707811524e-02
8.722222222222222321e-01 8.891529068910883349e-02 1.063269244214230455e-02
8.729166666666666741e-01 8.866429218677125690e-02 1.034703066744203925e-02
8.736111111111110050e-01 8.841425223227016017e-02 1.006578908880249000e-02
8.743055555555555580e-01 8.816443179225408322e-02 9.788974005283808746e-03
8.750000000000000000e-01 8.791366173084450009e-02 9.516378114502919983e-03
8.756944444444444420e-01 8.766681203181209137e-02 9.248133683711587741e-03
8.763888888888889950e-01 8.741853956569049788e-02 8.984056929219295939e-03
8.770833333333333259e-01 8.717545371479169802e-02 8.723960497330679464e-03
8.777777777777777679e-01 8.692923496122309523e-02 8.467795702584454340e-03
8.784722222222222099e-01 8.668895357929551349e-02 8.215604020912727762e-03
8.791666666666667629e-01 8.644480251999241138e-02 7.967227539170087386e-03
8.798611111111110938e-01 8.620673095344175141e-02 7.722601957930137935e-03
8.805555555555555358e-01 8.596445724995881166e-02 7.481654026161129595e-03
8.812499999999999778e-01 8.572878536622037526e-02 7.244239837006736897e-03
8.819444444444445308e-01 8.548853007574631901e-02 7.010441514948886552e-03
8.826388888888888618e-01 8.525530743622473928e-02 6.780315542064620921e-03
8.833333333333333037e-01 8.501709312410050956e-02 6.553714937025416874e-03
8.840277777777777457e-01 8.478658780655401461e-02 6.330636796480271222e-03
8.847222222222222987e-01 8.455061809557712360e-02 6.110884951859597673e-03
8.854166666666666297e-01 8.432259011377536695e-02 5.894403225967859324e-03
8.861111111111110716e-01 8.408834043042515138e-02 5.681179281732056698e-03
8.868055555555556246e-01 8.386329345200595198e-02 5.471175816011379991e-03
8.875000000000000666e-01 8.363056554915267171e-02 5.264257066499878138e-03
8.881944444444443976e-01 8.340832501012146460e-02 5.060388534438332864e-03
8.888888888888888395e-01 8.317563615962851598e-02 4.859465766982631364e-03
8.895833333333333925e-01 8.295413313300183111e-02 4.661499374804819497e-03
8.902777777777778345e-01 8.272016485915216488e-02 4.466518490814848884e-03
8.909722222222221655e-01 8.250006599622958237e-02 4.274477591405947269e-03
8.916666666666666075e-01 8.226349399548524288e-02 4.085279420631869433e-03
8.923611111111111605e-01 8.204008708557040952e-02 3.898881610334285156e-03
8.930555555555556024e-01 8.180249513258663896e-02 3.715291296781369351e-03
8.937499999999999334e-01 8.157630516611523441e-02 3.534431989436184231e-03
8.944444444444443754e-01 8.135674644806466238e-02 3.356257084453106911e-03
8.951388888888889284e-01 8.116001651080159696e-02 3.180659689983818521e-03
8.958333333333333703e-01 8.094684888818956536e-02 3.007582709359945747e-03
8.965277777777777013e-01 8.074318501332079789e-02 2.837013160152801385e-03
8.972222222222222543e-01 8.052325836210463827e-02 2.669023768172003406e-03
8.979166666666666963e-01 8.031065171192273977e-02 2.503557578906526453e-03
8.986111111111111382e-01 8.009055905008372056e-02 2.340596587350570867e-03
8.993055555555554692e-01 7.988293668784535173e-02 2.180035385097239126e-03
9.000000000000000222e-01 7.967616063196963916e-02 2.021965351669356530e-03
9.006944444444444642e-01 7.948537612037286093e-02 1.866295978026724731e-03
9.013888888888889062e-01 7.928017311770940712e-02 1.712964648855436157e-03
9.020833333333332371e-01 7.907830320509373623e-02 1.561576779405859363e-03
9.027777777777777901e-01 7.887605030227372305e-02 1.411915997620697338e-03
9.034722222222222321e-01 7.867976275848373446e-02 1.264971874209283673e-03
9.041666666666666741e-01 7.848002610360754749e-02 1.120528029994097676e-03
9.048611111111110050e-01 7.828116389466580061e-02 9.774659373508061931e-04
9.055555555555555580e-01 7.808206372472298318e-02 8.363868647316336814e-04
9.062500000000000000e-01 7.788247630872367766e-02 6.981619670466666884e-04
9.069444444444444420e-01 7.768547173129666805e-02 5.617878867324012718e-04
9.076388888888889950e-01 7.748666324387798454e-02 4.269855148394965071e-04
9.083333333333333259e-01 7.729182933045269932e-02 2.944502629028274122e-04
9.090277777777777679e-01 7.709416918716628653e-02 1.640262804966602188e-04
9.097222222222222099e-01 7.690225737354770830e-02 3.541756732009381946e-05
9.104166666666667629e-01 7.670304112211095982e-02 -9.070526935355299107e-05
9.111111111111110938e-01 7.651112834860678003e-02 -2.146591143875624028e-04
9.118055555555555358e-01 7.631750638208112392e-02 -3.373014437639731337e-04
9.124999999999999778e-01 7.613136594460639950e-02 -4.586050807236695609e-04
9.131944444444445308e-01 7.593535172254518850e-02 -5.781903740402426998e-04
9.138888888888888618e-01 7.574842096832352933e-02 -6.958496705446298161e-04
9.145833333333333037e-01 7.555147257564388819e-02 -8.114926319209618761e-04
9.152777777777777457e-01 7.536570286447522027e-02 -9.257290488950691183e-04
9.159722222222222987e-01 7.516789914523140659e-02 -1.038841137832839526e-03
9.166666666666666297e-01 7.498141914106452866e-02 -1.150171452748087464e-03
9.173611111111110716e-01 7.478168434728611758e-02 -1.259603065855213625e-03
9.180555555555556246e-01 7.458972131658635207e-02 -1.367726124316172905e-03
9.187500000000000666e-01 7.439165528715507847e-02 -1.474249705578357201e-03
9.194444444444443976e-01 7.420962871615692513e-02 -1.578932366840469148e-03
9.201388888888888395e-01 7.403217658024761894e-02 -1.682235251690494642e-03
9.208333333333333925e-01 7.386779622974679049e-02 -1.784259468655608957e-03
9.215277777777778345e-01 7.368626855971277534e-02 -1.884821404949144161e-03
9.222222222222221655e-01 7.350890775621400641e-02 -1.984232071320203919e-03
9.229166666666666075e-01 7.332282103750011049e-02 -2.082606181989783787e-03
9.236111111111111605e-01 7.314064354724258976e-02 -2.179627931664607395e-03
9.243055555555556024e-01 7.296348326668200546e-02 -2.275134335243248797e-03
9.249999999999999334e-01 7.280047893704107154e-02 -2.368968505053388376e-03
9.256944444444443754e-01 7.262802402811265046e-02 -2.461043839579107190e-03
9.263888888888889284e-01 7.245312807346929174e-02 -2.551535303568696397e-03
9.270833333333333703e-01 7.227846552836797445e-02 -2.640518032879008228e-03
9.277777777777777013e-01 7.210525157711684952e-02 -2.728377482673249605e-03
9.284722222222222543e-01 7.193299986723389328e-02 -2.815074866592123456e-03
9.291666666666666963e-01 7.175697784195020357e-02 -2.900404664402334888e-03
9.298611111111111382e-01 7.158517965510763359e-02 -2.984639692061919793e-03
9.305555555555554692e-01 7.141488321276291684e-02 -3.067600070222559292e-03
9.312500000000000222e-01 7.124800027238886724e-02 -3.149425740541259358e-03
9.319444444444444642e-01 7.107575980592732712e-02 -3.230060085473731701e-03
9.326388888888889062e-01 7.090900001049944834e-02 -3.309538210781285978e-03
9.333333333333332371e-01 7.073817042165513047e-02 -3.387871971309732496e-03
9.340277777777777901e-01 7.057266262507785881e-02 -3.465098469213718016e-03
9.347222222222222321e-01 7.040310036045711872e-02 -3.541171913013316068e-03
9.354166666666666741e-01 7.023859234674746654e-02 -3.616136542241591735e-03
9.361111111111110050e-01 7.007008461322331017e-02 -3.690088086841468266e-03
9.368055555555555580e-01 6.990758686611667216e-02 -3.763064745840214668e-03
9.375000000000000000e-01 6.974005801415271433e-02 -3.835025705851501533e-03
9.381944444444444420e-01 6.957910206011885812e-02 -3.905937470062428168e-03
9.388888888888889950e-01 6.941173598542529910e-02 -3.975803101824568718e-03
9.395833333333333259e-01 6.925185847332598899e-02 -4.044653594518175625e-03
9.402777777777777679e-01 6.908419535691195934e-02 -4.112485062414545679e-03
9.409722222222222099e-01 6.892468417079199161e-02 -4.179296330617451698e-03
9.416666666666667629e-01 6.875518027939084287e-02 -4.245106355874723146e-03
9.423611111111110938e-01 6.859516514577947144e-02 -4.309932666240736884e-03
9.430555555555555358e-01 6.842361236550176251e-02 -4.373828346236155809e-03
9.437499999999999778e-01 6.826049751302340485e-02 -4.436804152653827868e-03
9.444444444444445308e-01 6.808891668073058234e-02 -4.498826153430338787e-03
9.451388888888888618e-01 6.792855296658747988e-02 -4.560027177532095279e-03
9.458333333333333037e-01 6.777154758366099596e-02 -4.620293866530212311e-03
9.465277777777777457e-01 6.762723543380226576e-02 -4.679696039612177803e-03
9.472222222222222987e-01 6.746730982553418576e-02 -4.738083573547952759e-03
9.479166666666666297e-01 6.731361166690229270e-02 -4.795716900391791722e-03
9.486111111111110716e-01 6.715408096488834078e-02 -4.852510290567471976e-03
9.493055555555556246e-01 6.700066923957426201e-02 -4.908475004677043292e-03
9.500000000000000666e-01 6.684931550728649696e-02 -4.963529850068504681e-03
9.506944444444443976e-01 6.670981825766264528e-02 -5.017868485898287732e-03
9.513888888888888395e-01 6.655938417312801114e-02 -5.071422423249210762e-03
9.520833333333333925e-01 6.641067896825832151e-02 -5.124242583611154402e-03
9.527777777777778345e-01 6.626137450252894689e-02 -5.176295947479441287e-03
9.534722222222221655e-01 6.611556285418329626e-02 -5.227652900671942576e-03
9.541666666666666075e-01 6.596743879638565511e-02 -5.278283571765560178e-03
9.548611111111111605e-01 6.582008391234346611e-02 -5.328220928404426085e-03
9.555555555555556024e-01 6.567245579412486767e-02 -5.377453653701204199e-03
9.562499999999999334e-01 6.552430534714803745e-02 -5.426009993158140664e-03
9.569444444444443754e-01 6.537851446741918537e-02 -5.473856199104927892e-03
9.576388888888889284e-01 6.522783167064345744e-02 -5.521033367631766886e-03
9.583333333333333703e-01 6.508170108451964697e-02 -5.567508551590744093e-03
9.590277777777777013e-01 6.493662000503921949e-02 -5.613367621463255172e-03
9.597222222222222543e-01 6.479486314866599039e-02 -5.658673160710565864e-03
9.604166666666666963e-01 6.464693084414425972e-02 -5.703401422333651861e-03
9.611111111111111382e-01 6.450541220898381445e-02 -5.747594417603289589e-03
9.618055555555554692e-01 6.435887176881763261e-02 -5.790998204873485690e-03
9.625000000000000222e-01 6.421900678750043501e-02 -5.833678267477246208e-03
9.631944444444444642e-01 6.406986260543359735e-02 -5.875785865833884312e-03
9.638888888888889062e-01 6.392729960840279335e-02 -5.917306025497447684e-03
9.645833333333332371e-01 6.377810098710290365e-02 -5.958173329775335279e-03
9.652777777777777901e-01 6.363621389965615216e-02 -5.998460079757751348e-03
9.659722222222222321e-01 6.348563929940363726e-02 -6.038257987791943726e-03
9.666666666666666741e-01 6.334599335478355298e-02 -6.077497447514913428e-03
9.673611111111110050e-01 6.319607954626497992e-02 -6.116136850197818713e-03
9.680555555555555580e-01 6.305383944318984635e-02 -6.154249961397195885e-03
9.687500000000000000e-01 6.290494779307181927e-02 -6.191830786599262886e-03
9.694444444444444420e-01 6.276589059684647975e-02 -6.228836502485558119e-03
9.701388888888889950e-01 6.262809612197399456e-02 -6.265298892455659595e-03
9.708333333333333259e-01 6.250026481155022962e-02 -6.301275627679353217e-03
9.715277777777777679e-01 6.236071699416814024e-02 -6.336816506773069145e-03
9.722222222222222099e-01 6.222640840883088970e-02 -6.371870485084183723e-03
9.729166666666667629e-01 6.208870329582635850e-02 -6.406419940563051058e-03
9.736111111111110938e-01 6.195668380711160522e-02 -6.440474375250089534e-03
9.743055555555555358e-01 6.182374230211781785e-02 -6.474043476337217572e-03
9.749999999999999778e-01 6.169890537074763925e-02 -6.507132824267423087e-03
9.756944444444445308e-01 6.156800243574959974e-02 -6.539752403281651368e-03
9.763888888888888618e-01 6.143787384961982984e-02 -6.571892417373754666e-03
9.770833333333333037e-01 6.130663823060265860e-02 -6.603577835316105579e-03
9.777777777777777457e-01 6.117692263423002430e-02 -6.634806086494028990e-03
9.784722222222222987e-01 6.104618157425618225e-02 -6.665593746072619522e-03
9.791666666666666297e-01 6.091535759567951597e-02 -6.695935375607309226e-03
9.798611111111110716e-01 6.078530291995377227e-02 -6.725847747972649171e-03
9.805555555555556246e-01 6.065453943876721044e-02 -6.755309448297653480e-03
9.812500000000000666e-01 6.052564895891601737e-02 -6.784352279107697462e-03
9.819444444444443976e-01 6.039499579761824916e-02 -6.812981498223681133e-03
9.826388888888888395e-01 6.026692183133369046e-02 -6.841204315906517126e-03
9.833333333333333925e-01 6.013765432057190108e-02 -6.869026171007588596e-03
9.840277777777778345e-01 6.001066289371490003e-02 -6.896453010794244276e-03
9.847222222222221655e-01 5.988038105035144859e-02 -6.923489289575372914e-03
9.854166666666666075e-01 5.975353975195203671e-02 -6.950144022830768639e-03
9.861111111111111605e-01 5.962562781677670232e-02 -6.976411431012756806e-03
9.868055555555556024e-01 5.950063798069277210e-02 -7.002286638750041502e-03
9.874999999999999334e-01 5.937265934956718200e-02 -7.025515475954878346e-03
9.881944444444443754e-01 5.924824705968833455e-02 -7.047791414849151857e-03
9.888888888888889284e-01 5.912085391201168938e-02 -7.070008780567519496e-03
9.895833333333333703e-01 5.899702878397889566e-02 -7.091881603163757188e-03
9.902777777777777013e-01 5.887064488727360156e-02 -7.113551338150719307e-03
9.909722222222222543e-01 5.874808826837753239e-02 -7.134931534026488567e-03
9.916666666666666963e-01 5.862219599752949845e-02 -7.155993226717307504e-03
9.923611111111111382e-01 5.850049727047513387e-02 -7.176824138044350307e-03
9.930555555555554692e-01 5.837488094213515860e-02 -7.197377781145955673e-03
9.937500000000000222e-01 5.825427919542582739e-02 -7.217622990216286498e-03
9.944444444444444642e-01 5.812845467616088030e-02 -7.237640116498586865e-03
9.951388888888889062e-01 5.800777990288714936e-02 -7.257430756777198677e-03
9.958333333333332371e-01 5.788116053791666354e-02 -7.276923142601334632e-03
9.965277777777777901e-01 5.776081793113147650e-02 -7.296198960562693021e-03
9.972222222222222321e-01 5.763250285096698650e-02 -7.315212016793548079e-03
9.979166666666666741e-01 5.751046858376131221e-02 -7.333926576169331156e-03
9.986111111111110050e-01 5.738087740739505199e-02 -7.352466302410556008e-03
9.993055555555555580e-01 5.725749887325870535e-02 -7.370775514763608025e-03
1.000000000000000000e+00 5.713054199461668758e-02 -7.388803019870181232e-03
1.000694444444444331e+00 5.701252030572789842e-02 -7.406669136221218606e-03
1.001388888888888884e+00 5.689211446759661478e-02 -7.424263951853094998e-03
1.002083333333333437e+00 5.677863503509381071e-02 -7.441636051253718021e-03
1.002777777777777768e+00 5.665929651028853847e-02 -7.458803552471669936e-03
1.003472222222222099e+00 5.654438534452004006e-02 -7.475816818096823503e-03
1.004166666666666652e+00 5.642795727379615323e-02 -7.492519264100864010e-03
1.004861111111111205e+00 5.631753701377868737e-02 -7.509174731398645178e-03
1.005555555555555536e+00 5.620293037195529112e-02 -7.526743202127221880e-03
1.006249999999999867e+00 5.609102272172304671e-02 -7.543428160149225070e-03
1.006944444444444420e+00 5.597753306399354256e-02 -7.559186486415525770e-03
1.007638888888888973e+00 5.586616067831435412e-02 -7.574866458202138102e-03
1.008333333333333304e+00 5.575310011157422196e-02 -7.590309564581184699e-03
1.009027777777777635e+00 5.563996465427428068e-02 -7.605639846353829010e-03
1.009722222222222188e+00 5.552674595843848371e-02 -7.620655036319031600e-03
1.010416666666666741e+00 5.541347366776726291e-02 -7.635668811232807461e-03
1.011111111111111072e+00 5.530128050273797058e-02 -7.650378477868594734e-03
1.011805555555555625e+00 5.518816403348961175e-02 -7.666032922179768887e-03
1.012499999999999956e+00 5.507679585385823889e-02 -7.680945129452109409e-03
1.013194444444444509e+00 5.496426404437840252e-02 -7.694948412516966832e-03
1.013888888888888840e+00 5.485350102430396058e-02 -7.708885505469591053e-03
1.014583333333333393e+00 5.474133417262350837e-02 -7.722686787279519662e-03
1.015277777777777724e+00 5.463117076114135801e-02 -7.736256568083374127e-03
1.015972222222222276e+00 5.451956032278566094e-02 -7.749772042145922427e-03
1.016666666666666607e+00 5.441001157483484063e-02 -7.763035340146442857e-03
1.017361111111111160e+00 5.429889888959217592e-02 -7.777168783353483744e-03
1.018055555555555491e+00 5.418997421801158981e-02 -7.790624685982595714e-03
1.018750000000000044e+00 5.407939000788160311e-02 -7.803268068881759160e-03
1.019444444444444375e+00 5.397114475969937847e-02 -7.815825817727448457e-03
1.020138888888888928e+00 5.386119084403889756e-02 -7.828272902829707530e-03
1.020833333333333259e+00 5.375350903258788865e-02 -7.840547539669137297e-03
1.021527777777777812e+00 5.364412998018152495e-02 -7.852692357419768787e-03
1.022222222222222365e+00 5.353728119499052279e-02 -7.864657585269498388e-03
1.022916666666666696e+00 5.342852878984064025e-02 -7.876570960869192645e-03
1.023611111111111027e+00 5.332226734990436201e-02 -7.889028610909771741e-03
1.024305555555555580e+00 5.321406668593305772e-02 -7.901046961107853137e-03
1.025000000000000133e+00 5.310846858276881133e-02 -7.912300591616523715e-03
1.025694444444444464e+00 5.300088436089212679e-02 -7.923490341855481470e-03
1.026388888888888795e+00 5.289603289555087906e-02 -7.934552414416849025e-03
1.027083333333333348e+00 5.278903910214203382e-02 -7.945512988968511311e-03
1.027777777777777901e+00 5.268481105465937231e-02 -7.956244370326779128e-03
1.028472222222222232e+00 5.257829714662035081e-02 -7.966972378702166097e-03
1.029166666666666563e+00 5.247489031706255996e-02 -7.977492884512478108e-03
1.029861111111111116e+00 5.236886292741535498e-02 -7.988619548565625839e-03
1.030555555555555669e+00 5.226638464654860539e-02 -7.999330844816078881e-03
1.031250000000000000e+00 5.216064981341769075e-02 -8.009361460517967074e-03
1.031944444444444331e+00 5.205875729507562777e-02 -8.019317915419276604e-03
1.032638888888888884e+00 5.195269697975958556e-02 -8.029204864450037449e-03
1.033333333333333437e+00 5.185090336493529406e-02 -8.038897096694192293e-03
1.034027777777777768e+00 5.174408106996546824e-02 -8.048568921058200931e-03
1.034722222222222099e+00 5.164214417603126689e-02 -8.058041329182889442e-03
1.035416666666666652e+00 5.153403005638237250e-02 -8.067493972420899245e-03
1.036111111111111205e+00 5.143072427276079023e-02 -8.077303139890896697e-03
1.036805555555555536e+00 5.132163642141205490e-02 -8.086879821131607096e-03
1.037499999999999867e+00 5.121764731407935090e-02 -8.095810061783939235e-03
1.038194444444444420e+00 5.111207616936861570e-02 -8.104740674385149321e-03
1.038888888888888973e+00 5.101358373834465054e-02 -8.113521273046677557e-03
1.039583333333333304e+00 5.091127628346047568e-02 -8.122164563651564084e-03
1.040277777777777635e+00 5.081392795877239660e-02 -8.130699307331500439e-03
1.040972222222222188e+00 5.071275008593784106e-02 -8.139283092702329081e-03
1.041666666666666741e+00 5.061569528994602080e-02 -8.147641550958666448e-03
1.042361111111111072e+00 5.051658549129126041e-02 -8.156397621948970750e-03
1.043055555555555625e+00 5.042213448621378491e-02 -8.164981845501217625e-03
1.043749999999999956e+00 5.032410041621317859e-02 -8.173008043429293851e-03
1.044444444444444509e+00 5.022911145248249581e-02 -8.180911101852966077e-03
1.045138888888888840e+00 5.013263210603155495e-02 -8.188789396989540337e-03
1.045833333333333393e+00 5.003957845670743004e-02 -8.196504091252684518e-03
1.046527777777777724e+00 4.994438859598939601e-02 -8.204233104894325876e-03
1.047222222222222276e+00 4.985020823111213639e-02 -8.211719768627586194e-03
1.047916666666666607e+00 4.975495214806247013e-02 -8.219347867844154290e-03
1.048611111111111160e+00 4.966003956161592348e-02 -8.227019618239206702e-03
1.049305555555555491e+00 4.956483224709668650e-02 -8.234717389406445362e-03
1.050000000000000044e+00 4.946962563698686921e-02 -8.241854180045702152e-03
1.050694444444444375e+00 4.937518034990876631e-02 -8.248918088487157754e-03
1.051388888888888928e+00 4.928025121809839759e-02 -8.255910177708198835e-03
1.052083333333333259e+00 4.918648366714414855e-02 -8.262872240447869179e-03
1.052777777777777812e+00 4.909120652518610128e-02 -8.269661917346241703e-03
1.053472222222222365e+00 4.899764374225201030e-02 -8.276525501209301347e-03
1.054166666666666696e+00 4.890386805370913054e-02 -8.283157447245470886e-03
1.054861111111111027e+00 4.881154299755241510e-02 -8.289994601765274945e-03
1.055555555555555580e+00 4.871789419376088698e-02 -8.296899388869684658e-03
1.056250000000000133e+00 4.862633566869669494e-02 -8.303255064295685800e-03
1.056944444444444464e+00 4.853190314139657624e-02 -8.309494016181723230e-03
1.057638888888888795e+00 4.843960088564331495e-02 -8.315789470527563607e-03
1.058333333333333348e+00 4.834691976385833284e-02 -8.321908623673315505e-03
1.059027777777777901e+00 4.825640595836693664e-02 -8.328077972083021419e-03
1.059722222222222232e+00 4.816369788337609287e-02 -8.334036116173521719e-03
1.060416666666666563e+00 4.807393966456235262e-02 -8.340149683362840100e-03
1.061111111111111116e+00 4.798149004798417383e-02 -8.346104079022864664e-03
1.061805555555555669e+00 4.789222221653410133e-02 -8.352306496221385476e-03
1.062500000000000000e+00 4.779990144349136050e-02 -8.357977549033982281e-03
1.063194444444444331e+00 4.771083699065385708e-02 -8.363609354850662023e-03
1.063888888888888884e+00 4.761814731329168382e-02 -8.369149832345426296e-03
1.064583333333333437e+00 4.752926104870968532e-02 -8.374691878481553206e-03
1.065277777777777768e+00 4.743549989484826396e-02 -8.380083378150843948e-03
1.065972222222222099e+00 4.734590611652453318e-02 -8.385573281341141688e-03
1.066666666666666652e+00 4.725140782697961200e-02 -8.390842250493279683e-03
1.067361111111111205e+00 4.716075344976049938e-02 -8.396176989734251139e-03
1.068055555555555536e+00 4.706648381032672857e-02 -8.401738750205450454e-03
1.068749999999999867e+00 4.697594594571467136e-02 -8.406848333663891407e-03
1.069444444444444420e+00 4.688888950167328235e-02 -8.411789849409453609e-03
1.070138888888888973e+00 4.680865141184784722e-02 -8.416825025342212011e-03
1.070833333333333304e+00 4.672234561004877385e-02 -8.421646166081620324e-03
1.071527777777777635e+00 4.663878588993683461e-02 -8.426605948646297140e-03
1.072222222222222188e+00 4.655065553514984439e-02 -8.431311858157637326e-03
1.072916666666666741e+00 4.646449184344273592e-02 -8.436227360844556628e-03
1.073611111111111072e+00 4.637509491895779046e-02 -8.440783128781600281e-03
1.074305555555555625e+00 4.628922068667298828e-02 -8.445820676451788397e-03
1.074999999999999956e+00 4.620324938335571008e-02 -8.450307115266937272e-03
1.075694444444444509e+00 4.612232814781135753e-02 -8.454791617690355157e-03
1.076388888888888840e+00 4.603672923243229409e-02 -8.459180905258132516e-03
1.077083333333333171e+00 4.595340340432076814e-02 -8.463614867724070928e-03
1.077777777777777724e+00 4.586906745565592219e-02 -8.467882269238464349e-03
1.078472222222222276e+00 4.578795178568605823e-02 -8.472294749886984111e-03
1.079166666666666607e+00 4.570510819768987265e-02 -8.476460100336934839e-03
1.079861111111111160e+00 4.562492505622959410e-02 -8.480579546058499008e-03
1.080555555555555491e+00 4.554330885004764101e-02 -8.485083190400904279e-03
1.081250000000000044e+00 4.546236512842190269e-02 -8.489160133378543388e-03
1.081944444444444375e+00 4.538137477293205380e-02 -8.493055023271045903e-03
1.082638888888888928e+00 4.530111832968721636e-02 -8.497095271095649049e-03
1.083333333333333259e+00 4.521975375330487823e-02 -8.500897923960918506e-03
1.084027777777777812e+00 4.513784978535100023e-02 -8.504901083334577561e-03
1.084722222222222365e+00 4.505723021820674801e-02 -8.508625280469859706e-03
1.085416666666666696e+00 4.497628963046750722e-02 -8.512390280929796674e-03
1.086111111111111027e+00 4.489629481212182444e-02 -8.516450724537971348e-03
1.086805555555555580e+00 4.481552209923406194e-02 -8.520143840931660231e-03
1.087499999999999689e+00 4.473605504050862103e-02 -8.523661286091100547e-03
1.088194444444444464e+00 4.465582785564157359e-02 -8.527309578378810401e-03
1.088888888888888795e+00 4.457671015306666207e-02 -8.530733583519479676e-03
1.089583333333333348e+00 4.449689934767931537e-02 -8.534339899180514930e-03
1.090277777777777901e+00 4.441840638582638529e-02 -8.537692008725446952e-03
1.090972222222222232e+00 4.433912724366018132e-02 -8.541288604673676760e-03
1.091666666666666563e+00 4.426114379472667615e-02 -8.544425099149287328e-03
1.092361111111111116e+00 4.418232651414834983e-02 -8.548134671440056967e-03
1.093055555555555669e+00 4.410492650439357121e-02 -8.551355837352237962e-03
1.093750000000000000e+00 4.402666109964060298e-02 -8.554595673203815517e-03
1.094444444444444331e+00 4.394978509365252833e-02 -8.557732899210464955e-03
1.095138888888888884e+00 4.387212348599641570e-02 -8.560948055741377308e-03
1.095833333333333437e+00 4.379576819809651717e-02 -8.563988466422391838e-03
1.096527777777777768e+00 4.371863320321739410e-02 -8.567216547263417636e-03
1.097222222222222099e+00 4.364280627086082609e-02 -8.570183884058004201e-03
1.097916666666666430e+00 4.356622201626050850e-02 -8.573043438258239404e-03
1.098611111111111205e+00 4.349091158748518565e-02 -8.576342775755892503e-03
1.099305555555555536e+00 4.341486209234202837e-02 -8.579289419719313484e-03
1.099999999999999867e+00 4.334012149968669014e-02 -8.582062497220077288e-03
1.100694444444444420e+00 4.326467517646502559e-02 -8.585003269978316517e-03
1.101388888888888973e+00 4.319062153581749303e-02 -8.587703038121490690e-03
1.102083333333333304e+00 4.311568887804603789e-02 -8.590629234441080064e-03
1.102777777777777635e+00 4.304254212752801206e-02 -8.593276035987775646e-03
1.103472222222222188e+00 4.296837131132008603e-02 -8.596175250899904322e-03
1.104166666666666741e+00 4.289504970736261052e-02 -8.598501056759577654e-03
1.104861111111111072e+00 4.282081947485475576e-02 -8.601550087770944500e-03
1.105555555555555625e+00 4.274852615673817996e-02 -8.604097513629702793e-03
1.106249999999999956e+00 4.267498605775189163e-02 -8.606684926913951705e-03
1.106944444444444509e+00 4.260291835693393730e-02 -8.609177790108439587e-03
1.107638888888888840e+00 4.252978901813966178e-02 -8.611765858855698758e-03
1.108333333333333171e+00 4.245835132257664429e-02 -8.614191343403238346e-03
1.109027777777777724e+00 4.238572725565127597e-02 -8.616792466027338102e-03
1.109722222222222276e+00 4.231498838281819164e-02 -8.618940808453654998e-03
1.110416666666666607e+00 4.224303665339848579e-02 -8.621644393933838163e-03
1.111111111111111160e+00 4.217353106362975446e-02 -8.623985674105851679e-03
1.111805555555555491e+00 4.210162297533495690e-02 -8.626321141030865100e-03
1.112500000000000044e+00 4.203171555893740752e-02 -8.628565745587960661e-03
1.113194444444444375e+00 4.195949628236392975e-02 -8.630893405242767019e-03
1.113888888888888928e+00 4.189007634838871896e-02 -8.633078692531267334e-03
1.114583333333333259e+00 4.181790454912283350e-02 -8.635394735178913636e-03
1.115277777777777812e+00 4.174883697946533967e-02 -8.637548632683521993e-03
1.115972222222222365e+00 4.167651896165557729e-02 -8.639507503551763917e-03
1.116666666666666696e+00 4.160737424873230811e-02 -8.641948830432618495e-03
1.117361111111111027e+00 4.153539529013903359e-02 -8.644087927294858906e-03
1.118055555555555580e+00 4.146659006980098205e-02 -8.646042460949911537e-03
1.118749999999999689e+00 4.139564463052033266e-02 -8.648161441413454095e-03
1.119444444444444464e+00 4.132783356569970368e-02 -8.650122799447398578e-03
1.120138888888888795e+00 4.125881792768226058e-02 -8.652222743976692096e-03
1.120833333333333348e+00 4.119310327598454252e-02 -8.654145129341322615e-03
1.121527777777777901e+00 4.112561579742764900e-02 -8.656270736326247134e-03
1.122222222222222232e+00 4.106093824185130803e-02 -8.657774221432995229e-03
1.122916666666666563e+00 4.099399059250422028e-02 -8.660046003244456156e-03
1.123611111111111116e+00 4.092957406618456112e-02 -8.661883208468454734e-03
1.124305555555555669e+00 4.086297405252894283e-02 -8.663699500127290676e-03
1.125000000000000000e+00 4.079905231095710960e-02 -8.665486239641421312e-03
1.125694444444444331e+00 4.073290567461484296e-02 -8.667385931177790798e-03
1.126388888888888884e+00 4.066969838102093421e-02 -8.669112215751794553e-03
1.127083333333333437e+00 4.060424398540173757e-02 -8.671052470038064300e-03
1.127777777777777768e+00 4.054165644920107447e-02 -8.672735906668513697e-03
1.128472222222222099e+00 4.047679112910958221e-02 -8.674160660329938502e-03
1.129166666666666430e+00 4.041489164796118611e-02 -8.676199618393574953e-03
1.129861111111111205e+00 4.035053853446329136e-02 -8.677922547381252544e-03
1.130555555555555536e+00 4.028894287158272386e-02 -8.679434475410436473e-03
1.131249999999999867e+00 4.022491870121482072e-02 -8.681172881930210306e-03
1.131944444444444420e+00 4.016363663677895157e-02 -8.682698770883384015e-03
1.132638888888888973e+00 4.009991034233845869e-02 -8.684440632888902611e-03
1.133333333333333304e+00 4.003890510645113920e-02 -8.685942986120241335e-03
1.134027777777777635e+00 3.997568797913562261e-02 -8.687290082784390743e-03
1.134722222222222188e+00 3.991510429983305408e-02 -8.689097932641949573e-03
1.135416666666666741e+00 3.985229750228027473e-02 -8.690679762257310856e-03
1.136111111111111072e+00 3.979211968959894125e-02 -8.692073459155054069e-03
1.136805555555555625e+00 3.972977564725879707e-02 -8.693613845681033223e-03
1.137499999999999956e+00 3.966999202446572226e-02 -8.694978400531258242e-03
1.138194444444444509e+00 3.960817182598062869e-02 -8.696543708443856685e-03
1.138888888888888840e+00 3.954885402078461842e-02 -8.697852936191848711e-03
1.139583333333333171e+00 3.948758425692329432e-02 -8.699460924048472293e-03
1.140277777777777724e+00 3.942873413528481807e-02 -8.700436777070882227e-03
1.140972222222222276e+00 3.936797560822298536e-02 -8.702142872607935078e-03
1.141666666666666607e+00 3.930961333826633874e-02 -8.703471998204490370e-03
1.142361111111111160e+00 3.924942159151202647e-02 -8.704785172554557054e-03
1.143055555555555491e+00 3.919146614439472653e-02 -8.706066701369924096e-03
1.143750000000000044e+00 3.913181429617407225e-02 -8.707437755126723467e-03
1.144444444444444375e+00 3.907430172569025667e-02 -8.708653597617787082e-03
1.145138888888888928e+00 3.901520490179179873e-02 -8.710085173286015101e-03
1.145833333333333259e+00 3.895803888161630119e-02 -8.711280903319872093e-03
1.146527777777777812e+00 3.889943767410200537e-02 -8.712200792280234279e-03
1.147222222222222365e+00 3.884261616849611631e-02 -8.713736983251384530e-03
1.147916666666666696e+00 3.878469500321068270e-02 -8.714980850471225338e-03
1.148611111111111027e+00 3.872826608104450175e-02 -8.716041773427727138e-03
1.149305555555555580e+00 3.867109593586642857e-02 -8.717322738207817362e-03
1.149999999999999689e+00 3.861491531642096547e-02 -8.718386215170485440e-03
1.150694444444444464e+00 3.855806570318649068e-02 -8.719639589487966636e-03
1.151388888888888795e+00 3.850212318635586745e-02 -8.720708940768363143e-03
1.152083333333333348e+00 3.844586797773458936e-02 -8.722040050146670151e-03
1.152777777777777901e+00 3.839038830795461765e-02 -8.722612695382003095e-03
1.153472222222222232e+00 3.833466344321482394e-02 -8.724097348097812829e-03
1.154166666666666563e+00 3.827978171964450949e-02 -8.725135178751794798e-03
1.154861111111111116e+00 3.822470905688295922e-02 -8.726172818917663637e-03
1.155555555555555669e+00 3.817031395653078946e-02 -8.727166279203411869e-03
1.156250000000000000e+00 3.811572669905934074e-02 -8.728302193644061138e-03
1.156944444444444331e+00 3.806188212309889046e-02 -8.729244081399913438e-03
1.157638888888888884e+00 3.800779503559381656e-02 -8.730426171893915233e-03
1.158333333333333437e+00 3.795431421787336113e-02 -8.731033049210367575e-03
1.159027777777777768e+00 3.790053271000633911e-02 -8.732316544457288665e-03
1.159722222222222099e+00 3.784748873762893567e-02 -8.733302044913548653e-03
1.160416666666666430e+00 3.779419022740837519e-02 -8.734279631567342869e-03
1.161111111111111205e+00 3.774147468714071640e-02 -8.735193881585045020e-03
1.161805555555555536e+00 3.768847589388726188e-02 -8.736191771560524594e-03
1.162499999999999867e+00 3.763615022575101526e-02 -8.737052868879345568e-03
1.163194444444444420e+00 3.758366957639493883e-02 -8.738121433866498020e-03
1.163888888888888973e+00 3.753168694308455650e-02 -8.738962158726645835e-03
1.164583333333333304e+00 3.747945273021351803e-02 -8.739535347168777765e-03
1.165277777777777635e+00 3.742788857307376843e-02 -8.740685983156066749e-03
1.165972222222222188e+00 3.737622480372972816e-02 -8.741606519572587067e-03
1.166666666666666741e+00 3.732506515866420432e-02 -8.742364323302749887e-03
1.167361111111111072e+00 3.727353031726491489e-02 -8.743306108551845632e-03
1.168055555555555625e+00 3.722271316236461236e-02 -8.744029759504974922e-03
1.168749999999999956e+00 3.717179472208403251e-02 -8.745000149702433778e-03
1.169444444444444509e+00 3.712136214376714205e-02 -8.745725920101124831e-03
1.170138888888888840e+00 3.707045614813578305e-02 -8.746700451626397352e-03
1.170833333333333171e+00 3.702039684463508812e-02 -8.747014809670480839e-03
1.171527777777777724e+00 3.697022454927584301e-02 -8.748125968658053767e-03
1.172222222222222276e+00 3.692046847653380343e-02 -8.748857283318542746e-03
1.172916666666666607e+00 3.687028034275333099e-02 -8.749659434372608971e-03
1.173611111111111160e+00 3.682089546978475209e-02 -8.750369884238157550e-03
1.174305555555555491e+00 3.677147313977828513e-02 -8.751132784724514543e-03
1.175000000000000044e+00 3.672239333804228761e-02 -8.751817528779105848e-03
1.175694444444444375e+00 3.667276217376233549e-02 -8.752744193569986231e-03
1.176388888888888928e+00 3.662407666379773052e-02 -8.753082038317022001e-03
1.177083333333333259e+00 3.657550895674194918e-02 -8.754075546554508300e-03
1.177777777777777812e+00 3.652710356866253200e-02 -8.754768855505455985e-03
1.178472222222222365e+00 3.647800115669294629e-02 -8.755449743825112832e-03
1.179166666666666696e+00 3.642999579548016065e-02 -8.756092952868244420e-03
1.179861111111111027e+00 3.638225650237492809e-02 -8.756826538715576161e-03
1.180555555555555580e+00 3.633445561243369565e-02 -8.757427630789481332e-03
1.181249999999999689e+00 3.628587432492227233e-02 -8.758217264415241871e-03
1.181944444444444464e+00 3.623855003803904545e-02 -8.758814417099775040e-03
1.182638888888888795e+00 3.619169657964167730e-02 -8.759142109243257812e-03
1.183333333333333348e+00 3.614454941808042943e-02 -8.760033025592301251e-03
1.184027777777777901e+00 3.609628455906897793e-02 -8.760730171816184103e-03
1.184722222222222232e+00 3.604958866753989188e-02 -8.761254858296364106e-03
1.185416666666666563e+00 3.600350553467848713e-02 -8.761945862401128091e-03
1.186111111111111116e+00 3.595690762019047165e-02 -8.762467549706099562e-03
1.186805555555555669e+00 3.590916800134909964e-02 -8.763167935821708845e-03
1.187500000000000000e+00 3.586295352473392595e-02 -8.763692438188412648e-03
1.188194444444444331e+00 3.581753828767190312e-02 -8.764458196287820343e-03
1.188888888888888884e+00 3.577156141741374279e-02 -8.764553504523325475e-03
1.189583333333333437e+00 3.572436296949733914e-02 -8.765410328210702928e-03
1.190277777777777768e+00 3.567870679644762066e-02 -8.765937263257812806e-03
1.190972222222222099e+00 3.563396524096695134e-02 -8.766487011422101003e-03
1.191666666666666430e+00 3.558852498761114203e-02 -8.767006970146238448e-03
1.192361111111111205e+00 3.554190728447220726e-02 -8.767582298832857224e-03
1.193055555555555536e+00 3.549674328599988077e-02 -8.768081037250354329e-03
1.193749999999999867e+00 3.545256460403062304e-02 -8.768759685379396568e-03
1.194444444444444420e+00 3.540774266644906854e-02 -8.768895398897965515e-03
1.195138888888888973e+00 3.536170275289872433e-02 -8.769650696269649937e-03
1.195833333333333304e+00 3.531705750243043646e-02 -8.770155494680725167e-03
1.196527777777777635e+00 3.527339152329413141e-02 -8.770656920946976604e-03
1.197222222222222188e+00 3.522906000114150310e-02 -8.771115959367857193e-03
1.197916666666666741e+00 3.518350587864447349e-02 -8.771590878049040710e-03
1.198611111111111072e+00 3.513931488445999618e-02 -8.772017567403693483e-03
1.199305555555555625e+00 3.509603827962316097e-02 -8.772652602863001414e-03
1.199999999999999956e+00 3.505211217896083559e-02 -8.773066579003199056e-03
1.200694444444444509e+00 3.500694511765770067e-02 -8.773210444929666063e-03
1.201388888888888840e+00 3.496310642608761038e-02 -8.773909321634824551e-03
1.202083333333333171e+00 3.492032241535483750e-02 -8.774426191132137995e-03
1.202777777777777724e+00 3.487690030174227240e-02 -8.774795066057874612e-03
1.203472222222222276e+00 3.483233089059823567e-02 -8.775305078729223399e-03
1.204166666666666607e+00 3.478901871371100490e-02 -8.775673078558487300e-03
1.204861111111111160e+00 3.474674751563544550e-02 -8.776226768223090863e-03
1.205555555555555491e+00 3.470378395059979526e-02 -8.776580189805410076e-03
1.206250000000000044e+00 3.465972280817776474e-02 -8.777187089617674923e-03
1.206944444444444375e+00 3.461682419278332146e-02 -8.777133095944829669e-03
1.207638888888888928e+00 3.457496263446973445e-02 -8.777817038548810236e-03
1.208333333333333259e+00 3.453245114383522024e-02 -8.778236332983307619e-03
1.209027777777777812e+00 3.448875098810823964e-02 -8.778629564996679249e-03
1.209722222222222365e+00 3.444617809354001692e-02 -8.778988502707318203e-03
1.210416666666666696e+00 3.440463624449548174e-02 -8.779432643726403987e-03
1.211111111111111027e+00 3.436246228701030775e-02 -8.779773112278328392e-03
1.211805555555555580e+00 3.431911954462924658e-02 -8.780290084808276344e-03
1.212499999999999689e+00 3.427681220185021388e-02 -8.780280644209529153e-03
1.213194444444444464e+00 3.423554999711485997e-02 -8.780873152537596940e-03
1.213888888888888795e+00 3.419367331447119296e-02 -8.781261265640182001e-03
1.214583333333333348e+00 3.415057088046834916e-02 -8.781608826114329497e-03
1.215277777777777901e+00 3.410855321983111837e-02 -8.781947165211795650e-03
1.215972222222222232e+00 3.406766650976342931e-02 -8.782326406681676204e-03
1.216666666666666563e+00 3.402618382759433485e-02 -8.782634970174825126e-03
1.217361111111111116e+00 3.398360175960400686e-02 -8.783085104935294332e-03
1.218055555555555669e+00 3.394194388191180273e-02 -8.783382601387033223e-03
1.218750000000000000e+00 3.390138661146323285e-02 -8.783399397241641385e-03
1.219444444444444331e+00 3.386031001176006971e-02 -8.783953281872985616e-03
1.220138888888888884e+00 3.381806985442953328e-02 -8.784348361255051030e-03
1.220833333333333437e+00 3.377674128825676469e-02 -8.784599895707023015e-03
1.221527777777777768e+00 3.373648729921855521e-02 -8.784972106821862387e-03
1.222222222222222099e+00 3.369579900533745120e-02 -8.785224042164972366e-03
1.222916666666666430e+00 3.365390605457395379e-02 -8.785625066694556159e-03
1.223611111111111205e+00 3.361288839283743668e-02 -8.785848229475730700e-03
1.224305555555555536e+00 3.357296306824705812e-02 -8.786332478846340180e-03
1.224999999999999867e+00 3.353255900793031263e-02 -8.786171745783609086e-03
1.225694444444444420e+00 3.349092796662112709e-02 -8.786719912903084850e-03
1.226388888888888973e+00 3.345019724237779241e-02 -8.787030305694444945e-03
1.227083333333333304e+00 3.341053855036450748e-02 -8.787285516996649198e-03
1.227777777777777635e+00 3.337032021694505413e-02 -8.787547738018375298e-03
1.228472222222222188e+00 3.332896086798950441e-02 -8.787885412744052965e-03
1.229166666666666741e+00 3.328841975228039041e-02 -8.788099900866675265e-03
1.229861111111111072e+00 3.324898143713067578e-02 -8.788533897909312290e-03
1.230555555555555625e+00 3.320901736492323092e-02 -8.788423811001462235e-03
1.231249999999999956e+00 3.316790026073211661e-02 -8.788895188612989504e-03
1.231944444444444509e+00 3.312759385634782283e-02 -8.789204071866252646e-03
1.232638888888888840e+00 3.308836942206279386e-02 -8.789461137271801713e-03
1.233333333333333171e+00 3.304866557362960006e-02 -8.789713663506311739e-03
1.234027777777777724e+00 3.300775440662407495e-02 -8.789987380994681090e-03
1.234722222222222276e+00 3.296775740101982877e-02 -8.790186969483915203e-03
1.235416666666666607e+00 3.292866520280783582e-02 -8.790540558749256397e-03
1.236111111111111160e+00 3.288919185544053603e-02 -8.790763960810341060e-03
1.236805555555555491e+00 3.284896956899895082e-02 -8.790281058754418481e-03
1.237500000000000044e+00 3.281097949951776449e-02 -8.788961094313454264e-03
1.238194444444444375e+00 3.377001564794870903e-02 -8.785477871069247852e-03
1.238888888888888928e+00 3.645050256430067831e-02 -8.780033272597388694e-03
1.239583333333333259e+00 3.878127789077935594e-02 -8.773047544474962475e-03
1.240277777777777812e+00 4.122103305259623013e-02 -8.763861648674141705e-03
1.240972222222222365e+00 4.204398871484758826e-02 -8.752451732665591025e-03
1.241666666666666696e+00 4.131959991547975303e-02 -8.736985234628827715e-03
1.242361111111111027e+00 4.058001871966080559e-02 -8.720289760706802229e-03
1.243055555555555580e+00 4.053216505349745147e-02 -8.700838527409604506e-03
1.243749999999999689e+00 4.030047414367460973e-02 -8.677007594317739589e-03
1.244444444444444464e+00 3.969734106112565025e-02 -8.649485672682682286e-03
1.245138888888888795e+00 3.994122376028357013e-02 -8.617419430171423950e-03
1.245833333333333348e+00 4.005523999275889535e-02 -8.581466602040092526e-03
1.246527777777777901e+00 3.903514319219527490e-02 -8.541507440666281509e-03
1.247222222222222232e+00 3.808800671065883103e-02 -8.496459063546750803e-03
1.247916666666666563e+00 3.779318464705410524e-02 -8.446284327269924785e-03
1.248611111111111116e+00 3.790172545287096711e-02 -8.390855811349594295e-03
1.249305555555555669e+00 3.801108388788290021e-02 -8.328710045520095959e-03
1.250000000000000000e+00 3.805016122036835452e-02 -8.261477968944094807e-03
1.250694444444444331e+00 3.808938858432852487e-02 -8.187652837325195415e-03
1.251388888888888884e+00 3.814083663085848092e-02 -8.108811923475317540e-03
1.252083333333333437e+00 3.824142199782813722e-02 -8.026041396911513456e-03
1.252777777777777768e+00 3.841192008485007359e-02 -7.934443299081783002e-03
1.253472222222222099e+00 3.867407469282369697e-02 -7.834199697463182718e-03
1.254166666666666430e+00 3.905835171511719967e-02 -7.725874580916771046e-03
1.254861111111111205e+00 3.957882305881271073e-02 -7.607940531378871996e-03
1.255555555555555536e+00 4.025444308439183466e-02 -7.479229625039228273e-03
1.256249999999999867e+00 4.109927954920951365e-02 -7.341835338303822137e-03
1.256944444444444420e+00 4.213158999738767646e-02 -7.206246629770406316e-03
1.257638888888888973e+00 4.326620469978620376e-02 -7.068895451864578260e-03
1.258333333333333304e+00 4.457543990959657310e-02 -6.915375339559566743e-03
1.259027777777777635e+00 4.607676867608565680e-02 -6.749469429197262060e-03
1.259722222222222188e+00 4.774485711407366884e-02 -6.575096613571490382e-03
1.260416666666666741e+00 4.952951410065818683e-02 -6.387546810737265539e-03
1.261111111111111072e+00 5.139427566983065937e-02 -6.192783835904136155e-03
1.261805555555555625e+00 5.328222104763563616e-02 -5.992492599456732821e-03
1.262499999999999956e+00 5.515432399354115028e-02 -5.777996602220687901e-03
1.263194444444444509e+00 5.694868832193640540e-02 -5.555556448020726977e-03
1.263888888888888840e+00 5.862431413332845620e-02 -5.320999465153115546e-03
1.264583333333333171e+00 6.000706759446615413e-02 -5.075726372081093389e-03
1.265277777777777724e+00 6.130868793282141793e-02 -4.824596679864558320e-03
1.265972222222222276e+00 6.251564929232858447e-02 -4.555730871617007759e-03
1.266666666666666607e+00 6.367216319830337756e-02 -4.276764135236525710e-03
1.267361111111111160e+00 6.477535390378268143e-02 -3.989955878344734509e-03
1.268055555555555491e+00 6.587006038188621126e-02 -3.684848501993307716e-03
1.268750000000000044e+00 6.695501499131234491e-02 -3.366885895279260466e-03
1.269444444444444375e+00 6.807465231160951535e-02 -3.035848002622333185e-03
1.270138888888888928e+00 6.922708111528741437e-02 -2.698042235578265984e-03
1.270833333333333259e+00 7.042604764516464944e-02 -2.353716822360202993e-03
1.271527777777777812e+00 7.191614411566077392e-02 -1.988124165184972439e-03
1.272222222222222365e+00 7.343957988375694745e-02 -1.607515097831806140e-03
1.272916666666666696e+00 7.494428548848730554e-02 -1.215352706757301827e-03
1.273611111111111027e+00 7.644928766063636971e-02 -8.153587973096106632e-04
1.274305555555555580e+00 7.792398954182605531e-02 -4.079712943360878658e-04
1.274999999999999689e+00 7.899566684851458409e-02 1.949920705381229832e-05
1.275694444444444464e+00 8.007057206021465923e-02 4.675967499992043160e-04
1.276388888888888795e+00 8.115031677482249794e-02 9.269196916725330575e-04
1.277083333333333348e+00 8.221709105604399492e-02 1.394841758423458113e-03
1.277777777777777901e+00 8.328595055418694382e-02 1.873846023178211712e-03
1.278472222222222232e+00 8.431145621936095291e-02 2.363739302291394291e-03
1.279166666666666563e+00 8.533848438420674198e-02 2.867058568724856291e-03
1.279861111111111116e+00 8.635508112806578040e-02 3.383749890623574588e-03
1.280555555555555669e+00 8.736704440479182987e-02 3.910635047309542547e-03
1.281250000000000000e+00 8.836989713964329973e-02 4.444697962205251297e-03
1.281944444444444331e+00 8.929533757919394521e-02 4.991777286598405791e-03
1.282638888888888884e+00 9.023054408346310729e-02 5.557122522112498478e-03
1.283333333333333437e+00 9.117215933470657063e-02 6.143399856012640020e-03
1.284027777777777768e+00 9.212891896574434969e-02 6.737185122608620874e-03
1.284722222222222099e+00 9.309732810307722040e-02 7.342340415476098989e-03
1.285416666666666430e+00 8.188236993142351816e-02 7.949954928794621470e-03
1.286111111111111205e+00 6.491584910856204593e-02 8.520576791043321316e-03
1.286805555555555536e+00 4.274439506648895770e-02 9.023086798089276564e-03
1.287499999999999867e+00 4.383778463241704698e-02 9.466968921700756601e-03
1.288194444444444420e+00 3.733320254427115181e-02 9.842434587584382791e-03
1.288888888888888973e+00 3.795005443207783574e-02 1.015370631181812706e-02
1.289583333333333304e+00 3.846253109472527743e-02 1.043123107733836749e-02
1.290277777777777635e+00 3.881504114456933718e-02 1.068239493600750545e-02
1.290972222222222188e+00 3.914267074167643995e-02 1.090721894387580194e-02
1.291666666666666741e+00 3.943647221981266826e-02 1.111952125760805321e-02
1.292361111111111072e+00 3.970011842360918197e-02 1.132232301324821722e-02
1.293055555555555625e+00 3.993835235759462393e-02 1.151216367292938296e-02
1.293749999999999956e+00 4.015094944271568878e-02 1.168741610740912755e-02
1.294444444444444509e+00 4.034023810772416341e-02 1.184503933046596874e-02
1.295138888888888840e+00 4.050723493575137529e-02 1.198625170830739523e-02
1.295833333333333171e+00 4.065329697447045421e-02 1.211321864851326070e-02
1.296527777777777724e+00 4.078035702471887597e-02 1.222504772076015919e-02
1.297222222222222276e+00 4.088920817041523381e-02 1.232036621597120025e-02
1.297916666666666607e+00 4.098199363971733594e-02 1.239839142427981433e-02
1.298611111111111160e+00 4.105904069045517718e-02 1.245752236073085530e-02
1.299305555555555491e+00 4.112282268850649819e-02 1.249684141317901863e-02
1.300000000000000044e+00 4.117313502570364020e-02 1.251960612652444106e-02
1.300694444444444375e+00 4.121276268067455145e-02 1.252963846320137749e-02
1.301388888888888928e+00 4.124089960564446267e-02 1.252692375583609567e-02
1.302083333333333259e+00 4.126061715257744317e-02 1.251339587069541515e-02
1.302777777777777812e+00 4.127040547770485790e-02 1.248360090659868769e-02
1.303472222222222365e+00 4.127381830732785445e-02 1.243105220770169585e-02
1.304166666666666696e+00 4.126848629665089835e-02 1.236249917125657218e-02
1.304861111111111027e+00 4.125869094081790339e-02 1.228341956753407210e-02
1.305555555555555580e+00 4.124089505122777166e-02 1.218582892110761130e-02
1.306249999999999689e+00 4.122021817166799523e-02 1.206941732297703122e-02
1.306944444444444464e+00 4.119176683729208754e-02 1.193817217432287595e-02
1.307638888888888795e+00 4.116155516352720117e-02 1.179084288326473322e-02
1.308333333333333348e+00 4.112367808408254333e-02 1.163169722521224803e-02
1.309027777777777901e+00 4.108528380300860428e-02 1.146136677794670766e-02
1.309722222222222232e+00 4.104016393054561729e-02 1.127732577410804279e-02
1.310416666666666563e+00 4.099552433573156601e-02 1.107687104506511339e-02
1.311111111111111116e+00 4.094482244758875650e-02 1.085733367323198605e-02
1.311805555555555669e+00 4.089552987898434355e-02 1.063095662589635948e-02
1.312500000000000000e+00 4.084336411074377532e-02 1.040511955251181321e-02
1.313194444444444331e+00 4.079414544172140639e-02 1.016548791102837683e-02
1.313888888888888884e+00 4.074099054350293486e-02 9.904258771554859050e-03
1.314583333333333437e+00 4.069009004570790788e-02 9.630194964005663397e-03
1.315277777777777768e+00 4.063455720924610132e-02 9.353328644041741108e-03
1.315972222222222099e+00 4.058103606618783388e-02 9.074816878072778856e-03
1.316666666666666430e+00 4.052348193645263080e-02 8.788051378028084379e-03
1.317361111111111205e+00 4.046838730492158254e-02 8.487447532433510869e-03
1.318055555555555536e+00 4.040987387596047670e-02 8.178550840097229338e-03
1.318749999999999867e+00 4.035413749445952714e-02 7.872985213790444428e-03
1.319444444444444420e+00 4.029487239518728114e-02 7.565639505082117494e-03
1.320138888888888973e+00 4.023838736473565186e-02 7.255804967965153590e-03
1.320833333333333304e+00 4.017836985901170055e-02 6.948407980087830532e-03
1.321527777777777635e+00 4.012118115988620726e-02 6.644257963704692203e-03
1.322222222222222188e+00 4.006071408388641591e-02 6.345469909816603415e-03
1.322916666666666741e+00 4.000307566635213224e-02 6.050766667843056855e-03
1.323611111111111072e+00 3.994238612641595743e-02 5.766653994474586070e-03
1.324305555555555625e+00 3.988451509278717610e-02 5.487962934916299634e-03
1.324999999999999956e+00 3.982385714135747851e-02 5.221384947605235520e-03
1.325694444444444509e+00 3.976600551086100638e-02 4.965527214140949726e-03
1.326388888888888840e+00 3.970554603336562405e-02 4.720147882484014741e-03
1.327083333333333171e+00 3.964767575861419951e-02 4.483146385389757786e-03
1.327777777777777724e+00 3.958772367354235211e-02 4.255070216912642915e-03
1.328472222222222276e+00 3.953023153835869691e-02 4.036100528404440793e-03
1.329166666666666607e+00 3.947106438668521178e-02 3.826032220389947221e-03
1.329861111111111160e+00 3.941356139353585641e-02 3.625281361777914647e-03
1.330555555555555491e+00 3.935513765083328841e-02 3.432601932948268521e-03
1.331250000000000044e+00 3.929799343008634482e-02 3.249499467059587931e-03
1.331944444444444375e+00 3.998269562762157836e-02 3.075414797481977863e-03
1.332638888888888928e+00 4.261956581556871487e-02 2.912338111767284656e-03
1.333333333333333259e+00 4.486913785162661983e-02 2.758730146564373955e-03
1.334027777777777812e+00 4.875382638801722957e-02 2.602637666088953618e-03
1.334722222222222143e+00 5.009444614235371296e-02 2.454636563312619264e-03
1.335416666666666474e+00 4.870689936236280437e-02 2.314343857532310741e-03
1.336111111111111027e+00 4.806130009273863052e-02 2.190306991131880064e-03
1.336805555555555580e+00 4.806791793580617034e-02 2.073765708546641915e-03
1.337500000000000133e+00 4.786891980607872743e-02 1.965250305660092706e-03
1.338194444444444464e+00 4.857752103618102890e-02 1.857452224062339967e-03
1.338888888888888795e+00 4.842004942944252294e-02 1.751460424953697271e-03
1.339583333333333348e+00 4.272361388143964406e-02 1.641473429798281014e-03
1.340277777777777679e+00 3.791002823957217299e-02 1.532480842811551145e-03
1.340972222222222010e+00 4.320030611300371831e-02 1.424234154232952715e-03
1.341666666666666785e+00 4.866612512067674395e-02 1.320823436267360177e-03
1.342361111111111116e+00 4.806062304859187034e-02 1.223457008697167179e-03
1.343055555555555669e+00 4.670142749857127129e-02 1.131977503216911440e-03
1.343750000000000000e+00 4.694456147077506747e-02 1.046312818957651457e-03
1.344444444444444331e+00 4.683397867451345037e-02 9.651851349087066248e-04
1.345138888888888884e+00 4.686402817101190804e-02 8.856365095916541143e-04
1.345833333333333215e+00 4.776491220231544876e-02 8.067439584175455872e-04
1.346527777777777546e+00 4.714925481254436668e-02 7.274524371775496550e-04
1.347222222222222321e+00 4.257398579583700216e-02 6.464998850085618013e-04
1.347916666666666652e+00 4.844831500170444089e-02 5.688650638042718659e-04
1.348611111111111205e+00 4.175479116094926724e-02 5.032653383909244669e-04
1.349305555555555536e+00 4.475766408555774400e-02 4.561275513201268859e-04
1.349999999999999867e+00 4.742812901647833895e-02 4.287801772176518195e-04
1.350694444444444420e+00 5.407299534584377593e-02 4.241498799316927980e-04
1.351388888888888751e+00 5.750256500971918233e-02 4.413328213391435706e-04
1.352083333333333526e+00 5.364706403815509145e-02 4.689041669162644153e-04
1.352777777777777857e+00 5.417190439421364773e-02 5.059927392577914058e-04
1.353472222222222188e+00 5.267115119712949961e-02 5.537770915584152350e-04
1.354166666666666741e+00 5.225748942447269729e-02 6.099161450426674987e-04
1.354861111111111072e+00 4.478910612779207073e-02 6.719559457485558716e-04
1.355555555555555403e+00 4.463585295265747738e-02 7.258336682508686501e-04
1.356249999999999956e+00 4.496196855717720514e-02 7.614424386621221211e-04
1.356944444444444287e+00 4.785184507530922809e-02 7.801351009038163869e-04
1.357638888888889062e+00 4.266500486870907632e-02 7.826356147404608509e-04
1.358333333333333393e+00 3.867358528503773291e-02 7.690643242695850007e-04
1.359027777777777724e+00 3.761111558678054828e-02 7.470707534975997788e-04
1.359722222222222276e+00 3.791726224388871497e-02 7.235187156940566791e-04
1.360416666666666607e+00 3.796529044558412391e-02 6.957591500402947543e-04
1.361111111111110938e+00 3.800755363003251175e-02 6.647548316095333370e-04
1.361805555555555491e+00 4.368998498174241074e-02 6.396616696832694779e-04
1.362500000000000044e+00 5.190768016699373599e-02 6.297443301094820742e-04
1.363194444444444597e+00 4.468327482056066308e-02 6.351442626356150001e-04
1.363888888888888928e+00 4.620446410734928289e-02 6.565791676982847460e-04
1.364583333333333259e+00 5.075339665072590989e-02 7.023502987300953709e-04
1.365277777777777812e+00 4.944530411992482249e-02 7.690531947335034219e-04
1.365972222222222143e+00 4.851136800215857109e-02 8.447183857119573269e-04
1.366666666666666474e+00 4.758796747306008601e-02 9.271224884104805209e-04
1.367361111111111027e+00 4.703365892014460536e-02 1.015826949847866431e-03
1.368055555555555580e+00 4.654440282090395453e-02 1.109448384525858495e-03
1.368750000000000133e+00 4.748792502665726001e-02 1.203868283946936792e-03
1.369444444444444464e+00 4.877441449923816674e-02 1.303401208110600840e-03
1.370138888888888795e+00 5.041683141778328242e-02 1.410605907288516991e-03
1.370833333333333348e+00 5.249299678429051458e-02 1.524895950078324026e-03
1.371527777777777679e+00 5.498420642818060977e-02 1.651694093576711909e-03
1.372222222222222010e+00 5.449904684512230091e-02 1.785698677466541259e-03
1.372916666666666785e+00 5.396474845173310220e-02 1.921067352324279170e-03
1.373611111111111116e+00 5.354573412258593207e-02 2.062862751180435938e-03
1.374305555555555669e+00 5.314080981155661076e-02 2.210883356712700903e-03
1.375000000000000000e+00 5.279896295151481622e-02 2.366620815054920959e-03
1.375694444444444331e+00 5.212201250541997205e-02 2.527133911616955952e-03
1.376388888888888884e+00 5.154316945363273533e-02 2.688844219073265301e-03
1.377083333333333215e+00 5.103378931358629883e-02 2.856559939316253519e-03
1.377777777777777546e+00 5.060079799327663747e-02 3.020612017011731210e-03
1.378472222222222321e+00 5.021339860759026913e-02 3.177911575786576247e-03
1.379166666666666652e+00 4.745478150593459427e-02 3.337657259965745929e-03
1.379861111111111205e+00 4.747519551289557799e-02 3.495173005039482576e-03
1.380555555555555536e+00 4.753926576046089286e-02 3.641206226289800396e-03
1.381249999999999867e+00 5.016920895044896245e-02 3.772782182428365081e-03
1.381944444444444420e+00 5.047815824076506280e-02 3.881365859823353477e-03
1.382638888888888751e+00 5.188591498154732778e-02 3.969277876357373176e-03
1.383333333333333526e+00 4.876430204704668148e-02 4.046767640617114636e-03
1.384027777777777857e+00 4.289317878389439787e-02 4.107090814819490399e-03
1.384722222222222188e+00 3.903840361071431175e-02 4.147569728853944468e-03
1.385416666666666741e+00 4.084886165533129637e-02 4.175015485094885938e-03
1.386111111111111072e+00 4.010408993644393877e-02 4.190135518516780941e-03
1.386805555555555403e+00 4.056720227878837098e-02 4.194717148860247630e-03
1.387499999999999956e+00 4.041655579098609591e-02 4.191920787371593293e-03
1.388194444444444287e+00 4.054288225247332927e-02 4.180888993843772695e-03
1.388888888888889062e+00 4.051708801816902850e-02 4.162022290781293606e-03
1.389583333333333393e+00 4.055097985750143186e-02 4.138887028103989570e-03
1.390277777777777724e+00 4.054243037717608633e-02 4.112281429049723450e-03
1.390972222222222276e+00 4.054513775379160745e-02 4.081272903173211071e-03
1.391666666666666607e+00 4.053056607298918812e-02 4.046951977467302432e-03
1.392361111111110938e+00 4.051765781096043628e-02 4.012733012577801746e-03
1.393055555555555491e+00 5.192660265777788997e-02 3.999749972605928447e-03
1.393750000000000044e+00 8.905803934367055585e-02 4.050158213010099893e-03
1.394444444444444597e+00 1.145251254814588227e-01 4.191246500453433069e-03
1.395138888888888928e+00 1.286839608507268640e-01 4.421416218403198366e-03
1.395833333333333259e+00 1.416216329121423589e-01 4.747461168576400797e-03
1.396527777777777812e+00 1.371019822616600103e-01 5.166450542372977642e-03
1.397222222222222143e+00 1.378524418270749285e-01 5.647809952463543094e-03
1.397916666666666474e+00 1.370094606563539985e-01 6.168487003327222454e-03
1.398611111111111027e+00 1.376496015958884878e-01 6.738695534157641137e-03
1.399305555555555580e+00 1.380960034265104053e-01 7.349410365338829298e-03
1.400000000000000133e+00 1.254172432619079514e-01 7.961917032640149910e-03
1.400694444444444464e+00 1.136588178271903948e-01 8.541820134255265207e-03
1.401388888888888795e+00 9.280137789658036984e-02 9.061672560954723427e-03
1.402083333333333348e+00 5.824510615433242666e-02 9.504195576041436777e-03
1.402777777777777679e+00 5.378198806282141059e-02 9.854855193127580806e-03
1.403472222222222010e+00 5.527028546472873699e-02 1.011684049382365405e-02
1.404166666666666785e+00 5.252689008482720745e-02 1.031274874730477367e-02
1.404861111111111116e+00 4.751872123469427778e-02 1.046340285395097082e-02
1.405555555555555669e+00 4.476633389730254320e-02 1.058441753460092477e-02
1.406250000000000000e+00 4.362736569371385154e-02 1.068853980475683273e-02
1.406944444444444331e+00 4.555241504629037319e-02 1.078007343642728433e-02
1.407638888888888884e+00 4.513331026994282097e-02 1.086142716300404938e-02
1.408333333333333215e+00 4.589597451220434055e-02 1.093777467968056957e-02
1.409027777777777546e+00 4.603078555218516332e-02 1.101091574481437643e-02
1.409722222222222321e+00 4.641825931271409411e-02 1.107954081744888346e-02
1.410416666666666652e+00 4.719072575949333215e-02 1.114186473862237986e-02
1.411111111111111205e+00 4.945208046190339296e-02 1.119713410898347077e-02
1.411805555555555536e+00 5.135575504410037212e-02 1.124531550511796360e-02
1.412499999999999867e+00 5.363837950507882590e-02 1.128697458608196764e-02
1.413194444444444420e+00 5.569526221878672717e-02 1.132371622420321258e-02
1.413888888888888751e+00 5.377685319280099685e-02 1.135673983483299031e-02
1.414583333333333526e+00 5.182920982786122510e-02 1.138538345608162451e-02
1.415277777777777857e+00 5.006154702670063267e-02 1.140891592712856353e-02
1.415972222222222188e+00 4.851107369705161959e-02 1.142807255406322504e-02
1.416666666666666741e+00 4.727739267553633662e-02 1.144429367952302240e-02
1.417361111111111072e+00 4.782435195322468080e-02 1.145924367634151668e-02
1.418055555555555403e+00 4.831148861254454252e-02 1.147472712270903618e-02
1.418749999999999956e+00 4.882970885305194103e-02 1.149182957505657382e-02
1.419444444444444287e+00 4.934163000384466508e-02 1.151096692759985725e-02
1.420138888888889062e+00 4.987529534075569454e-02 1.153249373010461869e-02
1.420833333333333393e+00 5.263630205988696631e-02 1.155711461710333746e-02
1.421527777777777724e+00 5.567595462922787786e-02 1.158576517882086050e-02
1.422222222222222276e+00 5.817923619282894254e-02 1.161864176505540171e-02
1.422916666666666607e+00 5.975896837623548979e-02 1.165478484259742029e-02
1.423611111111110938e+00 5.988384934639161966e-02 1.169258330243511806e-02
1.424305555555555491e+00 5.346204936090351301e-02 1.175042198123894474e-02
1.425000000000000044e+00 1.076062033495051307e-01 1.187256987967711189e-02
1.425694444444444597e+00 1.323610047894628605e-01 1.208733368240025308e-02
1.426388888888888928e+00 1.502888727653045597e-01 1.240064222657970804e-02
1.427083333333333259e+00 1.633717964052976146e-01 1.282418835590901952e-02
1.427777777777777812e+00 1.568392900199297169e-01 1.333996043504553225e-02
1.428472222222222143e+00 1.582590567924953562e-01 1.390643183761057153e-02
1.429166666666666474e+00 1.568600414124043940e-01 1.448156746524713150e-02
1.429861111111111027e+00 1.574816256527654945e-01 1.507094779491443062e-02
1.430555555555555580e+00 1.575503256866125079e-01 1.566678207758763486e-02
1.431250000000000133e+00 1.580592735456610720e-01 1.625162643091229708e-02
1.431944444444444464e+00 1.583869503488818387e-01 1.684407012901632458e-02
1.432638888888888795e+00 1.588901348628357080e-01 1.744684029795102315e-02
1.433333333333333348e+00 1.593278088248926416e-01 1.805824737179997225e-02
1.434027777777777679e+00 1.598207943561296696e-01 1.867035719160597962e-02
1.434722222222222010e+00 1.602840338554092636e-01 1.926879336305783313e-02
1.435416666666666785e+00 1.607551297292272030e-01 1.986362380711220385e-02
1.436111111111111116e+00 1.612452817779418679e-01 2.049609710820868291e-02
1.436805555555555669e+00 1.617580126194104184e-01 2.116892971893617401e-02
1.437500000000000000e+00 1.623376669779262593e-01 2.189302924719631338e-02
1.438194444444444331e+00 1.544346962898644204e-01 2.259793074473454358e-02
1.438888888888888884e+00 1.379328015468891944e-01 2.327339319285344835e-02
1.439583333333333215e+00 1.251917922213208190e-01 2.397066423810305727e-02
1.440277777777777546e+00 1.010695659632571408e-01 2.461125682841952891e-02
1.440972222222222321e+00 6.475687239923291760e-02 2.514838648709630600e-02
1.441666666666666652e+00 6.502604623081109647e-02 2.561510695047332364e-02
1.442361111111111205e+00 6.776141493692515450e-02 2.605358849563557330e-02
1.443055555555555536e+00 7.120705729207195411e-02 2.650780684908085952e-02
1.443749999999999867e+00 7.430548752370390309e-02 2.698146752406711812e-02
1.444444444444444420e+00 7.790031508082476130e-02 2.748332324609882235e-02
1.445138888888888751e+00 7.945809492569502752e-02 2.802006245991532987e-02
1.445833333333333526e+00 8.106669852752593219e-02 2.857204368191387095e-02
1.446527777777777857e+00 8.259770687813854095e-02 2.914553332442167827e-02
1.447222222222222188e+00 8.408939692637232288e-02 2.973225639438447851e-02
1.447916666666666741e+00 8.553120125346704017e-02 3.031835477819845581e-02
1.448611111111111072e+00 7.510865983237197119e-02 3.092443803914231640e-02
1.449305555555555403e+00 6.828161777607721916e-02 3.152388375224497025e-02
1.449999999999999956e+00 6.577529687555204452e-02 3.208507804566488458e-02
1.450694444444444287e+00 6.555478884572764342e-02 3.262610829233013321e-02
1.451388888888889062e+00 6.634407848728791912e-02 3.317006746551970364e-02
1.452083333333333393e+00 6.687869554094628965e-02 3.371807327566903045e-02
1.452777777777777724e+00 6.770683607561282791e-02 3.425182417824671616e-02
1.453472222222222276e+00 6.971724099092937998e-02 3.477453325053921768e-02
1.454166666666666607e+00 7.363520544548499136e-02 3.532159766581773747e-02
1.454861111111110938e+00 8.004093467683345842e-02 3.588210628367528854e-02
1.455555555555555491e+00 7.868728134247042483e-02 3.644190337416476633e-02
1.456250000000000044e+00 7.690796874718990039e-02 3.700622457423295708e-02
1.456944444444444597e+00 7.578555318572036126e-02 3.757035421049727958e-02
1.457638888888888928e+00 7.471502932905982330e-02 3.813069301649498616e-02
1.458333333333333259e+00 7.394174287681741509e-02 3.864564337731319493e-02
1.459027777777777812e+00 1.279058327476631507e-01 3.911440793538013133e-02
1.459722222222222143e+00 1.597096011797034254e-01 3.964973614330990354e-02
1.460416666666666474e+00 1.799800891586259832e-01 4.028560617576896347e-02
1.461111111111111027e+00 1.961291077554168649e-01 4.099464279257283156e-02
1.461805555555555580e+00 2.106501255546859297e-01 4.177631530035288976e-02
1.462500000000000133e+00 2.074592486532058355e-01 4.261165882602459265e-02
1.463194444444444464e+00 2.070453757043173304e-01 4.348628402826942851e-02
1.463888888888888795e+00 2.068065721544738444e-01 4.434356855302767214e-02
1.464583333333333348e+00 2.074622217714836014e-01 4.516038497795581141e-02
1.465277777777777679e+00 2.082077516453309518e-01 4.595943427121029073e-02
1.465972222222222010e+00 2.093112041229839015e-01 4.673730184256083553e-02
1.466666666666666785e+00 2.105738623871447612e-01 4.748530488954712248e-02
1.467361111111111116e+00 2.120277314488207832e-01 4.819563173576717208e-02
1.468055555555555669e+00 2.134775832455763356e-01 4.887528314098527060e-02
1.468750000000000000e+00 2.149811815470575593e-01 4.953961909454225598e-02
1.469444444444444331e+00 2.164521348487346841e-01 5.021049228818572768e-02
1.470138888888888884e+00 2.179266093469725829e-01 5.084313049904010118e-02
1.470833333333333215e+00 2.193005905115301968e-01 5.147421830121136355e-02
1.471527777777777546e+00 2.206415853666711391e-01 5.213387834209304295e-02
1.472222222222222321e+00 2.218503508137441849e-01 5.279011211695357891e-02
1.472916666666666652e+00 2.229615625946026469e-01 5.348100949207058169e-02
1.473611111111111205e+00 2.239623622259416524e-01 5.422598699300988645e-02
1.474305555555555536e+00 2.249379167988242445e-01 5.498463991599936151e-02
1.474999999999999867e+00 2.258718985994883910e-01 5.579877755631118541e-02
1.475694444444444420e+00 2.268725608008475558e-01 5.667920651883574107e-02
1.476388888888888751e+00 2.279257694469735140e-01 5.757792817299448029e-02
1.477083333333333526e+00 2.291169077059018455e-01 5.854164578979858397e-02
1.477777777777777857e+00 2.304167485615941369e-01 5.953717343227554054e-02
1.478472222222222188e+00 2.318995562097025398e-01 6.059253490004420234e-02
1.479166666666666741e+00 2.335011574696595482e-01 6.179003484208345220e-02
1.479861111111111072e+00 2.355515171430576649e-01 6.305870984014286251e-02
1.480555555555555403e+00 2.376393802469474459e-01 6.436104764767841546e-02
1.481249999999999956e+00 2.397721788439320378e-01 6.575676817430341214e-02
1.481944444444444287e+00 2.418443139126116581e-01 6.725010947640566727e-02
1.482638888888889062e+00 2.438528867743404993e-01 6.879563005390833264e-02
1.483333333333333393e+00 2.274757400751725167e-01 7.036598335489632761e-02
1.484027777777777724e+00 2.031692626100417287e-01 7.185197127210660173e-02
1.484722222222222276e+00 1.797815595751452167e-01 7.323311059861870032e-02
1.485416666666666607e+00 1.365113757786056981e-01 7.446569302276065394e-02
1.486111111111110938e+00 6.942004204376853171e-02 7.546569402894325040e-02
1.486805555555555491e+00 8.594893887769192165e-02 7.633274044857585316e-02
1.487500000000000044e+00 9.172987655435800580e-02 7.718475046688143271e-02
1.488194444444444597e+00 9.996393843411371938e-02 7.805072786363802251e-02
1.488888888888888928e+00 1.107281182544667258e-01 7.896383886979130295e-02
1.489583333333333259e+00 1.234568789075538436e-01 7.990361258181298554e-02
1.490277777777777812e+00 1.154733189908899588e-01 8.084580816954502203e-02
1.490972222222222143e+00 1.078008149222374618e-01 8.177498795919008190e-02
1.491666666666666474e+00 1.025337586745160984e-01 8.266708820323898088e-02
1.492361111111111027e+00 9.913216968820864894e-02 8.351029681562401052e-02
1.493055555555555580e+00 9.741418736838529380e-02 8.429826748337850006e-02
1.493750000000000133e+00 1.697213933583919532e-01 8.506740247059195459e-02
1.494444444444444464e+00 2.214856442776016732e-01 8.590588282189340341e-02
1.495138888888888795e+00 2.491875102727635904e-01 8.687995896256031636e-02
1.495833333333333348e+00 2.725109133941401862e-01 8.799205708928584113e-02
1.496527777777777679e+00 2.907786560942773324e-01 8.922961460525852262e-02
1.497222222222222010e+00 2.870595439534339155e-01 9.052353829454443113e-02
1.497916666666666785e+00 2.811689807640760375e-01 9.181625879489495323e-02
1.498611111111111116e+00 2.783027665695824160e-01 9.302306987956303341e-02
1.499305555555555669e+00 2.751947451565003311e-01 9.418161462797765282e-02
1.500000000000000000e+00 2.734875431795318335e-01 9.532374957296094187e-02
1.500694444444444331e+00 2.719222251420145842e-01 9.643483789803702910e-02
1.501388888888888884e+00 2.710506042926957293e-01 9.752457232647547547e-02
1.502083333333333215e+00 2.705313048402899767e-01 9.855730008113357254e-02
1.502777777777777546e+00 2.705076904404962734e-01 9.955678870608115905e-02
1.503472222222222321e+00 2.708798596850825469e-01 1.005457702310722790e-01
1.504166666666666652e+00 2.716185197768922199e-01 1.015163481383606070e-01
1.504861111111111205e+00 2.726310599713809291e-01 1.024526458381567334e-01
1.505555555555555536e+00 2.738220755225163061e-01 1.033716695316743428e-01
1.506249999999999867e+00 2.751115386523943496e-01 1.042300129140097953e-01
1.506944444444444420e+00 2.764201950942928865e-01 1.050763494233790535e-01
1.507638888888888751e+00 2.776860821549435032e-01 1.059020737643727311e-01
1.508333333333333526e+00 2.788339483836074773e-01 1.067198260328076215e-01
1.509027777777777857e+00 2.798515290872921613e-01 1.075453406878511403e-01
1.509722222222222188e+00 2.807014501719415356e-01 1.083633077624236996e-01
1.510416666666666741e+00 2.814076080066011953e-01 1.091917424219135679e-01
1.511111111111111072e+00 2.618404546624268359e-01 1.099605290294749516e-01
1.511805555555555403e+00 2.361546006025782019e-01 1.105932834468832532e-01
1.512499999999999956e+00 2.170764116963829760e-01 1.110348867500760978e-01
1.513194444444444287e+00 1.783089452117585239e-01 1.112993825448831547e-01
1.513888888888889062e+00 1.238510012379789998e-01 1.113483213362293223e-01
1.514583333333333393e+00 1.835064019777598587e-01 1.112101318612921524e-01
1.515277777777777724e+00 2.269002046539918827e-01 1.111045080781505046e-01
1.515972222222222276e+00 2.561839918997474430e-01 1.111345047405025571e-01
1.516666666666666607e+00 2.786699543709775795e-01 1.113460637960238114e-01
1.517361111111110938e+00 3.001298637269902980e-01 1.118064827244340809e-01
1.518055555555555491e+00 2.763634745687315597e-01 1.124140326253673938e-01
1.518750000000000044e+00 2.500240840301007350e-01 1.130181961690891468e-01
1.519444444444444597e+00 2.323841710336949917e-01 1.135063800883581858e-01
1.520138888888888928e+00 1.952381801818643681e-01 1.138577244398103760e-01
1.520833333333333259e+00 1.482438062712080340e-01 1.140948204127041760e-01
1.521527777777777812e+00 1.468487620291431539e-01 1.142339897206119670e-01
1.522222222222222143e+00 1.481748487430996630e-01 1.143628895496962283e-01
1.522916666666666474e+00 1.474741904199267650e-01 1.145356540270042744e-01
1.523611111111111249e+00 1.470218326919865981e-01 1.147101376192711519e-01
1.524305555555555580e+00 1.460719347365595777e-01 1.148973407718012207e-01
1.525000000000000133e+00 2.104904835709515143e-01 1.151452349517377849e-01
1.525694444444444464e+00 2.480631110719341004e-01 1.155695405828345707e-01
1.526388888888888795e+00 2.763260339130058085e-01 1.162249734284609981e-01
1.527083333333333348e+00 2.930390172416749706e-01 1.170630711203460156e-01
1.527777777777777679e+00 3.161380731753730133e-01 1.180594663961080093e-01
1.528472222222222010e+00 3.119207349990272271e-01 1.192030793834645552e-01
1.529166666666666785e+00 3.079014414208435801e-01 1.204154091347485467e-01
1.529861111111111116e+00 3.055848900074263907e-01 1.216429366616423730e-01
1.530555555555555669e+00 3.033088230702096211e-01 1.228883746736417065e-01
1.531250000000000000e+00 3.017001806612395476e-01 1.241281305090862069e-01
1.531944444444444331e+00 2.805325428303483415e-01 1.253523789298525426e-01
1.532638888888888884e+00 2.559664934328759744e-01 1.264110010891515146e-01
1.533333333333333215e+00 2.409942362586939557e-01 1.272701889477521053e-01
1.534027777777777990e+00 2.065172158200482000e-01 1.279369350058186805e-01
1.534722222222222321e+00 1.690784402787955110e-01 1.282744064812960660e-01
1.535416666666666652e+00 1.624998476098668265e-01 1.283850866756553744e-01
1.536111111111111205e+00 1.646106686784743478e-01 1.284212030991562503e-01
1.536805555555555536e+00 1.617121011418073129e-01 1.283691926338678679e-01
1.537499999999999867e+00 1.606236469710673465e-01 1.282332827113152329e-01
1.538194444444444420e+00 1.579833649085530534e-01 1.279746022756814428e-01
1.538888888888888751e+00 1.952710438650574198e-01 1.276324250285464090e-01
1.539583333333333526e+00 2.295000089018919276e-01 1.273296552572026896e-01
1.540277777777777857e+00 2.472146611493551416e-01 1.270574642498004114e-01
1.540972222222222188e+00 2.692370828117395809e-01 1.268347307091272080e-01
1.541666666666666741e+00 2.812595854771787196e-01 1.267076802151850812e-01
1.542361111111111072e+00 2.850023128153889584e-01 1.266902147585468874e-01
1.543055555555555403e+00 2.976500845952658736e-01 1.267500626437350619e-01
1.543749999999999956e+00 3.075863056083700808e-01 1.268094967643972615e-01
1.544444444444444509e+00 3.074958066764912901e-01 1.269522592803145333e-01
1.545138888888889062e+00 3.176457415145166885e-01 1.272054102049190449e-01
1.545833333333333393e+00 3.167872000067813443e-01 1.275104305791949222e-01
1.546527777777777724e+00 3.159936935790943480e-01 1.278823562373132550e-01
1.547222222222222276e+00 3.158202657283471493e-01 1.282749063543589252e-01
1.547916666666666607e+00 3.155864419940950238e-01 1.286608176162272743e-01
1.548611111111110938e+00 3.155357101920339136e-01 1.291113158718140141e-01
1.549305555555555491e+00 3.154247120785115266e-01 1.295971221584059085e-01
1.550000000000000044e+00 3.153705258576152692e-01 1.300571415469043701e-01
1.550694444444444597e+00 3.152607451573872788e-01 1.305975498051042405e-01
1.551388888888888928e+00 3.151631713951607572e-01 1.312664436711405980e-01
1.552083333333333259e+00 3.150123136146826819e-01 1.320165555674871760e-01
1.552777777777777812e+00 3.009953985204065763e-01 1.327118065477833897e-01
1.553472222222222143e+00 2.965819312373300098e-01 1.332904827621060051e-01
1.554166666666666474e+00 2.720654318620819856e-01 1.338529576554212952e-01
1.554861111111111249e+00 2.702867981412556686e-01 1.343600571320978931e-01
1.555555555555555580e+00 2.511481251745987797e-01 1.348273286491545320e-01
1.556250000000000133e+00 2.717889907975530317e-01 1.352990633028195444e-01
1.556944444444444464e+00 2.830884288469839305e-01 1.358163067551788061e-01
1.557638888888888795e+00 2.978442916450032563e-01 1.364768440068981625e-01
1.558333333333333348e+00 3.143449723931899809e-01 1.372354909800957701e-01
1.559027777777777679e+00 3.165663015818901971e-01 1.380557264150051311e-01
1.559722222222222010e+00 3.018629287050280108e-01 1.390238284754392595e-01
1.560416666666666785e+00 2.633726433434229186e-01 1.398887243115308765e-01
1.561111111111111116e+00 2.352680315772470165e-01 1.405079253798678096e-01
1.561805555555555669e+00 1.799142529422564918e-01 1.410024328008159800e-01
1.562500000000000000e+00 1.062525503794560927e-01 1.412715565227833370e-01
1.563194444444444331e+00 1.855487805533835299e-01 1.413040706164400973e-01
1.563888888888888884e+00 2.478445702114671634e-01 1.413257664243661171e-01
1.564583333333333215e+00 2.892542163261971888e-01 1.414437277252630354e-01
1.565277777777777990e+00 3.187093828419815256e-01 1.417185271256550250e-01
1.565972222222222321e+00 3.460308577255688522e-01 1.422601664840062452e-01
1.566666666666666652e+00 3.333608445408972054e-01 1.430168032207879969e-01
1.567361111111111205e+00 3.356402906715983403e-01 1.437641905985507229e-01
1.568055555555555536e+00 3.319572129933762716e-01 1.445832296836376263e-01
1.568749999999999867e+00 3.321667435271261626e-01 1.454848746589905151e-01
1.569444444444444420e+00 3.311518456658965603e-01 1.463335013961655773e-01
1.570138888888888751e+00 3.313552227094552771e-01 1.472306990367003576e-01
1.570833333333333526e+00 3.314581886675166400e-01 1.481835791622473919e-01
1.571527777777777857e+00 3.319755163819997912e-01 1.492095036128268659e-01
1.572222222222222188e+00 3.326054425153776584e-01 1.503123797050822663e-01
1.572916666666666741e+00 3.333717481434865793e-01 1.514377908638357695e-01
1.573611111111111072e+00 3.342362374555482574e-01 1.526397102972518460e-01
1.574305555555555403e+00 3.351219327422510497e-01 1.539211892369374834e-01
1.574999999999999956e+00 3.360389317000257448e-01 1.551332882892433040e-01
1.575694444444444509e+00 3.368965187359979629e-01 1.563488086078473616e-01
1.576388888888889062e+00 3.377266015457702220e-01 1.576129945871155014e-01
1.577083333333333393e+00 3.209782370518845518e-01 1.587822185138798026e-01
1.577777777777777724e+00 2.871622588149410626e-01 1.598233579960873785e-01
1.578472222222222276e+00 2.679513621649026733e-01 1.606234119557659878e-01
1.579166666666666607e+00 2.244786384098178544e-01 1.611997980612742964e-01
1.579861111111110938e+00 1.664356326033273603e-01 1.615645775208056911e-01
1.580555555555555491e+00 1.594000641112631456e-01 1.616267287081543935e-01
1.581250000000000044e+00 1.609165756972343875e-01 1.614904216930437286e-01
1.581944444444444597e+00 1.576691722227770431e-01 1.612458828077824868e-01
1.582638888888888928e+00 1.559739214887234382e-01 1.608812709675176422e-01
1.583333333333333259e+00 1.531095387724500656e-01 1.604730743864410669e-01
1.584027777777777812e+00 2.295717082341223458e-01 1.600533207860619644e-01
1.584722222222222143e+00 2.705166844673056459e-01 1.596455083990439283e-01
1.585416666666666474e+00 3.048299091847072595e-01 1.593112111303102429e-01
1.586111111111111249e+00 3.285292456055307619e-01 1.590740863256076554e-01
1.586805555555555580e+00 3.462037856126795599e-01 1.589323730498211074e-01
1.587500000000000133e+00 3.490155973454673877e-01 1.589293086539703692e-01
1.588194444444444464e+00 3.587884084954481301e-01 1.590319361341895332e-01
1.588888888888888795e+00 3.594137145413874301e-01 1.591575248989252622e-01
1.589583333333333348e+00 3.597207940430406925e-01 1.593560289803105934e-01
1.590277777777777679e+00 3.629241262552551084e-01 1.595623904996665288e-01
1.590972222222222010e+00 3.610506396913576443e-01 1.597924223035420144e-01
1.591666666666666785e+00 3.589357908283892229e-01 1.601334384430113666e-01
1.592361111111111116e+00 3.575160506789188952e-01 1.604720077404797329e-01
1.593055555555555669e+00 3.560860869125926920e-01 1.608464276376439517e-01
1.593750000000000000e+00 3.548723764332094022e-01 1.612919357870519488e-01
1.594444444444444331e+00 3.537548885298017476e-01 1.617182784253737848e-01
1.595138888888888884e+00 3.527352869581390493e-01 1.622116911417943452e-01
1.595833333333333215e+00 3.518126590132421017e-01 1.627368918368587436e-01
1.596527777777777990e+00 3.509190442433816615e-01 1.631790462469664971e-01
1.597222222222222321e+00 3.501523766443973007e-01 1.636944011585085845e-01
1.597916666666666652e+00 3.494509882017891034e-01 1.644422277191785464e-01
1.598611111111111205e+00 3.489037767678828117e-01 1.652680744767408283e-01
1.599305555555555536e+00 3.484273072437777397e-01 1.660749928079844062e-01
1.599999999999999867e+00 3.481177344236380811e-01 1.668240287484053785e-01
1.600694444444444420e+00 3.478863722281289594e-01 1.675741185069725969e-01
1.601388888888888751e+00 3.478179724147071883e-01 1.683538026948085131e-01
1.602083333333333526e+00 3.478324664788356446e-01 1.690234976013918200e-01
1.602777777777777857e+00 3.480197810737167274e-01 1.695205114533641366e-01
1.603472222222222188e+00 3.482864340756765542e-01 1.700946250315350239e-01
1.604166666666666741e+00 3.487186712532391319e-01 1.708901772156887211e-01
1.604861111111111072e+00 3.486032702450680976e-01 1.716589373251641015e-01
1.605555555555555403e+00 3.487372311075869757e-01 1.724284789610622814e-01
1.606249999999999956e+00 3.489678940891379200e-01 1.732497778211370965e-01
1.606944444444444509e+00 3.493733745821269721e-01 1.738251384134454902e-01
1.607638888888889062e+00 3.498265676491927323e-01 1.742628247713104706e-01
1.608333333333333393e+00 3.508511504567053407e-01 1.748523592595462861e-01
1.609027777777777724e+00 3.518074344814956511e-01 1.754903308259527506e-01
1.609722222222222276e+00 3.528087435709335029e-01 1.759896542478828207e-01
1.610416666666666607e+00 3.537237120609084129e-01 1.766424982411026467e-01
1.611111111111110938e+00 3.546340582370467454e-01 1.773135382576808694e-01
1.611805555555555491e+00 3.553849995201582290e-01 1.776209176743190343e-01
1.612500000000000044e+00 3.560925015626612566e-01 1.780309115959455568e-01
1.613194444444444597e+00 3.566529668945208620e-01 1.786979266795846455e-01
1.613888888888888928e+00 3.571682602184343414e-01 1.794868321242429898e-01
1.614583333333333259e+00 3.575289903939798952e-01 1.805105883426466329e-01
1.615277777777777812e+00 3.578461422412919091e-01 1.817342596540381938e-01
1.615972222222222143e+00 3.580394667046143398e-01 1.828990271190702455e-01
1.616666666666666474e+00 3.582295950105736648e-01 1.839021278010387339e-01
1.617361111111111249e+00 3.583428002733181628e-01 1.849988804864479974e-01
1.618055555555555580e+00 3.584973909833275574e-01 1.863176825038025120e-01
1.618750000000000133e+00 3.586226851211527511e-01 1.877211320639183001e-01
1.619444444444444464e+00 3.588351766453081737e-01 1.890412286112174711e-01
1.620138888888888795e+00 3.590686957611039509e-01 1.901962326100828660e-01
1.620833333333333348e+00 3.594440905458025637e-01 1.914687137787858817e-01
1.621527777777777679e+00 3.598852699080498097e-01 1.928134727505075585e-01
1.622222222222222010e+00 3.605117575276607922e-01 1.939681808765127413e-01
1.622916666666666785e+00 3.612326713314630844e-01 1.951903104235005182e-01
1.623611111111111116e+00 3.621478586695088264e-01 1.965139166421853434e-01
1.624305555555555669e+00 3.631516689807566811e-01 1.976531894554459656e-01
1.625000000000000000e+00 3.643334630653088380e-01 1.986556816196610731e-01
1.625694444444444331e+00 3.655448025476751850e-01 1.996521057741307836e-01
1.626388888888888884e+00 3.668714850049406007e-01 2.008632344133139680e-01
1.627083333333333215e+00 3.681515220119860876e-01 2.020340860791559334e-01
1.627777777777777990e+00 3.694520801238913577e-01 2.028326671111409241e-01
1.628472222222222321e+00 3.706115842135404570e-01 2.036367237885612635e-01
1.629166666666666652e+00 3.716846301239765116e-01 2.045372869451443920e-01
1.629861111111111205e+00 3.725449289693859023e-01 2.052793138875481371e-01
1.630555555555555536e+00 3.732894102172512052e-01 2.059522956463865628e-01
1.631249999999999867e+00 3.738016714033567389e-01 2.066229303298577624e-01
1.631944444444444420e+00 3.742024616625027611e-01 2.073206925395829625e-01
1.632638888888888751e+00 3.744263477599957812e-01 2.079747313910177697e-01
1.633333333333333526e+00 3.745780424494527527e-01 2.086226991736073177e-01
1.634027777777777857e+00 3.745761591243491062e-01 2.092573201992845577e-01
1.634722222222222188e+00 3.745446042859215119e-01 2.098250796231196924e-01
1.635416666666666741e+00 3.744007471015554089e-01 2.104343047064466121e-01
1.636111111111111072e+00 3.742294382362958971e-01 2.110971590226221328e-01
1.636805555555555403e+00 3.739781872275015906e-01 2.116127360383123213e-01
1.637499999999999956e+00 3.737504409183174392e-01 2.120764442733250599e-01
1.638194444444444509e+00 3.734641773396771280e-01 2.125956499068608618e-01
1.638888888888889062e+00 3.732148007211996688e-01 2.130139830541164514e-01
1.639583333333333393e+00 3.729474600628767123e-01 2.134177048721317138e-01
1.640277777777777724e+00 3.727215064417948032e-01 2.138787172366365952e-01
1.640972222222222276e+00 3.724506649876836994e-01 2.142708975898750812e-01
1.641666666666666607e+00 3.722261798944418443e-01 2.146727324490369515e-01
1.642361111111110938e+00 3.719624769300332034e-01 2.150727030032691944e-01
1.643055555555555491e+00 3.717111899332068981e-01 2.155509494310048901e-01
1.643750000000000044e+00 3.714201743498749542e-01 2.160440542039901712e-01
1.644444444444444597e+00 3.711832531940527091e-01 2.163994123245713275e-01
1.645138888888888928e+00 3.709099342568840663e-01 2.167688207889989227e-01
1.645833333333333259e+00 3.706875343726679928e-01 2.171284914330219029e-01
1.646527777777777812e+00 3.701110194219081606e-01 2.173973755774037397e-01
1.647222222222222143e+00 3.695653807568994309e-01 2.177285884809985750e-01
1.647916666666666474e+00 3.689665292501423943e-01 2.180927015139471070e-01
1.648611111111111249e+00 3.683893719617465923e-01 2.184016708426672060e-01
1.649305555555555580e+00 3.677565195427222600e-01 2.187016902141169505e-01
1.650000000000000133e+00 3.676086982536089787e-01 2.190319493900362846e-01
1.650694444444444464e+00 3.674096024770748814e-01 2.193001009695405568e-01
1.651388888888888795e+00 3.672533016018714735e-01 2.195678995126800481e-01
1.652083333333333348e+00 3.670595717637628042e-01 2.198767388183507643e-01
1.652777777777777679e+00 3.669145949191026657e-01 2.201514367011960238e-01
1.653472222222222010e+00 3.667259028055585568e-01 2.204541837128512483e-01
1.654166666666666785e+00 3.665829322128665302e-01 2.208037047874905623e-01
1.654861111111111116e+00 3.663878761495802383e-01 2.210668868588605285e-01
1.655555555555555669e+00 3.662408974645526838e-01 2.213548209701020064e-01
1.656250000000000000e+00 3.660613889946977562e-01 2.216690518194371073e-01
1.656944444444444331e+00 3.658633714650601498e-01 2.218579642141442487e-01
1.657638888888888884e+00 3.656305028405760216e-01 2.221071203064329813e-01
1.658333333333333215e+00 3.654514262820165449e-01 2.224644105769877922e-01
1.659027777777777990e+00 3.652324883881481465e-01 2.226604314067985591e-01
1.659722222222222321e+00 3.650620015468679647e-01 2.228386870388036345e-01
1.660416666666666652e+00 3.648469911935448007e-01 2.231465223444737134e-01
1.661111111111111205e+00 3.646800972407008845e-01 2.233995546536384491e-01
1.661805555555555536e+00 3.644695804497419256e-01 2.236425919246997907e-01
1.662499999999999867e+00 3.643039605031497263e-01 2.238715839787951689e-01
1.663194444444444420e+00 3.640959229588828228e-01 2.239518623489351323e-01
1.663888888888888751e+00 3.372300508866385993e-01 2.240212730699071286e-01
1.664583333333333526e+00 3.188470604765132332e-01 2.240328659716553650e-01
1.665277777777777857e+00 2.815128175418661338e-01 2.238810214125149523e-01
1.665972222222222188e+00 2.443702496623738063e-01 2.234962912741048913e-01
1.666666666666666741e+00 1.845124041916587077e-01 2.229349770905599548e-01
1.667361111111111072e+00 2.473900153646392264e-01 2.222613734096243743e-01
1.668055555555555403e+00 2.988043811032457531e-01 2.215744478605345125e-01
1.668749999999999956e+00 3.340910565936368037e-01 2.210911371509068357e-01
1.669444444444444509e+00 3.608004735051563161e-01 2.208010550584668663e-01
1.670138888888889062e+00 3.779988359666762721e-01 2.205007817974530826e-01
1.670833333333333393e+00 3.773188527053571439e-01 2.202675496300756930e-01
1.671527777777777724e+00 3.722919893036510941e-01 2.201555609716333572e-01
1.672222222222222276e+00 3.708312046996445899e-01 2.201073822239321687e-01
1.672916666666666607e+00 3.683173184683211643e-01 2.200717238507921558e-01
1.673611111111110938e+00 3.669006480327167696e-01 2.198298573820395008e-01
1.674305555555555491e+00 3.652360337600663032e-01 2.195312314846369073e-01
1.675000000000000044e+00 3.640121968274026565e-01 2.194071210679970907e-01
1.675694444444444597e+00 3.628073553199994139e-01 2.192845543827628974e-01
1.676388888888888928e+00 3.618355501296854349e-01 2.190595184144773500e-01
1.677083333333333259e+00 3.609240964805299767e-01 2.189138584019126033e-01
1.677777777777777812e+00 3.601847652373322273e-01 2.188281937939561828e-01
1.678472222222222143e+00 3.594937875099499247e-01 2.185739862500976072e-01
1.679166666666666474e+00 3.589369626959069137e-01 2.182519596371221282e-01
1.679861111111111249e+00 3.584102889954300930e-01 2.179643673123958236e-01
1.680555555555555580e+00 3.579958608131789122e-01 2.176579747575204948e-01
1.681250000000000133e+00 3.575908960765566968e-01 2.174171505166831442e-01
1.681944444444444464e+00 3.572713971417327827e-01 2.171772012491011705e-01
1.682638888888888795e+00 3.569632670705104593e-01 2.168652967443205626e-01
1.683333333333333348e+00 3.567272512553371078e-01 2.166679098614006094e-01
1.684027777777777679e+00 3.564707255778328809e-01 2.167267741275237525e-01
1.684722222222222010e+00 3.562390906798157397e-01 2.165842560666301209e-01
1.685416666666666785e+00 3.559926110566766222e-01 2.160466204699058868e-01
1.686111111111111116e+00 3.558099305310640226e-01 2.155604602730744612e-01
1.686805555555555669e+00 3.556011484445044113e-01 2.152696047008659519e-01
1.687500000000000000e+00 3.554491734114290646e-01 2.149192760798954716e-01
1.688194444444444331e+00 3.549535538651870104e-01 2.145818774326594403e-01
1.688888888888888884e+00 3.545363782879725756e-01 2.143550507217778234e-01
1.689583333333333215e+00 3.540906620787462322e-01 2.140698061088909254e-01
1.690277777777777990e+00 3.536938029331925248e-01 2.137172280160008764e-01
1.690972222222222321e+00 3.532513848728667805e-01 2.133982372887233414e-01
1.691666666666666652e+00 3.531001352704232210e-01 2.130876581013746440e-01
1.692361111111111205e+00 3.528811446114472061e-01 2.127998989356430504e-01
1.693055555555555536e+00 3.526830467767527733e-01 2.125312675067111690e-01
1.693749999999999867e+00 3.524262784923808400e-01 2.121537673301819027e-01
1.694444444444444420e+00 3.522038490725149518e-01 2.117886313735909964e-01
1.695138888888888751e+00 3.519281902616955837e-01 2.114640710934380941e-01
1.695833333333333526e+00 3.516816208394865084e-01 2.111511692657071226e-01
1.696527777777777857e+00 3.513750556060553643e-01 2.108308175442921151e-01
1.697222222222222188e+00 3.510977448806569812e-01 2.104688525386358422e-01
1.697916666666666741e+00 3.507605783034813407e-01 2.101962930771847926e-01
1.698611111111111072e+00 3.504111665565224909e-01 2.099867739700249925e-01
1.699305555555555403e+00 3.500016420139031581e-01 2.097430745803326724e-01
1.699999999999999956e+00 3.496224625539253172e-01 2.095465158180549459e-01
1.700694444444444509e+00 3.491815786943801014e-01 2.093424012866579309e-01
1.701388888888889062e+00 3.487690771313303184e-01 2.091990561243846358e-01
1.702083333333333393e+00 3.482476226436165279e-01 2.091081562728226151e-01
1.702777777777777724e+00 3.477539424903229870e-01 2.088593366983123589e-01
1.703472222222222276e+00 3.471979084177693742e-01 2.086674348246558008e-01
1.704166666666666607e+00 3.466671789186557828e-01 2.086636875460722296e-01
1.704861111111110938e+00 3.460787498182402722e-01 2.086359931763842601e-01
1.705555555555555491e+00 3.455160870532457684e-01 2.085602742021591405e-01
1.706250000000000044e+00 3.449023786514001100e-01 2.084525755299437844e-01
1.706944444444444597e+00 3.443152155885764731e-01 2.083445979050666808e-01
1.707638888888888928e+00 3.436849443549801486e-01 2.082227297276951217e-01
1.708333333333333259e+00 3.430810742866859941e-01 2.080396670629496292e-01
1.709027777777777812e+00 3.423830375498680412e-01 2.078350123599131127e-01
1.709722222222222143e+00 3.417185314660612927e-01 2.075715353979687983e-01
1.710416666666666474e+00 3.410262229840490544e-01 2.072906963502867961e-01
1.711111111111111249e+00 3.403732608220990663e-01 2.070236219437380787e-01
1.711805555555555580e+00 3.396996494632115726e-01 2.067063854071351792e-01
1.712500000000000133e+00 3.390118623890994720e-01 2.063376121644771855e-01
1.713194444444444464e+00 3.383171487101314656e-01 2.059814361676719496e-01
1.713888888888888795e+00 3.376818465117055745e-01 2.055737341842814314e-01
1.714583333333333348e+00 3.370429138135644376e-01 2.051755019145045378e-01
1.715277777777777679e+00 3.364736619088576908e-01 2.048066388624954215e-01
1.715972222222222010e+00 3.359049104501288241e-01 2.043638530609012960e-01
1.716666666666666785e+00 3.354102887243015085e-01 2.039350699810578704e-01
1.717361111111111116e+00 3.349118626654535857e-01 2.034753315965151244e-01
1.718055555555555669e+00 3.344824788867685195e-01 2.029379813632363749e-01
1.718750000000000000e+00 3.340350422242631123e-01 2.024544384528705332e-01
1.719444444444444331e+00 3.335106232929684333e-01 2.019490878384034294e-01
1.720138888888888884e+00 3.329647493522456814e-01 2.013723129843981163e-01
1.720833333333333215e+00 3.324485532769540508e-01 2.008101647494716369e-01
1.721527777777777990e+00 3.318751287520532167e-01 2.002930415601462122e-01
1.722222222222222321e+00 3.313159208516298637e-01 1.998142482116728180e-01
1.722916666666666652e+00 3.306818795652352594e-01 1.992166814378242001e-01
1.723611111111111205e+00 3.300370497092086075e-01 1.985147288339553784e-01
1.724305555555555536e+00 3.293016539481707916e-01 1.978972896011882421e-01
1.724999999999999867e+00 3.285382119149361513e-01 1.973389324829748215e-01
1.725694444444444420e+00 3.276778158517330009e-01 1.968142262790192332e-01
1.726388888888888751e+00 3.266341472693519155e-01 1.961820604704215265e-01
1.727083333333333526e+00 3.254883411367986423e-01 1.954385290752335136e-01
1.727777777777777857e+00 3.243262267743651783e-01 1.947905035231311532e-01
1.728472222222222188e+00 3.230789480220387366e-01 1.941557868923180774e-01
1.729166666666666741e+00 3.218178060077866998e-01 1.934498650107721318e-01
1.729861111111111072e+00 3.205040854221409830e-01 1.927749297354096336e-01
1.730555555555555403e+00 3.191940845657912362e-01 1.921126292836241589e-01
1.731249999999999956e+00 3.178360713234223978e-01 1.913105028962237553e-01
1.731944444444444509e+00 3.164923941271318153e-01 1.904224958426230518e-01
1.732638888888889062e+00 3.151147538752133714e-01 1.896752942419934196e-01
1.733333333333333393e+00 3.136068245659918152e-01 1.890528964995071282e-01
1.734027777777777724e+00 3.120969816493637805e-01 1.883437174693900762e-01
1.734722222222222276e+00 3.106386697459445623e-01 1.875550460360494998e-01
1.735416666666666607e+00 3.091853233967054027e-01 1.868148590245764518e-01
1.736111111111110938e+00 3.077719929195295023e-01 1.860352583752836741e-01
1.736805555555555491e+00 3.063421831259344197e-01 1.851934514470645610e-01
1.737500000000000044e+00 3.049411290783481943e-01 1.843938275172485319e-01
1.738194444444444597e+00 3.035084993286399357e-01 1.836329032752880841e-01
1.738888888888888928e+00 3.020861208799626718e-01 1.828805626983182608e-01
1.739583333333333259e+00 3.006173598375034284e-01 1.820535371075542586e-01
1.740277777777777812e+00 2.989875984494868022e-01 1.811497145480897575e-01
1.740972222222222143e+00 2.972995512395838480e-01 1.803147514524738315e-01
1.741666666666666474e+00 2.955891858059024879e-01 1.794901584553522944e-01
1.742361111111111249e+00 2.937998709809658271e-01 1.785952690587941372e-01
1.743055555555555580e+00 2.919709227967822174e-01 1.776953407483890246e-01
1.743750000000000133e+00 2.898654544137329037e-01 1.768098108401541246e-01
1.744444444444444464e+00 2.877139991797070251e-01 1.759596360547117933e-01
1.745138888888888795e+00 2.854773002769512846e-01 1.750877888420149520e-01
1.745833333333333348e+00 2.831980703372886654e-01 1.741643555492822237e-01
1.746527777777777679e+00 2.808376959191476452e-01 1.732489263908385535e-01
1.747222222222222010e+00 2.776722655853616217e-01 1.723743168654567615e-01
1.747916666666666785e+00 2.744161548671958384e-01 1.715215820821681114e-01
1.748611111111111116e+00 2.711225958408852166e-01 1.705719345121989305e-01
1.749305555555555669e+00 2.677387679228866446e-01 1.695289241348304499e-01
1.750000000000000000e+00 2.643118891573363882e-01 1.685571750598496843e-01
1.750694444444444331e+00 2.614673730440923993e-01 1.676224502533927851e-01
1.751388888888888884e+00 2.586126836508234605e-01 1.666104122254092601e-01
1.752083333333333215e+00 2.557257493981192620e-01 1.655758835540963314e-01
1.752777777777777990e+00 2.528657431214144657e-01 1.645853883186188249e-01
1.753472222222222321e+00 2.500141258310147330e-01 1.635308243703777198e-01
1.754166666666666652e+00 2.469653045640610445e-01 1.624056905893829783e-01
1.754861111111111205e+00 2.439705753086925666e-01 1.613252852809222704e-01
1.755555555555555536e+00 2.410703452037664118e-01 1.602752300835065258e-01
1.756249999999999867e+00 2.382107972537034768e-01 1.592265142587961646e-01
1.756944444444444420e+00 2.353406462039416003e-01 1.581595606815507649e-01
1.757638888888888751e+00 2.322443836099647163e-01 1.570611186946429538e-01
1.758333333333333526e+00 2.290099064204298429e-01 1.559598466680047202e-01
1.759027777777777857e+00 2.255456500661611463e-01 1.548343039206880323e-01
1.759722222222222188e+00 2.218276632625364175e-01 1.536919784377086817e-01
1.760416666666666741e+00 2.177750623553327547e-01 1.525462649908169155e-01
1.761111111111111072e+00 2.130315517770636491e-01 1.513855373308619079e-01
1.761805555555555403e+00 2.078204802853295952e-01 1.502223651714700847e-01
1.762499999999999956e+00 2.023579355247344391e-01 1.490432047076008237e-01
1.763194444444444509e+00 1.967562927730064359e-01 1.478486862366096832e-01
1.763888888888889062e+00 1.911952329296570940e-01 1.466227561093105258e-01
1.764583333333333393e+00 1.855860253744475441e-01 1.453736471528661589e-01
1.765277777777777724e+00 1.803058328196635307e-01 1.441411232308406898e-01
1.765972222222222276e+00 1.754611277430245808e-01 1.429009183993461829e-01
1.766666666666666607e+00 1.712018876409245327e-01 1.416498828580627367e-01
1.767361111111110938e+00 1.675668553475441191e-01 1.403884347649405617e-01
1.768055555555555491e+00 1.644082638259322382e-01 1.391090130478542797e-01
1.768750000000000044e+00 1.618081957408838423e-01 1.378318435018509314e-01
1.769444444444444597e+00 1.597361347636571671e-01 1.365391507963308604e-01
1.770138888888888928e+00 1.581029037146086391e-01 1.352348110328912556e-01
1.770833333333333259e+00 1.569014519709466260e-01 1.339334254542543512e-01
1.771527777777777812e+00 1.558139585562336726e-01 1.326193185695233867e-01
1.772222222222222143e+00 1.552342343243838796e-01 1.313003406926096517e-01
1.772916666666666474e+00 1.549180948626212861e-01 1.299731619699283636e-01
1.773611111111111249e+00 1.548438338802786973e-01 1.286298816299174808e-01
1.774305555555555580e+00 1.547917211752385669e-01 1.272783290727494965e-01
1.775000000000000133e+00 1.547113548398099392e-01 1.259230669296538541e-01
1.775694444444444464e+00 1.544173998377344204e-01 1.245655679524387133e-01
1.776388888888888795e+00 1.538969272290376111e-01 1.231980516032415707e-01
1.777083333333333348e+00 1.533833046169926217e-01 1.218166365894518405e-01
1.777777777777777679e+00 1.545432847924957942e-01 1.204315553937200384e-01
1.778472222222222010e+00 1.574445202123783971e-01 1.190462475204087933e-01
1.779166666666666785e+00 1.605011560908705670e-01 1.176573618785521635e-01
1.779861111111111116e+00 1.595744407107641261e-01 1.162650022302047781e-01
1.780555555555555669e+00 1.573744515397523802e-01 1.148718481293210941e-01
1.781250000000000000e+00 1.587292749346082277e-01 1.134727777318021436e-01
1.781944444444444331e+00 1.588663939884698562e-01 1.120563217588551874e-01
1.782638888888888884e+00 1.578404841828753014e-01 1.106171042969674584e-01
1.783333333333333215e+00 1.585491942529425047e-01 1.091543397487374223e-01
1.784027777777777990e+00 1.604088806377342302e-01 1.076777293319825662e-01
1.784722222222222321e+00 1.575336685033535133e-01 1.062178194473141768e-01
1.785416666666666652e+00 1.472820721330623805e-01 1.047816474420931870e-01
1.786111111111111205e+00 1.346554683554995746e-01 1.033525282498205800e-01
1.786805555555555536e+00 1.242985615121943582e-01 1.019188389448233978e-01
1.787499999999999867e+00 1.227819951582687363e-01 1.004820614141538615e-01
1.788194444444444420e+00 1.237380002861925288e-01 9.904154105896376126e-02
1.788888888888888751e+00 1.232511481493575450e-01 9.760014744183323487e-02
1.789583333333333526e+00 1.233074490961861003e-01 9.616409441767485855e-02
1.790277777777777857e+00 1.230150529621281685e-01 9.473868904471136054e-02
1.790972222222222188e+00 1.228044504121728331e-01 9.332446564985924509e-02
1.791666666666666741e+00 1.225123988548872250e-01 9.192215434032184607e-02
1.792361111111111072e+00 1.221997884770078813e-01 9.052990696223552070e-02
1.793055555555555403e+00 1.218761420462735889e-01 8.914641983015214599e-02
1.793749999999999956e+00 1.215127594061057581e-01 8.777002522782000049e-02
1.794444444444444509e+00 1.211596193595984999e-01 8.640280058559229870e-02
1.795138888888889062e+00 1.207682666370085423e-01 8.504492004761710078e-02
1.795833333333333393e+00 1.203965398011979243e-01 8.369768601457965029e-02
1.796527777777777724e+00 1.199865514136315980e-01 8.236052305529387163e-02
1.797222222222222276e+00 1.195994133216692762e-01 8.103639437773113574e-02
1.797916666666666607e+00 1.191772147877507293e-01 7.972252254424350149e-02
1.798611111111110938e+00 1.187803481022616237e-01 7.842230783126601101e-02
1.799305555555555491e+00 1.183521257640374469e-01 7.713176367500917952e-02
1.800000000000000044e+00 1.179510492991543841e-01 7.585473609843776388e-02
1.800694444444444597e+00 1.175227640549809383e-01 7.458993168414128350e-02
1.801388888888888928e+00 1.171236542477034209e-01 7.333712503212830303e-02
1.802083333333333259e+00 1.167003821866213487e-01 7.209993929299926552e-02
1.802777777777777812e+00 1.163055249932544027e-01 7.087724127561922938e-02
1.803472222222222143e+00 1.158863987012317687e-01 6.966794501899868652e-02
1.804166666666666474e+00 1.154947545587839963e-01 6.847375498184718468e-02
1.804861111111111249e+00 1.150787757048823690e-01 6.729045077645326445e-02
1.805555555555555580e+00 1.146904602382644439e-01 6.612225290204334915e-02
1.806250000000000133e+00 1.142784786109257572e-01 6.496773092002207373e-02
1.806944444444444464e+00 1.138939365150090782e-01 6.382511753399394694e-02
1.807638888888888795e+00 1.134858473475267721e-01 6.269800892750312937e-02
1.808333333333333348e+00 1.131053231803460790e-01 6.158434130697828385e-02
1.809027777777777679e+00 1.127020768508744109e-01 6.048681726924726859e-02
1.809722222222222010e+00 1.123260643989375807e-01 5.940349488152332075e-02
1.810416666666666785e+00 1.119280002353326420e-01 5.833534241396681752e-02
1.811111111111111116e+00 1.115570878584319775e-01 5.728507567693559566e-02
1.811805555555555669e+00 1.111643004839316662e-01 5.625087929373340928e-02
1.812500000000000000e+00 1.107983579607369623e-01 5.523118000653576970e-02
1.813194444444444331e+00 1.104111587733974942e-01 5.423082614417706893e-02
1.813888888888888884e+00 1.100503087708765287e-01 5.324170489359895952e-02
1.814583333333333215e+00 1.096687044418965390e-01 5.227127015946093913e-02
1.815277777777777990e+00 1.093129699292920837e-01 5.131534131399198562e-02
1.815972222222222321e+00 1.089366551269956573e-01 5.037595243917348392e-02
1.816666666666666652e+00 1.085861206061000395e-01 4.944975356904454666e-02
1.817361111111111205e+00 1.082151547463814645e-01 4.853902755430498234e-02
1.818055555555555536e+00 1.078695628359535169e-01 4.764181449539460489e-02
1.818749999999999867e+00 1.075042882990184800e-01 4.676182819772930349e-02
1.819444444444444420e+00 1.071640588626383561e-01 4.589660223201649791e-02
1.820138888888888751e+00 1.068040466987817683e-01 4.504721263419384641e-02
1.820833333333333526e+00 1.064685531495562221e-01 4.421191119485914228e-02
1.821527777777777857e+00 1.061135986507553974e-01 4.339322925038127665e-02
1.822222222222222188e+00 1.057829061019163047e-01 4.258810899196723704e-02
1.822916666666666741e+00 1.054331395256897924e-01 4.179858487322939825e-02
1.823611111111111072e+00 1.051069354240380116e-01 4.102210931670800809e-02
1.824305555555555403e+00 1.047622396222576274e-01 4.026027223731842158e-02
1.824999999999999956e+00 1.044407746353182148e-01 3.951106339390964700e-02
1.825694444444444509e+00 1.041011043522079571e-01 3.877613634497719536e-02
1.826388888888889062e+00 1.037840836584722343e-01 3.805242432616785797e-02
1.827083333333333393e+00 1.034497171080063227e-01 3.734180012205232102e-02
1.827777777777777724e+00 1.031373065906430742e-01 3.664198462548177299e-02
1.828472222222222276e+00 1.028083380808795938e-01 3.595500595589640191e-02
1.829166666666666607e+00 1.025004663848097519e-01 3.527927977015438837e-02
1.829861111111110938e+00 1.021767980795573877e-01 3.461572813610188509e-02
1.830555555555555491e+00 1.018731387044497089e-01 3.396279600803320947e-02
1.831250000000000044e+00 1.015554947277092779e-01 3.332125131299228105e-02
1.831944444444444597e+00 1.012568219646678286e-01 3.268954334942852924e-02
1.832638888888888928e+00 1.009457521599344820e-01 3.206728882533931707e-02
1.833333333333333259e+00 1.006516118005626181e-01 3.145430529521799773e-02
1.834027777777777812e+00 1.003476080730112963e-01 3.085141444101206082e-02
1.834722222222222143e+00 1.000572315602302059e-01 3.025792284955888464e-02
1.835416666666666474e+00 9.975951016649270420e-02 2.967330852910187236e-02
1.836111111111111249e+00 9.946936400139221035e-02 2.909742044491761201e-02
1.836805555555555580e+00 9.917506044459989401e-02 2.853043109685948417e-02
1.837500000000000133e+00 9.888118619175660651e-02 2.797199852031895598e-02
1.838194444444444464e+00 9.858934840016042589e-02 2.742198434364593110e-02
1.838888888888888795e+00 9.829534391037142438e-02 2.688042176492812935e-02
1.839583333333333348e+00 9.800639358380497379e-02 2.634679702812818894e-02
1.840277777777777679e+00 9.771713792449467084e-02 2.582128050477660100e-02
1.840972222222222010e+00 9.743518808735317227e-02 2.530339581739773219e-02
1.841666666666666785e+00 9.714593230239851329e-02 2.479348790035239974e-02
1.842361111111111116e+00 9.686597858216798584e-02 2.429117180821508890e-02
1.843055555555555669e+00 9.657890411112440843e-02 2.379652646349380077e-02
1.843750000000000000e+00 9.630076705055018449e-02 2.330887114284990388e-02
1.844444444444444331e+00 9.601588739891681046e-02 2.282908964707397459e-02
1.845138888888888884e+00 9.574180239904274414e-02 2.235621550817260342e-02
1.845833333333333215e+00 9.545963258810152841e-02 2.189077371110800807e-02
1.846527777777777990e+00 9.518946317658642797e-02 2.143208477598542577e-02
1.847222222222222321e+00 9.490950974599464407e-02 2.098052623186611940e-02
1.847916666666666652e+00 9.464357499904485493e-02 2.053540281889653513e-02
1.848611111111111205e+00 9.436440631215969876e-02 2.009723432514349054e-02
1.849305555555555536e+00 9.410019360538700306e-02 1.966541679886362262e-02
1.849999999999999867e+00 9.382016961161747381e-02 1.924036334236773477e-02
1.850694444444444420e+00 9.355746094210611041e-02 1.882128888694735089e-02
1.851388888888888751e+00 9.327434093515339641e-02 1.840886531755790353e-02
1.852083333333333526e+00 9.300974921444807308e-02 1.800229213959840535e-02
1.852777777777777857e+00 9.272475476753137824e-02 1.760216087337406962e-02
1.853472222222222188e+00 9.245801400106867796e-02 1.720787882621359344e-02
1.854166666666666741e+00 9.218130108274540102e-02 1.681997795129142742e-02
1.854861111111111072e+00 9.192947008080235016e-02 1.643790795178963482e-02
1.855555555555555403e+00 9.166928905028140506e-02 1.606196182474731865e-02
1.856249999999999956e+00 9.142760102092641061e-02 1.569161797609114339e-02
1.856944444444444509e+00 9.117199302854234189e-02 1.532712109081167326e-02
1.857638888888889062e+00 9.092982892495324321e-02 1.496816640044937134e-02
1.858333333333333393e+00 9.068256071427739651e-02 1.461486506039642343e-02
1.859027777777777724e+00 9.044975147078571087e-02 1.426688924614448635e-02
1.859722222222222276e+00 9.020795169443841799e-02 1.392423650928950249e-02
1.860416666666666607e+00 8.997099050683200760e-02 1.358675336150458324e-02
1.861111111111110938e+00 8.973046305258780553e-02 1.325455788201800392e-02
1.861805555555555491e+00 8.949141282302379430e-02 1.292749901053914449e-02
1.862500000000000044e+00 8.925289051168268373e-02 1.260562339660234107e-02
1.863194444444444597e+00 8.901453357159685997e-02 1.228869078655941277e-02
1.863888888888888928e+00 8.877678138272888930e-02 1.197668392144382241e-02
1.864583333333333259e+00 8.853596032024237117e-02 1.166951885473196428e-02
1.865277777777777812e+00 8.830225278611242290e-02 1.136709263342679244e-02
1.865972222222222143e+00 8.806481453994935427e-02 1.106932108389006679e-02
1.866666666666666474e+00 8.783227075054596267e-02 1.077619629548530814e-02
1.867361111111111249e+00 8.759572148818356441e-02 1.048768543824127840e-02
1.868055555555555580e+00 8.736605514480889900e-02 1.020364106318614149e-02
1.868750000000000133e+00 8.713181918672145698e-02 9.924008463745271139e-03
1.869444444444444464e+00 8.690374188587002280e-02 9.648758715474985148e-03
1.870138888888888795e+00 8.667113716795814271e-02 9.377853513258342308e-03
1.870833333333333348e+00 8.644545435495866459e-02 9.111090500048494439e-03
1.871527777777777679e+00 8.621494663118857427e-02 8.848353666352774816e-03
1.872222222222222010e+00 8.599133934138999957e-02 8.589588346937014271e-03
1.872916666666666785e+00 8.576298235192095221e-02 8.334776080411712348e-03
1.873611111111111116e+00 8.554165606373788366e-02 8.083916591854884565e-03
1.874305555555555669e+00 8.531515642222284312e-02 7.836943114251537779e-03
1.875000000000000000e+00 8.509582360147099900e-02 7.593851400129092606e-03
1.875694444444444331e+00 8.487136242616846737e-02 7.354554088778114326e-03
1.876388888888888884e+00 8.465417099603420037e-02 7.118954805410073958e-03
1.877083333333333215e+00 8.443183068896563392e-02 6.886959563562709309e-03
1.877777777777777990e+00 8.421679877074089715e-02 6.658420941759658068e-03
1.878472222222222321e+00 8.399621287171141204e-02 6.433279009671964699e-03
1.879166666666666652e+00 8.378324608044655786e-02 6.211537922777139904e-03
1.879861111111111205e+00 8.356459481998229633e-02 5.993109980960946090e-03
1.880555555555555536e+00 8.335381641813179032e-02 5.778157534246337185e-03
1.881249999999999867e+00 8.313677511309408574e-02 5.566595969198029695e-03
1.881944444444444420e+00 8.292822804130571546e-02 5.358253258929693112e-03
1.882638888888888751e+00 8.271268153818404911e-02 5.152988333663004183e-03
1.883333333333333526e+00 8.250664283519698605e-02 4.950775342785000178e-03
1.884027777777777857e+00 8.229218797622581127e-02 4.751571133403905550e-03
1.884722222222222188e+00 8.208837321058039260e-02 4.555279658931025814e-03
1.885416666666666741e+00 8.187342164208102901e-02 4.361827824511060533e-03
1.886111111111111072e+00 8.166987505038354744e-02 4.171300991036412838e-03
1.886805555555555403e+00 8.145329927819314197e-02 3.983662420164782100e-03
1.887499999999999956e+00 8.125051500628589773e-02 3.798773269365195594e-03
1.888194444444444509e+00 8.103086395828326682e-02 3.616555740595563204e-03
1.888888888888889062e+00 8.082468683496864259e-02 3.437022577806252577e-03
1.889583333333333393e+00 8.060362424048382601e-02 3.260093282576222336e-03
1.890277777777777724e+00 8.039758584633444061e-02 3.085787176983521146e-03
1.890972222222222276e+00 8.018831411652668772e-02 2.914144064366734187e-03
1.891666666666666607e+00 7.999846195662257964e-02 2.745088481987112243e-03
1.892361111111110938e+00 7.979347677894589597e-02 2.578556979938796418e-03
1.893055555555555491e+00 7.960038291777141173e-02 2.414507805029491184e-03
1.893750000000000044e+00 7.940260164975067314e-02 2.252970170750027371e-03
1.894444444444444597e+00 7.921602064856742009e-02 2.093818594784633766e-03
1.895138888888888928e+00 7.902441019091814567e-02 1.937051843861551780e-03
1.895833333333333259e+00 7.884275431790219169e-02 1.782572105925380726e-03
1.896527777777777812e+00 7.865592687797753890e-02 1.630425915816663190e-03
1.897222222222222143e+00 7.847017805543179958e-02 1.480530105955019798e-03
1.897916666666666474e+00 7.828103980319055244e-02 1.332665862673193535e-03
1.898611111111111249e+00 7.809147745341664393e-02 1.186686864439646548e-03
1.899305555555555580e+00 7.790300056654397842e-02 1.042601084484051470e-03
1.900000000000000133e+00 7.771285363799443346e-02 9.009937442262949550e-04
1.900694444444444464e+00 7.752708933101493116e-02 7.619485265667023813e-04
1.901388888888888795e+00 7.733891970114530057e-02 6.249864522620423874e-04
1.902083333333333348e+00 7.715483046761253960e-02 4.897756596794141954e-04
1.902777777777777679e+00 7.696717046946578711e-02 3.564436165076964179e-04
1.903472222222222010e+00 7.678416341328223038e-02 2.252712608209240272e-04
1.904166666666666785e+00 7.659741377394369000e-02 9.579834728167777340e-05
1.904861111111111116e+00 7.641547454203122258e-02 -3.186228223268451675e-05
1.905555555555555669e+00 7.622981703266479281e-02 -1.573748310166625216e-04
1.906250000000000000e+00 7.604927636379033018e-02 -2.810523140938108073e-04
1.906944444444444331e+00 7.586485821072394553e-02 -4.032405695219434621e-04
1.907638888888888884e+00 7.568555839993883205e-02 -5.234991101515725116e-04
1.908333333333333215e+00 7.550249872935800577e-02 -6.415991956858177773e-04
1.909027777777777990e+00 7.532468218216541167e-02 -7.581674069357091086e-04
1.909722222222222321e+00 7.514303448764587945e-02 -8.736054845904692688e-04
1.910416666666666652e+00 7.496648852820894660e-02 -9.874609100238146680e-04
1.911111111111111205e+00 7.478623805585525586e-02 -1.099436098563041269e-03
1.911805555555555536e+00 7.461124005640942802e-02 -1.209720912543365374e-03
1.912499999999999867e+00 7.443245591980383880e-02 -1.318432418071592343e-03
1.913194444444444420e+00 7.425876895059074778e-02 -1.425408552160298574e-03
1.913888888888888751e+00 7.408127615433346413e-02 -1.530654074880368398e-03
1.914583333333333526e+00 7.390911724580048747e-02 -1.634273832690446215e-03
1.915277777777777857e+00 7.373307784999877379e-02 -1.736596908044749175e-03
1.915972222222222188e+00 7.356210735171228587e-02 -1.838019567166047181e-03
1.916666666666666741e+00 7.338731094133758848e-02 -1.938529502376907902e-03
1.917361111111111072e+00 7.321782885822103459e-02 -2.037766796262962133e-03
1.918055555555555403e+00 7.304436985927555137e-02 -2.135626675808797656e-03
1.918749999999999956e+00 7.287605123698491505e-02 -2.231863798576089533e-03
1.919444444444444509e+00 7.270391161691143467e-02 -2.326237817560594841e-03
1.920138888888889062e+00 7.253702607506833100e-02 -2.418964846272791003e-03
1.920833333333333393e+00 7.236615705963807266e-02 -2.510167021818746676e-03
1.921527777777777724e+00 7.220038013937800370e-02 -2.599771410800269088e-03
1.922222222222222276e+00 7.203064909395520687e-02 -2.688106861982838408e-03
1.922916666666666607e+00 7.186634675333158917e-02 -2.775311096601015305e-03
1.923611111111110938e+00 7.169803883870025374e-02 -2.861198824047509175e-03
1.924305555555555491e+00 7.153476595084806711e-02 -2.945887317783381105e-03
1.925000000000000044e+00 7.136738874876689953e-02 -3.029462505715538583e-03
1.925694444444444597e+00 7.120549070369287803e-02 -3.111769321859379333e-03
1.926388888888888928e+00 7.103938139668364293e-02 -3.192934370726840856e-03
1.927083333333333259e+00 7.087853960343017123e-02 -3.272940819520428306e-03
1.927777777777777812e+00 7.071347673485142704e-02 -3.351794116243169124e-03
1.928472222222222143e+00 7.055414305296139887e-02 -3.429529730616088200e-03
1.929166666666666474e+00 7.039013087378856448e-02 -3.506126950019602083e-03
1.929861111111111249e+00 7.023194840635632596e-02 -3.581580874731750581e-03
1.930555555555555580e+00 7.006889231321762612e-02 -3.655973800984467417e-03
1.931250000000000133e+00 6.991230895308511717e-02 -3.729387760275402336e-03
1.931944444444444464e+00 6.974988889250635649e-02 -3.801816664029014897e-03
1.932638888888888795e+00 6.959485317593945564e-02 -3.873213284967240259e-03
1.933333333333333348e+00 6.943216156720884158e-02 -3.943555435953561943e-03
1.934027777777777679e+00 6.927776714670930147e-02 -4.012870188604531277e-03
1.934722222222222010e+00 6.911302442029290671e-02 -4.081180560580668047e-03
1.935416666666666785e+00 6.895753983937932818e-02 -4.148461697355125023e-03
1.936111111111111116e+00 6.879101262048382959e-02 -4.214727844737955510e-03
1.936805555555555669e+00 6.863480569108201812e-02 -4.280009716652250981e-03
1.937500000000000000e+00 6.846617043451738716e-02 -4.344340086151969593e-03
1.938194444444444331e+00 6.830697533146783129e-02 -4.407746667804593454e-03
1.938888888888888884e+00 6.814110196144686216e-02 -4.470207362225543310e-03
1.939583333333333215e+00 6.798743980362820238e-02 -4.531825249356137911e-03
1.940277777777777990e+00 6.783499460311408213e-02 -4.592472669852568599e-03
1.940972222222222321e+00 6.769528837705282576e-02 -4.652276717036246678e-03
1.941666666666666652e+00 6.754728336065647654e-02 -4.711104727260679442e-03
1.942361111111111205e+00 6.740652048042948541e-02 -4.769076531722868557e-03
1.943055555555555536e+00 6.725848846712023654e-02 -4.826277125762862275e-03
1.943749999999999867e+00 6.711114253599018142e-02 -4.882626545114680978e-03
1.944444444444444420e+00 6.696358216233225247e-02 -4.938097369151729817e-03
1.945138888888888751e+00 6.682059980571360136e-02 -4.992715918933296644e-03
1.945833333333333526e+00 6.667490901579664619e-02 -5.046663780418322691e-03
1.946527777777777857e+00 6.652774019157327301e-02 -5.099839009209014735e-03
1.947222222222222188e+00 6.638239188626708642e-02 -5.152237195421118139e-03
1.947916666666666741e+00 6.623273458510274547e-02 -5.203897248335058109e-03
1.948611111111111072e+00 6.608754645999052879e-02 -5.254858754691657530e-03
1.949305555555555403e+00 6.594364476445099821e-02 -5.305114001321695021e-03
1.949999999999999956e+00 6.580320813672695113e-02 -5.354673219449969379e-03
1.950694444444444509e+00 6.565593022532358047e-02 -5.403540141877109099e-03
1.951388888888889062e+00 6.551541808057864680e-02 -5.451712672922997757e-03
1.952083333333333393e+00 6.536963936623152449e-02 -5.499197376055264125e-03
1.952777777777777724e+00 6.523007707494588026e-02 -5.545996688234169393e-03
1.953472222222222276e+00 6.508308753984309858e-02 -5.592129978512374797e-03
1.954166666666666607e+00 6.494299400191515248e-02 -5.637737195952268604e-03
1.954861111111110938e+00 6.479466642512832220e-02 -5.682680270360577525e-03
1.955555555555555491e+00 6.465450887969798055e-02 -5.726949603786026660e-03
1.956250000000000044e+00 6.450375466794734669e-02 -5.770685948984104197e-03
1.956944444444444597e+00 6.436186766062353126e-02 -5.813942909075366094e-03
1.957638888888888928e+00 6.420915791285587704e-02 -5.856446058870038579e-03
1.958333333333333259e+00 6.406450595736144782e-02 -5.898200173229960035e-03
1.959027777777777812e+00 6.391514470122876268e-02 -5.939339752331412522e-03
1.959722222222222143e+00 6.377854382143829937e-02 -5.979932544389102676e-03
1.960416666666666474e+00 6.363783604857349563e-02 -6.020020246451222336e-03
1.961111111111111249e+00 6.350565933965267307e-02 -6.059449484053122843e-03
1.961805555555555580e+00 6.336817297326863274e-02 -6.098343070030552530e-03
1.962500000000000133e+00 6.323731169626220505e-02 -6.136723237648571139e-03
1.963194444444444464e+00 6.310340338860283282e-02 -6.174552362644617279e-03
1.963888888888888795e+00 6.297505935241988484e-02 -6.211776777866132200e-03
1.964583333333333348e+00 6.284286296931528015e-02 -6.248483914332696350e-03
1.965277777777777679e+00 6.271151465660688984e-02 -6.284669849249533216e-03
1.965972222222222010e+00 6.257867679113997272e-02 -6.320420599800259144e-03
1.966666666666666785e+00 6.244647726186942222e-02 -6.355696554593424225e-03
1.967361111111111116e+00 6.231418420615723180e-02 -6.390477431753722494e-03
1.968055555555555669e+00 6.218110196917613769e-02 -6.424750915386536441e-03
1.968750000000000000e+00 6.204985541519459497e-02 -6.458544194620301736e-03
1.969444444444444331e+00 6.191721779275936172e-02 -6.491847274518494117e-03
1.970138888888888884e+00 6.178684546526574950e-02 -6.524686433657215200e-03
1.970833333333333215e+00 6.165440337600709697e-02 -6.557045686610289519e-03
1.971527777777777990e+00 6.152482605919921965e-02 -6.588943002123837447e-03
1.972222222222222321e+00 6.139327406252873681e-02 -6.620380353070860237e-03
1.972916666666666652e+00 6.126446761806696173e-02 -6.651378895099818375e-03
1.973611111111111205e+00 6.113329146517380852e-02 -6.681924781957134137e-03
1.974305555555555536e+00 6.100522388841989052e-02 -6.712041701365525741e-03
1.974999999999999867e+00 6.087445560967184865e-02 -6.741715843940324429e-03
1.975694444444444420e+00 6.074697609176655383e-02 -6.770950137176062582e-03
1.976388888888888751e+00 6.061724125588470458e-02 -6.799774842365376853e-03
1.977083333333333526e+00 6.049066794697913196e-02 -6.828190899559607834e-03
1.977777777777777857e+00 6.036136382432627512e-02 -6.856197580681402774e-03
1.978472222222222188e+00 6.023560834969644839e-02 -6.883812508390011950e-03
1.979166666666666741e+00 6.010713211904190195e-02 -6.911026287699308622e-03
1.979861111111111072e+00 5.998192908875801116e-02 -6.937860003803327999e-03
1.980555555555555403e+00 5.985405013408642144e-02 -6.964304932641143288e-03
1.981249999999999956e+00 5.972989106320771013e-02 -6.990359207288327804e-03
1.981944444444444509e+00 5.960289186145814599e-02 -7.016037866269175458e-03
1.982638888888889062e+00 5.947941907672336243e-02 -7.039089359735206143e-03
1.983333333333333393e+00 5.935294576075380441e-02 -7.061191137245649389e-03
1.984027777777777724e+00 5.923028536596588317e-02 -7.083248383948863476e-03
1.984722222222222276e+00 5.910447410549860697e-02 -7.104973592557682280e-03
1.985416666666666607e+00 5.898274877183425774e-02 -7.126450556044451254e-03
1.986111111111110938e+00 5.885760563568404741e-02 -7.147655306168875997e-03
1.986805555555555491e+00 5.873683126129806281e-02 -7.168586183949820882e-03
1.987500000000000044e+00 5.861199105979061214e-02 -7.189240611986976240e-03
1.988194444444444597e+00 5.849232595196261764e-02 -7.209630407700337758e-03
1.988888888888888928e+00 5.836728941432341861e-02 -7.229755872325536493e-03
1.989583333333333259e+00 5.824760405492831333e-02 -7.249608279862041794e-03
1.990277777777777812e+00 5.812175523227525176e-02 -7.269226202047185566e-03
1.990972222222222143e+00 5.800217364393788627e-02 -7.288590726497111774e-03
1.991666666666666474e+00 5.787441392801801615e-02 -7.307700441167947099e-03
1.992361111111111249e+00 5.775357642517422313e-02 -7.326554333108355882e-03
1.993055555555555580e+00 5.762423841383968598e-02 -7.345177063391779282e-03
1.993750000000000133e+00 5.750079211023502446e-02 -7.363546361072995615e-03
1.994444444444444464e+00 5.737261978306090748e-02 -7.381702519028424808e-03
1.995138888888888795e+00 5.725375273311889002e-02 -7.399635564268541507e-03
1.995833333333333348e+00 5.713515081044453353e-02 -7.417306322180327802e-03
1.996527777777777679e+00 5.702460939441374166e-02 -7.434788061133373004e-03
1.997222222222222010e+00 5.690508285508863451e-02 -7.452047083327407312e-03
1.997916666666666785e+00 5.678952681976125183e-02 -7.469040006711552895e-03
1.998611111111111116e+00 5.667353525818711463e-02 -7.485872863470393462e-03
1.999305555555555669e+00 5.656354999521796822e-02 -7.502498156260923277e-03
2.000000000000000000e+00 5.644968791511954798e-02 -7.518885303306532125e-03
2.000694444444444553e+00 5.633861300861147531e-02 -7.535083816031666430e-03
2.001388888888888662e+00 5.622559280743019694e-02 -7.551090788487739396e-03
2.002083333333333215e+00 5.611334939099010127e-02 -7.566848341556707547e-03
2.002777777777777768e+00 5.599996852653212065e-02 -7.582501751431021744e-03
2.003472222222222321e+00 5.588679900473763479e-02 -7.597876807397511631e-03
2.004166666666666874e+00 5.577388761227455166e-02 -7.614305150614131441e-03
2.004861111111110983e+00 5.566036567204574875e-02 -7.629812475495014595e-03
2.005555555555555536e+00 5.554842912503189095e-02 -7.644463236003175115e-03
2.006250000000000089e+00 5.543536409287697780e-02 -7.659067128365292659e-03
2.006944444444444198e+00 5.532404990692459806e-02 -7.673449569210579434e-03
2.007638888888888751e+00 5.521132575858103686e-02 -7.687636150915753280e-03
2.008333333333333304e+00 5.510059470554422301e-02 -7.701697623329452694e-03
2.009027777777777857e+00 5.498823961296454843e-02 -7.715611051806914485e-03
2.009722222222222410e+00 5.487793920689550825e-02 -7.730476606680329252e-03
2.010416666666666519e+00 5.476594079193462805e-02 -7.744485473366183662e-03
2.011111111111111072e+00 5.465623290813342861e-02 -7.757720117756328193e-03
2.011805555555555625e+00 5.454478406042200661e-02 -7.770890165470841805e-03
2.012499999999999734e+00 5.443565811089406264e-02 -7.783867809858935859e-03
2.013194444444444731e+00 5.432471997429132865e-02 -7.796725610859424685e-03
2.013888888888888840e+00 5.421613135463727862e-02 -7.809403425631452310e-03
2.014583333333333393e+00 5.410573344938538615e-02 -7.821914137452480945e-03
2.015277777777777946e+00 5.399780753498563401e-02 -7.834323661030651031e-03
2.015972222222222054e+00 5.388806814193294187e-02 -7.847499358346547715e-03
2.016666666666666607e+00 5.378061865616331344e-02 -7.859973049699108677e-03
2.017361111111111160e+00 5.367137372036566434e-02 -7.871755642668804703e-03
2.018055555555555269e+00 5.356461352205942744e-02 -7.883470619262387957e-03
2.018750000000000266e+00 5.345586500904042637e-02 -7.895029833531769237e-03
2.019444444444444375e+00 5.334979174997848961e-02 -7.906469079535360239e-03
2.020138888888888928e+00 5.324167000676322675e-02 -7.917733825749194432e-03
2.020833333333333481e+00 5.313617280959778699e-02 -7.928899389566305966e-03
2.021527777777777590e+00 5.302859646294083573e-02 -7.939913201740774959e-03
2.022222222222222143e+00 5.292368078491214295e-02 -7.951666431764960186e-03
2.022916666666666696e+00 5.281661730333509636e-02 -7.962779357812267353e-03
2.023611111111111249e+00 5.271241944895176806e-02 -7.973286582795462499e-03
2.024305555555555802e+00 5.260592758196312030e-02 -7.983707375572735715e-03
2.024999999999999911e+00 5.250231568954004391e-02 -7.993995720763985222e-03
2.025694444444444464e+00 5.239627745867806580e-02 -8.004170355218536564e-03
2.026388888888889017e+00 5.229339022569761547e-02 -8.014224695789700509e-03
2.027083333333333126e+00 5.218769470417711220e-02 -8.024141096544489676e-03
2.027777777777777679e+00 5.208574711408546498e-02 -8.033981744013110604e-03
2.028472222222222232e+00 5.198020323293867095e-02 -8.044403210128255391e-03
2.029166666666666785e+00 5.187870010383372615e-02 -8.054315996149306531e-03
2.029861111111111338e+00 5.177267069731222859e-02 -8.063678409582933013e-03
2.030555555555555447e+00 5.167105665915928264e-02 -8.072976280462950543e-03
2.031250000000000000e+00 5.156382397944118956e-02 -8.082158014535517632e-03
2.031944444444444553e+00 5.146178409699597722e-02 -8.091235772125799502e-03
2.032638888888888662e+00 5.135329796454466550e-02 -8.100191905925114080e-03
2.033333333333333215e+00 5.124954805637116362e-02 -8.109056900381042196e-03
2.034027777777777768e+00 5.114013109360085463e-02 -8.117804866164262875e-03
2.034722222222222321e+00 5.103625988567975225e-02 -8.127104488935587775e-03
2.035416666666666874e+00 5.093329290038417501e-02 -8.135938664961287967e-03
2.036111111111110983e+00 5.083802232233364943e-02 -8.144288410944529669e-03
2.036805555555555536e+00 5.073502148971446857e-02 -8.152575332319262832e-03
2.037500000000000089e+00 5.063587652989658822e-02 -8.160769736763546015e-03
2.038194444444444198e+00 5.053326052837112808e-02 -8.168864026540000739e-03
2.038888888888888751e+00 5.043485327240713328e-02 -8.176864997700008381e-03
2.039583333333333304e+00 5.033592685530520472e-02 -8.184753676039421832e-03
2.040277777777777857e+00 5.024288397811862289e-02 -8.192583706157729323e-03
2.040972222222222410e+00 5.014398232237629593e-02 -8.200867564514807001e-03
2.041666666666666519e+00 5.004750238056770301e-02 -8.208752384117378245e-03
2.042361111111111072e+00 4.995069979847103353e-02 -8.216221972388124128e-03
2.043055555555555625e+00 4.985857658360282746e-02 -8.223618691191671853e-03
2.043749999999999734e+00 4.976328095204650415e-02 -8.230934749697401895e-03
2.044444444444444731e+00 4.966896103937617352e-02 -8.238163041084205218e-03
2.045138888888888840e+00 4.957355832184539429e-02 -8.245301908228631210e-03
2.045833333333333393e+00 4.947889227123024314e-02 -8.252334293623755576e-03
2.046527777777777946e+00 4.938354392553405414e-02 -8.259318527412897945e-03
2.047222222222222054e+00 4.928820200800376056e-02 -8.266703630786126702e-03
2.047916666666666607e+00 4.919328750225983315e-02 -8.273733019813661257e-03
2.048611111111111160e+00 4.909795470019265307e-02 -8.280390924729449584e-03
2.049305555555555269e+00 4.900382452788262094e-02 -8.286967287129505186e-03
2.050000000000000266e+00 4.890888160135517526e-02 -8.293483339719588329e-03
2.050694444444444375e+00 4.881528682572504330e-02 -8.299938687720430711e-03
2.051388888888888928e+00 4.872066318676235991e-02 -8.306280995183230181e-03
2.052083333333333481e+00 4.862740676165996229e-02 -8.312579359552077843e-03
2.052777777777777590e+00 4.853308819958306042e-02 -8.318803990864454337e-03
2.053472222222222143e+00 4.844027260505089777e-02 -8.325380136389302910e-03
2.054166666666666696e+00 4.834629290835498056e-02 -8.331645477673234670e-03
2.054861111111111249e+00 4.825399661838474658e-02 -8.337552700654452670e-03
2.055555555555555802e+00 4.816047286914738879e-02 -8.343428084246212392e-03
2.056249999999999911e+00 4.806863357122533736e-02 -8.349256089877221329e-03
2.056944444444444464e+00 4.797545214151721638e-02 -8.355008406340543384e-03
2.057638888888889017e+00 4.788415134726373146e-02 -8.360684973291296687e-03
2.058333333333333126e+00 4.779137853936296643e-02 -8.366299388415196492e-03
2.059027777777777679e+00 4.770057628423387402e-02 -8.371843796196929907e-03
2.059722222222222232e+00 4.760826051187556224e-02 -8.377716198599430633e-03
2.060416666666666785e+00 4.751787805648471918e-02 -8.383307532099178519e-03
2.061111111111111338e+00 4.742606874411996187e-02 -8.388612860084462136e-03
2.061805555555555447e+00 4.733632754679321236e-02 -8.393863376583408226e-03
2.062500000000000000e+00 4.724496857892273444e-02 -8.399034552695841885e-03
2.063194444444444553e+00 4.715568558132454680e-02 -8.404171763037621146e-03
2.063888888888888662e+00 4.706472189691573299e-02 -8.409238426034993177e-03
2.064583333333333215e+00 4.697597089222967787e-02 -8.414214846090803043e-03
2.065277777777777768e+00 4.688540072342550075e-02 -8.419183363889491678e-03
2.065972222222222321e+00 4.679736163729545512e-02 -8.424398467791714695e-03
2.066666666666666874e+00 4.670709506343408146e-02 -8.429375439941468040e-03
2.067361111111110983e+00 4.661973787461590885e-02 -8.434097878975111220e-03
2.068055555555555536e+00 4.652958579226378066e-02 -8.438735762237949134e-03
2.068750000000000089e+00 4.644261117678098044e-02 -8.443360768151522006e-03
2.069444444444444198e+00 4.635216052654139718e-02 -8.447956786110258007e-03
2.070138888888888751e+00 4.626515816640369705e-02 -8.452463264709027604e-03
2.070833333333333304e+00 4.617369406766446555e-02 -8.456926377008042867e-03
2.071527777777777857e+00 4.608616364254707748e-02 -8.461338564713826588e-03
2.072222222222222410e+00 4.599392768804425047e-02 -8.465989786299754627e-03
2.072916666666666519e+00 4.590544305021865973e-02 -8.470424678937573532e-03
2.073611111111111072e+00 4.581252410544785214e-02 -8.474643652877845990e-03
2.074305555555555625e+00 4.572388538149985138e-02 -8.478824957395358561e-03
2.074999999999999734e+00 4.563567842905034283e-02 -8.482944801865613046e-03
2.075694444444444731e+00 4.555333441886999513e-02 -8.487027912196552087e-03
2.076388888888888840e+00 4.546553514676354713e-02 -8.491053923906892106e-03
2.077083333333333393e+00 4.538112047582649328e-02 -8.495016424060194277e-03
2.077777777777777946e+00 4.529352361761773693e-02 -8.498958729770697898e-03
2.078472222222222054e+00 4.520946556785358089e-02 -8.503097162705015519e-03
2.079166666666666607e+00 4.512391845874497848e-02 -8.507055136538764148e-03
2.079861111111111160e+00 4.504261496778386165e-02 -8.510830314698430987e-03
2.080555555555555269e+00 4.495779792432028771e-02 -8.514536212107284494e-03
2.081250000000000266e+00 4.487605077728585440e-02 -8.518226464531108294e-03
2.081944444444444375e+00 4.479217738697208184e-02 -8.521863760775027358e-03
2.082638888888888928e+00 4.471172346087652627e-02 -8.525445701918033664e-03
2.083333333333333481e+00 4.462885957420750782e-02 -8.528997025456423395e-03
2.084027777777777590e+00 4.454875120949427364e-02 -8.532505963395607337e-03
2.084722222222222143e+00 4.446679362785507794e-02 -8.535934644004579061e-03
2.085416666666666696e+00 4.438753117301513784e-02 -8.539578423559726281e-03
2.086111111111111249e+00 4.430669364147587358e-02 -8.543057980918679351e-03
2.086805555555555802e+00 4.422744651282781159e-02 -8.546384476297602673e-03
2.087499999999999911e+00 4.414704437865172443e-02 -8.549668136380344369e-03
2.088194444444444464e+00 4.406724548595813279e-02 -8.552929858028650648e-03
2.088888888888889017e+00 4.398681319884473889e-02 -8.556129213986130022e-03
2.089583333333333126e+00 4.390661697052535006e-02 -8.559294724321528380e-03
2.090277777777777679e+00 4.382645243810426999e-02 -8.562416374617260600e-03
2.090972222222222232e+00 4.374623465895455948e-02 -8.565518830386562726e-03
2.091666666666666785e+00 4.366682272208941701e-02 -8.568752190037207117e-03
2.092361111111111338e+00 4.358698364116773971e-02 -8.571868505359450316e-03
2.093055555555555447e+00 4.350811631689641829e-02 -8.574836302606674704e-03
2.093750000000000000e+00 4.342863507829707731e-02 -8.577761660683214454e-03
2.094444444444444553e+00 4.335016493498923540e-02 -8.580651117102888054e-03
2.095138888888888662e+00 4.327095722654984711e-02 -8.583509028437439486e-03
2.095833333333333215e+00 4.319291192358675618e-02 -8.586329812568375616e-03
2.096527777777777768e+00 4.311415167916087671e-02 -8.589116809646593631e-03
2.097222222222222321e+00 4.303661567697970175e-02 -8.591883503460316651e-03
2.097916666666666874e+00 4.295817871489031325e-02 -8.594747754779035950e-03
2.098611111111110983e+00 4.288117894056982238e-02 -8.597528161673364047e-03
2.099305555555555536e+00 4.280324445660687455e-02 -8.600185657010662663e-03
2.100000000000000089e+00 4.272713854379912857e-02 -8.602780642698962602e-03
2.100694444444444198e+00 4.264859506549642520e-02 -8.605370081419134662e-03
2.101388888888888751e+00 4.257200671653848384e-02 -8.607913609038207042e-03
2.102083333333333304e+00 4.249521499910823008e-02 -8.610433822536333118e-03
2.102777777777777857e+00 4.242058366485741000e-02 -8.612921492914827823e-03
2.103472222222222410e+00 4.234334054047123042e-02 -8.615389680908292630e-03
2.104166666666666519e+00 4.226880503794331473e-02 -8.617942362057932210e-03
2.104861111111111072e+00 4.219161653929994621e-02 -8.620426610671973536e-03
2.105555555555555625e+00 4.211696951088608060e-02 -8.622782642520226970e-03
2.106249999999999734e+00 4.203952147772018616e-02 -8.625104696771804941e-03
2.106944444444444731e+00 4.196530401278596167e-02 -8.627409840307728728e-03
2.107638888888888840e+00 4.188708116213850363e-02 -8.629689060418782240e-03
2.108333333333333393e+00 4.181161353606404479e-02 -8.631935788178515812e-03
2.109027777777777946e+00 4.173296398268386276e-02 -8.634161618152792414e-03
2.109722222222222054e+00 4.165731865022403307e-02 -8.636360747143582289e-03
2.110416666666666607e+00 4.158037622813651885e-02 -8.638631476437208176e-03
2.111111111111111160e+00 4.150774959343257742e-02 -8.640840939920631236e-03
2.111805555555555269e+00 4.143347508326441359e-02 -8.642965911313589544e-03
2.112500000000000266e+00 4.136255774342519065e-02 -8.645036707667216533e-03
2.113194444444444375e+00 4.128867339591173191e-02 -8.647107252747809891e-03
2.113888888888888928e+00 4.121753199461899303e-02 -8.649123199765748962e-03
2.114583333333333481e+00 4.114429730945682456e-02 -8.651145493337713405e-03
2.115277777777777590e+00 4.107397947940827354e-02 -8.653104539242104098e-03
2.115972222222222143e+00 4.100159678252987550e-02 -8.655048337667019601e-03
2.116666666666666696e+00 4.093210951423643246e-02 -8.657094021275176660e-03
2.117361111111111249e+00 4.086040516037046239e-02 -8.659059514168430255e-03
2.118055555555555802e+00 4.079147319255869292e-02 -8.660919646840167796e-03
2.118749999999999911e+00 4.072042018944178193e-02 -8.662799660833343449e-03
2.119444444444444464e+00 4.065195879675069512e-02 -8.664641274175753985e-03
2.120138888888889017e+00 4.058165982139964878e-02 -8.666434777882028526e-03
2.120833333333333126e+00 4.051382405485063481e-02 -8.668238606358511997e-03
2.121527777777777679e+00 4.044425337823203542e-02 -8.670022576086660465e-03
2.122222222222222232e+00 4.037698732887710917e-02 -8.671741208465047479e-03
2.122916666666666785e+00 4.030821650184085447e-02 -8.673500905415873138e-03
2.123611111111111338e+00 4.024153397895960382e-02 -8.675275893839670335e-03
2.124305555555555447e+00 4.017367707860473869e-02 -8.677022047610387367e-03
2.125000000000000000e+00 4.010744504898001994e-02 -8.678688991609350561e-03
2.125694444444444553e+00 4.004032793623350794e-02 -8.680294562322382959e-03
2.126388888888888662e+00 3.997379906577108732e-02 -8.681921604098924092e-03
2.127083333333333215e+00 3.990677869926073651e-02 -8.683529949396300018e-03
2.127777777777777768e+00 3.983995686859951452e-02 -8.685070473114338968e-03
2.128472222222222321e+00 3.977323089246530274e-02 -8.686647755748729688e-03
2.129166666666666874e+00 3.970660090856509283e-02 -8.688189610646001454e-03
2.129861111111110983e+00 3.964056645301554382e-02 -8.689763605360320553e-03
2.130555555555555536e+00 3.957438150201773863e-02 -8.691308068340590151e-03
2.131250000000000089e+00 3.950888941406889565e-02 -8.692781819613163916e-03
2.131944444444444198e+00 3.944314567811153110e-02 -8.694213418635922050e-03
2.132638888888888751e+00 3.937816620071666468e-02 -8.695677154692629113e-03
2.133333333333333304e+00 3.931282576697092690e-02 -8.697107296664386561e-03
2.134027777777777857e+00 3.924830223290109998e-02 -8.698526740168558216e-03
2.134722222222222410e+00 3.918332369181092706e-02 -8.699917858471309384e-03
2.135416666666666519e+00 3.911921687432881600e-02 -8.701309862327593833e-03
2.136111111111111072e+00 3.905474313302903511e-02 -8.702710175355850286e-03
2.136805555555555625e+00 3.899111266380118901e-02 -8.704095391806167606e-03
2.137499999999999734e+00 3.892717181762045398e-02 -8.705431528660585380e-03
2.138194444444444731e+00 3.886398807747930284e-02 -8.706739044979715930e-03
2.138888888888888840e+00 3.880053992728670076e-02 -8.708014934386014774e-03
2.139583333333333393e+00 3.873785975258255826e-02 -8.709303130156168665e-03
2.140277777777777946e+00 3.867493528165837080e-02 -8.710542782207245094e-03
2.140972222222222054e+00 3.861273479483999516e-02 -8.711757889263592111e-03
2.141666666666666607e+00 3.855030242429857007e-02 -8.712987494665922969e-03
2.142361111111111160e+00 3.848860709589300988e-02 -8.714233493472521574e-03
2.143055555555555269e+00 3.842676884760458378e-02 -8.715474645817082935e-03
2.143749999999999378e+00 3.836556680273578435e-02 -8.716679901146206014e-03
2.144444444444444375e+00 3.830425628133334037e-02 -8.717810894853740902e-03
2.145138888888888928e+00 3.824353056597275258e-02 -8.718976511370367735e-03
2.145833333333333481e+00 3.818275961838193955e-02 -8.720116452789708483e-03
2.146527777777777590e+00 3.812248778443398656e-02 -8.721239834721086076e-03
2.147222222222222143e+00 3.806220432713647295e-02 -8.722344428516633566e-03
2.147916666666666696e+00 3.800240528325188327e-02 -8.723450359534586779e-03
2.148611111111111249e+00 3.794258965027628994e-02 -8.724516715831291680e-03
2.149305555555555802e+00 3.788328004952286332e-02 -8.725594901236017817e-03
2.149999999999999911e+00 3.782394436865369608e-02 -8.726686830646365051e-03
2.150694444444444464e+00 3.776514043738030818e-02 -8.727760068375228428e-03
2.151388888888889017e+00 3.770637475627260093e-02 -8.728769325095293505e-03
2.152083333333333126e+00 3.764803889238484830e-02 -8.729757540529093154e-03
2.152777777777777679e+00 3.758978539122328349e-02 -8.730764620564624226e-03
2.153472222222222232e+00 3.753195641404926536e-02 -8.731765550528255634e-03
2.154166666666666341e+00 3.747424798550560293e-02 -8.732716798836236485e-03
2.154861111111111338e+00 3.741693372161270653e-02 -8.733708427738301125e-03
2.155555555555555447e+00 3.736047614552834295e-02 -8.734660421836118113e-03
2.156250000000000000e+00 3.730440806870174292e-02 -8.735628955501378162e-03
2.156944444444444553e+00 3.724783752066071485e-02 -8.736591785434741700e-03
2.157638888888888662e+00 3.719091751903660925e-02 -8.737501351767713864e-03
2.158333333333333215e+00 3.713410761802720533e-02 -8.738395828428993303e-03
2.159027777777777768e+00 3.707764966346192154e-02 -8.739290254098067492e-03
2.159722222222222321e+00 3.702171961806780681e-02 -8.740177328453386033e-03
2.160416666666666874e+00 3.696604116669034018e-02 -8.741036608670557304e-03
2.161111111111110983e+00 3.691049178114753915e-02 -8.741898662798291628e-03
2.161805555555555536e+00 3.685528962503129696e-02 -8.742740304423258016e-03
2.162500000000000089e+00 3.680037091622902212e-02 -8.743602470282938952e-03
2.163194444444444198e+00 3.674578257031477918e-02 -8.744465881653343958e-03
2.163888888888888751e+00 3.669117235829226498e-02 -8.745273093233457001e-03
2.164583333333332860e+00 3.663707971601865010e-02 -8.746082947678321742e-03
2.165277777777777857e+00 3.658312670739400502e-02 -8.746859119366841989e-03
2.165972222222222410e+00 3.652959445313411213e-02 -8.747652710421384772e-03
2.166666666666666519e+00 3.647588217114538373e-02 -8.748426210314583576e-03
2.167361111111111072e+00 3.642274833840107584e-02 -8.749206472192115960e-03
2.168055555555555625e+00 3.636971985068523233e-02 -8.749964468823527575e-03
2.168749999999999734e+00 3.631707985402752442e-02 -8.750730910097209367e-03
2.169444444444444731e+00 3.626427660177174161e-02 -8.751496617418202603e-03
2.170138888888888840e+00 3.621204913478753146e-02 -8.752220561726916509e-03
2.170833333333333393e+00 3.615987384053904324e-02 -8.752927397068361454e-03
2.171527777777777946e+00 3.610809907895928123e-02 -8.753643107992712183e-03
2.172222222222222054e+00 3.605611882423987585e-02 -8.754344552621629721e-03
2.172916666666666607e+00 3.600474908004194091e-02 -8.755019980328975285e-03
2.173611111111111160e+00 3.595340117357580939e-02 -8.755717968437585000e-03
2.174305555555555269e+00 3.590248252990802663e-02 -8.756381601158704994e-03
2.174999999999999378e+00 3.585133041821778055e-02 -8.757070038210851629e-03
2.175694444444444375e+00 3.580078947416829444e-02 -8.757755599756333886e-03
2.176388888888888928e+00 3.575028804514987502e-02 -8.758373325410986204e-03
2.177083333333333481e+00 3.570019517037030521e-02 -8.759023487429979521e-03
2.177777777777777590e+00 3.564983288506182874e-02 -8.759667140936507751e-03
2.178472222222222143e+00 3.560006862248705356e-02 -8.760291966937377300e-03
2.179166666666666696e+00 3.555042132771822627e-02 -8.760914519388688163e-03
2.179861111111111249e+00 3.550108228070248534e-02 -8.761538567082404610e-03
2.180555555555555802e+00 3.545150830341564641e-02 -8.762109122634646058e-03
2.181249999999999911e+00 3.540248635723050596e-02 -8.762700390129255293e-03
2.181944444444444464e+00 3.535364638826005851e-02 -8.763305031682197543e-03
2.182638888888889017e+00 3.530502856426230573e-02 -8.763934828606999988e-03
2.183333333333333126e+00 3.525614035068903168e-02 -8.764479806388947303e-03
2.184027777777777679e+00 3.520784152918665644e-02 -8.765011840073664781e-03
2.184722222222222232e+00 3.515979074000408211e-02 -8.765577933929747864e-03
2.185416666666666341e+00 3.511191634982432225e-02 -8.766169238880995584e-03
2.186111111111111338e+00 3.506363680500388519e-02 -8.766701839431760221e-03
2.186805555555555447e+00 3.501607981051824831e-02 -8.767278658122469592e-03
2.187500000000000000e+00 3.496879076826263366e-02 -8.767785000185461183e-03
2.188194444444444553e+00 3.492166083367628793e-02 -8.768332743904583976e-03
2.188888888888888662e+00 3.487398431660654330e-02 -8.768875001549748804e-03
2.189583333333333215e+00 3.482708430446659204e-02 -8.769373873709334494e-03
2.190277777777777768e+00 3.478059849435676670e-02 -8.769875236349521444e-03
2.190972222222222321e+00 3.473415125464306141e-02 -8.770371685939484796e-03
2.191666666666666874e+00 3.468698935150301560e-02 -8.770860875424904557e-03
2.192361111111110983e+00 3.464074656970406174e-02 -8.771349241483003198e-03
2.193055555555555536e+00 3.459511544955810175e-02 -8.771839901814739229e-03
2.193750000000000089e+00 3.454929375754256515e-02 -8.772285331197655564e-03
2.194444444444444198e+00 3.450260582739092530e-02 -8.772764656811142536e-03
2.195138888888888751e+00 3.445702266486181525e-02 -8.773258781528755698e-03
2.195833333333332860e+00 3.441211787665568456e-02 -8.773701389540736542e-03
2.196527777777777857e+00 3.436701731761129114e-02 -8.774159141166498754e-03
2.197222222222222410e+00 3.432085297130343937e-02 -8.774591932134759992e-03
2.197916666666666519e+00 3.427581062575672799e-02 -8.775038098633195990e-03
2.198611111111111072e+00 3.423165826407647411e-02 -8.775459423578442497e-03
2.199305555555555625e+00 3.418703657505697824e-02 -8.775910288974840198e-03
2.199999999999999734e+00 3.414142120577196710e-02 -8.776327824311534395e-03
2.200694444444444731e+00 3.409687517024399123e-02 -8.776713374978340268e-03
2.201388888888888840e+00 3.405327381525776603e-02 -8.777128080215359021e-03
2.202083333333333393e+00 3.400922367503121657e-02 -8.777578855516910208e-03
2.202777777777777946e+00 3.396416651533571557e-02 -8.777959519084690271e-03
2.203472222222222054e+00 3.392007261043206157e-02 -8.778376605723819254e-03
2.204166666666666607e+00 3.387704622965990314e-02 -8.778750750216682275e-03
2.204861111111111160e+00 3.383356683571063506e-02 -8.779158917420180203e-03
2.205555555555555269e+00 3.378902419993737999e-02 -8.779520354644007596e-03
2.206249999999999378e+00 3.374543560923964902e-02 -8.779926476332829480e-03
2.206944444444444375e+00 3.370288579959444808e-02 -8.780257187890543047e-03
2.207638888888888928e+00 3.365990120967123772e-02 -8.780643309374024097e-03
2.208333333333333481e+00 3.361579123071601477e-02 -8.781039979366198414e-03
2.209027777777777590e+00 3.357269102859489901e-02 -8.781392626258611653e-03
2.209722222222222143e+00 3.353062939174119433e-02 -8.781731222313278115e-03
2.210416666666666696e+00 3.348814825624706754e-02 -8.782094534645675660e-03
2.211111111111111249e+00 3.344459539167930068e-02 -8.782436961535560610e-03
2.211805555555555802e+00 3.340190479096348530e-02 -8.782759171519717925e-03
2.212499999999999911e+00 3.336027389751246297e-02 -8.783114360268937798e-03
2.213194444444444464e+00 3.331817762061021343e-02 -8.783413673529442620e-03
2.213888888888889017e+00 3.327509492828135962e-02 -8.783747148775252270e-03
2.214583333333333126e+00 3.323281169983859779e-02 -8.784108934167103588e-03
2.215277777777777679e+00 3.319155180539735267e-02 -8.784381339701066715e-03
2.215972222222222232e+00 3.314991624401831399e-02 -8.784713962950382177e-03
2.216666666666666341e+00 3.310728159947871896e-02 -8.785037949624993972e-03
2.217361111111111338e+00 3.306535635759409036e-02 -8.785357503311353247e-03
2.218055555555555447e+00 3.302460410314694839e-02 -8.785659977383175612e-03
2.218750000000000000e+00 3.298338673589443215e-02 -8.785972492851790161e-03
2.219444444444444553e+00 3.294118503681078142e-02 -8.786175010146132433e-03
2.220138888888888662e+00 3.289965390839669213e-02 -8.786466213942393036e-03
2.220833333333333215e+00 3.285925397544167681e-02 -8.786770867096067861e-03
2.221527777777777768e+00 3.281840507683410346e-02 -8.787037180373479320e-03
2.222222222222222321e+00 3.277665974806025229e-02 -8.787348355179759249e-03
2.222916666666666874e+00 3.273551231755346402e-02 -8.787666425979204568e-03
2.223611111111110983e+00 3.269546589571032530e-02 -8.787945682358008770e-03
2.224305555555555536e+00 3.265503725495388226e-02 -8.788243708172670948e-03
2.225000000000000089e+00 3.261357879844838797e-02 -8.788520422112078984e-03
2.225694444444444198e+00 3.257279733926284060e-02 -8.788763941864346715e-03
2.226388888888888751e+00 3.253310144463903569e-02 -8.789008881109613286e-03
2.227083333333332860e+00 3.249297634220643660e-02 -8.789269336279733821e-03
2.227777777777777857e+00 3.245186761143351722e-02 -8.789523829234856603e-03
2.228472222222222410e+00 3.241138696743613851e-02 -8.789798048023683696e-03
2.229166666666666519e+00 3.237202498561037728e-02 -8.790054433139349310e-03
2.229861111111111072e+00 3.233220153651725215e-02 -8.790255305544074707e-03
2.230555555555555625e+00 3.229143403592929507e-02 -8.790511729681520919e-03
2.231249999999999734e+00 3.225129268333758181e-02 -8.790772893661934900e-03
2.231944444444444731e+00 3.221219623674252686e-02 -8.790980382762342976e-03
2.232638888888888840e+00 3.217273488532114423e-02 -8.791193847414410442e-03
2.233333333333333393e+00 3.213224271198489301e-02 -8.791439075970223019e-03
2.234027777777777946e+00 3.209242932450257629e-02 -8.791716925561890786e-03
2.234722222222222054e+00 3.205365736185680076e-02 -8.791925911994451226e-03
2.235416666666666607e+00 3.201446297564887467e-02 -8.792117724643956286e-03
2.236111111111111160e+00 3.197428057960117337e-02 -8.792348411205835185e-03
2.236805555555555269e+00 3.193504284391800868e-02 -8.792301703407851693e-03
2.237499999999999378e+00 3.189737472744379881e-02 -8.791400962489670859e-03
2.238194444444444375e+00 3.186053106905423898e-02 -8.789352761992726137e-03
2.238888888888888928e+00 3.196679342995361467e-02 -8.785533846863022300e-03
2.239583333333333481e+00 3.353449514429472644e-02 -8.780848859581613305e-03
2.240277777777777590e+00 3.507068098105251691e-02 -8.775207970047814790e-03
2.240972222222222143e+00 3.703085448579589850e-02 -8.767973634959614487e-03
2.241666666666666696e+00 3.868489797821726001e-02 -8.759026305114535685e-03
2.242361111111111249e+00 3.997680711046185803e-02 -8.748296657244010108e-03
2.243055555555555802e+00 4.053841938454252891e-02 -8.735661395683122152e-03
2.243749999999999911e+00 4.025204756158864278e-02 -8.719772461709022343e-03
2.244444444444444464e+00 3.946647880256413943e-02 -8.702503812905054356e-03
2.245138888888889017e+00 3.918894645401669458e-02 -8.682969150006006331e-03
2.245833333333333126e+00 3.915428939321460855e-02 -8.661308624005097101e-03
2.246527777777777679e+00 3.891143019467670217e-02 -8.635222692559500757e-03
2.247222222222222232e+00 3.846269317340047372e-02 -8.604944491527332512e-03
2.247916666666666341e+00 3.842546908934602046e-02 -8.571235514521331755e-03
2.248611111111111338e+00 3.871976462328587804e-02 -8.534394123539812763e-03
2.249305555555555447e+00 3.849624309229050106e-02 -8.493849971195906179e-03
2.250000000000000000e+00 3.770305314082765535e-02 -8.448816978855423418e-03
2.250694444444444553e+00 3.695035645168272265e-02 -8.399792448280670940e-03
2.251388888888888662e+00 3.658805549847769789e-02 -8.345697690366183502e-03
2.252083333333333215e+00 3.653819719652105086e-02 -8.288024023542270302e-03
2.252777777777777768e+00 3.665254113003317549e-02 -8.225255124969627421e-03
2.253472222222222321e+00 3.672732667323388989e-02 -8.156015852565970045e-03
2.254166666666666874e+00 3.677568408099726044e-02 -8.081735001732603257e-03
2.254861111111110983e+00 3.681263730331861550e-02 -8.002335337482117950e-03
2.255555555555555536e+00 3.685327773898985915e-02 -7.916821919469237828e-03
2.256250000000000089e+00 3.691375933260176989e-02 -7.825103552240267324e-03
2.256944444444444198e+00 3.700347801676011350e-02 -7.727706240287919755e-03
2.257638888888888751e+00 3.713907180439625366e-02 -7.625813610340091350e-03
2.258333333333332860e+00 3.732961056087460289e-02 -7.516954849001578412e-03
2.259027777777777857e+00 3.758671068297513018e-02 -7.401072217681168089e-03
2.259722222222222410e+00 3.791739092885603596e-02 -7.280473779702928937e-03
2.260416666666666519e+00 3.833301296005441755e-02 -7.151631120352492169e-03
2.261111111111111072e+00 3.882280415858851974e-02 -7.015967389318735793e-03
2.261805555555555625e+00 3.940638287973826509e-02 -6.873268954006641999e-03
2.262499999999999734e+00 4.008783100299472685e-02 -6.724173871389106660e-03
2.263194444444444731e+00 4.087670287341755443e-02 -6.568336507966622030e-03
2.263888888888888840e+00 4.177657805672165686e-02 -6.402068938622679922e-03
2.264583333333333393e+00 4.272759951200020417e-02 -6.227400956138208661e-03
2.265277777777777946e+00 4.377960857706973685e-02 -6.050485602655204798e-03
2.265972222222222054e+00 4.494575926561955592e-02 -5.866149097866342824e-03
2.266666666666666607e+00 4.619897645960308052e-02 -5.670149060673655532e-03
2.267361111111111160e+00 4.753127069364811857e-02 -5.460966689990201517e-03
2.268055555555555269e+00 4.891389188408643701e-02 -5.242593779317216048e-03
2.268749999999999378e+00 5.033843566324291974e-02 -5.018553519148508286e-03
2.269444444444444375e+00 5.177262288282887676e-02 -4.780600421070636125e-03
2.270138888888888928e+00 5.320726045471255161e-02 -4.538364553805351864e-03
2.270833333333333481e+00 5.460720245888811553e-02 -4.294030110625591916e-03
2.271527777777777590e+00 5.571311547765807337e-02 -4.035504684050359413e-03
2.272222222222222143e+00 5.677362986770444903e-02 -3.760790579008765379e-03
2.272916666666666696e+00 5.779083778035367519e-02 -3.471178743145911239e-03
2.273611111111111249e+00 5.875176389711137676e-02 -3.183255798612229150e-03
2.274305555555555802e+00 5.968126928788280994e-02 -2.900710276231059214e-03
2.274999999999999911e+00 6.067949541692270465e-02 -2.602836074644853965e-03
2.275694444444444464e+00 6.164168646520365447e-02 -2.285995804998250652e-03
2.276388888888889017e+00 6.256351553394047527e-02 -1.963351409056553285e-03
2.277083333333333126e+00 6.347650490337113094e-02 -1.637537978630169847e-03
2.277777777777777679e+00 6.439141356041910846e-02 -1.305128264201839893e-03
2.278472222222222232e+00 6.528848553356851603e-02 -9.611955461882837034e-04
2.279166666666666341e+00 6.616978554282203218e-02 -5.962535653782635595e-04
2.279861111111111338e+00 6.707765563767111028e-02 -2.213623134742543253e-04
2.280555555555555447e+00 6.800668561070360996e-02 1.514699459391510611e-04
2.281250000000000000e+00 6.896952160435902701e-02 5.289707903386586937e-04
2.281944444444444553e+00 6.992056866214330091e-02 9.164259657912608844e-04
2.282638888888888662e+00 7.090348200499942133e-02 1.312643964384024083e-03
2.283333333333333215e+00 7.189286678305049916e-02 1.720451153105171348e-03
2.284027777777777768e+00 7.290450770068929165e-02 2.128802455831155759e-03
2.284722222222222321e+00 7.392335433490529462e-02 2.549739070994467768e-03
2.285416666666666874e+00 6.257726198658733474e-02 2.976328062294598172e-03
2.286111111111110983e+00 4.624088683318375997e-02 3.375073381004460756e-03
2.286805555555555536e+00 3.879998306021813226e-02 3.740797285584151512e-03
2.287500000000000089e+00 4.194983433438005671e-02 4.070098386177781018e-03
2.288194444444444198e+00 4.099623230884814895e-02 4.356161547338306510e-03
2.288888888888888751e+00 3.215320232299729436e-02 4.599114417807871266e-03
2.289583333333332860e+00 3.684124548354993089e-02 4.807819868674549461e-03
2.290277777777777857e+00 3.527864535139198926e-02 4.997133349508246086e-03
2.290972222222222410e+00 3.570611213506973136e-02 5.172442685467433000e-03
2.291666666666666519e+00 3.600103082445470226e-02 5.335045660133068066e-03
2.292361111111111072e+00 3.609938315685997517e-02 5.487827126007234838e-03
2.293055555555555625e+00 3.625397333819895679e-02 5.631189362487198230e-03
2.293749999999999734e+00 3.635071245990252609e-02 5.764877763849968369e-03
2.294444444444444731e+00 3.645979138563366917e-02 5.887612391790115508e-03
2.295138888888888840e+00 3.653943499301707393e-02 5.997864581980845780e-03
2.295833333333333393e+00 3.661261948773407437e-02 6.097010770244294491e-03
2.296527777777777946e+00 3.667237326705175687e-02 6.185801866342953426e-03
2.297222222222222054e+00 3.672143531696114155e-02 6.263619688355636164e-03
2.297916666666666607e+00 3.676153662983610432e-02 6.329951327652781970e-03
2.298611111111111160e+00 3.679125772826322138e-02 6.383109403730381250e-03
2.299305555555555269e+00 3.681456066815189804e-02 6.423243396436014579e-03
2.299999999999999378e+00 3.682816337475033203e-02 6.450829185408265068e-03
2.300694444444444375e+00 3.683682814893136925e-02 6.466382246960705911e-03
2.301388888888888928e+00 3.683634346040259855e-02 6.471387085913971569e-03
2.302083333333333481e+00 3.683248511645201284e-02 6.468634492489959420e-03
2.302777777777777590e+00 3.682053634869619091e-02 6.455736498043481569e-03
2.303472222222222143e+00 3.680627845123782271e-02 6.430238295304217290e-03
2.304166666666666696e+00 3.678479525492360513e-02 6.390950330460794422e-03
2.304861111111111249e+00 3.676197799868885507e-02 6.339442844043297748e-03
2.305555555555555802e+00 3.673677161928915608e-02 6.279715424312007355e-03
2.306249999999999911e+00 3.671307745655388172e-02 6.208618281612020111e-03
2.306944444444444464e+00 3.668306482594422407e-02 6.121914024416317060e-03
2.307638888888889017e+00 3.665298084380408383e-02 6.024113171798249448e-03
2.308333333333333126e+00 3.661816881147619829e-02 5.919131012910828007e-03
2.309027777777777679e+00 3.658373691221463581e-02 5.805501368037672624e-03
2.309722222222222232e+00 3.654618137799130195e-02 5.680305776933245246e-03
2.310416666666666341e+00 3.651007846758476394e-02 5.546045033698355185e-03
2.311111111111111338e+00 3.647076153298465379e-02 5.403790792631083494e-03
2.311805555555555447e+00 3.643299232715842273e-02 5.248357370414952552e-03
2.312500000000000000e+00 3.639144234365748048e-02 5.082919534714981473e-03
2.313194444444444553e+00 3.635113850724084467e-02 4.912132061786633579e-03
2.313888888888888662e+00 3.630843226760685494e-02 4.734596063989463671e-03
2.314583333333333215e+00 3.626757553990216792e-02 4.545946049062353500e-03
2.315277777777777768e+00 3.622376490429506102e-02 4.348736242131858581e-03
2.315972222222222321e+00 3.618132606497003606e-02 4.147416492939414237e-03
2.316666666666666874e+00 3.613710190179119514e-02 3.941058907726403479e-03
2.317361111111110983e+00 3.609495191355469729e-02 3.728914805072054001e-03
2.318055555555555536e+00 3.605148717311986578e-02 3.512872747274646459e-03
2.318750000000000089e+00 3.600931245022036264e-02 3.293965690310546833e-03
2.319444444444444198e+00 3.596605818901069118e-02 3.073195316570486758e-03
2.320138888888888751e+00 3.592244288037321071e-02 2.853660587136701288e-03
2.320833333333332860e+00 3.587740692979193846e-02 2.636769372805151078e-03
2.321527777777777857e+00 3.583118311717398141e-02 2.421741728030841600e-03
2.322222222222222410e+00 3.578528787290024410e-02 2.208748619883352509e-03
2.322916666666666519e+00 3.573865398561793666e-02 1.998902334011040931e-03
2.323611111111111072e+00 3.569122896323721067e-02 1.794044889655383715e-03
2.324305555555555625e+00 3.564365895244044069e-02 1.597495407249985679e-03
2.324999999999999734e+00 3.666290393596641911e-02 1.409452898281275159e-03
2.325694444444444731e+00 3.950676917553958001e-02 1.230588875103923695e-03
2.326388888888888840e+00 4.195810751512502046e-02 1.060330634012820279e-03
2.327083333333333393e+00 4.402072133906253376e-02 8.995172211133144668e-04
2.327777777777777946e+00 4.507820043627026180e-02 7.502891533144252952e-04
2.328472222222222054e+00 4.496371966564621792e-02 6.089582447733881288e-04
2.329166666666666607e+00 4.420429190053549312e-02 4.696541562639338263e-04
2.329861111111111160e+00 4.362480724538712884e-02 3.392524252252159976e-04
2.330555555555555269e+00 4.352152407589864741e-02 2.244837924669577630e-04
2.331249999999999378e+00 4.340707057501798360e-02 1.203491231175745214e-04
2.331944444444444375e+00 4.319914801760858791e-02 2.623848893994528222e-05
2.332638888888888928e+00 4.283068530556686376e-02 -5.952265702607546972e-05
2.333333333333333481e+00 4.256893851613116619e-02 -1.362765069913173172e-04
2.334027777777777590e+00 4.254946983024939650e-02 -2.103899983761300940e-04
2.334722222222222143e+00 4.249256462186694339e-02 -2.833428071901236732e-04
2.335416666666666696e+00 4.246352416952807463e-02 -3.508664922194459999e-04
2.336111111111111249e+00 4.242973258997407432e-02 -4.120295549054946095e-04
2.336805555555555802e+00 4.240822097167456367e-02 -4.668838286340449206e-04
2.337499999999999911e+00 4.305162490823513655e-02 -5.178018667876975239e-04
2.338194444444444464e+00 4.332539278594096932e-02 -5.684375626178520251e-04
2.338888888888889017e+00 4.215629369310775615e-02 -6.214921199842914556e-04
2.339583333333333126e+00 3.341986445270820477e-02 -6.782862656863987210e-04
2.340277777777777679e+00 3.419785402286928955e-02 -7.387519032961482228e-04
2.340972222222222232e+00 3.396447329572743062e-02 -8.021806620406425701e-04
2.341666666666666341e+00 3.408722569991117640e-02 -8.658341857695142510e-04
2.342361111111111338e+00 3.409525577801016116e-02 -9.294565643192180364e-04
2.343055555555555447e+00 3.411207824622356638e-02 -9.932844479495371495e-04
2.343750000000000000e+00 3.411491254911792892e-02 -1.056945668442917661e-03
2.344444444444444553e+00 3.412185229920643853e-02 -1.119074253220041790e-03
2.345138888888888662e+00 3.411480588293368255e-02 -1.181158338118285618e-03
2.345833333333333215e+00 3.410619135612094621e-02 -1.243308769095253239e-03
2.346527777777777768e+00 3.409338544206813593e-02 -1.304996605608790003e-03
2.347222222222222321e+00 3.407713790459995784e-02 -1.366798623578565968e-03
2.347916666666666874e+00 3.405785262301191246e-02 -1.428160658980368253e-03
2.348611111111110983e+00 3.403573024180430590e-02 -1.489266376388946643e-03
2.349305555555555536e+00 3.401224304309712065e-02 -1.550249348092781884e-03
2.350000000000000089e+00 3.398617350571547790e-02 -1.611597642681206633e-03
2.350694444444444198e+00 3.395884464328396968e-02 -1.672897362801014070e-03
2.351388888888888751e+00 3.392941706519964074e-02 -1.734234349894774908e-03
2.352083333333332860e+00 3.389935590328845699e-02 -1.795960158622259082e-03
2.352777777777777857e+00 3.386744821878263922e-02 -1.857807086497296470e-03
2.353472222222222410e+00 3.383501357312219959e-02 -1.919937041046832198e-03
2.354166666666666519e+00 3.380099552836098725e-02 -1.982536399696089181e-03
2.354861111111111072e+00 3.376683583781377868e-02 -2.045494858225134320e-03
2.355555555555555625e+00 3.373149861706151165e-02 -2.108572255005933000e-03
2.356249999999999734e+00 3.369639430985373746e-02 -2.171761580723296191e-03
2.356944444444444731e+00 3.366029591592850645e-02 -2.234884269651295566e-03
2.357638888888888840e+00 3.362450161069276133e-02 -2.297814329798701389e-03
2.358333333333333393e+00 3.358769852619310214e-02 -2.360694447027459307e-03
2.359027777777777946e+00 3.355119030776793770e-02 -2.423819842116555975e-03
2.359722222222222054e+00 3.351352801107149171e-02 -2.487468666167007032e-03
2.360416666666666607e+00 3.347616678235029730e-02 -2.551730074496820922e-03
2.361111111111111160e+00 3.343774487352323133e-02 -2.616652932339079331e-03
2.361805555555555269e+00 3.339964760477041883e-02 -2.682389188554277527e-03
2.362499999999999378e+00 3.336024028664277830e-02 -2.749322165340303738e-03
2.363194444444444375e+00 3.332079207006054256e-02 -2.817700403826374489e-03
2.363888888888888928e+00 3.328010084805147623e-02 -2.887469638107628949e-03
2.364583333333333481e+00 3.323959776642614050e-02 -2.958921935770139535e-03
2.365277777777777590e+00 3.319813910617185060e-02 -3.032039571755731997e-03
2.365972222222222143e+00 3.315746482678832985e-02 -3.105739148885247169e-03
2.366666666666666696e+00 3.311633949528152571e-02 -3.179823142662471271e-03
2.367361111111111249e+00 3.307622435627929902e-02 -3.255400070789298776e-03
2.368055555555555802e+00 3.303565426949931633e-02 -3.332417313639088937e-03
2.368749999999999911e+00 3.358262825262692264e-02 -3.408789476294123676e-03
2.369444444444444464e+00 4.157543985713285650e-02 -3.482130378511055346e-03
2.370138888888889017e+00 4.257791316352844274e-02 -3.552610099790594073e-03
2.370833333333333126e+00 4.040593659797390297e-02 -3.620015834331211622e-03
2.371527777777777679e+00 4.088207298668800060e-02 -3.682203004901099704e-03
2.372222222222222232e+00 4.001100711686021022e-02 -3.737936666010520902e-03
2.372916666666666341e+00 4.075316815118536912e-02 -3.786106897988035947e-03
2.373611111111111338e+00 3.943165464751104826e-02 -3.825847159888211453e-03
2.374305555555555447e+00 3.852395232096767624e-02 -3.858570600287793400e-03
2.375000000000000000e+00 3.819870121648204220e-02 -3.886736542608740068e-03
2.375694444444444553e+00 3.859256495049851604e-02 -3.911395469756944951e-03
2.376388888888888662e+00 3.984792360137148770e-02 -3.933788332643556492e-03
2.377083333333333215e+00 4.053418268545107284e-02 -3.954368714190637825e-03
2.377777777777777768e+00 3.965684232955810073e-02 -3.974929741710056530e-03
2.378472222222222321e+00 4.055754830991013110e-02 -3.995991626887970306e-03
2.379166666666666874e+00 4.019824233136276570e-02 -4.015777398348523326e-03
2.379861111111110983e+00 4.020536525065661337e-02 -4.032954961818817352e-03
2.380555555555555536e+00 4.002354111686839272e-02 -4.045974568546679279e-03
2.381250000000000089e+00 3.993177425500751138e-02 -4.055093287774938493e-03
2.381944444444444198e+00 3.980087454778606648e-02 -4.062067734828070723e-03
2.382638888888888751e+00 3.943442562525012463e-02 -4.066063953660447455e-03
2.383333333333332860e+00 3.999780520395000011e-02 -4.064550190129400178e-03
2.384027777777777857e+00 3.908222612817857655e-02 -4.056629188562150233e-03
2.384722222222222410e+00 3.795754044207937800e-02 -4.042984694898587791e-03
2.385416666666666519e+00 3.772054527769756055e-02 -4.023017889924749603e-03
2.386111111111111072e+00 3.806769562149518726e-02 -3.993341853739614672e-03
2.386805555555555625e+00 3.846307062048424930e-02 -3.949754286538174897e-03
2.387499999999999734e+00 4.163273056866721722e-02 -3.888105521491094872e-03
2.388194444444444731e+00 4.843061844939881150e-02 -3.806638070965477627e-03
2.388888888888888840e+00 5.741155725064956555e-02 -3.702652847692312465e-03
2.389583333333333393e+00 5.490318751644043122e-02 -3.582898210555527600e-03
2.390277777777777946e+00 5.327278223951033981e-02 -3.450305978718830238e-03
2.390972222222222054e+00 5.128680097196778448e-02 -3.308804201653781606e-03
2.391666666666666607e+00 4.954727133458108196e-02 -3.158321077513043251e-03
2.392361111111111160e+00 4.781843335541534346e-02 -2.995975748614025051e-03
2.393055555555555269e+00 5.195728270883700345e-02 -2.829250634915228199e-03
2.393749999999999378e+00 5.611813148137510809e-02 -2.661566743209085612e-03
2.394444444444444375e+00 5.953755398773664942e-02 -2.482351119881823914e-03
2.395138888888888928e+00 6.232559442364658808e-02 -2.292014356932085221e-03
2.395833333333333481e+00 6.481114564825825319e-02 -2.081254635747767194e-03
2.396527777777777590e+00 6.575954607711345656e-02 -1.841681742246079013e-03
2.397222222222222143e+00 6.677250435223598679e-02 -1.584346540778004339e-03
2.397916666666666696e+00 6.784769686293094793e-02 -1.316572228268873867e-03
2.398611111111111249e+00 6.895004657724498887e-02 -1.042202596750661792e-03
2.399305555555555802e+00 7.009419361514339364e-02 -7.573792437284640336e-04
2.399999999999999911e+00 6.864182001506190234e-02 -4.583883068118080046e-04
2.400694444444444464e+00 6.732008757389655595e-02 -1.549289421475861074e-04
2.401388888888889017e+00 6.610575182663473714e-02 1.585103969957575825e-04
2.402083333333333126e+00 6.496202127949524119e-02 4.810398917935650468e-04
2.402777777777777679e+00 6.379899663767923945e-02 8.092487130626325282e-04
2.403472222222222232e+00 6.576135780233029193e-02 1.146064601416507331e-03
2.404166666666666341e+00 6.763946894003358690e-02 1.490362212367038735e-03
2.404861111111111338e+00 6.955496221276485924e-02 1.848465070482320591e-03
2.405555555555555447e+00 7.152261862579956109e-02 2.213183618957140827e-03
2.406250000000000000e+00 7.352268691100904974e-02 2.583127930909680237e-03
2.406944444444444553e+00 6.876088112078336534e-02 2.966691908387797741e-03
2.407638888888888662e+00 6.452002157953905248e-02 3.337352105043228049e-03
2.408333333333333215e+00 5.895694734855028152e-02 3.691636041727495467e-03
2.409027777777777768e+00 5.125928810948323505e-02 4.052690641950817442e-03
2.409722222222222321e+00 4.542005697080158527e-02 4.398858647983570729e-03
2.410416666666666874e+00 4.870341713629970648e-02 4.726646752588705043e-03
2.411111111111110983e+00 5.186262770159944663e-02 5.060129641940445261e-03
2.411805555555555536e+00 5.572151668476014313e-02 5.399267603356315559e-03
2.412500000000000089e+00 5.951079304444890916e-02 5.745681289700410241e-03
2.413194444444444198e+00 6.318664397784405640e-02 6.088830674504109620e-03
2.413888888888888751e+00 6.725260714669928364e-02 6.431999484667334788e-03
2.414583333333332860e+00 7.049880547607402514e-02 6.803979187205567818e-03
2.415277777777777857e+00 7.346803178379100741e-02 7.194313889883406470e-03
2.415972222222222410e+00 7.651490587670660426e-02 7.592325797947883578e-03
2.416666666666666519e+00 7.973407797854821510e-02 8.001925385592413911e-03
2.417361111111111072e+00 7.435821742673014156e-02 8.418075645881114774e-03
2.418055555555555625e+00 6.962634957324723151e-02 8.845914541973006265e-03
2.418749999999999734e+00 6.333058885388039017e-02 9.263133181331031571e-03
2.419444444444444731e+00 5.481117398865266443e-02 9.658704744790915300e-03
2.420138888888888840e+00 4.873151643040760095e-02 1.003327328420664660e-02
2.420833333333333393e+00 5.360506658358370202e-02 1.038584059645007197e-02
2.421527777777777946e+00 5.945275651613279866e-02 1.074390474853416898e-02
2.422222222222222054e+00 6.587089849425478705e-02 1.110596259110381741e-02
2.422916666666666607e+00 7.126945096858025575e-02 1.146386145721572589e-02
2.423611111111111160e+00 7.533790871171383574e-02 1.183504236899237186e-02
2.424305555555555269e+00 9.208915936350543785e-02 1.222319027631455814e-02
2.424999999999999378e+00 1.048101151079130072e-01 1.263307242815959325e-02
2.425694444444444375e+00 1.142294220804252053e-01 1.309512571074924331e-02
2.426388888888888928e+00 1.223270289691755081e-01 1.362135072273319529e-02
2.427083333333333481e+00 1.268159685651848445e-01 1.422446334967661548e-02
2.427777777777777590e+00 1.203469191758035073e-01 1.487442625859149679e-02
2.428472222222222143e+00 1.096811217280007078e-01 1.550342057578130497e-02
2.429166666666666696e+00 9.680111895276294343e-02 1.606549765331417856e-02
2.429861111111111249e+00 7.756792212750775184e-02 1.655565734889550764e-02
2.430555555555555802e+00 5.020310185865826252e-02 1.697786189369084389e-02
2.431249999999999911e+00 5.223229552157983985e-02 1.733343973114538639e-02
2.431944444444444464e+00 5.301901866389675810e-02 1.763388179800379554e-02
2.432638888888889017e+00 5.355869923658259507e-02 1.789919414873223855e-02
2.433333333333333126e+00 5.400477713251408685e-02 1.813274696646472242e-02
2.434027777777777679e+00 5.441202868139803639e-02 1.836091008991050377e-02
2.434722222222222232e+00 5.307672174881310212e-02 1.859782338695255624e-02
2.435416666666666341e+00 5.341641300646905732e-02 1.881162774237445448e-02
2.436111111111111338e+00 5.384556689749288999e-02 1.898832562568741195e-02
2.436805555555555447e+00 5.434796734733750995e-02 1.913481349928469744e-02
2.437500000000000000e+00 5.821196998143704504e-02 1.925146300475157057e-02
2.438194444444444553e+00 5.665895325575343727e-02 1.934170343235224257e-02
2.438888888888888662e+00 5.375697792255603596e-02 1.942345490635657979e-02
2.439583333333333215e+00 5.592691990229935184e-02 1.950993691853113859e-02
2.440277777777777768e+00 5.575622789371262322e-02 1.960079377239993398e-02
2.440972222222222321e+00 5.863561230157102871e-02 1.970118573319387667e-02
2.441666666666666874e+00 5.865377678136393658e-02 1.981616921836100442e-02
2.442361111111110983e+00 5.844879761115329836e-02 1.993172353098676686e-02
2.443055555555555536e+00 5.841821032891797438e-02 2.004008935428925470e-02
2.443750000000000089e+00 5.833852397754166891e-02 2.014202229090112858e-02
2.444444444444444198e+00 5.832189502316421220e-02 2.023746660369482586e-02
2.445138888888888751e+00 5.703634173782189815e-02 2.032748546946743645e-02
2.445833333333332860e+00 5.745573550380390221e-02 2.039932289010053593e-02
2.446527777777777857e+00 5.711980720737765138e-02 2.044637204522413085e-02
2.447222222222222410e+00 6.201108134315928139e-02 2.047184794457852439e-02
2.447916666666666519e+00 6.011337289650308530e-02 2.046811135483310104e-02
2.448611111111111072e+00 6.096413505677801548e-02 2.044210443118277959e-02
2.449305555555555625e+00 5.971666937945067921e-02 2.040907285849591010e-02
2.449999999999999734e+00 6.027862409009522582e-02 2.037127418746993712e-02
2.450694444444444731e+00 5.801961782805806905e-02 2.033366560063051137e-02
2.451388888888888840e+00 5.675851293427622984e-02 2.029893117877631589e-02
2.452083333333333393e+00 5.742520889377525362e-02 2.026479510503795961e-02
2.452777777777777946e+00 5.744705471297907595e-02 2.022554931417155227e-02
2.453472222222222054e+00 5.811194162857302725e-02 2.017431777422367192e-02
2.454166666666666607e+00 5.878960844842139044e-02 2.011212171663399884e-02
2.454861111111111160e+00 5.965474495888037354e-02 2.004135141510297521e-02
2.455555555555555269e+00 6.043634388990153095e-02 1.995950379528335997e-02
2.456249999999999378e+00 5.991313958244910004e-02 1.986314431805380823e-02
2.456944444444444375e+00 6.075747778009139149e-02 1.974885947612477557e-02
2.457638888888888928e+00 6.143406197088577270e-02 1.961474793128967914e-02
2.458333333333333481e+00 4.861598615784569477e-02 1.946193680569437839e-02
2.459027777777777590e+00 5.568723977560482985e-02 1.928608205280262985e-02
2.459722222222222143e+00 6.026434348278990327e-02 1.908654609193346369e-02
2.460416666666666696e+00 6.119094552761250583e-02 1.887145903784551160e-02
2.461111111111111249e+00 5.990819619317807460e-02 1.864370375698844173e-02
2.461805555555555802e+00 5.938136758126725395e-02 1.840519713192692933e-02
2.462499999999999911e+00 5.951423119835750480e-02 1.815462945797328975e-02
2.463194444444444464e+00 5.931142327832934075e-02 1.788735149301378530e-02
2.463888888888889017e+00 5.969567375455607505e-02 1.760329752911317727e-02
2.464583333333333126e+00 6.023085898570233743e-02 1.730670107333014129e-02
2.465277777777777679e+00 6.019011411567828235e-02 1.700437262436688829e-02
2.465972222222222232e+00 5.992984092201392859e-02 1.670202926295004386e-02
2.466666666666666341e+00 5.983533244269925722e-02 1.640207306080014582e-02
2.467361111111111338e+00 5.956458851399533405e-02 1.610401740486437985e-02
2.468055555555555447e+00 5.930579007951006232e-02 1.581032640937603609e-02
2.468750000000000000e+00 5.899930365722212688e-02 1.552314609462634651e-02
2.469444444444444553e+00 5.933871864528275641e-02 1.524077128619405821e-02
2.470138888888888662e+00 5.837883326296642444e-02 1.496431067776052629e-02
2.470833333333333215e+00 5.594010226893601778e-02 1.469543934140831939e-02
2.471527777777777768e+00 5.285321893793758913e-02 1.443094347683690493e-02
2.472222222222222321e+00 4.966975835283484603e-02 1.416771865257529517e-02
2.472916666666666874e+00 4.792301531466391928e-02 1.390600885624765359e-02
2.473611111111110983e+00 4.644063191591282086e-02 1.364650134148092178e-02
2.474305555555555536e+00 4.596844560906181154e-02 1.338894597482591896e-02
2.475000000000000089e+00 4.628978205220165426e-02 1.313228004508080332e-02
2.475694444444444198e+00 4.618345027739680086e-02 1.287483496747386311e-02
2.476388888888888751e+00 4.625361499407373150e-02 1.261634009120435156e-02
2.477083333333332860e+00 4.621636580240489484e-02 1.235783842691417188e-02
2.477777777777777857e+00 4.621086174182224143e-02 1.210111664481526052e-02
2.478472222222222410e+00 4.759195854876983878e-02 1.184653321382763379e-02
2.479166666666666519e+00 4.907471736080267627e-02 1.159422118103028455e-02
2.479861111111111072e+00 4.887650222495014407e-02 1.134439519270315049e-02
2.480555555555555625e+00 4.859901517561344281e-02 1.109670004542973043e-02
2.481249999999999734e+00 4.837834877995525473e-02 1.085106979966801374e-02
2.481944444444444731e+00 4.813340523780021418e-02 1.060785549170283580e-02
2.482638888888888840e+00 4.790856545723079507e-02 1.036890074430338315e-02
2.483333333333333393e+00 4.755118089815970478e-02 1.013268705059945651e-02
2.484027777777777946e+00 4.721016303252289353e-02 9.899240817989771526e-03
2.484722222222222054e+00 4.686775347837413702e-02 9.668700410951473062e-03
2.485416666666666607e+00 4.655926391761121969e-02 9.440834834008095602e-03
2.486111111111111160e+00 4.623655386649427879e-02 9.216019524075519734e-03
2.486805555555555269e+00 4.594794262924459943e-02 8.992781381903540081e-03
2.487499999999999378e+00 4.565479672368547709e-02 8.771778045439330290e-03
2.488194444444444375e+00 4.537366349606675869e-02 8.553560481041269301e-03
2.488888888888888928e+00 4.511477125248312958e-02 8.337649225124865726e-03
2.489583333333333481e+00 4.484685692016572578e-02 8.123333422701972326e-03
2.490277777777777590e+00 4.477732610138061842e-02 7.911621575005271453e-03
2.490972222222222143e+00 4.470768059721843407e-02 7.702517818715538811e-03
2.491666666666666696e+00 4.463112129582921805e-02 7.495646429220789893e-03
2.492361111111111249e+00 4.455756103919360916e-02 7.291634545456969485e-03
2.493055555555555802e+00 4.447701923792345136e-02 7.090369728465083406e-03
2.493749999999999911e+00 4.439993893765026983e-02 6.891099061763487910e-03
2.494444444444444464e+00 4.431556337481898367e-02 6.693750209107100606e-03
2.495138888888889017e+00 4.423406575333313495e-02 6.497363916712783731e-03
2.495833333333333126e+00 4.414616636272958305e-02 6.302683780124170021e-03
2.496527777777777679e+00 4.406190016436842966e-02 6.109973069750252762e-03
2.497222222222222232e+00 4.397208152600341757e-02 5.918999443288352515e-03
2.497916666666666341e+00 4.388700150874365324e-02 5.729722429412052384e-03
2.498611111111111338e+00 4.379700273741949507e-02 5.542052623902588016e-03
2.499305555555555447e+00 4.371198763454071934e-02 5.355705918628174064e-03
2.500000000000000000e+00 4.362177364557748294e-02 5.170917267282177862e-03
2.500694444444444553e+00 4.353641731320946617e-02 4.987269568254546620e-03
2.501388888888888662e+00 4.344632452640333903e-02 4.805480742866385588e-03
2.502083333333333215e+00 4.336154440611446337e-02 4.625695464645105358e-03
2.502777777777777768e+00 4.327217924946839128e-02 4.447647689309578052e-03
2.503472222222222321e+00 4.318800011920740506e-02 4.271041085707816438e-03
2.504166666666666874e+00 4.422116876854461504e-02 4.096824430760001232e-03
2.504861111111110983e+00 4.700846206721670528e-02 3.928354665329871279e-03
2.505555555555555536e+00 4.947377669786458959e-02 3.765346716161069827e-03
2.506250000000000089e+00 5.201603666172836121e-02 3.603774368993640457e-03
2.506944444444444198e+00 5.366949708733750185e-02 3.444281863236562519e-03
2.507638888888888751e+00 5.439403521867858943e-02 3.289059943406392062e-03
2.508333333333332860e+00 5.261786138872702467e-02 3.139202385676919879e-03
2.509027777777777857e+00 5.234660613797407352e-02 2.996184310998050489e-03
2.509722222222222410e+00 5.210364083884706093e-02 2.860153401155212608e-03
2.510416666666666519e+00 5.126725524776511167e-02 2.731959716605903907e-03
2.511111111111111072e+00 5.171077079565345597e-02 2.613210710357212214e-03
2.511805555555555625e+00 4.872055826896805331e-02 2.503726726073672495e-03
2.512499999999999734e+00 4.878586505527234690e-02 2.405058851308791972e-03
2.513194444444444731e+00 4.899253092217323302e-02 2.316329695923686083e-03
2.513888888888888840e+00 4.891168153736878688e-02 2.236831462634864768e-03
2.514583333333333393e+00 5.167061644600715042e-02 2.171868434265740097e-03
2.515277777777777946e+00 6.975367702920481916e-02 2.133926531524154516e-03
2.515972222222222054e+00 8.487491830959843775e-02 2.130400019916910311e-03
2.516666666666666607e+00 9.470078250214195026e-02 2.163746744469522299e-03
2.517361111111111160e+00 1.051223965419018913e-01 2.241329054991909268e-03
2.518055555555555269e+00 9.140477720621578706e-02 2.348466916631419647e-03
2.518749999999999378e+00 7.657663560447908191e-02 2.456304065554882569e-03
2.519444444444444375e+00 6.082463766035173247e-02 2.555526174607223016e-03
2.520138888888888928e+00 4.701002913816072076e-02 2.630926835761648701e-03
2.520833333333333481e+00 4.827754154576244933e-02 2.677523248755075361e-03
2.521527777777777590e+00 4.912957301173815489e-02 2.708057134722477357e-03
2.522222222222222143e+00 4.992244085459373454e-02 2.730143092444887228e-03
2.522916666666666696e+00 5.066963296552241813e-02 2.747530128137606626e-03
2.523611111111111249e+00 5.111221650851251880e-02 2.763066342118679526e-03
2.524305555555555802e+00 5.134157018768600866e-02 2.777471687349421844e-03
2.524999999999999911e+00 4.835698538585514461e-02 2.803703614222412786e-03
2.525694444444444464e+00 8.526015481944836105e-02 2.874171887994582397e-03
2.526388888888889017e+00 1.068711159319064297e-01 3.011470564456772154e-03
2.527083333333333126e+00 1.211493274209567844e-01 3.217059002911033371e-03
2.527777777777777679e+00 1.307984630873313681e-01 3.500691202396089691e-03
2.528472222222222232e+00 1.298359923505090496e-01 3.853403537766668906e-03
2.529166666666666341e+00 1.269968144513850539e-01 4.259800350097296857e-03
2.529861111111111338e+00 1.287764569194566056e-01 4.714947034821608852e-03
2.530555555555555447e+00 1.280998777759974061e-01 5.203028567073415302e-03
2.531250000000000000e+00 1.289870106635498392e-01 5.713321780049501926e-03
2.531944444444444553e+00 1.294509886274930188e-01 6.259174145120855598e-03
2.532638888888888662e+00 1.304253059402794568e-01 6.845580479611246098e-03
2.533333333333333215e+00 1.313975535623393698e-01 7.465020139308576122e-03
2.534027777777777768e+00 1.325794994932654736e-01 8.121577538447822403e-03
2.534722222222222321e+00 1.338400067831324869e-01 8.801105895776942245e-03
2.535416666666666874e+00 1.352316029032389066e-01 9.509245270044158413e-03
2.536111111111110983e+00 1.366676163596684812e-01 1.022871328438467592e-02
2.536805555555555536e+00 1.381463799455775465e-01 1.097806137808107416e-02
2.537500000000000089e+00 1.396327794794310073e-01 1.179508900532030315e-02
2.538194444444444198e+00 1.411155371765464572e-01 1.265823712931233788e-02
2.538888888888888751e+00 1.425424506329288910e-01 1.354118049239212002e-02
2.539583333333332860e+00 1.439258370829422373e-01 1.443483362343747807e-02
2.540277777777777857e+00 1.452569444025671175e-01 1.535161082685033290e-02
2.540972222222222410e+00 1.465306677735532248e-01 1.629020769256738291e-02
2.541666666666666519e+00 1.477309769673075535e-01 1.726496275327483315e-02
2.542361111111111072e+00 1.488841512564799130e-01 1.828133233143936637e-02
2.543055555555555625e+00 1.499646444418302749e-01 1.931171293389593105e-02
2.543749999999999734e+00 1.509960366459885683e-01 2.037204302278800006e-02
2.544444444444444731e+00 1.519657515859307306e-01 2.148083238917191176e-02
2.545138888888888840e+00 1.529021770708034467e-01 2.261111557437644679e-02
2.545833333333333393e+00 1.514871237846756591e-01 2.374874927281210579e-02
2.546527777777777946e+00 1.495762887780204831e-01 2.488172488238143271e-02
2.547222222222222054e+00 1.465324965356390730e-01 2.599149981050211111e-02
2.547916666666666607e+00 1.435026633311736743e-01 2.710643515018594171e-02
2.548611111111111160e+00 1.401987191981089176e-01 2.819992150090006033e-02
2.549305555555555269e+00 1.407246484227228644e-01 2.928192146731618123e-02
2.549999999999999378e+00 1.414308340466079450e-01 3.036871836815444384e-02
2.550694444444444375e+00 1.419279606262676685e-01 3.143382502248188298e-02
2.551388888888888928e+00 1.424659170553371768e-01 3.249813363205135419e-02
2.552083333333333481e+00 1.429490508518670988e-01 3.354271654149747900e-02
2.552777777777777590e+00 1.488947968127338484e-01 3.457998181372214791e-02
2.553472222222222143e+00 1.536808951607020191e-01 3.566193676051299805e-02
2.554166666666666696e+00 1.586224927293233278e-01 3.675114626335363593e-02
2.554861111111111249e+00 1.626068470769043706e-01 3.784747727088283442e-02
2.555555555555555802e+00 1.655181320202980810e-01 3.900125395894809416e-02
2.556249999999999911e+00 1.660098094474452834e-01 4.021000010660896740e-02
2.556944444444444464e+00 1.665852854702647434e-01 4.146568541674020003e-02
2.557638888888889017e+00 1.672888438034345060e-01 4.270824304722789511e-02
2.558333333333333126e+00 1.680261743076664760e-01 4.397060524497675010e-02
2.559027777777777679e+00 1.688644571862535360e-01 4.532176952164686939e-02
2.559722222222222232e+00 1.697567773842918459e-01 4.668319362016282864e-02
2.560416666666666341e+00 1.707657058598152922e-01 4.802050698674038831e-02
2.561111111111111338e+00 1.718537793913524625e-01 4.933947283431716624e-02
2.561805555555555447e+00 1.730782799303971498e-01 5.062409004329770923e-02
2.562500000000000000e+00 1.744010662358181918e-01 5.189468322547761275e-02
2.563194444444444553e+00 1.757348979658279742e-01 5.314414425319243657e-02
2.563888888888888662e+00 1.771743140231443747e-01 5.436434220432197900e-02
2.564583333333333215e+00 1.787743579725094567e-01 5.555232786142600548e-02
2.565277777777777768e+00 1.804781504441600737e-01 5.673140727500183139e-02
2.565972222222222321e+00 1.823317772803847991e-01 5.791539898060800440e-02
2.566666666666666874e+00 1.844231448029878817e-01 5.897344774062580203e-02
2.567361111111110983e+00 1.866448430390121593e-01 5.993072257024700811e-02
2.568055555555555536e+00 1.889191387155985946e-01 6.094271783717591234e-02
2.568750000000000089e+00 1.912885788289233058e-01 6.195992528250545556e-02
2.569444444444444198e+00 1.936676722215875668e-01 6.292317156088506058e-02
2.570138888888888751e+00 1.960772708698566291e-01 6.381448242713926022e-02
2.570833333333332860e+00 1.984306801102286022e-01 6.464273467114714511e-02
2.571527777777777857e+00 2.007885375603113975e-01 6.552114936733965944e-02
2.572222222222222410e+00 2.030445444064604421e-01 6.643785715813195492e-02
2.572916666666666519e+00 2.052517263219236776e-01 6.733006757127547870e-02
2.573611111111111072e+00 2.073276568128493980e-01 6.823222399680856087e-02
2.574305555555555625e+00 2.093041711215987699e-01 6.907908045185928714e-02
2.574999999999999734e+00 2.110899486327344754e-01 6.986272416596354951e-02
2.575694444444444731e+00 2.127433108345420376e-01 7.062650359889316443e-02
2.576388888888888840e+00 2.141819788622346954e-01 7.138884225817847262e-02
2.577083333333333393e+00 1.994581798539391271e-01 7.211076116501470568e-02
2.577777777777777946e+00 1.765555158294339622e-01 7.274814276319450934e-02
2.578472222222222054e+00 1.496459863935398205e-01 7.331911819624221949e-02
2.579166666666666607e+00 1.081186511376333315e-01 7.374489227900174471e-02
2.579861111111111160e+00 7.509312397258820215e-02 7.398125099104752023e-02
2.580555555555555269e+00 9.169350813284950219e-02 7.410046240815729157e-02
2.581249999999999378e+00 8.996711153476351364e-02 7.414322794073653633e-02
2.581944444444444375e+00 9.311572627544735525e-02 7.412716169626248908e-02
2.582638888888888928e+00 9.733270839780729100e-02 7.409047699592760661e-02
2.583333333333333481e+00 9.733997077481119919e-02 7.403770582885384199e-02
2.584027777777777590e+00 9.846062262624646899e-02 7.394949616888846222e-02
2.584722222222222143e+00 9.940110031504846566e-02 7.383830173165212285e-02
2.585416666666666696e+00 1.003553772365519819e-01 7.371406484315130847e-02
2.586111111111111249e+00 1.011409069642366793e-01 7.356564205460199013e-02
2.586805555555555802e+00 1.017799662575246539e-01 7.339368598471315841e-02
2.587499999999999911e+00 1.015761016524045213e-01 7.319521969070048872e-02
2.588194444444444464e+00 1.016109860381105845e-01 7.296355402388954303e-02
2.588888888888889017e+00 1.030546866766368364e-01 7.269794506930291056e-02
2.589583333333333126e+00 1.035557244326927862e-01 7.239748407149247666e-02
2.590277777777777679e+00 1.034859406884869049e-01 7.206161350940611110e-02
2.590972222222222232e+00 1.038853535376656340e-01 7.169527795744636001e-02
2.591666666666666341e+00 1.039680652025733593e-01 7.129812418212015668e-02
2.592361111111111338e+00 1.042580548054085621e-01 7.085552050368525145e-02
2.593055555555555447e+00 1.044704095228286556e-01 7.036880891236758917e-02
2.593750000000000000e+00 1.046596011562508505e-01 6.985793372796769707e-02
2.594444444444444553e+00 1.052562932824759462e-01 6.932943005285180371e-02
2.595138888888888662e+00 1.037911154360716265e-01 6.877638387849965840e-02
2.595833333333333215e+00 9.984430178779905851e-02 6.817487803745350683e-02
2.596527777777777768e+00 9.466275255258482790e-02 6.751231594590026419e-02
2.597222222222222321e+00 8.918302105389776246e-02 6.681809339564906414e-02
2.597916666666666874e+00 8.822286281617222614e-02 6.610827968906150820e-02
2.598611111111110983e+00 8.718887023029740779e-02 6.537023602307666381e-02
2.599305555555555536e+00 8.617230364266059706e-02 6.460446358110490117e-02
2.600000000000000089e+00 8.517987387535304322e-02 6.381789380120274358e-02
2.600694444444444198e+00 8.422003372040227920e-02 6.300726685695048901e-02
2.601388888888888751e+00 1.026428362865026700e-01 6.217347839270811333e-02
2.602083333333332860e+00 1.034183562702095660e-01 6.132728132209164934e-02
2.602777777777777857e+00 9.938993658778713658e-02 6.047800278689623166e-02
2.603472222222222410e+00 9.907112778068230541e-02 5.963097798399513705e-02
2.604166666666666519e+00 9.638578870927394515e-02 5.878317115434048695e-02
2.604861111111111072e+00 9.327767994651457728e-02 5.793895235521872439e-02
2.605555555555555625e+00 1.072378429849636522e-01 5.712869677470690938e-02
2.606249999999999734e+00 1.520527147461857576e-01 5.640088352991542986e-02
2.606944444444444731e+00 1.689739464505431998e-01 5.570751088192290451e-02
2.607638888888888840e+00 1.946492114265723772e-01 5.498206571464830245e-02
2.608333333333333393e+00 1.741531860480747540e-01 5.425820115580880232e-02
2.609027777777777946e+00 1.589544803492944913e-01 5.355362209692537956e-02
2.609722222222222054e+00 1.432881657645842521e-01 5.284641503034423482e-02
2.610416666666666607e+00 1.272025271636808563e-01 5.213356672052407020e-02
2.611111111111111160e+00 1.072103450254254103e-01 5.141469525727958290e-02
2.611805555555555269e+00 1.030640749638817855e-01 5.069034217517921076e-02
2.612499999999999378e+00 1.065973505060654331e-01 4.997018180987214397e-02
2.613194444444444375e+00 1.013972067080540634e-01 4.926269652686592754e-02
2.613888888888888928e+00 1.020207815506028043e-01 4.857147634831920913e-02
2.614583333333333481e+00 9.991982696847789835e-02 4.790085627647922006e-02
2.615277777777777590e+00 9.731026658473741764e-02 4.725468003715027621e-02
2.615972222222222143e+00 9.480857792809234408e-02 4.663410408296763537e-02
2.616666666666666696e+00 9.314057134881724431e-02 4.604015007473976490e-02
2.617361111111111249e+00 9.183022974645457803e-02 4.547338790270593484e-02
2.618055555555555802e+00 9.100757317492805254e-02 4.492934288370472456e-02
2.618749999999999911e+00 9.115609808200252073e-02 4.440431232739797118e-02
2.619444444444444464e+00 9.119003903197042682e-02 4.390037052239073589e-02
2.620138888888889017e+00 9.121194222187657685e-02 4.341999566702132995e-02
2.620833333333333126e+00 9.120080578214739830e-02 4.296192477818452926e-02
2.621527777777777679e+00 9.116230071321709816e-02 4.252800292604970445e-02
2.622222222222222232e+00 9.333526894656607453e-02 4.211746814591121185e-02
2.622916666666666341e+00 9.832696434303936361e-02 4.173930507683693003e-02
2.623611111111111338e+00 1.061353627257712318e-01 4.139375075390697850e-02
2.624305555555555447e+00 1.170730310390796503e-01 4.108175650874894280e-02
2.625000000000000000e+00 1.284869454011828560e-01 4.080765321818193708e-02
2.625694444444444553e+00 1.265592543803897296e-01 4.056664130951459502e-02
2.626388888888888662e+00 1.252630529649785551e-01 4.034634500054341127e-02
2.627083333333333215e+00 1.239687179209880419e-01 4.014098836144010252e-02
2.627777777777777768e+00 1.228664064863634331e-01 3.995192354102314325e-02
2.628472222222222321e+00 1.218139077443781693e-01 3.977931417672966874e-02
2.629166666666666874e+00 1.185891742511918368e-01 3.962751762599324434e-02
2.629861111111110983e+00 1.154425385618632893e-01 3.949167144486365882e-02
2.630555555555555536e+00 1.124539440198660534e-01 3.936690490750064525e-02
2.631250000000000089e+00 1.095884613590620560e-01 3.925520948197440407e-02
2.631944444444444198e+00 1.069014293176447500e-01 3.915271881951112171e-02
2.632638888888888751e+00 1.138753192359088784e-01 3.905765431583670122e-02
2.633333333333332860e+00 1.210576425814315210e-01 3.898428907158934392e-02
2.634027777777777857e+00 1.274462153750301474e-01 3.892799578809886391e-02
2.634722222222222410e+00 1.327798275389395211e-01 3.889357892386047233e-02
2.635416666666666519e+00 1.370822032676055069e-01 3.887679857547970269e-02
2.636111111111111072e+00 1.595301172187827410e-01 3.887960745499433740e-02
2.636805555555555625e+00 1.813175014220820280e-01 3.893365509395262797e-02
2.637499999999999734e+00 1.922242847362954643e-01 3.904280013320483855e-02
2.638194444444444731e+00 2.060076986277671329e-01 3.920406960315444417e-02
2.638888888888888840e+00 2.138177686467490346e-01 3.943387168150707528e-02
2.639583333333333393e+00 2.109673419585691712e-01 3.972392819027364963e-02
2.640277777777777946e+00 2.082108825603026514e-01 4.005527749029316742e-02
2.640972222222222054e+00 2.062081270668217059e-01 4.037796481381406011e-02
2.641666666666666607e+00 2.044284987143075438e-01 4.068843740990664426e-02
2.642361111111111160e+00 2.030181368518358398e-01 4.103179590381889064e-02
2.643055555555555269e+00 2.018797053072203529e-01 4.140405768966635286e-02
2.643749999999999378e+00 2.010005017870570010e-01 4.178140909417844134e-02
2.644444444444444375e+00 2.002901479891832648e-01 4.214234696724279694e-02
2.645138888888888928e+00 1.997304345601668696e-01 4.250325455448440010e-02
2.645833333333333481e+00 1.992943915294717594e-01 4.288356208712432172e-02
2.646527777777777590e+00 1.997227730172229931e-01 4.326868167492579909e-02
2.647222222222222143e+00 2.002162805769363008e-01 4.368290385094629469e-02
2.647916666666666696e+00 2.007430947889730088e-01 4.410500789121262616e-02
2.648611111111111249e+00 2.013425070307506282e-01 4.453551286814749072e-02
2.649305555555555802e+00 2.019614722208037949e-01 4.501884694065066972e-02
2.649999999999999911e+00 2.018914796376295451e-01 4.552645059544362105e-02
2.650694444444444464e+00 2.018769022762424703e-01 4.602550072403043674e-02
2.651388888888889017e+00 2.019364597857364885e-01 4.654345164770188475e-02
2.652083333333333126e+00 2.020062632977129291e-01 4.711670647145758950e-02
2.652777777777777679e+00 2.021281614002613525e-01 4.773471856308230538e-02
2.653472222222222232e+00 2.022084183874326424e-01 4.834555824985523054e-02
2.654166666666666341e+00 2.023299719992380785e-01 4.897855023378309969e-02
2.654861111111111338e+00 2.024464549031242122e-01 4.963974850354358620e-02
2.655555555555555447e+00 2.025964041512391400e-01 5.029597333180253760e-02
2.656250000000000000e+00 2.027363316514103897e-01 5.097444772311408162e-02
2.656944444444444553e+00 2.029514464375654081e-01 5.170156357271349368e-02
2.657638888888888662e+00 2.031652399895498284e-01 5.246041342597489859e-02
2.658333333333333215e+00 2.034056824556549903e-01 5.318779915172058836e-02
2.659027777777777768e+00 2.036349702513021998e-01 5.391389736967032442e-02
2.659722222222222321e+00 2.038992289277053449e-01 5.469579521187983157e-02
2.660416666666666874e+00 2.041186529592052545e-01 5.550415919418915517e-02
2.661111111111110983e+00 2.043736776345541906e-01 5.632098088728626495e-02
2.661805555555555536e+00 2.046232308312392056e-01 5.713223754704849222e-02
2.662500000000000089e+00 2.049059184620491691e-01 5.794170218121013488e-02
2.663194444444444198e+00 2.051818710699359893e-01 5.878833844090461391e-02
2.663888888888888751e+00 2.055325160020263497e-01 5.960618507080354261e-02
2.664583333333332860e+00 2.058758859778196948e-01 6.040066149803505202e-02
2.665277777777777857e+00 2.062551686294384901e-01 6.126812043229650645e-02
2.665972222222222410e+00 2.066293248228724955e-01 6.219400372865972748e-02
2.666666666666666519e+00 2.070418291462502169e-01 6.313067752176522440e-02
2.667361111111111072e+00 1.928701084915528940e-01 6.396565640883708492e-02
2.668055555555555625e+00 1.753510265462893125e-01 6.469228103985989742e-02
2.668749999999999734e+00 1.545177866638940412e-01 6.541356230505729341e-02
2.669444444444444287e+00 1.273374998553966353e-01 6.612934236895530449e-02
2.670138888888888840e+00 8.934646043467060761e-02 6.675067495407156770e-02
2.670833333333332948e+00 9.065210979744685316e-02 6.721346040625551799e-02
2.671527777777777501e+00 8.996955571845788313e-02 6.753393310540835304e-02
2.672222222222222054e+00 9.023466074267588732e-02 6.781139230322379141e-02
2.672916666666667052e+00 9.121276836605395066e-02 6.808628032785009332e-02
2.673611111111111160e+00 9.240629187363540165e-02 6.830854605274208624e-02
2.674305555555555713e+00 9.361096882511556194e-02 6.846181391147423967e-02
2.675000000000000266e+00 9.526004125638208586e-02 6.857327689077556687e-02
2.675694444444444375e+00 9.837140483311805628e-02 6.866425714511266432e-02
2.676388888888888928e+00 1.035974126088202718e-01 6.872701266879426008e-02
2.677083333333333481e+00 1.115164775726159435e-01 6.875029412007641061e-02
2.677777777777777590e+00 1.519896217273080663e-01 6.874926178516768682e-02
2.678472222222222143e+00 1.769929649879755651e-01 6.874233219626313396e-02
2.679166666666666696e+00 2.031211332441225370e-01 6.877159128911423946e-02
2.679861111111110805e+00 2.174579473367727611e-01 6.886660711217879038e-02
2.680555555555555358e+00 2.327968423914207330e-01 6.902573750028086208e-02
2.681249999999999911e+00 2.284932328575735028e-01 6.923196179546027562e-02
2.681944444444444020e+00 2.264907780362354628e-01 6.942189350947890192e-02
2.682638888888888573e+00 2.245718564468720813e-01 6.958214174188184775e-02
2.683333333333333570e+00 2.235026077849482096e-01 6.972956061131761751e-02
2.684027777777778123e+00 2.227665202550962731e-01 6.985612349339483107e-02
2.684722222222222232e+00 2.223397330301933317e-01 6.995505301527109310e-02
2.685416666666666785e+00 2.221573472810867145e-01 7.004138696317581403e-02
2.686111111111111338e+00 2.222651281884671648e-01 7.013878036674944805e-02
2.686805555555555447e+00 2.225873799212950144e-01 7.023040659564573629e-02
2.687500000000000000e+00 2.231221063225906631e-01 7.031479279944401195e-02
2.688194444444444553e+00 2.252687532530332493e-01 7.037824776223641776e-02
2.688888888888888662e+00 2.274757271529611324e-01 7.043381598463370474e-02
2.689583333333333215e+00 2.296726736467736008e-01 7.051247693392923011e-02
2.690277777777777768e+00 2.319526037258043405e-01 7.060213683332534906e-02
2.690972222222221877e+00 2.342109174059749110e-01 7.068428460453810014e-02
2.691666666666666430e+00 2.351494741772748309e-01 7.075239692895152199e-02
2.692361111111110983e+00 2.361113203053862852e-01 7.081271855088508427e-02
2.693055555555555092e+00 2.371346148084813865e-01 7.088420587160523811e-02
2.693750000000000089e+00 2.381027664572469560e-01 7.098427683557932688e-02
2.694444444444444642e+00 2.390876271310870271e-01 7.105786412738547553e-02
2.695138888888889195e+00 2.399310117631427430e-01 7.111186267237579184e-02
2.695833333333333304e+00 2.407612466026828879e-01 7.119256326440898119e-02
2.696527777777777857e+00 2.414833160912386312e-01 7.127717482810889960e-02
2.697222222222222410e+00 2.421676950563194097e-01 7.136983503861971112e-02
2.697916666666666519e+00 2.427314677748640126e-01 7.145250431411009906e-02
2.698611111111111072e+00 2.433028464938313817e-01 7.151472378675188812e-02
2.699305555555555625e+00 2.437459315724086473e-01 7.157949619929460106e-02
2.699999999999999734e+00 2.441248479175902042e-01 7.165111136097053468e-02
2.700694444444444287e+00 2.443727903434493309e-01 7.175455943642429502e-02
2.701388888888888840e+00 2.445500869491236129e-01 7.187332172521807006e-02
2.702083333333332948e+00 2.444772886436556159e-01 7.197450851221083579e-02
2.702777777777777501e+00 2.443442639712111730e-01 7.209343593969416708e-02
2.703472222222222054e+00 2.440987724817856863e-01 7.221907020327862636e-02
2.704166666666667052e+00 2.437941897311757256e-01 7.235276702690798811e-02
2.704861111111111160e+00 2.433873679871589590e-01 7.254699471513026410e-02
2.705555555555555713e+00 2.429313401285095042e-01 7.280704754737188367e-02
2.706250000000000266e+00 2.423885086739279993e-01 7.310838543440090209e-02
2.706944444444444375e+00 2.418074168769193677e-01 7.340923440856007842e-02
2.707638888888888928e+00 2.411562735108774003e-01 7.374506539705621977e-02
2.708333333333333481e+00 2.404798476669834650e-01 7.412957320630188252e-02
2.709027777777777590e+00 2.396873867768631317e-01 7.449473241746193408e-02
2.709722222222222143e+00 2.388829962767028137e-01 7.488931985148959691e-02
2.710416666666666696e+00 2.380379766957696763e-01 7.534218897223297906e-02
2.711111111111110805e+00 2.371904027468401954e-01 7.581124897958078923e-02
2.711805555555555358e+00 2.363098097560173416e-01 7.628678911642304550e-02
2.712499999999999911e+00 2.354297592020125063e-01 7.671219465981297947e-02
2.713194444444444020e+00 2.345210538542448486e-01 7.715078201818294235e-02
2.713888888888888573e+00 2.336147721067367289e-01 7.768373374975266754e-02
2.714583333333333570e+00 2.326828039805163006e-01 7.819784838363365298e-02
2.715277777777778123e+00 2.317554705332375564e-01 7.862836379803130049e-02
2.715972222222222232e+00 2.307438386728300483e-01 7.902097625611971543e-02
2.716666666666666785e+00 2.297381516030075066e-01 7.935417340502858019e-02
2.717361111111111338e+00 2.287100621335624306e-01 7.963192306463683090e-02
2.718055555555555447e+00 2.276857044095720872e-01 7.992653071654168273e-02
2.718750000000000000e+00 2.266367219176441128e-01 8.024168999575947980e-02
2.719444444444444553e+00 2.255889061873845303e-01 8.050784577658719188e-02
2.720138888888888662e+00 2.245136699301033545e-01 8.072860671483127193e-02
2.720833333333333215e+00 2.234375045023797302e-01 8.096478635589118844e-02
2.721527777777777768e+00 2.223356169682482453e-01 8.115815180870471213e-02
2.722222222222221877e+00 2.212357024521777460e-01 8.127826964984272151e-02
2.722916666666666430e+00 2.200364193013179537e-01 8.139467085654335243e-02
2.723611111111110983e+00 2.188408175011100354e-01 8.150436141556591241e-02
2.724305555555555092e+00 2.176231893616644986e-01 8.159629503340765089e-02
2.725000000000000089e+00 2.164088769014987645e-01 8.168023143528216345e-02
2.725694444444444642e+00 2.151713570958062316e-01 8.174425891156673896e-02
2.726388888888889195e+00 2.138512687234180865e-01 8.178970593974171921e-02
2.727083333333333304e+00 2.125089137997966116e-01 8.178190793088660482e-02
2.727777777777777857e+00 2.111707655463359312e-01 8.172169873495613301e-02
2.728472222222222410e+00 2.098097235312099129e-01 8.166942773693421087e-02
2.729166666666666519e+00 2.084516973656667382e-01 8.162920057424785658e-02
2.729861111111111072e+00 2.070710514166130556e-01 8.158929108114515438e-02
2.730555555555555625e+00 2.056924381651765998e-01 8.152064608330679418e-02
2.731249999999999734e+00 2.042920146930830294e-01 8.142027921498858067e-02
2.731944444444444287e+00 2.028966915650498859e-01 8.132069166560451645e-02
2.732638888888888840e+00 2.014858390554890022e-01 8.120370940624865863e-02
2.733333333333332948e+00 1.998905167291125662e-01 8.107054554732169571e-02
2.734027777777777501e+00 1.982915770538529188e-01 8.092459853273401005e-02
2.734722222222222054e+00 1.967167603917602814e-01 8.075582679214624027e-02
2.735416666666667052e+00 1.951420075665482312e-01 8.057104591514133163e-02
2.736111111111111160e+00 1.935945765111588279e-01 8.037187873639649316e-02
2.736805555555555713e+00 1.921503319290097378e-01 8.017817676676555760e-02
2.737500000000000266e+00 1.907324131517985355e-01 7.998095382398019704e-02
2.738194444444444375e+00 1.893186007421979178e-01 7.976165010348820750e-02
2.738888888888888928e+00 1.879385453551017382e-01 7.953869650592040874e-02
2.739583333333333481e+00 1.865674958355533208e-01 7.930034558031080760e-02
2.740277777777777590e+00 1.850490187350820048e-01 7.903698038441735185e-02
2.740972222222222143e+00 1.835524286147635353e-01 7.876998835761206408e-02
2.741666666666666696e+00 1.820793888204617350e-01 7.850389851993491708e-02
2.742361111111110805e+00 1.805851379725764150e-01 7.823105476930457269e-02
2.743055555555555358e+00 1.790815066638044573e-01 7.793921623485167149e-02
2.743749999999999911e+00 1.775241931662552008e-01 7.764729121351104935e-02
2.744444444444444020e+00 1.759270090011230414e-01 7.735691648225166694e-02
2.745138888888888573e+00 1.742479397995392865e-01 7.705670241414018518e-02
2.745833333333333570e+00 1.725034848890923123e-01 7.675389601005812301e-02
2.746527777777778123e+00 1.706533527046980581e-01 7.643973531623216022e-02
2.747222222222222232e+00 1.708409978232727777e-01 7.612052241396045915e-02
2.747916666666666785e+00 1.709791077704063689e-01 7.579734851165112475e-02
2.748611111111111338e+00 1.710617005330782037e-01 7.546071724337680142e-02
2.749305555555555447e+00 1.710994929724998781e-01 7.511993855389602348e-02
2.750000000000000000e+00 1.711245884175869036e-01 7.477842080173394135e-02
2.750694444444444553e+00 1.686732632343533878e-01 7.444121224270540405e-02
2.751388888888888662e+00 1.661143767851305242e-01 7.410516035290397319e-02
2.752083333333333215e+00 1.634511354439337483e-01 7.374847370556422699e-02
2.752777777777777768e+00 1.606825560409015363e-01 7.338655939311526655e-02
2.753472222222221877e+00 1.578349402421542202e-01 7.302313932659941498e-02
2.754166666666666430e+00 1.548079492124925516e-01 7.265478733562517888e-02
2.754861111111110983e+00 1.517625842487537180e-01 7.228833078879996765e-02
2.755555555555555092e+00 1.487674713754058853e-01 7.190607541000428038e-02
2.756250000000000089e+00 1.458254092415167680e-01 7.150549600633067382e-02
2.756944444444444642e+00 1.430024086576274223e-01 7.110130831915748018e-02
2.757638888888889195e+00 1.401532014555989525e-01 7.069785171465986506e-02
2.758333333333333304e+00 1.375091232577075884e-01 7.029483380332698927e-02
2.759027777777777857e+00 1.350703076974128503e-01 6.987107131155055606e-02
2.759722222222222410e+00 1.329065863674955827e-01 6.943215373316971584e-02
2.760416666666666519e+00 1.309749768761988842e-01 6.900015894395701566e-02
2.761111111111111072e+00 1.291994178073040678e-01 6.856566182287372746e-02
2.761805555555555625e+00 1.276484995478827655e-01 6.811915483333773336e-02
2.762499999999999734e+00 1.263387124941057482e-01 6.765520869275713778e-02
2.763194444444444287e+00 1.252134672250530822e-01 6.718318412486361246e-02
2.763888888888888840e+00 1.242999668895333754e-01 6.671258734204679741e-02
2.764583333333332948e+00 1.235363219652707845e-01 6.623636711448577241e-02
2.765277777777777501e+00 1.229540677632202372e-01 6.575262756776600881e-02
2.765972222222222054e+00 1.224860444544716709e-01 6.525250693462518459e-02
2.766666666666667052e+00 1.221655853615235127e-01 6.474225900190072602e-02
2.767361111111111160e+00 1.219207450651944996e-01 6.423213786623825639e-02
2.768055555555555713e+00 1.217862858602022230e-01 6.371600708877642183e-02
2.768750000000000266e+00 1.216845794021497451e-01 6.319198618348054186e-02
2.769444444444444375e+00 1.216510973978974508e-01 6.265935687681717381e-02
2.770138888888888928e+00 1.216019775161675809e-01 6.211687055806212193e-02
2.770833333333333481e+00 1.215716694008404930e-01 6.156548733722999600e-02
2.771527777777777590e+00 1.214809591377721126e-01 6.100864903362107627e-02
2.772222222222222143e+00 1.213783687393258787e-01 6.044922500376196522e-02
2.772916666666666696e+00 1.211954237848391902e-01 5.988456375596116349e-02
2.773611111111110805e+00 1.209851860601729862e-01 5.931351845840207582e-02
2.774305555555555358e+00 1.206750862412192399e-01 5.873896882184064666e-02
2.774999999999999911e+00 1.213555479271766629e-01 5.815715895291891091e-02
2.775694444444444020e+00 1.287780033030047899e-01 5.756260489621095600e-02
2.776388888888888573e+00 1.258154504626954606e-01 5.695586574562856719e-02
2.777083333333333570e+00 1.253281874492071235e-01 5.633988087192315364e-02
2.777777777777778123e+00 8.827906650999375882e-02 5.569836066692539917e-02
2.778472222222222232e+00 1.003909848301482305e-01 5.502936111193117152e-02
2.779166666666666785e+00 1.157842115229685692e-01 5.435086560172396747e-02
2.779861111111111338e+00 1.273078103125822313e-01 5.367893190283230809e-02
2.780555555555555447e+00 1.262178417862983848e-01 5.301495097066900170e-02
2.781250000000000000e+00 1.233117592267677642e-01 5.236504358072693183e-02
2.781944444444444553e+00 1.247117890968637566e-01 5.173205371327680574e-02
2.782638888888888662e+00 1.235441979707139343e-01 5.108383560793052641e-02
2.783333333333333215e+00 1.142146143334601266e-01 5.040434619518798648e-02
2.784027777777777768e+00 9.399747861651172598e-02 4.971337828562191058e-02
2.784722222222221877e+00 9.906192948207408200e-02 4.902099603077444273e-02
2.785416666666666430e+00 9.703503178161922149e-02 4.832763070504580288e-02
2.786111111111110983e+00 9.770589066709897685e-02 4.763407430855495783e-02
2.786805555555555092e+00 9.743666467279864241e-02 4.694288370375780672e-02
2.787500000000000089e+00 9.736089611276274591e-02 4.625180018414006000e-02
2.788194444444444642e+00 9.713229059614666983e-02 4.555976771424657262e-02
2.788888888888889195e+00 9.701130404107753680e-02 4.486700759533997218e-02
2.789583333333333304e+00 9.677503854480090650e-02 4.417659169800339236e-02
2.790277777777777857e+00 9.657393784643271417e-02 4.348843689837503940e-02
2.790972222222222410e+00 9.632041158393137015e-02 4.280231715862337777e-02
2.791666666666666519e+00 9.608221869469826815e-02 4.211810979343812156e-02
2.792361111111111072e+00 9.581143296542966870e-02 4.143672520421161354e-02
2.793055555555555625e+00 9.555370816267966250e-02 4.075743405291060162e-02
2.793749999999999734e+00 9.527524693802613687e-02 4.008105628407825083e-02
2.794444444444444287e+00 9.501307041394468911e-02 3.940747647294460393e-02
2.795138888888888840e+00 9.473358925503333472e-02 3.873831783015561220e-02
2.795833333333332948e+00 9.446994239352873857e-02 3.807150101769334050e-02
2.796527777777777501e+00 9.418462019683286612e-02 3.741257969990946508e-02
2.797222222222222054e+00 9.391414248383864183e-02 3.675525619987451975e-02
2.797916666666667052e+00 9.362503478596818918e-02 3.610379315741343159e-02
2.798611111111111160e+00 9.335284793689729854e-02 3.545790397582659209e-02
2.799305555555555713e+00 9.306345978222492488e-02 3.481831427969571402e-02
2.800000000000000266e+00 9.279064262016681330e-02 3.418256644306955083e-02
2.800694444444444375e+00 9.250135456902124076e-02 3.355264326891009563e-02
2.801388888888888928e+00 9.222927620205420562e-02 3.292674271013864423e-02
2.802083333333333481e+00 9.194141984271766987e-02 3.230687178603702109e-02
2.802777777777777590e+00 9.167103904494361410e-02 3.169035757982319873e-02
2.803472222222222143e+00 9.138504707017452988e-02 3.108042689291103111e-02
2.804166666666666696e+00 9.111617976898675475e-02 3.047627675119736479e-02
2.804861111111110805e+00 9.083217128456201606e-02 2.987767837120346853e-02
2.805555555555555358e+00 9.056487445265290481e-02 2.928609571369571868e-02
2.806249999999999911e+00 9.028349331798349309e-02 2.869982271495143469e-02
2.806944444444444020e+00 9.001947192870135561e-02 2.812261458415893020e-02
2.807638888888888573e+00 8.974121069675240758e-02 2.755087226187275320e-02
2.808333333333333570e+00 8.947883997688761692e-02 2.698971790700132115e-02
2.809027777777778123e+00 8.920394454492371061e-02 2.643350910265631487e-02
2.809722222222222232e+00 8.894559790423155199e-02 2.588840957592135339e-02
2.810416666666666785e+00 8.867509439075470234e-02 2.535036849639916989e-02
2.811111111111111338e+00 8.842071059734617211e-02 2.482158196146244666e-02
2.811805555555555447e+00 8.815205723123022141e-02 2.430028279659491100e-02
2.812500000000000000e+00 8.789469790713728969e-02 2.378887390691093381e-02
2.813194444444444553e+00 8.763321482665936690e-02 2.328525560774298217e-02
2.813888888888888662e+00 8.738938611312851990e-02 2.279098886366758697e-02
2.814583333333333215e+00 8.713347656257089402e-02 2.230544764407281152e-02
2.815277777777777768e+00 8.689036140536303410e-02 2.182935711362557138e-02
2.815972222222221877e+00 8.663451519170402293e-02 2.136090980873315767e-02
2.816666666666666430e+00 8.638386962240415801e-02 2.090131766344306696e-02
2.817361111111110983e+00 8.613253938552839495e-02 2.044905683274179237e-02
2.818055555555555092e+00 8.589301078670753820e-02 2.000566085680388281e-02
2.818750000000000089e+00 8.564793167341946956e-02 1.956851085494165296e-02
2.819444444444444642e+00 8.540434168949638527e-02 1.913906517734212734e-02
2.820138888888889195e+00 8.515976416518640513e-02 1.871674306261045945e-02
2.820833333333333304e+00 8.491565274577425604e-02 1.830267785611808945e-02
2.821527777777777857e+00 8.467347763427615637e-02 1.789620690069840606e-02
2.822222222222222410e+00 8.443082922018438352e-02 1.749750734898336893e-02
2.822916666666666519e+00 8.419266940179115366e-02 1.710498103501032624e-02
2.823611111111111072e+00 8.395278761679941804e-02 1.671927055906437948e-02
2.824305555555555625e+00 8.371815183932918014e-02 1.633946022044079072e-02
2.824999999999999734e+00 8.348034858469383090e-02 1.596624363019567144e-02
2.825694444444444287e+00 8.324853715638612373e-02 1.559970275981394788e-02
2.826388888888888840e+00 8.301306643760313075e-02 1.523934700157762376e-02
2.827083333333332948e+00 8.278392613438360914e-02 1.488443580509518291e-02
2.827777777777777501e+00 8.255062623961841040e-02 1.453561927296030155e-02
2.828472222222222054e+00 8.232426715123872252e-02 1.419190478425667520e-02
2.829166666666667052e+00 8.209326504451594508e-02 1.385384005051099911e-02
2.829861111111111160e+00 8.186962956512518208e-02 1.352135854116029261e-02
2.830555555555555713e+00 8.164069248236945076e-02 1.319400902358315239e-02
2.831250000000000266e+00 8.141983002528778435e-02 1.287192365117436482e-02
2.831944444444444375e+00 8.119287285585174985e-02 1.255465418196369601e-02
2.832638888888888928e+00 8.097489163565857462e-02 1.224220118136302299e-02
2.833333333333333481e+00 8.074970431305238117e-02 1.193429091452336173e-02
2.834027777777777590e+00 8.053509021547869406e-02 1.163086794052620165e-02
2.834722222222222143e+00 8.031048155776937536e-02 1.133182256585652491e-02
2.835416666666666696e+00 8.009696586846581923e-02 1.103716322013844654e-02
2.836111111111110805e+00 7.987175716450163609e-02 1.074685161677180721e-02
2.836805555555555358e+00 7.965659604286072504e-02 1.046086563000808017e-02
2.837499999999999911e+00 7.943136573922769672e-02 1.017898259040639006e-02
2.838194444444444020e+00 7.922145557540319349e-02 9.901112971810571359e-03
2.838888888888888573e+00 7.899654980835726925e-02 9.627199270868127753e-03
2.839583333333333570e+00 7.878572593129438972e-02 9.357214388719517495e-03
2.840277777777778123e+00 7.856558330131573065e-02 9.091080801257468008e-03
2.840972222222222232e+00 7.835946688507171298e-02 8.828615974773943581e-03
2.841666666666666785e+00 7.814849954536960686e-02 8.569858700619855177e-03
2.842361111111111338e+00 7.795086074426534062e-02 8.314705461217906241e-03
2.843055555555555447e+00 7.774590844853127014e-02 8.063174175354145476e-03
2.843750000000000000e+00 7.755156373916778645e-02 7.815190191059541089e-03
2.844444444444444553e+00 7.735132132179307896e-02 7.570743174162405421e-03
2.845138888888888662e+00 7.716011733522676330e-02 7.329874582824426853e-03
2.845833333333333215e+00 7.696419205794502449e-02 7.092482138090707051e-03
2.846527777777777768e+00 7.677211729397205586e-02 6.858430770669661329e-03
2.847222222222221877e+00 7.657810213085373963e-02 6.627824703648056530e-03
2.847916666666666430e+00 7.638494891286823352e-02 6.400638715974462170e-03
2.848611111111110983e+00 7.619193753392011770e-02 6.177028949040212942e-03
2.849305555555555092e+00 7.599483811946229628e-02 5.956742839807072955e-03
2.850000000000000089e+00 7.580287969452771668e-02 5.739702560164030784e-03
2.850694444444444642e+00 7.561230991099451848e-02 5.525801681691625347e-03
2.851388888888889195e+00 7.542531521657257210e-02 5.315003248122647864e-03
2.852083333333333304e+00 7.523179604511466556e-02 5.107243507303751984e-03
2.852777777777777857e+00 7.504579842821834657e-02 4.902684633003891526e-03
2.853472222222222410e+00 7.485468392060032339e-02 4.701320691663306642e-03
2.854166666666666519e+00 7.466971800109492574e-02 4.502967541678258752e-03
2.854861111111111072e+00 7.447937883864910735e-02 4.307626217207143060e-03
2.855555555555555625e+00 7.429718026556296484e-02 4.115257279170073113e-03
2.856249999999999734e+00 7.410771718473742331e-02 3.925755072580635469e-03
2.856944444444444287e+00 7.392757691778292783e-02 3.739088783250810351e-03
2.857638888888888840e+00 7.373784190024149088e-02 3.555343769778020711e-03
2.858333333333332948e+00 7.355800917987308229e-02 3.374489643170484367e-03
2.859027777777777501e+00 7.336735142527892051e-02 3.196424221778548878e-03
2.859722222222222054e+00 7.318807908979338417e-02 3.021081619370141660e-03
2.860416666666667052e+00 7.299550979305759191e-02 2.848383489513257958e-03
2.861111111111111160e+00 7.281396811691955018e-02 2.678278649042287445e-03
2.861805555555555713e+00 7.262050308795903186e-02 2.510725197173956525e-03
2.862500000000000266e+00 7.243654984830438792e-02 2.345677980435438570e-03
2.863194444444444375e+00 7.225945069520993413e-02 2.183070627763900821e-03
2.863888888888888928e+00 7.209947490197438080e-02 2.023022795844399251e-03
2.864583333333333481e+00 7.192590128493825397e-02 1.865430740475281304e-03
2.865277777777777590e+00 7.176115006019712084e-02 1.710497712535867607e-03
2.865972222222222143e+00 7.158519347551725587e-02 1.558069548204227056e-03
2.866666666666666696e+00 7.141622539601492903e-02 1.407896261822185737e-03
2.867361111111110805e+00 7.123652651312394057e-02 1.260110608621731621e-03
2.868055555555555358e+00 7.106562380548805957e-02 1.114824650994129633e-03
2.868749999999999911e+00 7.088879051900992545e-02 9.715580270060669493e-04
2.869444444444444020e+00 7.072335664427864543e-02 8.302027886874183702e-04
2.870138888888888573e+00 7.055566041357444473e-02 6.913656470213096769e-04
2.870833333333333570e+00 7.039937913479699105e-02 5.547572732344178536e-04
2.871527777777778123e+00 7.023382048445819814e-02 4.192802870649794912e-04
2.872222222222222232e+00 7.007300177101062622e-02 2.858908287450835878e-04
2.872916666666666785e+00 6.991115715611356807e-02 1.558271050065899413e-04
2.873611111111111338e+00 6.975568379137224440e-02 2.757986351532719347e-05
2.874305555555555447e+00 6.959613922817113607e-02 -9.920252058294811749e-05
2.875000000000000000e+00 6.943553672651726905e-02 -2.238004293350977659e-04
2.875694444444444553e+00 6.927684495542202336e-02 -3.469618095310019802e-04
2.876388888888888662e+00 6.911958645985559480e-02 -4.685875138691271186e-04
2.877083333333333215e+00 6.896118357414306177e-02 -5.879591080432029510e-04
2.877777777777777768e+00 6.880009222728135365e-02 -7.056133251784005994e-04
2.878472222222221877e+00 6.864486065814567883e-02 -8.218186705937753720e-04
2.879166666666666430e+00 6.848669842177049216e-02 -9.363953040576128775e-04
2.879861111111110983e+00 6.833079359249370766e-02 -1.049320576087351070e-03
2.880555555555555092e+00 6.817216585429487774e-02 -1.160513524710060944e-03
2.881250000000000089e+00 6.801874223366972949e-02 -1.269964799651322968e-03
2.881944444444444642e+00 6.786185291554679144e-02 -1.377563944443143968e-03
2.882638888888889195e+00 6.770875378475013640e-02 -1.483430822333843373e-03
2.883333333333333304e+00 6.755268138626849272e-02 -1.587931058710246625e-03
2.884027777777777857e+00 6.740122491253563997e-02 -1.691051757546728311e-03
2.884722222222222410e+00 6.724642203132455420e-02 -1.792667201837634889e-03
2.885416666666666519e+00 6.709609972728081129e-02 -1.892916049188602323e-03
2.886111111111111072e+00 6.694258357259628978e-02 -1.991953942961329112e-03
2.886805555555555625e+00 6.679356560538458887e-02 -2.089713083093499950e-03
2.887499999999999734e+00 6.664123224015701397e-02 -2.186177514092268407e-03
2.888194444444444287e+00 6.649348248923422910e-02 -2.281388581815533331e-03
2.888888888888888840e+00 6.634232731995669263e-02 -2.375193102425202703e-03
2.889583333333332948e+00 6.619585286467577490e-02 -2.467414159665657237e-03
2.890277777777777501e+00 6.604593996491339714e-02 -2.558023389547400828e-03
2.890972222222222054e+00 6.590080386234012377e-02 -2.646958330739733380e-03
2.891666666666667052e+00 6.575195123644109185e-02 -2.734654217799272098e-03
2.892361111111111160e+00 6.560799033712076678e-02 -2.821067312635380277e-03
2.893055555555555713e+00 6.546024537601874416e-02 -2.906056681158448399e-03
2.893750000000000266e+00 6.531756030587589079e-02 -2.990102030795122219e-03
2.894444444444444375e+00 6.517082289666986661e-02 -3.072910819527686042e-03
2.895138888888888928e+00 6.502948636580660469e-02 -3.154576109164213774e-03
2.895833333333333481e+00 6.488356574464482218e-02 -3.235037140846200657e-03
2.896527777777777590e+00 6.474395757731470080e-02 -3.314370647658413521e-03
2.897222222222222143e+00 6.459819371481442807e-02 -3.392567722098636506e-03
2.897916666666666696e+00 6.445923244404490327e-02 -3.469589974741765521e-03
2.898611111111110805e+00 6.431289865872716338e-02 -3.545492904563567627e-03
2.899305555555555358e+00 6.417426679862331396e-02 -3.620372754479398401e-03
2.899999999999999911e+00 6.402644516090760796e-02 -3.694277420016296200e-03
2.900694444444444020e+00 6.388749264779425285e-02 -3.767185892734127226e-03
2.901388888888888573e+00 6.373791917000842799e-02 -3.839042094084341421e-03
2.902083333333333570e+00 6.359346713810372365e-02 -3.909848574707708996e-03
2.902777777777778123e+00 6.344613490645803489e-02 -3.979622830145524738e-03
2.903472222222222232e+00 6.331135550089307673e-02 -4.048393265839966317e-03
2.904166666666666785e+00 6.318070074821151294e-02 -4.116149214244650169e-03
2.904861111111111338e+00 6.305931984580033511e-02 -4.182895527723643272e-03
2.905555555555555447e+00 6.292780479880759337e-02 -4.248639725936952279e-03
2.906250000000000000e+00 6.279526965095889868e-02 -4.313396208583456654e-03
2.906944444444444553e+00 6.266208871902453903e-02 -4.377192912301080402e-03
2.907638888888888662e+00 6.252550346343578591e-02 -4.439999570677224255e-03
2.908333333333333215e+00 6.239105982311639320e-02 -4.501992123764057829e-03
2.909027777777777768e+00 6.225961874704665638e-02 -4.563063729441393587e-03
2.909722222222221877e+00 6.212855937543729223e-02 -4.623279107212539298e-03
2.910416666666666430e+00 6.199482348730997461e-02 -4.682425511789456776e-03
2.911111111111110983e+00 6.186506373661267155e-02 -4.740757681670932332e-03
2.911805555555555092e+00 6.173457962529307202e-02 -4.798293176708942967e-03
2.912500000000000089e+00 6.160504768120220881e-02 -4.855025279131336760e-03
2.913194444444444642e+00 6.147330459506735595e-02 -4.910867315650103461e-03
2.913888888888889195e+00 6.134567978953969075e-02 -4.965915815167424446e-03
2.914583333333333304e+00 6.121575177780803206e-02 -5.020185904859498019e-03
2.915277777777777857e+00 6.108773692457467042e-02 -5.073679667369247748e-03
2.915972222222222410e+00 6.095786630345072926e-02 -5.126448409775780611e-03
2.916666666666666519e+00 6.083147101323412714e-02 -5.178475749629477508e-03
2.917361111111111072e+00 6.070281485381515130e-02 -5.229801054717547401e-03
2.918055555555555625e+00 6.057675435639933714e-02 -5.280399884965047280e-03
2.918749999999999734e+00 6.044863389366626760e-02 -5.330297665127979936e-03
2.919444444444444287e+00 6.032360254285100420e-02 -5.379496579132131244e-03
2.920138888888888840e+00 6.019638465285290230e-02 -5.428003964536610125e-03
2.920833333333332948e+00 6.007212545159722195e-02 -5.475807363685573047e-03
2.921527777777777501e+00 5.994579084074023317e-02 -5.522934680277559287e-03
2.922222222222222054e+00 5.982244823239445120e-02 -5.569367563513728282e-03
2.922916666666667052e+00 5.969689067105695551e-02 -5.615291769263483328e-03
2.923611111111111160e+00 5.957424603060705592e-02 -5.660543829012068713e-03
2.924305555555555713e+00 5.944943939597576582e-02 -5.705180081532841910e-03
2.925000000000000266e+00 5.932768520553216574e-02 -5.749347712140146470e-03
2.925694444444444375e+00 5.920369474836263690e-02 -5.792773327628424583e-03
2.926388888888888928e+00 5.908268119733080942e-02 -5.835357395171744503e-03
2.927083333333333481e+00 5.895945377351292926e-02 -5.877253868621190418e-03
2.927777777777777590e+00 5.883923900105778038e-02 -5.918825722916703884e-03
2.928472222222222143e+00 5.871679366963692553e-02 -5.959808601011269864e-03
2.929166666666666696e+00 5.859735148846408059e-02 -5.999895756546436490e-03
2.929861111111110805e+00 5.847563923507399092e-02 -6.039702447986807464e-03
2.930555555555555358e+00 5.835696675696436936e-02 -6.079052164571534071e-03
2.931249999999999911e+00 5.823612005511866890e-02 -6.117673477985974273e-03
2.931944444444444020e+00 5.811822348618055772e-02 -6.155701143806856582e-03
2.932638888888888573e+00 5.799793848061289558e-02 -6.193254707099703042e-03
2.933333333333333570e+00 5.788144496795367966e-02 -6.230246836229545726e-03
2.934027777777778123e+00 5.775956539177167642e-02 -6.266665884807826221e-03
2.934722222222222232e+00 5.764215416475485659e-02 -6.302621926119096780e-03
2.935416666666666785e+00 5.752372254306858251e-02 -6.338140264769520464e-03
2.936111111111111338e+00 5.740996281276959656e-02 -6.373164960002946668e-03
2.936805555555555447e+00 5.729003213349972978e-02 -6.407687508215871748e-03
2.937500000000000000e+00 5.717573586134491043e-02 -6.441717482696457039e-03
2.938194444444444553e+00 5.705517236724744201e-02 -6.475262957255798792e-03
2.938888888888888662e+00 5.694103716088472905e-02 -6.508330480876767764e-03
2.939583333333333215e+00 5.681915495289974194e-02 -6.540928924910711928e-03
2.940277777777777768e+00 5.670390612581875656e-02 -6.573047961609812008e-03
2.940972222222221877e+00 5.658049009738000401e-02 -6.604716099840457141e-03
2.941666666666666430e+00 5.646323369273636983e-02 -6.635926565671784044e-03
2.942361111111110983e+00 5.633904946450316725e-02 -6.666697288736760270e-03
2.943055555555555092e+00 5.622218437145196784e-02 -6.697021735292920351e-03
2.943750000000000089e+00 5.610731389519963558e-02 -6.726918977713225618e-03
2.944444444444444642e+00 5.600205150670862358e-02 -6.756364317391307626e-03
2.945138888888889195e+00 5.588590456420277491e-02 -6.785396710570800079e-03
2.945833333333333304e+00 5.577410447548251243e-02 -6.814013813982150621e-03
2.946527777777777857e+00 5.565837683504427924e-02 -6.842225579309530424e-03
2.947222222222222410e+00 5.554758441541064740e-02 -6.870035455297708420e-03
2.947916666666666519e+00 5.543769051902325967e-02 -6.897450673295386740e-03
2.948611111111111072e+00 5.533582371732149313e-02 -6.924475919334993797e-03
2.949305555555555625e+00 5.522645028914544701e-02 -6.951120151737318759e-03
2.949999999999999734e+00 5.511858710817393175e-02 -6.977376634547362982e-03
2.950694444444444287e+00 5.501033412278522050e-02 -7.003243404585556171e-03
2.951388888888888840e+00 5.490530628559112114e-02 -7.026460671763838997e-03
2.952083333333332948e+00 5.479786262816149778e-02 -7.048726768367476365e-03
2.952777777777777501e+00 5.469040570559845216e-02 -7.070939023856209586e-03
2.953472222222222054e+00 5.458251419326012877e-02 -7.092803654992487286e-03
2.954166666666667052e+00 5.447464043436959363e-02 -7.114465681637266968e-03
2.954861111111111160e+00 5.436759541219201436e-02 -7.135838315703933732e-03
2.955555555555555713e+00 5.425966342517803132e-02 -7.156890518332954636e-03
2.956250000000000266e+00 5.415348550489875595e-02 -7.177717735411173056e-03
2.956944444444444375e+00 5.404612398435799936e-02 -7.198262532829889128e-03
2.957638888888888928e+00 5.394037876986625124e-02 -7.218503354781902887e-03
2.958333333333333481e+00 5.383317454508322608e-02 -7.238526550171303815e-03
2.959027777777777590e+00 5.372797611677967988e-02 -7.258304798483023769e-03
2.959722222222222143e+00 5.362114876838347532e-02 -7.277786122286825261e-03
2.960416666666666696e+00 5.351627812997716838e-02 -7.297047646686631410e-03
2.961111111111110805e+00 5.340978680938143069e-02 -7.316051134213928664e-03
2.961805555555555358e+00 5.330552223736480244e-02 -7.334771445798997022e-03
2.962499999999999911e+00 5.319953905766584834e-02 -7.353302166289318181e-03
2.963194444444444020e+00 5.309566215625038249e-02 -7.371609391510371319e-03
2.963888888888888573e+00 5.299007604467508709e-02 -7.389629060873760015e-03
2.964583333333333570e+00 5.288670791595272841e-02 -7.407487644517593735e-03
2.965277777777778123e+00 5.278163724064439954e-02 -7.425079556045093010e-03
2.965972222222222232e+00 5.267886619638411511e-02 -7.442438153266710092e-03
2.966666666666666785e+00 5.257437626830106792e-02 -7.459596324690055853e-03
2.967361111111111338e+00 5.247206282609800931e-02 -7.476604509865426330e-03
2.968055555555555447e+00 5.236800761373450186e-02 -7.493297233584871389e-03
2.968750000000000000e+00 5.226618736390023501e-02 -7.509951464028266285e-03
2.969444444444444553e+00 5.216262729916168461e-02 -7.527522681779747274e-03
2.970138888888888662e+00 5.206141937937637520e-02 -7.544199903142153642e-03
2.970833333333333215e+00 5.195839416745826056e-02 -7.559948004175236040e-03
2.971527777777777768e+00 5.185760298889810493e-02 -7.575614232800701071e-03
2.972222222222221877e+00 5.175502198026386141e-02 -7.591050281177073172e-03
2.972916666666666430e+00 5.165486446355757599e-02 -7.606368119010651664e-03
2.973611111111110983e+00 5.155283029385075017e-02 -7.621376651068003348e-03
2.974305555555555092e+00 5.145309645762854295e-02 -7.636382231226770088e-03
2.975000000000000089e+00 5.135153488199669519e-02 -7.651087333037156872e-03
2.975694444444444642e+00 5.125232405136057739e-02 -7.666738515711769494e-03
2.976388888888889195e+00 5.115124363785568395e-02 -7.681637819346535771e-03
2.977083333333333304e+00 5.105257143218294713e-02 -7.695630073160957506e-03
2.977777777777777857e+00 5.095190047003185507e-02 -7.709564819778913503e-03
2.978472222222222410e+00 5.085370352026411661e-02 -7.723358994772444586e-03
2.979166666666666519e+00 5.075346878957721908e-02 -7.736926138714001096e-03
2.979861111111111072e+00 5.065582437709796604e-02 -7.750431845654760961e-03
2.980555555555555625e+00 5.055600836889220101e-02 -7.763689923580395155e-03
2.981249999999999734e+00 5.045894884417307519e-02 -7.777824047954586505e-03
2.981944444444444287e+00 5.035952983909128960e-02 -7.791267799705937913e-03
2.982638888888888840e+00 5.026302285432218686e-02 -7.803901551693323210e-03
2.983333333333332948e+00 5.016391841176091188e-02 -7.816456472660186436e-03
2.984027777777777501e+00 5.006820059345336305e-02 -7.828894918453645907e-03
2.984722222222222054e+00 4.996904134476263387e-02 -7.841162427765981102e-03
2.985416666666667052e+00 4.987367445673455274e-02 -7.853301365011859311e-03
2.986111111111111160e+00 4.977406029250486946e-02 -7.865258152496853658e-03
2.986805555555555713e+00 4.967857911583926922e-02 -7.877163700711250702e-03
2.987500000000000266e+00 4.957780098621294290e-02 -7.889617467505612158e-03
2.988194444444444375e+00 4.948172935875173178e-02 -7.901618261287943548e-03
2.988888888888888928e+00 4.937960962823386563e-02 -7.912863191693760706e-03
2.989583333333333481e+00 4.928176743743736821e-02 -7.924065895043951382e-03
2.990277777777777590e+00 4.917868846966517993e-02 -7.935107713219952119e-03
2.990972222222222143e+00 4.908069158232065271e-02 -7.946049660033937395e-03
2.991666666666666696e+00 4.898369485451190691e-02 -7.956815051258652599e-03
2.992361111111110805e+00 4.889402127571606388e-02 -7.967545263278849599e-03
2.993055555555555358e+00 4.879683405494290860e-02 -7.978028767403244972e-03
2.993749999999999911e+00 4.870304277659747577e-02 -7.989146786208784629e-03
2.994444444444444020e+00 4.860598184587164999e-02 -7.999826127544096624e-03
2.995138888888888573e+00 4.851282194585766760e-02 -8.009877755000819124e-03
2.995833333333333570e+00 4.841937091922667719e-02 -8.019832989258192033e-03
2.996527777777778123e+00 4.833147871275396412e-02 -8.029688046163042242e-03
2.997222222222222232e+00 4.823807018524774864e-02 -8.039408747784682757e-03
2.997916666666666785e+00 4.814676626002160204e-02 -8.049061999951371421e-03
2.998611111111111338e+00 4.805508823074072788e-02 -8.058482664853481789e-03
2.999305555555555447e+00 4.796781946890005949e-02 -8.067990701121888555e-03
3.000000000000000000e+00 4.787754539640973195e-02 -8.077773321202347603e-03
3.000694444444444553e+00 4.778833555156786206e-02 -8.087354057295343540e-03
3.001388888888888662e+00 4.769803260804870298e-02 -8.096312497075321482e-03
3.002083333333333215e+00 4.760848880427059893e-02 -8.105204560515152923e-03
3.002777777777777768e+00 4.751813924324096300e-02 -8.113984822455802548e-03
3.003472222222221877e+00 4.742782269013234853e-02 -8.122694007271931069e-03
3.004166666666666430e+00 4.733771250857619212e-02 -8.131226373887315284e-03
3.004861111111110983e+00 4.724727848330805696e-02 -8.139778584807211628e-03
3.005555555555555092e+00 4.715788932131744632e-02 -8.148114775282615588e-03
3.006250000000000089e+00 4.706774213600779799e-02 -8.156857903979427768e-03
3.006944444444444642e+00 4.697884204999661778e-02 -8.165433679096362196e-03
3.007638888888889195e+00 4.688891052391519487e-02 -8.173405868137938179e-03
3.008333333333333304e+00 4.680047184336785793e-02 -8.181277896351738313e-03
3.009027777777777857e+00 4.671085202813510251e-02 -8.189150852945631734e-03
3.009722222222222410e+00 4.662266925688284686e-02 -8.196881087819796186e-03
3.010416666666666519e+00 4.653322692409611605e-02 -8.204581328005456850e-03
3.011111111111111072e+00 4.644536767575715291e-02 -8.212100655668993013e-03
3.011805555555555625e+00 4.635622670064017820e-02 -8.219712594349289081e-03
3.012499999999999734e+00 4.626875732093056748e-02 -8.227391806269164845e-03
3.013194444444444287e+00 4.617991849169009178e-02 -8.235087111575752419e-03
3.013888888888888840e+00 4.609281868212544708e-02 -8.242220983652796124e-03
3.014583333333332948e+00 4.600429543276941119e-02 -8.249278932245510468e-03
3.015277777777777501e+00 4.591760966991063203e-02 -8.256266639900776416e-03
3.015972222222222054e+00 4.582947493923442833e-02 -8.263218707429046891e-03
3.016666666666667052e+00 4.574315117277140408e-02 -8.270006939882317692e-03
3.017361111111111160e+00 4.565534373681899571e-02 -8.276856223656897660e-03
3.018055555555555713e+00 4.556947320903467075e-02 -8.283487373096535406e-03
3.018750000000000266e+00 4.548206117422672057e-02 -8.290317752025206169e-03
3.019444444444444375e+00 4.539660108422664819e-02 -8.297219969686799382e-03
3.020138888888888928e+00 4.530950879704321449e-02 -8.303577591769308389e-03
3.020833333333333481e+00 4.522443912246948416e-02 -8.309805623279870393e-03
3.021527777777777590e+00 4.513764473994762161e-02 -8.316111633741199438e-03
3.022222222222222143e+00 4.505306923085108245e-02 -8.322216824019219514e-03
3.022916666666666696e+00 4.496657237391213369e-02 -8.328363643696179777e-03
3.023611111111110805e+00 4.488254091845079313e-02 -8.334335725284960569e-03
3.024305555555555358e+00 4.479623150984426982e-02 -8.340435684766637700e-03
3.024999999999999911e+00 4.471277339829290987e-02 -8.346367808236141578e-03
3.025694444444444020e+00 4.462629035133303113e-02 -8.352591881967191476e-03
3.026388888888888573e+00 4.454276972884626401e-02 -8.358243695726077019e-03
3.027083333333333570e+00 4.445577046532714349e-02 -8.363869276297187724e-03
3.027777777777778123e+00 4.437229191185741717e-02 -8.369413511240628850e-03
3.028472222222222232e+00 4.428427068324928412e-02 -8.374951932441169686e-03
3.029166666666666785e+00 4.419990924247374497e-02 -8.380330103562112082e-03
3.029861111111111338e+00 4.411107831232198573e-02 -8.385831400255535154e-03
3.030555555555555447e+00 4.402565437325828279e-02 -8.391091899355754627e-03
3.031250000000000000e+00 4.393669866598738649e-02 -8.396416422857789011e-03
3.031944444444444553e+00 4.385200630512916392e-02 -8.401982346622682493e-03
3.032638888888888662e+00 4.376856581166447407e-02 -8.407087599771018160e-03
3.033333333333333215e+00 4.369054216369243349e-02 -8.412035839454641215e-03
3.034027777777777768e+00 4.360644327721722308e-02 -8.417075158634183471e-03
3.034722222222221877e+00 4.352518881245211885e-02 -8.421872438343944861e-03
3.035416666666666430e+00 4.344025814698131149e-02 -8.426843496715236484e-03
3.036111111111110983e+00 4.335819978236980093e-02 -8.431555942869400910e-03
3.036805555555555980e+00 4.327508951594945252e-02 -8.436445698700374349e-03
3.037500000000000089e+00 4.319633749528664635e-02 -8.441002776009943337e-03
3.038194444444444642e+00 4.311375266972279630e-02 -8.446031990700167413e-03
3.038888888888889195e+00 4.303441168891964513e-02 -8.450523125565080618e-03
3.039583333333333304e+00 4.295205118611754302e-02 -8.455013749003197077e-03
3.040277777777777857e+00 4.287276367011552680e-02 -8.459364674256833125e-03
3.040972222222222410e+00 4.279128944423889191e-02 -8.463814757460920435e-03
3.041666666666666519e+00 4.271318168193482395e-02 -8.468095826512530427e-03
3.042361111111111072e+00 4.263196489254763438e-02 -8.472493076688250579e-03
3.043055555555555625e+00 4.255377044439934836e-02 -8.476673641035648715e-03
3.043749999999999734e+00 4.247297372576814417e-02 -8.480782924209931753e-03
3.044444444444444287e+00 4.239520077245198526e-02 -8.485292067061372262e-03
3.045138888888888840e+00 4.231494860478359626e-02 -8.489363421136810958e-03
3.045833333333332948e+00 4.223765473819575400e-02 -8.493237444597158403e-03
3.046527777777777501e+00 4.215763703260655415e-02 -8.497287325534340005e-03
3.047222222222222499e+00 4.208045318927773615e-02 -8.501098773843718606e-03
3.047916666666667052e+00 4.200099180039293389e-02 -8.505066749099277762e-03
3.048611111111111160e+00 4.192445381207104971e-02 -8.508808699457920052e-03
3.049305555555555713e+00 4.184521147143088066e-02 -8.512558534523770662e-03
3.050000000000000266e+00 4.176874946125551380e-02 -8.516626786194816945e-03
3.050694444444444375e+00 4.169007991761844445e-02 -8.520321539803955846e-03
3.051388888888888928e+00 4.161415189115522800e-02 -8.523837988941017005e-03
3.052083333333333481e+00 4.153577740362744686e-02 -8.527494980468890151e-03
3.052777777777777590e+00 4.146018738021239880e-02 -8.530934025958444161e-03
3.053472222222222143e+00 4.138232256641381085e-02 -8.534511651076647290e-03
3.054166666666666696e+00 4.130704186514055909e-02 -8.537880892371356792e-03
3.054861111111110805e+00 4.122966795885262686e-02 -8.541471355598351245e-03
3.055555555555555358e+00 4.115483108065160628e-02 -8.544605568232143886e-03
3.056249999999999911e+00 4.107804949256555621e-02 -8.548305658873345605e-03
3.056944444444444020e+00 4.100352901923626919e-02 -8.551510064576169079e-03
3.057638888888889017e+00 4.092744013259952407e-02 -8.554751801660865490e-03
3.058333333333333570e+00 4.085351162178058049e-02 -8.557887969004958004e-03
3.059027777777778123e+00 4.077808992366205310e-02 -8.561031504635507189e-03
3.059722222222222232e+00 4.070433770086509528e-02 -8.564073200461935417e-03
3.060416666666666785e+00 4.062954012759442679e-02 -8.567326889479734767e-03
3.061111111111111338e+00 4.055577151899435184e-02 -8.570303113928595326e-03
3.061805555555555447e+00 4.048119457099007973e-02 -8.573141978848782679e-03
3.062500000000000000e+00 4.040686120138479304e-02 -8.576457392372343821e-03
3.063194444444444553e+00 4.033233516127773116e-02 -8.579418664681988382e-03
3.063888888888888662e+00 4.025788352665950892e-02 -8.582190774181812365e-03
3.064583333333333215e+00 4.018379346657665468e-02 -8.585112045117984647e-03
3.065277777777777768e+00 4.010953076035861375e-02 -8.587827263037715875e-03
3.065972222222221877e+00 4.003595335740310623e-02 -8.590752505430759856e-03
3.066666666666666430e+00 3.996201366849492370e-02 -8.593392136089820013e-03
3.067361111111110983e+00 3.988879685560989957e-02 -8.596334235169981325e-03
3.068055555555555980e+00 3.981517725964123927e-02 -8.598652774059991483e-03
3.068750000000000089e+00 3.974240835367081476e-02 -8.601704773076049304e-03
3.069444444444444642e+00 3.966901756419442121e-02 -8.604261172438209745e-03
3.070138888888889195e+00 3.959653712532966441e-02 -8.606800055028429250e-03
3.070833333333333304e+00 3.952340431954941280e-02 -8.609292750415322923e-03
3.071527777777777857e+00 3.945133715055537671e-02 -8.611898874667402518e-03
3.072222222222222410e+00 3.937848949513131358e-02 -8.614309524328171708e-03
3.072916666666666519e+00 3.930674678722183291e-02 -8.616920663200831193e-03
3.073611111111111072e+00 3.923427304552917078e-02 -8.619083111312200382e-03
3.074305555555555625e+00 3.916287247384458992e-02 -8.621803058299190928e-03
3.074999999999999734e+00 3.909070364820769333e-02 -8.624127710602485369e-03
3.075694444444444287e+00 3.901965922479849747e-02 -8.626413600983824648e-03
3.076388888888888840e+00 3.894782292099530779e-02 -8.628680842648625907e-03
3.077083333333332948e+00 3.887717177583195627e-02 -8.631003667318703707e-03
3.077777777777777501e+00 3.880561165017162861e-02 -8.633172267812502798e-03
3.078472222222222499e+00 3.873536051577922829e-02 -8.635531146848365175e-03
3.079166666666667052e+00 3.866412827849460832e-02 -8.637662100201710588e-03
3.079861111111111160e+00 3.859431583045824787e-02 -8.639595707376846248e-03
3.080555555555555713e+00 3.852339099400148292e-02 -8.642065259721167306e-03
3.081250000000000266e+00 3.845395644694409726e-02 -8.644195867920678386e-03
3.081944444444444375e+00 3.838326260793016587e-02 -8.646136523178978017e-03
3.082638888888888928e+00 3.831426551769590017e-02 -8.648259446408094672e-03
3.083333333333333481e+00 3.824391262405491682e-02 -8.650227193453010471e-03
3.084027777777777590e+00 3.817537837419143071e-02 -8.652337936880192745e-03
3.084722222222222143e+00 3.810512784005041370e-02 -8.654256640716227397e-03
3.085416666666666696e+00 3.803697093836447274e-02 -8.656395166794584109e-03
3.086111111111110805e+00 3.796663669951544362e-02 -8.657938978726579388e-03
3.086805555555555358e+00 3.789843222059263717e-02 -8.660190392806119131e-03
3.087499999999999911e+00 3.782753038481137531e-02 -8.662010315248377251e-03
3.088194444444444020e+00 3.775903283543832756e-02 -8.663862386981777824e-03
3.088888888888889017e+00 3.768790074539856566e-02 -8.665666284911079792e-03
3.089583333333333570e+00 3.761933302452990374e-02 -8.667524564525212402e-03
3.090277777777778123e+00 3.754786980000481694e-02 -8.669263008194200495e-03
3.090972222222222232e+00 3.747890906178334702e-02 -8.671161115556148130e-03
3.091666666666666785e+00 3.740819088357334732e-02 -8.672807355533843077e-03
3.092361111111111338e+00 3.734061538401130947e-02 -8.674268250124362797e-03
3.093055555555555447e+00 3.727237869800423264e-02 -8.676284955539200969e-03
3.093750000000000000e+00 3.720731596417474474e-02 -8.677974205591769061e-03
3.094444444444444553e+00 3.713933164887767147e-02 -8.679541206256807459e-03
3.095138888888888662e+00 3.707362826254131938e-02 -8.681277969360854871e-03
3.095833333333333215e+00 3.700570057896027110e-02 -8.682754946334267018e-03
3.096527777777777768e+00 3.694003485217409871e-02 -8.684518966739409457e-03
3.097222222222221877e+00 3.687273455403632105e-02 -8.686011942628303964e-03
3.097916666666666430e+00 3.680798491673144268e-02 -8.687358732899764374e-03
3.098611111111110983e+00 3.674140016637253425e-02 -8.689186140043447110e-03
3.099305555555555980e+00 3.667734010365849423e-02 -8.690721594715893061e-03
3.100000000000000089e+00 3.661114641092370198e-02 -8.692120785536803368e-03
3.100694444444444642e+00 3.654721970119891722e-02 -8.693683918281926853e-03
3.101388888888889195e+00 3.648127036997911299e-02 -8.695003005720359709e-03
3.102083333333333304e+00 3.641761475179155355e-02 -8.696589199055256014e-03
3.102777777777777857e+00 3.635210112904781188e-02 -8.697930048199301739e-03
3.103472222222222410e+00 3.628895561094060834e-02 -8.699484680191526750e-03
3.104166666666666519e+00 3.622382345044035390e-02 -8.700465839761193851e-03
3.104861111111111072e+00 3.616112265198177106e-02 -8.702171796848796881e-03
3.105555555555555625e+00 3.609643064768204568e-02 -8.703499077700467546e-03
3.106249999999999734e+00 3.603402001689679640e-02 -8.704839534412776858e-03
3.106944444444444287e+00 3.596966049887263817e-02 -8.706099637838783656e-03
3.107638888888888840e+00 3.590759760197649586e-02 -8.707481456900192582e-03
3.108333333333332948e+00 3.584368980791995118e-02 -8.708723901626207534e-03
3.109027777777777501e+00 3.578202064461852988e-02 -8.710135834849400474e-03
3.109722222222222499e+00 3.571847930535652221e-02 -8.711354027538495068e-03
3.110416666666667052e+00 3.565712122439190779e-02 -8.712279572616115839e-03
3.111111111111111160e+00 3.559393282391744989e-02 -8.713811620760906346e-03
3.111805555555555713e+00 3.553298769377756516e-02 -8.715072560654384820e-03
3.112500000000000266e+00 3.547023971102653689e-02 -8.716141008709488158e-03
3.113194444444444375e+00 3.540965961051273370e-02 -8.717403098307603682e-03
3.113888888888888928e+00 3.534726845086594987e-02 -8.718473727305841442e-03
3.114583333333333481e+00 3.528702104634251491e-02 -8.719745330507178149e-03
3.115277777777777590e+00 3.522502962751298400e-02 -8.720815278314034830e-03
3.115972222222222143e+00 3.516519666356445611e-02 -8.722137631076459785e-03
3.116666666666666696e+00 3.510361397414900331e-02 -8.722724942329973877e-03
3.117361111111110805e+00 3.504415196635074503e-02 -8.724185106671526399e-03
3.118055555555555358e+00 3.498302497108166098e-02 -8.725187365626848809e-03
3.118749999999999911e+00 3.492401525178932126e-02 -8.726221958133334108e-03
3.119444444444444020e+00 3.486326266644647343e-02 -8.727214083203435960e-03
3.120138888888889017e+00 3.480464761956837683e-02 -8.728339421753161798e-03
3.120833333333333570e+00 3.474430311539756372e-02 -8.729295746267674155e-03
3.121527777777778123e+00 3.468611438744996500e-02 -8.730452652906782116e-03
3.122222222222222232e+00 3.462625402080832943e-02 -8.731081417265371472e-03
3.122916666666666785e+00 3.456843020556756713e-02 -8.732366092592726975e-03
3.123611111111111338e+00 3.450897940875068126e-02 -8.733342345082507549e-03
3.124305555555555447e+00 3.445159343943603875e-02 -8.734309530132603611e-03
3.125000000000000000e+00 3.439259687899032247e-02 -8.735228515649666459e-03
3.125694444444444553e+00 3.433559104683291813e-02 -8.736215545410841790e-03
3.126388888888888662e+00 3.427698971413595252e-02 -8.737102961841151927e-03
3.127083333333333215e+00 3.422047405575837087e-02 -8.738140136832356353e-03
3.127777777777777768e+00 3.416226607112219510e-02 -8.739010877638146366e-03
3.128472222222221877e+00 3.410600641073428807e-02 -8.739565083040388288e-03
3.129166666666666430e+00 3.404843431496698547e-02 -8.740728473866431897e-03
3.129861111111110983e+00 3.399299249586857502e-02 -8.741664080445001039e-03
3.130555555555555980e+00 3.393593007345625107e-02 -8.742417300197419597e-03
3.131250000000000089e+00 3.388074867239546789e-02 -8.743348481287658777e-03
3.131944444444444642e+00 3.382393257335862546e-02 -8.744087412344532864e-03
3.132638888888889195e+00 3.376891442710786700e-02 -8.745019450192686658e-03
3.133333333333333304e+00 3.371236536260248384e-02 -8.745762948730990277e-03
3.134027777777777857e+00 3.365769615948031868e-02 -8.746784049230122218e-03
3.134722222222222410e+00 3.360166257897864023e-02 -8.747093629250878022e-03
3.135416666666666519e+00 3.354754603627063680e-02 -8.748202759812929649e-03
3.136111111111111072e+00 3.349200738735697014e-02 -8.748937881409462811e-03
3.136805555555555625e+00 3.343830263247529050e-02 -8.749707245568491554e-03
3.137499999999999734e+00 3.338317290581944291e-02 -8.750426919392479200e-03
3.138194444444444287e+00 3.332983708750336671e-02 -8.751230166988204981e-03
3.138888888888888840e+00 3.327510861185747210e-02 -8.751915380802317498e-03
3.139583333333332948e+00 3.322220600408289093e-02 -8.752795776341817935e-03
3.140277777777777501e+00 3.316791399691725734e-02 -8.753109166695725168e-03
3.140972222222222499e+00 3.311543330869989865e-02 -8.754087762227679217e-03
3.141666666666667052e+00 3.306160727453898163e-02 -8.754780070455167942e-03
3.142361111111111160e+00 3.300951464746306602e-02 -8.755467396319365631e-03
3.143055555555555713e+00 3.295609853597505912e-02 -8.756126803927614943e-03
3.143750000000000266e+00 3.290444431835290451e-02 -8.756820958316880940e-03
3.144444444444444375e+00 3.285141724836149885e-02 -8.757447585533421897e-03
3.145138888888888928e+00 3.280015760991616264e-02 -8.758242159159207799e-03
3.145833333333333481e+00 3.274758636947853324e-02 -8.758846931537724381e-03
3.146527777777777590e+00 3.269669938977023960e-02 -8.759159261927048495e-03
3.147222222222222143e+00 3.264455910648608739e-02 -8.760049262924309715e-03
3.147916666666666696e+00 3.259406042387421459e-02 -8.760742047309141162e-03
3.148611111111110805e+00 3.254233230262302407e-02 -8.761279330430407283e-03
3.149305555555555358e+00 3.249224708187386373e-02 -8.761949611847077990e-03
3.149999999999999911e+00 3.244094583971799534e-02 -8.762486629616400569e-03
3.150694444444444020e+00 3.239133885308644739e-02 -8.763193951826286909e-03
3.151388888888889017e+00 3.234048591849168069e-02 -8.763685587776282732e-03
3.152083333333333570e+00 3.229132017237030389e-02 -8.764471484623257563e-03
3.152777777777778123e+00 3.224090944239496603e-02 -8.764562068647716031e-03
3.153472222222222232e+00 3.219216920225442119e-02 -8.765437073861528927e-03
3.154166666666666785e+00 3.214221808151675880e-02 -8.765992389670211257e-03
3.154861111111111338e+00 3.209393725571011574e-02 -8.766504473247548404e-03
3.155555555555555447e+00 3.204447656603581079e-02 -8.767016332595958458e-03
3.156250000000000000e+00 3.199660392779951623e-02 -8.767638758843825791e-03
3.156944444444444553e+00 3.194769756376523301e-02 -8.768113583924787985e-03
3.157638888888888662e+00 3.190031286848021147e-02 -8.768801943605393154e-03
3.158333333333333215e+00 3.185185098230603612e-02 -8.768923056244033384e-03
3.159027777777777768e+00 3.180496739776016157e-02 -8.769686789235847310e-03
3.159722222222221877e+00 3.175693488335199627e-02 -8.770199762802379645e-03
3.160416666666666430e+00 3.171035018331147537e-02 -8.770644479205631089e-03
3.161111111111110983e+00 3.166272406368504655e-02 -8.771126141701770726e-03
3.161805555555555980e+00 3.161655656776601181e-02 -8.771660481044869437e-03
3.162500000000000089e+00 3.156935531270591705e-02 -8.772093391510514884e-03
3.163194444444444642e+00 3.152355895418297582e-02 -8.772701715716167692e-03
3.163888888888889195e+00 3.147672993422104271e-02 -8.773134350216815758e-03
3.164583333333333304e+00 3.143123901358460537e-02 -8.773268567088564340e-03
3.165277777777777857e+00 3.138475016166642623e-02 -8.773972173492230672e-03
3.165972222222222410e+00 3.133946157754559370e-02 -8.774453974351928767e-03
3.166666666666666519e+00 3.129328803376298790e-02 -8.774830650802601870e-03
3.167361111111111072e+00 3.124831838796058789e-02 -8.775328040359266918e-03
3.168055555555555625e+00 3.120255155301533689e-02 -8.775632449432274607e-03
3.168749999999999734e+00 3.115779869687188702e-02 -8.776138008863057158e-03
3.169444444444444287e+00 3.111240057990833155e-02 -8.776516662573929581e-03
3.170138888888888840e+00 3.106796404657857780e-02 -8.777123759763614391e-03
3.170833333333332948e+00 3.102296223678889867e-02 -8.777086610736973063e-03
3.171527777777777501e+00 3.097863959948662926e-02 -8.777779600903458379e-03
3.172222222222222499e+00 3.093399529522387198e-02 -8.778223176412554632e-03
3.172916666666667052e+00 3.088986944526654274e-02 -8.778610028863454220e-03
3.173611111111111160e+00 3.084559101791819677e-02 -8.778922069205727721e-03
3.174305555555555713e+00 3.080170198858690062e-02 -8.779365293077708715e-03
3.175000000000000266e+00 3.075786633063651992e-02 -8.779750191834452197e-03
3.175694444444444375e+00 3.071437123450511744e-02 -8.780267739452082484e-03
3.176388888888888928e+00 3.067121808789209994e-02 -8.780260261679044553e-03
3.177083333333333481e+00 3.062825795473180304e-02 -8.780861508245262764e-03
3.177777777777777590e+00 3.058552160701174388e-02 -8.781266077255048957e-03
3.178472222222222143e+00 3.054290820360075487e-02 -8.781608997412522141e-03
3.179166666666666696e+00 3.050119078772093109e-02 -8.781939246637593052e-03
3.179861111111110805e+00 3.045964381614794936e-02 -8.782327763650362926e-03
3.180555555555555358e+00 3.041767679229269439e-02 -8.782653387158619041e-03
3.181249999999999911e+00 3.037534502275601386e-02 -8.783077830394102684e-03
3.181944444444444020e+00 3.033334479856905283e-02 -8.783403362343573939e-03
3.182638888888889017e+00 3.029129696320616641e-02 -8.783409679139890860e-03
3.183333333333333570e+00 3.024965607997095324e-02 -8.783958748373739411e-03
3.184027777777778123e+00 3.020815129423935416e-02 -8.784369777801883869e-03
3.184722222222222232e+00 3.016698993100964260e-02 -8.784611831355926270e-03
3.185416666666666785e+00 3.012598887255121122e-02 -8.784999912676354564e-03
3.186111111111111338e+00 3.008514605295918923e-02 -8.785237855989528818e-03
3.186805555555555447e+00 3.004451628502674554e-02 -8.785649605360492179e-03
3.187500000000000000e+00 3.000401419279736734e-02 -8.785881220355083732e-03
3.188194444444444553e+00 2.996369464404643676e-02 -8.786372526283312695e-03
3.188888888888888662e+00 2.992346120960691358e-02 -8.786204963102547949e-03
3.189583333333333215e+00 2.988339817225822009e-02 -8.786764042535593830e-03
3.190277777777777768e+00 2.984347098627055869e-02 -8.787070090597103728e-03
3.190972222222221877e+00 2.980370294584870280e-02 -8.787348653959933462e-03
3.191666666666666430e+00 2.976402320143150051e-02 -8.787602273880236459e-03
3.192361111111110983e+00 2.972451593970835276e-02 -8.787930929657409435e-03
3.193055555555555980e+00 2.968517057653437263e-02 -8.788153980760141440e-03
3.193750000000000089e+00 2.964595629798184862e-02 -8.788567578970733069e-03
3.194444444444444642e+00 2.960686323524119173e-02 -8.788455115996220146e-03
3.195138888888889195e+00 2.956792135523848494e-02 -8.788939329865763997e-03
3.195833333333333304e+00 2.952918348775482316e-02 -8.789233814795216135e-03
3.196527777777777857e+00 2.949052808621682731e-02 -8.789480507452783475e-03
3.197222222222222410e+00 2.945202973890769654e-02 -8.789720704587373687e-03
3.197916666666666519e+00 2.941364744782762677e-02 -8.790005363442347439e-03
3.198611111111111072e+00 2.937543484112310754e-02 -8.790214566755754494e-03
3.199305555555555625e+00 2.933735935928114338e-02 -8.790567884103601959e-03
3.199999999999999734e+00 2.929941087595766894e-02 -8.790770483578312644e-03
3.200694444444444287e+00 2.926156563629275786e-02 -8.790707110559240617e-03
3.201388888888888840e+00 2.922389322539633433e-02 -8.791153453950656047e-03
3.202083333333332948e+00 2.918629179336416565e-02 -8.791455678920045286e-03
3.202777777777777501e+00 2.914883552320441176e-02 -8.791608270520051907e-03
3.203472222222222499e+00 2.911149260060096056e-02 -8.791905591809165074e-03
3.204166666666667052e+00 2.907433915451930473e-02 -8.792059147223241916e-03
3.204861111111111160e+00 2.903721548102046468e-02 -8.792379861808415770e-03
3.205555555555555713e+00 2.900025952511799815e-02 -8.792540949132640268e-03
3.206250000000000266e+00 2.896339379864662847e-02 -8.792939039760631903e-03
3.206944444444444375e+00 2.892668442943584564e-02 -8.792695790210924150e-03
3.207638888888888928e+00 2.889007913878526707e-02 -8.793158196626956608e-03
3.208333333333333481e+00 2.885354496525805237e-02 -8.793389730101441523e-03
3.209027777777777590e+00 2.881713815103224136e-02 -8.793587967764712396e-03
3.209722222222222143e+00 2.878090009096418919e-02 -8.793773439064648742e-03
3.210416666666666696e+00 2.874475387171297053e-02 -8.794010110412335199e-03
3.211111111111110805e+00 2.870870283345082832e-02 -8.794168107494979708e-03
3.211805555555555358e+00 2.867272588644430992e-02 -8.794490329228889236e-03
3.212499999999999911e+00 2.863689988814924897e-02 -8.794649181385456871e-03
3.213194444444444020e+00 2.860114931062695751e-02 -8.794475665477313395e-03
3.213888888888889017e+00 2.856552777978027882e-02 -8.794919739391057062e-03
3.214583333333333570e+00 2.852995638217480090e-02 -8.795175413362995437e-03
3.215277777777778123e+00 2.849455009583341109e-02 -8.795280162868636051e-03
3.215972222222222232e+00 2.845918225081909766e-02 -8.795533456779290951e-03
3.216666666666666785e+00 2.842394911806364610e-02 -8.795643873745815841e-03
3.217361111111111338e+00 2.838874864992289512e-02 -8.795936488279806204e-03
3.218055555555555447e+00 2.835374428973098937e-02 -8.796040607100477290e-03
3.218750000000000000e+00 2.831873806942591248e-02 -8.795926387901465207e-03
3.219444444444444553e+00 2.828387484068465088e-02 -8.796308443515156103e-03
3.220138888888888662e+00 2.824905024625972913e-02 -8.796548168329143547e-03
3.220833333333333215e+00 2.821442785924153929e-02 -8.796654583241487330e-03
3.221527777777777768e+00 2.817982468175532149e-02 -8.796865029680340717e-03
3.222222222222221877e+00 2.814535333202143261e-02 -8.796973229255209900e-03
3.222916666666666430e+00 2.811090205320791041e-02 -8.797215046632190019e-03
3.223611111111110983e+00 2.807662962050364031e-02 -8.797301430495787014e-03
3.224305555555555980e+00 2.804238784578749755e-02 -8.797630176946435662e-03
3.225000000000000089e+00 2.800824595990891730e-02 -8.797349729518720921e-03
3.225694444444444642e+00 2.797411958220345427e-02 -8.797752629984157552e-03
3.226388888888889195e+00 2.794019225022304279e-02 -8.797928978065267663e-03
3.227083333333333304e+00 2.790626190300079731e-02 -8.798047180452239768e-03
3.227777777777777857e+00 2.787246680766604021e-02 -8.798174071336118188e-03
3.228472222222222410e+00 2.783870207284567730e-02 -8.798381233058025219e-03
3.229166666666666519e+00 2.780506528253566187e-02 -8.798477317361243916e-03
3.229861111111111072e+00 2.777148050157137935e-02 -8.798762449620075449e-03
3.230555555555555625e+00 2.773795151433738893e-02 -8.798856233416307848e-03
3.231249999999999734e+00 2.770449718923133700e-02 -8.798626922421413921e-03
3.231944444444444287e+00 2.767115405764735900e-02 -8.799016424091558528e-03
3.232638888888888840e+00 2.763787100383951340e-02 -8.799218125932385323e-03
3.233333333333332948e+00 2.760464136098805116e-02 -8.799245110651599672e-03
3.234027777777777501e+00 2.757145572018915303e-02 -8.799473563146996413e-03
3.234722222222222499e+00 2.753840482631520967e-02 -8.799521993308452236e-03
3.235416666666667052e+00 2.750535736618902813e-02 -8.799739558538199197e-03
3.236111111111111160e+00 2.747240332561865644e-02 -8.799805717126929841e-03
3.236805555555555713e+00 2.744062273988664633e-02 -8.798387638636459215e-03
3.237500000000000266e+00 3.598167626818594977e-02 -8.793524158350976908e-03
3.238194444444444375e+00 3.468401714439666578e-02 -8.781451405072466035e-03
3.238888888888888928e+00 3.422806708722275770e-02 -8.761843084421424774e-03
3.239583333333333481e+00 3.395039447236084668e-02 -8.737078572479245117e-03
3.240277777777777590e+00 3.330539740606363458e-02 -8.708265975134514558e-03
3.240972222222222143e+00 3.236663827252788533e-02 -8.674221825615363590e-03
3.241666666666666696e+00 3.216503261596787705e-02 -8.632702835958154172e-03
3.242361111111110805e+00 3.234318588797966548e-02 -8.583291090385570393e-03
3.243055555555555358e+00 3.231849084829264279e-02 -8.526266227002771841e-03
3.243749999999999911e+00 3.235231992141593405e-02 -8.460587095503563707e-03
3.244444444444444020e+00 3.240507637442678612e-02 -8.388355853421732705e-03
3.245138888888889017e+00 3.257583413459989863e-02 -8.309075749447907347e-03
3.245833333333333570e+00 3.288755527673894313e-02 -8.222913719954313277e-03
3.246527777777778123e+00 3.338642185602907347e-02 -8.129699397671530034e-03
3.247222222222222232e+00 3.408946437831961856e-02 -8.025910104720824709e-03
3.247916666666666785e+00 3.502817421044258223e-02 -7.913448830581861979e-03
3.248611111111111338e+00 3.623656873612426943e-02 -7.790352342586458721e-03
3.249305555555555447e+00 3.773438597019151269e-02 -7.655967577098178774e-03
3.250000000000000000e+00 3.955024257492913836e-02 -7.510654014111168252e-03
3.250694444444444553e+00 4.151487181241005076e-02 -7.354224193470079718e-03
3.251388888888888662e+00 4.360132065176758331e-02 -7.195908881024970852e-03
3.252083333333333215e+00 4.572157427032651211e-02 -7.031681342454646801e-03
3.252777777777777768e+00 4.777657495098915769e-02 -6.850189387305326283e-03
3.253472222222221877e+00 4.965613647296542033e-02 -6.647297972530247234e-03
3.254166666666666430e+00 5.119422362586744518e-02 -6.431406532060791881e-03
3.254861111111110983e+00 5.259456406070808082e-02 -6.209888180060840583e-03
3.255555555555555980e+00 5.388353948858753267e-02 -5.973612203107207808e-03
3.256250000000000089e+00 5.510895016763776161e-02 -5.722154950547363172e-03
3.256944444444444642e+00 5.632052275893895815e-02 -5.460662595629288754e-03
3.257638888888889195e+00 5.747451960857759973e-02 -5.194802031527572320e-03
3.258333333333333304e+00 5.868658812719247664e-02 -4.916421014116323374e-03
3.259027777777777857e+00 5.992994017683415248e-02 -4.609506568692448361e-03
3.259722222222222410e+00 6.120607689069536284e-02 -4.288167764413127261e-03
3.260416666666666519e+00 6.248783346846056158e-02 -3.962725750385594214e-03
3.261111111111111072e+00 6.368333512213704417e-02 -3.623973825250623865e-03
3.261805555555555625e+00 6.486171106495952632e-02 -3.266022226152539339e-03
3.262499999999999734e+00 6.603047472550223340e-02 -2.884644513800802262e-03
3.263194444444444287e+00 6.716643254174606281e-02 -2.489460101182649262e-03
3.263888888888888840e+00 6.828936538044502735e-02 -2.088239709641153980e-03
3.264583333333332948e+00 6.931261769639246451e-02 -1.664710158605649899e-03
3.265277777777777501e+00 7.034007928875644911e-02 -1.230292170323007452e-03
3.265972222222222499e+00 7.134531493307931516e-02 -7.823057424106916917e-04
3.266666666666667052e+00 7.234459948864002676e-02 -3.093898342989821965e-04
3.267361111111111160e+00 7.332316813574224490e-02 1.784205892393878219e-04
3.268055555555555713e+00 7.429738478381743561e-02 6.798605889896286751e-04
3.268750000000000266e+00 7.526895421461872460e-02 1.202559403419292726e-03
3.269444444444444375e+00 7.625352838815187273e-02 1.743514032288625594e-03
3.270138888888888928e+00 7.725093854464906706e-02 2.307886118837546453e-03
3.270833333333333481e+00 7.827400290223064661e-02 2.898360657950626272e-03
3.271527777777777590e+00 7.944460936286515396e-02 3.504152802477103392e-03
3.272222222222222143e+00 8.065828799906296642e-02 4.124547980957162831e-03
3.272916666666666696e+00 8.192801661454089668e-02 4.755809354505697965e-03
3.273611111111110805e+00 8.323830709331941913e-02 5.409357949796362273e-03
3.274305555555555358e+00 8.458522601446688549e-02 6.080595759484563184e-03
3.274999999999999911e+00 8.566887852517583724e-02 6.772571077263637128e-03
3.275694444444444020e+00 8.678874067311799501e-02 7.468208589427157741e-03
3.276388888888889017e+00 8.792310490136281964e-02 8.174524346561342844e-03
3.277083333333333570e+00 8.908364925132343515e-02 8.924886500151016019e-03
3.277777777777778123e+00 9.024425056940355017e-02 9.704107275215626341e-03
3.278472222222222232e+00 9.140633526531934117e-02 1.045182053572858705e-02
3.279166666666666785e+00 9.256535262563123090e-02 1.116246386870500644e-02
3.279861111111111338e+00 9.374989579100406756e-02 1.193808127188197322e-02
3.280555555555555447e+00 9.493744724088783171e-02 1.276235730372194191e-02
3.281250000000000000e+00 9.616158076737386928e-02 1.356973087386726534e-02
3.281944444444444553e+00 9.737072139840796670e-02 1.436462109230554965e-02
3.282638888888888662e+00 9.862879590763996840e-02 1.513706199165813955e-02
3.283333333333333215e+00 9.991504484199058289e-02 1.595276081545058192e-02
3.284027777777777768e+00 1.012530360696882459e-01 1.684815064347755867e-02
3.284722222222221877e+00 1.026106899724286009e-01 1.774476049027581478e-02
3.285416666666666430e+00 1.039819849703311760e-01 1.863739380114729297e-02
3.286111111111110983e+00 1.053729400751546863e-01 1.952668736155912382e-02
3.286805555555555980e+00 1.068115223740452036e-01 2.042766731702974972e-02
3.287500000000000089e+00 1.082666220654475570e-01 2.133589294919265716e-02
3.288194444444444642e+00 1.097685547859447025e-01 2.222664959286256570e-02
3.288888888888889195e+00 1.112648159822496180e-01 2.312407898441290813e-02
3.289583333333333304e+00 1.128079408015046081e-01 2.404793855215189499e-02
3.290277777777777857e+00 1.143619669438044745e-01 2.500009274470392159e-02
3.290972222222222410e+00 1.159609963948189659e-01 2.594836173549362399e-02
3.291666666666666519e+00 1.175679463069575353e-01 2.690579901568209906e-02
3.292361111111111072e+00 1.192003262863402246e-01 2.788681415281071482e-02
3.293055555555555625e+00 1.208393760230281749e-01 2.882856670089200754e-02
3.293749999999999734e+00 1.225211637467952391e-01 2.978329716197805274e-02
3.294444444444444287e+00 1.242071198302631269e-01 3.080379221685460023e-02
3.295138888888888840e+00 1.259388761095164011e-01 3.181125999955745909e-02
3.295833333333332948e+00 1.276468746577992253e-01 3.279396730648492103e-02
3.296527777777777501e+00 1.294085585288462514e-01 3.374889241710211235e-02
3.297222222222222499e+00 1.311803393170788423e-01 3.473003471711066936e-02
3.297916666666667052e+00 1.330075425100412378e-01 3.578781053020407138e-02
3.298611111111111160e+00 1.348459373390119842e-01 3.685498462499216948e-02
3.299305555555555713e+00 1.367434931240501528e-01 3.788877406938715581e-02
3.300000000000000266e+00 1.386535861893349042e-01 3.891580675607993201e-02
3.300694444444444375e+00 1.406258500425883184e-01 4.000293378872267491e-02
3.301388888888888928e+00 1.426128097848903542e-01 4.110515455379840088e-02
3.302083333333333481e+00 1.446672312341137911e-01 4.215155693867271569e-02
3.302777777777777590e+00 1.467101408536738705e-01 4.317219468740048777e-02
3.303472222222222143e+00 1.488237718780713870e-01 4.420304589074478679e-02
3.304166666666666696e+00 1.509535312041117849e-01 4.531105805668313863e-02
3.304861111111110805e+00 1.531545998550747079e-01 4.646603153948948572e-02
3.305555555555555358e+00 1.553694077877481594e-01 4.756523327240289728e-02
3.306249999999999911e+00 1.576527935760273502e-01 4.865787322242660223e-02
3.306944444444444020e+00 1.599479875917824145e-01 4.976207689825683234e-02
3.307638888888889017e+00 1.623074435779598701e-01 5.082974264027866756e-02
3.308333333333333570e+00 1.646611721833546038e-01 5.192716128654577962e-02
3.309027777777778123e+00 1.670591476042420920e-01 5.305681649308520431e-02
3.309722222222222232e+00 1.693847431356219901e-01 5.418294579772744979e-02
3.310416666666666785e+00 1.717241692837008782e-01 5.533351732606533319e-02
3.311111111111111338e+00 1.739988406288087985e-01 5.643840090348772182e-02
3.311805555555555447e+00 1.762519447001904827e-01 5.749965867042975548e-02
3.312500000000000000e+00 1.784037886196941092e-01 5.859042968373041199e-02
3.313194444444444553e+00 1.806917587101354861e-01 5.967265713400225075e-02
3.313888888888888662e+00 1.828727560655409312e-01 6.078419932415946719e-02
3.314583333333333215e+00 1.849971558606391397e-01 6.193429081600923536e-02
3.315277777777777768e+00 1.870116902104052847e-01 6.306324877409505425e-02
3.315972222222221877e+00 1.889729049790888626e-01 6.420635979528241388e-02
3.316666666666666430e+00 1.905166381074867299e-01 6.538553798204770062e-02
3.317361111111110983e+00 1.919984857083235352e-01 6.659592981045087123e-02
3.318055555555555980e+00 1.933745957373544655e-01 6.777431933414622411e-02
3.318750000000000089e+00 1.947047642271397816e-01 6.890006017676648942e-02
3.319444444444444642e+00 1.959507970830224322e-01 7.005257752962225359e-02
3.320138888888889195e+00 1.971316619117933766e-01 7.123350172160324012e-02
3.320833333333333304e+00 1.982517720781236670e-01 7.244196156454259239e-02
3.321527777777777857e+00 1.993654797576119853e-01 7.363156809205834152e-02
3.322222222222222410e+00 2.004326137728979773e-01 7.477149622054241052e-02
3.322916666666666519e+00 2.015063772463430714e-01 7.596217718706163580e-02
3.323611111111111072e+00 2.026679194298358633e-01 7.716367830944907691e-02
3.324305555555555625e+00 2.038268101074915684e-01 7.832679512460943849e-02
3.324999999999999734e+00 2.049429947820981535e-01 7.954036864049654487e-02
3.325694444444444287e+00 2.060774108913576430e-01 8.075602142192833677e-02
3.326388888888888840e+00 2.071793606970297741e-01 8.196073787343741146e-02
3.327083333333332948e+00 2.081464336083566902e-01 8.320500197791677599e-02
3.327777777777777501e+00 2.090958988417089270e-01 8.441817128809395165e-02
3.328472222222222499e+00 2.100684214627090429e-01 8.563611690508320107e-02
3.329166666666667052e+00 2.110192697617226387e-01 8.687586577121420017e-02
3.329861111111111160e+00 2.119958047484589991e-01 8.807871163635050404e-02
3.330555555555555713e+00 2.129512246972481426e-01 8.926476125805955786e-02
3.331250000000000266e+00 2.139334724515131458e-01 9.051307169813611886e-02
3.331944444444444375e+00 2.148963828775910800e-01 9.172197906108534027e-02
3.332638888888888928e+00 2.158900181854807865e-01 9.291207924914593463e-02
3.333333333333333481e+00 2.168674683860198626e-01 9.417472213184993612e-02
3.334027777777777590e+00 2.178577638905270231e-01 9.546917215282595126e-02
3.334722222222222143e+00 2.188359298665899788e-01 9.675438062063190792e-02
3.335416666666666696e+00 2.198510330339031038e-01 9.795037207883290631e-02
3.336111111111110805e+00 2.208536196344948743e-01 9.906814350968660976e-02
3.336805555555555358e+00 2.218939616974647810e-01 1.003119650536023894e-01
3.337499999999999911e+00 2.229214711829813622e-01 1.015999507228542709e-01
3.338194444444444020e+00 2.239872340854144050e-01 1.028064544278429887e-01
3.338888888888889017e+00 2.250408986611094897e-01 1.039829773172911698e-01
3.339583333333333570e+00 2.261346857119024556e-01 1.051720167970949804e-01
3.340277777777778123e+00 2.272166448223914559e-01 1.064412138581463385e-01
3.340972222222222232e+00 2.283241521897343140e-01 1.077310536419489595e-01
3.341666666666666785e+00 2.294199122095908761e-01 1.089686459683061603e-01
3.342361111111111338e+00 2.305561912152036264e-01 1.102122931437408970e-01
3.343055555555555447e+00 2.316807631589692662e-01 1.115475440441353050e-01
3.343750000000000000e+00 2.328471079437217373e-01 1.129427907707380163e-01
3.344444444444444553e+00 2.340023981947418064e-01 1.141009234000693595e-01
3.345138888888888662e+00 2.351999510942710536e-01 1.151251947193000641e-01
3.345833333333333215e+00 2.363866182708043717e-01 1.163198467742356801e-01
3.346527777777777768e+00 2.376165268660000718e-01 1.177517103590092068e-01
3.347222222222221877e+00 2.388369843251438862e-01 1.192889788837864923e-01
3.347916666666666430e+00 2.400859460185752747e-01 1.206041582961821512e-01
3.348611111111110983e+00 2.413251416559042961e-01 1.217261339229402939e-01
3.349305555555555980e+00 2.426077088926953118e-01 1.229170700509600311e-01
3.350000000000000089e+00 2.438795353669159782e-01 1.241467277466035829e-01
3.350694444444444642e+00 2.451945058617490680e-01 1.253723185611997637e-01
3.351388888888889195e+00 2.465154566083517240e-01 1.265906413972871791e-01
3.352083333333333304e+00 2.478799859851299747e-01 1.278552962568853257e-01
3.352777777777777857e+00 2.492321366894996448e-01 1.291874569331677713e-01
3.353472222222222410e+00 2.506271492474663742e-01 1.303341906559144225e-01
3.354166666666666519e+00 2.520078970838361410e-01 1.313638887769678631e-01
3.354861111111111072e+00 2.534514849633792699e-01 1.325962334675326038e-01
3.355555555555555625e+00 2.548782614945934166e-01 1.339592285325766630e-01
3.356249999999999734e+00 2.563453496714945823e-01 1.353166601086359389e-01
3.356944444444444287e+00 2.577927365718604702e-01 1.365617518969199362e-01
3.357638888888888840e+00 2.592781111620831580e-01 1.376637994905857143e-01
3.358333333333332948e+00 2.606887788092725478e-01 1.388132869780717704e-01
3.359027777777777501e+00 2.621323302945574585e-01 1.400360061937270806e-01
3.359722222222222499e+00 2.635460699390265171e-01 1.412832919535010334e-01
3.360416666666667052e+00 2.649881823979761686e-01 1.425303578170971086e-01
3.361111111111111160e+00 2.663952587568080843e-01 1.437804316913753877e-01
3.361805555555555713e+00 2.677994502807747867e-01 1.449666514145622476e-01
3.362500000000000266e+00 2.691651423893690609e-01 1.461869299700180036e-01
3.363194444444444375e+00 2.705530284690377263e-01 1.474433231099879227e-01
3.363888888888888928e+00 2.718998526800692206e-01 1.486691394794113774e-01
3.364583333333333481e+00 2.732667587022058475e-01 1.498863216474861371e-01
3.365277777777777590e+00 2.745911887829202147e-01 1.511191146395609031e-01
3.365972222222222143e+00 2.759335799279509227e-01 1.524018234689978879e-01
3.366666666666666696e+00 2.772326881480382532e-01 1.535905085180543639e-01
3.367361111111110805e+00 2.785490638218395820e-01 1.546576778031979460e-01
3.368055555555555358e+00 2.798223120222046445e-01 1.558277661546197401e-01
3.368749999999999911e+00 2.810761079680023089e-01 1.570930397277123247e-01
3.369444444444444020e+00 2.822876825332879536e-01 1.583947186823710385e-01
3.370138888888889017e+00 2.835171773301561893e-01 1.596157629206457762e-01
3.370833333333333570e+00 2.847041911448305318e-01 1.607726338452647730e-01
3.371527777777778123e+00 2.859071181156045416e-01 1.619887829631237453e-01
3.372222222222222232e+00 2.871078234754769198e-01 1.633506776495127211e-01
3.372916666666666785e+00 2.883277756022027405e-01 1.648012639790366052e-01
3.373611111111111338e+00 2.895069187346971384e-01 1.659860084299708272e-01
3.374305555555555447e+00 2.907041600917941726e-01 1.669747623779572476e-01
3.375000000000000000e+00 2.918635758164749849e-01 1.680724882597287861e-01
3.375694444444444553e+00 2.929992677347214025e-01 1.691448392055334704e-01
3.376388888888888662e+00 2.940978167712322011e-01 1.702642242438510978e-01
3.377083333333333215e+00 2.952167049646216568e-01 1.715142955474439623e-01
3.377777777777777768e+00 2.962995455012265578e-01 1.726776752365353773e-01
3.378472222222221877e+00 2.974039550864288617e-01 1.738675134990747551e-01
3.379166666666666430e+00 2.984718149193421599e-01 1.751048496002238775e-01
3.379861111111110983e+00 2.995605258979359697e-01 1.762965305566303875e-01
3.380555555555555980e+00 3.006146596334620114e-01 1.774815090011432617e-01
3.381250000000000089e+00 3.016902085485247409e-01 1.786057023399388877e-01
3.381944444444444642e+00 3.027315037215432270e-01 1.798021728408094044e-01
3.382638888888889195e+00 3.037941784882240426e-01 1.810560746795532583e-01
3.383333333333333304e+00 3.048241733380485652e-01 1.821495850329314381e-01
3.384027777777777857e+00 3.058757829985968013e-01 1.830688513324218170e-01
3.384722222222222410e+00 3.068954604731884417e-01 1.841062667093221750e-01
3.385416666666666519e+00 3.079366263649597202e-01 1.854971843718571933e-01
3.386111111111111072e+00 3.088936284266845522e-01 1.868676873505182023e-01
3.386805555555555625e+00 3.098745207295254822e-01 1.878980405953759314e-01
3.387499999999999734e+00 3.108281632727948884e-01 1.889258013016126281e-01
3.388194444444444287e+00 3.118053463655871549e-01 1.901136120666521157e-01
3.388888888888888840e+00 3.127562039206040478e-01 1.912517977119376211e-01
3.389583333333332948e+00 3.137278632400389289e-01 1.924110105362254741e-01
3.390277777777777501e+00 3.146728373580462979e-01 1.936262272203735368e-01
3.390972222222222499e+00 3.156341804957303321e-01 1.947433908297243887e-01
3.391666666666667052e+00 3.165637460296910621e-01 1.957799038321589025e-01
3.392361111111111160e+00 3.175090308579546217e-01 1.969209699308014372e-01
3.393055555555555713e+00 3.184329463708044927e-01 1.980287416986313553e-01
3.393750000000000266e+00 3.193814214633499682e-01 1.991415796880922906e-01
3.394444444444444375e+00 3.203107734246409821e-01 2.003702695801737599e-01
3.395138888888888928e+00 3.212531691377359944e-01 2.015630277750180277e-01
3.395833333333333481e+00 3.221804462170837491e-01 2.027442614264955423e-01
3.396527777777777590e+00 3.232466879529442561e-01 2.038540929694577786e-01
3.397222222222222143e+00 3.242834801328045025e-01 2.048274257477080973e-01
3.397916666666666696e+00 3.253321715796109181e-01 2.058235821254673636e-01
3.398611111111110805e+00 3.263578434024748121e-01 2.069141036631926556e-01
3.399305555555555358e+00 3.273942492606854993e-01 2.080653748470467079e-01
3.399999999999999911e+00 3.282894699269384708e-01 2.091483331669728996e-01
3.400694444444444020e+00 3.292061524532072236e-01 2.102309701192916769e-01
3.401388888888889017e+00 3.301066618935923902e-01 2.113367202662685407e-01
3.402083333333333570e+00 3.310261522319830063e-01 2.124212122426776539e-01
3.402777777777778123e+00 3.319301781916738636e-01 2.134761910198172130e-01
3.403472222222222232e+00 3.327902470259042067e-01 2.145801698766968690e-01
3.404166666666666785e+00 3.336378263006044009e-01 2.156106320487251871e-01
3.404861111111111338e+00 3.345022526778484440e-01 2.165597376800863227e-01
3.405555555555555447e+00 3.353534946224187574e-01 2.176600372281272955e-01
3.406250000000000000e+00 3.362197158015988174e-01 2.188322044693681578e-01
3.406944444444444553e+00 3.371293627019604777e-01 2.199047929201403684e-01
3.407638888888888662e+00 3.380464807087530388e-01 2.210279104727670418e-01
3.408333333333333215e+00 3.389456092154108924e-01 2.221117687330540214e-01
3.409027777777777768e+00 3.398538365988156840e-01 2.231172651301187582e-01
3.409722222222221877e+00 3.407439360323076261e-01 2.242237814649068184e-01
3.410416666666666430e+00 3.415844705824882532e-01 2.252969989155256814e-01
3.411111111111110983e+00 3.424134519891734452e-01 2.263144338733590333e-01
3.411805555555555980e+00 3.432523957528449410e-01 2.274440347598662426e-01
3.412500000000000089e+00 3.440777376274969379e-01 2.284243733108357877e-01
3.413194444444444642e+00 3.449115691562671393e-01 2.293102057790557813e-01
3.413888888888889195e+00 3.457308690722266653e-01 2.304713237999702902e-01
3.414583333333333304e+00 3.465577341831352909e-01 2.316276253432947851e-01
3.415277777777777857e+00 3.473693323841692826e-01 2.325488743035899475e-01
3.415972222222222410e+00 3.481885060027258838e-01 2.334431473724103978e-01
3.416666666666666519e+00 3.489917810388944441e-01 2.343831442825549949e-01
3.417361111111111072e+00 3.496263423021709338e-01 2.353774323495405885e-01
3.418055555555555625e+00 3.502633991220786003e-01 2.365509757036582672e-01
3.418749999999999734e+00 3.509167506333726316e-01 2.378744680774639575e-01
3.419444444444444287e+00 3.515635564538373004e-01 2.388107792219493763e-01
3.420138888888888840e+00 3.522187026506690133e-01 2.395024936981786645e-01
3.420833333333332948e+00 3.530376912798037226e-01 2.404832805676285767e-01
3.421527777777777501e+00 3.538501212629722725e-01 2.415435223137039344e-01
3.422222222222222499e+00 3.546432461474149922e-01 2.425533816620880911e-01
3.422916666666667052e+00 3.554352663913252219e-01 2.435955228172889675e-01
3.423611111111111160e+00 3.562137060345468287e-01 2.445491151150340770e-01
3.424305555555555713e+00 3.569393920884614824e-01 2.455293884887768396e-01
3.425000000000000266e+00 3.576520877473245985e-01 2.464253147918026854e-01
3.425694444444444375e+00 3.583619297823104621e-01 2.472681073598182733e-01
3.426388888888888928e+00 3.590614071249083050e-01 2.483126963407767673e-01
3.427083333333333481e+00 3.597651678707183831e-01 2.493139876110217479e-01
3.427777777777777590e+00 3.605147649086402062e-01 2.502987810307424343e-01
3.428472222222222143e+00 3.612594563652912760e-01 2.513460590498901581e-01
3.429166666666666696e+00 3.619869908001484005e-01 2.521688373832940977e-01
3.429861111111110805e+00 3.627109891803663722e-01 2.530026533156416457e-01
3.430555555555555358e+00 3.634195415644445037e-01 2.539930846046949964e-01
3.431249999999999911e+00 3.640669443211851930e-01 2.548684454389049114e-01
3.431944444444444020e+00 3.647088069185639436e-01 2.557194362127062082e-01
3.432638888888889017e+00 3.653510364655402909e-01 2.566065877241275883e-01
3.433333333333333570e+00 3.659886131179642677e-01 2.576528122983681723e-01
3.434027777777778123e+00 3.666304982606166663e-01 2.586361932506305306e-01
3.434722222222222232e+00 3.673185424117987319e-01 2.593808615391136052e-01
3.435416666666666785e+00 3.680054260551798850e-01 2.602702177573900100e-01
3.436111111111111338e+00 3.686786329923452676e-01 2.612773571626241242e-01
3.436805555555555447e+00 3.693486603757530351e-01 2.621820350264480459e-01
3.437500000000000000e+00 3.700103439746469380e-01 2.631330418355893319e-01
3.438194444444444553e+00 3.706686149225251747e-01 2.639974180454929265e-01
3.438888888888888662e+00 3.713174661130849152e-01 2.649393917431683287e-01
3.439583333333333215e+00 3.719650719216199275e-01 2.659390896926128733e-01
3.440277777777777768e+00 3.726018813526156270e-01 2.664389521243971104e-01
3.440972222222221877e+00 3.732372252404991819e-01 2.671038605613617056e-01
3.441666666666666430e+00 3.738084205447879116e-01 2.684722829241673048e-01
3.442361111111110983e+00 3.743840809631269750e-01 2.696777462130349190e-01
3.443055555555555980e+00 3.749520397390470605e-01 2.704809408422580441e-01
3.443750000000000089e+00 3.755218131076126231e-01 2.711820630244453079e-01
3.444444444444444642e+00 3.760891964201342752e-01 2.718948675256311898e-01
3.445138888888889195e+00 3.766630788100126526e-01 2.726881064762469720e-01
3.445833333333333304e+00 3.772375902550522131e-01 2.736054218856374676e-01
3.446527777777777857e+00 3.778144590998352981e-01 2.744460038191171569e-01
3.447222222222222410e+00 3.783826238245898699e-01 2.752161759009364994e-01
3.447916666666666519e+00 3.789431633977047853e-01 2.761724602547522278e-01
3.448611111111111072e+00 3.794504435714093904e-01 2.769886113141454831e-01
3.449305555555555625e+00 3.799646882266755621e-01 2.775442595718423666e-01
3.449999999999999734e+00 3.804755546574982716e-01 2.783925395715988738e-01
3.450694444444444287e+00 3.809900159070160885e-01 2.795068788006506710e-01
3.451388888888888840e+00 3.815106428617152101e-01 2.803537538730870304e-01
3.452083333333332948e+00 3.820868700035525700e-01 2.809477077926043620e-01
3.452777777777777501e+00 3.826472561115375481e-01 2.816980348178271254e-01
3.453472222222222499e+00 3.831985169867695995e-01 2.825176722171348076e-01
3.454166666666667052e+00 3.837427460397879742e-01 2.833614897870529448e-01
3.454861111111111160e+00 3.842801856475027145e-01 2.841404363914558084e-01
3.455555555555555713e+00 3.848075313981306200e-01 2.849622655401172766e-01
3.456250000000000266e+00 3.853372234725719325e-01 2.858617916036293449e-01
3.456944444444444375e+00 3.858641603531210440e-01 2.867727829218064128e-01
3.457638888888888928e+00 3.863954480161676530e-01 2.877332259030626616e-01
3.458333333333333481e+00 3.869196543979634972e-01 2.883497245999612768e-01
3.459027777777777590e+00 3.873975767479983512e-01 2.889741146636584657e-01
3.459722222222222143e+00 3.878765553392335419e-01 2.899162468286248795e-01
3.460416666666666696e+00 3.883542537334234712e-01 2.904087424656706662e-01
3.461111111111110805e+00 3.888304125919959664e-01 2.906831110377235960e-01
3.461805555555555358e+00 3.893093532446272320e-01 2.915310218633890282e-01
3.462499999999999911e+00 3.897864718022741037e-01 2.922577717532942598e-01
3.463194444444444020e+00 3.902598371062763749e-01 2.928195056643964067e-01
3.463888888888889017e+00 3.907296491319650622e-01 2.940678108417736358e-01
3.464583333333333570e+00 3.911974946848209567e-01 2.955158620879296261e-01
3.465277777777778123e+00 3.916589114553032380e-01 2.965026046324720777e-01
3.465972222222222232e+00 3.921569500926793128e-01 2.969996089922362081e-01
3.466666666666666785e+00 3.926419685812196914e-01 2.974773319431673335e-01
3.467361111111111338e+00 3.931179228324342412e-01 2.982735609494177598e-01
3.468055555555555447e+00 3.935892476569385900e-01 2.991027480196027377e-01
3.468750000000000000e+00 3.940609171371393105e-01 2.997862510785345713e-01
3.469444444444444553e+00 3.944900903022325322e-01 3.005860331201488100e-01
3.470138888888888662e+00 3.949206054064597904e-01 3.015108104979780657e-01
3.470833333333333215e+00 3.953486614053716153e-01 3.020525881217643316e-01
3.471527777777777768e+00 3.957795948250393270e-01 3.024308657052834359e-01
3.472222222222221877e+00 3.962067032696435787e-01 3.032115777093122300e-01
3.472916666666666430e+00 3.966319817440246975e-01 3.040359362626178230e-01
3.473611111111110983e+00 3.970519571727277319e-01 3.045773331589250454e-01
3.474305555555555980e+00 3.974684055124005355e-01 3.051384289378658021e-01
3.475000000000000089e+00 3.978776254856797867e-01 3.060798894192452435e-01
3.475694444444444642e+00 3.982893175023898280e-01 3.072371148800360774e-01
3.476388888888889195e+00 3.986977961869135889e-01 3.078283400135439773e-01
3.477083333333333304e+00 3.991035494786711046e-01 3.080258050592014074e-01
3.477777777777777857e+00 3.995016331225739181e-01 3.086448613908140404e-01
3.478472222222222410e+00 3.998964057410278605e-01 3.095156450733404507e-01
3.479166666666666519e+00 4.002861890595723060e-01 3.103556887844681755e-01
3.479861111111111072e+00 4.008214432624911394e-01 3.105143121099038783e-01
3.480555555555555625e+00 4.013311101493668986e-01 3.104493905005329402e-01
3.481249999999999734e+00 4.018295397385492351e-01 3.112326333981211279e-01
3.481944444444444287e+00 4.023140401377165998e-01 3.131399443430763485e-01
3.482638888888888840e+00 4.027881429918043210e-01 3.140959109516572312e-01
3.483333333333332948e+00 4.030957172552855905e-01 3.137610872078359092e-01
3.484027777777777501e+00 4.034159186279673293e-01 3.141958527300315884e-01
3.484722222222222499e+00 4.037434328256474525e-01 3.151436275778156659e-01
3.485416666666667052e+00 4.040766216263200761e-01 3.157746449026326285e-01
3.486111111111111160e+00 4.044085106047545786e-01 3.170295465874297114e-01
3.486805555555555713e+00 4.047721911861300592e-01 3.188076246848394191e-01
3.487500000000000266e+00 4.051306264721564743e-01 3.195867219795255898e-01
3.488194444444444375e+00 4.054889400853319836e-01 3.195124619935422183e-01
3.488888888888888928e+00 4.058459401375501541e-01 3.196215286024961522e-01
3.489583333333333481e+00 4.062016789588477894e-01 3.199389037791061097e-01
3.490277777777777590e+00 4.065523686212958454e-01 3.203026797023302286e-01
3.490972222222222143e+00 4.068996399002653974e-01 3.204113572394491904e-01
3.491666666666666696e+00 4.072412774171587646e-01 3.205044013640411804e-01
3.492361111111110805e+00 4.075783667928750131e-01 3.211612103996101530e-01
3.493055555555555358e+00 4.079160789380837371e-01 3.220630889031407262e-01
3.493749999999999911e+00 4.082264803580673562e-01 3.228458893313725375e-01
3.494444444444444020e+00 4.085381052123817081e-01 3.236078888268207332e-01
3.495138888888889017e+00 4.088500857891745888e-01 3.244291658778707954e-01
3.495833333333333570e+00 4.091614889529436305e-01 3.255928875418940271e-01
3.496527777777778123e+00 4.094701621219161147e-01 3.268423008414577668e-01
3.497222222222222232e+00 4.097749569472094455e-01 3.280746858482795902e-01
3.497916666666666785e+00 4.100777729172216390e-01 3.281299804530961595e-01
3.498611111111111338e+00 4.103775248347056315e-01 3.274551828884901261e-01
3.499305555555555447e+00 4.106762161289334023e-01 3.279428119756407911e-01
3.500000000000000000e+00 4.109721438595765886e-01 3.291052170309849978e-01
3.500694444444444553e+00 4.112957665722399847e-01 3.301989141761521029e-01
3.501388888888888662e+00 4.116135000329966820e-01 3.309158121689426135e-01
3.502083333333333215e+00 4.119282911522459401e-01 3.312257009734135282e-01
3.502777777777777768e+00 4.122374100819059528e-01 3.316975130322940557e-01
3.503472222222221877e+00 4.125453932652434763e-01 3.325761554663243524e-01
3.504166666666666430e+00 4.128211757881392607e-01 3.336931575420145069e-01
3.504861111111110983e+00 4.130977533213806008e-01 3.345798494145427182e-01
3.505555555555555980e+00 4.133716797916505148e-01 3.352556832462271763e-01
3.506250000000000089e+00 4.136443572532730872e-01 3.357857109130918949e-01
3.506944444444444642e+00 4.139140301650318099e-01 3.358865904681144765e-01
3.507638888888889195e+00 4.141822087197333802e-01 3.357928290215264622e-01
3.508333333333333304e+00 4.144473372449511972e-01 3.359427953941150902e-01
3.509027777777777857e+00 4.147110380985164491e-01 3.364057465204076669e-01
3.509722222222222410e+00 4.149716552826966942e-01 3.368813409760915145e-01
3.510416666666666519e+00 4.152309827604054870e-01 3.373860046085870312e-01
3.511111111111111072e+00 4.154873251004786994e-01 3.380355320099506788e-01
3.511805555555555625e+00 4.157422739819922053e-01 3.384661512159302110e-01
3.512499999999999734e+00 4.159938599182559926e-01 3.388810635784656466e-01
3.513194444444444287e+00 4.162438446917274826e-01 3.394347681157140473e-01
3.513888888888888840e+00 4.164904341967454182e-01 3.400261117850011949e-01
3.514583333333332948e+00 4.167351842493211000e-01 3.406810058834831567e-01
3.515277777777777501e+00 4.169759226034558397e-01 3.411372003847998324e-01
3.515972222222222499e+00 4.172143580058018109e-01 3.415630308768251022e-01
3.516666666666667052e+00 4.174486330733848116e-01 3.421887861704980827e-01
3.517361111111111160e+00 4.176806202224880860e-01 3.426275401572372314e-01
3.518055555555555713e+00 4.179082587045609420e-01 3.430350585628465510e-01
3.518750000000000266e+00 4.181334016190316749e-01 3.436603045019731573e-01
3.519444444444444375e+00 4.183541987689349262e-01 3.441138481079153433e-01
3.520138888888888928e+00 4.185728458799584106e-01 3.445540041051263769e-01
3.520833333333333481e+00 4.187876515149825951e-01 3.451932135132104174e-01
3.521527777777777590e+00 4.190009247233198453e-01 3.456650783912534886e-01
3.522222222222222143e+00 4.192109727253157114e-01 3.459502439245182859e-01
3.522916666666666696e+00 4.194199328599620968e-01 3.463515938039360420e-01
3.523611111111110805e+00 4.196258851574645177e-01 3.468721071327761085e-01
3.524305555555555358e+00 4.198311853398533078e-01 3.474389830727150352e-01
3.524999999999999911e+00 4.200339669201619830e-01 3.478043922393611043e-01
3.525694444444444020e+00 4.202363399262420418e-01 3.481815161295628291e-01
3.526388888888889017e+00 4.204361429983102805e-01 3.487662855059641687e-01
3.527083333333333570e+00 4.206355617847054029e-01 3.491968306445158432e-01
3.527777777777778123e+00 4.208324782124863717e-01 3.496331992017716050e-01
3.528472222222222232e+00 4.210290580250689585e-01 3.501597202035817147e-01
3.529166666666666785e+00 4.212231923483656937e-01 3.504828351071274661e-01
3.529861111111111338e+00 4.214171252196746709e-01 3.507432846709945817e-01
3.530555555555555447e+00 4.216085454866716486e-01 3.512159570000748521e-01
3.531250000000000000e+00 4.217998479747677165e-01 3.518161188217556190e-01
3.531944444444444553e+00 4.219600627761104783e-01 3.520940931317904643e-01
3.532638888888888662e+00 4.221227885894351939e-01 3.521896177781945192e-01
3.533333333333333215e+00 4.222832867011856450e-01 3.525227735577078358e-01
3.534027777777777768e+00 4.224434014426491912e-01 3.530914112932015403e-01
3.534722222222221877e+00 4.226021314857291156e-01 3.535301572360808886e-01
3.535416666666666430e+00 4.227911197739637750e-01 3.539009125141009404e-01
3.536111111111110983e+00 4.229753596603532673e-01 3.545537063085380525e-01
3.536805555555555980e+00 4.231585972490788383e-01 3.551350794718672876e-01
3.537500000000000089e+00 4.233377297325703337e-01 3.557183102125474616e-01
3.538194444444444642e+00 4.235114228613905407e-01 3.564753215187459467e-01
3.538888888888889195e+00 4.236399054860951474e-01 3.567856940356262663e-01
3.539583333333333304e+00 4.237694596760797627e-01 3.566209941730024702e-01
3.540277777777777857e+00 4.239087830996772222e-01 3.567916167485193357e-01
3.540972222222222410e+00 4.240565173171392255e-01 3.572779928244098069e-01
3.541666666666666519e+00 4.242022009379814440e-01 3.575877049247861983e-01
3.542361111111111072e+00 4.243506609844613919e-01 3.578727113524773351e-01
3.543055555555555625e+00 4.244977363722094998e-01 3.581814318027072841e-01
3.543749999999999734e+00 4.246440896492960637e-01 3.586810572674025144e-01
3.544444444444444287e+00 4.247866686080063459e-01 3.591890829332192170e-01
3.545138888888888840e+00 4.249291878024085145e-01 3.592084743608739417e-01
3.545833333333332948e+00 4.250682345810657403e-01 3.595267469565520124e-01
3.546527777777777501e+00 4.252063567950900014e-01 3.603287672508202477e-01
3.547222222222222499e+00 4.253395206017351882e-01 3.609852132909741607e-01
3.547916666666667052e+00 4.254710397873747718e-01 3.614077107619757534e-01
3.548611111111111160e+00 4.255993099297543103e-01 3.616641254812857365e-01
3.549305555555555713e+00 4.257274553720030719e-01 3.619268037823588080e-01
3.550000000000000266e+00 4.258516438184044572e-01 3.623340933366463457e-01
3.550694444444444375e+00 4.259742070764877542e-01 3.627289819023158390e-01
3.551388888888888928e+00 4.260931631977591394e-01 3.627297608540684948e-01
3.552083333333333481e+00 4.262150615796777564e-01 3.628818398237851350e-01
3.552777777777777590e+00 4.263320103732892719e-01 3.634681440733771307e-01
3.553472222222222143e+00 4.264540659645879028e-01 3.638396581174882516e-01
3.554166666666666696e+00 4.265722487793058848e-01 3.638396013087648040e-01
3.554861111111110805e+00 4.266927464972526951e-01 3.640033010927968826e-01
3.555555555555555358e+00 4.268111335981330523e-01 3.643623137689483427e-01
3.556249999999999911e+00 4.269297151482333574e-01 3.645602892730347433e-01
3.556944444444444020e+00 4.270444536975432914e-01 3.647828550111353874e-01
3.557638888888889017e+00 4.271581127580829085e-01 3.653052639822553238e-01
3.558333333333333570e+00 4.272679177945490903e-01 3.657583313737099440e-01
3.559027777777778123e+00 4.273771990287001388e-01 3.658911929103049743e-01
3.559722222222222232e+00 4.274827288435956718e-01 3.661094248138612728e-01
3.560416666666666785e+00 4.275877343311494938e-01 3.668493226114154515e-01
3.561111111111111338e+00 4.276882647009186411e-01 3.671220885861448124e-01
3.561805555555555447e+00 4.277883209299132572e-01 3.666995040169050424e-01
3.562500000000000000e+00 4.278851678481440102e-01 3.666468735046860550e-01
3.563194444444444553e+00 4.279820910088351638e-01 3.669011798171493144e-01
3.563888888888888662e+00 4.280760553253560863e-01 3.671798273618019359e-01
3.564583333333333215e+00 4.281692956330388489e-01 3.676254303810890245e-01
3.565277777777777768e+00 4.282599005493665234e-01 3.679300340851895390e-01
3.565972222222221877e+00 4.283512995837336912e-01 3.681388307920703262e-01
3.566666666666666430e+00 4.284397696770103070e-01 3.687081290279321522e-01
3.567361111111110983e+00 4.285290074931086823e-01 3.689160893835820576e-01
3.568055555555555980e+00 4.286142977521773534e-01 3.686300293793877136e-01
3.568750000000000089e+00 4.287012615995804410e-01 3.686848706430733147e-01
3.569444444444444642e+00 4.287856775835143242e-01 3.689838932182265552e-01
3.570138888888889195e+00 4.286996269358687717e-01 3.692902595816396905e-01
3.570833333333333304e+00 4.286199883228977714e-01 3.697859837248169135e-01
3.571527777777777857e+00 4.285450886972637097e-01 3.704558693287009485e-01
3.572222222222222410e+00 4.284682485184632128e-01 3.707834594852285615e-01
3.572916666666666519e+00 4.283935417750541208e-01 3.707354714507481996e-01
3.573611111111111072e+00 4.285107425879121079e-01 3.708977132546346089e-01
3.574305555555555625e+00 4.286159323712523395e-01 3.711333410714398595e-01
3.574999999999999734e+00 4.287097885352267324e-01 3.712462219528616103e-01
3.575694444444444287e+00 4.288018206992161852e-01 3.715764844315510018e-01
3.576388888888888840e+00 4.288871139139340816e-01 3.717008547390732165e-01
3.577083333333332948e+00 4.289221253962019476e-01 3.715547160869850929e-01
3.577777777777777501e+00 4.289536069499246818e-01 3.716866073714156782e-01
3.578472222222222499e+00 4.289881473359163921e-01 3.719683819267449176e-01
3.579166666666667052e+00 4.290187702928602298e-01 3.721336232970064439e-01
3.579861111111111160e+00 4.290504097616887336e-01 3.723548897344066133e-01
3.580555555555555713e+00 4.290796927300038477e-01 3.727547126094524210e-01
3.581250000000000266e+00 4.291079675576775498e-01 3.731055294160008917e-01
3.581944444444444375e+00 4.291350711909316940e-01 3.732478889362381702e-01
3.582638888888888928e+00 4.291624194584389707e-01 3.732548447807761960e-01
3.583333333333333481e+00 4.291863034435227653e-01 3.733964005018762800e-01
3.584027777777777590e+00 4.292127606912358173e-01 3.734675128655808862e-01
3.584722222222222143e+00 4.292339683688389806e-01 3.735434511646777422e-01
3.585416666666666696e+00 4.292589629596746392e-01 3.737834249006780074e-01
3.586111111111110805e+00 4.292792924284921652e-01 3.739797756836631404e-01
3.586805555555555358e+00 4.293014382712021515e-01 3.742395618678727720e-01
3.587499999999999911e+00 4.293210550937923142e-01 3.742863689072934430e-01
3.588194444444444020e+00 4.293402910371143522e-01 3.740260974963793283e-01
3.588888888888889017e+00 4.293583427057410251e-01 3.740588253768998839e-01
3.589583333333333570e+00 4.293767478524175285e-01 3.744310222461891824e-01
3.590277777777778123e+00 4.293920900642793081e-01 3.746049622587389605e-01
3.590972222222222232e+00 4.294098357217476236e-01 3.746391478871202163e-01
3.591666666666666785e+00 4.294223315804333585e-01 3.745743426042901225e-01
3.592361111111111338e+00 4.294387776246047506e-01 3.746154551597833948e-01
3.593055555555555447e+00 4.294502254232381855e-01 3.748081225250288750e-01
3.593750000000000000e+00 4.294640752476215906e-01 3.747658840007130343e-01
3.594444444444444553e+00 4.294149796991914014e-01 3.747829223539000387e-01
3.595138888888888662e+00 4.293724802926006667e-01 3.750768401247003281e-01
3.595833333333333215e+00 4.293292763381854060e-01 3.752997187100608478e-01
3.596527777777777768e+00 4.292907778592101598e-01 3.754371994620984698e-01
3.597222222222221877e+00 4.292483312858032529e-01 3.757086370260268593e-01
3.597916666666666430e+00 4.292726075123130536e-01 3.758612758243106700e-01
3.598611111111110983e+00 4.292862657635915791e-01 3.759433379660285235e-01
3.599305555555555980e+00 4.293018750633348368e-01 3.760817299744941278e-01
3.600000000000000089e+00 4.293104656571841149e-01 3.759915186793889585e-01
3.600694444444444642e+00 4.293208467766598257e-01 3.758620549138563804e-01
3.601388888888889195e+00 4.292625947954999410e-01 3.758422673131117109e-01
3.602083333333333304e+00 4.292115271200484528e-01 3.756977766805020824e-01
3.602777777777777857e+00 4.291585777756219411e-01 3.754420472208498949e-01
3.603472222222222410e+00 4.291106849747930441e-01 3.754347173779326030e-01
3.604166666666666519e+00 4.290589885365798661e-01 3.758552649430505488e-01
3.604861111111111072e+00 4.291436698146148809e-01 3.762429721020893458e-01
3.605555555555555625e+00 4.292112924390947271e-01 3.761685490336821314e-01
3.606249999999999734e+00 4.292767177981250959e-01 3.758998445296285462e-01
3.606944444444444287e+00 4.293339586237357453e-01 3.758717580049680818e-01
3.607638888888888840e+00 4.293917236254652381e-01 3.758306898866288215e-01
3.608333333333332948e+00 4.293111049534025780e-01 3.758972616892871099e-01
3.609027777777777501e+00 4.292447074385302708e-01 3.761978665421425450e-01
3.609722222222222499e+00 4.291791421934810224e-01 3.762996448917726999e-01
3.610416666666667052e+00 4.291221217948061883e-01 3.762902679895611113e-01
3.611111111111111160e+00 4.290640167121416160e-01 3.762551768139747455e-01
3.611805555555555713e+00 4.290135471071678253e-01 3.762270137939149883e-01
3.612500000000000266e+00 4.289610992218577112e-01 3.760484297302302270e-01
3.613194444444444375e+00 4.289133369504547488e-01 3.759619434245775604e-01
3.613888888888888928e+00 4.288636445138294673e-01 3.762132638082265057e-01
3.614583333333333481e+00 4.288177842526242900e-01 3.760873456040287333e-01
3.615277777777777590e+00 4.287694496533713262e-01 3.756112378665257823e-01
3.615972222222222143e+00 4.287248160180557877e-01 3.756035953677790973e-01
3.616666666666666696e+00 4.286757692964404121e-01 3.760106251183808479e-01
3.617361111111110805e+00 4.286313531422009104e-01 3.760906763409617715e-01
3.618055555555555358e+00 4.285821593237845728e-01 3.758384080664025073e-01
3.618749999999999911e+00 4.284660002316389993e-01 3.760198248889786155e-01
3.619444444444444020e+00 4.283521577254894575e-01 3.761214022919021627e-01
3.620138888888889017e+00 4.282460915015340319e-01 3.759845005371398874e-01
3.620833333333333570e+00 4.281384644183346411e-01 3.761608844951955799e-01
3.621527777777778123e+00 4.280371828172629955e-01 3.762689594851701402e-01
3.622222222222222232e+00 4.280059248036279240e-01 3.759835444360546952e-01
3.622916666666666785e+00 4.279729658570975981e-01 3.757919130746862901e-01
3.623611111111111338e+00 4.279320359909717930e-01 3.758619539910769136e-01
3.624305555555555447e+00 4.278935858123545932e-01 3.758522679862216775e-01
3.625000000000000000e+00 4.278483510837967074e-01 3.759642122413243692e-01
3.625694444444444553e+00 4.277323765587515148e-01 3.760465645644280874e-01
3.626388888888888662e+00 4.276175948065619736e-01 3.759141264337276245e-01
3.627083333333333215e+00 4.275101018186432955e-01 3.757588201130664940e-01
3.627777777777777768e+00 4.274000317010267502e-01 3.757442545664155253e-01
3.628472222222221877e+00 4.272960850981891712e-01 3.757274770268911324e-01
3.629166666666666430e+00 4.271887531651857306e-01 3.753003829945026903e-01
3.629861111111110983e+00 4.270872590829352666e-01 3.750442637013671199e-01
3.630555555555555980e+00 4.269819883605645572e-01 3.751893784565153989e-01
3.631250000000000089e+00 4.268823522941898041e-01 3.751653141133655112e-01
3.631944444444444642e+00 4.267783740774056533e-01 3.749847480528610277e-01
3.632638888888889195e+00 4.266797740438133535e-01 3.750946596068775452e-01
3.633333333333333304e+00 4.265766573422145602e-01 3.751850088449514287e-01
3.634027777777777857e+00 4.264790968560756013e-01 3.745602428108698589e-01
3.634722222222222410e+00 4.263767523624995559e-01 3.741019736271526952e-01
3.635416666666666519e+00 4.262801353513528402e-01 3.741252565637137040e-01
3.636111111111111072e+00 4.261786725888815353e-01 3.741419935990834000e-01
3.636805555555555625e+00 4.260826264254658491e-01 3.741027401341863734e-01
3.637499999999999734e+00 4.259809923402972376e-01 3.737697244524784690e-01
3.638194444444444287e+00 4.258846667064060121e-01 3.733224343200302053e-01
3.638888888888888840e+00 4.257831491149285941e-01 3.731740231406957542e-01
3.639583333333332948e+00 4.256130389128772729e-01 3.731522849233701034e-01
3.640277777777777501e+00 4.254449846675579794e-01 3.733417593629131948e-01
3.640972222222222499e+00 4.252867734856167203e-01 3.733820188974407150e-01
3.641666666666667052e+00 4.251265321460345747e-01 3.730884621442003835e-01
3.642361111111111160e+00 4.249750843629253594e-01 3.730103647365333175e-01
3.643055555555555713e+00 4.250378605984244662e-01 3.729536250896581806e-01
3.643750000000000266e+00 4.250835168822997279e-01 3.728808711640023144e-01
3.644444444444444375e+00 4.251116251183094108e-01 3.726534628773376379e-01
3.645138888888888928e+00 4.251355687639081227e-01 3.722106406209306773e-01
3.645833333333333481e+00 4.251450216662641668e-01 3.720675970120412845e-01
3.646527777777777590e+00 4.250102880054097421e-01 3.720405922636665919e-01
3.647222222222222143e+00 4.248786703236513418e-01 3.719651576943774907e-01
3.647916666666666696e+00 4.247573595897634058e-01 3.718039335102170662e-01
3.648611111111110805e+00 4.246324070470869350e-01 3.712381210069886639e-01
3.649305555555555358e+00 4.245164233204417048e-01 3.709922400339879522e-01
3.649999999999999911e+00 4.243264429316542241e-01 3.710500587549104834e-01
3.650694444444444020e+00 4.241533218765682900e-01 3.707252879840932103e-01
3.651388888888889017e+00 4.239801212230024929e-01 3.704369112733758018e-01
3.652083333333333570e+00 4.238193481435912346e-01 3.704055195623007224e-01
3.652777777777778123e+00 4.236558583571135572e-01 3.704277687309113776e-01
3.653472222222222232e+00 4.235012773749771142e-01 3.703047803238782576e-01
3.654166666666666785e+00 4.233396694155933671e-01 3.699306673796626810e-01
3.654861111111111338e+00 4.231918887324396805e-01 3.695873275105795996e-01
3.655555555555555447e+00 4.230450279523468304e-01 3.691826724548195049e-01
3.656250000000000000e+00 4.229031984969679470e-01 3.688155424892456402e-01
3.656944444444444553e+00 4.226908230571178593e-01 3.686598643974064449e-01
3.657638888888888662e+00 4.225034569641034077e-01 3.684498823062274941e-01
3.658333333333333215e+00 4.223216698296774485e-01 3.682062331938070199e-01
3.659027777777777768e+00 4.221572069252204074e-01 3.679148966901840123e-01
3.659722222222221877e+00 4.219919759357970701e-01 3.675999176532159241e-01
3.660416666666666430e+00 4.218362012011560580e-01 3.674054683546845168e-01
3.661111111111110983e+00 4.216724161719508923e-01 3.672817449622849950e-01
3.661805555555555980e+00 4.215206962710585370e-01 3.669215305276643524e-01
3.662500000000000089e+00 4.213649058906842604e-01 3.665817070351924944e-01
3.663194444444444642e+00 4.212201929411716894e-01 3.664221768211055053e-01
3.663888888888889195e+00 4.210692343583042341e-01 3.660784488911549284e-01
3.664583333333333304e+00 4.209269075751611022e-01 3.658186546137151551e-01
3.665277777777777857e+00 4.207766792723055538e-01 3.656068948263913043e-01
3.665972222222222410e+00 4.206336713971289276e-01 3.651716194301423135e-01
3.666666666666666519e+00 4.204823077800763365e-01 3.649023494744840779e-01
3.667361111111111072e+00 4.202941407199515811e-01 3.646492222549426732e-01
3.668055555555555625e+00 4.201034893646096169e-01 3.642121409437681367e-01
3.668749999999999734e+00 4.199287528437559147e-01 3.639352796885590990e-01
3.669444444444444287e+00 4.197496302987140937e-01 3.640077817514431602e-01
3.670138888888888840e+00 4.195839949562297222e-01 3.635544887755011167e-01
3.670833333333332948e+00 4.194552558638796613e-01 3.624855007620227387e-01
3.671527777777777501e+00 4.193301795210344074e-01 3.619032253335022764e-01
3.672222222222222499e+00 4.191943471402830301e-01 3.618654305680782390e-01
3.672916666666667052e+00 4.190672949431052396e-01 3.616943848701129061e-01
3.673611111111111160e+00 4.189286244119131974e-01 3.612324476989348665e-01
3.674305555555555713e+00 4.187182365400209938e-01 3.611141142296105944e-01
3.675000000000000266e+00 4.185071210129377439e-01 3.613731414064709213e-01
3.675694444444444375e+00 4.183096365188931354e-01 3.613025176975336872e-01
3.676388888888888928e+00 4.181071294029524710e-01 3.607584519470413698e-01
3.677083333333333481e+00 4.179186601401849166e-01 3.600813294466814751e-01
3.677777777777777590e+00 4.177559755834963084e-01 3.594546066664288109e-01
3.678472222222222143e+00 4.175961719293391772e-01 3.590020701438297879e-01
3.679166666666666696e+00 4.174210843944382576e-01 3.587171034725543661e-01
3.679861111111110805e+00 4.172537518991483174e-01 3.583433200678829422e-01
3.680555555555555358e+00 4.170880201424833622e-01 3.579161680310760096e-01
3.681249999999999911e+00 4.169049262978878900e-01 3.576427744837811229e-01
3.681944444444444020e+00 4.167070179094580773e-01 3.572818392766108908e-01
3.682638888888889017e+00 4.165182200024208359e-01 3.567346391376463033e-01
3.683333333333333570e+00 4.163192736791993531e-01 3.563251773126056010e-01
3.684027777777778123e+00 4.161277048372123422e-01 3.561554924081843376e-01
3.684722222222222232e+00 4.159210456529590649e-01 3.554650636969537425e-01
3.685416666666666785e+00 4.157266019904092835e-01 3.543779257609934175e-01
3.686111111111111338e+00 4.155159386995801452e-01 3.537770875465957587e-01
3.686805555555555447e+00 4.153165903465351749e-01 3.535304675205692693e-01
3.687500000000000000e+00 4.151003635029884009e-01 3.531953221912867424e-01
3.688194444444444553e+00 4.149179744697027439e-01 3.527259393727036896e-01
3.688888888888888662e+00 4.147137960806936974e-01 3.524363090828341871e-01
3.689583333333333215e+00 4.145167520460614208e-01 3.523056016199289653e-01
3.690277777777777768e+00 4.142981533052552678e-01 3.518439262555651537e-01
3.690972222222221877e+00 4.140873559193586906e-01 3.514046943340675133e-01
3.691666666666666430e+00 4.138037831657485621e-01 3.508589584041512666e-01
3.692361111111110983e+00 4.135297763218792610e-01 3.500656160986217458e-01
3.693055555555555980e+00 4.132313046301065440e-01 3.495564102978550025e-01
3.693750000000000089e+00 4.129386207039151269e-01 3.491197648608702631e-01
3.694444444444444642e+00 4.126188180080948009e-01 3.484918193902455386e-01
3.695138888888889195e+00 4.122744753745573587e-01 3.479777013446928580e-01
3.695833333333333304e+00 4.119011416197213005e-01 3.474683783201381049e-01
3.696527777777777857e+00 4.115316579458555002e-01 3.469727541762168688e-01
3.697222222222222410e+00 4.111289281381232397e-01 3.464185987778151676e-01
3.697916666666666519e+00 4.107277788821509512e-01 3.458487216861700908e-01
3.698611111111111072e+00 4.102906901734285627e-01 3.454033882703127500e-01
3.699305555555555625e+00 4.098552118802918920e-01 3.447894141738807594e-01
3.699999999999999734e+00 4.093829666640703135e-01 3.441797639863014568e-01
3.700694444444444287e+00 4.089132970453381311e-01 3.436916515195090893e-01
3.701388888888888840e+00 4.084050603608576635e-01 3.430337120537014228e-01
3.702083333333332948e+00 4.078453912296776118e-01 3.424034652291571001e-01
3.702777777777777501e+00 4.072403640668085245e-01 3.418246224131198940e-01
3.703472222222222499e+00 4.066315372645868953e-01 3.412279396390505704e-01
3.704166666666667052e+00 4.059753418860908014e-01 3.405892525204704535e-01
3.704861111111111160e+00 4.053241583240472790e-01 3.399663442146666492e-01
3.705555555555555713e+00 4.046330438803795171e-01 3.393021479765159776e-01
3.706250000000000266e+00 4.039547164510743915e-01 3.386570345960305262e-01
3.706944444444444375e+00 4.032395437813612871e-01 3.379846531415616195e-01
3.707638888888888928e+00 4.025470988459570187e-01 3.373336070223760808e-01
3.708333333333333481e+00 4.018221378060539695e-01 3.366614374358607997e-01
3.709027777777777590e+00 4.010443500884735557e-01 3.360065283137866343e-01
3.709722222222222143e+00 4.002385139583685691e-01 3.353356384745928565e-01
3.710416666666666696e+00 3.994727451182147893e-01 3.346810451129151320e-01
3.711111111111110805e+00 3.986788964808652413e-01 3.340081671467886593e-01
3.711805555555555358e+00 3.979307382578413099e-01 3.333409058029687677e-01
3.712499999999999911e+00 3.970719153803110579e-01 3.326534952447284810e-01
3.713194444444444020e+00 3.962744104625844366e-01 3.319695945833980311e-01
3.713888888888889017e+00 3.954601508289543599e-01 3.312747801621791499e-01
3.714583333333333570e+00 3.947109450936833186e-01 3.305810743328791990e-01
3.715277777777778123e+00 3.939461438945646155e-01 3.298716673597449911e-01
3.715972222222222232e+00 3.932524610736583548e-01 3.291558469089118089e-01
3.716666666666666785e+00 3.925451538637692583e-01 3.284262833133017589e-01
3.717361111111111338e+00 3.919181156962908141e-01 3.276867014624078034e-01
3.718055555555555447e+00 3.912806254635035619e-01 3.269356323996250313e-01
3.718750000000000000e+00 3.907230200804466258e-01 3.261715453932625408e-01
3.719444444444444553e+00 3.900165573615435033e-01 3.253991645664658927e-01
3.720138888888888662e+00 3.894039066143117900e-01 3.246106860784057635e-01
3.720833333333333215e+00 3.887882501563811322e-01 3.238173880316053133e-01
3.721527777777777768e+00 3.882492186714622817e-01 3.230070347030271627e-01
3.722222222222221877e+00 3.876789501004942462e-01 3.221956910687110986e-01
3.722916666666666430e+00 3.871791781486770834e-01 3.213655059408552228e-01
3.723611111111110983e+00 3.866569514098438520e-01 3.205373453486296542e-01
3.724305555555555980e+00 3.861934993834258978e-01 3.196866019884940791e-01
3.725000000000000089e+00 3.856899875353703155e-01 3.188368547888433824e-01
3.725694444444444642e+00 3.852353898106050667e-01 3.179646461128131651e-01
3.726388888888889195e+00 3.846531385451013030e-01 3.170931284265854355e-01
3.727083333333333304e+00 3.841302298334059451e-01 3.161986526497435057e-01
3.727777777777777857e+00 3.835647950427563124e-01 3.153081842031111304e-01
3.728472222222222410e+00 3.830410804380613987e-01 3.144017528570389186e-01
3.729166666666666519e+00 3.824631630952677885e-01 3.134963195576625505e-01
3.729861111111111072e+00 3.819238519921344666e-01 3.125758582286573550e-01
3.730555555555555625e+00 3.813310219848244920e-01 3.116547924832550054e-01
3.731249999999999734e+00 3.807668773116927308e-01 3.107198622706867641e-01
3.731944444444444287e+00 3.801368287515126676e-01 3.097800904195816551e-01
3.732638888888888840e+00 3.795304876458114873e-01 3.088288577029724702e-01
3.733333333333332948e+00 3.787801687468207446e-01 3.078721696719765033e-01
3.734027777777777501e+00 3.780514267410913787e-01 3.069023474220060055e-01
3.734722222222222499e+00 3.772512837995321000e-01 3.059207446495336713e-01
3.735416666666667052e+00 3.764597145766789277e-01 3.049270509125933115e-01
3.736111111111111160e+00 3.755918066883248141e-01 3.039186961825661726e-01
3.736805555555555713e+00 3.746821149498433812e-01 3.028995154512746368e-01
3.737500000000000266e+00 3.736881474717445029e-01 3.018636511928201593e-01
3.738194444444444375e+00 3.726950049075128391e-01 3.008193155377967831e-01
3.738888888888888928e+00 3.716115282876034098e-01 2.997590418604011431e-01
3.739583333333333481e+00 3.705234656994136899e-01 2.986934872059807122e-01
3.740277777777777590e+00 3.692483373630345844e-01 2.976121636715109431e-01
3.740972222222222143e+00 3.679808781347338464e-01 2.965266941944650347e-01
3.741666666666666696e+00 3.666489374257329570e-01 2.954167938575766872e-01
3.742361111111110805e+00 3.653427763085128621e-01 2.943011828140894570e-01
3.743055555555555358e+00 3.639868279369710136e-01 2.931648219784702691e-01
3.743749999999999911e+00 3.625247720871005441e-01 2.920226590102573683e-01
3.744444444444444020e+00 3.610335067449821911e-01 2.908581183330092301e-01
3.745138888888889017e+00 3.595890454731276442e-01 2.896866718828581266e-01
3.745833333333333570e+00 3.581188867469153325e-01 2.884949743085205021e-01
3.746527777777778123e+00 3.567032583787302369e-01 2.872980701898982248e-01
3.747222222222222232e+00 3.553913279880737686e-01 2.860867218089316877e-01
3.747916666666666785e+00 3.541086622375055892e-01 2.848700347648204234e-01
3.748611111111111338e+00 3.527825375157490617e-01 2.836417594439467060e-01
3.749305555555555447e+00 3.514767601543564157e-01 2.824072620451838489e-01
3.750000000000000000e+00 3.501181211196695564e-01 2.811586498839468984e-01
3.750694444444444553e+00 3.484246445803768077e-01 2.798999083292464385e-01
3.751388888888888662e+00 3.466741900248805353e-01 2.786262894429749615e-01
3.752083333333333215e+00 3.449204908305049111e-01 2.773388657205755892e-01
3.752777777777777768e+00 3.430819673339665088e-01 2.760352319870316151e-01
3.753472222222221877e+00 3.412142309948354435e-01 2.747151810494986024e-01
3.754166666666666430e+00 3.390087493061137991e-01 2.733801501049089033e-01
3.754861111111110983e+00 3.367951483586315575e-01 2.720275675470086307e-01
3.755555555555555980e+00 3.345336270004339863e-01 2.706616190647861409e-01
3.756250000000000089e+00 3.322963558504232751e-01 2.692789712326906226e-01
3.756944444444444642e+00 3.300447204017067371e-01 2.678840112805824236e-01
3.757638888888889195e+00 3.276773419491791350e-01 2.664735671846228393e-01
3.758333333333333304e+00 3.253448329712821385e-01 2.650500496580130982e-01
3.759027777777777857e+00 3.231114053807073172e-01 2.636057546720176892e-01
3.759722222222222410e+00 3.209314573148299710e-01 2.621474041199393645e-01
3.760416666666666519e+00 3.188086738891155458e-01 2.606701218708752932e-01
3.761111111111111072e+00 3.164211951322199456e-01 2.591770174363868251e-01
3.761805555555555625e+00 3.140273187199261740e-01 2.576625157220181483e-01
3.762499999999999734e+00 3.115362721033938520e-01 2.561384869464222724e-01
3.763194444444444287e+00 3.089547474701291874e-01 2.546003148487110956e-01
3.763888888888888840e+00 3.062053243733801611e-01 2.530467149488613843e-01
3.764583333333332948e+00 3.029135413788286435e-01 2.514749851745877174e-01
3.765277777777777501e+00 2.993980958284419014e-01 2.498897903476944016e-01
3.765972222222222499e+00 2.957305710761249928e-01 2.482855455871179617e-01
3.766666666666667052e+00 2.918746810530171709e-01 2.466645292512938681e-01
3.767361111111111160e+00 2.878822028021002510e-01 2.450222793389474907e-01
3.768055555555555713e+00 2.833551046072937951e-01 2.433616386022461331e-01
3.768750000000000266e+00 2.786920978670322513e-01 2.416792704579731055e-01
3.769444444444444375e+00 2.739178596092649021e-01 2.399773118803951444e-01
3.770138888888888928e+00 2.691287069822658751e-01 2.382544187354199983e-01
3.770833333333333481e+00 2.643622363838635247e-01 2.365140923378268034e-01
3.771527777777777590e+00 2.594260909602926213e-01 2.347559079577779817e-01
3.772222222222222143e+00 2.546409257505307111e-01 2.329803514516256002e-01
3.772916666666666696e+00 2.500625130353724135e-01 2.311883511398161450e-01
3.773611111111110805e+00 2.455176329241946231e-01 2.293805048053177698e-01
3.774305555555555358e+00 2.407355401223169322e-01 2.275556541562946677e-01
3.774999999999999911e+00 2.349299610331183341e-01 2.257121573100127343e-01
3.775694444444444020e+00 2.283452634497792622e-01 2.238475572564121718e-01
3.776388888888889017e+00 2.207880110557936815e-01 2.219616920744117428e-01
3.777083333333333570e+00 2.122285116513025205e-01 2.200546941483107199e-01
3.777777777777778123e+00 2.033427461539111247e-01 2.181276921241849798e-01
3.778472222222222232e+00 1.935895451084561070e-01 2.161792546099277068e-01
3.779166666666666785e+00 1.847183049121092213e-01 2.142066047222197234e-01
3.779861111111111338e+00 1.773193051105605433e-01 2.122087604489346635e-01
3.780555555555555447e+00 1.717213281350140897e-01 2.101898298521976127e-01
3.781250000000000000e+00 1.676278525964982891e-01 2.081575642113010494e-01
3.781944444444444553e+00 1.647256453905054652e-01 2.061068362512357699e-01
3.782638888888888662e+00 1.630681828150913060e-01 2.040381225207262283e-01
3.783333333333333215e+00 1.623438032937025710e-01 2.019530402754551313e-01
3.784027777777777768e+00 1.623170830934716202e-01 1.998450524411085893e-01
3.784722222222221877e+00 1.626063044484453990e-01 1.977144441231463712e-01
3.785416666666666430e+00 1.626065378429217001e-01 1.955603795985609850e-01
3.786111111111110983e+00 1.675993923188877077e-01 1.933708343922542761e-01
3.786805555555555980e+00 1.714716702491254907e-01 1.911398739569059313e-01
3.787500000000000089e+00 1.769911307927258537e-01 1.888720132193644485e-01
3.788194444444444642e+00 1.402401195092678465e-01 1.865716709216569957e-01
3.788888888888889195e+00 1.369113824127744794e-01 1.842401981498698049e-01
3.789583333333333304e+00 1.371395472805425619e-01 1.819015034183081025e-01
3.790277777777777857e+00 1.372628284494774309e-01 1.795936902812795555e-01
3.790972222222222410e+00 1.372570634717973359e-01 1.773065776689126405e-01
3.791666666666666519e+00 1.371224092318924781e-01 1.750067804452739018e-01
3.792361111111111072e+00 1.369311990345075392e-01 1.727050484475385062e-01
3.793055555555555625e+00 1.366536039500486077e-01 1.703702506309246190e-01
3.793749999999999734e+00 1.363579803084613018e-01 1.680129782768717828e-01
3.794444444444444287e+00 1.359986783922943199e-01 1.656683883449704409e-01
3.795138888888888840e+00 1.356384201683205892e-01 1.633287992047230963e-01
3.795833333333332948e+00 1.352251315915819208e-01 1.610030641464652579e-01
3.796527777777777501e+00 1.348210348264728964e-01 1.586832532787653682e-01
3.797222222222222499e+00 1.343713930283079172e-01 1.563603840582084292e-01
3.797916666666667052e+00 1.339377403957632273e-01 1.540467074415415860e-01
3.798611111111111160e+00 1.334645802163710593e-01 1.517620222370869854e-01
3.799305555555555713e+00 1.330117465084386386e-01 1.494912645368564053e-01
3.800000000000000266e+00 1.325240702819208694e-01 1.472209100325629072e-01
3.800694444444444375e+00 1.320583824838280906e-01 1.449565882245243686e-01
3.801388888888888928e+00 1.315548647900009194e-01 1.427053492473771279e-01
3.802083333333333481e+00 1.310790582533154502e-01 1.404657577918363709e-01
3.802777777777777590e+00 1.305692483910552704e-01 1.382468422603377878e-01
3.803472222222222143e+00 1.300855255207258865e-01 1.360532986613971207e-01
3.804166666666666696e+00 1.295716230331753205e-01 1.338880226169447962e-01
3.804861111111110805e+00 1.290883201831994342e-01 1.317463275697311476e-01
3.805555555555555358e+00 1.285779886695769814e-01 1.296257072448176451e-01
3.806249999999999911e+00 1.280987849765266029e-01 1.275207474708261457e-01
3.806944444444444020e+00 1.275929582496354298e-01 1.254331566115548802e-01
3.807638888888889017e+00 1.271194364307782487e-01 1.233625700413751580e-01
3.808333333333333570e+00 1.266205435595889606e-01 1.213130870353228141e-01
3.809027777777778123e+00 1.261521530461851281e-01 1.192860348437991824e-01
3.809722222222222232e+00 1.256590600074924402e-01 1.172868379879706824e-01
3.810416666666666785e+00 1.251969265101473827e-01 1.153059903049228341e-01
3.811111111111111338e+00 1.247095866785761509e-01 1.133504092187633538e-01
3.811805555555555447e+00 1.242535778333783286e-01 1.114190965978324038e-01
3.812500000000000000e+00 1.237724304991193042e-01 1.095105784969004348e-01
3.813194444444444553e+00 1.233219365112935839e-01 1.076248477252878533e-01
3.813888888888888662e+00 1.228464455794591598e-01 1.057686636717159040e-01
3.814583333333333215e+00 1.224015210945928606e-01 1.039370692984820932e-01
3.815277777777777768e+00 1.219324263425849153e-01 1.021305269270025295e-01
3.815972222222221877e+00 1.214940686985593321e-01 1.003490811856964926e-01
3.816666666666666430e+00 1.210320302735485576e-01 9.859179714738870726e-02
3.817361111111110983e+00 1.206004918831457690e-01 9.686390398698918602e-02
3.818055555555555980e+00 1.201455073756078351e-01 9.516169593282404471e-02
3.818750000000000089e+00 1.197212001139717069e-01 9.348516096625565652e-02
3.819444444444444642e+00 1.192736458153698109e-01 9.183676375084653953e-02
3.820138888888889195e+00 1.188557097994670519e-01 9.021721169694091325e-02
3.820833333333333304e+00 1.184144519384960348e-01 8.862477671177684813e-02
3.821527777777777857e+00 1.180027285500358653e-01 8.706205905013590651e-02
3.822222222222222410e+00 1.175679815069720774e-01 8.552623809787143760e-02
3.822916666666666519e+00 1.171624333399794993e-01 8.402066645142430845e-02
3.823611111111111072e+00 1.167344053927816816e-01 8.254457418415882264e-02
3.824305555555555625e+00 1.163350258697108952e-01 8.110126158697157639e-02
3.824999999999999734e+00 1.159133624276745406e-01 7.968252630828993877e-02
3.825694444444444287e+00 1.155201806940387849e-01 7.829540593372602553e-02
3.826388888888888840e+00 1.151051893764898360e-01 7.693600184851950852e-02
3.827083333333332948e+00 1.147184061093450835e-01 7.560279027931464391e-02
3.827777777777777501e+00 1.143098736357769235e-01 7.429545683688604241e-02
3.828472222222222499e+00 1.139284110184724946e-01 7.301430145566645269e-02
3.829166666666667052e+00 1.135256199800266375e-01 7.175753873314004438e-02
3.829861111111111160e+00 1.131498434474497022e-01 7.052351180002483511e-02
3.830555555555555713e+00 1.127528183194321382e-01 6.931029660928283986e-02
3.831250000000000266e+00 1.123824855203461592e-01 6.811899656286499183e-02
3.831944444444444375e+00 1.119913590855064756e-01 6.694804183724720192e-02
3.832638888888888928e+00 1.116262291682516145e-01 6.579658979522723383e-02
3.833333333333333481e+00 1.112406647632689649e-01 6.466320617513612867e-02
3.834027777777777590e+00 1.108809652833217391e-01 6.354935431401845247e-02
3.834722222222222143e+00 1.105011259575304633e-01 6.245343294662303313e-02
3.835416666666666696e+00 1.101466194953384797e-01 6.137573927500815374e-02
3.836111111111110805e+00 1.097721272049680674e-01 6.031463607780702951e-02
3.836805555555555358e+00 1.094222320743769711e-01 5.927007922435373333e-02
3.837499999999999911e+00 1.090529624438390105e-01 5.824119396541812405e-02
3.838194444444444020e+00 1.087079785999008757e-01 5.722778468823228049e-02
3.838888888888889017e+00 1.083439235819224217e-01 5.623050620530095633e-02
3.839583333333333570e+00 1.080036770765168130e-01 5.524833407905076210e-02
3.840277777777778123e+00 1.076449021400657791e-01 5.428174820821518587e-02
3.840972222222222232e+00 1.073092497637141568e-01 5.332964049277198054e-02
3.841666666666666785e+00 1.069554636916226764e-01 5.239195578214855126e-02
3.842361111111111338e+00 1.066244987463095539e-01 5.146801007313216159e-02
3.843055555555555447e+00 1.062756366147042386e-01 5.055830657677444495e-02
3.843750000000000000e+00 1.059489213026366811e-01 4.966153114938470087e-02
3.844444444444444553e+00 1.056048871855862631e-01 4.877873028536661854e-02
3.845138888888888662e+00 1.052824262226992602e-01 4.790887750358786834e-02
3.845833333333333215e+00 1.049431811340840043e-01 4.705257610077015484e-02
3.846527777777777768e+00 1.046251240406672195e-01 4.620819549093296147e-02
3.847222222222221877e+00 1.042908277034415993e-01 4.537653163610828183e-02
3.847916666666666430e+00 1.039772602578269006e-01 4.455636476723596334e-02
3.848611111111110983e+00 1.036482205530045442e-01 4.374885519739018375e-02
3.849305555555555980e+00 1.033388243328794698e-01 4.295301261588937297e-02
3.850000000000000089e+00 1.030150340943860876e-01 4.216966716679801386e-02
3.850694444444444642e+00 1.027098661950374275e-01 4.139742461326199191e-02
3.851388888888889195e+00 1.023923957494751458e-01 4.063716190041474080e-02
3.852083333333333304e+00 1.020923640908448921e-01 3.988791787336685990e-02
3.852777777777777857e+00 1.017809780183104723e-01 3.915027777406468457e-02
3.853472222222222410e+00 1.014835935626101082e-01 3.842316970442438695e-02
3.854166666666666519e+00 1.011790314149634551e-01 3.770733993622637364e-02
3.854861111111111072e+00 1.008849638137639670e-01 3.700185309979802523e-02
3.855555555555555625e+00 1.005867202903279745e-01 3.630751089291141265e-02
3.856249999999999734e+00 1.002920142828627181e-01 3.562363840708360901e-02
3.856944444444444287e+00 9.999354519480349590e-02 3.495060677137936528e-02
3.857638888888888840e+00 9.969390852873724618e-02 3.428740581610983940e-02
3.858333333333332948e+00 9.939780291033001314e-02 3.363448649949521418e-02
3.859027777777777501e+00 9.910075007052272789e-02 3.299113676128472700e-02
3.859722222222222499e+00 9.880963685949432918e-02 3.235794422105491702e-02
3.860416666666667052e+00 9.851494245116354520e-02 3.173432357468211618e-02
3.861111111111111160e+00 9.822746405537347014e-02 3.112074388419885235e-02
3.861805555555555713e+00 9.793559585299001224e-02 3.051649487876662709e-02
3.862500000000000266e+00 9.765088402035609905e-02 2.992198866846282335e-02
3.863194444444444375e+00 9.736116318909614209e-02 2.933654239293645785e-02
3.863888888888888928e+00 9.707980954961137332e-02 2.876047896810744048e-02
3.864583333333333481e+00 9.679308544184020424e-02 2.819325711989897204e-02
3.865277777777777590e+00 9.651483371980962289e-02 2.763534681552702946e-02
3.865972222222222143e+00 9.623037820148472310e-02 2.708627960890654454e-02
3.866666666666666696e+00 9.595540716051483010e-02 2.654626946763271808e-02
3.867361111111110805e+00 9.567365402650486461e-02 2.601473577327896927e-02
3.868055555555555358e+00 9.540179425290574999e-02 2.549188862754079785e-02
3.868749999999999911e+00 9.512262833839710274e-02 2.497716102908393784e-02
3.869444444444444020e+00 9.485456060431390890e-02 2.447073208493487709e-02
3.870138888888889017e+00 9.457760871428771976e-02 2.397215392541042836e-02
3.870833333333333570e+00 9.431319831350823413e-02 2.348161480874424306e-02
3.871527777777778123e+00 9.403767880955223035e-02 2.299845436717154815e-02
3.872222222222222232e+00 9.377582205302696650e-02 2.252319292790139205e-02
3.872916666666666785e+00 9.349947592788201978e-02 2.205524626308835029e-02
3.873611111111111338e+00 9.323835752698100832e-02 2.159497513400531615e-02
3.874305555555555447e+00 9.295941669655920225e-02 2.114167495927518972e-02
3.875000000000000000e+00 9.269563577146938682e-02 2.069570956974416120e-02
3.875694444444444553e+00 9.241731165895859801e-02 2.025651750809617443e-02
3.876388888888888662e+00 9.215612370770412398e-02 1.982434639665440687e-02
3.877083333333333215e+00 9.188192201559265693e-02 1.939868560175950565e-02
3.877777777777777768e+00 9.163042027360905617e-02 1.898018660516091749e-02
3.878472222222221877e+00 9.137086679047662363e-02 1.856798648031348503e-02
3.879166666666666430e+00 9.112700177507672417e-02 1.816234894743340780e-02
3.879861111111110983e+00 9.087207143829244271e-02 1.776266380346177773e-02
3.880555555555555980e+00 9.062728493730437540e-02 1.736939329198866622e-02
3.881250000000000089e+00 9.038209321226407800e-02 1.698198090951601527e-02
3.881944444444444642e+00 9.015035600211319944e-02 1.660086705751143490e-02
3.882638888888889195e+00 8.990909986605229165e-02 1.622558618274706072e-02
3.883333333333333304e+00 8.966725881566248169e-02 1.585624834391823057e-02
3.884027777777777857e+00 8.942425500661796423e-02 1.549241684621877578e-02
3.884722222222222410e+00 8.918095007647187933e-02 1.513426881167942266e-02
3.885416666666666519e+00 8.893982660770860527e-02 1.478141746568211248e-02
3.886111111111111072e+00 8.869770837855134316e-02 1.443396917958122971e-02
3.886805555555555625e+00 8.846051256672486651e-02 1.409180105842604454e-02
3.887499999999999734e+00 8.822005078195405137e-02 1.375495825938415594e-02
3.888194444444444287e+00 8.798487015196500283e-02 1.342322527045310479e-02
3.888888888888888840e+00 8.774599530212998100e-02 1.309657853541358261e-02
3.889583333333332948e+00 8.751291754744626450e-02 1.277490417115891529e-02
3.890277777777777501e+00 8.727594381278951097e-02 1.245818874575206799e-02
3.890972222222222499e+00 8.704509957665089448e-02 1.214619078881245401e-02
3.891666666666667052e+00 8.680972796686502180e-02 1.183877619183107931e-02
3.892361111111111160e+00 8.658091511381191263e-02 1.153589360894378101e-02
3.893055555555555713e+00 8.634730640679705305e-02 1.123759712882733443e-02
3.893750000000000266e+00 8.612053531811875162e-02 1.094388194861349931e-02
3.894444444444444375e+00 8.588875316987057418e-02 1.065463575693298762e-02
3.895138888888888928e+00 8.566412476688652078e-02 1.036976278870900027e-02
3.895833333333333481e+00 8.543420570577310580e-02 1.008924406194011171e-02
3.896527777777777590e+00 8.521178831847719959e-02 9.813122795099724419e-03
3.897222222222222143e+00 8.498367976338599972e-02 9.541109592185688382e-03
3.897916666666666696e+00 8.476355967473081510e-02 9.273088630450650530e-03
3.898611111111110805e+00 8.453705891802304473e-02 9.008952673531215802e-03
3.899305555555555358e+00 8.431926045420197469e-02 8.748725004700450697e-03
3.899999999999999911e+00 8.409405410987295937e-02 8.492351381673136218e-03
3.900694444444444020e+00 8.387900106499132646e-02 8.239807448352263336e-03
3.901388888888889017e+00 8.365390547456794113e-02 7.991057860965232462e-03
3.902083333333333570e+00 8.343967931610539457e-02 7.746022317377316245e-03
3.902777777777778123e+00 8.321315207897241051e-02 7.504642725366025661e-03
3.903472222222222232e+00 8.299937615220287501e-02 7.266850461606780623e-03
3.904166666666666785e+00 8.277018636275336461e-02 7.032595485804953549e-03
3.904861111111111338e+00 8.255444999459216060e-02 6.801883927640833827e-03
3.905555555555555447e+00 8.232290189177508821e-02 6.574617321407345664e-03
3.906250000000000000e+00 8.210478681486653441e-02 6.350716153223021250e-03
3.906944444444444553e+00 8.187984479643091451e-02 6.130241052404561408e-03
3.907638888888888662e+00 8.167399675745548593e-02 5.913091566410644609e-03
3.908333333333333215e+00 8.146182787271638581e-02 5.699210515693895265e-03
3.909027777777777768e+00 8.126347346123773130e-02 5.488439067536005772e-03
3.909722222222221877e+00 8.105596008820983855e-02 5.280806560221030024e-03
3.910416666666666430e+00 8.085883365032585368e-02 5.076309046140501345e-03
3.911111111111110983e+00 8.065702463738207151e-02 4.874802062072886889e-03
3.911805555555555980e+00 8.046297702706173283e-02 4.676258293478316279e-03
3.912500000000000089e+00 8.026366589435282584e-02 4.480732192426903696e-03
3.913194444444444642e+00 8.006593937455409871e-02 4.288177202790441345e-03
3.913888888888889195e+00 7.986627660624077973e-02 4.098583319487023903e-03
3.914583333333333304e+00 7.966710386378536568e-02 3.911818254306860358e-03
3.915277777777777857e+00 7.946889294989302466e-02 3.727833443395435660e-03
3.915972222222222410e+00 7.926922568061131602e-02 3.546565267430480325e-03
3.916666666666666519e+00 7.907403712048154121e-02 3.367990059012141921e-03
3.917361111111111072e+00 7.887100274506431141e-02 3.191951283513491059e-03
3.918055555555555625e+00 7.867497351694367758e-02 3.018427298453385012e-03
3.918749999999999734e+00 7.847921994123305267e-02 2.847468391341306717e-03
3.919444444444444287e+00 7.828926614824430197e-02 2.679027659304443129e-03
3.920138888888888840e+00 7.808952492685039548e-02 2.513130994782778425e-03
3.920833333333332948e+00 7.790012097576301531e-02 2.349780512429604489e-03
3.921527777777777501e+00 7.770136157026161228e-02 2.188928098425431141e-03
3.922222222222222499e+00 7.751210861458257551e-02 2.030542879478114231e-03
3.922916666666667052e+00 7.731148699217238462e-02 1.874675436585000700e-03
3.923611111111111160e+00 7.712222794689159444e-02 1.720977162340661800e-03
3.924305555555555713e+00 7.691884981529678589e-02 1.569543210929700639e-03
3.925000000000000266e+00 7.672730074929516586e-02 1.420484637312003588e-03
3.925694444444444375e+00 7.652189942592907412e-02 1.273513041233673149e-03
3.926388888888888928e+00 7.632821210195604722e-02 1.128511372857518309e-03
3.927083333333333481e+00 7.612854972969573808e-02 9.859422868892827978e-04
3.927777777777777590e+00 7.594577764873847170e-02 8.455097216726906130e-04
3.928472222222222143e+00 7.575639269582949697e-02 7.067461932588675264e-04
3.929166666666666696e+00 7.557845559534748237e-02 5.697353000868045055e-04
3.929861111111110805e+00 7.539351595686054341e-02 4.347125266220724688e-04
3.930555555555555358e+00 7.521772779577295953e-02 3.022971584707828110e-04
3.931249999999999911e+00 7.503743327236858662e-02 1.720327896650809601e-04
3.931944444444444020e+00 7.486505647741675817e-02 4.334276726782451737e-05
3.932638888888889017e+00 7.468754596140783630e-02 -8.327542742381584164e-05
3.933333333333333570e+00 7.451228681585446434e-02 -2.080025719110085872e-04
3.934027777777778123e+00 7.433484775565959990e-02 -3.311195648066486610e-04
3.934722222222222232e+00 7.415806071966289659e-02 -4.523451464973797043e-04
3.935416666666666785e+00 7.398099742615610319e-02 -5.716986147511769799e-04
3.936111111111111338e+00 7.380322078280082687e-02 -6.897294076913083752e-04
3.936805555555555447e+00 7.362765418560501818e-02 -8.062043668290328965e-04
3.937500000000000000e+00 7.345038548567710268e-02 -9.205267752518587641e-04
3.938194444444444553e+00 7.327636806690343563e-02 -1.032963607372707057e-03
3.938888888888888662e+00 7.309952925656820755e-02 -1.144170110870426247e-03
3.939583333333333215e+00 7.292668791533871153e-02 -1.254071406677022401e-03
3.940277777777777768e+00 7.275136748248164920e-02 -1.362183373230283368e-03
3.940972222222221877e+00 7.257998668721914182e-02 -1.468782972714895683e-03
3.941666666666666430e+00 7.240536852635853782e-02 -1.573961135861393123e-03
3.942361111111110983e+00 7.223520543347024259e-02 -1.677497081713678591e-03
3.943055555555555980e+00 7.206154232357558920e-02 -1.779736157966364026e-03
3.943750000000000089e+00 7.189247530217295068e-02 -1.880696839619706287e-03
3.944444444444444642e+00 7.171986456030990387e-02 -1.979839229870946661e-03
3.945138888888889195e+00 7.155195204378941853e-02 -2.077367935167219806e-03
3.945833333333333304e+00 7.138042014240453259e-02 -2.173894359467584605e-03
3.946527777777777857e+00 7.121397705843046655e-02 -2.269391452112987182e-03
3.947222222222222410e+00 7.104352407505565292e-02 -2.363457523549068046e-03
3.947916666666666519e+00 7.087811698420797002e-02 -2.455938561496263505e-03
3.948611111111111072e+00 7.070860007834310623e-02 -2.546800841022944101e-03
3.949305555555555625e+00 7.054476793548983271e-02 -2.635978016323748969e-03
3.949999999999999734e+00 7.037633811189226984e-02 -2.723908866880717095e-03
3.950694444444444287e+00 7.021381163381530677e-02 -2.810663661628862945e-03
3.951388888888888840e+00 7.004603655999759593e-02 -2.896066759623502213e-03
3.952083333333332948e+00 6.988524820544254890e-02 -2.980322189996210264e-03
3.952777777777777501e+00 6.971740746633880992e-02 -3.063332208928981528e-03
3.953472222222222499e+00 6.955715492324722471e-02 -3.145246293968362652e-03
3.954166666666667052e+00 6.938854080440119698e-02 -3.225990992897801932e-03
3.954861111111111160e+00 6.922842931057245075e-02 -3.305534104786782713e-03
3.955555555555555713e+00 6.905740380935544709e-02 -3.383897371546094532e-03
3.956250000000000266e+00 6.889576099388826369e-02 -3.461128815941731229e-03
3.956944444444444375e+00 6.872269920569161472e-02 -3.537247358894385438e-03
3.957638888888888928e+00 6.855835484383719647e-02 -3.612230664447246050e-03
3.958333333333333481e+00 6.838716552449723707e-02 -3.686172391027146573e-03
3.959027777777777590e+00 6.822824847490967237e-02 -3.759149454885992413e-03
3.959722222222222143e+00 6.807012477608202772e-02 -3.831130758535324261e-03
3.960416666666666696e+00 6.792362277651552149e-02 -3.902089630351161104e-03
3.961111111111110805e+00 6.776429448024655355e-02 -3.972013220241574910e-03
3.961805555555555358e+00 6.761041445383710047e-02 -4.040930783342681389e-03
3.962499999999999911e+00 6.745516627789656383e-02 -4.108826769412117670e-03
3.963194444444444020e+00 6.730802678926765814e-02 -4.175696252172141250e-03
3.963888888888889017e+00 6.715635188606901285e-02 -4.241568466273540859e-03
3.964583333333333570e+00 6.700917721745407174e-02 -4.306467016437302495e-03
3.965277777777778123e+00 6.685880697151133645e-02 -4.370426886805657725e-03
3.965972222222222232e+00 6.670925704146299373e-02 -4.433483850981806071e-03
3.966666666666666785e+00 6.655852755804174403e-02 -4.495593533024518605e-03
3.967361111111111338e+00 6.640811511374176968e-02 -4.556836525485411134e-03
3.968055555555555447e+00 6.625825000253662833e-02 -4.617113256426488496e-03
3.968750000000000000e+00 6.610728578689872847e-02 -4.676555142619220895e-03
3.969444444444444553e+00 6.595877039624820082e-02 -4.734989638443847480e-03
3.970138888888888662e+00 6.580867415417612776e-02 -4.792664752187302327e-03
3.970833333333333215e+00 6.566119186207428071e-02 -4.849506208193154512e-03
3.971527777777777768e+00 6.551156909041862264e-02 -4.905524473214835021e-03
3.972222222222221877e+00 6.536496394491217443e-02 -4.960650085013238245e-03
3.972916666666666430e+00 6.521596068008587987e-02 -5.014997518791734603e-03
3.973611111111110983e+00 6.507011334158267768e-02 -5.068612473736674139e-03
3.974305555555555980e+00 6.492179727776783982e-02 -5.121436414436476500e-03
3.975000000000000089e+00 6.477683945123154097e-02 -5.173546536856673053e-03
3.975694444444444642e+00 6.462929502437228524e-02 -5.224914335026756111e-03
3.976388888888889195e+00 6.448533332195946488e-02 -5.275588404410600819e-03
3.977083333333333304e+00 6.433864328459411308e-02 -5.325540503879683772e-03
3.977777777777777857e+00 6.419555340855710723e-02 -5.374806930054650683e-03
3.978472222222222410e+00 6.404958186874548653e-02 -5.423376417837571552e-03
3.979166666666666519e+00 6.390741183400026892e-02 -5.471262870919912751e-03
3.979861111111111072e+00 6.376232934902410776e-02 -5.518454685383934397e-03
3.980555555555555625e+00 6.362113235602161188e-02 -5.564970888991742012e-03
3.981249999999999734e+00 6.347683469490884856e-02 -5.610857277054076206e-03
3.981944444444444287e+00 6.333655220721597090e-02 -5.656199261349955341e-03
3.982638888888888840e+00 6.319306223762838348e-02 -5.700961300361529968e-03
3.983333333333332948e+00 6.305386915001813530e-02 -5.745139230687620717e-03
3.984027777777777501e+00 6.291109501200213561e-02 -5.788667967928942670e-03
3.984722222222222499e+00 6.277304585390366953e-02 -5.831347968168167778e-03
3.985416666666667052e+00 6.263092084844444629e-02 -5.873537349152091643e-03
3.986111111111111160e+00 6.249417950739154237e-02 -5.915064769794804549e-03
3.986805555555555713e+00 6.235208538626689501e-02 -5.955907451900064979e-03
3.987500000000000266e+00 6.221589869891135799e-02 -5.996273514601714420e-03
3.988194444444444375e+00 6.207307748201544573e-02 -6.036123179101744729e-03
3.988888888888888928e+00 6.193682989608007700e-02 -6.075361325589789981e-03
3.989583333333333481e+00 6.179225739440191711e-02 -6.113962368568828798e-03
3.990277777777777590e+00 6.165512441987502923e-02 -6.152110662187128612e-03
3.990972222222222143e+00 6.150877309631346684e-02 -6.189758603554262190e-03
3.991666666666666696e+00 6.136895545989914241e-02 -6.226731465758439735e-03
3.992361111111110805e+00 6.122269210250316784e-02 -6.263195126999398891e-03
3.993055555555555358e+00 6.108533681297731444e-02 -6.299195907081020160e-03
3.993749999999999911e+00 6.095123027428613754e-02 -6.334759300137322684e-03
3.994444444444444020e+00 6.082723736009384291e-02 -6.369822654035470558e-03
3.995138888888889017e+00 6.069067539887387785e-02 -6.404392118707085899e-03
3.995833333333333570e+00 6.055838300155182152e-02 -6.438461325550499242e-03
3.996527777777778123e+00 6.042132153163290442e-02 -6.472053826581497873e-03
3.997222222222222232e+00 6.028917325321434678e-02 -6.505159588231431388e-03
3.997916666666666785e+00 6.015862325383364295e-02 -6.537802899208033230e-03
3.998611111111111338e+00 6.003745386707298043e-02 -6.569962920232526836e-03
3.999305555555555447e+00 5.990736495893462382e-02 -6.601673325330642376e-03
4.000000000000000000e+00 5.977878954503304532e-02 -6.632922086106968207e-03
4.000694444444444109e+00 5.964994186082536731e-02 -6.663731720731894299e-03
4.001388888888889106e+00 5.952482575941035053e-02 -6.694089045485834139e-03
4.002083333333333215e+00 5.939723329236818589e-02 -6.724022844006162340e-03
4.002777777777777324e+00 5.927017125947734583e-02 -6.753504810441623117e-03
4.003472222222222321e+00 5.914238951754153401e-02 -6.782574314194610848e-03
4.004166666666666430e+00 5.901449509515258735e-02 -6.811228957466755954e-03
4.004861111111110539e+00 5.888753539694586980e-02 -6.839484874174284884e-03
4.005555555555555536e+00 5.875990726470038672e-02 -6.867335038400918315e-03
4.006250000000000533e+00 5.863418274492773752e-02 -6.894795790589398204e-03
4.006944444444444642e+00 5.850725351119390183e-02 -6.921858939615631312e-03
4.007638888888888751e+00 5.838240852276089382e-02 -6.948544052811826167e-03
4.008333333333333748e+00 5.825585131981781545e-02 -6.974837629533244335e-03
4.009027777777777857e+00 5.813154726438915509e-02 -7.000740228647644309e-03
4.009722222222221966e+00 5.800544277196428844e-02 -7.023998938745496315e-03
4.010416666666666963e+00 5.788187085501841911e-02 -7.046280987968788628e-03
4.011111111111111072e+00 5.775640106545820024e-02 -7.068530749907654155e-03
4.011805555555555181e+00 5.763348715463901401e-02 -7.090449379890225584e-03
4.012500000000000178e+00 5.750851206549857653e-02 -7.112098007301941895e-03
4.013194444444444287e+00 5.738634528677220847e-02 -7.133495718216893190e-03
4.013888888888888395e+00 5.726202262844982960e-02 -7.154616025994831215e-03
4.014583333333333393e+00 5.714057855492023219e-02 -7.175416584837658769e-03
4.015277777777777501e+00 5.701687355988989403e-02 -7.196000315740522409e-03
4.015972222222222499e+00 5.689619104557875479e-02 -7.216309014834508366e-03
4.016666666666666607e+00 5.677313466407919729e-02 -7.236308364514737294e-03
4.017361111111111605e+00 5.665321565429507628e-02 -7.256098100475357957e-03
4.018055555555555713e+00 5.653074983555652494e-02 -7.275644625699760615e-03
4.018749999999999822e+00 5.641167634114841595e-02 -7.294913718166213222e-03
4.019444444444444819e+00 5.628974377559010228e-02 -7.313961391392282199e-03
4.020138888888888928e+00 5.617156717658719489e-02 -7.332748344968502592e-03
4.020833333333333037e+00 5.605010727715231678e-02 -7.351253480921162570e-03
4.021527777777778034e+00 5.593302890500571195e-02 -7.369588123932409307e-03
4.022222222222222143e+00 5.581135694684140336e-02 -7.387671145215574976e-03
4.022916666666666252e+00 5.569428858437142082e-02 -7.405496709775645503e-03
4.023611111111111249e+00 5.557204078796917218e-02 -7.423114819659729600e-03
4.024305555555555358e+00 5.545518198683347527e-02 -7.440538698940652763e-03
4.024999999999999467e+00 5.533132423248012660e-02 -7.457671011749266408e-03
4.025694444444444464e+00 5.521308379480993622e-02 -7.474689260262810941e-03
4.026388888888889461e+00 5.508807679826323300e-02 -7.491429083288500199e-03
4.027083333333333570e+00 5.496841480418803577e-02 -7.508037186378302072e-03
4.027777777777777679e+00 5.484453380544045825e-02 -7.524371177523709459e-03
4.028472222222222676e+00 5.472817364019196690e-02 -7.541742905802487421e-03
4.029166666666666785e+00 5.461197643873498542e-02 -7.558290718620391986e-03
4.029861111111110894e+00 5.450289133637972738e-02 -7.573876546031968991e-03
4.030555555555555891e+00 5.438591213138622982e-02 -7.589299048413869139e-03
4.031250000000000000e+00 5.427272210064106039e-02 -7.604605519849094719e-03
4.031944444444444109e+00 5.415661789384716013e-02 -7.619690357285714179e-03
4.032638888888889106e+00 5.404473817793974122e-02 -7.634642284796926137e-03
4.033333333333333215e+00 5.393198796208607815e-02 -7.649371186038108825e-03
4.034027777777777324e+00 5.382561010162707771e-02 -7.664059717949529664e-03
4.034722222222222321e+00 5.371285616470571067e-02 -7.679389072751703106e-03
4.035416666666666430e+00 5.360194673364863244e-02 -7.694162979087033720e-03
4.036111111111110539e+00 5.349076438637014042e-02 -7.707966460586039917e-03
4.036805555555555536e+00 5.338424367664814513e-02 -7.721793560911978556e-03
4.037500000000000533e+00 5.327483180453326111e-02 -7.735359340631612138e-03
4.038194444444444642e+00 5.316640430410133483e-02 -7.748842405158647660e-03
4.038888888888888751e+00 5.305684404173715424e-02 -7.762093507792172317e-03
4.039583333333333748e+00 5.294758469602643680e-02 -7.775361888339689734e-03
4.040277777777777857e+00 5.283812432942987247e-02 -7.789195288109049264e-03
4.040972222222221966e+00 5.272863976768435434e-02 -7.802528261925133039e-03
4.041666666666666963e+00 5.261997257145940854e-02 -7.814990622636928952e-03
4.042361111111111072e+00 5.251066286972818492e-02 -7.827464905955528601e-03
4.043055555555555181e+00 5.240284367405452504e-02 -7.839717264654285853e-03
4.043750000000000178e+00 5.229406942782684198e-02 -7.851880935269939937e-03
4.044444444444444287e+00 5.218690123427854183e-02 -7.863832295328129426e-03
4.045138888888888395e+00 5.207856419066940468e-02 -7.875762888329555442e-03
4.045833333333333393e+00 5.197203252379402338e-02 -7.887367208953843106e-03
4.046527777777777501e+00 5.186411279331154534e-02 -7.899713717417334788e-03
4.047222222222222499e+00 5.175797761317856710e-02 -7.911614618996420933e-03
4.047916666666666607e+00 5.165038104888194231e-02 -7.922740483701347369e-03
4.048611111111111605e+00 5.154493738672910608e-02 -7.933805664280811284e-03
4.049305555555555713e+00 5.143787609094317703e-02 -7.944775189914671937e-03
4.049999999999999822e+00 5.133293836489976475e-02 -7.955474472381899795e-03
4.050694444444444819e+00 5.122634384233584748e-02 -7.966195322761401507e-03
4.051388888888888928e+00 5.112199086180123364e-02 -7.976724835409417999e-03
4.052083333333333037e+00 5.101586630790799770e-02 -7.987270251133205684e-03
4.052777777777778034e+00 5.091217205995095946e-02 -7.998105170053957172e-03
4.053472222222222143e+00 5.080653713565875390e-02 -8.008759095759892047e-03
4.054166666666666252e+00 5.070344103381092121e-02 -8.018658845027349866e-03
4.054861111111111249e+00 5.059824094514017018e-02 -8.028537834228782061e-03
4.055555555555555358e+00 5.049588617804038476e-02 -8.038245745436090745e-03
4.056249999999999467e+00 5.039109510428087940e-02 -8.047913911344238211e-03
4.056944444444444464e+00 5.028957310010764847e-02 -8.057387516761927576e-03
4.057638888888889461e+00 5.018491756098691220e-02 -8.066855864463283454e-03
4.058333333333333570e+00 5.008381134468909562e-02 -8.076108124736502622e-03
4.059027777777777679e+00 4.997891071397199403e-02 -8.085776165213191466e-03
4.059722222222222676e+00 4.987783165215650683e-02 -8.095315595161670444e-03
4.060416666666666785e+00 4.977179358721833813e-02 -8.104191866954841422e-03
4.061111111111110894e+00 4.967005578992086945e-02 -8.112912720880702255e-03
4.061805555555555891e+00 4.956328980347118884e-02 -8.121666017984720959e-03
4.062500000000000000e+00 4.946067506098850153e-02 -8.130202378094334922e-03
4.063194444444444109e+00 4.935327900661717199e-02 -8.138766592894218499e-03
4.063888888888889106e+00 4.925056176206048242e-02 -8.147101818103089088e-03
4.064583333333333215e+00 4.914814187476171381e-02 -8.155535182552619070e-03
4.065277777777777324e+00 4.905211719557213412e-02 -8.163980614774796543e-03
4.065972222222222321e+00 4.895036546982105968e-02 -8.172548884657643981e-03
4.066666666666666430e+00 4.885218857801512660e-02 -8.180401465422452653e-03
4.067361111111110539e+00 4.875027574986817019e-02 -8.188241000469664854e-03
4.068055555555555536e+00 4.865213595671276370e-02 -8.195969606784852396e-03
4.068750000000000533e+00 4.855269706796668666e-02 -8.203690699750602541e-03
4.069444444444444642e+00 4.845803328080875577e-02 -8.211224598907971434e-03
4.070138888888888751e+00 4.835883176165426539e-02 -8.218831042326815023e-03
4.070833333333333748e+00 4.826329721227872599e-02 -8.226188317572413408e-03
4.071527777777777857e+00 4.816452316767690089e-02 -8.233765087259469276e-03
4.072222222222221966e+00 4.806952036282881313e-02 -8.241422505587223113e-03
4.072916666666666963e+00 4.797206595085191927e-02 -8.248497330813210626e-03
4.073611111111111072e+00 4.787884036388356107e-02 -8.255426187860921000e-03
4.074305555555555181e+00 4.778158696210290518e-02 -8.262421031984735001e-03
4.075000000000000178e+00 4.768772078638688905e-02 -8.269169976159290378e-03
4.075694444444444287e+00 4.759134048872046274e-02 -8.276056330280390227e-03
4.076388888888888395e+00 4.749881533560332270e-02 -8.282653201189647471e-03
4.077083333333333393e+00 4.740298038274932957e-02 -8.289396480642294285e-03
4.077777777777777501e+00 4.731060422442719821e-02 -8.295956203609561666e-03
4.078472222222222499e+00 4.721538896434530203e-02 -8.302868333954905103e-03
4.079166666666666607e+00 4.712352661038174406e-02 -8.309112240275478775e-03
4.079861111111111605e+00 4.702910500353064960e-02 -8.315367589527687675e-03
4.080555555555555713e+00 4.693787218412211193e-02 -8.321462713538901532e-03
4.081249999999999822e+00 4.684420311456693325e-02 -8.327636411892840387e-03
4.081944444444444819e+00 4.675349023245270463e-02 -8.333620483417659985e-03
4.082638888888888928e+00 4.666062796952105685e-02 -8.339703694167258791e-03
4.083333333333333037e+00 4.657063741700643439e-02 -8.345541814838717057e-03
4.084027777777778034e+00 4.647861495666888443e-02 -8.351448013937043391e-03
4.084722222222222143e+00 4.638910118667703003e-02 -8.357602544403628514e-03
4.085416666666666252e+00 4.629813752103131841e-02 -8.363277978966066756e-03
4.086111111111111249e+00 4.620913737803028498e-02 -8.368744237639143616e-03
4.086805555555555358e+00 4.611898543263341643e-02 -8.374322501776205671e-03
4.087499999999999467e+00 4.602959875039488308e-02 -8.379667904779314336e-03
4.088194444444444464e+00 4.593959100910770949e-02 -8.385206852988715334e-03
4.088888888888889461e+00 4.584969050467310736e-02 -8.390416477596937192e-03
4.089583333333333570e+00 4.575988240049197464e-02 -8.395783683051268736e-03
4.090277777777777679e+00 4.567008138089995173e-02 -8.401344839597780015e-03
4.090972222222222676e+00 4.558100600431664456e-02 -8.406474977661306663e-03
4.091666666666666785e+00 4.549159800716048863e-02 -8.411422689595233343e-03
4.092361111111110894e+00 4.540321574447683806e-02 -8.416459790506147787e-03
4.093055555555555891e+00 4.531422831154793829e-02 -8.421282885860763637e-03
4.093750000000000000e+00 4.522646010485809054e-02 -8.426264482572254008e-03
4.094444444444444109e+00 4.513785482581719050e-02 -8.430942649396259286e-03
4.095138888888889106e+00 4.505049241831333984e-02 -8.435885745296687818e-03
4.095833333333333215e+00 4.496234368035891688e-02 -8.440438155951938623e-03
4.096527777777777324e+00 4.487550986997233121e-02 -8.445503059630319817e-03
4.097222222222222321e+00 4.478778145181091380e-02 -8.449970366667655663e-03
4.097916666666666430e+00 4.470147044267334252e-02 -8.454452923347252277e-03
4.098611111111110539e+00 4.461414044658554290e-02 -8.458844621940575514e-03
4.099305555555555536e+00 4.452837541069001870e-02 -8.463313295663330710e-03
4.100000000000000533e+00 4.444155366565783610e-02 -8.467559994878236587e-03
4.100694444444444642e+00 4.435630445994803023e-02 -8.472010007155609743e-03
4.101388888888888751e+00 4.426986468036348682e-02 -8.476163183539206503e-03
4.102083333333333748e+00 4.418523492546345272e-02 -8.480275100876752056e-03
4.102777777777777857e+00 4.409923642601041444e-02 -8.484801218688655874e-03
4.103472222222221966e+00 4.401509456619842608e-02 -8.488879938134090766e-03
4.104166666666666963e+00 4.392952201274187563e-02 -8.492751142444715517e-03
4.104861111111111072e+00 4.384605193923057226e-02 -8.496816851570132903e-03
4.105555555555555181e+00 4.376084756183814400e-02 -8.500622976189375207e-03
4.106250000000000178e+00 4.367803447806654915e-02 -8.504601728485954373e-03
4.106944444444444287e+00 4.359296943092062782e-02 -8.508333756982552898e-03
4.107638888888888395e+00 4.351051745398905324e-02 -8.512352813502417279e-03
4.108333333333333393e+00 4.342531524699347334e-02 -8.515790974726766827e-03
4.109027777777777501e+00 4.334288858441907172e-02 -8.519928191525820774e-03
4.109722222222222499e+00 4.325692719812810477e-02 -8.523460787580318734e-03
4.110416666666666607e+00 4.317396362683803557e-02 -8.527057464954558574e-03
4.111111111111111605e+00 4.308763001726214487e-02 -8.530535258051266667e-03
4.111805555555555713e+00 4.300446703545107718e-02 -8.534066629262499620e-03
4.112499999999999822e+00 4.291807685171214470e-02 -8.537463686080817502e-03
4.113194444444444819e+00 4.283513746848999215e-02 -8.541042424464708599e-03
4.113888888888888928e+00 4.275197885166404088e-02 -8.544224809436246765e-03
4.114583333333333037e+00 4.267316924092767749e-02 -8.547908900733914433e-03
4.115277777777778034e+00 4.259104928992506894e-02 -8.551112083682949061e-03
4.115972222222222143e+00 4.251177313233014954e-02 -8.554350179278573385e-03
4.116666666666666252e+00 4.242984707290882451e-02 -8.557521332009737636e-03
4.117361111111111249e+00 4.235082571037423332e-02 -8.560710373230496009e-03
4.118055555555555358e+00 4.226984470574351310e-02 -8.563787070045658298e-03
4.118749999999999467e+00 4.219215540616951671e-02 -8.566996598622145243e-03
4.119444444444444464e+00 4.211217560813838856e-02 -8.569949600776935461e-03
4.120138888888889461e+00 4.203533238109850162e-02 -8.572828684034155058e-03
4.120833333333333570e+00 4.195594847020563123e-02 -8.576140777549597083e-03
4.121527777777777679e+00 4.187946531256264010e-02 -8.579060444810132635e-03
4.122222222222222676e+00 4.180053052279129877e-02 -8.581873402292274425e-03
4.122916666666666785e+00 4.172455570629703819e-02 -8.584812332196743029e-03
4.123611111111110894e+00 4.164624347533310567e-02 -8.587511678050725739e-03
4.124305555555555891e+00 4.157091073381273538e-02 -8.590443402021481767e-03
4.125000000000000000e+00 4.149328453121892829e-02 -8.593120608398821872e-03
4.125694444444444109e+00 4.141859358286531512e-02 -8.596006229208310104e-03
4.126388888888889106e+00 4.134177272934178027e-02 -8.598355695068645235e-03
4.127083333333333215e+00 4.126798372686734523e-02 -8.601390566081166741e-03
4.127777777777777324e+00 4.119170833219926164e-02 -8.603967137351084191e-03
4.128472222222222321e+00 4.111817631541436063e-02 -8.606537130995295382e-03
4.129166666666666430e+00 4.104220143865813103e-02 -8.608990755460952868e-03
4.129861111111110539e+00 4.096904977483815935e-02 -8.611584201667946484e-03
4.130555555555555536e+00 4.089360389200380475e-02 -8.614025447909583535e-03
4.131250000000000533e+00 4.082106706142960700e-02 -8.616593729991357808e-03
4.131944444444444642e+00 4.074632945788303484e-02 -8.618989925862630130e-03
4.132638888888888751e+00 4.067448359010793907e-02 -8.621145036888851546e-03
4.133333333333333748e+00 4.060042164745088222e-02 -8.623837338520396259e-03
4.134027777777777857e+00 4.052913475299894930e-02 -8.626240477644254306e-03
4.134722222222221966e+00 4.045557877764904137e-02 -8.628400321116445545e-03
4.135416666666666963e+00 4.038472770481905255e-02 -8.630733904033379214e-03
4.136111111111111072e+00 4.031174092478067433e-02 -8.632864397710632298e-03
4.136805555555555181e+00 4.024150945322652051e-02 -8.635262561670293061e-03
4.137500000000000178e+00 4.016919219012077963e-02 -8.637347325062830899e-03
4.138194444444444287e+00 4.009958133951514042e-02 -8.639346946808443284e-03
4.138888888888888395e+00 4.002790877650833773e-02 -8.641770880879673031e-03
4.139583333333333393e+00 3.995892334295166048e-02 -8.643938954457239254e-03
4.140277777777777501e+00 3.988781644711571206e-02 -8.645928196842242799e-03
4.140972222222222499e+00 3.981936899473893093e-02 -8.648044120734395268e-03
4.141666666666666607e+00 3.974889094365567643e-02 -8.649981107018193949e-03
4.142361111111111605e+00 3.968097815735549538e-02 -8.652114129204531434e-03
4.143055555555555713e+00 3.961112813941871508e-02 -8.653980767741379504e-03
4.143749999999999822e+00 3.954379198702197978e-02 -8.656147843875432527e-03
4.144444444444444819e+00 3.947457686602625498e-02 -8.657694226950391272e-03
4.145138888888888928e+00 3.940782964546439560e-02 -8.659970057803431653e-03
4.145833333333333037e+00 3.933924852315305587e-02 -8.661811202848651234e-03
4.146527777777778034e+00 3.927317854798535735e-02 -8.663640915587711780e-03
4.147222222222222143e+00 3.920526528991922360e-02 -8.665432637381518047e-03
4.147916666666666252e+00 3.913979413668167845e-02 -8.667329819076906652e-03
4.148611111111111249e+00 3.907252385213931534e-02 -8.669053328097786268e-03
4.149305555555555358e+00 3.900773826384554971e-02 -8.670975808167211141e-03
4.149999999999999467e+00 3.894128011754523916e-02 -8.672668614258211700e-03
4.150694444444444464e+00 3.887737136623881790e-02 -8.674118163593792785e-03
4.151388888888889461e+00 3.881162415817510786e-02 -8.676137871819979488e-03
4.152083333333333570e+00 3.874823035574411628e-02 -8.677853720277343974e-03
4.152777777777777679e+00 3.868320518040542499e-02 -8.679399131034784554e-03
4.153472222222222676e+00 3.862056499157166811e-02 -8.681111681951460615e-03
4.154166666666666785e+00 3.855652985820376411e-02 -8.682628599639904965e-03
4.154861111111110894e+00 3.849507108964690671e-02 -8.684353680688657040e-03
4.155555555555555891e+00 3.843155948665474136e-02 -8.685832283095766548e-03
4.156250000000000000e+00 3.837031024667515722e-02 -8.687610783392318153e-03
4.156944444444444109e+00 3.830710544716450089e-02 -8.688653334647371621e-03
4.157638888888889106e+00 3.824617128950311140e-02 -8.690570377611115879e-03
4.158333333333333215e+00 3.818340089549494831e-02 -8.692021166007667110e-03
4.159027777777777324e+00 3.812264026149039114e-02 -8.693473521130121867e-03
4.159722222222222321e+00 3.806040593950996143e-02 -8.694891150304893263e-03
4.160416666666666430e+00 3.800003587804982180e-02 -8.696424048464849663e-03
4.161111111111110539e+00 3.793842610214649691e-02 -8.697774855043019157e-03
4.161805555555555536e+00 3.787843998366266507e-02 -8.699355592048419600e-03
4.162500000000000533e+00 3.781746856290754688e-02 -8.700365335182796284e-03
4.163194444444444642e+00 3.775796692215938749e-02 -8.702037914925903409e-03
4.163888888888888751e+00 3.769785017481814410e-02 -8.703395728604601186e-03
4.164583333333333748e+00 3.763871005281178156e-02 -8.704723374572998634e-03
4.165277777777777857e+00 3.757906706584212414e-02 -8.705992985024956637e-03
4.165972222222221966e+00 3.752030484868407179e-02 -8.707343743327912444e-03
4.166666666666666963e+00 3.746152304802363719e-02 -8.708590334924925028e-03
4.167361111111111072e+00 3.740340385836564419e-02 -8.709989313668758948e-03
4.168055555555555181e+00 3.734521927380898138e-02 -8.711207430290730455e-03
4.168750000000000178e+00 3.728780862154904008e-02 -8.712134074050378527e-03
4.169444444444444287e+00 3.723051186086576148e-02 -8.713650425894009163e-03
4.170138888888888395e+00 3.717367481892461939e-02 -8.714923134841295535e-03
4.170833333333333393e+00 3.711696617632753714e-02 -8.716015497689019037e-03
4.171527777777777501e+00 3.706075409061110326e-02 -8.717238811452613853e-03
4.172222222222222499e+00 3.700471062712455683e-02 -8.718323595745806898e-03
4.172916666666666607e+00 3.694902297445049749e-02 -8.719605336300867426e-03
4.173611111111111605e+00 3.689332189870352802e-02 -8.720645397561913037e-03
4.174305555555555713e+00 3.683808983965378842e-02 -8.721978448903742326e-03
4.174999999999999822e+00 3.678302740778652269e-02 -8.722614842732649351e-03
4.175694444444444819e+00 3.672830360689596091e-02 -8.724041369705608229e-03
4.176388888888888928e+00 3.667361150225490612e-02 -8.725101038067003406e-03
4.177083333333333037e+00 3.661933373888199422e-02 -8.726164550966027805e-03
4.177777777777778034e+00 3.656523872027739319e-02 -8.727176304157533912e-03
4.178472222222222143e+00 3.651151829320817971e-02 -8.728281897194024863e-03
4.179166666666666252e+00 3.645784340050399475e-02 -8.729226737633953570e-03
4.179861111111111249e+00 3.640460909526021388e-02 -8.730405707804591089e-03
4.180555555555555358e+00 3.635152687557271362e-02 -8.731030364152679232e-03
4.181249999999999467e+00 3.629878449289420522e-02 -8.732291292713611694e-03
4.181944444444444464e+00 3.624606360796403526e-02 -8.733261392228002656e-03
4.182638888888889461e+00 3.619374818595896826e-02 -8.734178477585913952e-03
4.183333333333333570e+00 3.614159736586931848e-02 -8.735098584862401733e-03
4.184027777777777679e+00 3.608983561994569961e-02 -8.736099022149768772e-03
4.184722222222222676e+00 3.603801362267725072e-02 -8.736972519211242544e-03
4.185416666666666785e+00 3.598661131554420356e-02 -8.738030539036876695e-03
4.186111111111110894e+00 3.593535935847721324e-02 -8.738880621028769294e-03
4.186805555555555891e+00 3.588453584414681707e-02 -8.739449232118791031e-03
4.187500000000000000e+00 3.583358882108578919e-02 -8.740610737057159449e-03
4.188194444444444109e+00 3.578324790556504376e-02 -8.741519213805450453e-03
4.188888888888889106e+00 3.573284751365769091e-02 -8.742299118163189553e-03
4.189583333333333215e+00 3.568308324380337765e-02 -8.743213929778134372e-03
4.190277777777777324e+00 3.563303156593187332e-02 -8.743889213790699902e-03
4.190972222222222321e+00 3.558369627587772838e-02 -8.744806927075047739e-03
4.191666666666666430e+00 3.553433043184334866e-02 -8.745557661733596028e-03
4.192361111111110539e+00 3.548547853170286315e-02 -8.746572937910642581e-03
4.193055555555555536e+00 3.543640084932653256e-02 -8.746928713940204866e-03
4.193750000000000533e+00 3.538801468205400591e-02 -8.748042939117201683e-03
4.194444444444444642e+00 3.533960680667006665e-02 -8.748832401612751525e-03
4.195138888888888751e+00 3.529166921092648929e-02 -8.749601238954213267e-03
4.195833333333333748e+00 3.524344826782240675e-02 -8.750280068879769113e-03
4.196527777777777857e+00 3.519583669464269177e-02 -8.751099002779320207e-03
4.197222222222221966e+00 3.514807063202406157e-02 -8.751822154298075432e-03
4.197916666666666963e+00 3.510066423387857987e-02 -8.752703083009615373e-03
4.198611111111111072e+00 3.505303903875827548e-02 -8.753058244891991427e-03
4.199305555555555181e+00 3.500604753201690816e-02 -8.754014249848451890e-03
4.200000000000000178e+00 3.495912740379916034e-02 -8.754724281314405984e-03
4.200694444444444287e+00 3.491269519213646699e-02 -8.755405613748852914e-03
4.201388888888888395e+00 3.486614114455047903e-02 -8.756063285782890102e-03
4.202083333333333393e+00 3.482025453215429472e-02 -8.756774231001603417e-03
4.202777777777777501e+00 3.477432921207748023e-02 -8.757413410005802229e-03
4.203472222222222499e+00 3.472884909804505732e-02 -8.758170509375358750e-03
4.204166666666666607e+00 3.468307245207124384e-02 -8.758796962871937680e-03
4.204861111111111605e+00 3.463794334778467349e-02 -8.759106208716184103e-03
4.205555555555555713e+00 3.459284668922812250e-02 -8.759990644411939226e-03
4.206249999999999822e+00 3.454812497625896900e-02 -8.760704632493506588e-03
4.206944444444444819e+00 3.450313000458036378e-02 -8.761223620777127893e-03
4.207638888888888928e+00 3.445889999651707836e-02 -8.761858796278800682e-03
4.208333333333333037e+00 3.441490738625030410e-02 -8.762386624022896336e-03
4.209027777777778034e+00 3.437118698128088790e-02 -8.763127305856155402e-03
4.209722222222222143e+00 3.432706383687186141e-02 -8.763644050720663034e-03
4.210416666666666252e+00 3.428390954451245726e-02 -8.764429599612206037e-03
4.211111111111111249e+00 3.424096034294597801e-02 -8.764538933044812088e-03
4.211805555555555358e+00 3.419811155430733940e-02 -8.765406484278037702e-03
4.212499999999999467e+00 3.415455637161133456e-02 -8.765953085050379873e-03
4.213194444444444464e+00 3.411205450287465440e-02 -8.766455875874813036e-03
4.213888888888889461e+00 3.406995580550110925e-02 -8.766970153637332688e-03
4.214583333333333570e+00 3.402773793803440250e-02 -8.767587558305471596e-03
4.215277777777777679e+00 3.398469018966718963e-02 -8.768059624779576955e-03
4.215972222222222676e+00 3.394296357578859002e-02 -8.768753553528135444e-03
4.216666666666666785e+00 3.390190673592660686e-02 -8.768884821286694262e-03
4.217361111111110894e+00 3.386057861926951296e-02 -8.769627791786740664e-03
4.218055555555555891e+00 3.381826144505235138e-02 -8.770159844706410315e-03
4.218750000000000000e+00 3.377741566289330089e-02 -8.770648749120582219e-03
4.219444444444444109e+00 3.373726122118147347e-02 -8.771126047336503390e-03
4.220138888888889106e+00 3.369656424639925346e-02 -8.771641684433343494e-03
4.220833333333333215e+00 3.365466243063729157e-02 -8.772061621314769866e-03
4.221527777777777324e+00 3.361407207215422882e-02 -8.772661530551182155e-03
4.222222222222222321e+00 3.357439304751888565e-02 -8.773096852681979904e-03
4.222916666666666430e+00 3.353422119165828941e-02 -8.773245738206704794e-03
4.223611111111110539e+00 3.349304238942353573e-02 -8.773945405451955004e-03
4.224305555555555536e+00 3.345302835841842959e-02 -8.774431809916482042e-03
4.225000000000000533e+00 3.341405126133489834e-02 -8.774800970255782970e-03
4.225694444444444642e+00 3.337458973270492069e-02 -8.775311739284473098e-03
4.226388888888888751e+00 3.333425702436715321e-02 -8.775659203483872003e-03
4.227083333333333748e+00 3.329507518749333372e-02 -8.776201847063210340e-03
4.227777777777777857e+00 3.325677715673012319e-02 -8.776570098149277799e-03
4.228472222222221966e+00 3.321786369662307892e-02 -8.777150947683189791e-03
4.229166666666666963e+00 3.317776163059574235e-02 -8.777111872365957884e-03
4.229861111111111072e+00 3.313877282439348787e-02 -8.777796749894180642e-03
4.230555555555555181e+00 3.310077681239306790e-02 -8.778224782735530307e-03
4.231250000000000178e+00 3.306238409217781421e-02 -8.778612706053644243e-03
4.231944444444444287e+00 3.302306875488773136e-02 -8.778946985336774991e-03
4.232638888888888395e+00 3.298477834739983044e-02 -8.779397098400979621e-03
4.233333333333333393e+00 3.294745595937961097e-02 -8.779745115735015579e-03
4.234027777777777501e+00 3.290953455397069988e-02 -8.780248250219445036e-03
4.234722222222222499e+00 3.287068857936409350e-02 -8.780253949440439479e-03
4.235416666666666607e+00 3.283291774117051004e-02 -8.780842536415364025e-03
4.236111111111111605e+00 3.279608770044432214e-02 -8.781248885212913566e-03
4.236805555555555713e+00 3.521528119301989279e-02 -8.779369406809572549e-03
4.237499999999999822e+00 4.570203719705448475e-02 -8.770730444256634104e-03
4.238194444444444819e+00 4.034608385277579923e-02 -8.751997593734314393e-03
4.238888888888888928e+00 3.913889868724857585e-02 -8.725636714480445449e-03
4.239583333333333037e+00 3.865880737839594294e-02 -8.693292487609664485e-03
4.240277777777778034e+00 3.875744421749334478e-02 -8.652003842062997579e-03
4.240972222222222143e+00 3.872741296334531597e-02 -8.600244830966941034e-03
4.241666666666666252e+00 3.887173913643567069e-02 -8.537935022226965029e-03
4.242361111111111249e+00 3.916315459501882451e-02 -8.465666690616505119e-03
4.243055555555555358e+00 3.973630778436876287e-02 -8.382405795227998793e-03
4.243749999999999467e+00 4.059394797621230372e-02 -8.292552325252828052e-03
4.244444444444444464e+00 4.180170654047254269e-02 -8.194394828500499786e-03
4.245138888888889461e+00 4.341092496830312175e-02 -8.086930828756276265e-03
4.245833333333333570e+00 4.546285489490878989e-02 -7.968179797449379681e-03
4.246527777777777679e+00 4.798418014902771506e-02 -7.835701197846829669e-03
4.247222222222222676e+00 5.059110730738056866e-02 -7.691029503697838915e-03
4.247916666666666785e+00 5.330984273375871663e-02 -7.532352882288664842e-03
4.248611111111110894e+00 5.600575811724044922e-02 -7.362893747625876700e-03
4.249305555555555891e+00 5.851505154069577136e-02 -7.183529656343553421e-03
4.250000000000000000e+00 6.069526751992105479e-02 -6.991815795468173285e-03
4.250694444444444109e+00 6.254095205370746591e-02 -6.792694007984455273e-03
4.251388888888889106e+00 6.422441763822474281e-02 -6.579296609455624091e-03
4.252083333333333215e+00 6.581731131005837121e-02 -6.349867250202178778e-03
4.252777777777777324e+00 6.739632122584082730e-02 -6.111355300831406399e-03
4.253472222222222321e+00 6.904772037938662621e-02 -5.853058365310128026e-03
4.254166666666666430e+00 7.058558775423576237e-02 -5.580539041475739322e-03
4.254861111111110539e+00 7.216531558227398668e-02 -5.301762766748076283e-03
4.255555555555555536e+00 7.376657109104163557e-02 -5.008279815916424731e-03
4.256250000000000533e+00 7.537698247132659790e-02 -4.697046806958348093e-03
4.256944444444444642e+00 7.696139441384385049e-02 -4.369960280793686903e-03
4.257638888888888751e+00 7.834085488220705884e-02 -4.028425485829853318e-03
4.258333333333333748e+00 7.968611470543680853e-02 -3.658424070916194322e-03
4.259027777777777857e+00 8.101597294332471555e-02 -3.275382996605683255e-03
4.259722222222221966e+00 8.230121235689084880e-02 -2.888365273569703726e-03
4.260416666666666963e+00 8.356601441080890869e-02 -2.482864097486175807e-03
4.261111111111111072e+00 8.476214631075570938e-02 -2.058105429099149619e-03
4.261805555555555181e+00 8.595038902039592310e-02 -1.618488755896309046e-03
4.262500000000000178e+00 8.711012154250476203e-02 -1.152083777403588045e-03
4.263194444444444287e+00 8.826947488966692401e-02 -6.545820651449970511e-04
4.263888888888888395e+00 8.941197684162220660e-02 -1.394277768874610112e-04
4.264583333333333393e+00 9.050932808607274616e-02 3.791863749589711508e-04
4.265277777777777501e+00 9.162380132854167081e-02 9.151243347342682055e-04
4.265972222222222499e+00 9.278410058775973801e-02 1.462622980135810198e-03
4.266666666666666607e+00 9.397839917129367782e-02 2.029025667861174189e-03
4.267361111111111605e+00 9.523851925655676953e-02 2.626008959256921713e-03
4.268055555555555713e+00 9.645703686123693887e-02 3.249667829719344366e-03
4.268749999999999822e+00 9.772625564729239822e-02 3.908880083719826204e-03
4.269444444444444819e+00 9.901483272324897167e-02 4.581957362151880750e-03
4.270138888888888928e+00 1.003409785524810860e-01 5.246406456599982115e-03
4.270833333333333037e+00 1.016721373764198633e-01 5.933385646823273983e-03
4.271527777777778034e+00 1.030808259607498972e-01 6.639587506158672880e-03
4.272222222222222143e+00 1.044775160085903570e-01 7.374986434111338064e-03
4.272916666666666252e+00 1.058870516904796139e-01 8.143959754221660047e-03
4.273611111111111249e+00 1.072805841236716407e-01 8.907197744197761086e-03
4.274305555555555358e+00 1.086980653372585093e-01 9.671036469074217878e-03
4.274999999999999467e+00 1.099620973033385019e-01 1.048347492243209209e-02
4.275694444444444464e+00 1.112705355438645127e-01 1.132029947375646356e-02
4.276388888888889461e+00 1.125877592010419703e-01 1.216096103130089555e-02
4.277083333333332682e+00 1.139506969011320620e-01 1.301466649193499386e-02
4.277777777777777679e+00 1.153294400287377675e-01 1.390669155726305395e-02
4.278472222222222676e+00 1.167398055784208966e-01 1.483091697822568923e-02
4.279166666666666785e+00 1.181720415517932693e-01 1.568641694105749745e-02
4.279861111111110894e+00 1.196602938855381992e-01 1.650843838932861130e-02
4.280555555555555891e+00 1.211659293107724966e-01 1.740977510880476961e-02
4.281250000000000000e+00 1.227217678188522731e-01 1.836587496644902229e-02
4.281944444444444109e+00 1.242450988635395437e-01 1.934141328158215517e-02
4.282638888888889106e+00 1.258173709528969120e-01 2.028850547346746844e-02
4.283333333333333215e+00 1.273972711655356749e-01 2.118831880004987470e-02
4.284027777777777324e+00 1.290221239973706746e-01 2.210096354145364705e-02
4.284722222222222321e+00 1.306500212034303332e-01 2.304439374534909130e-02
4.285416666666666430e+00 1.322799265389371648e-01 2.404246523314788539e-02
4.286111111111110539e+00 1.339132646583419128e-01 2.508042988067177639e-02
4.286805555555555536e+00 1.355891473989852547e-01 2.609418199959421397e-02
4.287499999999998757e+00 1.372640956234780774e-01 2.708751463232469264e-02
4.288194444444444642e+00 1.389839075369654620e-01 2.809476433007863580e-02
4.288888888888888751e+00 1.406890695796488011e-01 2.908436606565933599e-02
4.289583333333333748e+00 1.424438994676776593e-01 3.009622549827353777e-02
4.290277777777777857e+00 1.442033747721168935e-01 3.113878175593196365e-02
4.290972222222221966e+00 1.460181067424689838e-01 3.219092248289391611e-02
4.291666666666666963e+00 1.478421069977196300e-01 3.326422133884382459e-02
4.292361111111111072e+00 1.497107676997511405e-01 3.432952393319191331e-02
4.293055555555555181e+00 1.515915507757771008e-01 3.538231392544238796e-02
4.293750000000000178e+00 1.535367671122120081e-01 3.645492498561263284e-02
4.294444444444444287e+00 1.554958903351833510e-01 3.748724690795245118e-02
4.295138888888888395e+00 1.575239454200537403e-01 3.852567856679760261e-02
4.295833333333333393e+00 1.595360646860713161e-01 3.961513198500647703e-02
4.296527777777777501e+00 1.616205201749228992e-01 4.070906760407208558e-02
4.297222222222222499e+00 1.637242159978705702e-01 4.183295088515761456e-02
4.297916666666665719e+00 1.659057669616092467e-01 4.295569017968896980e-02
4.298611111111111605e+00 1.681086240552858158e-01 4.403229175153078323e-02
4.299305555555555713e+00 1.703918124657660127e-01 4.511335334499650546e-02
4.299999999999999822e+00 1.726952865030533524e-01 4.617883871501954340e-02
4.300694444444444819e+00 1.750818333689792838e-01 4.726412744023621854e-02
4.301388888888888928e+00 1.774886383711399007e-01 4.840793222508324445e-02
4.302083333333333037e+00 1.799760432883800998e-01 4.955795018606652669e-02
4.302777777777778034e+00 1.824466701771872423e-01 5.070612817661630106e-02
4.303472222222222143e+00 1.849824586775165869e-01 5.184512482933293503e-02
4.304166666666666252e+00 1.875049012979945195e-01 5.300327655180691461e-02
4.304861111111111249e+00 1.900704468473514153e-01 5.415571605389642162e-02
4.305555555555555358e+00 1.925947518782745171e-01 5.527560799148368426e-02
4.306249999999999467e+00 1.950640738805421992e-01 5.642221126816296395e-02
4.306944444444444464e+00 1.974471932148327558e-01 5.759487168944180113e-02
4.307638888888889461e+00 1.997893229206724741e-01 5.875970247942732122e-02
4.308333333333332682e+00 2.019996447130999184e-01 5.992693406935117872e-02
4.309027777777777679e+00 2.041256159408859905e-01 6.111750779685463236e-02
4.309722222222222676e+00 2.060881162099026109e-01 6.228653858136986438e-02
4.310416666666666785e+00 2.079492242426417836e-01 6.346685810262009397e-02
4.311111111111110894e+00 2.096439333482465195e-01 6.464139096678837848e-02
4.311805555555555891e+00 2.112428791063959699e-01 6.580746866418847596e-02
4.312500000000000000e+00 2.126907638574242199e-01 6.699751397821109011e-02
4.313194444444444109e+00 2.141490538118251963e-01 6.818078333277717562e-02
4.313888888888889106e+00 2.154809222530900958e-01 6.936801608642569061e-02
4.314583333333333215e+00 2.167575806558915685e-01 7.059290384499737614e-02
4.315277777777777324e+00 2.179388683846327501e-01 7.182107167134157977e-02
4.315972222222222321e+00 2.190970984735046423e-01 7.304527054992340784e-02
4.316666666666666430e+00 2.200682633752593653e-01 7.428353703285454912e-02
4.317361111111110539e+00 2.210431820300906847e-01 7.550982676822233508e-02
4.318055555555555536e+00 2.219684854978981048e-01 7.675729834992130185e-02
4.318749999999998757e+00 2.228972844070047921e-01 7.796623985576575655e-02
4.319444444444444642e+00 2.237842631958682771e-01 7.909248834765131297e-02
4.320138888888888751e+00 2.246421589973217336e-01 8.030826751470718228e-02
4.320833333333333748e+00 2.254678850148223723e-01 8.163188082745131968e-02
4.321527777777777857e+00 2.263098041227406543e-01 8.296213937841769026e-02
4.322222222222221966e+00 2.271239644441248040e-01 8.424848857289049531e-02
4.322916666666666963e+00 2.279626696282538445e-01 8.542875062127321117e-02
4.323611111111111072e+00 2.287528576597168961e-01 8.665110323251712376e-02
4.324305555555555181e+00 2.295798642617552232e-01 8.797060989158951572e-02
4.325000000000000178e+00 2.303921999427085143e-01 8.927952236825867360e-02
4.325694444444444287e+00 2.312424617357102252e-01 9.053988562034921694e-02
4.326388888888888395e+00 2.320801388103388707e-01 9.175539450469880065e-02
4.327083333333333393e+00 2.329573297477305072e-01 9.304552396935841796e-02
4.327777777777777501e+00 2.338223776833875112e-01 9.437515040658835119e-02
4.328472222222222499e+00 2.347286402157952312e-01 9.557948554224275639e-02
4.329166666666665719e+00 2.356240355182555590e-01 9.672719424186279613e-02
4.329861111111111605e+00 2.365624488092731292e-01 9.794666445717435665e-02
4.330555555555555713e+00 2.374741718520714251e-01 9.924680685916345557e-02
4.331249999999999822e+00 2.384324290676570479e-01 1.006037552262144669e-01
4.331944444444444819e+00 2.393793595077437775e-01 1.018774042409037184e-01
4.332638888888888928e+00 2.403699373207043299e-01 1.030709025911110271e-01
4.333333333333333037e+00 2.413522780330659423e-01 1.043200079365290966e-01
4.334027777777778034e+00 2.423665941324456008e-01 1.055909033959721716e-01
4.334722222222222143e+00 2.433689570397347679e-01 1.068746099395319477e-01
4.335416666666666252e+00 2.444193275753068495e-01 1.081904888668847320e-01
4.336111111111111249e+00 2.454601589087097580e-01 1.094023211063463452e-01
4.336805555555555358e+00 2.465456027411516426e-01 1.106376369219417705e-01
4.337499999999999467e+00 2.476356556828278044e-01 1.119839488253917964e-01
4.338194444444444464e+00 2.487750529915808140e-01 1.133249562341910321e-01
4.338888888888889461e+00 2.499029227699598454e-01 1.146224495033827395e-01
4.339583333333332682e+00 2.510795228294733228e-01 1.158373934440051212e-01
4.340277777777777679e+00 2.522477881875947459e-01 1.171655521593801957e-01
4.340972222222222676e+00 2.534478219436172575e-01 1.185824206279746246e-01
4.341666666666666785e+00 2.546335448874299523e-01 1.198862165372115984e-01
4.342361111111110894e+00 2.558708982397244203e-01 1.210849679441669408e-01
4.343055555555555891e+00 2.570954968815859498e-01 1.221732954652265807e-01
4.343750000000000000e+00 2.583664656963731709e-01 1.233544590291593274e-01
4.344444444444444109e+00 2.596048231846473930e-01 1.247083105066914555e-01
4.345138888888889106e+00 2.608924796883713704e-01 1.260189553369452375e-01
4.345833333333333215e+00 2.621615119444267727e-01 1.273004812848508582e-01
4.346527777777777324e+00 2.634809938915526062e-01 1.285555408188542026e-01
4.347222222222222321e+00 2.647833576220591789e-01 1.298589336453984666e-01
4.347916666666666430e+00 2.661311044339809140e-01 1.311794888258609459e-01
4.348611111111110539e+00 2.674609357808060417e-01 1.324053316049822737e-01
4.349305555555555536e+00 2.688377555237939642e-01 1.336621618543364087e-01
4.349999999999998757e+00 2.701915547474534884e-01 1.349345114971569892e-01
4.350694444444444642e+00 2.715883134614853756e-01 1.362348236062094486e-01
4.351388888888888751e+00 2.729625900369109792e-01 1.375489849686719057e-01
4.352083333333333748e+00 2.743751135518379125e-01 1.387132685938413379e-01
4.352777777777777857e+00 2.757583580375027599e-01 1.399070080002995375e-01
4.353472222222221966e+00 2.771812417125227301e-01 1.411828571755412154e-01
4.354166666666666963e+00 2.785692212403777512e-01 1.424439610598934036e-01
4.354861111111111072e+00 2.800208429730154935e-01 1.437168929426460851e-01
4.355555555555555181e+00 2.814338892239257595e-01 1.449428926934428485e-01
4.356250000000000178e+00 2.828786166766420473e-01 1.462647968880564919e-01
4.356944444444444287e+00 2.842784631718990873e-01 1.475814147038707613e-01
4.357638888888888395e+00 2.857053002823906618e-01 1.487060286443162571e-01
4.358333333333333393e+00 2.870166510200628518e-01 1.498378412619617017e-01
4.359027777777777501e+00 2.883515620214556208e-01 1.510855711342299068e-01
4.359722222222222499e+00 2.896358402851232916e-01 1.524138607036532311e-01
4.360416666666665719e+00 2.909411423332062263e-01 1.537130802818631181e-01
4.361111111111111605e+00 2.921947213361076878e-01 1.549996619068768067e-01
4.361805555555555713e+00 2.934658008026729270e-01 1.562439822319428018e-01
4.362499999999999822e+00 2.946888805082830132e-01 1.574396007287178212e-01
4.363194444444444819e+00 2.959367570431341576e-01 1.586675758286778259e-01
4.363888888888888928e+00 2.971346896753022104e-01 1.598931544438791652e-01
4.364583333333333037e+00 2.983510682856728713e-01 1.610826312728236842e-01
4.365277777777778034e+00 2.994707909972805226e-01 1.622727438237890618e-01
4.365972222222222143e+00 3.006157613922637584e-01 1.635018439583146299e-01
4.366666666666666252e+00 3.017127516191496772e-01 1.647086401823480983e-01
4.367361111111111249e+00 3.028353614195474219e-01 1.659772808368201180e-01
4.368055555555555358e+00 3.039117586182257802e-01 1.673067264105927432e-01
4.368749999999999467e+00 3.050625090042097809e-01 1.685861914411446727e-01
4.369444444444444464e+00 3.061643449593611233e-01 1.697560450594112480e-01
4.370138888888889461e+00 3.072914287523859089e-01 1.709203922010030796e-01
4.370833333333332682e+00 3.083736407281443270e-01 1.721529896897625589e-01
4.371527777777777679e+00 3.094814068181354627e-01 1.733936933566423144e-01
4.372222222222222676e+00 3.104917084964038398e-01 1.745650042563219317e-01
4.372916666666666785e+00 3.115307597567850140e-01 1.757634967827199635e-01
4.373611111111110894e+00 3.125281877857403190e-01 1.769829223344289160e-01
4.374305555555555891e+00 3.135536139817650669e-01 1.781890802957948883e-01
4.375000000000000000e+00 3.145360805307021446e-01 1.794007643053719681e-01
4.375694444444444109e+00 3.155470836462963558e-01 1.806177898625211942e-01
4.376388888888889106e+00 3.165152111821170067e-01 1.817806494537075324e-01
4.377083333333333215e+00 3.175133544319740930e-01 1.829075017972945638e-01
4.377777777777777324e+00 3.184692082141251657e-01 1.841678113457589083e-01
4.378472222222222321e+00 3.194530942759247205e-01 1.853623109973703831e-01
4.379166666666666430e+00 3.203378630885291289e-01 1.864662770162540950e-01
4.379861111111110539e+00 3.212570124960590912e-01 1.877175647955068027e-01
4.380555555555555536e+00 3.221379661657851612e-01 1.889513119422342180e-01
4.381249999999998757e+00 3.230522556822406077e-01 1.900876584145005099e-01
4.381944444444444642e+00 3.239263138551002341e-01 1.912520695920294778e-01
4.382638888888888751e+00 3.248846640654812767e-01 1.923959561761566239e-01
4.383333333333333748e+00 3.258104847781965741e-01 1.935426882843093443e-01
4.384027777777777857e+00 3.267673368967539127e-01 1.946868208280177204e-01
4.384722222222221966e+00 3.276886340250150798e-01 1.959018418827437880e-01
4.385416666666666963e+00 3.286448642519997354e-01 1.971289883130293019e-01
4.386111111111111072e+00 3.295012696600951307e-01 1.982829808136050698e-01
4.386805555555555181e+00 3.303879480205348940e-01 1.994596600252523388e-01
4.387500000000000178e+00 3.312295794259443871e-01 2.005509627026905162e-01
4.388194444444444287e+00 3.321013874864801041e-01 2.016481561979026615e-01
4.388888888888888395e+00 3.329401773764675276e-01 2.029294212012631715e-01
4.389583333333333393e+00 3.338222517786894605e-01 2.041858429621771498e-01
4.390277777777777501e+00 3.346756059018790586e-01 2.052866544423829209e-01
4.390972222222222499e+00 3.355663474425146231e-01 2.062450463937109957e-01
4.391666666666665719e+00 3.364210191296433394e-01 2.072448822977215610e-01
4.392361111111111605e+00 3.373086045316613935e-01 2.084485098702499317e-01
4.393055555555555713e+00 3.381601228784260060e-01 2.098049951288545045e-01
4.393749999999999822e+00 3.390466020767605171e-01 2.108822388296726635e-01
4.394444444444444819e+00 3.398974352398833609e-01 2.117655253107411650e-01
4.395138888888888928e+00 3.407830466323146790e-01 2.128012922179892130e-01
4.395833333333333037e+00 3.416320748536722518e-01 2.139403265302429191e-01
4.396527777777778034e+00 3.426320949901840995e-01 2.150304617783349026e-01
4.397222222222222143e+00 3.435831993901102832e-01 2.161533399441375736e-01
4.397916666666666252e+00 3.445602163549185692e-01 2.173304421348668525e-01
4.398611111111111249e+00 3.454945621236891751e-01 2.184303552938463011e-01
4.399305555555555358e+00 3.464566236266703458e-01 2.195386197370288173e-01
4.399999999999999467e+00 3.472060244747747770e-01 2.207120235056806989e-01
4.400694444444444464e+00 3.480018579254566258e-01 2.218469221617864473e-01
4.401388888888889461e+00 3.487641718691611992e-01 2.230673612364807989e-01
4.402083333333332682e+00 3.495601854940628694e-01 2.241844262218560258e-01
4.402777777777777679e+00 3.503254432718075906e-01 2.251122258143201105e-01
4.403472222222222676e+00 3.511269564900689200e-01 2.261527715522049786e-01
4.404166666666666785e+00 3.518949239724079026e-01 2.271988513083674777e-01
4.404861111111110894e+00 3.526933479469688271e-01 2.282878430709277540e-01
4.405555555555555891e+00 3.534578295299352635e-01 2.294564616815003844e-01
4.406250000000000000e+00 3.542542385221292278e-01 2.303879897371693963e-01
4.406944444444444109e+00 3.550690802374240618e-01 2.312806218773394429e-01
4.407638888888889106e+00 3.559087737811792995e-01 2.323500505882442058e-01
4.408333333333333215e+00 3.567092039482522292e-01 2.335593828740356592e-01
4.409027777777777324e+00 3.575353712152640751e-01 2.348469695177339556e-01
4.409722222222222321e+00 3.583210015009602456e-01 2.358222904653854146e-01
4.410416666666666430e+00 3.590787179794581729e-01 2.366128722685328367e-01
4.411111111111110539e+00 3.598058380395082745e-01 2.376700461952569454e-01
4.411805555555555536e+00 3.605633543530863405e-01 2.388524715589662450e-01
4.412499999999998757e+00 3.612876102471107020e-01 2.399821188841499975e-01
4.413194444444444642e+00 3.620443739855788712e-01 2.409733145228070139e-01
4.413888888888888751e+00 3.627600667667709167e-01 2.419123967481351389e-01
4.414583333333333748e+00 3.634994260775245012e-01 2.430498243905303557e-01
4.415277777777777857e+00 3.641996226549505389e-01 2.441621649043293207e-01
4.415972222222221966e+00 3.649302724980487134e-01 2.450497046288148961e-01
4.416666666666666963e+00 3.656286297123810258e-01 2.460034887581991625e-01
4.417361111111111072e+00 3.662975219981271513e-01 2.469681392409877885e-01
4.418055555555555181e+00 3.669319589928230485e-01 2.480415046854635985e-01
4.418750000000000178e+00 3.675851311172452229e-01 2.491544885988027369e-01
4.419444444444444287e+00 3.682071382197331655e-01 2.499992819682224088e-01
4.420138888888888395e+00 3.688550023648026199e-01 2.509924461001996066e-01
4.420833333333333393e+00 3.695211173504781010e-01 2.521247378133030792e-01
4.421527777777777501e+00 3.702094059697438322e-01 2.530110400546934923e-01
4.422222222222222499e+00 3.708671966911510354e-01 2.538722931108844949e-01
4.422916666666665719e+00 3.715474954060001833e-01 2.548799123019482860e-01
4.423611111111111605e+00 3.721954501295961504e-01 2.559860981545180048e-01
4.424305555555555713e+00 3.728218626314988571e-01 2.569538502779179501e-01
4.424999999999999822e+00 3.734231461514189165e-01 2.578334314470031585e-01
4.425694444444444819e+00 3.740474959739135130e-01 2.588026679681152964e-01
4.426388888888888928e+00 3.746421553911462587e-01 2.598595371385969965e-01
4.427083333333333037e+00 3.752580197511075633e-01 2.607646468694440056e-01
4.427777777777778034e+00 3.758881789950638819e-01 2.616663889993214309e-01
4.428472222222222143e+00 3.765345696486400162e-01 2.626793665768387687e-01
4.429166666666666252e+00 3.771415256900773616e-01 2.636599436423181508e-01
4.429861111111111249e+00 3.777627013244460041e-01 2.646818072427537527e-01
4.430555555555555358e+00 3.783575618981994682e-01 2.656008266669291351e-01
4.431249999999999467e+00 3.789301528801298224e-01 2.664190818638683123e-01
4.431944444444444464e+00 3.794834132271598937e-01 2.674661861218561865e-01
4.432638888888889461e+00 3.800601871099194562e-01 2.684100369415143850e-01
4.433333333333332682e+00 3.806248724967808972e-01 2.691911236756166503e-01
4.434027777777777679e+00 3.812071415581034239e-01 2.701130986637629849e-01
4.434722222222222676e+00 3.817588512502151921e-01 2.711148142950781104e-01
4.435416666666666785e+00 3.823279371884575339e-01 2.721339576761941936e-01
4.436111111111110894e+00 3.828708856731508625e-01 2.730393303547070105e-01
4.436805555555555891e+00 3.834331685937151235e-01 2.737800642577452592e-01
4.437500000000000000e+00 3.839652109695372850e-01 2.746499824098105891e-01
4.438194444444444109e+00 3.845104333258391183e-01 2.756301509577055997e-01
4.438888888888889106e+00 3.850276516471951016e-01 2.765290650873863387e-01
4.439583333333333215e+00 3.855593053360161782e-01 2.775108374527137656e-01
4.440277777777777324e+00 3.860684403009599919e-01 2.783911504983360152e-01
4.440972222222222321e+00 3.865920303836015703e-01 2.791456567283485124e-01
4.441666666666666430e+00 3.870946741570285843e-01 2.800564709181138090e-01
4.442361111111110539e+00 3.876184809526956876e-01 2.809461013200351132e-01
4.443055555555555536e+00 3.881177257492443577e-01 2.817641097904266534e-01
4.443749999999998757e+00 3.886361248461788209e-01 2.827119273306983871e-01
4.444444444444444642e+00 3.891337824298182757e-01 2.835546645587480596e-01
4.445138888888888751e+00 3.896527552939231254e-01 2.843174017617159932e-01
4.445833333333333748e+00 3.901465148262294735e-01 2.851728870864501109e-01
4.446527777777777857e+00 3.906533422744803419e-01 2.860950172891708054e-01
4.447222222222221966e+00 3.911416250823108731e-01 2.871191338342009569e-01
4.447916666666666963e+00 3.916424500700715350e-01 2.878846933556489240e-01
4.448611111111111072e+00 3.920865780960238745e-01 2.885180171790941994e-01
4.449305555555555181e+00 3.925465204754631232e-01 2.893869433751145026e-01
4.450000000000000178e+00 3.929822108383720369e-01 2.903384746223544033e-01
4.450694444444444287e+00 3.934302360299047341e-01 2.911302886757435870e-01
4.451388888888888395e+00 3.938591432184760377e-01 2.918906300100660989e-01
4.452083333333333393e+00 3.943365961752968718e-01 2.930275455396743611e-01
4.452777777777777501e+00 3.947961407642938125e-01 2.943670626715117478e-01
4.453472222222222499e+00 3.952728282527301906e-01 2.951089739453632288e-01
4.454166666666665719e+00 3.957327412912791664e-01 2.955209109766695486e-01
4.454861111111111605e+00 3.962059249355521229e-01 2.961866338127009390e-01
4.455555555555555713e+00 3.966594213126194424e-01 2.969566933265308517e-01
4.456249999999999822e+00 3.971236851715217453e-01 2.978984939445473712e-01
4.456944444444444819e+00 3.975650945381459800e-01 2.988987382176610530e-01
4.457638888888888928e+00 3.980204931479785491e-01 2.995163394106551968e-01
4.458333333333333037e+00 3.984520227272588810e-01 3.000392021668019105e-01
4.459027777777778034e+00 3.988686577276343570e-01 3.007386550121475266e-01
4.459722222222222143e+00 3.992658926425596277e-01 3.015403078290140315e-01
4.460416666666666252e+00 3.996746140721260110e-01 3.023344348746535015e-01
4.461111111111111249e+00 4.000636012524168006e-01 3.031179076191181099e-01
4.461805555555555358e+00 4.004700009132851068e-01 3.042078742453032114e-01
4.462499999999999467e+00 4.008633103637423978e-01 3.051743842816681540e-01
4.463194444444444464e+00 4.012717403724774812e-01 3.056241604942024903e-01
4.463888888888889461e+00 4.016637120656459947e-01 3.060753189528235274e-01
4.464583333333332682e+00 4.020690142045711402e-01 3.067321277404203572e-01
4.465277777777777679e+00 4.024560862263000249e-01 3.078052427536042690e-01
4.465972222222222676e+00 4.028527162127183980e-01 3.090465842624204318e-01
4.466666666666666785e+00 4.032299455857108472e-01 3.097908767093752735e-01
4.467361111111110894e+00 4.036168618128320729e-01 3.100960379069040429e-01
4.468055555555555891e+00 4.039828244458986695e-01 3.104809912292835761e-01
4.468750000000000000e+00 4.043603270951214301e-01 3.110676788092245904e-01
4.469444444444444109e+00 4.046698090607107612e-01 3.119256124428152477e-01
4.470138888888889106e+00 4.049946984663425620e-01 3.129203292443494822e-01
4.470833333333333215e+00 4.053035956135537798e-01 3.135056058997024997e-01
4.471527777777777324e+00 4.056250965735077596e-01 3.139453539208797994e-01
4.472222222222222321e+00 4.059307416433159954e-01 3.146735775689433190e-01
4.472916666666666430e+00 4.062982515765770075e-01 3.155118386150478904e-01
4.473611111111110539e+00 4.066447806391081943e-01 3.162425924531481747e-01
4.474305555555555536e+00 4.069977495276951851e-01 3.169458271414131723e-01
4.474999999999998757e+00 4.073345428475175778e-01 3.178332108286987534e-01
4.475694444444444642e+00 4.076852539281402565e-01 3.187444136937047645e-01
4.476388888888888751e+00 4.080212217616367432e-01 3.194006895124752443e-01
4.477083333333333748e+00 4.083682977885495502e-01 3.199454230068329852e-01
4.477777777777777857e+00 4.086989074523199039e-01 3.206042821332467097e-01
4.478472222222221966e+00 4.090370773344499389e-01 3.211733584115848972e-01
4.479166666666666963e+00 4.093594175924458733e-01 3.217731362464805178e-01
4.479861111111111072e+00 4.095200546618105730e-01 3.224592888570135263e-01
4.480555555555555181e+00 4.096641058938765290e-01 3.230059333519865739e-01
4.481250000000000178e+00 4.098139215712759409e-01 3.235933254513964630e-01
4.481944444444444287e+00 4.099414960831965771e-01 3.242616957946475864e-01
4.482638888888888395e+00 4.100712553172800590e-01 3.249520710626773723e-01
4.483333333333333393e+00 4.103757747494798380e-01 3.255772292219019648e-01
4.484027777777777501e+00 4.106782819726599865e-01 3.262088395114082218e-01
4.484722222222222499e+00 4.109592387236418731e-01 3.267725266695589159e-01
4.485416666666665719e+00 4.112466531309513229e-01 3.273649053767138661e-01
4.486111111111111605e+00 4.115160466032431463e-01 3.278994423581775841e-01
4.486805555555555713e+00 4.118246118535714428e-01 3.284718207768060894e-01
4.487499999999999822e+00 4.121136644179804742e-01 3.290154587099560768e-01
4.488194444444444819e+00 4.124094941879469789e-01 3.295974171291042309e-01
4.488888888888888928e+00 4.126871180549446239e-01 3.301718094502061884e-01
4.489583333333333037e+00 4.129731655880327645e-01 3.307819140359355425e-01
4.490277777777778034e+00 4.132122058094426231e-01 3.313782549612306894e-01
4.490972222222222143e+00 4.134622175187797066e-01 3.319995716502463501e-01
4.491666666666666252e+00 4.136981699358617259e-01 3.325948408503980325e-01
4.492361111111111249e+00 4.139433685843372790e-01 3.331998185205359286e-01
4.493055555555555358e+00 4.141747765607297072e-01 3.337844329074941552e-01
4.493749999999999467e+00 4.144465552191159974e-01 3.343697236861397082e-01
4.494444444444444464e+00 4.147021550018422653e-01 3.349439013754076377e-01
4.495138888888889461e+00 4.149662449620390436e-01 3.355153589857541863e-01
4.495833333333332682e+00 4.152145900919775867e-01 3.360829719000906213e-01
4.496527777777777679e+00 4.154730476718880849e-01 3.366362025552671611e-01
4.497222222222222676e+00 4.156878494486977993e-01 3.371888085947590263e-01
4.497916666666666785e+00 4.159147986026268673e-01 3.377196939664864894e-01
4.498611111111110894e+00 4.161295426219944193e-01 3.382574818470573397e-01
4.499305555555555891e+00 4.163547589320687470e-01 3.387621915867356504e-01
4.500000000000000000e+00 4.165678934383137411e-01 3.392781659935251160e-01
4.500694444444444109e+00 4.168210639138187901e-01 3.397513389175549903e-01
4.501388888888889106e+00 4.170593500383275032e-01 3.402427565770789197e-01
4.502083333333333215e+00 4.173066833416594901e-01 3.406859179063574383e-01
4.502777777777777324e+00 4.175393028049991240e-01 3.411586584705760816e-01
4.503472222222222321e+00 4.177827461892572591e-01 3.415883682690634693e-01
4.504166666666666430e+00 4.179848422787281748e-01 3.420528855618782949e-01
4.504861111111110539e+00 4.181995879259092774e-01 3.424925033353138915e-01
4.505555555555555536e+00 4.184029767251620235e-01 3.429637348753241666e-01
4.506249999999998757e+00 4.186170689015907276e-01 3.434249057145966622e-01
4.506944444444444642e+00 4.188196633368371224e-01 3.439122968671823877e-01
4.507638888888888751e+00 4.190326568352715220e-01 3.443923915135756464e-01
4.508333333333333748e+00 4.192340592280006106e-01 3.448890762807577115e-01
4.509027777777777857e+00 4.194457376391946268e-01 3.453737292270144810e-01
4.509722222222221966e+00 4.196457750410155785e-01 3.458643577207209385e-01
4.510416666666666963e+00 4.198558556245032825e-01 3.463495113384253976e-01
4.511111111111111072e+00 4.200539724499765537e-01 3.468295358829885378e-01
4.511805555555555181e+00 4.202618271631698987e-01 3.473058932445997615e-01
4.512500000000000178e+00 4.204576543820984225e-01 3.477663806940974323e-01
4.513194444444444287e+00 4.206633735505552196e-01 3.482261060740217129e-01
4.513888888888888395e+00 4.208572430585563184e-01 3.486616508920864499e-01
4.514583333333333393e+00 4.210612000370690389e-01 3.491048426865598353e-01
4.515277777777777501e+00 4.212537414078120768e-01 3.495130878414102749e-01
4.515972222222222499e+00 4.214569174823264430e-01 3.499341128218030894e-01
4.516666666666665719e+00 4.216491659111978874e-01 3.503148453607109469e-01
4.517361111111111605e+00 4.218526119043581324e-01 3.507218580985738132e-01
4.518055555555555713e+00 4.220456967646014634e-01 3.510866545380563752e-01
4.518749999999999822e+00 4.222502565125197393e-01 3.514859161106456131e-01
4.519444444444444819e+00 4.224443360179484519e-01 3.518487922224864950e-01
4.520138888888888928e+00 4.226497377301902669e-01 3.522472569477881343e-01
4.520833333333333037e+00 4.228443403042359550e-01 3.526259031429504476e-01
4.521527777777778034e+00 4.230207079403820458e-01 3.530376224865199863e-01
4.522222222222222143e+00 4.231877221970598568e-01 3.534389941334555307e-01
4.522916666666666252e+00 4.233644845848146265e-01 3.538631015634347565e-01
4.523611111111111249e+00 4.235265196824991030e-01 3.542744130276833658e-01
4.524305555555555358e+00 4.236915952516541739e-01 3.547008088708912266e-01
4.524999999999999467e+00 4.238313615261752321e-01 3.551153612540003390e-01
4.525694444444444464e+00 4.239875071364638814e-01 3.555352318760050534e-01
4.526388888888889461e+00 4.241396812225943780e-01 3.559498217939580655e-01
4.527083333333332682e+00 4.243015930683632919e-01 3.563625655062161446e-01
4.527777777777777679e+00 4.244554143202925456e-01 3.567702205657074521e-01
4.528472222222222676e+00 4.246520063410969548e-01 3.571589690500782122e-01
4.529166666666666785e+00 4.248352610634122395e-01 3.575509287097495825e-01
4.529861111111110894e+00 4.250264594810331809e-01 3.579203943235060859e-01
4.530555555555555891e+00 4.252015890869503267e-01 3.582969446858508267e-01
4.531250000000000000e+00 4.253822454736845282e-01 3.586428795223197685e-01
4.531944444444444109e+00 4.255146905360530085e-01 3.590041386390505074e-01
4.532638888888889106e+00 4.256563798022147127e-01 3.593274660363935391e-01
4.533333333333333215e+00 4.257830312007908069e-01 3.596725911153542121e-01
4.534027777777777324e+00 4.259161668954394298e-01 3.599752749517070582e-01
4.534722222222222321e+00 4.260370264567069354e-01 3.603097667271784044e-01
4.535416666666666430e+00 4.262044525576658693e-01 3.606068376850299906e-01
4.536111111111110539e+00 4.263616165425644922e-01 3.609414260636762406e-01
4.536805555555555536e+00 4.265286768852798449e-01 3.612527347220211849e-01
4.537499999999998757e+00 4.266801373656277652e-01 3.615935135662073918e-01
4.538194444444444642e+00 4.268406491508652256e-01 3.619198796683765207e-01
4.538888888888888751e+00 4.268857593279165585e-01 3.622672937654293768e-01
4.539583333333333748e+00 4.269432648278602138e-01 3.625978190240305987e-01
4.540277777777777857e+00 4.269903209640074082e-01 3.629407100611714565e-01
4.540972222222221966e+00 4.270449174005861437e-01 3.632699354848510920e-01
4.541666666666666963e+00 4.270861024968801156e-01 3.636023696812681338e-01
4.542361111111111072e+00 4.272119145469999713e-01 3.639305864121717415e-01
4.543055555555555181e+00 4.273190718408386157e-01 3.642563414144732170e-01
4.543750000000000178e+00 4.274330566556946986e-01 3.645750806388436960e-01
4.544444444444444287e+00 4.275323427214964833e-01 3.648823401144086764e-01
4.545138888888888395e+00 4.276412026425098212e-01 3.651880257131241425e-01
4.545833333333333393e+00 4.277359447370472911e-01 3.654758745853051161e-01
4.546527777777777501e+00 4.278405733707952296e-01 3.657710169495484998e-01
4.547222222222222499e+00 4.279301047169560834e-01 3.660364112715273621e-01
4.547916666666665719e+00 4.280300014439560874e-01 3.663191795896443281e-01
4.548611111111111605e+00 4.281164549501631500e-01 3.665726564052573244e-01
4.549305555555555713e+00 4.282137441444415216e-01 3.668432895969610530e-01
4.549999999999999822e+00 4.282974974213502040e-01 3.670686281689835018e-01
4.550694444444444819e+00 4.283910367998756685e-01 3.673138265109813227e-01
4.551388888888888928e+00 4.284714137956812108e-01 3.675196455722062328e-01
4.552083333333333037e+00 4.285631526403409497e-01 3.677549981649934074e-01
4.552777777777778034e+00 4.286412473391001399e-01 3.679607649721116647e-01
4.553472222222222143e+00 4.287304948013284100e-01 3.681933313641664873e-01
4.554166666666666252e+00 4.288050129220815632e-01 3.684121246046711540e-01
4.554861111111111249e+00 4.288916437779131119e-01 3.686602837703419344e-01
4.555555555555555358e+00 4.289647382212123383e-01 3.688958378545269534e-01
4.556249999999999467e+00 4.290496938115727632e-01 3.691504405379925635e-01
4.556944444444444464e+00 4.291211966713919801e-01 3.693923752210691025e-01
4.557638888888889461e+00 4.292036973132277722e-01 3.696419729852341574e-01
4.558333333333332682e+00 4.292259435067065088e-01 3.698811558413189760e-01
4.559027777777777679e+00 4.292171929083933857e-01 3.701256240568330802e-01
4.559722222222222676e+00 4.292866364691716452e-01 3.703639066254558743e-01
4.560416666666666785e+00 4.293908578624538452e-01 3.705918139059914407e-01
4.561111111111110894e+00 4.294498713034765602e-01 3.708168202973142202e-01
4.561805555555555891e+00 4.294918311293963176e-01 3.710326825660855699e-01
4.562500000000000000e+00 4.295349598341585140e-01 3.712504220955811229e-01
4.563194444444444109e+00 4.296121115976360705e-01 3.714458010056002069e-01
4.563888888888889106e+00 4.296926555787108359e-01 3.716522848342464491e-01
4.564583333333333215e+00 4.297622617567662395e-01 3.718373982784992093e-01
4.565277777777777324e+00 4.298399779636014051e-01 3.720320358165270513e-01
4.565972222222222321e+00 4.298642002415362651e-01 3.721804950377488042e-01
4.566666666666666430e+00 4.298796190065467537e-01 3.723511632379912784e-01
4.567361111111110539e+00 4.299888227585348388e-01 3.724855413512919711e-01
4.568055555555555536e+00 4.301031562795553098e-01 3.726473088351846541e-01
4.568749999999998757e+00 4.301779855829442889e-01 3.727844981214110121e-01
4.569444444444444642e+00 4.302139564398539395e-01 3.729466724497238483e-01
4.570138888888888751e+00 4.302086779867203004e-01 3.730830090161388890e-01
4.570833333333333748e+00 4.302520744645929041e-01 3.732514093998703930e-01
4.571527777777777857e+00 4.302920110999007841e-01 3.734025421780666210e-01
4.572222222222221966e+00 4.303161342307492143e-01 3.735733238966534864e-01
4.572916666666666963e+00 4.303409787369184003e-01 3.737290302740209902e-01
4.573611111111111072e+00 4.303619954106241985e-01 3.738997355745837803e-01
4.574305555555555181e+00 4.303846795632845224e-01 3.740660014870044736e-01
4.575000000000000178e+00 4.304051704123943445e-01 3.742390811422800501e-01
4.575694444444444287e+00 4.304278747750673872e-01 3.744031179564381584e-01
4.576388888888888395e+00 4.304450687655856367e-01 3.745605959657076212e-01
4.577083333333333393e+00 4.304680676673705020e-01 3.747107584884525333e-01
4.577777777777777501e+00 4.304846536271608737e-01 3.748530791296439957e-01
4.578472222222222499e+00 4.305081507310777322e-01 3.749996845245734400e-01
4.579166666666665719e+00 4.305254334410009154e-01 3.751289156112598278e-01
4.579861111111111605e+00 4.305472842757837038e-01 3.752616394272812461e-01
4.580555555555555713e+00 4.305648411178747414e-01 3.753676520393937621e-01
4.581249999999999822e+00 4.305847859861774984e-01 3.754829024375560542e-01
4.581944444444444819e+00 4.306015878781229156e-01 3.755667566110105215e-01
4.582638888888888928e+00 4.306215464582365815e-01 3.756657111365537816e-01
4.583333333333333037e+00 4.306361063763418096e-01 3.756761993181946258e-01
4.584027777777778034e+00 4.306556559044703580e-01 3.756408917784631596e-01
4.584722222222222143e+00 4.306671690945557684e-01 3.757961183636798208e-01
4.585416666666666252e+00 4.306849510797293723e-01 3.759104775426458378e-01
4.586111111111111249e+00 4.306948911011317938e-01 3.760406232901393753e-01
4.586805555555555358e+00 4.307095296264384365e-01 3.762581749581016544e-01
4.587499999999999467e+00 4.307183735663018265e-01 3.763318185000045224e-01
4.588194444444444464e+00 4.307300134724050822e-01 3.764253850017427183e-01
4.588888888888889461e+00 4.307370009804289412e-01 3.765268441515388642e-01
4.589583333333332682e+00 4.307468486776822036e-01 3.765296842872320471e-01
4.590277777777777679e+00 4.307506397640033513e-01 3.766012344642662435e-01
4.590972222222222676e+00 4.307593239474963864e-01 3.766957239450594019e-01
4.591666666666666785e+00 4.307599480454038510e-01 3.767134076176866797e-01
4.592361111111110894e+00 4.307669364899409103e-01 3.767709251447550756e-01
4.593055555555555891e+00 4.307658978420607632e-01 3.768533827624809263e-01
4.593750000000000000e+00 4.307706518695247899e-01 3.768816300143561504e-01
4.594444444444444109e+00 4.305821778994203819e-01 3.769329717992080941e-01
4.595138888888889106e+00 4.304146221257199589e-01 3.770079265507421673e-01
4.595833333333333215e+00 4.302484998077179545e-01 3.770495795884654111e-01
4.596527777777777324e+00 4.300939037786414842e-01 3.771012718860178858e-01
4.597222222222222321e+00 4.299374621713687450e-01 3.771434263753991045e-01
4.597916666666666430e+00 4.299874259384345310e-01 3.771605625513399507e-01
4.598611111111110539e+00 4.300152502637009655e-01 3.771945513386649740e-01
4.599305555555555536e+00 4.300430155424713186e-01 3.772305088475210177e-01
4.599999999999998757e+00 4.300576024529561558e-01 3.772552031974948372e-01
4.600694444444444642e+00 4.300749352506328949e-01 3.772900067376382394e-01
4.601388888888888751e+00 4.300144173995947283e-01 3.773112806863113677e-01
4.602083333333333748e+00 4.299635283853839307e-01 3.773251130613670123e-01
4.602777777777777857e+00 4.299055830693218616e-01 3.773469696990232602e-01
4.603472222222221966e+00 4.298549474989303842e-01 3.773572743946973507e-01
4.604166666666666963e+00 4.297961297968195815e-01 3.773579393553569972e-01
4.604861111111111072e+00 4.293317178237756604e-01 3.773630661871227865e-01
4.605555555555555181e+00 4.288938992886171531e-01 3.773548891096684677e-01
4.606250000000000178e+00 4.284822224105522270e-01 3.773406502538476648e-01
4.606944444444444287e+00 4.280777741152521076e-01 3.773200422201539173e-01
4.607638888888888395e+00 4.276926600152478608e-01 3.772862373756393772e-01
4.608333333333333393e+00 4.277468363343807090e-01 3.772516958979587054e-01
4.609027777777777501e+00 4.277763810709240277e-01 3.772194056164650533e-01
4.609722222222222499e+00 4.277820415106349250e-01 3.771802420748867624e-01
4.610416666666665719e+00 4.277838921577954423e-01 3.771346143339928680e-01
4.611111111111111605e+00 4.277681210966590153e-01 3.770895064666386354e-01
4.611805555555555713e+00 4.277518802871427828e-01 3.770409435987745472e-01
4.612499999999999822e+00 4.277210291896877403e-01 3.769949540467654181e-01
4.613194444444444819e+00 4.276915197238624344e-01 3.769447009978182384e-01
4.613888888888888928e+00 4.276492154635864740e-01 3.768845128316670179e-01
4.614583333333333037e+00 4.276098316103582597e-01 3.768202326016069637e-01
4.615277777777778034e+00 4.275585423782909400e-01 3.767460645259121388e-01
4.615972222222222143e+00 4.275117810560511988e-01 3.766725474946207575e-01
4.616666666666666252e+00 4.274536144451482889e-01 3.765909259195674430e-01
4.617361111111111249e+00 4.274010727094598172e-01 3.765015968003765368e-01
4.618055555555555358e+00 4.273378467697179772e-01 3.764115374826421112e-01
4.618749999999999467e+00 4.272065567358271365e-01 3.763253519327076080e-01
4.619444444444444464e+00 4.270729496084557653e-01 3.762374479296372032e-01
4.620138888888889461e+00 4.269508242058223657e-01 3.761444855628337525e-01
4.620833333333332682e+00 4.268223483482133096e-01 3.760400861185165811e-01
4.621527777777777679e+00 4.267045250294259628e-01 3.759394714665816872e-01
4.622222222222222676e+00 4.266541204800770037e-01 3.758357073366564438e-01
4.622916666666666785e+00 4.266059277182850384e-01 3.757271298374587620e-01
4.623611111111110894e+00 4.265451820950669770e-01 3.756144283943391726e-01
4.624305555555555891e+00 4.264903596115270368e-01 3.754976727510883072e-01
4.625000000000000000e+00 4.264239006491540862e-01 3.753782128812659935e-01
4.625694444444444109e+00 4.262906632387480355e-01 3.752535873634292307e-01
4.626388888888889106e+00 4.261542052592236507e-01 3.751233662124452417e-01
4.627083333333333215e+00 4.260303812247843713e-01 3.749736553170776032e-01
4.627777777777777324e+00 4.258992098056532671e-01 3.748276380768743032e-01
4.628472222222222321e+00 4.257799970391202837e-01 3.746727004611615786e-01
4.629166666666666430e+00 4.256528414379379677e-01 3.745114099341784741e-01
4.629861111111110539e+00 4.255373665538870753e-01 3.743480951848408567e-01
4.630555555555555536e+00 4.254131280850057539e-01 3.741795824357656564e-01
4.631249999999998757e+00 4.253001530044173695e-01 3.740055066871344480e-01
4.631944444444444642e+00 4.251783607331913184e-01 3.738221414901868878e-01
4.632638888888888751e+00 4.250686568661414255e-01 3.736361355243109084e-01
4.633333333333333748e+00 4.249496975267219034e-01 3.734485651486278424e-01
4.634027777777777857e+00 4.248427190062348258e-01 3.732603835006551574e-01
4.634722222222221966e+00 4.247261248774922282e-01 3.730675187959306416e-01
4.635416666666666963e+00 4.246217940346044828e-01 3.728693796605222488e-01
4.636111111111111072e+00 4.244367626990465658e-01 3.726685224229874249e-01
4.636805555555555181e+00 4.242719385175172664e-01 3.724620347594483349e-01
4.637500000000000178e+00 4.241016529411406610e-01 3.722512157745045958e-01
4.638194444444444287e+00 4.239476446723339231e-01 3.720365029350829467e-01
4.638888888888888395e+00 4.237863938289472832e-01 3.718180519537008788e-01
4.639583333333333393e+00 4.237086116077898867e-01 3.715952695710167397e-01
4.640277777777777501e+00 4.236118578493147102e-01 3.713668262754286631e-01
4.640972222222222499e+00 4.235219395853195845e-01 3.711335193518956466e-01
4.641666666666665719e+00 4.234175794455362074e-01 3.708968419589600551e-01
4.642361111111111605e+00 4.233312489694857073e-01 3.706582752476058062e-01
4.643055555555555713e+00 4.231670840518663712e-01 3.704181913855464359e-01
4.643749999999999822e+00 4.230181539706663885e-01 3.701751045377519866e-01
4.644444444444444819e+00 4.228633411429113531e-01 3.699280449728751807e-01
4.645138888888888928e+00 4.227326523277807890e-01 3.696766091156425960e-01
4.645833333333333037e+00 4.225972749733065137e-01 3.694218504403414260e-01
4.646527777777778034e+00 4.224818227159286566e-01 3.691654859527440657e-01
4.647222222222222143e+00 4.223590851119253808e-01 3.689072182880704376e-01
4.647916666666666252e+00 4.222517278692619613e-01 3.686465001645150008e-01
4.648611111111111249e+00 4.221309185152212207e-01 3.683831127260757121e-01
4.649305555555555358e+00 4.220238203904556062e-01 3.681182654572616730e-01
4.649999999999999467e+00 4.219028217559258609e-01 3.678498117612835072e-01
4.650694444444444464e+00 4.217972111014816616e-01 3.675765480048892031e-01
4.651388888888889461e+00 4.216803618861708625e-01 3.672977625996898809e-01
4.652083333333332682e+00 4.215793961085330666e-01 3.670153879866618341e-01
4.652777777777777679e+00 4.214651470547314815e-01 3.667288769100280899e-01
4.653472222222222676e+00 4.213089726738087903e-01 3.664375457704104888e-01
4.654166666666666785e+00 4.211421653524490827e-01 3.661413723827787181e-01
4.654861111111110894e+00 4.209943571924947281e-01 3.658408051430679375e-01
4.655555555555555891e+00 4.208356510453413746e-01 3.655363534121408575e-01
4.656250000000000000e+00 4.206954646211500393e-01 3.652278094827451915e-01
4.656944444444444109e+00 4.205423200314094556e-01 3.649147373275744011e-01
4.657638888888889106e+00 4.204081084018875814e-01 3.645988530545831718e-01
4.658333333333333215e+00 4.202601221317723845e-01 3.642799407515327492e-01
4.659027777777777324e+00 4.201276503253902894e-01 3.639586807646545963e-01
4.659722222222222321e+00 4.199778732726816011e-01 3.636353013901590936e-01
4.660416666666666430e+00 4.198432769063115688e-01 3.633069309651243972e-01
4.661111111111110539e+00 4.196912112738487299e-01 3.629723363578934436e-01
4.661805555555555536e+00 4.195563445210160891e-01 3.626313020243551177e-01
4.662499999999998757e+00 4.194032869640487160e-01 3.622845956617001817e-01
4.663194444444444642e+00 4.192688300395444045e-01 3.619329129188345040e-01
4.663888888888888751e+00 4.191148850667310022e-01 3.615757006710110799e-01
4.664583333333333748e+00 4.189800088338830331e-01 3.612143399528190968e-01
4.665277777777777857e+00 4.188257628812288025e-01 3.608506726084641514e-01
4.665972222222221966e+00 4.186902933216253286e-01 3.604843712276807888e-01
4.666666666666666963e+00 4.185350833481174537e-01 3.601135878454451156e-01
4.667361111111111072e+00 4.183971739950052005e-01 3.597370528018382085e-01
4.668055555555555181e+00 4.182387815114113616e-01 3.593541643391657825e-01
4.668750000000000178e+00 4.181010870876751828e-01 3.589657343898016717e-01
4.669444444444444287e+00 4.179406673724337939e-01 3.585741381922346038e-01
4.670138888888888395e+00 4.177976491781084656e-01 3.581807254242821426e-01
4.670833333333333393e+00 4.175943843424024804e-01 3.577841570984757746e-01
4.671527777777777501e+00 4.174204732128005690e-01 3.573823489641197448e-01
4.672222222222222499e+00 4.172389835539063174e-01 3.569747590953256666e-01
4.672916666666665719e+00 4.170792149749851241e-01 3.565617021327891489e-01
4.673611111111111605e+00 4.168927005227581195e-01 3.561442012474619889e-01
4.674305555555555713e+00 4.167000843811822786e-01 3.557229488658553707e-01
4.674999999999999822e+00 4.164888835522840838e-01 3.552957113223372265e-01
4.675694444444444819e+00 4.162984780207115709e-01 3.548612502472384689e-01
4.676388888888888928e+00 4.160861280392197936e-01 3.544217730050642223e-01
4.677083333333333037e+00 4.158985209630271518e-01 3.539767602204292873e-01
4.677777777777778034e+00 4.157098463846663483e-01 3.535242065853017035e-01
4.678472222222222143e+00 4.155395477014516281e-01 3.530673531468950244e-01
4.679166666666666252e+00 4.153367458371824417e-01 3.526078611563002729e-01
4.679861111111111249e+00 4.151553834174217528e-01 3.521450815356775288e-01
4.680555555555555358e+00 4.149441879383715670e-01 3.516796795589349212e-01
4.681249999999999467e+00 4.147325458226146511e-01 3.512102189551885578e-01
4.681944444444444464e+00 4.144889271468390479e-01 3.507349934176158812e-01
4.682638888888889461e+00 4.142693125330365600e-01 3.502554530759648399e-01
4.683333333333332682e+00 4.140115139392682164e-01 3.497703773230210755e-01
4.684027777777777679e+00 4.137770979966440832e-01 3.492801140274473526e-01
4.684722222222222676e+00 4.134735620917554533e-01 3.487832196774929283e-01
4.685416666666666785e+00 4.131956189732859941e-01 3.482785819157891982e-01
4.686111111111110894e+00 4.128724352275557341e-01 3.477654728058627298e-01
4.686805555555555891e+00 4.125761794394270376e-01 3.472453418675197634e-01
4.687500000000000000e+00 4.122286340357224632e-01 3.467206837262344354e-01
4.688194444444444109e+00 4.119090009010136777e-01 3.461925211351630782e-01
4.688888888888889106e+00 4.115350155953833022e-01 3.456601364479500171e-01
4.689583333333333215e+00 4.111892087254270245e-01 3.451243296337376809e-01
4.690277777777777324e+00 4.107846570225526794e-01 3.445835384099478760e-01
4.690972222222222321e+00 4.104120995541856720e-01 3.440362533176442583e-01
4.691666666666666430e+00 4.099794131007806763e-01 3.434815416660224052e-01
4.692361111111110539e+00 4.095808389670871352e-01 3.429201854429668739e-01
4.693055555555555536e+00 4.091195542694478493e-01 3.423537243797177276e-01
4.693749999999998757e+00 4.086919363530906457e-01 3.417818364311477897e-01
4.694444444444444642e+00 4.082016790900950265e-01 3.412041459657753628e-01
4.695138888888888751e+00 4.075855330687830347e-01 3.406194768104910953e-01
4.695833333333333748e+00 4.068930046899535968e-01 3.400266100996278129e-01
4.696527777777777857e+00 4.062283602837302721e-01 3.394252050726380143e-01
4.697222222222221966e+00 4.054906558986625109e-01 3.388166000650426612e-01
4.697916666666666963e+00 4.047853264201364265e-01 3.382025313613299389e-01
4.698611111111111072e+00 4.040909983078770362e-01 3.375842700428591248e-01
4.699305555555555181e+00 4.034359452860168949e-01 3.369596308564481446e-01
4.700000000000000178e+00 4.027228910416971175e-01 3.363292127105195206e-01
4.700694444444444287e+00 4.020576133375538541e-01 3.356923926320573570e-01
4.701388888888888395e+00 4.013411606933491860e-01 3.350489382971789110e-01
4.702083333333333393e+00 4.006759843208670957e-01 3.343973714676665154e-01
4.702777777777777501e+00 3.999632917928695464e-01 3.337378558203273338e-01
4.703472222222222499e+00 3.993047840702231843e-01 3.330697622604593122e-01
4.704166666666665719e+00 3.986032958412680793e-01 3.323942393422539832e-01
4.704861111111111605e+00 3.979591868033636737e-01 3.317120267776935139e-01
4.705555555555555713e+00 3.972755654959172489e-01 3.310230787321767343e-01
4.706249999999999822e+00 3.966520936176629597e-01 3.303268553589449597e-01
4.706944444444444819e+00 3.959925895380130290e-01 3.296255770622356640e-01
4.707638888888888928e+00 3.953960146313846291e-01 3.289166535591875329e-01
4.708333333333333037e+00 3.947664170230632541e-01 3.281995760491113190e-01
4.709027777777778034e+00 3.941214118978617620e-01 3.274767777051942330e-01
4.709722222222222143e+00 3.934577953085793278e-01 3.267442578498218619e-01
4.710416666666666252e+00 3.928693823087675563e-01 3.260039724255299753e-01
4.711111111111111249e+00 3.922639048727364908e-01 3.252566040883636544e-01
4.711805555555555358e+00 3.917328573016443660e-01 3.245022069142202703e-01
4.712499999999999467e+00 3.911150604300220879e-01 3.237405485275077210e-01
4.713194444444444464e+00 3.905762257628450640e-01 3.229722452431500468e-01
4.713888888888889461e+00 3.900177019520659205e-01 3.221962220477058714e-01
4.714583333333332682e+00 3.895342097361653710e-01 3.214125869667799895e-01
4.715277777777777679e+00 3.890240831245854736e-01 3.206236143676638450e-01
4.715972222222222676e+00 3.885138921169884463e-01 3.198260317767412930e-01
4.716666666666666785e+00 3.879762604949559823e-01 3.190189571545225533e-01
4.717361111111110894e+00 3.875084764946290505e-01 3.182069855036221417e-01
4.718055555555555891e+00 3.870044000483398583e-01 3.173831405784062198e-01
4.718750000000000000e+00 3.865538705717224133e-01 3.165511363164409397e-01
4.719444444444444109e+00 3.860222037223007274e-01 3.157131363363920862e-01
4.720138888888889106e+00 3.855472818685908853e-01 3.148670301628791468e-01
4.720833333333333215e+00 3.850315857630399741e-01 3.140100225178342752e-01
4.721527777777777324e+00 3.845617684409730064e-01 3.131432454988818392e-01
4.722222222222222321e+00 3.840411895242278328e-01 3.122660872657123665e-01
4.722916666666666430e+00 3.835644839947395246e-01 3.113806476154290515e-01
4.723611111111110539e+00 3.830428862563165504e-01 3.104873126518118975e-01
4.724305555555555536e+00 3.825614731736854957e-01 3.095881493608356738e-01
4.724999999999998757e+00 3.820172240944459952e-01 3.086786979045358370e-01
4.725694444444444642e+00 3.815033827505855402e-01 3.077589624286945491e-01
4.726388888888888751e+00 3.808518953484492653e-01 3.068331094697784867e-01
4.727083333333333748e+00 3.802366988231865585e-01 3.058984204080556490e-01
4.727777777777777857e+00 3.795613952933480362e-01 3.049563614630799724e-01
4.728472222222221966e+00 3.789089461984782026e-01 3.040079705509274866e-01
4.729166666666666963e+00 3.781877085764400737e-01 3.030490793107029623e-01
4.729861111111111072e+00 3.774875309966285175e-01 3.020777208637069333e-01
4.730555555555555181e+00 3.767239012475669391e-01 3.010977906968551610e-01
4.731250000000000178e+00 3.759746404490437732e-01 3.001075119005851555e-01
4.731944444444444287e+00 3.751490986942722095e-01 2.991076168715306460e-01
4.732638888888888395e+00 3.743297247680524298e-01 2.981012212739432843e-01
4.733333333333333393e+00 3.733378688027347847e-01 2.970860291683928844e-01
4.734027777777777501e+00 3.723536691483948502e-01 2.960616978127688093e-01
4.734722222222222499e+00 3.712944159093716778e-01 2.950285246345029089e-01
4.735416666666665719e+00 3.702452988190980121e-01 2.939851554599721140e-01
4.736111111111111605e+00 3.691269797207435976e-01 2.929354847662440919e-01
4.736805555555555713e+00 3.679017758843924346e-01 2.918771702293683212e-01
4.737499999999999822e+00 3.666223399777925329e-01 2.908062661471457200e-01
4.738194444444444819e+00 3.653664095746849139e-01 2.897217327151142552e-01
4.738888888888888928e+00 3.640654761096271952e-01 2.886265228199884070e-01
4.739583333333333037e+00 3.627980951691621714e-01 2.875197525498277562e-01
4.740277777777778034e+00 3.614892459186453966e-01 2.864054508543933397e-01
4.740972222222222143e+00 3.602267869413779966e-01 2.852798101504870898e-01
4.741666666666666252e+00 3.589313383622646514e-01 2.841418962807608639e-01
4.742361111111111249e+00 3.576727037582416724e-01 2.829919448195929998e-01
4.743055555555555358e+00 3.563910161991696857e-01 2.818306848624422267e-01
4.743749999999999467e+00 3.549561170004016941e-01 2.806575504884843975e-01
4.744444444444444464e+00 3.534963326380862192e-01 2.794702766215617085e-01
4.745138888888889461e+00 3.520728675794398410e-01 2.782689566803504544e-01
4.745833333333332682e+00 3.506033804074653593e-01 2.770545054371207905e-01
4.746527777777777679e+00 3.491514968249392892e-01 2.758275210852873527e-01
4.747222222222222676e+00 3.476384082220951854e-01 2.745883559099581706e-01
4.747916666666666785e+00 3.461246075596582372e-01 2.733391992325883146e-01
4.748611111111110894e+00 3.445353748655620718e-01 2.720780067007441128e-01
4.749305555555555891e+00 3.429323787061664963e-01 2.708058613263780168e-01
4.750000000000000000e+00 3.412452889204408701e-01 2.695243671944146380e-01
4.750694444444444109e+00 3.392963475282385621e-01 2.682343965639228944e-01
4.751388888888889106e+00 3.372834515034721647e-01 2.669309609621670076e-01
4.752083333333333215e+00 3.352832552686352274e-01 2.656136867053821016e-01
4.752777777777777324e+00 3.332439946287561461e-01 2.642810490171087490e-01
4.753472222222222321e+00 3.312390405782183467e-01 2.629339216421122671e-01
4.754166666666666430e+00 3.290488880861202059e-01 2.615721853939526609e-01
4.754861111111110539e+00 3.269291159983603312e-01 2.601976739472980360e-01
4.755555555555555536e+00 3.248331288109851944e-01 2.588094838338308445e-01
4.756249999999998757e+00 3.228244360555656001e-01 2.574080585346901762e-01
4.756944444444444642e+00 3.208477155684303361e-01 2.559920732141621191e-01
4.757638888888888751e+00 3.186811113494523173e-01 2.545611581902132436e-01
4.758333333333333748e+00 3.165020826890057593e-01 2.531147192928219214e-01
4.759027777777777857e+00 3.143183745957235375e-01 2.516541691554675109e-01
4.759722222222221966e+00 3.120497411603537774e-01 2.501798681620386877e-01
4.760416666666666963e+00 3.097143923267054455e-01 2.486902773357323182e-01
4.761111111111111072e+00 3.070621717855518407e-01 2.471843640794029462e-01
4.761805555555555181e+00 3.042777227925472228e-01 2.456625138800896946e-01
4.762500000000000178e+00 3.013127028710840261e-01 2.441221235456205729e-01
4.763194444444444287e+00 2.982219528433734390e-01 2.425683585095556316e-01
4.763888888888888395e+00 2.949759865648346469e-01 2.410021628206678590e-01
4.764583333333333393e+00 2.912772228488075266e-01 2.394217328607738671e-01
4.765277777777777501e+00 2.874289572851749242e-01 2.378250169977398909e-01
4.765972222222222499e+00 2.834820624846193238e-01 2.362135189990731687e-01
4.766666666666665719e+00 2.794007056926458010e-01 2.345879661344524858e-01
4.767361111111111605e+00 2.752399435063611621e-01 2.329472127038476337e-01
4.768055555555555713e+00 2.704963115969230003e-01 2.312901500605757665e-01
4.768749999999999822e+00 2.657931221783372822e-01 2.296155474515870487e-01
4.769444444444444819e+00 2.611641086615602014e-01 2.279248660399773030e-01
4.770138888888888928e+00 2.566620107581690235e-01 2.262153348711652412e-01
4.770833333333333037e+00 2.523068830910744631e-01 2.244898696767403945e-01
4.771527777777778034e+00 2.481039258822846927e-01 2.227494564644295905e-01
4.772222222222222143e+00 2.437969021254828561e-01 2.209936089501129408e-01
4.772916666666666252e+00 2.392286162292839302e-01 2.192216024623482862e-01
4.773611111111111249e+00 2.342107820198053025e-01 2.174342953023801484e-01
4.774305555555555358e+00 2.286142782986792799e-01 2.156302172823195418e-01
4.774999999999999467e+00 2.212018509987473125e-01 2.138086787929971699e-01
4.775694444444444464e+00 2.127878628191511023e-01 2.119669736347141731e-01
4.776388888888889461e+00 2.040756343563543962e-01 2.101048692768671955e-01
4.777083333333332682e+00 1.954757420333783358e-01 2.082231238941483764e-01
4.777777777777777679e+00 1.874714449427995755e-01 2.063192362798981494e-01
4.778472222222222676e+00 1.799507216415540400e-01 2.043992403580316419e-01
4.779166666666666785e+00 1.740244887983191102e-01 2.024660332958391207e-01
4.779861111111110894e+00 1.695506367539147963e-01 2.005197100883676364e-01
4.780555555555555891e+00 1.663172099800427350e-01 1.985615808049019104e-01
4.781250000000000000e+00 1.641880937791877770e-01 1.965896387360458464e-01
4.781944444444444109e+00 1.629074118604749988e-01 1.945953846577755386e-01
4.782638888888889106e+00 1.624036466908048981e-01 1.925769023797247181e-01
4.783333333333333215e+00 1.623784857989747366e-01 1.905461888078154864e-01
4.784027777777777324e+00 1.626264006197458700e-01 1.885001707550121308e-01
4.784722222222222321e+00 1.627671623806065115e-01 1.864366911555962458e-01
4.785416666666666430e+00 1.618467041072708112e-01 1.843554698009713111e-01
4.786111111111110539e+00 1.741256416954016506e-01 1.822527682713675490e-01
4.786805555555555536e+00 1.695045835903716824e-01 1.801221115079581214e-01
4.787499999999998757e+00 1.747575261413464864e-01 1.779519109323659809e-01
4.788194444444444642e+00 1.358204072838142817e-01 1.757373727645952510e-01
4.788888888888888751e+00 1.362954135041348214e-01 1.735006850285709668e-01
4.789583333333333748e+00 1.365551679469865221e-01 1.712963132108040187e-01
4.790277777777777857e+00 1.366523810210140966e-01 1.691187890414852513e-01
4.790972222222221966e+00 1.365753362908018187e-01 1.669208861351452189e-01
4.791666666666666963e+00 1.364199182946565225e-01 1.647093190424786247e-01
4.792361111111111072e+00 1.361719870727045312e-01 1.624833967673368629e-01
4.793055555555555181e+00 1.358935847255438867e-01 1.602523230184275949e-01
4.793750000000000178e+00 1.355539246989530822e-01 1.580280459526484382e-01
4.794444444444444287e+00 1.352012991275748921e-01 1.558070454117913284e-01
4.795138888888888395e+00 1.348023651011317214e-01 1.535971325531817755e-01
4.795833333333333393e+00 1.344041210140007048e-01 1.513873144083181244e-01
4.796527777777777501e+00 1.339648397472877339e-01 1.491758349892825797e-01
4.797222222222222499e+00 1.335332924659602127e-01 1.469777390041058507e-01
4.797916666666665719e+00 1.330632918666825870e-01 1.447850686749140303e-01
4.798611111111111605e+00 1.326089006518219315e-01 1.426044292012099979e-01
4.799305555555555713e+00 1.321180988361813358e-01 1.404394765405634071e-01
4.799999999999999822e+00 1.316486271955491782e-01 1.382916316832251691e-01
4.800694444444444819e+00 1.311463373298109303e-01 1.361768015424086320e-01
4.801388888888888928e+00 1.306713757383401175e-01 1.340704796162588697e-01
4.802083333333333037e+00 1.301621150180473085e-01 1.319636975538553691e-01
4.802777777777778034e+00 1.296822555892407913e-01 1.298768087950581129e-01
4.803472222222222143e+00 1.291700788760954122e-01 1.278041514420980296e-01
4.804166666666666252e+00 1.286892018060724341e-01 1.257404367016659308e-01
4.804861111111111249e+00 1.281777029430083426e-01 1.237072995757950017e-01
4.805555555555555358e+00 1.276992147155645296e-01 1.217008086559698138e-01
4.806249999999999467e+00 1.271922855726719537e-01 1.196923098676963282e-01
4.806944444444444464e+00 1.267179192471075133e-01 1.177250803209938246e-01
4.807638888888889461e+00 1.262167664707825043e-01 1.158026237939953629e-01
4.808333333333332682e+00 1.257473758418068133e-01 1.138748592012388122e-01
4.809027777777777679e+00 1.252526481446642748e-01 1.119505223143986150e-01
4.809722222222222676e+00 1.247900042334691428e-01 1.100533775654739255e-01
4.810416666666666785e+00 1.243032863178318848e-01 1.081886605500498449e-01
4.811111111111110894e+00 1.238480176499649199e-01 1.063513781242849121e-01
4.811805555555555891e+00 1.233680703057688371e-01 1.045440384082435697e-01
4.812500000000000000e+00 1.229194187424889201e-01 1.027636957123912037e-01
4.813194444444444109e+00 1.224472762711674989e-01 1.009839814573608163e-01
4.813888888888889106e+00 1.220058954423006298e-01 9.922181069764716976e-02
4.814583333333333215e+00 1.215395325366199486e-01 9.749441044681916857e-02
4.815277777777777324e+00 1.211039877955064209e-01 9.579468420585247890e-02
4.815972222222222321e+00 1.206451286198447076e-01 9.410983519892109073e-02
4.816666666666666430e+00 1.202161196573612312e-01 9.245195371861299194e-02
4.817361111111110539e+00 1.197630397171986216e-01 9.082407214203688794e-02
4.818055555555555536e+00 1.193403461096739088e-01 8.923425458390719933e-02
4.818749999999998757e+00 1.188944608418073534e-01 8.766608479974256907e-02
4.819444444444444642e+00 1.184780140951937344e-01 8.612135883389927804e-02
4.820138888888888751e+00 1.180399944813304985e-01 8.460636716017617964e-02
4.820833333333333748e+00 1.176311437271423677e-01 8.311496892266957703e-02
4.821527777777777857e+00 1.171993721545134398e-01 8.164029105283768240e-02
4.822222222222221966e+00 1.167969978484380139e-01 8.019042417940966394e-02
4.822916666666666963e+00 1.163716436075158400e-01 7.876694206638029661e-02
4.823611111111111072e+00 1.159740732870992719e-01 7.735768447962831917e-02
4.824305555555555181e+00 1.155540034981308584e-01 7.598095048784878069e-02
4.825000000000000178e+00 1.151618134796524168e-01 7.466266345536382021e-02
4.825694444444444287e+00 1.147483594466334467e-01 7.338192620107814035e-02
4.826388888888888395e+00 1.143629572517305404e-01 7.212144117310911873e-02
4.827083333333333393e+00 1.139562825615468289e-01 7.088019742764355147e-02
4.827777777777777501e+00 1.135768171192626796e-01 6.964687169145171441e-02
4.828472222222222499e+00 1.131764629425766749e-01 6.842557646142755079e-02
4.829166666666665719e+00 1.128038253427507132e-01 6.723691867441813907e-02
4.829861111111111605e+00 1.124094308268728665e-01 6.607948736847354954e-02
4.830555555555555713e+00 1.120413099824652814e-01 6.493432480143372654e-02
4.831249999999999822e+00 1.116524064486396073e-01 6.380455289617983916e-02
4.831944444444444819e+00 1.112896537093711752e-01 6.269829298808779483e-02
4.832638888888888928e+00 1.109065902458905989e-01 6.161286749830145737e-02
4.833333333333333037e+00 1.105491752349661433e-01 6.054342281668068787e-02
4.834027777777778034e+00 1.101717289041359293e-01 5.949187700432027881e-02
4.834722222222222143e+00 1.098194869406083352e-01 5.845713872972657654e-02
4.835416666666666252e+00 1.094475682987856718e-01 5.743975097503260102e-02
4.836111111111111249e+00 1.091004104517840495e-01 5.643791152287932350e-02
4.836805555555555358e+00 1.087336843790656093e-01 5.545270013103779927e-02
4.837499999999999467e+00 1.083911353500712493e-01 5.448225875520867900e-02
4.838194444444444464e+00 1.080295761033341628e-01 5.352679127517535884e-02
4.838888888888889461e+00 1.076916848707156621e-01 5.258612059283543361e-02
4.839583333333332682e+00 1.073351394630790573e-01 5.165973341704936661e-02
4.840277777777777679e+00 1.070018988644295677e-01 5.074793502053796812e-02
4.840972222222222676e+00 1.066504771701081017e-01 4.984951133687721969e-02
4.841666666666666785e+00 1.063217936812083930e-01 4.896470295520718302e-02
4.842361111111110894e+00 1.059755018881843036e-01 4.809232246795634713e-02
4.843055555555555891e+00 1.056513261051042485e-01 4.723320851663933423e-02
4.843750000000000000e+00 1.053098447557931222e-01 4.638683497482359169e-02
4.844444444444444109e+00 1.049898859611871904e-01 4.555399440834649594e-02
4.845138888888889106e+00 1.046535988483588975e-01 4.473360422927385310e-02
4.845833333333333215e+00 1.043380968272795556e-01 4.392578317015118777e-02
4.846527777777777324e+00 1.040076182691494489e-01 4.312959792287361649e-02
4.847222222222222321e+00 1.036972748160791269e-01 4.234542143196279307e-02
4.847916666666666430e+00 1.033723091862207427e-01 4.157224785926115496e-02
4.848611111111110539e+00 1.030665173928180522e-01 4.081090713861455777e-02
4.849305555555555536e+00 1.027467150470001561e-01 4.006053576588809034e-02
4.849999999999998757e+00 1.024432146365050617e-01 3.932180208179122255e-02
4.850694444444444642e+00 1.021304847912438141e-01 3.859376389021888787e-02
4.851388888888888751e+00 1.018334241708802601e-01 3.787702445808291407e-02
4.852083333333333748e+00 1.015279549469985665e-01 3.717052609565545118e-02
4.852777777777777857e+00 1.012324179407933789e-01 3.647488287424030529e-02
4.853472222222221966e+00 1.009319862561953718e-01 3.578946464462660904e-02
4.854166666666666963e+00 1.006347221994495500e-01 3.511471448244072452e-02
4.854861111111111072e+00 1.003346372918599433e-01 3.444978415011726303e-02
4.855555555555555181e+00 1.000336883376722469e-01 3.379516407696690067e-02
4.856250000000000178e+00 9.973612836693733497e-02 3.315020340473995297e-02
4.856944444444444287e+00 9.943836052218875399e-02 3.251535758257205477e-02
4.857638888888888395e+00 9.914662021771060429e-02 3.188990572693183034e-02
4.858333333333333393e+00 9.885063124674951796e-02 3.127423968238552537e-02
4.859027777777777501e+00 9.856253527292833938e-02 3.066771287774539001e-02
4.859722222222222499e+00 9.826969304775134972e-02 3.007077551298941581e-02
4.860416666666665719e+00 9.798422975856124761e-02 2.948278249839674653e-02
4.861111111111111605e+00 9.769348321730550455e-02 2.890420593468912350e-02
4.861805555555555713e+00 9.741129067749644543e-02 2.833451794834336221e-02
4.862499999999999822e+00 9.712336547857193525e-02 2.777404306081047644e-02
4.863194444444444819e+00 9.684431952431868385e-02 2.722222726757208416e-02
4.863888888888888928e+00 9.655890468494825185e-02 2.667936714881712426e-02
4.864583333333333037e+00 9.628309675252387512e-02 2.614479822593682168e-02
4.865277777777778034e+00 9.600068230434632977e-02 2.561884451357420225e-02
4.865972222222222143e+00 9.572847133098252859e-02 2.510109326839741681e-02
4.866666666666666252e+00 9.544848715420665985e-02 2.459181445924952039e-02
4.867361111111111249e+00 9.517965086554611154e-02 2.409054892833577613e-02
4.868055555555555358e+00 9.490187080935284791e-02 2.359726436122956683e-02
4.868749999999999467e+00 9.463658900284223352e-02 2.311152102107311493e-02
4.869444444444444464e+00 9.435999701477154611e-02 2.263344942303451013e-02
4.870138888888889461e+00 9.409749675615294850e-02 2.216288722755905410e-02
4.870833333333332682e+00 9.382015030389614929e-02 2.170000047649692926e-02
4.871527777777777679e+00 9.355831772553392656e-02 2.124416834858555703e-02
4.872222222222222676e+00 9.327821926884409531e-02 2.079579415020199260e-02
4.872916666666666785e+00 9.301591155330526939e-02 2.035430878020785123e-02
4.873611111111110894e+00 9.273353270728543207e-02 1.991998877162096115e-02
4.874305555555555891e+00 9.246694780533171176e-02 1.949222152372139319e-02
4.875000000000000000e+00 9.218806349407371314e-02 1.907152031759223529e-02
4.875694444444444109e+00 9.193300978802579349e-02 1.865718729025045083e-02
4.876388888888889106e+00 9.167599574667843754e-02 1.824956368090723327e-02
4.877083333333333215e+00 9.143816845780122771e-02 1.784813856677114688e-02
4.877777777777777324e+00 9.118060968886033957e-02 1.745326541632341577e-02
4.878472222222222321e+00 9.093281891276204509e-02 1.706428548841705875e-02
4.879166666666666430e+00 9.068359759382202401e-02 1.668159493042405475e-02
4.879861111111110539e+00 9.044913771916152090e-02 1.630468292975594327e-02
4.880555555555555536e+00 9.020805284311594896e-02 1.593375952659741718e-02
4.881249999999998757e+00 8.997279650788220229e-02 1.556847282106005662e-02
4.881944444444444642e+00 8.973228200141605826e-02 1.520900685464381293e-02
4.882638888888888751e+00 8.949148248580643394e-02 1.485501074125537835e-02
4.883333333333333748e+00 8.924992267818131209e-02 1.450660671800583536e-02
4.884027777777777857e+00 8.900689170805373140e-02 1.416348759138351399e-02
4.884722222222221966e+00 8.876935939286047239e-02 1.382555653482099751e-02
4.885416666666666963e+00 8.852996925648681792e-02 1.349263685991474761e-02
4.886111111111111072e+00 8.829506602519766878e-02 1.316487462691010198e-02
4.886805555555555181e+00 8.805606327576447068e-02 1.284212837094879031e-02
4.887500000000000178e+00 8.782341897781292817e-02 1.252433277031298788e-02
4.888194444444444287e+00 8.758660377190530255e-02 1.221136817208868901e-02
4.888888888888888395e+00 8.735535724546525382e-02 1.190313366156100713e-02
4.889583333333333393e+00 8.711973869347154620e-02 1.159952222419911166e-02
4.890277777777777501e+00 8.689075663595995092e-02 1.130056869320949023e-02
4.890972222222222499e+00 8.665701062026606727e-02 1.100618717999267415e-02
4.891666666666665719e+00 8.643005732040544287e-02 1.071619867178078347e-02
4.892361111111111605e+00 8.619817383393045540e-02 1.043052069616639925e-02
4.893055555555555713e+00 8.597321473727877195e-02 1.014903670773996576e-02
4.893749999999999822e+00 8.574316894639484599e-02 9.871802412958491021e-03
4.894444444444444819e+00 8.552044664532730545e-02 9.598677441443924721e-03
4.895138888888888928e+00 8.529230634925671906e-02 9.329646393066897206e-03
4.895833333333333037e+00 8.507155330328400322e-02 9.064606698659986861e-03
4.896527777777778034e+00 8.484513355762884901e-02 8.803548712511620467e-03
4.897222222222222143e+00 8.462675146184912844e-02 8.546455477754680979e-03
4.897916666666666252e+00 8.440212204909977589e-02 8.293260589780394876e-03
4.898611111111111249e+00 8.418585143646302449e-02 8.043893828743353333e-03
4.899305555555555358e+00 8.396266560767490228e-02 7.798247535409841801e-03
4.899999999999999467e+00 8.374921663807138872e-02 7.556182823419875516e-03
4.900694444444444464e+00 8.352687565225704047e-02 7.317714573719051770e-03
4.901388888888889461e+00 8.331508352315253330e-02 7.082782401691299287e-03
4.902083333333332682e+00 8.309202084632291707e-02 6.851341311788103523e-03
4.902777777777777679e+00 8.288005002184417602e-02 6.623372251102729522e-03
4.903472222222222676e+00 8.265561945317317916e-02 6.398821113836444460e-03
4.904166666666666785e+00 8.244523676454819372e-02 6.177755636577990025e-03
4.904861111111110894e+00 8.221720958573446036e-02 5.960055175208178388e-03
4.905555555555555891e+00 8.199848165711440262e-02 5.745640637898005026e-03
4.906250000000000000e+00 8.177341253105128993e-02 5.534397332668712817e-03
4.906944444444444109e+00 8.156652432691442745e-02 5.326252226706137440e-03
4.907638888888889106e+00 8.136585688644194791e-02 5.121105167150558947e-03
4.908333333333333215e+00 8.118157666562009211e-02 4.918926532985191252e-03
4.909027777777777324e+00 8.097770051477258535e-02 4.719641225042776195e-03
4.909722222222222321e+00 8.077788067513078096e-02 4.523317822451793958e-03
4.910416666666666430e+00 8.057379976867150295e-02 4.329979380633520655e-03
4.911111111111110539e+00 8.037020491981726467e-02 4.139623219968980791e-03
4.911805555555555536e+00 8.016681232896075149e-02 3.952145898077107262e-03
4.912499999999998757e+00 7.997280199629078212e-02 3.767500303965361143e-03
4.913194444444444642e+00 7.977561138942176888e-02 3.585626847175379505e-03
4.913888888888888751e+00 7.957417425742725758e-02 3.406461044228643268e-03
4.914583333333333748e+00 7.937680388454976255e-02 3.229954683797912549e-03
4.915277777777777857e+00 7.917459831059338315e-02 3.056015085548552217e-03
4.915972222222221966e+00 7.897831462822173243e-02 2.884590483894595211e-03
4.916666666666666963e+00 7.878240976271248808e-02 2.715600270017751953e-03
4.917361111111111072e+00 7.859232690179215886e-02 2.549041166963923310e-03
4.918055555555555181e+00 7.839283015141268463e-02 2.385044438761676957e-03
4.918750000000000178e+00 7.820321041991765143e-02 2.223678136482746311e-03
4.919444444444444287e+00 7.800554179577164071e-02 2.064644602390997355e-03
4.920138888888888395e+00 7.781804854405528771e-02 1.908160981089450023e-03
4.920833333333333393e+00 7.761638684199198557e-02 1.754412595092203712e-03
4.921527777777777501e+00 7.742495843986832438e-02 1.602828693186321429e-03
4.922222222222222499e+00 7.722310132403398253e-02 1.452868438616493774e-03
4.922916666666665719e+00 7.702648521458418940e-02 1.304846911759943717e-03
4.923611111111111605e+00 7.682243822559449431e-02 1.159266796874214994e-03
4.924305555555555713e+00 7.664123805066543060e-02 1.015773226348584170e-03
4.924999999999999822e+00 7.644544627685836979e-02 8.745368053028511812e-04
4.925694444444444819e+00 7.625958897171895845e-02 7.359497765293406771e-04
4.926388888888888928e+00 7.606340935804707659e-02 5.992846984393696572e-04
4.927083333333333037e+00 7.587922146855752281e-02 4.642319304535656569e-04
4.927777777777778034e+00 7.569163658590728760e-02 3.310601027012852388e-04
4.928472222222222143e+00 7.551513053034217271e-02 1.994368002187390295e-04
4.929166666666666252e+00 7.533517082556699662e-02 7.028189383032663483e-05
4.929861111111111249e+00 7.516454234274745627e-02 -5.614296148624304552e-05
4.930555555555555358e+00 7.498774514636268040e-02 -1.811409689612180013e-04
4.931249999999999467e+00 7.481187227376942528e-02 -3.047502184423588815e-04
4.931944444444444464e+00 7.463427382449734637e-02 -4.262138956436088591e-04
4.932638888888889461e+00 7.445806963064575956e-02 -5.457332610067711694e-04
4.933333333333332682e+00 7.428156093962616502e-02 -6.641009178207725504e-04
4.934027777777777679e+00 7.410365860774373314e-02 -7.812235924743909975e-04
4.934722222222222676e+00 7.392832625185009887e-02 -8.962057219584719167e-04
4.935416666666666785e+00 7.375121812569861157e-02 -1.009066590609933442e-03
4.936111111111110894e+00 7.357734902409172884e-02 -1.120290559832006405e-03
4.936805555555555891e+00 7.340055058595937321e-02 -1.229847752604084146e-03
4.937500000000000000e+00 7.322783896812160020e-02 -1.337565615567826724e-03
4.938194444444444109e+00 7.305205857533614289e-02 -1.443782756551552750e-03
4.938888888888889106e+00 7.288068248386335435e-02 -1.549099178480891053e-03
4.939583333333333215e+00 7.270632387986845913e-02 -1.653425269125877867e-03
4.940277777777777324e+00 7.253673348137126831e-02 -1.756476145461628507e-03
4.940972222222222321e+00 7.236010819592220145e-02 -1.858298085942220552e-03
4.941666666666666430e+00 7.218948425308727157e-02 -1.958915240964796602e-03
4.942361111111110539e+00 7.201682645918391912e-02 -2.058038324598766150e-03
4.943055555555555536e+00 7.185003580148500990e-02 -2.155317256022676927e-03
4.943749999999998757e+00 7.167635655024966190e-02 -2.250770150050771749e-03
4.944444444444444642e+00 7.151245652151702603e-02 -2.344697943682283545e-03
4.945138888888888751e+00 7.133661473641653150e-02 -2.437162357809381178e-03
4.945833333333333748e+00 7.116899789972704060e-02 -2.527989904668382325e-03
4.946527777777777857e+00 7.099382518446079038e-02 -2.617153894701392501e-03
4.947222222222221966e+00 7.082833689014576828e-02 -2.705196172158290651e-03
4.947916666666666963e+00 7.065020291174674283e-02 -2.792175454175853649e-03
4.948611111111111072e+00 7.048464633019313474e-02 -2.877838555348456208e-03
4.949305555555555181e+00 7.030710467933391772e-02 -2.962334921313457877e-03
4.950000000000000178e+00 7.014082858478662419e-02 -3.045623390561952044e-03
4.950694444444444287e+00 6.996438475075125729e-02 -3.127706845573408230e-03
4.951388888888888395e+00 6.980025792716859634e-02 -3.208661335857516950e-03
4.952083333333333393e+00 6.963813515287989309e-02 -3.288459915560206295e-03
4.952777777777777501e+00 6.948866090812041985e-02 -3.367097291640472941e-03
4.953472222222222499e+00 6.932354691186505546e-02 -3.444624198461752104e-03
4.954166666666665719e+00 6.916558991911528342e-02 -3.521013572279048289e-03
4.954861111111111605e+00 6.900214619441408237e-02 -3.596261581221104134e-03
4.955555555555555713e+00 6.884583838794912369e-02 -3.670453585855672305e-03
4.956249999999999822e+00 6.868976936585011184e-02 -3.743667689531154832e-03
4.956944444444444819e+00 6.854518324856075095e-02 -3.815888799451623743e-03
4.957638888888888928e+00 6.839059851515330579e-02 -3.887078766761039618e-03
4.958333333333333037e+00 6.823740086843882446e-02 -3.957219286342670596e-03
4.959027777777778034e+00 6.808313486621016264e-02 -4.026342847367968790e-03
4.959722222222222143e+00 6.793224413616906487e-02 -4.094455776200005628e-03
4.960416666666666252e+00 6.777907509105564332e-02 -4.161543602048039213e-03
4.961111111111111249e+00 6.762570378912126368e-02 -4.227625057295954052e-03
4.961805555555555358e+00 6.747257260293533510e-02 -4.292726072644816558e-03
4.962499999999999467e+00 6.731879849255363590e-02 -4.356885021775983372e-03
4.963194444444444464e+00 6.716716583385731743e-02 -4.420121862352595528e-03
4.963888888888889461e+00 6.701388057129038789e-02 -4.482394918538963428e-03
4.964583333333332682e+00 6.686347943587801768e-02 -4.543820472438591350e-03
4.965277777777777679e+00 6.671088068353171752e-02 -4.604276442548701706e-03
4.965972222222222676e+00 6.656125275217393555e-02 -4.663910960663497814e-03
4.966666666666666785e+00 6.640918501089469739e-02 -4.722549521759973265e-03
4.967361111111110894e+00 6.626047917338181992e-02 -4.780366433032107003e-03
4.968055555555555891e+00 6.610915907516039247e-02 -4.837390117785897795e-03
4.968750000000000000e+00 6.596127886997008027e-02 -4.893571495337715495e-03
4.969444444444444109e+00 6.581071910195604446e-02 -4.948859513275303233e-03
4.970138888888889106e+00 6.566380145902378507e-02 -5.003369384430435968e-03
4.970833333333333215e+00 6.551416263381029670e-02 -5.057138716088814198e-03
4.971527777777777324e+00 6.536829054862097754e-02 -5.110127728362179496e-03
4.972222222222222321e+00 6.521952112670900692e-02 -5.162399384111233079e-03
4.972916666666666430e+00 6.507447752116982120e-02 -5.213924770366047852e-03
4.973611111111110539e+00 6.492647721597605281e-02 -5.264752023680503885e-03
4.974305555555555536e+00 6.478254530402122180e-02 -5.314858635057088075e-03
4.974999999999998757e+00 6.463555604813724098e-02 -5.364275670458577491e-03
4.975694444444444642e+00 6.449248775325254479e-02 -5.413000065418798259e-03
4.976388888888888751e+00 6.434626557196571062e-02 -5.461037290209472088e-03
4.977083333333333748e+00 6.420418546102162061e-02 -5.508377678371535226e-03
4.977777777777777857e+00 6.405879220405777397e-02 -5.555041245659874533e-03
4.978472222222221966e+00 6.391783233137406095e-02 -5.601043686959010504e-03
4.979166666666666963e+00 6.377331697729952953e-02 -5.646499818893304865e-03
4.979861111111111072e+00 6.363336151595702650e-02 -5.691310765064339777e-03
4.980555555555555181e+00 6.348943771056136942e-02 -5.735472171663045030e-03
4.981250000000000178e+00 6.335070327983619021e-02 -5.779129013472761138e-03
4.981944444444444287e+00 6.320722795819712359e-02 -5.822271009666397414e-03
4.982638888888888395e+00 6.306984257118566917e-02 -5.864565999751329868e-03
4.983333333333333393e+00 6.292609210352877180e-02 -5.906189722639944469e-03
4.984027777777777501e+00 6.278860421093486466e-02 -5.947278950871767028e-03
4.984722222222222499e+00 6.264372361133915823e-02 -5.987741017507805519e-03
4.985416666666665719e+00 6.250622584533357950e-02 -6.027637331964929256e-03
4.986111111111111605e+00 6.235918623599796817e-02 -6.066976026081612530e-03
4.986805555555555713e+00 6.221976728593543032e-02 -6.105802724740077431e-03
4.987499999999999822e+00 6.207135035948369711e-02 -6.144054867117896938e-03
4.988194444444444819e+00 6.193051291807045999e-02 -6.181752842478700077e-03
4.988888888888888928e+00 6.178672803372981664e-02 -6.218891661909123694e-03
4.989583333333333037e+00 6.165414604924156911e-02 -6.255496461609780061e-03
4.990277777777778034e+00 6.151581151240331780e-02 -6.291581800748982829e-03
4.990972222222222143e+00 6.138459573577821626e-02 -6.327242570584358690e-03
4.991666666666666252e+00 6.124910926450671811e-02 -6.362419477926322883e-03
4.992361111111111249e+00 6.111982752312223460e-02 -6.397100816288879555e-03
4.993055555555555358e+00 6.098754308124317014e-02 -6.431277501859264216e-03
4.993749999999999467e+00 6.086154856934360147e-02 -6.464975970196345546e-03
4.994444444444444464e+00 6.073139728111758007e-02 -6.498186511477218631e-03
4.995138888888889461e+00 6.060369198719570139e-02 -6.530933337807040204e-03
4.995833333333332682e+00 6.047401932964198423e-02 -6.563198119988036122e-03
4.996527777777777679e+00 6.034550330184361433e-02 -6.595007129638823934e-03
4.997222222222222676e+00 6.021588335319916219e-02 -6.626355422713231177e-03
4.997916666666666785e+00 6.008627895327645074e-02 -6.657266356888020230e-03
4.998611111111110894e+00 5.995709223456808373e-02 -6.687725224491606127e-03
4.999305555555555891e+00 5.982718052054962488e-02 -6.717756555831848504e-03
5.000000000000000000e+00 5.969919536844295327e-02 -6.747339715660786476e-03
5.000694444444444109e+00 5.956993606699054894e-02 -6.776495280999043913e-03
5.001388888888889106e+00 5.944277020955739815e-02 -6.805237832028124788e-03
5.002083333333333215e+00 5.931392948266694248e-02 -6.833575108692428041e-03
5.002777777777777324e+00 5.918747649809643491e-02 -6.861504166504038028e-03
5.003472222222222321e+00 5.905913309523758148e-02 -6.889042670775476565e-03
5.004166666666666430e+00 5.893329690832315587e-02 -6.916181731861561349e-03
5.004861111111110539e+00 5.880544770746078814e-02 -6.942941592419312608e-03
5.005555555555555536e+00 5.868032932263265306e-02 -6.969311510936291275e-03
5.006249999999998757e+00 5.855308604104934173e-02 -6.995288716086861362e-03
5.006944444444444642e+00 5.842863808378825907e-02 -7.020897654132638582e-03
5.007638888888888751e+00 5.830203087218749358e-02 -7.043880603852069669e-03
5.008333333333333748e+00 5.817829726577215810e-02 -7.065920618220570930e-03
5.009027777777777857e+00 5.805234685178936593e-02 -7.087917348054812404e-03
5.009722222222221966e+00 5.792937277461653045e-02 -7.109583258177740520e-03
5.010416666666666963e+00 5.780403940761343062e-02 -7.131001480747048600e-03
5.011111111111111072e+00 5.768188206889707931e-02 -7.152148222753865366e-03
5.011805555555555181e+00 5.755719062670706931e-02 -7.173017873806344404e-03
5.012500000000000178e+00 5.743583694186842059e-02 -7.193618674023839928e-03
5.013194444444444287e+00 5.731178797159365568e-02 -7.213954997938826913e-03
5.013888888888888395e+00 5.719127848352922872e-02 -7.234027760683154132e-03
5.014583333333333393e+00 5.706779872210181875e-02 -7.253827959602444399e-03
5.015277777777777501e+00 5.694820285718508318e-02 -7.273383940874874123e-03
5.015972222222222499e+00 5.682509855401467885e-02 -7.292689741660213915e-03
5.016666666666665719e+00 5.670658897619183098e-02 -7.311747131720881983e-03
5.017361111111111605e+00 5.658327346066156088e-02 -7.330547385480301083e-03
5.018055555555555713e+00 5.646477165242914931e-02 -7.349123344055097720e-03
5.018749999999999822e+00 5.634073083306358892e-02 -7.367450804314685381e-03
5.019444444444444819e+00 5.622234078528931533e-02 -7.385553873658617235e-03
5.020138888888888928e+00 5.609670624809650480e-02 -7.403440857738425272e-03
5.020833333333333037e+00 5.597676763311611181e-02 -7.421075388726040140e-03
5.021527777777778034e+00 5.584970927272422253e-02 -7.438511711114039263e-03
5.022222222222222143e+00 5.572824376291728860e-02 -7.455709738976861942e-03
5.022916666666666252e+00 5.560345525826473206e-02 -7.472651681227578113e-03
5.023611111111111249e+00 5.548700213167498396e-02 -7.489436392490305371e-03
5.024305555555555358e+00 5.536882167790692366e-02 -7.506009198451222587e-03
5.024999999999999467e+00 5.525720990903798535e-02 -7.522327816193376433e-03
5.025694444444444464e+00 5.513911712274172788e-02 -7.538487523714760760e-03
5.026388888888889461e+00 5.502515152379476582e-02 -7.554443851908359923e-03
5.027083333333332682e+00 5.490980168879215639e-02 -7.570135920353395463e-03
5.027777777777777679e+00 5.480024565413418869e-02 -7.585736190601703732e-03
5.028472222222222676e+00 5.468623661006388748e-02 -7.601080738521561256e-03
5.029166666666666785e+00 5.457540051754446869e-02 -7.617475948025646988e-03
5.029861111111110894e+00 5.446303581067266086e-02 -7.632942250612475416e-03
5.030555555555555891e+00 5.435407412249116527e-02 -7.647541362948749935e-03
5.031250000000000000e+00 5.424278514236137438e-02 -7.662114669578643650e-03
5.031944444444444109e+00 5.413190061028647776e-02 -7.676463036501047534e-03
5.032638888888889106e+00 5.402021683798099994e-02 -7.690616494898193552e-03
5.033333333333333215e+00 5.390881198710035377e-02 -7.704652147856828545e-03
5.034027777777777324e+00 5.379755470040301080e-02 -7.718521655502162855e-03
5.034722222222222321e+00 5.368589768622892416e-02 -7.733348466467610330e-03
5.035416666666666430e+00 5.357566660801930253e-02 -7.747314167071997666e-03
5.036111111111110539e+00 5.346451579044209090e-02 -7.760503849989192938e-03
5.036805555555555536e+00 5.335497532090911071e-02 -7.773654665792125926e-03
5.037499999999998757e+00 5.324428443441264758e-02 -7.786589991204770182e-03
5.038194444444444642e+00 5.313541469028146974e-02 -7.799354925116574154e-03
5.038888888888888751e+00 5.302512872471307898e-02 -7.812021758067594530e-03
5.039583333333333748e+00 5.291666430737623772e-02 -7.824525247784024778e-03
5.040277777777777857e+00 5.280675020730346558e-02 -7.836885287358003743e-03
5.040972222222221966e+00 5.269893761559205775e-02 -7.850036021213514792e-03
5.041666666666666963e+00 5.258952306694424789e-02 -7.862474144639024221e-03
5.042361111111111072e+00 5.248221857100685700e-02 -7.874235187411586512e-03
5.043055555555555181e+00 5.237329586549186594e-02 -7.885927243510174739e-03
5.043750000000000178e+00 5.226665141728549513e-02 -7.897388933969982927e-03
5.044444444444444287e+00 5.215820349384128751e-02 -7.908834992220973789e-03
5.045138888888888395e+00 5.205218532640917828e-02 -7.920094056631155413e-03
5.045833333333333393e+00 5.194428448816448135e-02 -7.931229229157151298e-03
5.046527777777777501e+00 5.183888600919097506e-02 -7.942214708547947269e-03
5.047222222222222499e+00 5.173148085937829405e-02 -7.953950687680413911e-03
5.047916666666665719e+00 5.162676760565448192e-02 -7.965034467587187028e-03
5.048611111111111605e+00 5.151984394143819396e-02 -7.975506211665435441e-03
5.049305555555555713e+00 5.141586078700684931e-02 -7.985846708531708568e-03
5.049999999999999822e+00 5.130937481897640540e-02 -7.996126108459157555e-03
5.050694444444444819e+00 5.120609851227266029e-02 -8.006302110425965110e-03
5.051388888888888928e+00 5.109980284351711005e-02 -8.016332319887178523e-03
5.052083333333333037e+00 5.099712230566894045e-02 -8.026235025156602115e-03
5.052777777777778034e+00 5.089047104340808925e-02 -8.036051939766038210e-03
5.053472222222222143e+00 5.078781213977331954e-02 -8.046448738394400627e-03
5.054166666666666252e+00 5.068000619323148603e-02 -8.056336214065781473e-03
5.054861111111111249e+00 5.057669666546398685e-02 -8.065657796486947959e-03
5.055555555555555358e+00 5.046790990526436177e-02 -8.074901480432050693e-03
5.056249999999999467e+00 5.036351666493436158e-02 -8.084060074139438196e-03
5.056944444444444464e+00 5.025399568073452700e-02 -8.093124885602733659e-03
5.057638888888889461e+00 5.014945488465161888e-02 -8.102039040293249755e-03
5.058333333333332682e+00 5.004531126071732478e-02 -8.110899271958023349e-03
5.059027777777777679e+00 4.994810928994016658e-02 -8.119630627571936335e-03
5.059722222222222676e+00 4.984456718651663482e-02 -8.128896145636955659e-03
5.060416666666666785e+00 4.974487658212153884e-02 -8.137735158792108042e-03
5.061111111111110894e+00 4.964128136436057881e-02 -8.146056446927982947e-03
5.061805555555555891e+00 4.954156625085369414e-02 -8.154289393665433913e-03
5.062500000000000000e+00 4.944072772900037077e-02 -8.162467435934657803e-03
5.063194444444444109e+00 4.934507576169285675e-02 -8.170575720282549984e-03
5.063888888888889106e+00 4.924454076453697177e-02 -8.178549003747965715e-03
5.064583333333333215e+00 4.914747653580595066e-02 -8.186439348766384044e-03
5.065277777777777324e+00 4.904782178673292720e-02 -8.194246003340897519e-03
5.065972222222222321e+00 4.895204705459854644e-02 -8.202508406259375814e-03
5.066666666666666430e+00 4.885360147409761877e-02 -8.210360376715845898e-03
5.067361111111110539e+00 4.875905768769175919e-02 -8.217784537142214935e-03
5.068055555555555536e+00 4.866122347312769325e-02 -8.225170149402820374e-03
5.068749999999998757e+00 4.856621524652363076e-02 -8.232478799024589219e-03
5.069444444444444642e+00 4.846956078011251806e-02 -8.239668010551509658e-03
5.070138888888888751e+00 4.837641776114249420e-02 -8.246805971150112866e-03
5.070833333333333748e+00 4.828086485029801228e-02 -8.253832674156410393e-03
5.071527777777777857e+00 4.818741809389978648e-02 -8.260738838235387460e-03
5.072222222222221966e+00 4.809276407127240777e-02 -8.268145217654846585e-03
5.072916666666666963e+00 4.799949077720007395e-02 -8.275148110878843832e-03
5.073611111111111072e+00 4.790508340558187472e-02 -8.281751951728633793e-03
5.074305555555555181e+00 4.781093443050206393e-02 -8.288366416747267040e-03
5.075000000000000178e+00 4.771658650351715686e-02 -8.294866925246531866e-03
5.075694444444444287e+00 4.762220938947245297e-02 -8.301262022598388662e-03
5.076388888888888395e+00 4.752849513594020053e-02 -8.307606780390384624e-03
5.077083333333333393e+00 4.743441330429950392e-02 -8.313894912130829692e-03
5.077777777777777501e+00 4.734142057855728059e-02 -8.320073064802098461e-03
5.078472222222222499e+00 4.724781899184064826e-02 -8.326661922754875073e-03
5.079166666666665719e+00 4.715536638086956917e-02 -8.332903189012216480e-03
5.079861111111111605e+00 4.706206303620107806e-02 -8.338852900780631405e-03
5.080555555555555713e+00 4.697017162551660879e-02 -8.344719503624101198e-03
5.081249999999999822e+00 4.687724298920323968e-02 -8.350502307560616830e-03
5.081944444444444819e+00 4.678582266467674888e-02 -8.356239238555973267e-03
5.082638888888888928e+00 4.669332954448290190e-02 -8.361918110461009565e-03
5.083333333333333037e+00 4.660241386716302420e-02 -8.367479377529260173e-03
5.084027777777778034e+00 4.651034957666198844e-02 -8.373029432578657505e-03
5.084722222222222143e+00 4.641992588462585251e-02 -8.378886916254348755e-03
5.085416666666666252e+00 4.632833458787315173e-02 -8.384453448699534170e-03
5.086111111111111249e+00 4.623851857403344506e-02 -8.389723635238616889e-03
5.086805555555555358e+00 4.614734919991273637e-02 -8.394939195082802910e-03
5.087499999999999467e+00 4.605806093639012305e-02 -8.400125784820073119e-03
5.088194444444444464e+00 4.596731850631761984e-02 -8.405254236780037441e-03
5.088888888888889461e+00 4.587860604971272932e-02 -8.410275773031519048e-03
5.089583333333332682e+00 4.578822705788673092e-02 -8.415283550252826775e-03
5.090277777777777679e+00 4.570018013055566347e-02 -8.420221394380486904e-03
5.090972222222222676e+00 4.561024679421778194e-02 -8.425429066407062045e-03
5.091666666666666785e+00 4.552279622781384150e-02 -8.430393669352253747e-03
5.092361111111110894e+00 4.543311872546972746e-02 -8.435077382528842829e-03
5.093055555555555891e+00 4.534633702570772806e-02 -8.439714882269452878e-03
5.093750000000000000e+00 4.525661934454495300e-02 -8.444336328482076812e-03
5.094444444444444109e+00 4.516983666746599707e-02 -8.448901994538854029e-03
5.095138888888889106e+00 4.507947771432917194e-02 -8.453413529011256575e-03
5.095833333333333215e+00 4.499249091655699306e-02 -8.457853548510483113e-03
5.096527777777777324e+00 4.490153908307842334e-02 -8.462263776160721881e-03
5.097222222222222321e+00 4.481400362137928639e-02 -8.466913416740039569e-03
5.097916666666666430e+00 4.472244374168518610e-02 -8.471338430933591027e-03
5.098611111111110539e+00 4.463429511084494872e-02 -8.475533182964669829e-03
5.099305555555555536e+00 4.454421970709235290e-02 -8.479703216998953422e-03
5.099999999999998757e+00 4.445889448018312123e-02 -8.483821676103583606e-03
5.100694444444444642e+00 4.437235866132065165e-02 -8.487885460480950814e-03
5.101388888888888751e+00 4.428988581222748078e-02 -8.491901380135514696e-03
5.102083333333333748e+00 4.420343098395690395e-02 -8.495858286734070744e-03
5.102777777777777857e+00 4.411997840197352805e-02 -8.499761159080958250e-03
5.103472222222221966e+00 4.403385450670693757e-02 -8.503642881495966990e-03
5.104166666666666963e+00 4.395098867757251532e-02 -8.507720747808889331e-03
5.104861111111111072e+00 4.386628340183114372e-02 -8.511626732008692811e-03
5.105555555555555181e+00 4.378509459596681419e-02 -8.515334364671703696e-03
5.106250000000000178e+00 4.370067967218096983e-02 -8.518969881265181857e-03
5.106944444444444287e+00 4.361940963804652321e-02 -8.522599491328414212e-03
5.107638888888888395e+00 4.353565165986089669e-02 -8.526205112000031019e-03
5.108333333333333393e+00 4.345479558974420231e-02 -8.529733390835923801e-03
5.109027777777777501e+00 4.337188587630322334e-02 -8.533239330423143462e-03
5.109722222222222499e+00 4.329212370197736692e-02 -8.536705114267392758e-03
5.110416666666665719e+00 4.320954298138599686e-02 -8.540320939690333041e-03
5.111111111111111605e+00 4.312976325239480102e-02 -8.543798613671844261e-03
5.111805555555555713e+00 4.304791517931531170e-02 -8.547109629692626817e-03
5.112499999999999822e+00 4.296907566740197637e-02 -8.550371011741532412e-03
5.113194444444444819e+00 4.288778321729526388e-02 -8.553611529423424398e-03
5.113888888888888928e+00 4.280923789579640232e-02 -8.556743928018440207e-03
5.114583333333333037e+00 4.272846204094523509e-02 -8.559903683921859033e-03
5.115277777777778034e+00 4.265049060006496223e-02 -8.563038662074140550e-03
5.115972222222222143e+00 4.257038385483071646e-02 -8.566133804778849545e-03
5.116666666666666252e+00 4.249301407910551637e-02 -8.569362305534724764e-03
5.117361111111111249e+00 4.241343577106382323e-02 -8.572465274441108327e-03
5.118055555555555358e+00 4.233655076627835384e-02 -8.575422981909105319e-03
5.118749999999999467e+00 4.225760879744735327e-02 -8.578348226199402488e-03
5.119444444444444464e+00 4.218133681251924616e-02 -8.581220712913718157e-03
5.120138888888889461e+00 4.210298726427781635e-02 -8.584086153199480332e-03
5.120833333333332682e+00 4.202726134896575538e-02 -8.586909556945567998e-03
5.121527777777777679e+00 4.194960405533768033e-02 -8.589690266995608434e-03
5.122222222222222676e+00 4.187451536921626277e-02 -8.592458360046221003e-03
5.122916666666666785e+00 4.179752505725995576e-02 -8.595322972232666628e-03
5.123611111111110894e+00 4.172289470147635265e-02 -8.598077185973549905e-03
5.124305555555555891e+00 4.164665377008090058e-02 -8.600746112210545802e-03
5.125000000000000000e+00 4.157263623465108637e-02 -8.603335513467549878e-03
5.125694444444444109e+00 4.149710334766384956e-02 -8.605891167272851014e-03
5.126388888888889106e+00 4.142370798562692441e-02 -8.608439544758738834e-03
5.127083333333333215e+00 4.134900190796281932e-02 -8.610970010080754716e-03
5.127777777777777324e+00 4.127628823780676165e-02 -8.613412079780613517e-03
5.128472222222222321e+00 4.120250675505359589e-02 -8.615903465112186022e-03
5.129166666666666430e+00 4.113010931958744482e-02 -8.618463837462665006e-03
5.129861111111110539e+00 4.105701905472967234e-02 -8.620933355998632378e-03
5.130555555555555536e+00 4.098447085549084684e-02 -8.623289035903595329e-03
5.131249999999998757e+00 4.091171892857470294e-02 -8.625587176953294563e-03
5.131944444444444642e+00 4.083885243849231378e-02 -8.627884179192120070e-03
5.132638888888888751e+00 4.076621161136485122e-02 -8.630177371977064762e-03
5.133333333333333748e+00 4.069412271554190275e-02 -8.632407572477646812e-03
5.134027777777777857e+00 4.062265070702519854e-02 -8.634636970210968210e-03
5.134722222222221966e+00 4.055075235150740892e-02 -8.636816830161465897e-03
5.135416666666666963e+00 4.047986737386308209e-02 -8.638939477410984003e-03
5.136111111111111072e+00 4.040858512988471096e-02 -8.641207100016205095e-03
5.136805555555555181e+00 4.033810992527009365e-02 -8.643371458854234510e-03
5.137500000000000178e+00 4.026721987828021931e-02 -8.645392662698887093e-03
5.138194444444444287e+00 4.019740414075912566e-02 -8.647438425783990010e-03
5.138888888888888395e+00 4.012708373790788846e-02 -8.649504094046009395e-03
5.139583333333333393e+00 4.005791087616816099e-02 -8.651510802001115968e-03
5.140277777777777501e+00 3.998808358504687965e-02 -8.653510218884972321e-03
5.140972222222222499e+00 3.991930405765697909e-02 -8.655456244839439262e-03
5.141666666666665719e+00 3.984995798436204162e-02 -8.657379956253694053e-03
5.142361111111111605e+00 3.978170485542122103e-02 -8.659379355745568455e-03
5.143055555555555713e+00 3.971296184574602678e-02 -8.661321277153867168e-03
5.143749999999999822e+00 3.964519774299039151e-02 -8.663197832881780122e-03
5.144444444444444819e+00 3.957698738180162601e-02 -8.665020515169406107e-03
5.145138888888888928e+00 3.950990094776237610e-02 -8.666837441331058656e-03
5.145833333333333037e+00 3.944227946635452120e-02 -8.668626055566694064e-03
5.146527777777778034e+00 3.937571611321843967e-02 -8.670403697049414854e-03
5.147222222222222143e+00 3.930867153151775678e-02 -8.672124482573569451e-03
5.147916666666666252e+00 3.924263379798909740e-02 -8.673872065128884062e-03
5.148611111111111249e+00 3.917655872021831576e-02 -8.675634237033214013e-03
5.149305555555555358e+00 3.911169644671537438e-02 -8.677354530864291732e-03
5.149999999999999467e+00 3.904610073635697565e-02 -8.679036178648175462e-03
5.150694444444444464e+00 3.898094547281882177e-02 -8.680658202144796512e-03
5.151388888888889461e+00 3.891557010664115079e-02 -8.682229351013840898e-03
5.152083333333332682e+00 3.885090600260634325e-02 -8.683838615819927317e-03
5.152777777777777679e+00 3.878618384173398298e-02 -8.685416633882572790e-03
5.153472222222222676e+00 3.872205265220252796e-02 -8.686943439248457841e-03
5.154166666666666785e+00 3.865791877157682271e-02 -8.688498338852549546e-03
5.154861111111110894e+00 3.859432723146069555e-02 -8.690068740001551800e-03
5.155555555555555891e+00 3.853105989434845585e-02 -8.691592880091230516e-03
5.156250000000000000e+00 3.846823171132778690e-02 -8.693122059894630230e-03
5.156944444444444109e+00 3.840579757575351277e-02 -8.694555105064305858e-03
5.157638888888889106e+00 3.834369964549126653e-02 -8.695966655452505925e-03
5.158333333333333215e+00 3.828172719728240025e-02 -8.697380241594981215e-03
5.159027777777777324e+00 3.822010426918600462e-02 -8.698823176862924972e-03
5.159722222222222321e+00 3.815892085036915599e-02 -8.700187464209202179e-03
5.160416666666666430e+00 3.809810825414060992e-02 -8.701597648922310135e-03
5.161111111111110539e+00 3.803739787021323537e-02 -8.702994924119678705e-03
5.161805555555555536e+00 3.797705674003728354e-02 -8.704373081244777891e-03
5.162499999999998757e+00 3.791692361042572207e-02 -8.705709322696189925e-03
5.163194444444444642e+00 3.785723185454967915e-02 -8.707006621297188817e-03
5.163888888888888751e+00 3.779770210383678886e-02 -8.708288981976071430e-03
5.164583333333333748e+00 3.773863188663593299e-02 -8.709563295829949106e-03
5.165277777777777857e+00 3.767968738663023121e-02 -8.710793710161521264e-03
5.165972222222221966e+00 3.762116711445800260e-02 -8.712041570987998432e-03
5.166666666666666963e+00 3.756285234929084699e-02 -8.713266551643903193e-03
5.167361111111111072e+00 3.750494310576591578e-02 -8.714461114456647020e-03
5.168055555555555181e+00 3.744713460957582035e-02 -8.715683201575310374e-03
5.168750000000000178e+00 3.738974805065817253e-02 -8.716897581022951466e-03
5.169444444444444287e+00 3.733247868156289867e-02 -8.718096082312352946e-03
5.170138888888888395e+00 3.727567781120794815e-02 -8.719230068962746660e-03
5.170833333333333393e+00 3.721896279383943990e-02 -8.720304612251723181e-03
5.171527777777777501e+00 3.716271834973412097e-02 -8.721440783571015806e-03
5.172222222222222499e+00 3.710661793436964562e-02 -8.722557325348096260e-03
5.172916666666665719e+00 3.705092973590336236e-02 -8.723656236558654381e-03
5.173611111111111605e+00 3.699534151081292771e-02 -8.724739285440255218e-03
5.174305555555555713e+00 3.694021894320871635e-02 -8.725811383422394513e-03
5.174999999999999822e+00 3.688512132851602676e-02 -8.726900241412750142e-03
5.175694444444444819e+00 3.683050394227999763e-02 -8.727967925439358496e-03
5.176388888888888928e+00 3.677595974366108800e-02 -8.728959731864282395e-03
5.177083333333333037e+00 3.672183737533295245e-02 -8.729982244965349067e-03
5.177777777777778034e+00 3.666780094597434092e-02 -8.730960374825860737e-03
5.178472222222222143e+00 3.661418770825972807e-02 -8.731958495223667363e-03
5.179166666666666252e+00 3.656065269058973721e-02 -8.732934300580266762e-03
5.179861111111111249e+00 3.650750318870664424e-02 -8.733903896446525844e-03
5.180555555555555358e+00 3.645449346218233855e-02 -8.734844604967706427e-03
5.181249999999999467e+00 3.640181578246885763e-02 -8.735820893356898917e-03
5.181944444444444464e+00 3.634924931235281736e-02 -8.736756442738148262e-03
5.182638888888889461e+00 3.629699058362448327e-02 -8.737672264835936314e-03
5.183333333333332682e+00 3.624492818778336095e-02 -8.738582210058234642e-03
5.184027777777777679e+00 3.619322574624054406e-02 -8.739460560292382912e-03
5.184722222222222676e+00 3.614157610627018874e-02 -8.740347124850937621e-03
5.185416666666666785e+00 3.609033987717942538e-02 -8.741211615258941484e-03
5.186111111111110894e+00 3.603916418860454718e-02 -8.742055269438723381e-03
5.186805555555555891e+00 3.598836176156492567e-02 -8.742920762782204966e-03
5.187500000000000000e+00 3.593759340631621363e-02 -8.743776934735346396e-03
5.188194444444444109e+00 3.588724144734985882e-02 -8.744641626558448400e-03
5.188888888888889106e+00 3.583692792888307915e-02 -8.745439940718996441e-03
5.189583333333333215e+00 3.578706345807619593e-02 -8.746211657955114266e-03
5.190277777777777324e+00 3.573715055208145919e-02 -8.747016352750798876e-03
5.190972222222222321e+00 3.568775057184374322e-02 -8.747817367360374505e-03
5.191666666666666430e+00 3.563830843518400043e-02 -8.748564096764967907e-03
5.192361111111110539e+00 3.558937422525217803e-02 -8.749359539565976923e-03
5.193055555555555536e+00 3.554032431489419913e-02 -8.750123671351254379e-03
5.193749999999998757e+00 3.549178614099836315e-02 -8.750865975997836402e-03
5.194444444444444642e+00 3.544313667990976052e-02 -8.751630912294168854e-03
5.195138888888888751e+00 3.539498684235060227e-02 -8.752381586820970338e-03
5.195833333333333748e+00 3.534670795747064248e-02 -8.753068001600552289e-03
5.196527777777777857e+00 3.529906239930428319e-02 -8.753782987970581964e-03
5.197222222222221966e+00 3.525130853380914475e-02 -8.754484801983486442e-03
5.197916666666666963e+00 3.520414802300132762e-02 -8.755177229564566413e-03
5.198611111111111072e+00 3.515679633733333892e-02 -8.755863414161584382e-03
5.199305555555555181e+00 3.511014641952848320e-02 -8.756545529360870370e-03
5.200000000000000178e+00 3.506331385989032434e-02 -8.757186403857699156e-03
5.200694444444444287e+00 3.501704269370799205e-02 -8.757868568506507745e-03
5.201388888888888395e+00 3.497047913941184888e-02 -8.758533655244505126e-03
5.202083333333333393e+00 3.492448353087620333e-02 -8.759167696557464480e-03
5.202777777777777501e+00 3.487821832039186831e-02 -8.759811560369564279e-03
5.203472222222222499e+00 3.483248174330802471e-02 -8.760408691467849035e-03
5.204166666666665719e+00 3.478640573602490710e-02 -8.761041569982211397e-03
5.204861111111111605e+00 3.474100765129958107e-02 -8.761649611832799528e-03
5.205555555555555713e+00 3.469546494207210313e-02 -8.762227239956761962e-03
5.206249999999999822e+00 3.465052052174463770e-02 -8.762820397323923052e-03
5.206944444444444819e+00 3.460546602493980856e-02 -8.763422799332128144e-03
5.207638888888888928e+00 3.456103930458748197e-02 -8.764007643290066055e-03
5.208333333333333037e+00 3.451653012118374025e-02 -8.764594116802429391e-03
5.209027777777778034e+00 3.447249765108858360e-02 -8.765170240244564773e-03
5.209722222222222143e+00 3.442812658790750380e-02 -8.765680821862329580e-03
5.210416666666666252e+00 3.438437371596472780e-02 -8.766239722766033110e-03
5.211111111111111249e+00 3.434036694483274393e-02 -8.766806757278767723e-03
5.211805555555555358e+00 3.429690193976786539e-02 -8.767358081375012033e-03
5.212499999999999467e+00 3.425315538385388658e-02 -8.767884633585670134e-03
5.213194444444444464e+00 3.421014232405843875e-02 -8.768421090439066160e-03
5.213888888888889461e+00 3.416710296434447014e-02 -8.768975101058389121e-03
5.214583333333332682e+00 3.412454311214890845e-02 -8.769467778871052263e-03
5.215277777777777679e+00 3.408163761209121595e-02 -8.769938535365515500e-03
5.215972222222222676e+00 3.403953582750689211e-02 -8.770439136910326491e-03
5.216666666666666785e+00 3.399733013809128762e-02 -8.770945450968082799e-03
5.217361111111110894e+00 3.395538313753907605e-02 -8.771402004479749229e-03
5.218055555555555891e+00 3.391303735132263769e-02 -8.771905665412863679e-03
5.218750000000000000e+00 3.387142495023216793e-02 -8.772383868034213869e-03
5.219444444444444109e+00 3.382979731067495971e-02 -8.772816526490218730e-03
5.220138888888889106e+00 3.378841356426302844e-02 -8.773308288372571109e-03
5.220833333333333215e+00 3.374656102419171244e-02 -8.773788767806328312e-03
5.221527777777777324e+00 3.370565980976233944e-02 -8.774206669873036921e-03
5.222222222222222321e+00 3.366497239911505485e-02 -8.774663159985074054e-03
5.222916666666666430e+00 3.362438062697930413e-02 -8.775110943047979145e-03
5.223611111111110539e+00 3.358311630782056384e-02 -8.775516452898561234e-03
5.224305555555555536e+00 3.354311614431680633e-02 -8.775963210088782648e-03
5.224999999999998757e+00 3.350330046964897918e-02 -8.776400405013155132e-03
5.225694444444444642e+00 3.346319446577904894e-02 -8.776779918442811565e-03
5.226388888888888751e+00 3.342217106191384957e-02 -8.777212896325469957e-03
5.227083333333333748e+00 3.338252027459265303e-02 -8.777627272001237158e-03
5.227777777777777857e+00 3.334326762517036968e-02 -8.778005587679290830e-03
5.228472222222221966e+00 3.330372014300635869e-02 -8.778427342028771729e-03
5.229166666666666963e+00 3.326326103337308437e-02 -8.778823368520068463e-03
5.229861111111111072e+00 3.322433644878615422e-02 -8.779225996184820274e-03
5.230555555555555181e+00 3.318596606714716013e-02 -8.779609446269742365e-03
5.231250000000000178e+00 3.314700861991663056e-02 -8.780012597158352514e-03
5.231944444444444287e+00 3.310705850500009900e-02 -8.780355583459964475e-03
5.232638888888888395e+00 3.306862017627593131e-02 -8.780735517664558371e-03
5.233333333333333393e+00 3.303072798961249890e-02 -8.781117839938484826e-03
5.234027777777777501e+00 3.299220327525648200e-02 -8.781479899188216962e-03
5.234722222222222499e+00 3.295268702204181416e-02 -8.781825299180034961e-03
5.235416666666665719e+00 3.291449565912576980e-02 -8.782179163231975880e-03
5.236111111111111605e+00 3.287705969875617112e-02 -8.782510390200413963e-03
5.236805555555555713e+00 3.510728242684462569e-02 -8.780677733807539659e-03
5.237499999999999822e+00 4.598260157508925194e-02 -8.772229394836232597e-03
5.238194444444444819e+00 4.047476407205238130e-02 -8.753743897580427979e-03
5.238888888888888928e+00 3.937506506164132475e-02 -8.727650550616422240e-03
5.239583333333333037e+00 3.869484844912948057e-02 -8.695774374942077251e-03
5.240277777777778034e+00 3.883938991788984940e-02 -8.655131376598741710e-03
5.240972222222222143e+00 3.877863093686315099e-02 -8.604024585414820833e-03
5.241666666666666252e+00 3.889519244607822501e-02 -8.542585403091013802e-03
5.242361111111111249e+00 3.908990082766080482e-02 -8.472378138323379687e-03
5.243055555555555358e+00 3.952420861039159655e-02 -8.392090314244161561e-03
5.243749999999999467e+00 4.018634808533882996e-02 -8.304333406988250940e-03
5.244444444444444464e+00 4.113720564167478583e-02 -8.207827811842314733e-03
5.245138888888889461e+00 4.242334811076869244e-02 -8.101998350110552541e-03
5.245833333333332682e+00 4.407110913633336541e-02 -7.985974183762794762e-03
5.246527777777777679e+00 4.613450557783597972e-02 -7.858011387625891270e-03
5.247222222222222676e+00 4.848340417051557466e-02 -7.719487976582838605e-03
5.247916666666666785e+00 5.104927730600216512e-02 -7.569123756617021290e-03
5.248611111111110894e+00 5.370957759312867952e-02 -7.407246732750421246e-03
5.249305555555555891e+00 5.633267392707376475e-02 -7.234877104970092315e-03
5.250000000000000000e+00 5.876984245820984082e-02 -7.051223770625566524e-03
5.250694444444444109e+00 6.076736189738284749e-02 -6.856687467625955518e-03
5.251388888888889106e+00 6.253839194707595806e-02 -6.653154116306069475e-03
5.252083333333333215e+00 6.415229811332810728e-02 -6.434526738381617442e-03
5.252777777777777324e+00 6.568881883567637137e-02 -6.204250003725344381e-03
5.253472222222222321e+00 6.721594633345824576e-02 -5.960715175798594542e-03
5.254166666666666430e+00 6.864374122139808854e-02 -5.706414171059283856e-03
5.254861111111110539e+00 7.014691586817960178e-02 -5.436125129544845322e-03
5.255555555555555536e+00 7.169609288583031481e-02 -5.150224241999163885e-03
5.256249999999998757e+00 7.327954752453415266e-02 -4.849958493506767269e-03
5.256944444444444642e+00 7.487071471227844943e-02 -4.523171813610619291e-03
5.257638888888888751e+00 7.634476372472280559e-02 -4.180361071075743007e-03
5.258333333333333748e+00 7.780140839364496630e-02 -3.833620024109343251e-03
5.259027777777777857e+00 7.922843745579595531e-02 -3.469826474087212703e-03
5.259722222222221966e+00 8.062688209612330070e-02 -3.086646739970256691e-03
5.260416666666666963e+00 8.199098733296948660e-02 -2.696687207572766830e-03
5.261111111111111072e+00 8.323525208990230351e-02 -2.290060242352443248e-03
5.261805555555555181e+00 8.445261447619456519e-02 -1.872623922660629665e-03
5.262500000000000178e+00 8.564971384793845788e-02 -1.440846495439245803e-03
5.263194444444444287e+00 8.680925933734978672e-02 -9.818269152186182187e-04
5.263888888888888395e+00 8.795425407163451337e-02 -4.942479922373217791e-04
5.264583333333333393e+00 8.902765172003535010e-02 2.143407358528513470e-05
5.265277777777777501e+00 9.011730848069750277e-02 5.542274398111280732e-04
5.265972222222222499e+00 9.120419879705495003e-02 1.098852230710003824e-03
5.266666666666665719e+00 9.232613213340640224e-02 1.661352216543765612e-03
5.267361111111111605e+00 9.347085482407538337e-02 2.230572381633757692e-03
5.268055555555555713e+00 9.457734676122409034e-02 2.817466074109275815e-03
5.268749999999999822e+00 9.572685360802762888e-02 3.429447008195618627e-03
5.269444444444444819e+00 9.693952903011963940e-02 4.060562777968488440e-03
5.270138888888888928e+00 9.818085109351191997e-02 4.708934039532314611e-03
5.270833333333333037e+00 9.947057303009647355e-02 5.381047378288672002e-03
5.271527777777778034e+00 1.006419594550639895e-01 6.071846416545999617e-03
5.272222222222222143e+00 1.018542255470664820e-01 6.775073742141566463e-03
5.272916666666666252e+00 1.030733432498877472e-01 7.507373429413741889e-03
5.273611111111111249e+00 1.043244892657539530e-01 8.257675145748440138e-03
5.274305555555555358e+00 1.055744899592282737e-01 9.021555230179754276e-03
5.274999999999999467e+00 1.068983005674659231e-01 9.782570629198459808e-03
5.275694444444444464e+00 1.082110749909329511e-01 1.055046656469724002e-02
5.276388888888889461e+00 1.095501546453981900e-01 1.135831039395305067e-02
5.277083333333332682e+00 1.108866208057195241e-01 1.218817344717701597e-02
5.277777777777777679e+00 1.122575791597070910e-01 1.303499211878033845e-02
5.278472222222222676e+00 1.135692108670241368e-01 1.388362879195512677e-02
5.279166666666666785e+00 1.149259423368025473e-01 1.470903839923204219e-02
5.279861111111110894e+00 1.162957767715074170e-01 1.555190326169455725e-02
5.280555555555555891e+00 1.177126850750781634e-01 1.640478895094500331e-02
5.281250000000000000e+00 1.191454713002657873e-01 1.725086214445997052e-02
5.281944444444444109e+00 1.206306688768511437e-01 1.812904240902830574e-02
5.282638888888889106e+00 1.221340622706693219e-01 1.904005095429873312e-02
5.283333333333333215e+00 1.236897873843053608e-01 1.996036579522036253e-02
5.284027777777777324e+00 1.252587337443268611e-01 2.087461449413573200e-02
5.284722222222222321e+00 1.268772589596382228e-01 2.181080353732059093e-02
5.285416666666666430e+00 1.284376383756196394e-01 2.276551637955019636e-02
5.286111111111110539e+00 1.300485349591581352e-01 2.371017269320292720e-02
5.286805555555555536e+00 1.316665666232297027e-01 2.464599396974626044e-02
5.287499999999998757e+00 1.333307517532730246e-01 2.559497564258563992e-02
5.288194444444444642e+00 1.349985302380192487e-01 2.654387728831412649e-02
5.288888888888888751e+00 1.366896314691398440e-01 2.750822320617927683e-02
5.289583333333333748e+00 1.383830372595322433e-01 2.845334445851413485e-02
5.290277777777777857e+00 1.401199856779554720e-01 2.939112352854603497e-02
5.290972222222221966e+00 1.418551838682656496e-01 3.034719702833614183e-02
5.291666666666666963e+00 1.436358626085650625e-01 3.133480957046494431e-02
5.292361111111111072e+00 1.454007100977176559e-01 3.234900942432749477e-02
5.293055555555555181e+00 1.472181683088678583e-01 3.336837924602419070e-02
5.293750000000000178e+00 1.490405170706684268e-01 3.439181615411247839e-02
5.294444444444444287e+00 1.509185018408420176e-01 3.542698051354243455e-02
5.295138888888888395e+00 1.528037482953831794e-01 3.648201301154645193e-02
5.295833333333333393e+00 1.547330188941085094e-01 3.751573731820426888e-02
5.296527777777777501e+00 1.566729464111072667e-01 3.852036683957818508e-02
5.297222222222222499e+00 1.586775243330260654e-01 3.955363781921036881e-02
5.297916666666665719e+00 1.606948023693985095e-01 4.061179617192599983e-02
5.298611111111111605e+00 1.627813020902636187e-01 4.166839971465973597e-02
5.299305555555555713e+00 1.648673271427734954e-01 4.270475530050833052e-02
5.299999999999999822e+00 1.670276852283783253e-01 4.373469561358882263e-02
5.300694444444444819e+00 1.692042833762301413e-01 4.478917840415440332e-02
5.301388888888888928e+00 1.714568325984283659e-01 4.584474956499010045e-02
5.302083333333333037e+00 1.737255182835350520e-01 4.692540880945825915e-02
5.302777777777778034e+00 1.760336905166092203e-01 4.801052200620162941e-02
5.303472222222222143e+00 1.783500365504906982e-01 4.906784713913801832e-02
5.304166666666666252e+00 1.807313563276280455e-01 5.014357909064755259e-02
5.304861111111111249e+00 1.831038424044888757e-01 5.126101122627711032e-02
5.305555555555555358e+00 1.855249198047814185e-01 5.237046706693523207e-02
5.306249999999999467e+00 1.879156392921092211e-01 5.348755369978646507e-02
5.306944444444444464e+00 1.903283016500569857e-01 5.462433877292668938e-02
5.307638888888889461e+00 1.926770123006817381e-01 5.575343310146710363e-02
5.308333333333332682e+00 1.950104434374068940e-01 5.688865690480528897e-02
5.309027777777777679e+00 1.972400859388235561e-01 5.797519779946340435e-02
5.309722222222222676e+00 1.994132151834397959e-01 5.904884836753512140e-02
5.310416666666666785e+00 2.014476241065779327e-01 6.019036359379565521e-02
5.311111111111110894e+00 2.033980125537593608e-01 6.137415431231658947e-02
5.311805555555555891e+00 2.051971175793215196e-01 6.252928650984769521e-02
5.312500000000000000e+00 2.069113772039033183e-01 6.366776108050982430e-02
5.313194444444444109e+00 2.083299706458415224e-01 6.482592013574042800e-02
5.313888888888889106e+00 2.096733467972616560e-01 6.595673850996443266e-02
5.314583333333333215e+00 2.108968771509103501e-01 6.707516747981843996e-02
5.315277777777777324e+00 2.120667970576705641e-01 6.825457127613887565e-02
5.315972222222222321e+00 2.131441811555280785e-01 6.940802907883616979e-02
5.316666666666666430e+00 2.142842725210075960e-01 7.055082829522865695e-02
5.317361111111110539e+00 2.153585198214282848e-01 7.169576973197974712e-02
5.318055555555555536e+00 2.164280544684419050e-01 7.284942844612572743e-02
5.318749999999998757e+00 2.174537086514392870e-01 7.408885133080642116e-02
5.319444444444444642e+00 2.184886175428266408e-01 7.533900655550210268e-02
5.320138888888888751e+00 2.194409249902608272e-01 7.656395713403753300e-02
5.320833333333333748e+00 2.204100995702412413e-01 7.773660236472333673e-02
5.321527777777777857e+00 2.213504373686418503e-01 7.884063691063562807e-02
5.322222222222221966e+00 2.223123785874288050e-01 7.997459643148457920e-02
5.322916666666666963e+00 2.232481821603489180e-01 8.113477653826528524e-02
5.323611111111111072e+00 2.241631218228341826e-01 8.233071045856832360e-02
5.324305555555555181e+00 2.250589449226648719e-01 8.354678972741559628e-02
5.325000000000000178e+00 2.259847383407057875e-01 8.472848065267166162e-02
5.325694444444444287e+00 2.268920969511745711e-01 8.594051453670900620e-02
5.326388888888888395e+00 2.278305655123098183e-01 8.713939547888620296e-02
5.327083333333333393e+00 2.287475267946007529e-01 8.832690960094752297e-02
5.327777777777777501e+00 2.296928173905743997e-01 8.954428595382132872e-02
5.328472222222222499e+00 2.306137685655985647e-01 9.074119308278848217e-02
5.329166666666665719e+00 2.315624372095044514e-01 9.194589381504897352e-02
5.329861111111111605e+00 2.324875869373629056e-01 9.318806842501406451e-02
5.330555555555555713e+00 2.334436604068690913e-01 9.437668152868086691e-02
5.331249999999999822e+00 2.343778295689069036e-01 9.550695994819496937e-02
5.331944444444444819e+00 2.353444332328968325e-01 9.670405342690129025e-02
5.332638888888888928e+00 2.362903031295633394e-01 9.795821701313046914e-02
5.333333333333333037e+00 2.372704348046320577e-01 9.922963594255118647e-02
5.334027777777777146e+00 2.382062085427753551e-01 1.004216656041950900e-01
5.334722222222222143e+00 2.391821224894902786e-01 1.015598863467920554e-01
5.335416666666667140e+00 2.401424608212844036e-01 1.027487725614647518e-01
5.336111111111111249e+00 2.411423832133240686e-01 1.039963516673465260e-01
5.336805555555556246e+00 2.421259002157505058e-01 1.052894596293722507e-01
5.337499999999999467e+00 2.431336777259196225e-01 1.065311383144821461e-01
5.338194444444444464e+00 2.441265101461522202e-01 1.077776494440899901e-01
5.338888888888888573e+00 2.451614393844686601e-01 1.090643500179585140e-01
5.339583333333333570e+00 2.461822913471460594e-01 1.102076094308642729e-01
5.340277777777777679e+00 2.472479002211505628e-01 1.113214295788717972e-01
5.340972222222222676e+00 2.482970087854921848e-01 1.125303485391324354e-01
5.341666666666665897e+00 2.493915493522874949e-01 1.137689768016370007e-01
5.342361111111110894e+00 2.504724280752662069e-01 1.150137480146165431e-01
5.343055555555555003e+00 2.515975484796088013e-01 1.161847495050343793e-01
5.343750000000000000e+00 2.527075067245238560e-01 1.174120476342979114e-01
5.344444444444444109e+00 2.538656380845120686e-01 1.187033607574213973e-01
5.345138888888889106e+00 2.550082430213295170e-01 1.198871763184705813e-01
5.345833333333334103e+00 2.561978763974472884e-01 1.210446746848924809e-01
5.346527777777777324e+00 2.573741944523973424e-01 1.222460802459169743e-01
5.347222222222222321e+00 2.586004830859121029e-01 1.234511046687753882e-01
5.347916666666666430e+00 2.598088852658496650e-01 1.246555519939359646e-01
5.348611111111111427e+00 2.610697697432702302e-01 1.258523489560918474e-01
5.349305555555555536e+00 2.623157080797778318e-01 1.270528195229786161e-01
5.350000000000000533e+00 2.636091638453447183e-01 1.282846541905645343e-01
5.350694444444443754e+00 2.648875447939107453e-01 1.295343940377980119e-01
5.351388888888888751e+00 2.661755976470615570e-01 1.307904740031751722e-01
5.352083333333332860e+00 2.674413614376587311e-01 1.320307482865581694e-01
5.352777777777777857e+00 2.687530963038282650e-01 1.332211025034017171e-01
5.353472222222221966e+00 2.700400312897891508e-01 1.343602678720553778e-01
5.354166666666666963e+00 2.713667417552772521e-01 1.355460039338941269e-01
5.354861111111110183e+00 2.726417601698117865e-01 1.368200704014925773e-01
5.355555555555555181e+00 2.739559745985927219e-01 1.379633645401535103e-01
5.356250000000000178e+00 2.752343367485953207e-01 1.390185331835771532e-01
5.356944444444444287e+00 2.765424234870164644e-01 1.401897333399860224e-01
5.357638888888889284e+00 2.778064538345434431e-01 1.415004352935209653e-01
5.358333333333333393e+00 2.783936154807883923e-01 1.428556652598591825e-01
5.359027777777778390e+00 2.790246157815947092e-01 1.439612654530202929e-01
5.359722222222221610e+00 2.797212099259596130e-01 1.448704333388239063e-01
5.360416666666666607e+00 2.804072661086515206e-01 1.459509790167330956e-01
5.361111111111110716e+00 2.811268337821281049e-01 1.472796693000321122e-01
5.361805555555555713e+00 2.701787541233275358e-01 1.486078530416170274e-01
5.362499999999999822e+00 2.501067223982857968e-01 1.495853946807671198e-01
5.363194444444444819e+00 2.440165888529670923e-01 1.503004253739662621e-01
5.363888888888888040e+00 2.223052718483564671e-01 1.510526700024735214e-01
5.364583333333333037e+00 2.027094490986231234e-01 1.515888803930132978e-01
5.365277777777777146e+00 2.076451572770999787e-01 1.517859146883097088e-01
5.365972222222222143e+00 2.137092382623630993e-01 1.520454919684433304e-01
5.366666666666667140e+00 2.182201805915562898e-01 1.524638845528817621e-01
5.367361111111111249e+00 2.228825796663903847e-01 1.528485380005977778e-01
5.368055555555556246e+00 2.271233888472250217e-01 1.531976634369795476e-01
5.368749999999999467e+00 2.525138339367731799e-01 1.534344800251354612e-01
5.369444444444444464e+00 2.697646217329980334e-01 1.536646511841247287e-01
5.370138888888888573e+00 2.805180840076951232e-01 1.541085246017524502e-01
5.370833333333333570e+00 3.029639574170823746e-01 1.547209118958326191e-01
5.371527777777777679e+00 3.069781519736738962e-01 1.554730857269402966e-01
5.372222222222222676e+00 3.089193193705321860e-01 1.562302821393037888e-01
5.372916666666665897e+00 3.063744986888009558e-01 1.569583506280291252e-01
5.373611111111110894e+00 3.068206734091840637e-01 1.577670453725823485e-01
5.374305555555555003e+00 3.061581871435332114e-01 1.585679489942254938e-01
5.375000000000000000e+00 3.063372542641842333e-01 1.593519574025664687e-01
5.375694444444444109e+00 3.062397920587315858e-01 1.601314557325369536e-01
5.376388888888889106e+00 3.064322328288469621e-01 1.608609659565551353e-01
5.377083333333334103e+00 3.065990807879359070e-01 1.616145353047037381e-01
5.377777777777777324e+00 3.069249725511113969e-01 1.623354178477134924e-01
5.378472222222222321e+00 3.072740606973297095e-01 1.631209370018298910e-01
5.379166666666666430e+00 3.077386604649854362e-01 1.639584177282058242e-01
5.379861111111111427e+00 3.082249906496469238e-01 1.646703773365528756e-01
5.380555555555555536e+00 3.088070930344447573e-01 1.654230795814305710e-01
5.381250000000000533e+00 3.094072996633068229e-01 1.662635121891002654e-01
5.381944444444443754e+00 3.100989372051593529e-01 1.670506286037901078e-01
5.382638888888888751e+00 3.107452449417384410e-01 1.678486661940438440e-01
5.383333333333332860e+00 3.114610861165578726e-01 1.686011880611140157e-01
5.384027777777777857e+00 3.121743396058807019e-01 1.694518653396644425e-01
5.384722222222221966e+00 3.129511946907430620e-01 1.703783665733051289e-01
5.385416666666666963e+00 3.137190139306326730e-01 1.711952422656849160e-01
5.386111111111110183e+00 3.145936809948779445e-01 1.719213065676479524e-01
5.386805555555555181e+00 3.154482793033148158e-01 1.725763292119227299e-01
5.387500000000000178e+00 3.163479269839664654e-01 1.733909507818887086e-01
5.388194444444444287e+00 3.172242442972361132e-01 1.743594650727258721e-01
5.388888888888889284e+00 3.181464214356045095e-01 1.752133156876698739e-01
5.389583333333333393e+00 3.189882565241460854e-01 1.760047213469239091e-01
5.390277777777778390e+00 3.198746174346248639e-01 1.768264500323502575e-01
5.390972222222221610e+00 3.207356164516108610e-01 1.776219036169137955e-01
5.391666666666666607e+00 3.216365914002493609e-01 1.784045189675157461e-01
5.392361111111110716e+00 3.225044211167449881e-01 1.792200452530073596e-01
5.393055555555555713e+00 3.234060299061838339e-01 1.801411361597247129e-01
5.393749999999999822e+00 3.242699004156810449e-01 1.810866725903456931e-01
5.394444444444444819e+00 3.251686692354460173e-01 1.819859305568015673e-01
5.395138888888888040e+00 3.260379449386586748e-01 1.829030486604715233e-01
5.395833333333333037e+00 3.269500991644619381e-01 1.838538320380738167e-01
5.396527777777777146e+00 3.278366263695043914e-01 1.849804954222429576e-01
5.397222222222222143e+00 3.287661810682726560e-01 1.860854406071835720e-01
5.397916666666667140e+00 3.296690458172475968e-01 1.870472412229350345e-01
5.398611111111111249e+00 3.306187262089477774e-01 1.881114342353610580e-01
5.399305555555556246e+00 3.315500794648002514e-01 1.893132263497741830e-01
5.399999999999999467e+00 3.325414791346787413e-01 1.905037938841911416e-01
5.400694444444444464e+00 3.335307462860124250e-01 1.917719849673654442e-01
5.401388888888888573e+00 3.346017567704995810e-01 1.931392186362588526e-01
5.402083333333333570e+00 3.356949418359395088e-01 1.945088780451881549e-01
5.402777777777777679e+00 3.368996009176314366e-01 1.959043741153384810e-01
5.403472222222222676e+00 3.380933808829938436e-01 1.973346711538502829e-01
5.404166666666665897e+00 3.394294353780854534e-01 1.988794077880065569e-01
5.404861111111110894e+00 3.408302297802897618e-01 2.003509147152293945e-01
5.405555555555555003e+00 3.423725929904015142e-01 2.017400753625747112e-01
5.406250000000000000e+00 3.439598938059740818e-01 2.032920492971653226e-01
5.406944444444444109e+00 3.457126472515923421e-01 2.047972733939725787e-01
5.407638888888889106e+00 3.474469637239370745e-01 2.062147103723508956e-01
5.408333333333334103e+00 3.492128035914297546e-01 2.076557038320293314e-01
5.409027777777777324e+00 3.508822700268883765e-01 2.090175736668949957e-01
5.409722222222222321e+00 3.525041029433557127e-01 2.104546620057154427e-01
5.410416666666666430e+00 3.538954537868855277e-01 2.118650401934465688e-01
5.411111111111111427e+00 3.551904150932851389e-01 2.131387538499288081e-01
5.411805555555555536e+00 3.562874858553103929e-01 2.142805897381880320e-01
5.412500000000000533e+00 3.572824771834522406e-01 2.153554373641118902e-01
5.413194444444443754e+00 3.580987163360170866e-01 2.165774144685736757e-01
5.413888888888888751e+00 3.588474043873254860e-01 2.178093061386850160e-01
5.414583333333332860e+00 3.594608188037167196e-01 2.190011394220390262e-01
5.415277777777777857e+00 3.600503868080153214e-01 2.202328826114081095e-01
5.415972222222221966e+00 3.605489496994286336e-01 2.212606610744974056e-01
5.416666666666666963e+00 3.610601485517271891e-01 2.221687683398286539e-01
5.417361111111110183e+00 3.615089448939940442e-01 2.232064692476351531e-01
5.418055555555555181e+00 3.619911963977002767e-01 2.242935251255814555e-01
5.418750000000000178e+00 3.624271539628611816e-01 2.254734713196591134e-01
5.419444444444444287e+00 3.629096793483878591e-01 2.265657573108330047e-01
5.420138888888889284e+00 3.633539283750684690e-01 2.275130318185882017e-01
5.420833333333333393e+00 3.638483883216411252e-01 2.285608582198051797e-01
5.421527777777778390e+00 3.643064955701288965e-01 2.294967378115167211e-01
5.422222222222221610e+00 3.648162471169680288e-01 2.304251957150690033e-01
5.422916666666666607e+00 3.652885837790273427e-01 2.315540519451135537e-01
5.423611111111110716e+00 3.658134361238055132e-01 2.327087238632176980e-01
5.424305555555555713e+00 3.662385421899010951e-01 2.337620229732250698e-01
5.424999999999999822e+00 3.667239246898804095e-01 2.346330715181972615e-01
5.425694444444444819e+00 3.671719617876038066e-01 2.354643724866229970e-01
5.426388888888888040e+00 3.676758518770118500e-01 2.363983197484128274e-01
5.427083333333333037e+00 3.681411924872206032e-01 2.374206134935821777e-01
5.427777777777777146e+00 3.687235244926562183e-01 2.383379898046521506e-01
5.428472222222222143e+00 3.692515496596825986e-01 2.392612705840644338e-01
5.429166666666667140e+00 3.698270961846584215e-01 2.402573608947504158e-01
5.429861111111111249e+00 3.703561517883637300e-01 2.411974593387289922e-01
5.430555555555556246e+00 3.709367635524716822e-01 2.420799914525674779e-01
5.431249999999999467e+00 3.714048654935773741e-01 2.430385357496495091e-01
5.431944444444444464e+00 3.719269484654669222e-01 2.440267115267080733e-01
5.432638888888888573e+00 3.723957052034663762e-01 2.448926140439564858e-01
5.433333333333333570e+00 3.729167624492287780e-01 2.457588101895549215e-01
5.434027777777777679e+00 3.733868505196976106e-01 2.466279668604652586e-01
5.434722222222222676e+00 3.739080791351931943e-01 2.475541624203259905e-01
5.435416666666665897e+00 3.743822087461231574e-01 2.484589271502878893e-01
5.436111111111110894e+00 3.749121150761238197e-01 2.493737133124162841e-01
5.436805555555555003e+00 3.753927500642781911e-01 2.503815416107356695e-01
5.437500000000000000e+00 3.759300204502749043e-01 2.513523492614676558e-01
5.438194444444444109e+00 3.764709387627912518e-01 2.522736389331094453e-01
5.438888888888889106e+00 3.770616983777810294e-01 2.530728048587847501e-01
5.439583333333334103e+00 3.775990762825712777e-01 2.539004538758520280e-01
5.440277777777777324e+00 3.781930922181495625e-01 2.549199162194021873e-01
5.440972222222222321e+00 3.787328247818275151e-01 2.559520104607095337e-01
5.441666666666666430e+00 3.792730209141516595e-01 2.569119756173438018e-01
5.442361111111111427e+00 3.797706106455060460e-01 2.575028182248501607e-01
5.443055555555555536e+00 3.803266477850569816e-01 2.581785623517901529e-01
5.443750000000000533e+00 3.808331901463665181e-01 2.592987929608170927e-01
5.444444444444443754e+00 3.814036720192654495e-01 2.604760062359449124e-01
5.445138888888888751e+00 3.819244008990775319e-01 2.616191086096597007e-01
5.445833333333332860e+00 3.825076730817133508e-01 2.623204555379047287e-01
5.446527777777777857e+00 3.830349494804559107e-01 2.629549517313172213e-01
5.447222222222221966e+00 3.836223559900457381e-01 2.639214441829725311e-01
5.447916666666666963e+00 3.841568475542407879e-01 2.648675315047622214e-01
5.448611111111110183e+00 3.847508771404770100e-01 2.658928702826314217e-01
5.449305555555555181e+00 3.852920683335401830e-01 2.668644865375928155e-01
5.450000000000000178e+00 3.858954192852134257e-01 2.677358574590144591e-01
5.450694444444444287e+00 3.864472980894647636e-01 2.685823068147407122e-01
5.451388888888889284e+00 3.870578730451488259e-01 2.693638979407766976e-01
5.452083333333333393e+00 3.875553143376152532e-01 2.701520952437111434e-01
5.452777777777778390e+00 3.881171755396022882e-01 2.711228448436675542e-01
5.453472222222221610e+00 3.886241049207196929e-01 2.721341841951058771e-01
5.454166666666666607e+00 3.891828198568397790e-01 2.729891886326268891e-01
5.454861111111110716e+00 3.896753038823459470e-01 2.738545910715142195e-01
5.455555555555555713e+00 3.902766777295093581e-01 2.747234757099548674e-01
5.456249999999999822e+00 3.908071832018484293e-01 2.755981100664693928e-01
5.456944444444444819e+00 3.913830023340613695e-01 2.763806765703482604e-01
5.457638888888888040e+00 3.918872461370219717e-01 2.771990836475056730e-01
5.458333333333333037e+00 3.924371128239659834e-01 2.780950799587686428e-01
5.459027777777777146e+00 3.928652417732665936e-01 2.789063734319352506e-01
5.459722222222222143e+00 3.933499755619290772e-01 2.797510459380035397e-01
5.460416666666667140e+00 3.937718243016390396e-01 2.805215231081135685e-01
5.461111111111111249e+00 3.942469245973762582e-01 2.813284624211552787e-01
5.461805555555556246e+00 3.946587787652622303e-01 2.822608086769139435e-01
5.462499999999999467e+00 3.951762141450340104e-01 2.829825006161413303e-01
5.463194444444444464e+00 3.956259510997530149e-01 2.838021509900303108e-01
5.463888888888888573e+00 3.961250700788105927e-01 2.847851389978200976e-01
5.464583333333333570e+00 3.965567349545394693e-01 2.854353485821016223e-01
5.465277777777777679e+00 3.970403583714126050e-01 2.861434957181630545e-01
5.465972222222222676e+00 3.974159083912109924e-01 2.870470982177176777e-01
5.466666666666665897e+00 3.978477184410246226e-01 2.879152591426213936e-01
5.467361111111110894e+00 3.982143336972767123e-01 2.887709904699394814e-01
5.468055555555555003e+00 3.986361816999357544e-01 2.894700070904971390e-01
5.468750000000000000e+00 3.989918019703243002e-01 2.902211805793417088e-01
5.469444444444444109e+00 3.994019283764885242e-01 2.911245389166284836e-01
5.470138888888889106e+00 3.997482063987600753e-01 2.917820702108755992e-01
5.470833333333334103e+00 4.001536563144489911e-01 2.924810180271908977e-01
5.471527777777777324e+00 4.004967355066399448e-01 2.933614679805195413e-01
5.472222222222222321e+00 4.008951683093738283e-01 2.939956216284470014e-01
5.472916666666666430e+00 4.012289138511817566e-01 2.947026366962335331e-01
5.473611111111111427e+00 4.016205986449098986e-01 2.956030955708374153e-01
5.474305555555555536e+00 4.019500672054805435e-01 2.962086079358669521e-01
5.475000000000000533e+00 4.023393193504449239e-01 2.968909155059881178e-01
5.475694444444443754e+00 4.026682166702825749e-01 2.977806495047926050e-01
5.476388888888888751e+00 4.030540624563392904e-01 2.982484371069881179e-01
5.477083333333332860e+00 4.033743393872742389e-01 2.986784928094562419e-01
5.477777777777777857e+00 4.037506799067792085e-01 2.994689055886423090e-01
5.478472222222221966e+00 4.040609897846088039e-01 3.002226145549312664e-01
5.479166666666666963e+00 4.044278939574784681e-01 3.009379270994326783e-01
5.479861111111110183e+00 4.048653169584803813e-01 3.016411607629539970e-01
5.480555555555555181e+00 4.053441953120141550e-01 3.024873136352895231e-01
5.481250000000000178e+00 4.057537435134822013e-01 3.034087375666444930e-01
5.481944444444444287e+00 4.062159666187667439e-01 3.040114146077269597e-01
5.482638888888889284e+00 4.066079230988456916e-01 3.046234517047141099e-01
5.483333333333333393e+00 4.069309624818728821e-01 3.053119556662319822e-01
5.484027777777778390e+00 4.072045071561573026e-01 3.059766844157778554e-01
5.484722222222221610e+00 4.075399229976094384e-01 3.067716267228424165e-01
5.485416666666666607e+00 4.078161274235677647e-01 3.074134412284204587e-01
5.486111111111110716e+00 4.081607456303523174e-01 3.080227441491166229e-01
5.486805555555555713e+00 4.084038789836468841e-01 3.088258046422870939e-01
5.487499999999999822e+00 4.087136716249386570e-01 3.094871331831456351e-01
5.488194444444444819e+00 4.089647447857445162e-01 3.101521326807710754e-01
5.488888888888888040e+00 4.092781980631697847e-01 3.108700348892042276e-01
5.489583333333333037e+00 4.095296544212415069e-01 3.113794064987910337e-01
5.490277777777777146e+00 4.098821925180476944e-01 3.118934908537507877e-01
5.490972222222222143e+00 4.101693160323286458e-01 3.124721885620677098e-01
5.491666666666667140e+00 4.105164813023136072e-01 3.131650826852747094e-01
5.492361111111111249e+00 4.107990979114942709e-01 3.139034522298403407e-01
5.493055555555556246e+00 4.111426960615836013e-01 3.145957590795857017e-01
5.493749999999999467e+00 4.114230160595255814e-01 3.152846744810023916e-01
5.494444444444444464e+00 4.117641768536857150e-01 3.159022543385852089e-01
5.495138888888888573e+00 4.120414648672641178e-01 3.164231001891916750e-01
5.495833333333333570e+00 4.123783086939548648e-01 3.170018436748174850e-01
5.496527777777777679e+00 4.126512864388334756e-01 3.177228702141396965e-01
5.497222222222222676e+00 4.129477954089895708e-01 3.183495765447850734e-01
5.497916666666665897e+00 4.131837482095747083e-01 3.190128726645290458e-01
5.498611111111110894e+00 4.134822593071340036e-01 3.197881451160349831e-01
5.499305555555555003e+00 4.137175996864785321e-01 3.202723985415960040e-01
5.500000000000000000e+00 4.140143656629943769e-01 3.207508924065857747e-01
5.500694444444444109e+00 4.142470629364287116e-01 3.214312957438015816e-01
5.501388888888889106e+00 4.145408275285938915e-01 3.220795024832397435e-01
5.502083333333334103e+00 4.147701758047032117e-01 3.227475131807403530e-01
5.502777777777777324e+00 4.150604218613426766e-01 3.232854243484008516e-01
5.503472222222222321e+00 4.152857608236049103e-01 3.238738882222768622e-01
5.504166666666666430e+00 4.155717514947169788e-01 3.246173764463175515e-01
5.504861111111111427e+00 4.157926752442660523e-01 3.250882712324827395e-01
5.505555555555555536e+00 4.160743172541194190e-01 3.255875894934819881e-01
5.506250000000000533e+00 4.162907032005845331e-01 3.262289296881112910e-01
5.506944444444443754e+00 4.165677495098905059e-01 3.268087067298633963e-01
5.507638888888888751e+00 4.167794857794362429e-01 3.274870287976360261e-01
5.508333333333332860e+00 4.170519999672404610e-01 3.281549218019789160e-01
5.509027777777777857e+00 4.172590562256617286e-01 3.285939839576187405e-01
5.509722222222221966e+00 4.175268394050911658e-01 3.290459316390639266e-01
5.510416666666666963e+00 4.177290179013204985e-01 3.297153012160533025e-01
5.511111111111110183e+00 4.004273619670676299e-01 3.300016660652388967e-01
5.511805555555555181e+00 3.821356160478349695e-01 3.298262441404390954e-01
5.512500000000000178e+00 3.812192361207309421e-01 3.299720230072964444e-01
5.513194444444444287e+00 3.551133376779171957e-01 3.303431583511782232e-01
5.513888888888889284e+00 3.486573220344333368e-01 3.304076007199057696e-01
5.514583333333333393e+00 3.432936767346706497e-01 3.301163584934190820e-01
5.515277777777778390e+00 3.352850394010925550e-01 3.298009187389761010e-01
5.515972222222221610e+00 3.268540999677892467e-01 3.293859399493448414e-01
5.516666666666666607e+00 3.171810085844624649e-01 3.286584773481505128e-01
5.517361111111110716e+00 3.049425285636531147e-01 3.279748223825850739e-01
5.518055555555555713e+00 3.110917233597624842e-01 3.274631261376309554e-01
5.518749999999999822e+00 3.161006385605506508e-01 3.267492774948432266e-01
5.519444444444444819e+00 3.208209967050218436e-01 3.258272940400906981e-01
5.520138888888888040e+00 3.250072793292437812e-01 3.248784466707223539e-01
5.520833333333333037e+00 3.288617264899368897e-01 3.238157270265920040e-01
5.521527777777777146e+00 3.416829124840126686e-01 3.226661894487833360e-01
5.522222222222222143e+00 3.511971431408943412e-01 3.217541305442958577e-01
5.522916666666667140e+00 3.605116271464818278e-01 3.209851843781948433e-01
5.523611111111111249e+00 3.681299828088706594e-01 3.199445264549586887e-01
5.524305555555556246e+00 3.725927384813558230e-01 3.187706433135738537e-01
5.524999999999999467e+00 3.836044228635451248e-01 3.178672556489564593e-01
5.525694444444444464e+00 4.080860712426071513e-01 3.171502971583901043e-01
5.526388888888888573e+00 4.098808792433397685e-01 3.163761002081281193e-01
5.527083333333333570e+00 4.222885228209319886e-01 3.156455863850425869e-01
5.527777777777777679e+00 4.420813563283774728e-01 3.151989348832331395e-01
5.528472222222222676e+00 4.320558385048800520e-01 3.150335259086086137e-01
5.529166666666665897e+00 4.305195229672559853e-01 3.146753768759474879e-01
5.529861111111110894e+00 4.259595887998072206e-01 3.142092119507194914e-01
5.530555555555555003e+00 4.238338485505635522e-01 3.139195486195442419e-01
5.531250000000000000e+00 4.212141181662472644e-01 3.136150956735263007e-01
5.531944444444444109e+00 4.194889612327384332e-01 3.131045839426659372e-01
5.532638888888889106e+00 4.178120980467173728e-01 3.127410094818859898e-01
5.533333333333334103e+00 4.166016958936600845e-01 3.124256607193692248e-01
5.534027777777777324e+00 4.155236323031482049e-01 3.119334796553535627e-01
5.534722222222222321e+00 4.147425845436134573e-01 3.114538899395182803e-01
5.535416666666666430e+00 4.141127679184958832e-01 3.111742684405729986e-01
5.536111111111111427e+00 4.136992939343121511e-01 3.108879919872812869e-01
5.536805555555555536e+00 4.133420769243740800e-01 3.105775039544669269e-01
5.537500000000000533e+00 4.131578955277506737e-01 3.105765173938865864e-01
5.538194444444443754e+00 4.130004662055747899e-01 3.101315207771816462e-01
5.538888888888888751e+00 3.974080527098049487e-01 3.094091873530275816e-01
5.539583333333332860e+00 3.803951209542958400e-01 3.095256905340844078e-01
5.540277777777777857e+00 3.788285032822307774e-01 3.103938526362051697e-01
5.540972222222221966e+00 3.629254320331185002e-01 3.099923738445486965e-01
5.541666666666666963e+00 3.467165994763315995e-01 3.080839354770627536e-01
5.542361111111110183e+00 3.466960628973819181e-01 3.066376664404436014e-01
5.543055555555555181e+00 3.387866619295607507e-01 3.057313888809191638e-01
5.543750000000000178e+00 3.300997392954925225e-01 3.045892989885571334e-01
5.544444444444444287e+00 3.208601249900580599e-01 3.034249460213689908e-01
5.545138888888889284e+00 3.093149177044834941e-01 3.025439004357736716e-01
5.545833333333333393e+00 3.189181049055049288e-01 3.018665221358314832e-01
5.546527777777778390e+00 3.278609577714964862e-01 3.012068032046394950e-01
5.547222222222221610e+00 3.348960391245292545e-01 3.003820451455819773e-01
5.547916666666666607e+00 3.413454506058983262e-01 2.994613268640210491e-01
5.548611111111110716e+00 3.472550539666091618e-01 2.984465734888956945e-01
5.549305555555555713e+00 3.347971327510233519e-01 2.971805396841010749e-01
5.549999999999999822e+00 3.217722630366365300e-01 2.960076843830477533e-01
5.550694444444444819e+00 3.063920636021212340e-01 2.950870240651101706e-01
5.551388888888888040e+00 2.940274711322948820e-01 2.941553046015437101e-01
5.552083333333333037e+00 2.775100088577803770e-01 2.932442050415198787e-01
5.552777777777777146e+00 2.866258361590803272e-01 2.920847902653787020e-01
5.553472222222222143e+00 2.957189820235232025e-01 2.908181850916772837e-01
5.554166666666667140e+00 3.024817392279277040e-01 2.897873119776817052e-01
5.554861111111111249e+00 3.086610152924439410e-01 2.890974128658949094e-01
5.555555555555556246e+00 3.141019225780994906e-01 2.884639467232075205e-01
5.556249999999999467e+00 3.156209423249343171e-01 2.875320606560594627e-01
5.556944444444444464e+00 3.171077432322286227e-01 2.863702849002711659e-01
5.557638888888888573e+00 3.186055483479875439e-01 2.852602322925578693e-01
5.558333333333333570e+00 3.200742435369494654e-01 2.842008594397866794e-01
5.559027777777777679e+00 3.214819759548598332e-01 2.831280196680718841e-01
5.559722222222222676e+00 3.130017517929205573e-01 2.820208571220706451e-01
5.560416666666665897e+00 3.057525236029774995e-01 2.809793667862847122e-01
5.561111111111110894e+00 2.986320838575172165e-01 2.798742450984992303e-01
5.561805555555555003e+00 2.907967287088714103e-01 2.785099277783302241e-01
5.562500000000000000e+00 2.818432571705694056e-01 2.771058960581309627e-01
5.563194444444444109e+00 3.316904842549443511e-01 2.758121370967059893e-01
5.563888888888889106e+00 3.680963238395786319e-01 2.745858894255227001e-01
5.564583333333334103e+00 3.857128223225368413e-01 2.733336811983571590e-01
5.565277777777777324e+00 4.228330641286192626e-01 2.721383663296247368e-01
5.565972222222222321e+00 4.355466166700264763e-01 2.712131762409962787e-01
5.566666666666666430e+00 4.370739398443723722e-01 2.704662833892642615e-01
5.567361111111111427e+00 4.272500368561378270e-01 2.698028168533290194e-01
5.568055555555555536e+00 4.261626289749478325e-01 2.690681824950381662e-01
5.568750000000000533e+00 4.222856749337603466e-01 2.682455101117465768e-01
5.569444444444443754e+00 4.210902227295430511e-01 2.675158689211172836e-01
5.570138888888888751e+00 4.195002496372985390e-01 2.667893050246138986e-01
5.570833333333332860e+00 4.189243860755299531e-01 2.659891778781437455e-01
5.571527777777777857e+00 4.184016230835155281e-01 2.652760552994062881e-01
5.572222222222221966e+00 4.183009215516508839e-01 2.645171282031663074e-01
5.572916666666666963e+00 4.182121987685287756e-01 2.637020859356593583e-01
5.573611111111110183e+00 4.183239211571664895e-01 2.631016216317876855e-01
5.574305555555555181e+00 4.183028408836242384e-01 2.625548060197966938e-01
5.575000000000000178e+00 4.183046021186632712e-01 2.619330891355077795e-01
5.575694444444444287e+00 4.181562296220193153e-01 2.613704491766362104e-01
5.576388888888889284e+00 4.180053138048792638e-01 2.609658826955295052e-01
5.577083333333333393e+00 4.176590709891291331e-01 2.607292892578513821e-01
5.577777777777778390e+00 4.173302863845869126e-01 2.603987957774198114e-01
5.578472222222221610e+00 4.169083467274179999e-01 2.600490533751018130e-01
5.579166666666666607e+00 4.165382837943791827e-01 2.600290199795158852e-01
5.579861111111110716e+00 4.160983246112902600e-01 2.602257230634831831e-01
5.580555555555555713e+00 3.917433061121704529e-01 2.603924839754058196e-01
5.581249999999999822e+00 3.816498777149418542e-01 2.603088027537399096e-01
5.581944444444444819e+00 3.633098146280771545e-01 2.600235137971013688e-01
5.582638888888888040e+00 3.453244343365201585e-01 2.597771533133651500e-01
5.583333333333333037e+00 3.334076579702547338e-01 2.594956096706272919e-01
5.584027777777777146e+00 3.543988758923955484e-01 2.592478898164915502e-01
5.584722222222222143e+00 3.694467471081624987e-01 2.591774474201685163e-01
5.585416666666667140e+00 4.006447973372944116e-01 2.592296606190887531e-01
5.586111111111111249e+00 4.018495414595328885e-01 2.595038323462903196e-01
5.586805555555556246e+00 4.309675159877270900e-01 2.599292550371075650e-01
5.587499999999999467e+00 4.241019732227051531e-01 2.604715362193616435e-01
5.588194444444444464e+00 4.237420538218293897e-01 2.612146323124364677e-01
5.588888888888888573e+00 4.214432472494543669e-01 2.621105381319541738e-01
5.589583333333333570e+00 4.208461816177049286e-01 2.630180398254040042e-01
5.590277777777777679e+00 4.200937265445938706e-01 2.638679542154220847e-01
5.590972222222222676e+00 4.199107663531462808e-01 2.647561122879800721e-01
5.591666666666665897e+00 4.200350884952859798e-01 2.658136292851902005e-01
5.592361111111110894e+00 4.204941336774755123e-01 2.668265689910452876e-01
5.593055555555555003e+00 4.213140347161676846e-01 2.678300275648936024e-01
5.593750000000000000e+00 4.223619837478468919e-01 2.690422816973144227e-01
5.594444444444444109e+00 4.238123338366631132e-01 2.703046022045976771e-01
5.595138888888889106e+00 4.253975175207013737e-01 2.714691392132876357e-01
5.595833333333334103e+00 4.272357272230036807e-01 2.727321319946205413e-01
5.596527777777777324e+00 4.291369807161073413e-01 2.741734766322257988e-01
5.597222222222222321e+00 4.312258174591079296e-01 2.754488829089867252e-01
5.597916666666666430e+00 4.331870741952976722e-01 2.768107042067290968e-01
5.598611111111111427e+00 4.352252923939144424e-01 2.783084360230271836e-01
5.599305555555555536e+00 4.371141632548573019e-01 2.797180662400262641e-01
5.600000000000000533e+00 4.389854950154079560e-01 2.810637411102885341e-01
5.600694444444443754e+00 4.405950093287657188e-01 2.819274719625572967e-01
5.601388888888888751e+00 4.421568989124845528e-01 2.825699357379374832e-01
5.602083333333332860e+00 4.433753182703390472e-01 2.836802028321440128e-01
5.602777777777777857e+00 4.443790333520438174e-01 2.850387777155374280e-01
5.603472222222221966e+00 4.449979117230926651e-01 2.860902394012835304e-01
5.604166666666666963e+00 4.453881138929515759e-01 2.866773336273379380e-01
5.604861111111110183e+00 4.454811471908141640e-01 2.872526685571730742e-01
5.605555555555555181e+00 4.453700683320849785e-01 2.879492157896174076e-01
5.606250000000000178e+00 4.449606411950869367e-01 2.886179359295762414e-01
5.606944444444444287e+00 4.444315275897442463e-01 2.893378023392304543e-01
5.607638888888889284e+00 4.437087221964977068e-01 2.899520093860314951e-01
5.608333333333333393e+00 4.428327969125089858e-01 2.904912375325568452e-01
5.609027777777778390e+00 4.418781240342608552e-01 2.911013779710480698e-01
5.609722222222221610e+00 4.409824967984054545e-01 2.916826767878320514e-01
5.610416666666666607e+00 4.400519306678138953e-01 2.923307932656552532e-01
5.611111111111110716e+00 4.392048057401760630e-01 2.927716658351611212e-01
5.611805555555555713e+00 4.255154593294240284e-01 2.928122658980930604e-01
5.612499999999999822e+00 4.157146140070064333e-01 2.928870752481844697e-01
5.613194444444444819e+00 4.118533622259542559e-01 2.930398571537035091e-01
5.613888888888888040e+00 4.082469975921561578e-01 2.932048636919456497e-01
5.614583333333333037e+00 3.961267039678088020e-01 2.933342173152477805e-01
5.615277777777777146e+00 3.871017547644055035e-01 2.933393077698912554e-01
5.615972222222222143e+00 3.824853465708065725e-01 2.933288424228809865e-01
5.616666666666667140e+00 3.791350438981100912e-01 2.932423125153783561e-01
5.617361111111111249e+00 3.764150123180423080e-01 2.929909590223379046e-01
5.618055555555556246e+00 3.728032526021915483e-01 2.928310162132689021e-01
5.618749999999999467e+00 3.580737566663635962e-01 2.925667959692817011e-01
5.619444444444444464e+00 3.410842136425176752e-01 2.920566918286607305e-01
5.620138888888888573e+00 3.202838669522842241e-01 2.915944687804329916e-01
5.620833333333333570e+00 3.019057962862016775e-01 2.909962673853204174e-01
5.621527777777777679e+00 2.734590450881658752e-01 2.901100977114833279e-01
5.622222222222222676e+00 2.798193920560075321e-01 2.892377683276348144e-01
5.622916666666665897e+00 2.880002588799458474e-01 2.883593687289972007e-01
5.623611111111110894e+00 2.938960918174504111e-01 2.872581902251595265e-01
5.624305555555555003e+00 2.998433332985099842e-01 2.861019064929336553e-01
5.625000000000000000e+00 3.048372201125365555e-01 2.849728861910433286e-01
5.625694444444444109e+00 2.655801380766709685e-01 2.836885100628435685e-01
5.626388888888889106e+00 2.266265842348787474e-01 2.822881216058170661e-01
5.627083333333334103e+00 1.644309410737268551e-01 2.808070412414067629e-01
5.627777777777777324e+00 1.523236660582449609e-01 2.791829800880332724e-01
5.628472222222222321e+00 1.589695464017685245e-01 2.772679560323942360e-01
5.629166666666666430e+00 1.776993384066541393e-01 2.751783214759425666e-01
5.629861111111111427e+00 2.250543640833883030e-01 2.732044505857102457e-01
5.630555555555555536e+00 3.491522936680797051e-01 2.713771442121721833e-01
5.631250000000000533e+00 3.692283113415987805e-01 2.696577503119488295e-01
5.631944444444443754e+00 4.087274439273301252e-01 2.680758285629943893e-01
5.632638888888888751e+00 3.714537134790784623e-01 2.664952775311903999e-01
5.633333333333332860e+00 3.313991832224271739e-01 2.648331425834781760e-01
5.634027777777777857e+00 2.851403745778999244e-01 2.630594376152726732e-01
5.634722222222221966e+00 2.308360322849397905e-01 2.611141953622712064e-01
5.635416666666666963e+00 1.615991515682644597e-01 2.589863810686989232e-01
5.636111111111110183e+00 2.028095044108680078e-01 2.567705055126003888e-01
5.636805555555555181e+00 2.448211238566735670e-01 2.545335784425842296e-01
5.637500000000000178e+00 2.729614935382700946e-01 2.523026522227067581e-01
5.638194444444444287e+00 2.986212078775876133e-01 2.501272126908271054e-01
5.638888888888889284e+00 3.243811344260273399e-01 2.479938533323993721e-01
5.639583333333333393e+00 3.154505657648662975e-01 2.458148690196397257e-01
5.640277777777778390e+00 3.107178699821916967e-01 2.436226874590936287e-01
5.640972222222221610e+00 3.050109076083680759e-01 2.414435612957208099e-01
5.641666666666666607e+00 3.003950401513466040e-01 2.392505485361811901e-01
5.642361111111110716e+00 2.956687774165951965e-01 2.370729333949171402e-01
5.643055555555555713e+00 2.888505646389599724e-01 2.348313568108151006e-01
5.643749999999999822e+00 2.821813467930988639e-01 2.325218729248421101e-01
5.644444444444444819e+00 2.758390273382619329e-01 2.302093543393308739e-01
5.645138888888888040e+00 2.696945693826390822e-01 2.278691590711884041e-01
5.645833333333333037e+00 2.638634048337865079e-01 2.255025501793868070e-01
5.646527777777777146e+00 3.110470983512558796e-01 2.231571823644133423e-01
5.647222222222222143e+00 3.401803217184484196e-01 2.209019050573778342e-01
5.647916666666667140e+00 3.649918352280709377e-01 2.187707775413725297e-01
5.648611111111111249e+00 3.834452926237336134e-01 2.168117579612824919e-01
5.649305555555556246e+00 3.950853458239053095e-01 2.150226807816222885e-01
5.649999999999999467e+00 3.940425867224609524e-01 2.133709757629049797e-01
5.650694444444444464e+00 4.019852970360991429e-01 2.118440402654948318e-01
5.651388888888888573e+00 4.107680855353568750e-01 2.103750686562815553e-01
5.652083333333333570e+00 4.103432286387485584e-01 2.090386803896997214e-01
5.652777777777777679e+00 4.087160464825269068e-01 2.078398389592944207e-01
5.653472222222222676e+00 3.955020107285888153e-01 2.066676315931105234e-01
5.654166666666665897e+00 3.642674050660025808e-01 2.054912875544082640e-01
5.654861111111110894e+00 3.533222935593731684e-01 2.042794784101035765e-01
5.655555555555555003e+00 3.344320157204325183e-01 2.031053239478907424e-01
5.656250000000000000e+00 3.124577287307030993e-01 2.019312007570166767e-01
5.656944444444444109e+00 3.219925535588707421e-01 2.007333883426515031e-01
5.657638888888889106e+00 3.311934566388259893e-01 1.996203076407935817e-01
5.658333333333334103e+00 3.379151614071997933e-01 1.986035120029576440e-01
5.659027777777777324e+00 3.450057557369733408e-01 1.976785427043119547e-01
5.659722222222222321e+00 3.507117204628629192e-01 1.968598598038902858e-01
5.660416666666666430e+00 3.364691752124086555e-01 1.961538588343219036e-01
5.661111111111111427e+00 3.219819920037118033e-01 1.955186715613686232e-01
5.661805555555555536e+00 3.056020616162334336e-01 1.947581399423835014e-01
5.662500000000000533e+00 2.891744966861351518e-01 1.939154056331266751e-01
5.663194444444443754e+00 2.721518932093160426e-01 1.931388875629727053e-01
5.663888888888888751e+00 2.367725630555070071e-01 1.924366624082892163e-01
5.664583333333332860e+00 2.033452020596250021e-01 1.915808399324421263e-01
5.665277777777777857e+00 1.469064394253346562e-01 1.904910276433164074e-01
5.665972222222221966e+00 1.410158606378421886e-01 1.894119757855424746e-01
5.666666666666666963e+00 1.468004706506384205e-01 1.883900189688006432e-01
5.667361111111110183e+00 1.506034347729632572e-01 1.872912111733207041e-01
5.668055555555555181e+00 1.462779922541700695e-01 1.861186093655447515e-01
5.668750000000000178e+00 1.516117699450003631e-01 1.849395572721232450e-01
5.669444444444444287e+00 1.514501417954872975e-01 1.837517209711031774e-01
5.670138888888889284e+00 1.542456134121040212e-01 1.825428378889548120e-01
5.670833333333333393e+00 1.553280405077391291e-01 1.813645623412420971e-01
5.671527777777778390e+00 1.567081058482334699e-01 1.801951356022869211e-01
5.672222222222221610e+00 1.577777897836753207e-01 1.789923054375016365e-01
5.672916666666666607e+00 1.588705673695386122e-01 1.777865296271326501e-01
5.673611111111110716e+00 1.598427042966346079e-01 1.765750444206949654e-01
5.674305555555555713e+00 1.714822268500858227e-01 1.753697919438258757e-01
5.674999999999999822e+00 2.046438247040635316e-01 1.742046519507832458e-01
5.675694444444444819e+00 2.432288009725846467e-01 1.730426684010207827e-01
5.676388888888888040e+00 2.629033642831183348e-01 1.718977513743395469e-01
5.677083333333333037e+00 2.839690706924068442e-01 1.708232534296646177e-01
5.677777777777777146e+00 2.559274429402408346e-01 1.697407175952003744e-01
5.678472222222222143e+00 2.327064792061548926e-01 1.686343513940844474e-01
5.679166666666667140e+00 2.013754823497792557e-01 1.675192159963358185e-01
5.679861111111111249e+00 1.675518968214663729e-01 1.663349291598469337e-01
5.680555555555556246e+00 1.533266058386324737e-01 1.650783109790522063e-01
5.681249999999999467e+00 1.802654235263157489e-01 1.637565973555596688e-01
5.681944444444444464e+00 2.374029373416975397e-01 1.623955474072485416e-01
5.682638888888888573e+00 2.618458178175855355e-01 1.610668768352253311e-01
5.683333333333333570e+00 2.938187421592812210e-01 1.597596305941968720e-01
5.684027777777777679e+00 3.159298044200169464e-01 1.584828599449608910e-01
5.684722222222222676e+00 3.319373685869595469e-01 1.572927080148243117e-01
5.685416666666665897e+00 3.504228888212139736e-01 1.561517128681005062e-01
5.686111111111110894e+00 3.610112550722225921e-01 1.550703508665513541e-01
5.686805555555555003e+00 3.715770945597345887e-01 1.540506164955013080e-01
5.687500000000000000e+00 3.735846097208247452e-01 1.530938989072734291e-01
5.688194444444444109e+00 3.747913766967145288e-01 1.521599434246419524e-01
5.688888888888889106e+00 3.761960921427308091e-01 1.512273502214247223e-01
5.689583333333334103e+00 3.802124529953000986e-01 1.503428216246733284e-01
5.690277777777777324e+00 3.822319009454628880e-01 1.495359391462324494e-01
5.690972222222222321e+00 3.819672136807899521e-01 1.487885142566427177e-01
5.691666666666666430e+00 3.780225334664522596e-01 1.480473876831232272e-01
5.692361111111111427e+00 3.755885921887761603e-01 1.473778941592910896e-01
5.693055555555555536e+00 3.734252070971465498e-01 1.467708017131750253e-01
5.693750000000000533e+00 3.719575279084942343e-01 1.461414729476468721e-01
5.694444444444443754e+00 3.708440140069724777e-01 1.455702966787796315e-01
5.695138888888888751e+00 3.699609618895741137e-01 1.450790620483555227e-01
5.695833333333332860e+00 3.694487620843535658e-01 1.446245850188429549e-01
5.696527777777777857e+00 3.693970666456992680e-01 1.442335438242847434e-01
5.697222222222221966e+00 3.696593782112356230e-01 1.439447156305470876e-01
5.697916666666666963e+00 3.703665012681190971e-01 1.437348521723437189e-01
5.698611111111110183e+00 3.604513172124980125e-01 1.435330513827896282e-01
5.699305555555555181e+00 3.465901836085140686e-01 1.434005454680137570e-01
5.700000000000000178e+00 3.444685818789983145e-01 1.433255455546923463e-01
5.700694444444444287e+00 3.390538616804468774e-01 1.432714983918722262e-01
5.701388888888889284e+00 3.302911201402542463e-01 1.432434637164427815e-01
5.702083333333333393e+00 3.448758454881791780e-01 1.431511597810451730e-01
5.702777777777778390e+00 3.556648443839726670e-01 1.430970057881709445e-01
5.703472222222221610e+00 3.637771871014462421e-01 1.432556370938779244e-01
5.704166666666666607e+00 3.755257933727443320e-01 1.435936809041057360e-01
5.704861111111110716e+00 3.929231530827315688e-01 1.440332616153153777e-01
5.705555555555555713e+00 3.680447589181022883e-01 1.445488985606025734e-01
5.706249999999999822e+00 3.622924290921860080e-01 1.451540762874457546e-01
5.706944444444444819e+00 3.460917631075395295e-01 1.457865769151411028e-01
5.707638888888888040e+00 3.278264761104847658e-01 1.461414019036919865e-01
5.708333333333333037e+00 3.040566990750572240e-01 1.462499582496517569e-01
5.709027777777777146e+00 2.776488635168796182e-01 1.464535799824256690e-01
5.709722222222222143e+00 2.346264272051684641e-01 1.467235258341365034e-01
5.710416666666667140e+00 1.879699684024031259e-01 1.469097929070740660e-01
5.711111111111111249e+00 1.439049948734351936e-01 1.469673115970430433e-01
5.711805555555556246e+00 1.631538548152291213e-01 1.468988772888823735e-01
5.712499999999999467e+00 1.617903955956196127e-01 1.467414224205030870e-01
5.713194444444444464e+00 1.759149173623628659e-01 1.465454932150253020e-01
5.713888888888888573e+00 2.220728313757031613e-01 1.464067341650491239e-01
5.714583333333333570e+00 2.705553939581109568e-01 1.463524585518587162e-01
5.715277777777777679e+00 3.009137872390758028e-01 1.463354431481364570e-01
5.715972222222222676e+00 2.916308305426512093e-01 1.463642414824811444e-01
5.716666666666665897e+00 2.774915745471009942e-01 1.464136001394733266e-01
5.717361111111110894e+00 2.689116513096198591e-01 1.463829275206400271e-01
5.718055555555555003e+00 2.587543578295601332e-01 1.462788499006087983e-01
5.718750000000000000e+00 2.485150638709230364e-01 1.461230612055278710e-01
5.719444444444444109e+00 2.748697323595711839e-01 1.459044354119070352e-01
5.720138888888889106e+00 2.965824046014982618e-01 1.456859958116586140e-01
5.720833333333334103e+00 3.198415653153413585e-01 1.454434344241084809e-01
5.721527777777777324e+00 3.356063817723458076e-01 1.451509265957147965e-01
5.722222222222222321e+00 3.470691066715489992e-01 1.449082167309134750e-01
5.722916666666666430e+00 3.416159649800464826e-01 1.446528702304507030e-01
5.723611111111111427e+00 3.381066960068763727e-01 1.442943154841295206e-01
5.724305555555555536e+00 3.347793242678018255e-01 1.438790756951807415e-01
5.725000000000000533e+00 3.320424129054757034e-01 1.434295559952531163e-01
5.725694444444443754e+00 3.294537993317935842e-01 1.429542203133470635e-01
5.726388888888888751e+00 3.233574110769574794e-01 1.423731448328051929e-01
5.727083333333332860e+00 3.174123207841275107e-01 1.416790308279784472e-01
5.727777777777777857e+00 3.114794248392223630e-01 1.409515972638790693e-01
5.728472222222221966e+00 3.053415733591368642e-01 1.401681764167539423e-01
5.729166666666666963e+00 2.990703168361884545e-01 1.393450142991822793e-01
5.729861111111110183e+00 3.247276861636975709e-01 1.384795136415542804e-01
5.730555555555555181e+00 3.411575605013343337e-01 1.375988577508360233e-01
5.731250000000000178e+00 3.608319652754010676e-01 1.368001492461459745e-01
5.731944444444444287e+00 3.715619754060338065e-01 1.360828931467617242e-01
5.732638888888889284e+00 3.825546422479808584e-01 1.354228018289681257e-01
5.733333333333333393e+00 3.753457419818553853e-01 1.348134156911744153e-01
5.734027777777778390e+00 3.729687327286658194e-01 1.342364113373170631e-01
5.734722222222221610e+00 3.694729559174848021e-01 1.336720116346558074e-01
5.735416666666666607e+00 3.673540594348584376e-01 1.330190831056629608e-01
5.736111111111110716e+00 3.653036915184391109e-01 1.323244920518026890e-01
5.736805555555555713e+00 3.637451413249100929e-01 1.317070946681260235e-01
5.737499999999999822e+00 3.624750967946218649e-01 1.311270890380343279e-01
5.738194444444444819e+00 3.615010040281543269e-01 1.305760923620936931e-01
5.738888888888888040e+00 3.607925672553961016e-01 1.300428226927168862e-01
5.739583333333333037e+00 3.602484560343812703e-01 1.294931179153099021e-01
5.740277777777777146e+00 3.597988357141263527e-01 1.289670599399520834e-01
5.740972222222222143e+00 3.594296216270471689e-01 1.284581275828166336e-01
5.741666666666667140e+00 3.591975841810868264e-01 1.280064730678605600e-01
5.742361111111111249e+00 3.589578606003558381e-01 1.276358858802508212e-01
5.743055555555556246e+00 3.587788056488971922e-01 1.272883581517958440e-01
5.743749999999999467e+00 3.584521832120544094e-01 1.269779274504925226e-01
5.744444444444444464e+00 3.581246012420095104e-01 1.266945123767337922e-01
5.745138888888888573e+00 3.576628681809105870e-01 1.264473940376604766e-01
5.745833333333333570e+00 3.571512830767836211e-01 1.262785819898221418e-01
5.746527777777777679e+00 3.564722470739026261e-01 1.261805783816959126e-01
5.747222222222222676e+00 3.558334754180794146e-01 1.261612394891387934e-01
5.747916666666665897e+00 3.549919002698173620e-01 1.261775190243733802e-01
5.748611111111110894e+00 3.540406245101679894e-01 1.262063312787868319e-01
5.749305555555555003e+00 3.529000763281938680e-01 1.263035298940766438e-01
5.750000000000000000e+00 3.516544416042826637e-01 1.264113221156758227e-01
5.750694444444444109e+00 3.498223958267640543e-01 1.265239168441233963e-01
5.751388888888889106e+00 3.478944651092264473e-01 1.267321384978769006e-01
5.752083333333334103e+00 3.458089453718682926e-01 1.269554247990557772e-01
5.752777777777777324e+00 3.436312627364812577e-01 1.271714197817979397e-01
5.753472222222222321e+00 3.413044665372277908e-01 1.274609783291769383e-01
5.754166666666666430e+00 3.322121270249452918e-01 1.277210729624026764e-01
5.754861111111111427e+00 3.231239433205104206e-01 1.279258394134522303e-01
5.755555555555555536e+00 3.152206789929316577e-01 1.281479811171597205e-01
5.756250000000000533e+00 3.073320174312405006e-01 1.283783008234690715e-01
5.756944444444443754e+00 2.981543988120005095e-01 1.285809602032145782e-01
5.757638888888888751e+00 2.881915368788566245e-01 1.286680074371934768e-01
5.758333333333332860e+00 2.772515561162199327e-01 1.286613878232860386e-01
5.759027777777777857e+00 2.654494909679892545e-01 1.286585229553077747e-01
5.759722222222221966e+00 2.538618062028659139e-01 1.286557461297698213e-01
5.760416666666666963e+00 2.432067967635583583e-01 1.286461295126209159e-01
5.761111111111110183e+00 2.390988580695972698e-01 1.285583191519859003e-01
5.761805555555555181e+00 2.342269755003989762e-01 1.283627532904143276e-01
5.762500000000000178e+00 2.284195215647925603e-01 1.281499396107697031e-01
5.763194444444444287e+00 2.215238951438890103e-01 1.279021542647168219e-01
5.763888888888889284e+00 2.134501227714219462e-01 1.275739058070842757e-01
5.764583333333333393e+00 2.161094990564454699e-01 1.272285047881172304e-01
5.765277777777778390e+00 2.186058804204876471e-01 1.268669320304748604e-01
5.765972222222221610e+00 2.205614676974282096e-01 1.264579979193062587e-01
5.766666666666666607e+00 2.223373482575025928e-01 1.260356092990441434e-01
5.767361111111110716e+00 2.238090450228041872e-01 1.255631856520932343e-01
5.768055555555555713e+00 1.948220963115177562e-01 1.250354931079798171e-01
5.768749999999999822e+00 1.704831277155817171e-01 1.244376345383321758e-01
5.769444444444444819e+00 1.609080923594926327e-01 1.237433032650740589e-01
5.770138888888888040e+00 1.584508342209887677e-01 1.229848375843245467e-01
5.770833333333333037e+00 1.602302251898223007e-01 1.221462705746403782e-01
5.771527777777777146e+00 1.610097078255676162e-01 1.212332178296938873e-01
5.772222222222222143e+00 1.621004801443449994e-01 1.202861445401743751e-01
5.772916666666667140e+00 1.636755573303069478e-01 1.193174308481494000e-01
5.773611111111111249e+00 1.666646113267153118e-01 1.183286964647475986e-01
5.774305555555556246e+00 1.713315034893116151e-01 1.173242723360208850e-01
5.774999999999999467e+00 1.664247252157069201e-01 1.163061351321907771e-01
5.775694444444444464e+00 1.639487450861964457e-01 1.152640618264953454e-01
5.776388888888888573e+00 1.631291523798228671e-01 1.141860904053195735e-01
5.777083333333333570e+00 1.630146161098721957e-01 1.130714448898176849e-01
5.777777777777777679e+00 1.626587762849417973e-01 1.119244956241409739e-01
5.778472222222222676e+00 1.628817178286453282e-01 1.107488718782722037e-01
5.779166666666665897e+00 1.739403998284313746e-01 1.095464126698468543e-01
5.779861111111110894e+00 1.691256103500312913e-01 1.083163356318948140e-01
5.780555555555555003e+00 1.693669183881807982e-01 1.070421660999251734e-01
5.781250000000000000e+00 1.392638619655323373e-01 1.056761362534284765e-01
5.781944444444444109e+00 1.352369327746425209e-01 1.042441191864143385e-01
5.782638888888889106e+00 1.353050401935201041e-01 1.028112193351102127e-01
5.783333333333334103e+00 1.352796861119920091e-01 1.013681136678024342e-01
5.784027777777777324e+00 1.351789123430377493e-01 9.993475001206610087e-02
5.784722222222222321e+00 1.349674303822248067e-01 9.851219858250298556e-02
5.785416666666666430e+00 1.346931684969653042e-01 9.709228331884650620e-02
5.786111111111111427e+00 1.343749485051638493e-01 9.566930611897153658e-02
5.786805555555555536e+00 1.340150549573799754e-01 9.421049793401789496e-02
5.787500000000000533e+00 1.336353188567498129e-01 9.273829446569972768e-02
5.788194444444443754e+00 1.332225240392596877e-01 9.131709088921716178e-02
5.788888888888888751e+00 1.328001116511359769e-01 8.992626840298199864e-02
5.789583333333332860e+00 1.323523019010789670e-01 8.851416346355173159e-02
5.790277777777777857e+00 1.319025637269536366e-01 8.708906251575918023e-02
5.790972222222221966e+00 1.314313567448302800e-01 8.567173004154544913e-02
5.791666666666666963e+00 1.309624736197650408e-01 8.426953733430314619e-02
5.792361111111110183e+00 1.304735131005111126e-01 8.291593993119054928e-02
5.793055555555555181e+00 1.299912652644595601e-01 8.158125032028669399e-02
5.793750000000000178e+00 1.294944280687801985e-01 8.024250003899692507e-02
5.794444444444444287e+00 1.290081013437545387e-01 7.891677625933644913e-02
5.795138888888889284e+00 1.285038041829543176e-01 7.760850033103845746e-02
5.795833333333333393e+00 1.280121673267575200e-01 7.631083494113197196e-02
5.796527777777778390e+00 1.275071286830756490e-01 7.502031687119897763e-02
5.797222222222221610e+00 1.270172796118809178e-01 7.375477950161170304e-02
5.797916666666666607e+00 1.265139131465482791e-01 7.249972675643065467e-02
5.798611111111110716e+00 1.260276728923361844e-01 7.126600148655343192e-02
5.799305555555555713e+00 1.255272762821567356e-01 7.005151619452676393e-02
5.799999999999999822e+00 1.250460436932530894e-01 6.886152685965743481e-02
5.800694444444444819e+00 1.245505368079220104e-01 6.768558007654126851e-02
5.801388888888888040e+00 1.240758367483592584e-01 6.652325591512475711e-02
5.802083333333333037e+00 1.235843433508262285e-01 6.537609667500456079e-02
5.802777777777777146e+00 1.231152318005577923e-01 6.423816298275478176e-02
5.803472222222222143e+00 1.226249011043852866e-01 6.311843151019048970e-02
5.804166666666667140e+00 1.221595867648732486e-01 6.201446138695504429e-02
5.804861111111111249e+00 1.216738358345443305e-01 6.092884100965352545e-02
5.805555555555556246e+00 1.212162348363782227e-01 5.985641076185595211e-02
5.806249999999999467e+00 1.207383691305908835e-01 5.880241364840795015e-02
5.806944444444444464e+00 1.202913596120605277e-01 5.776828072255803942e-02
5.807638888888888573e+00 1.198233016921871619e-01 5.674142856591261885e-02
5.808333333333333570e+00 1.193880040052402863e-01 5.571850673440446183e-02
5.809027777777777679e+00 1.189310790738726115e-01 5.471055525027847949e-02
5.809722222222222676e+00 1.185061818469368700e-01 5.371853574424963196e-02
5.810416666666665897e+00 1.180583478628090127e-01 5.273972761942682941e-02
5.811111111111110894e+00 1.176418007671864302e-01 5.177899397561114281e-02
5.811805555555555003e+00 1.172015715022365484e-01 5.082826344857094975e-02
5.812500000000000000e+00 1.167925827621955071e-01 4.990874293223256791e-02
5.813194444444444109e+00 1.163598366475808721e-01 4.901545864190858665e-02
5.813888888888889106e+00 1.159587388032920913e-01 4.811448060822107881e-02
5.814583333333334103e+00 1.155344580967782031e-01 4.720306876982367783e-02
5.815277777777777324e+00 1.151413168077002613e-01 4.629958401480589736e-02
5.815972222222222321e+00 1.147244661401210786e-01 4.543038327814820365e-02
5.816666666666666430e+00 1.143382368738058708e-01 4.459441997851567446e-02
5.817361111111111427e+00 1.139283349735191186e-01 4.377542084670932310e-02
5.818055555555555536e+00 1.135493727847453060e-01 4.296507273697602186e-02
5.818750000000000533e+00 1.131469444440812849e-01 4.216308383823855199e-02
5.819444444444443754e+00 1.127751501347197538e-01 4.137734246880185596e-02
5.820138888888888751e+00 1.123798511866477140e-01 4.061149195820829005e-02
5.820833333333332860e+00 1.120152066614521352e-01 3.986096383613283584e-02
5.821527777777777857e+00 1.116270668701245111e-01 3.912303136623995065e-02
5.822222222222221966e+00 1.112694867002935184e-01 3.839957339523708546e-02
5.822916666666666963e+00 1.108888136485132320e-01 3.768361655356572415e-02
5.823611111111110183e+00 1.105382188811299682e-01 3.697838302321622417e-02
5.824305555555555181e+00 1.101643658460594449e-01 3.628455812274642561e-02
5.825000000000000178e+00 1.098206265288637073e-01 3.559946987189954032e-02
5.825694444444444287e+00 1.094530767042687786e-01 3.492578711879378711e-02
5.826388888888889284e+00 1.091150225681574715e-01 3.426238575962527177e-02
5.827083333333333393e+00 1.087536187070059501e-01 3.360116466442348432e-02
5.827777777777778390e+00 1.084217497075386921e-01 3.295827270731076925e-02
5.828472222222221610e+00 1.080667591671584382e-01 3.233781651599228896e-02
5.829166666666666607e+00 1.077412973311565880e-01 3.173111375191755429e-02
5.829861111111110716e+00 1.073926770924643614e-01 3.112722267194029113e-02
5.830555555555555713e+00 1.070735183064544793e-01 3.052601886877131035e-02
5.831249999999999822e+00 1.067310439600261535e-01 2.992700919796533604e-02
5.831944444444444819e+00 1.064174465039130213e-01 2.933412261969168058e-02
5.832638888888888040e+00 1.060804580193726310e-01 2.876070658853712228e-02
5.833333333333333037e+00 1.057723600183712864e-01 2.820240190197257843e-02
5.834027777777777146e+00 1.054401085051206582e-01 2.764941153376990896e-02
5.834722222222222143e+00 1.051363270761021401e-01 2.710124518336634938e-02
5.835416666666667140e+00 1.048089129693625249e-01 2.656001577495302815e-02
5.836111111111111249e+00 1.045101215636809466e-01 2.602838137255976750e-02
5.836805555555556246e+00 1.041888135607529353e-01 2.550565934967486195e-02
5.837499999999999467e+00 1.038965416563738947e-01 2.499221435984142273e-02
5.838194444444444464e+00 1.035820820411068183e-01 2.448343785741376524e-02
5.838888888888888573e+00 1.032958670182720640e-01 2.397976267930449629e-02
5.839583333333333570e+00 1.029860929456883484e-01 2.348438733395789499e-02
5.840277777777777679e+00 1.027046752242349037e-01 2.299804699005742609e-02
5.840972222222222676e+00 1.023987092011181543e-01 2.252121358524715455e-02
5.841666666666665897e+00 1.021214182876067633e-01 2.205185050976157801e-02
5.842361111111110894e+00 1.018190744585341090e-01 2.158813308363002545e-02
5.843055555555555003e+00 1.015455260837590384e-01 2.113046334590811676e-02
5.843750000000000000e+00 1.012469846899047288e-01 2.067993526516734293e-02
5.844444444444444109e+00 1.009773225950317266e-01 2.023536178178759679e-02
5.845138888888889106e+00 1.006836551467006902e-01 1.979717530374272561e-02
5.845833333333334103e+00 1.004186392026135688e-01 1.936829351949540673e-02
5.846527777777777324e+00 1.001300280446089930e-01 1.894884947941141706e-02
5.847222222222222321e+00 9.986985297522660288e-02 1.853740302132381168e-02
5.847916666666666430e+00 9.958597986163703064e-02 1.812948475235961338e-02
5.848611111111111427e+00 9.933026629695745902e-02 1.772471619816572141e-02
5.849305555555555536e+00 9.905054132493290586e-02 1.732487688224432915e-02
5.850000000000000533e+00 9.879862501924328855e-02 1.693341273501162633e-02
5.850694444444443754e+00 9.852266320431268820e-02 1.654951886949289352e-02
5.851388888888888751e+00 9.827427050121799457e-02 1.617081411978207872e-02
5.852083333333332860e+00 9.800189267880417276e-02 1.579672018600305344e-02
5.852777777777777857e+00 9.775701076459095140e-02 1.542775241328957908e-02
5.853472222222221966e+00 9.748852807126610898e-02 1.506482617980190418e-02
5.854166666666666963e+00 9.724752649217832667e-02 1.470817118667096073e-02
5.854861111111110183e+00 9.698325753743355926e-02 1.435746887084859112e-02
5.855555555555555181e+00 9.674617605192503689e-02 1.401184450635829283e-02
5.856250000000000178e+00 9.648576139754631853e-02 1.367162878797113443e-02
5.856944444444444287e+00 9.625214331306565507e-02 1.333645529209049815e-02
5.857638888888889284e+00 9.599538234723267727e-02 1.300564597811627865e-02
5.858333333333333393e+00 9.576506173784911369e-02 1.268114353043849930e-02
5.859027777777778390e+00 9.551185445086184111e-02 1.235970737751561008e-02
5.859722222222221610e+00 9.528490350786605889e-02 1.204456750865562711e-02
5.860416666666666607e+00 9.503508719835807028e-02 1.174141913949334343e-02
5.861111111111110716e+00 9.481131094474261334e-02 1.144038860254281351e-02
5.861805555555555713e+00 9.456509707152906119e-02 1.113690318228418262e-02
5.862499999999999822e+00 9.434433126552499438e-02 1.083957282996488199e-02
5.863194444444444819e+00 9.410140939219911738e-02 1.055210617883487779e-02
5.863888888888888040e+00 9.388369134476867717e-02 1.026944784941266793e-02
5.864583333333333037e+00 9.364391209912849290e-02 9.989583347979400299e-03
5.865277777777777146e+00 9.342875942536735256e-02 9.713805926087842532e-03
5.865972222222222143e+00 9.319153798117955911e-02 9.441841153864236752e-03
5.866666666666667140e+00 9.297778240310715370e-02 9.173856262585849963e-03
5.867361111111111249e+00 9.274235183307320829e-02 8.910113817214434032e-03
5.868055555555556246e+00 9.252862612589796143e-02 8.649254999897061300e-03
5.868749999999999467e+00 9.229620841706934198e-02 8.393996688943340667e-03
5.869444444444444464e+00 9.208595745981709713e-02 8.145159366830193731e-03
5.870138888888888573e+00 9.186501952497688750e-02 7.898164271255296923e-03
5.870833333333333570e+00 9.166488245696535753e-02 7.654560531629117821e-03
5.871527777777777679e+00 9.144359615219779802e-02 7.416478785731749415e-03
5.872222222222222676e+00 9.124040842388354833e-02 7.180805908241474390e-03
5.872916666666665897e+00 9.102169596390279060e-02 6.946859847919121742e-03
5.873611111111110894e+00 9.082156640367444744e-02 6.718199780463540369e-03
5.874305555555555003e+00 9.060701340961968553e-02 6.494339813229403971e-03
5.875000000000000000e+00 9.041053806298456064e-02 6.271365927715884248e-03
5.875694444444444109e+00 9.019926417749563052e-02 6.048086189234976907e-03
5.876388888888889106e+00 9.000470721070608082e-02 5.830083508521132982e-03
5.877083333333334103e+00 8.979980099039200359e-02 5.619595293478598860e-03
5.877777777777777324e+00 8.961063665551471935e-02 5.410636589122019315e-03
5.878472222222222321e+00 8.941076008901327477e-02 5.203077519878424560e-03
5.879166666666666430e+00 8.922235171848891255e-02 4.999968286301962640e-03
5.879861111111111427e+00 8.902590287883638265e-02 4.799878160737292010e-03
5.880555555555555536e+00 8.883388110999099196e-02 4.602679221622794047e-03
5.881250000000000533e+00 8.863776029468269091e-02 4.409285323446289484e-03
5.881944444444443754e+00 8.844378407085522198e-02 4.218489131028009369e-03
5.882638888888888751e+00 8.824856703196236329e-02 4.030119301461135110e-03
5.883333333333332860e+00 8.805117508302620632e-02 3.844291154562796704e-03
5.884027777777777857e+00 8.785742436249387166e-02 3.660636395709683868e-03
5.884722222222221966e+00 8.766150738098954509e-02 3.479052358017742461e-03
5.885416666666666963e+00 8.746975804480351668e-02 3.301168001206216708e-03
5.886111111111110183e+00 8.727344802528928802e-02 3.127042407633953518e-03
5.886805555555555181e+00 8.708262997035161324e-02 2.955029282800072498e-03
5.887500000000000178e+00 8.688714584997726809e-02 2.785503804348491829e-03
5.888194444444444287e+00 8.669635574335785022e-02 2.618858792521871863e-03
5.888888888888889284e+00 8.650099080667728035e-02 2.454560820676348655e-03
5.889583333333333393e+00 8.631168729002766660e-02 2.292885800451015081e-03
5.890277777777778390e+00 8.611795382697233492e-02 2.133530865705622441e-03
5.890972222222221610e+00 8.592943641081540740e-02 1.975914336641471265e-03
5.891666666666666607e+00 8.573665532582938620e-02 1.820776890822327441e-03
5.892361111111110716e+00 8.554977096300894757e-02 1.668077656764263214e-03
5.893055555555555713e+00 8.535875729128400424e-02 1.517461297223191485e-03
5.893749999999999822e+00 8.517299716882649474e-02 1.369206983005577961e-03
5.894444444444444819e+00 8.498322471675978651e-02 1.223695190028923274e-03
5.895138888888888040e+00 8.479931358930875573e-02 1.080365966273162193e-03
5.895833333333333037e+00 8.461119845350396906e-02 9.384841645259362321e-04
5.896527777777777146e+00 8.442845523168460153e-02 7.984934544910430535e-04
5.897222222222222143e+00 8.424152361438004555e-02 6.607301230955273672e-04
5.897916666666667140e+00 8.406030023849860033e-02 5.247381518888706922e-04
5.898611111111111249e+00 8.387506056663807108e-02 3.908669008113148857e-04
5.899305555555556246e+00 8.369522109125254739e-02 2.594616483973515996e-04
5.899999999999999467e+00 8.351102211942146303e-02 1.298357452937041318e-04
5.900694444444444464e+00 8.333247530509051149e-02 1.426507066719979942e-06
5.901388888888888573e+00 8.314938257562022594e-02 -1.251651060306387488e-04
5.902083333333333570e+00 8.297448158304698840e-02 -2.493984856152447528e-04
5.902777777777777679e+00 8.279451820961751529e-02 -3.715884028032489335e-04
5.903472222222222676e+00 8.261642542927409572e-02 -4.920363529245150823e-04
5.904166666666665897e+00 8.243216800807530442e-02 -6.111327290779025589e-04
5.904861111111110894e+00 8.225635818535149968e-02 -7.288127038839163369e-04
5.905555555555555003e+00 8.207491575775255344e-02 -8.447995868663046035e-04
5.906250000000000000e+00 8.189871763499384505e-02 -9.589933504288919571e-04
5.906944444444444109e+00 8.171757043164225298e-02 -1.071008653282037220e-03
5.907638888888889106e+00 8.154296760671009281e-02 -1.181077277909378014e-03
5.908333333333334103e+00 8.136302553392375791e-02 -1.289996438363771782e-03
5.909027777777777324e+00 8.118871883133005340e-02 -1.397646006105484609e-03
5.909722222222222321e+00 8.100972269985953766e-02 -1.503579914558864951e-03
5.910416666666666430e+00 8.083619929623152289e-02 -1.607845224474398812e-03
5.911111111111111427e+00 8.065802116007904365e-02 -1.710441250865987750e-03
5.911805555555555536e+00 8.048537685995416080e-02 -1.811690873563531323e-03
5.912500000000000533e+00 8.030831683331232651e-02 -1.912120840667466204e-03
5.913194444444443754e+00 8.013605573760691769e-02 -2.011330419586602417e-03
5.913888888888888751e+00 7.995952658651385436e-02 -2.108849588904805877e-03
5.914583333333332860e+00 7.978893254455106387e-02 -2.205077252692614394e-03
5.915277777777777857e+00 7.961367040408347251e-02 -2.300251327096679288e-03
5.915972222222221966e+00 7.944292908746379556e-02 -2.394080975828432635e-03
5.916666666666666963e+00 7.926794204654052933e-02 -2.486127186997651173e-03
5.917361111111110183e+00 7.909867140567636290e-02 -2.576280449139654091e-03
5.918055555555555181e+00 7.892457780095024633e-02 -2.664902370280171351e-03
5.918750000000000178e+00 7.875507676025966797e-02 -2.752441757402650582e-03
5.919444444444444287e+00 7.858055687579333648e-02 -2.838743804526858237e-03
5.920138888888889284e+00 7.841277136302853001e-02 -2.923741750568946505e-03
5.920833333333333393e+00 7.823302456349597034e-02 -3.007687125690828179e-03
5.921527777777778390e+00 7.806236185818524187e-02 -3.090284269887856854e-03
5.922222222222221610e+00 7.789052511379020161e-02 -3.171747239411472786e-03
5.922916666666666607e+00 7.772544357092953105e-02 -3.252043264855954911e-03
5.923611111111110716e+00 7.754768280426645177e-02 -3.331190874735657104e-03
5.924305555555555713e+00 7.738293488211768489e-02 -3.409218441615236451e-03
5.924999999999999822e+00 7.720442571012690880e-02 -3.486123720186099385e-03
5.925694444444444819e+00 7.703832994227358122e-02 -3.561873959410129156e-03
5.926388888888888040e+00 7.685678568695877844e-02 -3.636556619741735351e-03
5.927083333333333037e+00 7.668866400838106334e-02 -3.710253266197127003e-03
5.927777777777777146e+00 7.650074079980276331e-02 -3.782969012702135959e-03
5.928472222222222143e+00 7.632425927749957040e-02 -3.854651821738251834e-03
5.929166666666667140e+00 7.613476902147156555e-02 -3.925276356895430856e-03
5.929861111111111249e+00 7.596202089296827387e-02 -3.994866356883322069e-03
5.930555555555556246e+00 7.579903456044292942e-02 -4.063439287621419156e-03
5.931249999999999467e+00 7.565471988140648474e-02 -4.130982662289614700e-03
5.931944444444444464e+00 7.548813574190933740e-02 -4.197512432808662639e-03
5.932638888888888573e+00 7.532489833627191433e-02 -4.263048566688325790e-03
5.933333333333333570e+00 7.515921859679888795e-02 -4.327627137583302079e-03
5.934027777777777679e+00 7.499109434581166522e-02 -4.391305031748972236e-03
5.934722222222222676e+00 7.482133993818189388e-02 -4.454042627110438302e-03
5.935416666666665897e+00 7.465690228289646735e-02 -4.515863881800987432e-03
5.936111111111110894e+00 7.449185079603663773e-02 -4.576747413866866059e-03
5.936805555555555003e+00 7.432287794130812419e-02 -4.636765082107657636e-03
5.937500000000000000e+00 7.415913292556391978e-02 -4.695865134374826826e-03
5.938194444444444109e+00 7.399264010098317856e-02 -4.754029156601299530e-03
5.938888888888889106e+00 7.382795512777384772e-02 -4.811427830084412730e-03
5.939583333333334103e+00 7.365789502571030989e-02 -4.867961928938598429e-03
5.940277777777777324e+00 7.349506942016817423e-02 -4.923595698742627355e-03
5.940972222222222321e+00 7.332751358739535152e-02 -4.978498390956860239e-03
5.941666666666666430e+00 7.316314177711615019e-02 -5.032676640357286978e-03
5.942361111111111427e+00 7.299394426573081740e-02 -5.086022340151836324e-03
5.943055555555555536e+00 7.283132772711212177e-02 -5.138665488045176047e-03
5.943750000000000533e+00 7.266369030702785059e-02 -5.190532755231833974e-03
5.944444444444443754e+00 7.250037496599305575e-02 -5.241736439017341889e-03
5.945138888888888751e+00 7.233242684250912324e-02 -5.292186790367871783e-03
5.945833333333332860e+00 7.216993363856000210e-02 -5.341947025495128246e-03
5.946527777777777857e+00 7.200267945240089451e-02 -5.390992863644673838e-03
5.947222222222221966e+00 7.184016956935458664e-02 -5.439364073936378205e-03
5.947916666666666963e+00 7.167322353326235906e-02 -5.487021095667051450e-03
5.948611111111110183e+00 7.151127158948637763e-02 -5.534008758689089834e-03
5.949305555555555181e+00 7.134499635497452974e-02 -5.580311245304476510e-03
5.950000000000000178e+00 7.118343270341562223e-02 -5.626052680657401411e-03
5.950694444444444287e+00 7.101749024917369812e-02 -5.671173269411397544e-03
5.951388888888889284e+00 7.085640433746058509e-02 -5.715702313634010712e-03
5.952083333333333393e+00 7.069104715605868672e-02 -5.759746643586679225e-03
5.952777777777778390e+00 7.053025395408341058e-02 -5.802935906993328050e-03
5.953472222222221610e+00 7.036539236399308450e-02 -5.845431527878752753e-03
5.954166666666666607e+00 7.020512299587627902e-02 -5.887366447618774291e-03
5.954861111111110716e+00 7.004077550999064650e-02 -5.928683459430784779e-03
5.955555555555555713e+00 6.988079431238836126e-02 -5.969409328833105016e-03
5.956249999999999822e+00 6.971691290252622630e-02 -6.009621702331782722e-03
5.956944444444444819e+00 6.955743022839450118e-02 -6.049256343111434481e-03
5.957638888888888040e+00 6.939398694002754664e-02 -6.088300752657764721e-03
5.958333333333333037e+00 6.923486401289574710e-02 -6.126803383627035630e-03
5.959027777777777146e+00 6.907176688547765619e-02 -6.164786990911367073e-03
5.959722222222222143e+00 6.891295416224327286e-02 -6.202190143242771597e-03
5.960416666666667140e+00 6.875043187531804101e-02 -6.239044107145941438e-03
5.961111111111111249e+00 6.859209821020303965e-02 -6.275362957113886017e-03
5.961805555555556246e+00 6.842990833725375033e-02 -6.311222004134249379e-03
5.962499999999999467e+00 6.827178991565949207e-02 -6.346628865842911249e-03
5.963194444444444464e+00 6.811012028603992408e-02 -6.381541813032267502e-03
5.963888888888888573e+00 6.795252965678208468e-02 -6.415949644476429473e-03
5.964583333333333570e+00 6.779116482245581277e-02 -6.449869511226601418e-03
5.965277777777777679e+00 6.763369235735362806e-02 -6.483304379333822663e-03
5.965972222222222676e+00 6.747275943408626020e-02 -6.516264872656810439e-03
5.966666666666665897e+00 6.731582594360865923e-02 -6.548756416135711154e-03
5.967361111111110894e+00 6.715518754672672452e-02 -6.580769123134676268e-03
5.968055555555555003e+00 6.699836417559948409e-02 -6.612334015393248401e-03
5.968750000000000000e+00 6.683826129473244282e-02 -6.643441477228182249e-03
5.969444444444444109e+00 6.668202824710113552e-02 -6.674108794956249910e-03
5.970138888888889106e+00 6.652228946978715196e-02 -6.704329292133128643e-03
5.970833333333334103e+00 6.636626619170832297e-02 -6.734124305571185728e-03
5.971527777777777324e+00 6.620696680950320656e-02 -6.763459934629707272e-03
5.972222222222222321e+00 6.605158057012365524e-02 -6.792393652174898155e-03
5.972916666666666430e+00 6.589263160668379360e-02 -6.820906277847369956e-03
5.973611111111111427e+00 6.573740565319925733e-02 -6.849017031246864250e-03
5.974305555555555536e+00 6.557900223046721211e-02 -6.876726855576068866e-03
5.975000000000000533e+00 6.542440714077663033e-02 -6.904043092380790850e-03
5.975694444444443754e+00 6.526642764967183208e-02 -6.930972100899004083e-03
5.976388888888888751e+00 6.511207419758337223e-02 -6.957521435732622224e-03
5.977083333333332860e+00 6.495469601063531828e-02 -6.983675387110953488e-03
5.977777777777777857e+00 6.480097456894666486e-02 -7.009450186317593701e-03
5.978472222222221966e+00 6.464401348311386852e-02 -7.032584905258789515e-03
5.979166666666666963e+00 6.449062240387005984e-02 -7.054774100298763853e-03
5.979861111111110183e+00 6.433427181309069043e-02 -7.076901299999016973e-03
5.980555555555555181e+00 6.418149593439434475e-02 -7.098686775235841552e-03
5.981250000000000178e+00 6.402572993474028862e-02 -7.120268905359772305e-03
5.981944444444444287e+00 6.387348295121511588e-02 -7.141564943626955639e-03
5.982638888888889284e+00 6.371822155158916867e-02 -7.162543981934115997e-03
5.983333333333333393e+00 6.356643195202894836e-02 -7.183293460831311796e-03
5.984027777777778390e+00 6.341177170548178976e-02 -7.203765571293692903e-03
5.984722222222221610e+00 6.326060256935103765e-02 -7.223929498651106978e-03
5.985416666666666607e+00 6.310663061348030511e-02 -7.243876995972812691e-03
5.986111111111110716e+00 6.295605730426070967e-02 -7.263586599188671597e-03
5.986805555555555713e+00 6.280261300035300254e-02 -7.282990886287621889e-03
5.987499999999999822e+00 6.265258210807742034e-02 -7.302193829744142543e-03
5.988194444444444819e+00 6.249980370145582359e-02 -7.321128964065471215e-03
5.988888888888888040e+00 6.235037475085961761e-02 -7.339775616596148043e-03
5.989583333333333037e+00 6.219826545718488281e-02 -7.358252499926944482e-03
5.990277777777777146e+00 6.204955765117419614e-02 -7.376485968111361376e-03
5.990972222222222143e+00 6.189806946657287756e-02 -7.394445249508397808e-03
5.991666666666667140e+00 6.174981158211897275e-02 -7.412237851042118193e-03
5.992361111111111249e+00 6.159895098020450738e-02 -7.429762747931212101e-03
5.993055555555556246e+00 6.145130477881258213e-02 -7.447068188452546367e-03
5.993749999999999467e+00 6.130106127074008010e-02 -7.464164786276255605e-03
5.994444444444444464e+00 6.115406109750158581e-02 -7.481110844774917570e-03
5.995138888888888573e+00 6.100444463038749016e-02 -7.497747339793262022e-03
5.995833333333333570e+00 6.085805806468112117e-02 -7.514334752026475064e-03
5.996527777777777679e+00 6.070906857014873176e-02 -7.531839205322340969e-03
5.997222222222222676e+00 6.056336569973214123e-02 -7.548459813556881136e-03
5.997916666666665897e+00 6.041522160225037963e-02 -7.564158047688097908e-03
5.998611111111110894e+00 6.027031654287605400e-02 -7.579771387739526155e-03
5.999305555555555003e+00 6.012277316354053963e-02 -7.595146591821731914e-03
6.000000000000000000e+00 5.997838452709881168e-02 -7.610417042427528034e-03
6.000694444444444109e+00 5.983150725599430814e-02 -7.625370589553164338e-03
6.001388888888889106e+00 5.968783417600607294e-02 -7.640320602428263448e-03
6.002083333333334103e+00 5.954175455962357200e-02 -7.654972229207882180e-03
6.002777777777777324e+00 5.939881368393309935e-02 -7.670564466821441253e-03
6.003472222222222321e+00 5.925349863532393402e-02 -7.685410778105911458e-03
6.004166666666666430e+00 5.911131021106415251e-02 -7.699360308376434342e-03
6.004861111111111427e+00 5.896663029141191448e-02 -7.713243361617791102e-03
6.005555555555555536e+00 5.882503969385232540e-02 -7.726986691118591967e-03
6.006250000000000533e+00 5.868114064982508232e-02 -7.740497512147122283e-03
6.006944444444443754e+00 5.854037771993881450e-02 -7.753953884545999875e-03
6.007638888888888751e+00 5.839731340451015384e-02 -7.767167605395980910e-03
6.008333333333332860e+00 5.825732402396737591e-02 -7.781249053277970208e-03
6.009027777777777857e+00 5.811480936322280938e-02 -7.794650198537078460e-03
6.009722222222221966e+00 5.797543078496263796e-02 -7.807242248924517111e-03
6.010416666666666963e+00 5.783373375628710761e-02 -7.819751846596136730e-03
6.011111111111110183e+00 5.769516556524051376e-02 -7.832145665120309949e-03
6.011805555555555181e+00 5.755427787413325280e-02 -7.844375430502535315e-03
6.012500000000000178e+00 5.741653405476416366e-02 -7.856469649416187098e-03
6.013194444444444287e+00 5.727645693757230788e-02 -7.868387248762067493e-03
6.013888888888889284e+00 5.713950617617490069e-02 -7.880249880253256331e-03
6.014583333333333393e+00 5.700013756977864027e-02 -7.892659588821519107e-03
6.015277777777778390e+00 5.686386547170520916e-02 -7.904633716872423721e-03
6.015972222222221610e+00 5.672531138539767953e-02 -7.915848347051742881e-03
6.016666666666666607e+00 5.658985490601088630e-02 -7.926986800104066783e-03
6.017361111111110716e+00 5.645210235600700566e-02 -7.938004998416427899e-03
6.018055555555555713e+00 5.631748628921235539e-02 -7.948922984201165637e-03
6.018749999999999822e+00 5.618047743582106623e-02 -7.959608528671007974e-03
6.019444444444444819e+00 5.604658273043233024e-02 -7.970288751683204248e-03
6.020138888888888040e+00 5.591035092208158919e-02 -7.980758500636927003e-03
6.020833333333333037e+00 5.577727497153496528e-02 -7.991845864562812859e-03
6.021527777777777146e+00 5.564187857644791596e-02 -8.002515154950646040e-03
6.022222222222222143e+00 5.550972080273074843e-02 -8.012504137014675801e-03
6.022916666666667140e+00 5.537503259598910293e-02 -8.022431463671075499e-03
6.023611111111111249e+00 5.524360091384788313e-02 -8.032281225684874057e-03
6.024305555555556246e+00 5.510965090955682877e-02 -8.041933958997304552e-03
6.024999999999999467e+00 5.497907929586697690e-02 -8.051572245838531719e-03
6.025694444444444464e+00 5.484603098215157235e-02 -8.061003614858177138e-03
6.026388888888888573e+00 5.471632528477176488e-02 -8.070404638374491929e-03
6.027083333333333570e+00 5.458395783434153575e-02 -8.080188724209741089e-03
6.027777777777777679e+00 5.445502633481887067e-02 -8.089730183972880170e-03
6.028472222222222676e+00 5.432337540041880242e-02 -8.098596054394566549e-03
6.029166666666665897e+00 5.419540273633194349e-02 -8.107493536811493165e-03
6.029861111111110894e+00 5.406452097842506105e-02 -8.116257303117314220e-03
6.030555555555555003e+00 5.393753673291160761e-02 -8.124921684215333922e-03
6.031250000000000000e+00 5.380725222249543860e-02 -8.133457357451733330e-03
6.031944444444444109e+00 5.368119018784750507e-02 -8.141984301715162950e-03
6.032638888888889106e+00 5.355136353774729574e-02 -8.150274956506328022e-03
6.033333333333334103e+00 5.342612025480170113e-02 -8.159008857377379742e-03
6.034027777777777324e+00 5.329622335622398455e-02 -8.167550645137942184e-03
6.034722222222222321e+00 5.317121936316871605e-02 -8.175543722031004823e-03
6.035416666666666430e+00 5.304049811316147167e-02 -8.183408802816519514e-03
6.036111111111111427e+00 5.291519073138023499e-02 -8.191201397608736251e-03
6.036805555555555536e+00 5.278469204252721897e-02 -8.198888758800116153e-03
6.037500000000000533e+00 5.266021317014320940e-02 -8.206607525509774029e-03
6.038194444444443754e+00 5.253040760521506675e-02 -8.214105133384717525e-03
6.038888888888888751e+00 5.240699309267235484e-02 -8.221692441072091240e-03
6.039583333333332860e+00 5.227866047275191164e-02 -8.229345777974832882e-03
6.040277777777777857e+00 5.215710209194250602e-02 -8.237007799944441599e-03
6.040972222222221966e+00 5.203068316330618226e-02 -8.244105230146011459e-03
6.041666666666666963e+00 5.191097736888751479e-02 -8.251131905147259318e-03
6.042361111111110183e+00 5.178630408571771593e-02 -8.258080469141238986e-03
6.043055555555555181e+00 5.166823895943396111e-02 -8.265016741455464763e-03
6.043750000000000178e+00 5.154486406578238228e-02 -8.271781180269194289e-03
6.044444444444444287e+00 5.142773391582348280e-02 -8.278614231567962833e-03
6.045138888888889284e+00 5.130517563603648190e-02 -8.285209075631400424e-03
6.045833333333333393e+00 5.118880882305684027e-02 -8.292017896407440081e-03
6.046527777777778390e+00 5.106690677414155860e-02 -8.298901634274066449e-03
6.047222222222221610e+00 5.095111217868932008e-02 -8.305250617958634049e-03
6.047916666666666607e+00 5.082999626131391030e-02 -8.311456386837929797e-03
6.048611111111110716e+00 5.071492671249717976e-02 -8.317739254565775786e-03
6.049305555555555713e+00 5.059449472469154663e-02 -8.323826100297122485e-03
6.049999999999999822e+00 5.048005486477721848e-02 -8.329945084993378712e-03
6.050694444444444819e+00 5.036052212088963642e-02 -8.335884784244502674e-03
6.051388888888888040e+00 5.024687122710020520e-02 -8.341985373889700128e-03
6.052083333333333037e+00 5.012810274047507786e-02 -8.347935696237998582e-03
6.052777777777777146e+00 5.001508675665162357e-02 -8.354106790999790005e-03
6.053472222222222143e+00 4.989725546662041739e-02 -8.359715673697682911e-03
6.054166666666667140e+00 4.978519369314111931e-02 -8.365338042760291776e-03
6.054861111111111249e+00 4.966819912794447761e-02 -8.370867296555097037e-03
6.055555555555556246e+00 4.955676281390245658e-02 -8.376386732652733175e-03
6.056249999999999467e+00 4.944063117585154044e-02 -8.381769230389623029e-03
6.056944444444444464e+00 4.933005162933510462e-02 -8.387237450232929575e-03
6.057638888888888573e+00 4.921473236576614368e-02 -8.392432914699050894e-03
6.058333333333333570e+00 4.910484392595694525e-02 -8.397775695514321168e-03
6.059027777777777679e+00 4.899041283215105347e-02 -8.403308489547345328e-03
6.059722222222222676e+00 4.888140946106030171e-02 -8.408361573757528948e-03
6.060416666666665897e+00 4.876776522173999900e-02 -8.413326194209791095e-03
6.061111111111110894e+00 4.865947163956402255e-02 -8.418350256110618615e-03
6.061805555555555003e+00 4.854667339100814105e-02 -8.423121950143717604e-03
6.062500000000000000e+00 4.843929568760616672e-02 -8.428064435883727418e-03
6.063194444444444109e+00 4.832723580660542445e-02 -8.432792856149865998e-03
6.063888888888889106e+00 4.822044737722219060e-02 -8.437684834981425130e-03
6.064583333333334103e+00 4.810929468613208554e-02 -8.442237645719039008e-03
6.065277777777777324e+00 4.800335204658459642e-02 -8.447242242391909267e-03
6.065972222222222321e+00 4.789297712089542886e-02 -8.451714451530376385e-03
6.066666666666666430e+00 4.778777923708073944e-02 -8.456190329539427578e-03
6.067361111111111427e+00 4.767818195171712875e-02 -8.460539909285089491e-03
6.068055555555555536e+00 4.757371784548842381e-02 -8.464966620504757802e-03
6.068750000000000533e+00 4.746493913906309203e-02 -8.469226732190684656e-03
6.069444444444443754e+00 4.736120178095543781e-02 -8.473605257547608613e-03
6.070138888888888751e+00 4.725324842833845962e-02 -8.477770663233519244e-03
6.070833333333332860e+00 4.715032079416179439e-02 -8.481868247694521190e-03
6.071527777777777857e+00 4.704308238994990565e-02 -8.486344329136889450e-03
6.072222222222221966e+00 4.694079756728107566e-02 -8.490423583690336062e-03
6.072916666666666963e+00 4.683441557097101082e-02 -8.494304978200179976e-03
6.073611111111111960e+00 4.673295686549432115e-02 -8.498288275987600504e-03
6.074305555555555181e+00 4.662731998436014935e-02 -8.502100856183622546e-03
6.075000000000000178e+00 4.652649967224963684e-02 -8.506090110805152385e-03
6.075694444444444287e+00 4.642173281336579860e-02 -8.509761958959536146e-03
6.076388888888889284e+00 4.632167399282562797e-02 -8.513519763673539978e-03
6.077083333333333393e+00 4.621763229746961993e-02 -8.517562594569746959e-03
6.077777777777778390e+00 4.611823660609546544e-02 -8.521255084243088349e-03
6.078472222222221610e+00 4.601500156706854472e-02 -8.524762992741994477e-03
6.079166666666666607e+00 4.591641990757544534e-02 -8.528344519331267429e-03
6.079861111111110716e+00 4.581399168204720873e-02 -8.531785258538780725e-03
6.080555555555555713e+00 4.571612423819360754e-02 -8.535400611695149672e-03
6.081249999999999822e+00 4.561446875136256074e-02 -8.538741371006271577e-03
6.081944444444444819e+00 4.551731630892742048e-02 -8.542342376953355326e-03
6.082638888888888040e+00 4.541635567171604243e-02 -8.545482301750137108e-03
6.083333333333333037e+00 4.531993321476627395e-02 -8.549181076933882323e-03
6.084027777777778034e+00 4.521970301295813455e-02 -8.552389227661905471e-03
6.084722222222222143e+00 4.512403998984559905e-02 -8.555549758187945553e-03
6.085416666666667140e+00 4.502457395799233653e-02 -8.558689985950683476e-03
6.086111111111111249e+00 4.492949444512013557e-02 -8.561913932455931034e-03
6.086805555555556246e+00 4.483084245192276579e-02 -8.564960328431658540e-03
6.087499999999999467e+00 4.473655655958874711e-02 -8.568172570555242576e-03
6.088194444444444464e+00 4.463871490406404879e-02 -8.571148286266696767e-03
6.088888888888888573e+00 4.454509444310955635e-02 -8.573985137824065642e-03
6.089583333333333570e+00 4.444801187717183771e-02 -8.577285086866415567e-03
6.090277777777777679e+00 4.435518315212961388e-02 -8.580218055576504035e-03
6.090972222222222676e+00 4.425887104960619239e-02 -8.582986699182537302e-03
6.091666666666665897e+00 4.416675788354603588e-02 -8.585895972798409173e-03
6.092361111111110894e+00 4.407112696083380354e-02 -8.588617231634378124e-03
6.093055555555555003e+00 4.397979337698641050e-02 -8.591500538632447850e-03
6.093750000000000000e+00 4.388496736295901396e-02 -8.594166279484142731e-03
6.094444444444444997e+00 4.379419967532076352e-02 -8.597050778425933265e-03
6.095138888888889106e+00 4.370022530048682519e-02 -8.599359741304084953e-03
6.095833333333334103e+00 4.361023199182901405e-02 -8.602386812349312878e-03
6.096527777777777324e+00 4.351689596459223236e-02 -8.604927729627681252e-03
6.097222222222222321e+00 4.342741966406177268e-02 -8.607498029616479293e-03
6.097916666666666430e+00 4.333486091152740499e-02 -8.609977595931661218e-03
6.098611111111111427e+00 4.324621883161869351e-02 -8.612497721962941027e-03
6.099305555555555536e+00 4.315436546067714929e-02 -8.614912704510041194e-03
6.100000000000000533e+00 4.306622174749416554e-02 -8.617533000911049151e-03
6.100694444444443754e+00 4.297510271564391332e-02 -8.619697790493858688e-03
6.101388888888888751e+00 4.288787665878099342e-02 -8.622422270758612825e-03
6.102083333333332860e+00 4.279749379783422819e-02 -8.624731806805625844e-03
6.102777777777777857e+00 4.271071416621384509e-02 -8.627027622361923068e-03
6.103472222222221966e+00 4.262102125434886341e-02 -8.629284291744719615e-03
6.104166666666666963e+00 4.253501529805009396e-02 -8.631600546316319997e-03
6.104861111111111960e+00 4.244606108505855763e-02 -8.633762258822183858e-03
6.105555555555555181e+00 4.236066575912463689e-02 -8.636121994195417040e-03
6.106250000000000178e+00 4.227243525497854232e-02 -8.638241150166890703e-03
6.106944444444444287e+00 4.218768806607489652e-02 -8.640182147893344863e-03
6.107638888888889284e+00 4.210001352784233791e-02 -8.642630905946361436e-03
6.108333333333333393e+00 4.201571054407594874e-02 -8.644756507777046073e-03
6.109027777777778390e+00 4.192858764588736076e-02 -8.646699388653837290e-03
6.109722222222221610e+00 4.184467661216879908e-02 -8.648836569339068969e-03
6.110416666666666607e+00 4.175805304364131609e-02 -8.650758495898842534e-03
6.111111111111110716e+00 4.167461811523293785e-02 -8.652851749019639313e-03
6.111805555555555713e+00 4.158882584720034054e-02 -8.654749837045899383e-03
6.112499999999999822e+00 4.150619503155708601e-02 -8.656900954170994311e-03
6.113194444444444819e+00 4.142154592702432248e-02 -8.658438014962726442e-03
6.113888888888888040e+00 4.134014461502384663e-02 -8.660695572247519708e-03
6.114583333333333037e+00 4.125685273126596109e-02 -8.662510852925697086e-03
6.115277777777778034e+00 4.117675987757244555e-02 -8.664369497704868528e-03
6.115972222222222143e+00 4.109469016872376729e-02 -8.666136431013800670e-03
6.116666666666667140e+00 4.101557585249560045e-02 -8.667935323295142269e-03
6.117361111111111249e+00 4.093438956457535333e-02 -8.669624261545860397e-03
6.118055555555556246e+00 4.085597338579371324e-02 -8.671551518571464848e-03
6.118749999999999467e+00 4.077544793580280963e-02 -8.673238798466037860e-03
6.119444444444444464e+00 4.069776210630168117e-02 -8.674685742483678394e-03
6.120138888888888573e+00 4.061808634227176418e-02 -8.676676858428945469e-03
6.120833333333333570e+00 4.054122375410697254e-02 -8.678417303517965004e-03
6.121527777777777679e+00 4.046246899874055697e-02 -8.679969819673878303e-03
6.122222222222222676e+00 4.038648179834716800e-02 -8.681687380443146168e-03
6.122916666666665897e+00 4.030863253555352910e-02 -8.683208259442737678e-03
6.123611111111110894e+00 4.023347742362094054e-02 -8.684960305066205186e-03
6.124305555555555003e+00 4.015647774726403829e-02 -8.686419975347529215e-03
6.125000000000000000e+00 4.008209361293824796e-02 -8.687772788780001240e-03
6.125694444444444997e+00 4.000598043476556731e-02 -8.689593252394500061e-03
6.126388888888889106e+00 3.993236775455401982e-02 -8.691167009693171255e-03
6.127083333333334103e+00 3.985706150574577777e-02 -8.692546408395951385e-03
6.127777777777777324e+00 3.978427038980046626e-02 -8.694049401538575528e-03
6.128472222222222321e+00 3.970985871251330596e-02 -8.695414471368364748e-03
6.129166666666666430e+00 3.963792877046497937e-02 -8.696992086691050783e-03
6.129861111111111427e+00 3.956452264944818054e-02 -8.698310034096566612e-03
6.130555555555555536e+00 3.949370720004940355e-02 -8.699923139420310397e-03
6.131250000000000533e+00 3.942135716030097797e-02 -8.700897587952302267e-03
6.131944444444443754e+00 3.935147678583410941e-02 -8.702607914850781293e-03
6.132638888888888751e+00 3.928001564241578869e-02 -8.703920241330025814e-03
6.133333333333332860e+00 3.921098545753048947e-02 -8.705215715882518718e-03
6.134027777777777857e+00 3.914046648014199437e-02 -8.706496397644092333e-03
6.134722222222221966e+00 3.907229329125905259e-02 -8.707862281084671405e-03
6.135416666666666963e+00 3.900237126518715791e-02 -8.709057322635251064e-03
6.136111111111111960e+00 3.893460146920685316e-02 -8.710489910651169135e-03
6.136805555555555181e+00 3.886513883966632305e-02 -8.711683117685477262e-03
6.137500000000000178e+00 3.879763743735020060e-02 -8.712605884999972614e-03
6.138194444444444287e+00 3.872880258143725912e-02 -8.714134992484908609e-03
6.138888888888889284e+00 3.866177962391850048e-02 -8.715382113960013985e-03
6.139583333333333393e+00 3.859360177264174740e-02 -8.716468253378007597e-03
6.140277777777778390e+00 3.852727193905421121e-02 -8.717707495826917605e-03
6.140972222222221610e+00 3.846012755728986376e-02 -8.718729932625013390e-03
6.141666666666666607e+00 3.839434153421414364e-02 -8.720017895969404617e-03
6.142361111111110716e+00 3.832812428641513974e-02 -8.721088350716827212e-03
6.143055555555555713e+00 3.826289140303359981e-02 -8.722376047954618142e-03
6.143749999999999822e+00 3.819743335869679735e-02 -8.722981744894532652e-03
6.144444444444444819e+00 3.813285485061930491e-02 -8.724428491230583338e-03
6.145138888888888040e+00 3.806836951158486942e-02 -8.725494430568468338e-03
6.145833333333333037e+00 3.800457588287776967e-02 -8.726565042981157191e-03
6.146527777777778034e+00 3.794094669104765977e-02 -8.727532363483782654e-03
6.147222222222222143e+00 3.787796899917159760e-02 -8.728653102296207375e-03
6.147916666666667140e+00 3.781518488916724846e-02 -8.729621146720175848e-03
6.148611111111111249e+00 3.775295543980759089e-02 -8.730777262455757110e-03
6.149305555555556246e+00 3.769104631419747942e-02 -8.731385065439299306e-03
6.149999999999999467e+00 3.762957782721165767e-02 -8.732665549986702580e-03
6.150694444444444464e+00 3.756834836517621706e-02 -8.733645323635243554e-03
6.151388888888888573e+00 3.750752725294548284e-02 -8.734588806055288215e-03
6.152083333333333570e+00 3.744691120071752533e-02 -8.735447152866830656e-03
6.152777777777777679e+00 3.738672437548180849e-02 -8.736437145875670593e-03
6.153472222222222676e+00 3.732674921985117827e-02 -8.737334403500923025e-03
6.154166666666665897e+00 3.726712532513359183e-02 -8.738383655276070125e-03
6.154861111111110894e+00 3.720776531187954678e-02 -8.739253504548922385e-03
6.155555555555555003e+00 3.714879788666798632e-02 -8.739826352996412501e-03
6.156250000000000000e+00 3.709000304833290351e-02 -8.740992438580787519e-03
6.156944444444444997e+00 3.703165608425514760e-02 -8.741897843055755624e-03
6.157638888888889106e+00 3.697341908973723196e-02 -8.742612321012909263e-03
6.158333333333334103e+00 3.691567295711281615e-02 -8.743517892776398945e-03
6.159027777777777324e+00 3.685802571022002427e-02 -8.744291793747209843e-03
6.159722222222222321e+00 3.680088490334271212e-02 -8.745217850693954090e-03
6.160416666666666430e+00 3.674382225339275360e-02 -8.745957523099551906e-03
6.161111111111111427e+00 3.668735695998927987e-02 -8.746953209507404500e-03
6.161805555555555536e+00 3.663094648910807799e-02 -8.747266630967484927e-03
6.162500000000000533e+00 3.657509984201257752e-02 -8.748387801357353569e-03
6.163194444444443754e+00 3.651923058917842801e-02 -8.749141943402463997e-03
6.163888888888888751e+00 3.646403632486840130e-02 -8.749915708220947635e-03
6.164583333333332860e+00 3.640881469983391072e-02 -8.750636011544500603e-03
6.165277777777777857e+00 3.635426859199385186e-02 -8.751431309761711561e-03
6.165972222222221966e+00 3.629971096541795283e-02 -8.752120433665929941e-03
6.166666666666666963e+00 3.624569031581698075e-02 -8.752986612444347767e-03
6.167361111111111960e+00 3.619143590829863172e-02 -8.753288429258435782e-03
6.168055555555555181e+00 3.613765152262146674e-02 -8.754272247432023230e-03
6.168750000000000178e+00 3.608383158095675169e-02 -8.754966094774590396e-03
6.169444444444444287e+00 3.603061460946219152e-02 -8.755592347057127370e-03
6.170138888888889284e+00 3.597744208690894369e-02 -8.756235368025805377e-03
6.170833333333333393e+00 3.592491614464632388e-02 -8.756980657049313541e-03
6.171527777777778390e+00 3.587244262403346817e-02 -8.757592653201052083e-03
6.172222222222221610e+00 3.582066466535835381e-02 -8.758386398405241038e-03
6.172916666666666607e+00 3.576890480303236003e-02 -8.759003977034279451e-03
6.173611111111110716e+00 3.571782107208285040e-02 -8.759327128684143982e-03
6.174305555555555713e+00 3.566669177346454278e-02 -8.760237493386165836e-03
6.174999999999999822e+00 3.561611019556442520e-02 -8.760919897864625355e-03
6.175694444444444819e+00 3.556550749338165118e-02 -8.761450673080376644e-03
6.176388888888888040e+00 3.551534991998316071e-02 -8.762132796288396933e-03
6.177083333333333037e+00 3.546526107092055902e-02 -8.762664756642555772e-03
6.177777777777778034e+00 3.541561908271637082e-02 -8.763362655652830874e-03
6.178472222222222143e+00 3.536609465971443655e-02 -8.763892396589926387e-03
6.179166666666667140e+00 3.531706193374599401e-02 -8.764645166022955527e-03
6.179861111111111249e+00 3.526814659678077085e-02 -8.764751708605158370e-03
6.180555555555556246e+00 3.521977437570128489e-02 -8.765600387218987904e-03
6.181249999999999467e+00 3.517151471971931287e-02 -8.766135533983313716e-03
6.181944444444444464e+00 3.512374055750911578e-02 -8.766682294632904479e-03
6.182638888888888573e+00 3.507613294343531196e-02 -8.767202112667748376e-03
6.183333333333333570e+00 3.502901235721312539e-02 -8.767777684665956778e-03
6.184027777777777679e+00 3.498198161975164810e-02 -8.768273948418395941e-03
6.184722222222222676e+00 3.493540889827799478e-02 -8.768938041428940566e-03
6.185416666666665897e+00 3.488890295775910755e-02 -8.769063695969839603e-03
6.186111111111110894e+00 3.484285337010570999e-02 -8.769820859065991306e-03
6.186805555555555003e+00 3.479690321384197593e-02 -8.770305973151268711e-03
6.187500000000000000e+00 3.475131306168422612e-02 -8.770764110197325561e-03
6.188194444444444997e+00 3.470585465175370088e-02 -8.771239229117322456e-03
6.188888888888889106e+00 3.466078014483885833e-02 -8.771782908074772164e-03
6.189583333333334103e+00 3.461585579696221937e-02 -8.772218597442732468e-03
6.190277777777777324e+00 3.457129982986055505e-02 -8.772800170500244868e-03
6.190972222222222321e+00 3.452692876203692501e-02 -8.773243426265207173e-03
6.191666666666666430e+00 3.448289477587101332e-02 -8.773386485199331439e-03
6.192361111111111427e+00 3.443901180550154595e-02 -8.774100052188418472e-03
6.193055555555555536e+00 3.439542836913183493e-02 -8.774610964100426624e-03
6.193750000000000533e+00 3.435204042271556429e-02 -8.774949531537091021e-03
6.194444444444443754e+00 3.430896220176123113e-02 -8.775471928445448960e-03
6.195138888888888751e+00 3.426603449382749356e-02 -8.775840135523196861e-03
6.195833333333332860e+00 3.422347455938297422e-02 -8.776345709193833500e-03
6.196527777777777857e+00 3.418106309304548562e-02 -8.776722398402918984e-03
6.197222222222221966e+00 3.413902614576356381e-02 -8.777328535222872138e-03
6.197916666666666963e+00 3.409698702164553480e-02 -8.777269950747805874e-03
6.198611111111111960e+00 3.405543340276648290e-02 -8.777965960022291250e-03
6.199305555555555181e+00 3.401398036607124198e-02 -8.778364192609423508e-03
6.200000000000000178e+00 3.397291221719896809e-02 -8.778743296633407384e-03
6.200694444444444287e+00 3.393176667634115878e-02 -8.779110556710021523e-03
6.201388888888889284e+00 3.389105159919036242e-02 -8.779555872139303135e-03
6.202083333333333393e+00 3.385054927760749316e-02 -8.779890227123126126e-03
6.202777777777778390e+00 3.381036636347609092e-02 -8.780415176945090272e-03
6.203472222222221610e+00 3.376985681599584121e-02 -8.780402248858041464e-03
6.204166666666666607e+00 3.372998146129817937e-02 -8.780998304589122949e-03
6.204861111111110716e+00 3.369051987044859031e-02 -8.781382908241014418e-03
6.205555555555555713e+00 3.365122198367047346e-02 -8.781715086209946133e-03
6.206249999999999822e+00 3.361123887333732768e-02 -8.782061061035132538e-03
6.206944444444444819e+00 3.357220549118660607e-02 -8.782447536991307840e-03
6.207638888888888040e+00 3.353385551597787978e-02 -8.782739319941048825e-03
6.208333333333333037e+00 3.349523267833363210e-02 -8.783201310498509745e-03
6.209027777777778034e+00 3.345579439820879630e-02 -8.783500364263212984e-03
6.209722222222222143e+00 3.341750943631289356e-02 -8.783510617465833253e-03
6.210416666666667140e+00 3.338008670185287075e-02 -8.784066479823538637e-03
6.211111111111111249e+00 3.334206206919010373e-02 -8.784432927502775976e-03
6.211805555555556246e+00 3.330304840616345879e-02 -8.784681204767419080e-03
6.212499999999999467e+00 3.326519513097231373e-02 -8.785055650925658807e-03
6.213194444444444464e+00 3.322842634737876305e-02 -8.785220289369550725e-03
6.213888888888888573e+00 3.319098232879525573e-02 -8.785595199849236328e-03
6.214583333333333570e+00 3.315254234809415779e-02 -8.785840760146563372e-03
6.215277777777777679e+00 3.311505823310632174e-02 -8.786335596845350204e-03
6.215972222222222676e+00 3.307874361912578609e-02 -8.786199235508770217e-03
6.216666666666665897e+00 3.304176887072364510e-02 -8.786752663831507229e-03
6.217361111111110894e+00 3.300395461499468913e-02 -8.787081161363102105e-03
6.218055555555555003e+00 3.296698251958710829e-02 -8.787384356959384440e-03
6.218750000000000000e+00 3.293112578487764758e-02 -8.787629868473234226e-03
6.219444444444444997e+00 3.289467268791532867e-02 -8.787981262837980811e-03
6.220138888888889106e+00 3.285739746532471278e-02 -8.788233947158373763e-03
6.220833333333334103e+00 3.282098986193295043e-02 -8.788624712189682317e-03
6.221527777777777324e+00 3.278557231510621783e-02 -8.788539222245601856e-03
6.222222222222222321e+00 3.274959191082624232e-02 -8.789024253683559718e-03
6.222916666666666430e+00 3.271268122337832318e-02 -8.789329317108405745e-03
6.223611111111111427e+00 3.267667674491962770e-02 -8.789573188081474184e-03
6.224305555555555536e+00 3.264163496753614419e-02 -8.789787408017600903e-03
6.225000000000000533e+00 3.260611530792502377e-02 -8.790083724337330318e-03
6.225694444444443754e+00 3.256974908190941875e-02 -8.790305592833258172e-03
6.226388888888888751e+00 3.253423543366757570e-02 -8.790628069229634162e-03
6.227083333333332860e+00 3.249972120999621711e-02 -8.790852138695808352e-03
6.227777777777777857e+00 3.246461923737530703e-02 -8.790776845815693671e-03
6.228472222222221966e+00 3.242852018812051457e-02 -8.791228750902001926e-03
6.229166666666666963e+00 3.239335666278811421e-02 -8.791534706606334362e-03
6.229861111111111960e+00 3.235919315776894511e-02 -8.791685462470189352e-03
6.230555555555555181e+00 3.232446913690718848e-02 -8.791983830185015961e-03
6.231250000000000178e+00 3.228877163965761937e-02 -8.792149389704679088e-03
6.231944444444444287e+00 3.225398569855569830e-02 -8.792445732554188612e-03
6.232638888888889284e+00 3.222012885073845256e-02 -8.792622300790855702e-03
6.233333333333333393e+00 3.218562480257083913e-02 -8.793004329752961146e-03
6.234027777777778390e+00 3.215017889391787870e-02 -8.792756823401184571e-03
6.234722222222221610e+00 3.211576953388296102e-02 -8.793232747448056358e-03
6.235416666666666607e+00 3.208223141340423717e-02 -8.793444697099922144e-03
6.236111111111110716e+00 3.204811872110967241e-02 -8.793603091684479983e-03
6.236805555555555713e+00 3.201308037096353004e-02 -8.793795909166261457e-03
6.237499999999999822e+00 3.197918167151032193e-02 -8.794059656791464868e-03
6.238194444444444819e+00 3.194620812485897410e-02 -8.794200405382176025e-03
6.238888888888888040e+00 3.191249895575848372e-02 -8.794546944280166520e-03
6.239583333333333037e+00 3.187782716607551886e-02 -8.794706770538130922e-03
6.240277777777778034e+00 3.184416360965720838e-02 -8.794523083700709828e-03
6.240972222222222143e+00 3.181147557242931107e-02 -8.794967623805161061e-03
6.241666666666667140e+00 3.177797604348732430e-02 -8.795210515796970593e-03
6.242361111111111249e+00 3.174351477452082293e-02 -8.795292380573844701e-03
6.243055555555556246e+00 3.170991804458372920e-02 -8.795564341113176407e-03
6.243749999999999467e+00 3.834030961824502065e-02 -8.792608382147107729e-03
6.244444444444444464e+00 4.074373877204661570e-02 -8.780457166867833979e-03
6.245138888888888573e+00 3.789505491794646630e-02 -8.755632701373370144e-03
6.245833333333333570e+00 3.734186511395669317e-02 -8.721227155218488902e-03
6.246527777777777679e+00 3.779009469482056544e-02 -8.676792184494927160e-03
6.247222222222222676e+00 3.815038924111323337e-02 -8.618591502166256593e-03
6.247916666666665897e+00 3.861758500582754272e-02 -8.547689145361385063e-03
6.248611111111110894e+00 3.930993986749393293e-02 -8.465345320306719504e-03
6.249305555555555003e+00 4.019856475760846815e-02 -8.372027423596698284e-03
6.250000000000000000e+00 4.133546737998684828e-02 -8.266930393904628124e-03
6.250694444444444997e+00 4.269305999242953981e-02 -8.153879651719252511e-03
6.251388888888889106e+00 4.431995701432987073e-02 -8.031931558387755271e-03
6.252083333333334103e+00 4.621036652507431314e-02 -7.901905714882815138e-03
6.252777777777777324e+00 4.828943622838931249e-02 -7.762795715049110486e-03
6.253472222222222321e+00 5.047531923598293918e-02 -7.608465041544678308e-03
6.254166666666666430e+00 5.253268137031320839e-02 -7.440942162129908326e-03
6.254861111111111427e+00 5.454114824323903071e-02 -7.263950404582774321e-03
6.255555555555555536e+00 5.644347503103129549e-02 -7.079579922270176802e-03
6.256250000000000533e+00 5.815899003504141490e-02 -6.886316089030519901e-03
6.256944444444443754e+00 5.971584501117609828e-02 -6.681512963144197771e-03
6.257638888888888751e+00 6.110706928441483887e-02 -6.464912777431100141e-03
6.258333333333332860e+00 6.242061434821000176e-02 -6.237030519203655941e-03
6.259027777777777857e+00 6.367968066160578644e-02 -5.994193876624909038e-03
6.259722222222221966e+00 6.493408875404335645e-02 -5.741997427955556829e-03
6.260416666666666963e+00 6.620798095532878791e-02 -5.475896643777657981e-03
6.261111111111111960e+00 6.314745559756286541e-02 -5.198742643885203088e-03
6.261805555555555181e+00 5.997773918040202185e-02 -4.915669436697996456e-03
6.262500000000000178e+00 5.603968590764310531e-02 -4.623001361962740877e-03
6.263194444444444287e+00 5.117904149166214306e-02 -4.336383980462042362e-03
6.263888888888889284e+00 4.658996555400659462e-02 -4.061541930735197356e-03
6.264583333333333393e+00 4.475850988400315728e-02 -3.789688637796002034e-03
6.265277777777778390e+00 4.322882508978181937e-02 -3.514814312571181831e-03
6.265972222222221610e+00 4.215231217571833305e-02 -3.229485417013260549e-03
6.266666666666666607e+00 4.140132032615966018e-02 -2.949698438480581868e-03
6.267361111111110716e+00 4.095730283739737465e-02 -2.686971219451647196e-03
6.268055555555555713e+00 4.629382849278113748e-02 -2.432557069938683439e-03
6.268749999999999822e+00 6.155276822806574066e-02 -2.157352357730425978e-03
6.269444444444444819e+00 6.999841701607681377e-02 -1.826105714391601824e-03
6.270138888888888040e+00 7.867833073016171352e-02 -1.456940447670266843e-03
6.270833333333333037e+00 8.668602989039805862e-02 -1.079655442940013121e-03
6.271527777777778034e+00 8.633268549588625496e-02 -6.683273521295296634e-04
6.272222222222222143e+00 8.712130163695186447e-02 -2.207450444527506454e-04
6.272916666666667140e+00 8.751845478317872573e-02 2.454694325111392663e-04
6.273611111111111249e+00 8.821214722229783756e-02 7.309741577508660926e-04
6.274305555555556246e+00 8.885957970718993959e-02 1.236247441619804524e-03
6.274999999999999467e+00 8.967475298437374565e-02 1.778132992433304567e-03
6.275694444444444464e+00 9.048783457526507479e-02 2.332784152084075441e-03
6.276388888888888573e+00 9.136515006454688781e-02 2.882503992095764283e-03
6.277083333333333570e+00 9.227547311968047061e-02 3.448973132483243702e-03
6.277777777777777679e+00 9.323987390755154869e-02 4.029349560307705393e-03
6.278472222222222676e+00 9.420571650550882414e-02 4.628227111601826253e-03
6.279166666666665897e+00 9.523629257098567558e-02 5.243579359790648611e-03
6.279861111111110894e+00 9.630966136908609976e-02 5.873034559865515994e-03
6.280555555555555003e+00 9.742946801602594964e-02 6.513219085226736038e-03
6.281250000000000000e+00 9.857990218432222118e-02 7.132551835286438102e-03
6.281944444444444997e+00 9.968657007478261278e-02 7.776227690859837359e-03
6.282638888888889106e+00 1.008236957696090896e-01 8.479559620639112380e-03
6.283333333333334103e+00 1.019843572875166332e-01 9.194438918788048337e-03
6.284027777777777324e+00 1.031709785372043747e-01 9.892310064183002308e-03
6.284722222222222321e+00 1.043717372602925575e-01 1.057817096308615208e-02
6.285416666666666430e+00 1.055941475715460459e-01 1.129906883056239209e-02
6.286111111111111427e+00 1.068219379056353641e-01 1.204493611999373978e-02
6.286805555555555536e+00 1.080691627247003656e-01 1.276489808105868776e-02
6.287500000000000533e+00 1.093171620844742842e-01 1.346504530026295179e-02
6.288194444444443754e+00 1.105931713984514703e-01 1.415780296257379729e-02
6.288888888888888751e+00 1.118468198929324364e-01 1.489371859863881410e-02
6.289583333333332860e+00 1.131344095579957382e-01 1.567259293947032006e-02
6.290277777777777857e+00 1.144194653786673177e-01 1.644841330859801720e-02
6.290972222222221966e+00 1.157404932574719048e-01 1.722448680687141062e-02
6.291666666666666963e+00 1.170739386156398748e-01 1.799128084828407678e-02
6.292361111111111960e+00 1.184292054680179812e-01 1.876555241893173784e-02
6.293055555555555181e+00 1.198038156690808959e-01 1.955044229548780904e-02
6.293750000000000178e+00 1.212270573174070581e-01 2.032738934240172629e-02
6.294444444444444287e+00 1.226639691047002184e-01 2.112583238291682389e-02
6.295138888888889284e+00 1.241496899657029557e-01 2.193852541115209887e-02
6.295833333333333393e+00 1.256019737777796796e-01 2.275639225822248535e-02
6.296527777777778390e+00 1.271016974069183181e-01 2.357170313442791265e-02
6.297222222222221610e+00 1.286102669972469803e-01 2.439969054522959924e-02
6.297916666666666607e+00 1.301645153380217024e-01 2.526510184250727042e-02
6.298611111111110716e+00 1.317248027490985074e-01 2.614434396665972493e-02
6.299305555555555713e+00 1.333292661313880412e-01 2.705410103058958002e-02
6.299999999999999822e+00 1.349374709788039584e-01 2.798396465737269106e-02
6.300694444444444819e+00 1.365892468185525011e-01 2.890134714532553717e-02
6.301388888888888040e+00 1.382425160098774974e-01 2.984599856550751093e-02
6.302083333333333037e+00 1.399391369780743632e-01 3.081255705132705455e-02
6.302777777777778034e+00 1.416144230723598296e-01 3.178230995845375551e-02
6.303472222222222143e+00 1.433356592842624788e-01 3.277525228141701247e-02
6.304166666666667140e+00 1.450573381689414521e-01 3.378034975352824792e-02
6.304861111111111249e+00 1.468246158790109390e-01 3.481443985087721155e-02
6.305555555555556246e+00 1.485906304349176033e-01 3.586442477244045079e-02
6.306249999999999467e+00 1.503648526081761416e-01 3.689832244745568784e-02
6.306944444444444464e+00 1.521446518285522187e-01 3.790007310236567784e-02
6.307638888888888573e+00 1.539779123489025681e-01 3.888187519914276802e-02
6.308333333333333570e+00 1.558155992507901100e-01 3.986422268091146387e-02
6.309027777777777679e+00 1.577089844166209565e-01 4.084788380787764128e-02
6.309722222222222676e+00 1.596077529474562162e-01 4.185240501042873651e-02
6.310416666666665897e+00 1.615662711347375935e-01 4.290736738782111731e-02
6.311111111111110894e+00 1.635330592217281998e-01 4.399706628619803883e-02
6.311805555555555003e+00 1.655633106254090492e-01 4.504197795184949199e-02
6.312500000000000000e+00 1.676027077440300217e-01 4.603987868160708957e-02
6.313194444444444997e+00 1.695682191002674533e-01 4.704120593521110560e-02
6.313888888888889106e+00 1.715402987851306071e-01 4.804926655959097792e-02
6.314583333333334103e+00 1.735643738413264192e-01 4.907420992332210685e-02
6.315277777777777324e+00 1.755713638810178223e-01 5.007777325658462064e-02
6.315972222222222321e+00 1.776124893956571582e-01 5.107823912777927078e-02
6.316666666666666430e+00 1.796886675157091939e-01 5.210437587355894185e-02
6.317361111111111427e+00 1.817752395726093262e-01 5.313698656173954787e-02
6.318055555555555536e+00 1.837987082358036039e-01 5.419285793287688391e-02
6.318750000000000533e+00 1.858068447976821413e-01 5.521497586641049837e-02
6.319444444444443754e+00 1.877253494116253307e-01 5.621095116682151005e-02
6.320138888888888751e+00 1.896380382503685125e-01 5.724999682374531940e-02
6.320833333333332860e+00 1.914346572709049454e-01 5.832715584680812221e-02
6.321527777777777857e+00 1.931666510447616059e-01 5.939880504113385917e-02
6.322222222222221966e+00 1.947723068836551830e-01 6.045254917079952162e-02
6.322916666666666963e+00 1.963080178189429426e-01 6.147245140436308902e-02
6.323611111111111960e+00 1.977224416116324379e-01 6.247572369583095919e-02
6.324305555555555181e+00 1.990780246355323135e-01 6.350095679476004673e-02
6.325000000000000178e+00 2.003312482180616971e-01 6.459049982196045370e-02
6.325694444444444287e+00 2.015434445831007226e-01 6.573086138844799753e-02
6.326388888888889284e+00 2.026710772803602401e-01 6.677824247002890623e-02
6.327083333333333393e+00 2.037493746769227787e-01 6.772517527281335381e-02
6.327777777777778390e+00 2.047585635224832279e-01 6.870754653052980887e-02
6.328472222222221610e+00 2.057501702562981039e-01 6.969069333645938613e-02
6.329166666666666607e+00 2.066834925948660973e-01 7.068952640103112750e-02
6.329861111111110716e+00 2.076106697628102293e-01 7.173461564859230644e-02
6.330555555555555713e+00 2.084630296211726908e-01 7.272803581414441498e-02
6.331249999999999822e+00 2.093217517149779383e-01 7.374690325727768780e-02
6.331944444444444819e+00 2.101480473744915811e-01 7.482620448401633428e-02
6.332638888888888040e+00 2.109906242786893371e-01 7.590409642083251196e-02
6.333333333333333037e+00 2.118134592728345700e-01 7.699233449660683459e-02
6.334027777777778034e+00 2.126667773688962759e-01 7.803262726232923496e-02
6.334722222222222143e+00 2.135112051643099085e-01 7.906294721022726069e-02
6.335416666666667140e+00 2.143941833336467928e-01 8.013423332532940146e-02
6.336111111111111249e+00 2.152752354035943616e-01 8.117953325224080974e-02
6.336805555555556246e+00 2.162012376409226388e-01 8.223100772033674344e-02
6.337499999999999467e+00 2.170849630588568280e-01 8.327341104627089541e-02
6.338194444444444464e+00 2.180060422052768065e-01 8.432885157098611584e-02
6.338888888888888573e+00 2.189352996924800177e-01 8.540644104466385556e-02
6.339583333333333570e+00 2.199184820929961648e-01 8.647556677094356270e-02
6.340277777777777679e+00 2.209043630434574523e-01 8.756708342738159234e-02
6.340972222222222676e+00 2.219257756202100140e-01 8.861621239868679167e-02
6.341666666666665897e+00 2.229424515160926545e-01 8.965365051065271595e-02
6.342361111111110894e+00 2.240040393722297074e-01 9.072648014801165672e-02
6.343055555555555003e+00 2.250571019268126638e-01 9.179693010811919296e-02
6.343750000000000000e+00 2.261492450478553573e-01 9.286675274219891030e-02
6.344444444444444997e+00 2.270812404385743055e-01 9.391647854603153711e-02
6.345138888888889106e+00 2.280569703672390980e-01 9.493452366644541951e-02
6.345833333333334103e+00 2.290208201548676326e-01 9.596774569424031121e-02
6.346527777777777324e+00 2.300252619518938779e-01 9.700493926037290215e-02
6.347222222222222321e+00 2.310160481099765295e-01 9.809146739233333412e-02
6.347916666666666430e+00 2.321448450454925982e-01 9.919735340403973423e-02
6.348611111111111427e+00 2.332506265684342328e-01 1.003384164651534433e-01
6.349305555555555536e+00 2.343886309781801625e-01 1.015312479585290806e-01
6.350000000000000533e+00 2.355039495396356319e-01 1.025448051437856944e-01
6.350694444444443754e+00 2.366520355835984579e-01 1.034240820043126619e-01
6.351388888888888751e+00 2.377751125287052569e-01 1.044085769870285729e-01
6.352083333333332860e+00 2.389306628189376003e-01 1.055877557952245582e-01
6.352777777777777857e+00 2.400602901707803161e-01 1.068111000288307216e-01
6.353472222222221966e+00 2.412213052434826754e-01 1.078789793456016582e-01
6.354166666666666963e+00 2.423567909782562979e-01 1.088213712221885315e-01
6.354861111111111960e+00 2.167690869052096014e-01 1.097784403614087412e-01
6.355555555555555181e+00 1.985241238524645679e-01 1.106373942047428338e-01
6.356250000000000178e+00 1.616027958930245922e-01 1.113174260114487557e-01
6.356944444444444287e+00 1.097450615940490787e-01 1.117970416545675943e-01
6.357638888888889284e+00 7.211903314762264927e-02 1.119924345119891057e-01
6.358333333333333393e+00 8.934045391333703123e-02 1.119978804770331432e-01
6.359027777777778390e+00 9.328137048874431125e-02 1.119349344908592281e-01
6.359722222222221610e+00 9.460511480118334593e-02 1.118505733621121684e-01
6.360416666666666607e+00 9.545307321677570789e-02 1.117537789222412259e-01
6.361111111111110716e+00 9.719667666958629881e-02 1.115948877883270740e-01
6.361805555555555713e+00 9.972812747196191374e-02 1.113483944339349607e-01
6.362499999999999822e+00 1.010348302521301006e-01 1.110160468884563295e-01
6.363194444444444819e+00 1.035360453815936388e-01 1.106111165069254137e-01
6.363888888888888040e+00 8.879964768577440493e-02 1.101485415223886211e-01
6.364583333333333037e+00 7.893447021334763780e-02 1.096338341213328599e-01
6.365277777777778034e+00 8.491331340011269713e-02 1.090822102232673757e-01
6.365972222222222143e+00 9.131174905118814855e-02 1.084961983947607955e-01
6.366666666666667140e+00 9.900065813704418682e-02 1.078647403326351423e-01
6.367361111111111249e+00 1.051782470187905827e-01 1.071872753918256954e-01
6.368055555555556246e+00 1.083984640424462825e-01 1.064618497059576230e-01
6.368749999999999467e+00 1.043743061912561498e-01 1.056911106832759961e-01
6.369444444444444464e+00 1.040805823209303843e-01 1.048960734685302348e-01
6.370138888888888573e+00 1.023878132706232541e-01 1.040873915844169467e-01
6.370833333333333570e+00 9.837348659836837872e-02 1.032568357701512535e-01
6.371527777777777679e+00 1.012750241040727556e-01 1.024046735701635291e-01
6.372222222222222676e+00 1.001099727212098195e-01 1.015295683794942561e-01
6.372916666666665897e+00 1.004580798088565569e-01 1.006189916441026649e-01
6.373611111111110894e+00 1.010055891935936895e-01 9.967172705546840927e-02
6.374305555555555003e+00 1.066231002188649107e-01 9.869835562908753357e-02
6.375000000000000000e+00 1.044210171978108420e-01 9.769788000755620649e-02
6.375694444444444997e+00 1.062846680852025522e-01 9.664634997341181588e-02
6.376388888888889106e+00 1.059310744774067392e-01 9.551756242459123747e-02
6.377083333333334103e+00 1.080970674687601885e-01 9.431149746529036981e-02
6.377777777777777324e+00 1.056297494209592208e-01 9.307657662446261471e-02
6.378472222222222321e+00 9.114866382931192945e-02 9.183596294601906185e-02
6.379166666666666430e+00 1.037442470468624423e-01 9.060915988121766296e-02
6.379861111111111427e+00 1.905326476878665964e-01 8.952142588377901000e-02
6.380555555555555536e+00 2.412137950948599896e-01 8.856179223560449454e-02
6.381250000000000533e+00 2.711213306163601233e-01 8.765604979616210823e-02
6.381944444444443754e+00 2.945473099885775325e-01 8.688155674566645781e-02
6.382638888888888751e+00 2.569496537869352948e-01 8.625277303439990439e-02
6.383333333333332860e+00 2.315148054805566402e-01 8.561187408270186372e-02
6.384027777777777857e+00 1.874694732023530486e-01 8.486079966637881389e-02
6.384722222222221966e+00 1.329894348180109542e-01 8.400667535009449793e-02
6.385416666666666963e+00 7.212588987101316296e-02 8.302114383498383765e-02
6.386111111111111960e+00 1.344516058788697288e-01 8.193379874556279419e-02
6.386805555555555181e+00 1.950506989341478647e-01 8.088253072366427543e-02
6.387500000000000178e+00 2.339663751421150184e-01 7.996634766470879507e-02
6.388194444444444287e+00 2.619256787879292725e-01 7.920692598248728344e-02
6.388888888888889284e+00 2.826576943677635567e-01 7.860490087478129440e-02
6.389583333333333393e+00 2.492044538160261558e-01 7.811182437375679966e-02
6.390277777777778390e+00 2.270544680540835247e-01 7.761369209249534273e-02
6.390972222222221610e+00 1.906149706608539773e-01 7.703322092783472519e-02
6.391666666666666607e+00 1.448342861809980564e-01 7.636891024394872052e-02
6.392361111111110716e+00 8.861948744226466612e-02 7.563269351925572259e-02
6.393055555555555713e+00 9.088339810351471482e-02 7.486004058737105726e-02
6.393749999999999822e+00 9.269908567700575752e-02 7.409840104718766474e-02
6.394444444444444819e+00 9.414148170888622658e-02 7.337105984546177240e-02
6.395138888888888040e+00 9.529429529391275633e-02 7.267674719908878700e-02
6.395833333333333037e+00 9.617720504744217691e-02 7.200944495008913815e-02
6.396527777777778034e+00 9.697397111955635696e-02 7.137320006562199171e-02
6.397222222222222143e+00 9.724717883271420671e-02 7.077382750778338227e-02
6.397916666666667140e+00 9.875618801288629789e-02 7.020941022624958838e-02
6.398611111111111249e+00 1.027135384616195968e-01 6.966393406288295953e-02
6.399305555555556246e+00 1.046404313221903498e-01 6.913581803710587559e-02
6.399999999999999467e+00 1.039782677683692286e-01 6.862943975166095611e-02
6.400694444444444464e+00 1.033731257831781852e-01 6.814303304121833993e-02
6.401388888888888573e+00 1.013124469684351936e-01 6.768006267422113642e-02
6.402083333333333570e+00 1.001322244147942464e-01 6.723463501471103887e-02
6.402777777777777679e+00 9.944462322823718892e-02 6.680305867485838989e-02
6.403472222222222676e+00 9.944623336670863067e-02 6.639270922928448837e-02
6.404166666666665897e+00 1.000098306279497973e-01 6.599625576886214429e-02
6.404861111111110894e+00 1.000578202527780541e-01 6.561090613953683703e-02
6.405555555555555003e+00 1.001697641754737134e-01 6.524425561476215885e-02
6.406250000000000000e+00 1.002568781737551845e-01 6.489016013046622344e-02
6.406944444444444997e+00 1.004246502731617752e-01 6.454308221869349549e-02
6.407638888888889106e+00 1.006593002714630536e-01 6.420922885394167445e-02
6.408333333333334103e+00 1.010014629007715686e-01 6.388253908104388201e-02
6.409027777777777324e+00 1.014818131173351318e-01 6.356371671636068532e-02
6.409722222222222321e+00 1.021009985165786393e-01 6.325888471084725739e-02
6.410416666666666430e+00 1.020986623021718498e-01 6.295604046620176253e-02
6.411111111111111427e+00 1.020332148717622150e-01 6.264774172771486738e-02
6.411805555555555536e+00 1.020149788413492464e-01 6.233936339245178815e-02
6.412500000000000533e+00 1.019602248402187161e-01 6.201700185657899045e-02
6.413194444444443754e+00 1.019299064411970657e-01 6.168066916585127069e-02
6.413888888888888751e+00 1.009898340404164208e-01 6.133828923946290507e-02
6.414583333333332860e+00 1.005162418595006157e-01 6.096699416171480479e-02
6.415277777777777857e+00 1.002210445607747274e-01 6.055511273492438645e-02
6.415972222222221966e+00 1.001127892086568771e-01 6.011003916996169455e-02
6.416666666666666963e+00 1.000114299011766461e-01 5.963221164159853566e-02
6.417361111111111960e+00 9.979995060143903585e-02 5.912339274292540553e-02
6.418055555555555181e+00 9.920765449530125069e-02 5.858401270389463483e-02
6.418750000000000178e+00 1.014488659031102524e-01 5.800996818338263056e-02
6.419444444444444287e+00 1.057441788091307844e-01 5.740243676082212865e-02
6.420138888888889284e+00 1.021410358773317401e-01 5.677220690384848778e-02
6.420833333333333393e+00 1.038243808156330411e-01 5.611983749679087113e-02
6.421527777777778390e+00 1.017669141727794851e-01 5.543148263336293569e-02
6.422222222222221610e+00 9.690688365570324092e-02 5.471932010695349652e-02
6.422916666666666607e+00 9.830952055850293581e-02 5.401775339574946266e-02
6.423611111111110716e+00 9.790924668012547516e-02 5.330159867626404341e-02
6.424305555555555713e+00 9.799237805509966592e-02 5.255551177456013745e-02
6.424999999999999822e+00 9.779352522923470681e-02 5.179141399149463088e-02
6.425694444444444819e+00 9.774230160561930836e-02 5.102027745420755628e-02
6.426388888888888040e+00 9.761345430296006209e-02 5.025819626587806760e-02
6.427083333333333037e+00 9.753557138139636040e-02 4.950758238069278422e-02
6.427777777777778034e+00 9.899142354886693307e-02 4.877814629166223048e-02
6.428472222222222143e+00 1.111753848634433467e-01 4.808664669537709990e-02
6.429166666666667140e+00 1.376473546687786986e-01 4.743582831490897322e-02
6.429861111111111249e+00 1.593966822141240913e-01 4.683099785766616646e-02
6.430555555555556246e+00 1.716709070340256549e-01 4.628273815607179820e-02
6.431249999999999467e+00 1.452538728763088927e-01 4.578317067117591149e-02
6.431944444444444464e+00 1.068482018252767535e-01 4.530478330594618630e-02
6.432638888888888573e+00 9.006595466281865081e-02 4.482294086702934971e-02
6.433333333333333570e+00 9.631092581500499961e-02 4.431908564277293322e-02
6.434027777777777679e+00 1.042060350072588348e-01 4.377875381418914330e-02
6.434722222222222676e+00 7.654566491299094610e-02 4.320704651862412871e-02
6.435416666666665897e+00 8.610180711231629758e-02 4.262597714438197405e-02
6.436111111111110894e+00 8.884209213520544157e-02 4.205316049721911226e-02
6.436805555555555003e+00 8.984139992952322462e-02 4.150353105681387628e-02
6.437500000000000000e+00 9.083071715957881376e-02 4.098118047197772673e-02
6.438194444444444997e+00 9.118467821723981459e-02 4.047141384351648358e-02
6.438888888888889106e+00 9.094886427115152217e-02 3.996232386753134636e-02
6.439583333333334103e+00 9.128950733729772338e-02 3.945658231012463130e-02
6.440277777777777324e+00 9.122245727586313080e-02 3.895865373204810550e-02
6.440972222222222321e+00 9.133154265428886087e-02 3.846762564801417539e-02
6.441666666666666430e+00 9.159483083227426548e-02 3.798228298706508854e-02
6.442361111111111427e+00 9.189400828905891494e-02 3.750129828707799567e-02
6.443055555555555536e+00 9.213170695289500667e-02 3.702276658293845307e-02
6.443750000000000533e+00 9.236981315470230158e-02 3.654571710938731705e-02
6.444444444444443754e+00 9.257939347454059720e-02 3.606937748648511577e-02
6.445138888888888751e+00 1.020367346900764305e-01 3.559692179766672793e-02
6.445833333333332860e+00 9.345806617863149091e-02 3.514740802291830418e-02
6.446527777777777857e+00 9.117683292061491696e-02 3.471895553376273119e-02
6.447222222222221966e+00 9.211023448296949689e-02 3.429332604818200597e-02
6.447916666666666963e+00 9.193900217334641245e-02 3.388132810594711442e-02
6.448611111111111960e+00 9.166803941227893993e-02 3.349694507905143920e-02
6.449305555555555181e+00 9.145254870572724903e-02 3.311867626949322602e-02
6.450000000000000178e+00 9.095864938685396806e-02 3.272768600575477749e-02
6.450694444444444287e+00 9.830707444279142282e-02 3.233134418891940587e-02
6.451388888888889284e+00 9.499755087266890941e-02 3.193218039563756189e-02
6.452083333333333393e+00 9.623283544910540832e-02 3.152854226158089551e-02
6.452777777777778390e+00 9.509403754178336055e-02 3.112564585184212154e-02
6.453472222222221610e+00 9.454774542709323826e-02 3.072737548966988225e-02
6.454166666666666607e+00 9.349599566156600872e-02 3.033583918349320313e-02
6.454861111111110716e+00 9.329284029916416754e-02 2.995166400505584747e-02
6.455555555555555713e+00 8.936193460289787449e-02 2.957806928568436355e-02
6.456249999999999822e+00 8.915376954343053051e-02 2.922374093177687593e-02
6.456944444444444819e+00 8.979639518664807307e-02 2.889219078793589177e-02
6.457638888888888040e+00 9.428170008625669229e-02 2.858252623986211327e-02
6.458333333333333037e+00 1.051918613348346576e-01 2.829988401096194053e-02
6.459027777777778034e+00 1.138455849458006458e-01 2.804723630176937654e-02
6.459722222222222143e+00 1.213891615236421390e-01 2.781516718871020893e-02
6.460416666666667140e+00 1.294278734628646899e-01 2.759352873052674585e-02
6.461111111111111249e+00 1.356724090140574157e-01 2.738062067157776697e-02
6.461805555555556246e+00 1.408124794536849411e-01 2.717881095914431375e-02
6.462499999999999467e+00 1.417160702089273749e-01 2.698838984099638516e-02
6.463194444444444464e+00 1.428870551464851424e-01 2.680968032069556972e-02
6.463888888888888573e+00 1.439745593659931544e-01 2.664064848224655807e-02
6.464583333333333570e+00 1.451566985487922068e-01 2.648173297969866682e-02
6.465277777777777679e+00 1.463604194369092504e-01 2.633006186862478504e-02
6.465972222222222676e+00 1.894441263083612992e-01 2.620158764991907877e-02
6.466666666666665897e+00 2.108220424590722952e-01 2.613822886336397353e-02
6.467361111111110894e+00 2.311221501206950635e-01 2.616904623601029253e-02
6.468055555555555003e+00 2.424106072001847578e-01 2.629849722609976792e-02
6.468750000000000000e+00 2.567344022840625239e-01 2.653317487167635921e-02
6.469444444444444997e+00 2.337015580334744491e-01 2.684544736358247113e-02
6.470138888888889106e+00 2.011618202849941028e-01 2.715050129506950405e-02
6.470833333333334103e+00 1.671048162719976915e-01 2.739922965015654036e-02
6.471527777777777324e+00 1.117358861266335018e-01 2.756912627304853453e-02
6.472222222222222321e+00 8.571743224192734933e-02 2.764224033280336321e-02
6.472916666666666430e+00 1.095538415909935032e-01 2.766832875373782114e-02
6.473611111111111427e+00 1.752919691946329683e-01 2.773844252886012093e-02
6.474305555555555536e+00 2.124293502365915409e-01 2.790030440307828333e-02
6.475000000000000533e+00 2.355935902133507731e-01 2.819893264713848463e-02
6.475694444444443754e+00 2.448392849197531251e-01 2.864495879682921534e-02
6.476388888888888751e+00 2.479004117191754286e-01 2.920610725250494602e-02
6.477083333333332860e+00 2.001415655852885334e-01 2.978859623169280435e-02
6.477777777777777857e+00 1.828082895215815684e-01 3.032809520559807959e-02
6.478472222222221966e+00 1.346742584487689021e-01 3.080456716529015454e-02
6.479166666666666963e+00 7.942474905760639470e-02 3.120343885994603106e-02
6.479861111111111960e+00 1.411644674481576101e-01 3.155915370696635303e-02
6.480555555555555181e+00 1.893204424530427199e-01 3.193989556762418663e-02
6.481250000000000178e+00 2.175528169750303442e-01 3.240504058039535284e-02
6.481944444444444287e+00 2.374424850138735776e-01 3.300706290956840344e-02
6.482638888888889284e+00 2.587610640821650931e-01 3.373725508400818307e-02
6.483333333333333393e+00 2.534186269131187275e-01 3.457894254778132864e-02
6.484027777777778390e+00 2.529486036915521985e-01 3.551295504648847856e-02
6.484722222222221610e+00 2.514841870123065704e-01 3.649689607950177411e-02
6.485416666666666607e+00 2.514406812856493922e-01 3.756162091920706159e-02
6.486111111111110716e+00 2.514936378307547349e-01 3.869161544258228197e-02
6.486805555555555713e+00 2.352622446727561656e-01 3.985195535540997369e-02
6.487499999999999822e+00 2.093472957461800787e-01 4.096273829432708208e-02
6.488194444444444819e+00 1.859651789797161781e-01 4.195701378533337605e-02
6.488888888888888040e+00 1.427992088389094527e-01 4.282645127387318951e-02
6.489583333333333037e+00 7.523159628260149556e-02 4.356328483150815473e-02
6.490277777777778034e+00 9.009394074848331435e-02 4.420101715756136196e-02
6.490972222222222143e+00 9.481335037962200507e-02 4.481203668474359469e-02
6.491666666666667140e+00 1.003140880465187013e-01 4.540573735116804066e-02
6.492361111111111249e+00 1.070812852886659367e-01 4.596217997105352809e-02
6.493055555555556246e+00 1.153512369112538460e-01 4.648132244798164336e-02
6.493749999999999467e+00 1.141196032458325349e-01 4.701741113416199602e-02
6.494444444444444464e+00 1.126772247543549044e-01 4.756845281247409907e-02
6.495138888888888573e+00 1.115806992652286084e-01 4.809145674363388828e-02
6.495833333333333570e+00 1.105346829290761307e-01 4.859769873260991191e-02
6.496527777777777679e+00 1.096761067339298290e-01 4.907734420693171673e-02
6.497222222222222676e+00 1.169662161659664468e-01 4.952529893587594156e-02
6.497916666666665897e+00 1.266770980393909785e-01 4.995816463307380106e-02
6.498611111111110894e+00 1.368562741774644043e-01 5.035795695992749399e-02
6.499305555555555003e+00 1.468581057454543815e-01 5.073085420151061953e-02
6.500000000000000000e+00 1.552376066928320697e-01 5.109908570037043074e-02
6.500694444444444997e+00 2.104670998973237617e-01 5.146570110461486103e-02
6.501388888888889106e+00 2.428447723357460009e-01 5.186929316509598237e-02
6.502083333333334103e+00 2.685074274802667915e-01 5.237302050339996684e-02
6.502777777777777324e+00 2.814209940459412862e-01 5.297553049487296190e-02
6.503472222222222321e+00 3.021952127789502285e-01 5.366740594765847389e-02
6.504166666666666430e+00 2.786850138315593584e-01 5.441126312068861326e-02
6.504861111111111427e+00 2.483002897749981841e-01 5.513050907506696074e-02
6.505555555555555536e+00 2.285767181449998020e-01 5.574996054730316231e-02
6.506250000000000533e+00 1.890318520232171784e-01 5.620443355092640675e-02
6.506944444444443754e+00 1.345326867524951897e-01 5.650589454370465864e-02
6.507638888888888751e+00 1.291608290524988156e-01 5.670787621373098858e-02
6.508333333333332860e+00 1.391873297593413106e-01 5.683061850107942736e-02
6.509027777777777857e+00 1.424302547746014724e-01 5.689609555690891551e-02
6.509722222222221966e+00 1.477490674502609236e-01 5.693986929609064912e-02
6.510416666666666963e+00 1.512083411178141712e-01 5.699448689977456434e-02
6.511111111111111960e+00 1.316193596829057511e-01 5.704953619336495391e-02
6.511805555555555181e+00 1.153189348414578319e-01 5.706008555973430402e-02
6.512500000000000178e+00 1.103789347807873356e-01 5.700546069691018319e-02
6.513194444444444287e+00 1.099657136328447415e-01 5.690589633814521070e-02
6.513888888888889284e+00 1.115242945915510542e-01 5.676383020701724486e-02
6.514583333333333393e+00 1.123975537788118040e-01 5.657013505523943164e-02
6.515277777777778390e+00 1.134738342816898754e-01 5.634305687651493255e-02
6.515972222222221610e+00 1.157945732450792603e-01 5.611438891818378016e-02
6.516666666666666607e+00 1.209859727839452809e-01 5.589299774118656333e-02
6.517361111111110716e+00 1.298190932590795599e-01 5.565772368340722587e-02
6.518055555555555713e+00 2.180570015241645732e-01 5.541836579105049315e-02
6.518749999999999822e+00 2.581540268880959110e-01 5.523631083112458262e-02
6.519444444444444819e+00 2.877299197193698976e-01 5.514856646986594779e-02
6.520138888888888040e+00 3.099699429077932278e-01 5.516472453951808824e-02
6.520833333333333037e+00 3.161469337701238724e-01 5.531796572201905932e-02
6.521527777777778034e+00 3.106292869186435546e-01 5.557309847861535701e-02
6.522222222222222143e+00 2.591008334272798530e-01 5.580207955925933078e-02
6.522916666666667140e+00 2.429233721766096699e-01 5.588852226112173138e-02
6.523611111111111249e+00 1.894238097233817697e-01 5.585204109962722818e-02
6.524305555555556246e+00 1.236137623448706757e-01 5.572187372079442924e-02
6.524999999999999467e+00 1.176020058186830336e-01 5.550496627892883422e-02
6.525694444444444464e+00 1.185597803266595085e-01 5.528296685843000352e-02
6.526388888888888573e+00 1.191593289509942227e-01 5.507410704374041122e-02
6.527083333333333570e+00 1.198151460649827527e-01 5.486325213932459477e-02
6.527777777777777679e+00 1.205676356364766832e-01 5.467427359042163759e-02
6.528472222222222676e+00 1.972775480636262124e-01 5.453259690135191934e-02
6.529166666666665897e+00 2.625917573939790528e-01 5.450296049699691198e-02
6.529861111111110894e+00 2.956101440537106106e-01 5.463067242711812377e-02
6.530555555555555003e+00 3.230253021317737172e-01 5.491675487916839599e-02
6.531250000000000000e+00 3.455789532539740305e-01 5.537008892182970765e-02
6.531944444444444997e+00 3.348734107947272109e-01 5.593667735168354055e-02
6.532638888888889106e+00 3.356625062466879750e-01 5.657766949397011191e-02
6.533333333333334103e+00 3.328746122428269949e-01 5.726539634532851891e-02
6.534027777777777324e+00 3.331810224423126243e-01 5.798953411402101021e-02
6.534722222222222321e+00 3.326855117483362712e-01 5.878972599174414615e-02
6.535416666666666430e+00 3.115014203370216617e-01 5.961427404611075592e-02
6.536111111111111427e+00 2.763303229082049173e-01 6.036366629071281825e-02
6.536805555555555536e+00 2.408803501232264499e-01 6.097633674995605463e-02
6.537500000000000533e+00 1.786230342094088375e-01 6.142187256020202601e-02
6.538194444444443754e+00 9.330755753093776528e-02 6.165698670920954222e-02
6.538888888888888751e+00 1.880435277562380325e-01 6.176950349390563505e-02
6.539583333333332860e+00 2.589489975001501021e-01 6.189918872229275421e-02
6.540277777777777857e+00 3.001334054106543636e-01 6.211763230075594694e-02
6.540972222222221966e+00 3.258536470441125155e-01 6.249648853337143317e-02
6.541666666666666963e+00 3.530616905833837138e-01 6.306103881928236399e-02
6.542361111111111960e+00 3.440012727172829798e-01 6.374326423752077475e-02
6.543055555555555181e+00 3.422112217031663683e-01 6.452597981004243310e-02
6.543750000000000178e+00 3.388008058867804095e-01 6.532990296431082089e-02
6.544444444444444287e+00 3.370605072046500839e-01 6.618791743802614203e-02
6.545138888888889284e+00 3.350078752059770237e-01 6.716186306742191747e-02
6.545833333333333393e+00 3.103287613167028391e-01 6.814365056371576856e-02
6.546527777777778390e+00 2.715796874214598255e-01 6.906454468734930796e-02
6.547222222222221610e+00 2.281751473564948562e-01 6.989907413344921550e-02
6.547916666666666607e+00 1.555124501395903358e-01 7.059301328580649959e-02
6.548611111111110716e+00 9.074380434920738259e-02 7.110176610586560475e-02
6.549305555555555713e+00 1.167583930018298438e-01 7.145791965144944469e-02
6.549999999999999822e+00 1.182705369393000638e-01 7.172777288203563417e-02
6.550694444444444819e+00 1.208713586872965234e-01 7.197217388255262860e-02
6.551388888888888040e+00 1.233909400608231566e-01 7.221692991925242333e-02
6.552083333333333037e+00 1.255992280564689201e-01 7.243487547645359459e-02
6.552777777777778034e+00 1.273950052141694655e-01 7.261763991395424334e-02
6.553472222222222143e+00 1.289659047091524235e-01 7.277601525337848432e-02
6.554166666666667140e+00 1.302868121218410391e-01 7.289632850845469136e-02
6.554861111111111249e+00 1.314184321260057631e-01 7.298610935500932095e-02
6.555555555555556246e+00 1.323412970605431227e-01 7.303796689817793064e-02
6.556249999999999467e+00 1.330626297682005188e-01 7.303912567806337963e-02
6.556944444444444464e+00 1.336220791006703101e-01 7.300131347854270369e-02
6.557638888888888573e+00 1.340495537859504593e-01 7.292495850443689309e-02
6.558333333333333570e+00 1.343158657198353645e-01 7.280550412231746871e-02
6.559027777777777679e+00 1.344534372565538705e-01 7.265498013649010489e-02
6.559722222222222676e+00 1.712819812754222404e-01 7.251311201947147067e-02
6.560416666666665897e+00 3.109171365984941815e-01 7.244980803865991303e-02
6.561111111111110894e+00 3.248618601298137176e-01 7.252274013768285343e-02
6.561805555555555003e+00 3.571501999611002565e-01 7.276555403785857357e-02
6.562500000000000000e+00 3.800589588271917618e-01 7.318496441136368436e-02
6.563194444444444997e+00 3.639081274034319247e-01 7.372568770447150699e-02
6.563888888888889106e+00 3.544670474695436058e-01 7.432093788982646609e-02
6.564583333333334103e+00 3.475145052052876493e-01 7.494270468082243897e-02
6.565277777777777324e+00 3.415242410791227701e-01 7.554931085039563732e-02
6.565972222222222321e+00 3.361152679760818218e-01 7.619208127057509883e-02
6.566666666666666430e+00 3.147423757622048179e-01 7.680761681687725551e-02
6.567361111111111427e+00 2.773426109110954663e-01 7.729890269363816346e-02
6.568055555555555536e+00 2.523748284543852471e-01 7.767387382942286811e-02
6.568750000000000533e+00 2.044326301247233468e-01 7.787765153913524252e-02
6.569444444444443754e+00 1.377514689796038860e-01 7.785824580585541665e-02
6.570138888888888751e+00 1.112680679360502495e-01 7.767696663550843761e-02
6.570833333333332860e+00 1.160135645933534077e-01 7.740636712567727784e-02
6.571527777777777857e+00 1.142982712219716424e-01 7.706054840825615759e-02
6.572222222222221966e+00 1.185089405647018479e-01 7.665263418454559829e-02
6.572916666666666963e+00 1.278459207233998696e-01 7.621152031887228062e-02
6.573611111111111960e+00 1.262892184439874388e-01 7.575177375170287497e-02
6.574305555555555181e+00 1.200838867386301856e-01 7.529584573329874131e-02
6.575000000000000178e+00 1.269575110336889634e-01 7.485625403072344863e-02
6.575694444444444287e+00 1.401103968511909215e-01 7.442981416849452081e-02
6.576388888888889284e+00 1.733662824813976266e-01 7.401489832320898299e-02
6.577083333333333393e+00 1.569023533680913574e-01 7.359940546090330826e-02
6.577777777777778390e+00 1.436475920277078544e-01 7.315351239055019328e-02
6.578472222222221610e+00 1.354421059637132274e-01 7.265806733282847985e-02
6.579166666666666607e+00 1.297173495944249633e-01 7.211866434279726179e-02
6.579861111111110716e+00 1.288831940365026407e-01 7.154388108455964068e-02
6.580555555555555713e+00 2.007602069049552185e-01 7.097433727482500843e-02
6.581249999999999822e+00 2.878153133809522313e-01 7.048814414781817694e-02
6.581944444444444819e+00 3.210752270025993838e-01 7.014114249922075162e-02
6.582638888888888040e+00 3.475845441669342950e-01 6.995913001374237661e-02
6.583333333333333037e+00 3.694570935860878591e-01 6.996042555181176958e-02
6.584027777777778034e+00 3.298835169776347942e-01 7.009592148367045639e-02
6.584722222222222143e+00 2.970093349794970528e-01 7.022478807413912172e-02
6.585416666666667140e+00 2.569410511984210888e-01 7.025216606293058219e-02
6.586111111111111249e+00 2.022607825336150689e-01 7.020341158594879671e-02
6.586805555555556246e+00 1.476469517472630832e-01 7.009773242189010212e-02
6.587499999999999467e+00 1.067645841844373222e-01 6.993967212193552552e-02
6.588194444444444464e+00 1.286790400575315851e-01 6.976605181160626390e-02
6.588888888888888573e+00 1.230867575296238220e-01 6.959479338664058268e-02
6.589583333333333570e+00 1.242350754109488309e-01 6.942548421046218499e-02
6.590277777777777679e+00 1.259277831965337491e-01 6.925510643144618117e-02
6.590972222222222676e+00 1.304336008893154653e-01 6.908989972564927307e-02
6.591666666666665897e+00 1.459629663037644853e-01 6.895525652166796526e-02
6.592361111111110894e+00 1.759280901802564301e-01 6.887001556428506976e-02
6.593055555555555003e+00 2.108030113446692222e-01 6.882338169418651674e-02
6.593750000000000000e+00 2.250935751630209480e-01 6.881131085844047202e-02
6.594444444444444997e+00 2.819348712285083547e-01 6.884454036402810895e-02
6.595138888888889106e+00 3.049122809934184941e-01 6.893252255264080419e-02
6.595833333333334103e+00 3.313385289012035217e-01 6.908013681020064300e-02
6.596527777777777324e+00 3.392393837304283899e-01 6.931723424297875358e-02
6.597222222222222321e+00 3.660886735627623678e-01 6.964364126696787061e-02
6.597916666666666430e+00 3.491483054207791814e-01 7.005121872962162544e-02
6.598611111111111427e+00 3.503493075852066596e-01 7.050415154974416787e-02
6.599305555555555536e+00 3.443539268278024701e-01 7.092974618937741837e-02
6.600000000000000533e+00 3.431957420740199827e-01 7.133750540044096755e-02
6.600694444444443754e+00 3.406580358408722309e-01 7.171916330931484007e-02
6.601388888888888751e+00 3.395728221177036210e-01 7.210191911706433088e-02
6.602083333333332860e+00 3.383279058776446635e-01 7.251844558450497302e-02
6.602777777777777857e+00 3.374772539816726646e-01 7.294856384548227546e-02
6.603472222222221966e+00 3.366891647504725582e-01 7.341256131079140768e-02
6.604166666666666963e+00 3.360829622430306363e-01 7.392650021575425390e-02
6.604861111111111960e+00 3.101207281689200568e-01 7.446371420156705501e-02
6.605555555555555181e+00 2.783646517701469092e-01 7.496494677632271897e-02
6.606250000000000178e+00 2.342210137250146651e-01 7.536627668812966030e-02
6.606944444444444287e+00 1.672025356415396125e-01 7.564115141273559939e-02
6.607638888888889284e+00 9.257082411507663866e-02 7.577809798642673456e-02
6.608333333333333393e+00 1.709880894097492166e-01 7.584242521237510859e-02
6.609027777777778390e+00 2.522035821007058143e-01 7.598089398575319509e-02
6.609722222222221610e+00 3.019852161231199039e-01 7.627557857558839305e-02
6.610416666666666607e+00 3.366273185033747395e-01 7.674389406206669206e-02
6.611111111111110716e+00 3.641280181927519788e-01 7.742301945792243179e-02
6.611805555555555713e+00 3.226842016190827334e-01 7.820142026047031958e-02
6.612499999999999822e+00 2.938547284446731411e-01 7.894764599401382643e-02
6.613194444444444819e+00 2.486988792883430277e-01 7.961511938771974328e-02
6.613888888888888040e+00 1.873473061535753659e-01 8.020762686849788881e-02
6.614583333333333037e+00 1.161631196635220381e-01 8.067670670117864373e-02
6.615277777777778034e+00 2.006465457880126091e-01 8.091371267712758886e-02
6.615972222222222143e+00 2.656424092477939758e-01 8.110571640907233981e-02
6.616666666666667140e+00 3.086441036813030170e-01 8.149952420981462775e-02
6.617361111111111249e+00 3.414561618065229953e-01 8.206173711966591178e-02
6.618055555555556246e+00 3.672043721885603906e-01 8.269495852601504993e-02
6.618749999999999467e+00 3.534400243254193774e-01 8.343475277210987695e-02
6.619444444444444464e+00 3.537655346512832977e-01 8.421837829389104690e-02
6.620138888888888573e+00 3.491259212589090111e-01 8.502398914324159340e-02
6.620833333333333570e+00 3.482745729591444905e-01 8.591166123993417003e-02
6.621527777777777679e+00 3.464302181500795719e-01 8.683921701080146716e-02
6.622222222222222676e+00 3.101390568865639019e-01 8.775317365708885931e-02
6.622916666666665897e+00 2.814694234913129867e-01 8.859278099286886643e-02
6.623611111111110894e+00 2.258830657744706760e-01 8.928657226387773371e-02
6.624305555555555003e+00 1.387414456373087246e-01 8.978228450812027195e-02
6.625000000000000000e+00 1.326703974201217107e-01 9.004662635110143032e-02
6.625694444444444997e+00 1.340966194263685796e-01 9.017651076885919992e-02
6.626388888888889106e+00 1.334560258533422084e-01 9.030404107801164038e-02
6.627083333333334103e+00 1.357750184814574546e-01 9.040532339899595704e-02
6.627777777777777324e+00 1.319155770151538565e-01 9.045809973777145518e-02
6.628472222222222321e+00 1.338344246848504893e-01 9.051176975249665413e-02
6.629166666666666430e+00 1.587495711063136306e-01 9.057722674597529222e-02
6.629861111111111427e+00 2.992320763357275148e-01 9.071232554175222285e-02
6.630555555555555536e+00 3.239071882230682431e-01 9.097731941342303286e-02
6.631250000000000533e+00 3.589506509960396774e-01 9.134630454253060694e-02
6.631944444444443754e+00 3.860079691324405649e-01 9.185946687832277635e-02
6.632638888888888751e+00 3.783097256121526475e-01 9.245842643280395567e-02
6.633333333333332860e+00 3.741421606924673626e-01 9.301254158269212091e-02
6.634027777777777857e+00 3.697855239405274941e-01 9.355251288392453513e-02
6.634722222222221966e+00 3.649705541475224413e-01 9.405463701439806257e-02
6.635416666666666963e+00 3.632649348455125327e-01 9.452218607336855538e-02
6.636111111111111960e+00 3.337790615621343826e-01 9.497560534109832087e-02
6.636805555555555181e+00 3.145297642069706523e-01 9.530969130921537746e-02
6.637500000000000178e+00 2.844386110338427698e-01 9.551606541551033169e-02
6.638194444444444287e+00 2.490661289377102405e-01 9.557044021680329016e-02
6.638888888888889284e+00 1.946546316429015877e-01 9.545753527190634080e-02
6.639583333333333393e+00 2.543341902839599267e-01 9.527580460853103672e-02
6.640277777777778390e+00 2.939663944864020495e-01 9.509661071040216573e-02
6.640972222222221610e+00 3.265158862405420637e-01 9.503416581497158011e-02
6.641666666666666607e+00 3.451841754882741253e-01 9.514020279396862012e-02
6.642361111111110716e+00 3.725719892518790655e-01 9.539653411878769307e-02
6.643055555555555713e+00 3.650308313052574860e-01 9.578053672883156400e-02
6.643749999999999822e+00 3.648137257013476242e-01 9.619289618012202836e-02
6.644444444444444819e+00 3.625262783318074500e-01 9.666411100531424605e-02
6.645138888888888040e+00 3.622041897269414612e-01 9.720213669576710513e-02
6.645833333333333037e+00 3.615060676037940013e-01 9.770331957030557735e-02
6.646527777777778034e+00 3.612873249819285593e-01 9.825396843703464167e-02
6.647222222222222143e+00 3.610293760230907645e-01 9.888806352108482634e-02
6.647916666666667140e+00 3.610675970472673191e-01 9.954315455867875084e-02
6.648611111111111249e+00 3.610476003527257616e-01 1.002006690326373711e-01
6.649305555555556246e+00 3.611238222776928519e-01 1.008077703983772944e-01
6.649999999999999467e+00 3.614020246429687222e-01 1.014841288690348647e-01
6.650694444444444464e+00 3.616943370078044007e-01 1.023118963052501440e-01
6.651388888888888573e+00 3.618520630022042384e-01 1.031138437758666732e-01
6.652083333333333570e+00 3.619694702502334605e-01 1.038225005539988588e-01
6.652777777777777679e+00 3.619195804236585712e-01 1.044990765875709604e-01
6.653472222222222676e+00 3.618014481527955239e-01 1.052406917265760050e-01
6.654166666666665897e+00 3.615006243417173137e-01 1.059751339747315030e-01
6.654861111111110894e+00 3.611235238873330977e-01 1.066755917477411886e-01
6.655555555555555003e+00 3.605828080546559788e-01 1.074031608124500770e-01
6.656250000000000000e+00 3.600216113607113688e-01 1.081442572301952593e-01
6.656944444444444997e+00 3.204228694690038348e-01 1.088619304810258120e-01
6.657638888888889106e+00 2.886292517171200611e-01 1.094431600932547211e-01
6.658333333333334103e+00 2.269045929112561422e-01 1.098949598997815275e-01
6.659027777777777324e+00 1.303524962279444810e-01 1.102411165685232425e-01
6.659722222222222321e+00 1.397478361722292728e-01 1.103317785632104558e-01
6.660416666666666430e+00 1.388762317178055261e-01 1.102767398483965461e-01
6.661111111111111427e+00 1.375759928997239423e-01 1.103030134154429770e-01
6.661805555555555536e+00 1.391023288804533742e-01 1.103511238319236226e-01
6.662500000000000533e+00 1.461587223828559046e-01 1.103887252354798509e-01
6.663194444444443754e+00 1.604611976150372155e-01 1.104607894823297770e-01
6.663888888888888751e+00 1.619972273185514289e-01 1.105466298008696002e-01
6.664583333333332860e+00 1.592957270580052931e-01 1.106374187790656188e-01
6.665277777777777857e+00 1.590194429979435997e-01 1.107645282785306995e-01
6.665972222222221966e+00 1.578556893601119060e-01 1.108758160180080138e-01
6.666666666666666963e+00 1.573852871571289891e-01 1.108593061103270438e-01
6.667361111111111960e+00 2.425920616720382283e-01 1.107586972542278225e-01
6.668055555555555181e+00 3.171836904812841973e-01 1.107171926045502630e-01
6.668750000000000178e+00 3.574954847981285377e-01 1.107496174010640239e-01
6.669444444444444287e+00 3.905594750701632534e-01 1.108824321259890971e-01
6.670138888888889284e+00 3.979472739307182150e-01 1.111356113273826995e-01
6.670833333333333393e+00 3.658507620427234319e-01 1.114150177690960142e-01
6.671527777777778390e+00 3.250772540431736690e-01 1.116228870418720376e-01
6.672222222222221610e+00 2.781793355124417277e-01 1.116928856686225380e-01
6.672916666666666607e+00 2.144306047070305143e-01 1.116298063165570842e-01
6.673611111111110716e+00 1.275987056080268023e-01 1.113945585575103064e-01
6.674305555555555713e+00 2.214167469937715904e-01 1.110250470201538386e-01
6.674999999999999822e+00 2.852207826795147838e-01 1.106886998856761034e-01
6.675694444444444819e+00 3.308813488148007464e-01 1.104202666676594308e-01
6.676388888888888040e+00 3.622399478421408636e-01 1.102550588069871329e-01
6.677083333333333037e+00 3.768689113265210056e-01 1.102390634860291457e-01
6.677777777777778034e+00 3.729399968045054026e-01 1.103372663692691324e-01
6.678472222222222143e+00 3.659437037122861280e-01 1.104743777177550068e-01
6.679166666666667140e+00 3.628821594433907505e-01 1.105716541080677962e-01
6.679861111111111249e+00 3.592479602599422117e-01 1.106293563561682458e-01
6.680555555555556246e+00 3.568839987695254790e-01 1.106633624180522607e-01
6.681249999999999467e+00 3.545020892410664648e-01 1.106867422092860376e-01
6.681944444444444464e+00 3.526883576574479928e-01 1.107387293939325890e-01
6.682638888888888573e+00 3.510135439210261832e-01 1.107811720727958915e-01
6.683333333333333570e+00 3.497113210922357940e-01 1.107929473809150522e-01
6.684027777777777679e+00 3.485771124511118924e-01 1.107901643901205435e-01
6.684722222222222676e+00 3.476848338264205696e-01 1.107501398248111751e-01
6.685416666666665897e+00 3.469707235599790440e-01 1.107323846608850165e-01
6.686111111111110894e+00 3.464809595289726762e-01 1.107191130331604406e-01
6.686805555555555003e+00 3.461152279436606194e-01 1.106660301977609590e-01
6.687500000000000000e+00 3.459420526874796287e-01 1.106425107412813552e-01
6.688194444444444997e+00 3.453958692089616478e-01 1.106483337504540754e-01
6.688888888888889106e+00 3.450519343887608614e-01 1.106373627008756660e-01
6.689583333333334103e+00 3.447569185608683751e-01 1.106126890325366124e-01
6.690277777777777324e+00 3.445602862327354909e-01 1.105894016139699759e-01
6.690972222222222321e+00 3.443420110305657755e-01 1.106105068292314031e-01
6.691666666666666430e+00 3.445122522692993794e-01 1.106879110441938568e-01
6.692361111111111427e+00 3.445962062333124964e-01 1.107988346599998730e-01
6.693055555555555536e+00 3.446913631512589782e-01 1.109607926852821669e-01
6.693750000000000533e+00 3.447108330013746724e-01 1.111767187063849721e-01
6.694444444444443754e+00 3.447542572824207618e-01 1.114527506955535763e-01
6.695138888888888751e+00 3.447327412234021393e-01 1.117781438917455905e-01
6.695833333333332860e+00 3.447363433113322939e-01 1.121488786952584138e-01
6.696527777777777857e+00 3.446833038144933581e-01 1.126262741196742134e-01
6.697222222222221966e+00 3.446627654506407290e-01 1.131573058725839354e-01
6.697916666666666963e+00 3.445806002291189607e-01 1.137259059930114669e-01
6.698611111111111960e+00 3.445206889075331236e-01 1.144282991257053322e-01
6.699305555555555181e+00 3.443879748755396819e-01 1.151648200703767611e-01
6.700000000000000178e+00 3.442627007576497533e-01 1.158703490377787221e-01
6.700694444444444287e+00 3.440524542138510000e-01 1.166434719252209123e-01
6.701388888888889284e+00 3.438381095896694273e-01 1.174560120850814404e-01
6.702083333333333393e+00 3.434515540948017143e-01 1.183015726028869563e-01
6.702777777777778390e+00 3.430556798836096322e-01 1.191646695843064513e-01
6.703472222222221610e+00 3.425681299559280579e-01 1.200088464561394619e-01
6.704166666666666607e+00 3.420713665769425926e-01 1.208656645609665070e-01
6.704861111111110716e+00 3.414870488509226254e-01 1.216618940929739962e-01
6.705555555555555713e+00 3.409470312571166728e-01 1.224041803042121568e-01
6.706249999999999822e+00 3.403320685350401664e-01 1.231896724279819416e-01
6.706944444444444819e+00 3.397211123338023109e-01 1.240475922840620776e-01
6.707638888888888040e+00 3.390434443899915662e-01 1.249496537477904623e-01
6.708333333333333037e+00 3.383901050991889869e-01 1.257390803186314576e-01
6.709027777777778034e+00 3.375954518572851781e-01 1.264062488643066251e-01
6.709722222222222143e+00 3.368444168290722907e-01 1.271327143311199448e-01
6.710416666666667140e+00 3.360692657526772598e-01 1.278488575854470066e-01
6.711111111111111249e+00 3.353447330370872281e-01 1.285219551794958559e-01
6.711805555555556246e+00 3.346106117220989939e-01 1.292514940789749323e-01
6.712499999999999467e+00 3.339481288811271265e-01 1.299254441095044899e-01
6.713194444444444464e+00 3.332953045629907796e-01 1.305617737600331674e-01
6.713888888888888573e+00 3.327420956859613588e-01 1.311834031645541521e-01
6.714583333333333570e+00 3.322180641634054910e-01 1.317114395929163406e-01
6.715277777777777679e+00 3.318137956935949817e-01 1.321772936126464904e-01
6.715972222222222676e+00 3.313913805365180654e-01 1.325998727614647599e-01
6.716666666666665897e+00 3.311177334031317754e-01 1.329853810366582456e-01
6.717361111111110894e+00 3.308959417547592818e-01 1.333776616497929501e-01
6.718055555555555003e+00 3.308262217872594557e-01 1.337047074319163142e-01
6.718750000000000000e+00 3.308047141349447218e-01 1.339522933542126037e-01
6.719444444444444997e+00 3.308593991111104526e-01 1.342017498009414056e-01
6.720138888888889106e+00 3.309398768914331157e-01 1.344459184227994319e-01
6.720833333333334103e+00 3.311253048150919476e-01 1.346433387911174229e-01
6.721527777777777324e+00 3.313062498395853983e-01 1.347621353788286958e-01
6.722222222222222321e+00 3.315536038512892913e-01 1.348440311389552670e-01
6.722916666666666430e+00 3.316868554726903340e-01 1.349268780456076566e-01
6.723611111111111427e+00 3.318592357104717117e-01 1.349780813270781421e-01
6.724305555555555536e+00 3.319396367216484456e-01 1.350289075164946562e-01
6.725000000000000533e+00 3.320119354037888715e-01 1.350640671249781766e-01
6.725694444444443754e+00 3.319552834965115995e-01 1.350605595582867746e-01
6.726388888888888751e+00 3.317984051524666689e-01 1.350508435280391439e-01
6.727083333333332860e+00 3.315076570771177122e-01 1.350280033562258064e-01
6.727777777777777857e+00 3.311624353111094488e-01 1.349895929094525326e-01
6.728472222222221966e+00 3.306591862471284227e-01 1.349452457036600939e-01
6.729166666666666963e+00 3.300840284964707272e-01 1.348347059635815748e-01
6.729861111111111960e+00 3.293401747288816628e-01 1.346972577011590622e-01
6.730555555555555181e+00 3.285304458541319361e-01 1.345741222124526015e-01
6.731250000000000178e+00 3.275690989233238648e-01 1.344456460652511953e-01
6.731944444444444287e+00 3.265525986029124139e-01 1.343353317883952958e-01
6.732638888888889284e+00 3.254103718673408419e-01 1.341848767327739333e-01
6.733333333333333393e+00 3.240649058510469693e-01 1.339731571353282857e-01
6.734027777777778390e+00 3.226287743263863694e-01 1.338146676258626655e-01
6.734722222222221610e+00 3.211794194947358294e-01 1.336611669659649448e-01
6.735416666666666607e+00 3.196609942723273590e-01 1.334455000243283951e-01
6.736111111111110716e+00 3.181519368624442512e-01 1.332158290524513844e-01
6.736805555555555713e+00 3.165125062355494956e-01 1.329912797349731279e-01
6.737499999999999822e+00 3.149171147214032129e-01 1.327903520685786709e-01
6.738194444444444819e+00 3.132981648805921449e-01 1.325695309477722683e-01
6.738888888888888040e+00 3.117108559072274132e-01 1.323219847156784368e-01
6.739583333333333037e+00 3.100904378852190613e-01 1.320937265522914850e-01
6.740277777777778034e+00 3.084293246244637632e-01 1.318478653794424305e-01
6.740972222222222143e+00 3.067333036927927803e-01 1.315603416489081190e-01
6.741666666666667140e+00 3.050556403224414237e-01 1.312725056688463787e-01
6.742361111111111249e+00 3.033293832439789561e-01 1.309796518693008283e-01
6.743055555555556246e+00 3.015995566688239871e-01 1.306817723330789272e-01
6.743749999999999467e+00 2.996487163855466318e-01 1.303814470634385991e-01
6.744444444444444464e+00 2.976821097399021121e-01 1.300701338587707534e-01
6.745138888888888573e+00 2.956393533084499259e-01 1.297740404242650469e-01
6.745833333333333570e+00 2.935589225511148204e-01 1.294347362424287662e-01
6.746527777777777679e+00 2.913857974213115987e-01 1.290560081730027508e-01
6.747222222222222676e+00 2.884975600207635438e-01 1.287137869577135718e-01
6.747916666666665897e+00 2.855020000924586854e-01 1.283802235201447206e-01
6.748611111111110894e+00 2.824611661589052636e-01 1.280195835294035134e-01
6.749305555555555003e+00 2.793215050891707518e-01 1.276026735329355011e-01
6.750000000000000000e+00 2.761334463877305745e-01 1.271473983879570224e-01
6.750694444444444997e+00 2.734391959481948242e-01 1.267208430367026684e-01
6.751388888888889106e+00 2.707078906813155661e-01 1.262912202262655992e-01
6.752083333333334103e+00 2.678904938848863937e-01 1.258272376619655464e-01
6.752777777777777324e+00 2.650518236230181013e-01 1.253333368010351445e-01
6.753472222222222321e+00 2.621648355839433786e-01 1.248283608356827445e-01
6.754166666666666430e+00 2.587788399288042940e-01 1.243208123219630284e-01
6.754861111111111427e+00 2.553973987164835369e-01 1.238127417657869378e-01
6.755555555555555536e+00 2.520815455378048742e-01 1.232772414820777485e-01
6.756250000000000533e+00 2.488015575544796909e-01 1.227092508231103773e-01
6.756944444444443754e+00 2.456095080615296466e-01 1.221458476474708982e-01
6.757638888888888751e+00 2.426000392333790279e-01 1.215680492218480235e-01
6.758333333333332860e+00 2.396850783195527690e-01 1.209687176920127977e-01
6.759027777777777857e+00 2.367792228718042236e-01 1.203389097816937731e-01
6.759722222222221966e+00 2.338423013817794438e-01 1.196849415108088427e-01
6.760416666666666963e+00 2.307773421693465055e-01 1.190375900117686819e-01
6.761111111111111960e+00 2.271745272282532091e-01 1.183831167973357218e-01
6.761805555555555181e+00 2.232858011173113888e-01 1.177154217527850710e-01
6.762500000000000178e+00 2.191009726528678203e-01 1.170204205883026011e-01
6.763194444444444287e+00 2.145088117090822033e-01 1.163054552631018479e-01
6.763888888888889284e+00 2.094988719968697011e-01 1.155878204597419051e-01
6.764583333333333393e+00 2.040983291069854155e-01 1.148385497860242715e-01
6.765277777777778390e+00 1.985399363502168557e-01 1.140708256860299280e-01
6.765972222222221610e+00 1.929235446483708316e-01 1.132906353339511174e-01
6.766666666666666607e+00 1.874269164738541493e-01 1.124902211358357051e-01
6.767361111111110716e+00 1.821459386294247973e-01 1.116870061281218102e-01
6.768055555555555713e+00 1.768841819272833071e-01 1.108577678900806718e-01
6.768749999999999822e+00 1.721700718581984924e-01 1.100182553722021811e-01
6.769444444444444819e+00 1.681501087499945590e-01 1.091882779574272627e-01
6.770138888888888040e+00 1.647605656183336875e-01 1.083282258256008102e-01
6.770833333333333037e+00 1.619704939598921867e-01 1.074343907234457662e-01
6.771527777777778034e+00 1.596084997092723501e-01 1.065308990067432848e-01
6.772222222222222143e+00 1.577920788572955146e-01 1.056211112563417570e-01
6.772916666666667140e+00 1.564020108562776123e-01 1.047028610112937796e-01
6.773611111111111249e+00 1.554361551946190634e-01 1.037772292592250706e-01
6.774305555555556246e+00 1.547706904193268673e-01 1.028408447769823403e-01
6.774999999999999467e+00 1.543983527219227880e-01 1.018983491392603524e-01
6.775694444444444464e+00 1.541844310006652841e-01 1.009399430087650484e-01
6.776388888888888573e+00 1.541157928081943740e-01 9.996624628409810087e-02
6.777083333333333570e+00 1.540346210040735853e-01 9.898686740447922017e-02
6.777777777777777679e+00 1.539161295374253668e-01 9.799619884332423647e-02
6.778472222222222676e+00 1.535852170058113197e-01 9.699289912474121089e-02
6.779166666666665897e+00 1.530082757230932233e-01 9.598225099519784587e-02
6.779861111111110894e+00 1.525958523989860427e-01 9.496446666725369412e-02
6.780555555555555003e+00 1.541664262774544436e-01 9.393790762017710516e-02
6.781250000000000000e+00 1.576891599344947825e-01 9.290309302477653408e-02
6.781944444444444997e+00 1.600069837904732062e-01 9.185928142695605481e-02
6.782638888888889106e+00 1.579113080095952970e-01 9.080980667177571131e-02
6.783333333333334103e+00 1.567092835584225630e-01 8.975828872302191175e-02
6.784027777777777324e+00 1.583611041514893514e-01 8.869846150933673179e-02
6.784722222222222321e+00 1.577143800381765881e-01 8.761817788855233435e-02
6.785416666666666430e+00 1.573204342803022349e-01 8.650940966257375520e-02
6.786111111111111427e+00 1.591611718366165995e-01 8.538330527262291691e-02
6.786805555555555536e+00 1.591496842491801622e-01 8.426774285168037171e-02
6.787500000000000533e+00 1.533284182656359240e-01 8.316598322498600093e-02
6.788194444444443754e+00 1.433111729245065136e-01 8.206267389409258040e-02
6.788888888888888751e+00 1.339969917146998091e-01 8.095242770660274201e-02
6.789583333333332860e+00 1.259642880664610665e-01 7.983775503884429914e-02
6.790277777777777857e+00 1.207745003152787266e-01 7.871860141857947579e-02
6.790972222222221966e+00 1.235116722324953176e-01 7.759858595936737491e-02
6.791666666666666963e+00 1.221509120214366445e-01 7.648091372253829068e-02
6.792361111111111960e+00 1.226255470027018124e-01 7.536820223169306276e-02
6.793055555555555181e+00 1.221215952778668401e-01 7.425934687348863250e-02
6.793750000000000178e+00 1.220102748145409227e-01 7.315689048413903661e-02
6.794444444444444287e+00 1.216686925903859989e-01 7.205899064611739901e-02
6.795138888888889284e+00 1.213850725321522078e-01 7.096483561762849390e-02
6.795833333333333393e+00 1.210524868366403828e-01 6.987524142197326649e-02
6.796527777777778390e+00 1.207042379188728309e-01 6.879150422744789717e-02
6.797222222222221610e+00 1.203540371760972172e-01 6.771278818552770029e-02
6.797916666666666607e+00 1.199751318250491944e-01 6.664248681481459158e-02
6.798611111111110716e+00 1.196058086386979080e-01 6.558093597525532781e-02
6.799305555555555713e+00 1.192118007233687743e-01 6.452780041093092445e-02
6.799999999999999822e+00 1.188337127679593291e-01 6.347960138638882033e-02
6.800694444444444819e+00 1.184339934256217197e-01 6.243909240694315438e-02
6.801388888888888040e+00 1.180494269139505115e-01 6.140472226991152555e-02
6.802083333333333037e+00 1.176507177828043649e-01 6.038247692763502178e-02
6.802777777777778034e+00 1.172620335388086660e-01 5.936495663799169764e-02
6.803472222222222143e+00 1.168673159410945211e-01 5.836121551537679780e-02
6.804166666666667140e+00 1.164928493463421172e-01 5.736668453060338874e-02
6.804861111111111249e+00 1.161028673366841235e-01 5.638247495420834615e-02
6.805555555555556246e+00 1.157035921914324195e-01 5.540551728553529814e-02
6.806249999999999467e+00 1.153027062057529056e-01 5.443956890433544749e-02
6.806944444444444464e+00 1.148995191162603818e-01 5.348514889443373166e-02
6.807638888888888573e+00 1.145035675279901383e-01 5.253917872186330412e-02
6.808333333333333570e+00 1.141033960561727151e-01 5.160572280383471377e-02
6.809027777777777679e+00 1.137103085451501294e-01 5.068187917604578818e-02
6.809722222222222676e+00 1.133122449207104032e-01 4.977102035740897656e-02
6.810416666666665897e+00 1.129232875950747367e-01 4.886971855881418886e-02
6.811111111111110894e+00 1.125289163443345675e-01 4.797792325684366310e-02
6.811805555555555003e+00 1.121429793893995719e-01 4.709810835543327967e-02
6.812500000000000000e+00 1.117527650206213002e-01 4.623350873847250492e-02
6.813194444444444997e+00 1.113720172963993116e-01 4.537741008899324330e-02
6.813888888888889106e+00 1.109868234541007553e-01 4.453405584659704541e-02
6.814583333333334103e+00 1.106106486707562758e-01 4.370330748500456802e-02
6.815277777777777324e+00 1.102303696921820425e-01 4.288312937404155367e-02
6.815972222222222321e+00 1.098593749101605954e-01 4.207557608143581290e-02
6.816666666666666430e+00 1.094843231336877637e-01 4.128267213270390285e-02
6.817361111111111427e+00 1.091184523283218605e-01 4.049991860168367097e-02
6.818055555555555536e+00 1.087484492907692807e-01 3.973023185033892207e-02
6.818750000000000533e+00 1.083875997767654448e-01 3.897216239201636845e-02
6.819444444444443754e+00 1.080227719161375166e-01 3.822770871509328233e-02
6.820138888888888751e+00 1.076669106926914365e-01 3.749421439781946280e-02
6.820833333333332860e+00 1.073071423749989983e-01 3.677375583931000863e-02
6.821527777777777857e+00 1.069563314870376480e-01 3.606500802684728391e-02
6.822222222222221966e+00 1.066014954479373444e-01 3.536982424689252141e-02
6.822916666666666963e+00 1.062555536451438715e-01 3.468600727297393993e-02
6.823611111111111960e+00 1.059055401345513625e-01 3.401528829920905106e-02
6.824305555555555181e+00 1.055642808070827721e-01 3.335576854437814071e-02
6.825000000000000178e+00 1.052191251656351273e-01 3.270856697110583605e-02
6.825694444444444287e+00 1.048824347291480302e-01 3.207305333224831634e-02
6.826388888888889284e+00 1.045418439977540415e-01 3.144903302521640659e-02
6.827083333333333393e+00 1.042098816660693705e-01 3.083566764095565030e-02
6.827777777777778390e+00 1.038738863336430979e-01 3.023304019171861243e-02
6.828472222222221610e+00 1.035464248035964513e-01 2.964005749561849506e-02
6.829166666666666607e+00 1.032147575531605355e-01 2.905834441781380423e-02
6.829861111111110716e+00 1.028914806858366865e-01 2.848633767127348518e-02
6.830555555555555713e+00 1.025641852861520764e-01 2.792401402326492865e-02
6.831249999999999822e+00 1.022451430933331157e-01 2.737100460203526972e-02
6.831944444444444819e+00 1.019221187610236945e-01 2.682829450206126315e-02
6.832638888888888040e+00 1.016073177383706866e-01 2.629483846211291831e-02
6.833333333333333037e+00 1.012884366355292221e-01 2.577074158827731207e-02
6.834027777777778034e+00 1.009776888381824361e-01 2.525363703907124169e-02
6.834722222222222143e+00 1.006628209473286184e-01 2.474594783353408975e-02
6.835416666666667140e+00 1.003560228759123596e-01 2.424549858872720662e-02
6.836111111111111249e+00 1.000450649162794164e-01 2.375242352963548298e-02
6.836805555555556246e+00 9.974223596174935924e-02 2.326722842972092295e-02
6.837499999999999467e+00 9.943512829046921575e-02 2.278951213815726823e-02
6.838194444444444464e+00 9.913612690108213055e-02 2.231944518714600728e-02
6.838888888888888573e+00 9.883279650936288574e-02 2.185670795359066776e-02
6.839583333333333570e+00 9.853741376965073628e-02 2.140141071470846867e-02
6.840277777777777679e+00 9.823781344897195011e-02 2.095248017993271011e-02
6.840972222222222676e+00 9.794602758734585746e-02 2.051078235367085126e-02
6.841666666666665897e+00 9.765001747512991326e-02 2.007537682946729241e-02
6.842361111111110894e+00 9.736182990415134797e-02 1.964673084691523353e-02
6.843055555555555003e+00 9.706924772248831657e-02 1.922402554836859234e-02
6.843750000000000000e+00 9.678457949544629069e-02 1.880790350267976321e-02
6.844444444444444997e+00 9.649542515801369513e-02 1.839748626398824208e-02
6.845138888888889106e+00 9.621414506964215407e-02 1.799359432182237595e-02
6.845833333333334103e+00 9.592841862221418436e-02 1.759539431775532584e-02
6.846527777777777324e+00 9.565056032923825724e-02 1.720338146422552283e-02
6.847222222222222321e+00 9.536793201769877548e-02 1.681703818853116927e-02
6.847916666666666430e+00 9.509331824927264032e-02 1.643674202995765166e-02
6.848611111111111427e+00 9.481393527755320461e-02 1.606196436256353624e-02
6.849305555555555536e+00 9.454247623523870381e-02 1.569289719563535940e-02
6.850000000000000533e+00 9.426628222266605905e-02 1.532920279197778901e-02
6.850694444444443754e+00 9.399799032694146350e-02 1.497106007908933188e-02
6.851388888888888751e+00 9.372489944930467720e-02 1.461800868047062434e-02
6.852083333333332860e+00 9.345962331769533393e-02 1.427017474102175963e-02
6.852777777777777857e+00 9.318954493922360083e-02 1.392741078870966993e-02
6.853472222222221966e+00 9.292714721987788140e-02 1.358974708832269215e-02
6.854166666666666963e+00 9.265996786732948187e-02 1.325699010885035035e-02
6.854861111111111960e+00 9.240066387113562985e-02 1.292934823497818124e-02
6.855555555555555181e+00 9.213642419201044376e-02 1.260666442421230944e-02
6.856250000000000178e+00 9.188003877503515826e-02 1.228894214762811521e-02
6.856944444444444287e+00 9.161859762594790069e-02 1.197595218884365924e-02
6.857638888888889284e+00 9.136493354195142358e-02 1.166765586304044540e-02
6.858333333333333393e+00 9.110628575851088817e-02 1.136404690491987952e-02
6.859027777777778390e+00 9.085544564867954753e-02 1.106510127763059813e-02
6.859722222222221610e+00 9.059954158819735759e-02 1.077078510540966164e-02
6.860416666666666607e+00 9.035128327727219577e-02 1.048091779671166991e-02
6.861111111111110716e+00 9.009799190650258360e-02 1.019532531283335805e-02
6.861805555555555713e+00 8.985243564168073072e-02 9.914012397402666155e-03
6.862499999999999822e+00 8.960183683043040914e-02 9.637071928090226725e-03
6.863194444444444819e+00 8.935891682287944171e-02 9.364454090888530563e-03
6.863888888888888040e+00 8.911082514822278589e-02 9.096126428529936747e-03
6.864583333333333037e+00 8.887044670793779744e-02 8.831990910406204917e-03
6.865277777777778034e+00 8.862483265633137874e-02 8.571916228886245631e-03
6.865972222222222143e+00 8.838696627562143970e-02 8.315926224698443406e-03
6.866666666666667140e+00 8.814385449486701607e-02 8.064021426524894606e-03
6.867361111111111249e+00 8.790861622255900787e-02 7.816058485299435046e-03
6.868055555555556246e+00 8.766786187540311082e-02 7.571873858785925851e-03
6.868749999999999467e+00 8.743482376458615313e-02 7.331442434025447173e-03
6.869444444444444464e+00 8.719643441955571284e-02 7.094636410865579924e-03
6.870138888888888573e+00 8.696587834921458426e-02 6.861469701578671275e-03
6.870833333333333570e+00 8.672987027721824893e-02 6.631895579584249148e-03
6.871527777777777679e+00 8.650168324019898158e-02 6.405889891912400387e-03
6.872222222222222676e+00 8.626797220169986347e-02 6.183547473695574261e-03
6.872916666666665897e+00 8.604224152491375677e-02 5.964792367546462026e-03
6.873611111111110894e+00 8.581072510484305527e-02 5.749363230492914208e-03
6.874305555555555003e+00 8.558732189880627339e-02 5.537180354365588142e-03
6.875000000000000000e+00 8.535783191440472761e-02 5.328197949318496003e-03
6.875694444444444997e+00 8.513688892027042321e-02 5.122405725660110140e-03
6.876388888888889106e+00 8.490912770293890244e-02 4.919769761999822667e-03
6.877083333333334103e+00 8.469051800265153807e-02 4.720316556675174281e-03
6.877777777777777324e+00 8.446338028155461752e-02 4.523935249668686528e-03
6.878472222222222321e+00 8.424624786407941546e-02 4.330545322842770627e-03
6.879166666666666430e+00 8.401863469201173440e-02 4.140076775682920152e-03
6.879861111111111427e+00 8.380356236967954897e-02 3.952475987977174463e-03
6.880555555555555536e+00 8.357393061681395174e-02 3.767644196513803608e-03
6.881250000000000533e+00 8.335796175887366655e-02 3.585586246911672079e-03
6.881944444444443754e+00 8.312676102633059783e-02 3.406320423422259935e-03
6.882638888888888751e+00 8.290806149482948806e-02 3.229770710652860640e-03
6.883333333333332860e+00 8.267641952235585401e-02 3.055868236500385027e-03
6.884027777777777857e+00 8.246089253401811536e-02 2.884578869076611946e-03
6.884722222222221966e+00 8.225435779414692894e-02 2.715804459470113480e-03
6.885416666666666963e+00 8.206491243788824330e-02 2.549519665199037003e-03
6.886111111111111960e+00 8.185318103602670647e-02 2.385844266521801402e-03
6.886805555555555181e+00 8.164892342880770981e-02 2.224618182930410224e-03
6.887500000000000178e+00 8.144148521025020016e-02 2.065863329177887453e-03
6.888194444444444287e+00 8.123911624179480651e-02 1.909402970697991319e-03
6.888888888888889284e+00 8.103622245939269553e-02 1.755264123756044344e-03
6.889583333333333393e+00 8.083738995648648284e-02 1.603556088711019989e-03
6.890277777777778390e+00 8.063482056135744258e-02 1.454063838479287968e-03
6.890972222222221610e+00 8.043223070072229308e-02 1.306599054560605901e-03
6.891666666666666607e+00 8.023423498461168535e-02 1.161414681893650422e-03
6.892361111111110716e+00 8.003323880884223585e-02 1.018713524026540777e-03
6.893055555555555713e+00 7.983464110045646045e-02 8.777361045268840560e-04
6.893749999999999822e+00 7.963384501805981230e-02 7.387898554772660701e-04
6.894444444444444819e+00 7.943814318279245057e-02 6.022404094057500585e-04
6.895138888888888040e+00 7.923844927437161123e-02 4.677165602357262106e-04
6.895833333333333037e+00 7.904393423729631774e-02 3.348680472655203209e-04
6.896527777777778034e+00 7.884581175750146609e-02 2.035298835541289857e-04
6.897222222222222143e+00 7.865268904966322971e-02 7.416326432379588454e-05
6.897916666666667140e+00 7.845567568045870577e-02 -5.267814632543991663e-05
6.898611111111111249e+00 7.826443443042853387e-02 -1.776488412279179495e-04
6.899305555555556246e+00 7.806919273167456375e-02 -3.012856421603097765e-04
6.899999999999999467e+00 7.787954905579450027e-02 -4.231286343011297327e-04
6.900694444444444464e+00 7.768623481710286438e-02 -5.431109188148595598e-04
6.901388888888888573e+00 7.749832845280094085e-02 -6.614290568350125526e-04
6.902083333333333570e+00 7.730599817144684360e-02 -7.782110066857773727e-04
6.902777777777777679e+00 7.711953808825947054e-02 -8.933095216816685754e-04
6.903472222222222676e+00 7.692898346105118967e-02 -1.006527492933697882e-03
6.904166666666665897e+00 7.674411648280371478e-02 -1.117842909136561791e-03
6.904861111111110894e+00 7.655514820432636480e-02 -1.227597541383841813e-03
6.905555555555555003e+00 7.637196107803864709e-02 -1.336300112215266494e-03
6.906250000000000000e+00 7.618466575025810428e-02 -1.443547460338163091e-03
6.906944444444444997e+00 7.600306383224517126e-02 -1.548929942985048658e-03
6.907638888888889106e+00 7.581732885941536160e-02 -1.652947084274592610e-03
6.908333333333334103e+00 7.563734676278757729e-02 -1.755675962946414825e-03
6.909027777777777324e+00 7.545321544212556242e-02 -1.856828744938722291e-03
6.909722222222222321e+00 7.527480783438693368e-02 -1.956411350065424479e-03
6.910416666666666430e+00 7.509218095123068593e-02 -2.054524590061799615e-03
6.911111111111111427e+00 7.491512719087319028e-02 -2.151340425292256556e-03
6.911805555555555536e+00 7.473377519902341115e-02 -2.246894497725811235e-03
6.912500000000000533e+00 7.455824276911207638e-02 -2.340826879809220981e-03
6.913194444444443754e+00 7.437841774733985889e-02 -2.433006063539065213e-03
6.913888888888888751e+00 7.420435440855975562e-02 -2.523643673540627245e-03
6.914583333333332860e+00 7.402598770219691315e-02 -2.612874354612724440e-03
6.915277777777777857e+00 7.385343790956522270e-02 -2.701100548588434343e-03
6.915972222222221966e+00 7.367642826466089256e-02 -2.788228069940769122e-03
6.916666666666666963e+00 7.350532283162132530e-02 -2.873853581885709753e-03
6.917361111111111960e+00 7.332965284572079412e-02 -2.958406007928147518e-03
6.918055555555555181e+00 7.316004533908221363e-02 -3.041787349490987589e-03
6.918750000000000178e+00 7.298552201446439902e-02 -3.123920763974360418e-03
6.919444444444444287e+00 7.281737451210436307e-02 -3.204907534376696867e-03
6.920138888888889284e+00 7.264361094679400166e-02 -3.284759841153245524e-03
6.920833333333333393e+00 7.247686612486198277e-02 -3.363459454698671143e-03
6.921527777777778390e+00 7.230297247176070696e-02 -3.441027995964940009e-03
6.922222222222221610e+00 7.213731120150854159e-02 -3.517430892442302993e-03
6.922916666666666607e+00 7.196204586310853135e-02 -3.592736914051715847e-03
6.923611111111110716e+00 7.179623219601527495e-02 -3.667020199339537500e-03
6.924305555555555713e+00 7.161881322440834252e-02 -3.740315533898454226e-03
6.924999999999999822e+00 7.145199126556676938e-02 -3.812605688295269465e-03
6.925694444444444819e+00 7.127399558540391256e-02 -3.883852346684320712e-03
6.926388888888888040e+00 7.110497248148205107e-02 -3.954049901653793574e-03
6.927083333333333037e+00 7.092685814106299003e-02 -4.023225470819746970e-03
6.927777777777778034e+00 7.076393954043097567e-02 -4.091383093196137091e-03
6.928472222222222143e+00 7.060605326264889070e-02 -4.158518791889725605e-03
6.929166666666667140e+00 7.045797175074407226e-02 -4.224650086939491130e-03
6.929861111111111249e+00 7.030061671918040600e-02 -4.289785348148489157e-03
6.930555555555556246e+00 7.014391670110095567e-02 -4.353977665141980750e-03
6.931249999999999467e+00 6.998604882069225930e-02 -4.417241305311684491e-03
6.931944444444444464e+00 6.982920953964422139e-02 -4.479531875760539746e-03
6.932638888888888573e+00 6.967173688506173024e-02 -4.541011304894117945e-03
6.933333333333333570e+00 6.951381579105916919e-02 -4.601547542861360134e-03
6.934027777777777679e+00 6.935906546707933107e-02 -4.661238700231850642e-03
6.934722222222222676e+00 6.920317090687190531e-02 -4.719910346916317626e-03
6.935416666666665897e+00 6.904763158560092706e-02 -4.777793663639392369e-03
6.936111111111110894e+00 6.888758670231542869e-02 -4.834865211753079303e-03
6.936805555555555003e+00 6.873492177155866856e-02 -4.891089186876015037e-03
6.937500000000000000e+00 6.858032579962385078e-02 -4.946432915676715614e-03
6.938194444444444997e+00 6.842787290026976221e-02 -5.000959812479274097e-03
6.938888888888889106e+00 6.827243683850843514e-02 -5.054785279659293994e-03
6.939583333333334103e+00 6.812217841091888770e-02 -5.107809546966592291e-03
6.940277777777777324e+00 6.796702508214075289e-02 -5.160114068461125157e-03
6.940972222222222321e+00 6.781668165899540357e-02 -5.211670158540481802e-03
6.941666666666666430e+00 6.766312466343959997e-02 -5.262541813602798768e-03
6.942361111111111427e+00 6.751412446633819897e-02 -5.312689692672089604e-03
6.943055555555555536e+00 6.736121775842716930e-02 -5.362150710388065636e-03
6.943750000000000533e+00 6.721317974809111473e-02 -5.410912067212775636e-03
6.944444444444443754e+00 6.706116268727393970e-02 -5.458990160809850181e-03
6.945138888888888751e+00 6.691429783560930156e-02 -5.506368160277360160e-03
6.945833333333332860e+00 6.676341594182536032e-02 -5.553068403899625964e-03
6.946527777777777857e+00 6.661795724478133951e-02 -5.599118122875024542e-03
6.947222222222221966e+00 6.646768796884705566e-02 -5.644622813973191981e-03
6.947916666666666963e+00 6.632331770573776653e-02 -5.689494721323274350e-03
6.948611111111111960e+00 6.617289778843042647e-02 -5.733649057370011036e-03
6.949305555555555181e+00 6.602940477181792889e-02 -5.777253525263773004e-03
6.950000000000000178e+00 6.587792535625235091e-02 -5.820282687617191891e-03
6.950694444444444287e+00 6.573430265363620906e-02 -5.862785861674772898e-03
6.951388888888889284e+00 6.558096942222767234e-02 -5.904676538382923508e-03
6.952083333333333393e+00 6.543615315107929875e-02 -5.945887118252859288e-03
6.952777777777778390e+00 6.528312227617877328e-02 -5.986459753777428026e-03
6.953472222222221610e+00 6.513740964382469523e-02 -6.026519105774859504e-03
6.954166666666666607e+00 6.498312205724195156e-02 -6.065936625812468758e-03
6.954861111111110716e+00 6.484183371671763119e-02 -6.104786326469091411e-03
6.955555555555555713e+00 6.470503906850470777e-02 -6.143056291164854417e-03
6.956249999999999822e+00 6.457605250239258077e-02 -6.180797062981367544e-03
6.956944444444444819e+00 6.443958439308393460e-02 -6.217984709777903303e-03
6.957638888888888040e+00 6.430209442696838140e-02 -6.254662881215704816e-03
6.958333333333333037e+00 6.416400093866345133e-02 -6.290795032548478737e-03
6.959027777777778034e+00 6.402741352586020784e-02 -6.326447371752469753e-03
6.959722222222222143e+00 6.389086963028174637e-02 -6.361514680854322978e-03
6.960416666666667140e+00 6.375390068812276934e-02 -6.395806193961557293e-03
6.961111111111111249e+00 6.361634556883163927e-02 -6.429714155066269289e-03
6.961805555555556246e+00 6.347911674951273175e-02 -6.463286378917113342e-03
6.962499999999999467e+00 6.334493375244727720e-02 -6.496455155555970820e-03
6.963194444444444464e+00 6.320800629443053265e-02 -6.529229413035151329e-03
6.963888888888888573e+00 6.307378715382379319e-02 -6.561540105775239516e-03
6.964583333333333570e+00 6.294070492470059397e-02 -6.593392383687598189e-03
6.965277777777777679e+00 6.280719532885445378e-02 -6.624788811305579520e-03
6.965972222222222676e+00 6.267005779462538062e-02 -6.655745024072619136e-03
6.966666666666665897e+00 6.253899734238127506e-02 -6.686248253908897918e-03
6.967361111111110894e+00 6.240818440371513620e-02 -6.716323226602930602e-03
6.968055555555555003e+00 6.227587363184549502e-02 -6.745954544968496731e-03
6.968750000000000000e+00 6.213818108402197754e-02 -6.775147340714627112e-03
6.969444444444444997e+00 6.200863808945959732e-02 -6.803929818851483374e-03
6.970138888888889106e+00 6.187728277743960448e-02 -6.832302889758180495e-03
6.970833333333334103e+00 6.174745258829475447e-02 -6.860266712628602243e-03
6.971527777777777324e+00 6.161535645568951003e-02 -6.887838475302087912e-03
6.972222222222222321e+00 6.148800900038724898e-02 -6.915008796166449874e-03
6.972916666666666430e+00 6.135629211068355238e-02 -6.941798925324335276e-03
6.973611111111111427e+00 6.122892566974506151e-02 -6.968199362132250843e-03
6.974305555555555536e+00 6.109761951811928937e-02 -6.994207180023793297e-03
6.975000000000000533e+00 6.097095034737820551e-02 -7.019842064345715484e-03
6.975694444444443754e+00 6.083948530691358353e-02 -7.042852296126090282e-03
6.976388888888888751e+00 6.071350613029563581e-02 -7.064914899503514471e-03
6.977083333333332860e+00 6.058116321880342020e-02 -7.086931380644020083e-03
6.977777777777777857e+00 6.045509347819050250e-02 -7.108616701076073824e-03
6.978472222222221966e+00 6.032153302691411340e-02 -7.130053451738086086e-03
6.979166666666666963e+00 6.019543420266281614e-02 -7.151218363686102919e-03
6.979861111111111960e+00 6.006080641907963341e-02 -7.172108826657826348e-03
6.980555555555555181e+00 5.993195220375579363e-02 -7.192724454485658475e-03
6.981250000000000178e+00 5.979623747342849294e-02 -7.213073916028174722e-03
6.981944444444444287e+00 5.966978489905343241e-02 -7.233160857703052442e-03
6.982638888888889284e+00 5.954997468027112273e-02 -7.252974583159059810e-03
6.983333333333333393e+00 5.943843257068461700e-02 -7.272551112062705832e-03
6.984027777777778390e+00 5.931703135752348227e-02 -7.291874171323042830e-03
6.984722222222221610e+00 5.919776142785869444e-02 -7.310945106421877504e-03
6.985416666666666607e+00 5.907749870035915174e-02 -7.329757570653030151e-03
6.986111111111110716e+00 5.895523856387985956e-02 -7.348345643000319706e-03
6.986805555555555713e+00 5.883362185055130561e-02 -7.366691517877338967e-03
6.987499999999999822e+00 5.871256823072511233e-02 -7.384803848136015092e-03
6.988194444444444819e+00 5.859256465087169657e-02 -7.402706309745186314e-03
6.988888888888888040e+00 5.847157635595664343e-02 -7.420359258980980394e-03
6.989583333333333037e+00 5.835206252601608801e-02 -7.437801272657734893e-03
6.990277777777778034e+00 5.823091480592356567e-02 -7.455015209750882194e-03
6.990972222222222143e+00 5.811237811181770713e-02 -7.471984259330701102e-03
6.991666666666667140e+00 5.799252944093671869e-02 -7.488780122100005023e-03
6.992361111111111249e+00 5.787628389055771150e-02 -7.505360915190365315e-03
6.993055555555556246e+00 5.775798182564214484e-02 -7.521697099666724458e-03
6.993749999999999467e+00 5.764179538086824928e-02 -7.537867806601887023e-03
6.994444444444444464e+00 5.752312900419492836e-02 -7.553831495085286570e-03
6.995138888888888573e+00 5.740748059457224245e-02 -7.569526323958797320e-03
6.995833333333333570e+00 5.728695080113686833e-02 -7.585142684408446162e-03
6.996527777777777679e+00 5.717128183599605451e-02 -7.600518514713314189e-03
6.997222222222222676e+00 5.705568909975747977e-02 -7.616957088726168494e-03
6.997916666666665897e+00 5.694286850854106408e-02 -7.632448927764469426e-03
6.998611111111110894e+00 5.682407763359767494e-02 -7.647067051066983555e-03
6.999305555555555003e+00 5.671089459538762589e-02 -7.661620417185333216e-03
7.000000000000000000e+00 5.659154135790214757e-02 -7.675984545955119934e-03
