# Fig 5 Kansas_City
# 0. time (h), 1. prod. rate dynamic (L/h), 2. prod. rate static (L/h)
0.000000000000000000e+00 -3.615644074265331187e-02 -3.615644074314781214e-02
1.666666666666666644e-02 2.367274257885246258e-02 2.367274257831661691e-02
3.333333333333333287e-02 -1.749202938439915062e-02 -1.749375170876273436e-02
5.000000000000000278e-02 1.140654020172243537e-02 1.135391050756113726e-02
6.666666666666666574e-02 -7.145442032818413898e-03 -7.320663212469919086e-03
8.333333333333332871e-02 3.876457449325931750e-03 3.568121104184374288e-03
1.000000000000000056e-01 -2.678095951073110152e-03 -3.133092716477321998e-03
1.166666666666666685e-01 8.609069367501318232e-04 2.536190640426705389e-04
1.333333333333333315e-01 -1.220064339317513845e-03 -1.925970675967099074e-03
1.499999999999999944e-01 -1.301580605169059223e-04 -8.637110502734095382e-04
1.666666666666666574e-01 -7.296831398422321544e-04 -1.501784443668026077e-03
1.833333333333333204e-01 -4.233312576484981205e-04 -1.232966896282813645e-03
2.000000000000000111e-01 -5.961121168936653076e-04 -1.437203400755695951e-03
2.166666666666666741e-01 -5.242471134761811802e-04 -1.381446761913368701e-03
2.333333333333333370e-01 -5.597201797878647049e-04 -1.446668123504535287e-03
2.500000000000000000e-01 -5.529368160556133492e-04 -1.456716405566900420e-03
2.666666666666666630e-01 -5.617493492677963843e-04 -1.487951492188389381e-03
2.833333333333333259e-01 -5.644088555098854482e-04 -1.507325186228099245e-03
2.999999999999999889e-01 -5.690997734772719171e-04 -1.529422329020822422e-03
3.166666666666666519e-01 -5.722482820918149953e-04 -1.549373685928939455e-03
3.333333333333333148e-01 -5.751038064076537462e-04 -1.568744759771581324e-03
3.499999999999999778e-01 -5.781630401650713832e-04 -1.587165940835215915e-03
3.666666666666666408e-01 -5.814364453002000962e-04 -1.604925839467677981e-03
3.833333333333333592e-01 -5.838040185716800515e-04 -1.621084792057826294e-03
4.000000000000000222e-01 -5.863950161321828010e-04 -1.636652458451390941e-03
4.166666666666666852e-01 -5.888077273863116671e-04 -1.651499142176136598e-03
4.333333333333333481e-01 -5.915141014899772450e-04 -1.666014547386214647e-03
4.500000000000000111e-01 -5.940514378463485415e-04 -1.679604403585804005e-03
4.666666666666666741e-01 -5.962125582502567208e-04 -1.692991597854746639e-03
4.833333333333333370e-01 -5.999738758345272548e-04 -1.705514152623835650e-03
5.000000000000000000e-01 -6.025614224046849533e-04 -1.717710651084039227e-03
5.166666666666666075e-01 -6.043783179377382360e-04 -1.729295299385266195e-03
5.333333333333333259e-01 -6.076242663508130094e-04 -1.740558144940780420e-03
5.500000000000000444e-01 -6.111621624067690777e-04 -1.751116975392023054e-03
5.666666666666666519e-01 -6.140965802133137655e-04 -1.761554807256269671e-03
5.833333333333333703e-01 -6.165567343847267335e-04 -1.771412508006145817e-03
5.999999999999999778e-01 -6.197551530394874867e-04 -1.781046024167353770e-03
6.166666666666666963e-01 -6.232857629489554300e-04 -1.790124726676552190e-03
6.333333333333333037e-01 -6.272686508604722331e-04 -1.799134569510023318e-03
6.500000000000000222e-01 -6.317720811392403546e-04 -1.807644492363404132e-03
6.666666666666666297e-01 -6.365807285280119859e-04 -1.816064853138599092e-03
6.833333333333333481e-01 -6.412445454547034468e-04 -1.823962204093437832e-03
6.999999999999999556e-01 -6.460465987967258005e-04 -1.832631960772424656e-03
7.166666666666666741e-01 -6.508133929260455190e-04 -1.840733351466421284e-03
7.333333333333332815e-01 -6.553059624679765348e-04 -1.848291020047289302e-03
7.500000000000000000e-01 -6.600375842588891359e-04 -1.855051497861060893e-03
7.666666666666667185e-01 -6.647647854625977210e-04 -1.861288778877645978e-03
7.833333333333333259e-01 -6.695603961269833539e-04 -1.867600423402105553e-03
8.000000000000000444e-01 -6.738183270684207056e-04 -1.873944334248938640e-03
8.166666666666666519e-01 -6.777744931453404467e-04 -1.879973256772663089e-03
8.333333333333333703e-01 -6.821909706926733213e-04 -1.885872924629060192e-03
8.499999999999999778e-01 -6.870484252596225456e-04 -1.891377334681863028e-03
8.666666666666666963e-01 -6.915686470914771252e-04 -1.896780725126348327e-03
8.833333333333333037e-01 -6.957256142523107019e-04 -1.901980627427701971e-03
9.000000000000000222e-01 -7.000241038012318699e-04 -1.907171170297538914e-03
9.166666666666666297e-01 -7.041345119505478499e-04 -1.912149022684045538e-03
9.333333333333333481e-01 -7.086685660660065403e-04 -1.917215819063380379e-03
9.499999999999999556e-01 -7.128497840859141345e-04 -1.922367230882228179e-03
9.666666666666666741e-01 -7.168722064630786385e-04 -1.927020687087695108e-03
9.833333333333332815e-01 -7.208151301144708227e-04 -1.931415039027536973e-03
1.000000000000000000e+00 -7.244794113672410390e-04 -1.935992682532782557e-03
1.016666666666666607e+00 -7.279413583225546403e-04 -1.940148513258293551e-03
1.033333333333333215e+00 -7.312325024432940641e-04 -1.944297038363542590e-03
1.050000000000000044e+00 -7.336233578261943267e-04 -1.948245009495183427e-03
1.066666666666666652e+00 -7.361159755554733944e-04 -1.952315986987657008e-03
1.083333333333333259e+00 -7.395876082670065250e-04 -1.956225521646505743e-03
1.100000000000000089e+00 -7.430623615925144570e-04 -1.959893584609015155e-03
1.116666666666666696e+00 -7.459468097064120978e-04 -1.963765108603654844e-03
1.133333333333333304e+00 -7.490743239782360211e-04 -1.967286290548684452e-03
1.149999999999999911e+00 -7.517124964531967778e-04 -1.970623171523380041e-03
1.166666666666666741e+00 -7.537924429418198149e-04 -1.974078995195681276e-03
1.183333333333333348e+00 -7.545544801932584740e-04 -1.977221467355461115e-03
1.199999999999999956e+00 -7.582257720792399090e-04 -1.980152569732232092e-03
1.216666666666666563e+00 -7.609049399774250703e-04 -1.982958698291938538e-03
1.233333333333333393e+00 -7.628363276001140546e-04 -1.985813665999509783e-03
1.250000000000000000e+00 -7.661780153753279185e-04 -1.988605717800185236e-03
1.266666666666666607e+00 -7.682461279523860893e-04 -1.991712295114212664e-03
1.283333333333333437e+00 -7.705711228834978164e-04 -1.994681155633449589e-03
1.300000000000000044e+00 -7.739432520463894287e-04 -1.997377537272794663e-03
1.316666666666666652e+00 -7.774124205531423356e-04 -1.999723311882016432e-03
1.333333333333333259e+00 -7.799122414601027901e-04 -2.002138614712395664e-03
1.350000000000000089e+00 -7.819077247942541080e-04 -2.004628326292660478e-03
1.366666666666666696e+00 -7.833738925906591228e-04 -2.007004690672406153e-03
1.383333333333333304e+00 -7.854203527621789497e-04 -2.009186518929259417e-03
1.399999999999999911e+00 -7.892023721888820603e-04 -2.011408723118724741e-03
1.416666666666666741e+00 -7.919109108641874057e-04 -2.013537042494348457e-03
1.433333333333333348e+00 -7.947242468180156947e-04 -2.015707664506830900e-03
1.449999999999999956e+00 -7.977595637770671213e-04 -2.018086455712506458e-03
1.466666666666666563e+00 -8.020420441631758183e-04 -2.020242497698739644e-03
1.483333333333333393e+00 -8.042124964679131169e-04 -2.022258211554223226e-03
1.500000000000000000e+00 -8.058414328507487994e-04 -2.024258784583927908e-03
1.516666666666666607e+00 -8.087183195474059423e-04 -2.026094547744207615e-03
1.533333333333333437e+00 -8.114446391835681942e-04 -2.027913663108060326e-03
1.550000000000000044e+00 -8.147409087444129399e-04 -2.029682401234770769e-03
1.566666666666666652e+00 -8.177492145178268893e-04 -2.031472822700629288e-03
1.583333333333333259e+00 -8.221049749290996241e-04 -2.033140952116429222e-03
1.600000000000000089e+00 -8.239985723597671599e-04 -2.035105751778217096e-03
1.616666666666666696e+00 -8.252715155781731792e-04 -2.037016566986080482e-03
1.633333333333333304e+00 -8.277291339977772052e-04 -2.038759819568997968e-03
1.649999999999999911e+00 -8.308107256496574103e-04 -2.040244108944221785e-03
1.666666666666666741e+00 -8.335230773922181445e-04 -2.041639650524568715e-03
1.683333333333333348e+00 -8.359836271044048580e-04 -2.043091080651724366e-03
1.699999999999999956e+00 -8.395492021030251601e-04 -2.044584018359856068e-03
1.716666666666666563e+00 -8.420128791307742019e-04 -2.045968672391947681e-03
1.733333333333333393e+00 -8.430529532839928187e-04 -2.047355130889275381e-03
1.750000000000000000e+00 -8.440115563602877896e-04 -2.048668628258921466e-03
1.766666666666666607e+00 -8.458969635095833772e-04 -2.049990306427839498e-03
1.783333333333333437e+00 -8.503598212270434753e-04 -2.051466175269204151e-03
1.800000000000000044e+00 -8.545303448179448601e-04 -2.052819362618630000e-03
1.816666666666666652e+00 -8.565459107546636404e-04 -2.054083892747882948e-03
1.833333333333333259e+00 -8.578100494073228255e-04 -2.055373416085004654e-03
1.849999999999999645e+00 -8.596866795197417128e-04 -2.056522311334955944e-03
1.866666666666666696e+00 -8.616429599097668278e-04 -2.057660992877369081e-03
1.883333333333333304e+00 -8.646747872173284966e-04 -2.058780352137464659e-03
1.899999999999999911e+00 -8.677033934632388205e-04 -2.059924509073341944e-03
1.916666666666666741e+00 -8.691783051135154722e-04 -2.060980773210972696e-03
1.933333333333333348e+00 -8.704021367138410322e-04 -2.062211913531239796e-03
1.949999999999999956e+00 -8.727992323551923273e-04 -2.063380867673598844e-03
1.966666666666666563e+00 -8.752120747048304245e-04 -2.064457800737137198e-03
1.983333333333333393e+00 -8.778256426172042874e-04 -2.065382283076424869e-03
2.000000000000000000e+00 -8.812336536584477195e-04 -2.066328344209493462e-03
2.016666666666666607e+00 -8.841872919046387357e-04 -2.067316564567442741e-03
2.033333333333333215e+00 -8.881372509405118573e-04 -2.068240374796211263e-03
2.049999999999999822e+00 -8.912689831851499040e-04 -2.069082697047029771e-03
2.066666666666666430e+00 -8.936066254730103218e-04 -2.069971563875000389e-03
2.083333333333333481e+00 -8.953827953063317642e-04 -2.070798753021880524e-03
2.100000000000000089e+00 -8.977953899421909018e-04 -2.071669266911151976e-03
2.116666666666666696e+00 -8.991792931089799632e-04 -2.072628965835163119e-03
2.133333333333333304e+00 -9.019356347574031913e-04 -2.073497115990729275e-03
2.149999999999999911e+00 -9.033953226016184666e-04 -2.074298721455031594e-03
2.166666666666666519e+00 -9.068701120506281578e-04 -2.075118908786264052e-03
2.183333333333333126e+00 -9.094746952287965838e-04 -2.075840883911913952e-03
2.200000000000000178e+00 -9.113352883775368988e-04 -2.076568743730558466e-03
2.216666666666666785e+00 -9.129056121910376518e-04 -2.077270531514087935e-03
2.233333333333333393e+00 -9.155384131506926143e-04 -2.078009082437378124e-03
2.250000000000000000e+00 -9.176928043573427847e-04 -2.078675915058694930e-03
2.266666666666666607e+00 -9.191621983327879705e-04 -2.079367679853566606e-03
2.283333333333333215e+00 -9.209439271412060615e-04 -2.080131052653516784e-03
2.299999999999999822e+00 -9.219051105190578712e-04 -2.080836987462370089e-03
2.316666666666666874e+00 -9.239276050087300235e-04 -2.081549296190770941e-03
2.333333333333333481e+00 -9.267249491218648412e-04 -2.082218894845942834e-03
2.350000000000000089e+00 -9.282615908932197657e-04 -2.082749522265889882e-03
2.366666666666666696e+00 -9.289335117435704300e-04 -2.083322176616954433e-03
2.383333333333333304e+00 -9.303452709859141119e-04 -2.083918272395435343e-03
2.399999999999999911e+00 -9.330743108822823649e-04 -2.084495160098681719e-03
2.416666666666666519e+00 -9.365878416574171649e-04 -2.085022864912535866e-03
2.433333333333333126e+00 -9.386957400987801367e-04 -2.085582504361018982e-03
2.450000000000000178e+00 -9.398556391421426055e-04 -2.086201982064860190e-03
2.466666666666666785e+00 -9.412938493101681483e-04 -2.086773487794145888e-03
2.483333333333333393e+00 -9.429575201890730415e-04 -2.087321601831681767e-03
2.500000000000000000e+00 -9.437461718823024178e-04 -2.087875312021222549e-03
2.516666666666666607e+00 -9.449102420737723546e-04 -2.088344466812329034e-03
2.533333333333333215e+00 -9.478018191635447908e-04 -2.088822004921050274e-03
2.549999999999999822e+00 -9.489058345376791921e-04 -2.089295213036156118e-03
2.566666666666666874e+00 -9.503688105260159249e-04 -2.089768338435341911e-03
2.583333333333333481e+00 -9.537671364381089707e-04 -2.090199318204031317e-03
2.600000000000000089e+00 -9.570453973041348050e-04 -2.090669433267718872e-03
2.616666666666666696e+00 -9.596196734766170196e-04 -2.091198888951480411e-03
2.633333333333333304e+00 -9.629473873983809742e-04 -2.091683105549100273e-03
2.649999999999999911e+00 -9.654127957804840626e-04 -2.092162736777666929e-03
2.666666666666666519e+00 -9.663338713808333671e-04 -2.092628276230785230e-03
2.683333333333333126e+00 -9.672691878927058276e-04 -2.093002185885421262e-03
2.700000000000000178e+00 -9.683857722986070025e-04 -2.093394620884330651e-03
2.716666666666666785e+00 -9.701609232954574178e-04 -2.093785168898986294e-03
2.733333333333333393e+00 -9.727525973791326108e-04 -2.094184416492064597e-03
2.750000000000000000e+00 -9.749076043949890351e-04 -2.094545986036147004e-03
2.766666666666666607e+00 -9.770066106202603996e-04 -2.094935210096786782e-03
2.783333333333333215e+00 -9.792063457324461876e-04 -2.095358973663967884e-03
2.799999999999999822e+00 -9.816915552466934890e-04 -2.095756135236762595e-03
2.816666666666666874e+00 -9.840016652122006175e-04 -2.096141882423675513e-03
2.833333333333333481e+00 -9.873409365316093873e-04 -2.096522869731054072e-03
2.850000000000000089e+00 -9.899417582199430358e-04 -2.096826267838440647e-03
2.866666666666666696e+00 -9.919432811174560410e-04 -2.097144693506710830e-03
2.883333333333333304e+00 -9.929771688809896271e-04 -2.097464293820999488e-03
2.899999999999999911e+00 -9.946867606377837127e-04 -2.097787737754222993e-03
2.916666666666666519e+00 -9.962060617210431214e-04 -2.098074047296542670e-03
2.933333333333333126e+00 -9.987304185783733249e-04 -2.098382258503738579e-03
2.950000000000000178e+00 -1.001254022154423945e-03 -2.098731273245287455e-03
2.966666666666666785e+00 -1.002716370896656771e-03 -2.099057082954301507e-03
2.983333333333333393e+00 -1.005321784326457723e-03 -2.099372990884133816e-03
3.000000000000000000e+00 -1.007880630137118327e-03 -2.099677717743112220e-03
3.016666666666666607e+00 -1.010138454713703808e-03 -2.099911175153867417e-03
3.033333333333333215e+00 -1.011714292476589101e-03 -2.100160936924269292e-03
3.049999999999999822e+00 -1.012845726108476362e-03 -2.100412778247935132e-03
3.066666666666666874e+00 -1.013664808022797384e-03 -2.100664703444899903e-03
3.083333333333333481e+00 -1.014233309814300318e-03 -2.100892238191993076e-03
3.100000000000000089e+00 -1.017211659515852590e-03 -2.101151810330951532e-03
3.116666666666666696e+00 -1.018607968458366819e-03 -2.101387546732666652e-03
3.133333333333333304e+00 -1.020367164635640946e-03 -2.101680389708607700e-03
3.149999999999999911e+00 -1.022763449086218834e-03 -2.101973593570742073e-03
3.166666666666666519e+00 -1.024314648902163250e-03 -2.102252670732764669e-03
3.183333333333333126e+00 -1.028393517601825825e-03 -2.102524949890233891e-03
3.200000000000000178e+00 -1.030477847120605996e-03 -2.102763871875298635e-03
3.216666666666666785e+00 -1.030954918075951791e-03 -2.102953252476522181e-03
3.233333333333333393e+00 -1.032649290425514434e-03 -2.103195246201775524e-03
3.250000000000000000e+00 -1.034432186126837743e-03 -2.103381722264343039e-03
3.266666666666666607e+00 -1.036137103949968550e-03 -2.103549413629267686e-03
3.283333333333333215e+00 -1.038074040719714868e-03 -2.103796433524896762e-03
3.299999999999999822e+00 -1.039448389109285916e-03 -2.104009621452066457e-03
3.316666666666666874e+00 -1.041200259839654939e-03 -2.104192461307086669e-03
3.333333333333333481e+00 -1.042747579695118415e-03 -2.104389438154196431e-03
3.350000000000000089e+00 -1.045018070339128174e-03 -2.104575445856959881e-03
3.366666666666666696e+00 -1.047354103526778419e-03 -2.104751990285595471e-03
3.383333333333333304e+00 -1.048802596247603745e-03 -2.104905405270304959e-03
3.399999999999999911e+00 -1.049729119424560849e-03 -2.105060675020851025e-03
3.416666666666666519e+00 -1.049992431193365761e-03 -2.105214829518674453e-03
3.433333333333333126e+00 -1.051247107573537263e-03 -2.105371180075541696e-03
3.449999999999999289e+00 -1.052511343757791011e-03 -2.105499535807504527e-03
3.466666666666666785e+00 -1.053330268671135144e-03 -2.105658936495730625e-03
3.483333333333333393e+00 -1.054336510107506918e-03 -2.105863878377165193e-03
3.500000000000000000e+00 -1.056788368523804917e-03 -2.106053313846167896e-03
3.516666666666666607e+00 -1.059382849724742164e-03 -2.106248994574071338e-03
3.533333333333333215e+00 -1.061382428174008222e-03 -2.106403778200249648e-03
3.549999999999999822e+00 -1.062871409660165337e-03 -2.106550440992453060e-03
3.566666666666666874e+00 -1.064125703411339559e-03 -2.106715047305340090e-03
3.583333333333333481e+00 -1.065820027062527658e-03 -2.106860976199770655e-03
3.600000000000000089e+00 -1.067451016921208869e-03 -2.106985523320143751e-03
3.616666666666666696e+00 -1.068646956431318178e-03 -2.107082903118786057e-03
3.633333333333333304e+00 -1.070897845395275176e-03 -2.107218276708490434e-03
3.649999999999999911e+00 -1.072704517431514798e-03 -2.107392446378642849e-03
3.666666666666666519e+00 -1.074441539021668210e-03 -2.107552255273643753e-03
3.683333333333333126e+00 -1.075532712791653096e-03 -2.107707189104847563e-03
3.699999999999999289e+00 -1.078919520973588720e-03 -2.107878795453762850e-03
3.716666666666666785e+00 -1.080444090277953798e-03 -2.108007258900249613e-03
3.733333333333333393e+00 -1.082595370812832478e-03 -2.108127980716061750e-03
3.750000000000000000e+00 -1.084659542698877561e-03 -2.108254244159642968e-03
3.766666666666666607e+00 -1.086022137929340114e-03 -2.108370671373168033e-03
3.783333333333333215e+00 -1.087841680430609408e-03 -2.108469031914815810e-03
3.799999999999999822e+00 -1.088594297616704955e-03 -2.108585376127518514e-03
3.816666666666666874e+00 -1.090053354174903930e-03 -2.108724846322466723e-03
3.833333333333333481e+00 -1.091039550933483758e-03 -2.108857546732232843e-03
3.850000000000000089e+00 -1.092204978756728924e-03 -2.108986053922674245e-03
3.866666666666666696e+00 -1.095708048963806459e-03 -2.109112569911251230e-03
3.883333333333333304e+00 -1.097687159857990745e-03 -2.109193747045270354e-03
3.899999999999999911e+00 -1.098237165186691320e-03 -2.109287093121596426e-03
3.916666666666666519e+00 -1.101104862648000443e-03 -2.109384240153826685e-03
3.933333333333333126e+00 -1.102090836856621774e-03 -2.109478626751449919e-03
3.949999999999999289e+00 -1.102565717416380004e-03 -2.109561761143598051e-03
3.966666666666666785e+00 -1.103192698919328897e-03 -2.109664214495612054e-03
3.983333333333333393e+00 -1.104571785729818604e-03 -2.109742396106669120e-03
4.000000000000000000e+00 -1.105163309280692788e-03 -2.109879642330685437e-03
4.016666666666666607e+00 -1.106605220148367289e-03 -2.110018705968114226e-03
4.033333333333333215e+00 -1.108595988037632809e-03 -2.110124226594453818e-03
4.049999999999999822e+00 -1.111674466366530242e-03 -2.110180355553874232e-03
4.066666666666666430e+00 -1.113270398410575335e-03 -2.110257493645059657e-03
4.083333333333333037e+00 -1.114485691727770244e-03 -2.110355481400278538e-03
4.099999999999999645e+00 -1.114992456340806485e-03 -2.110438929911546708e-03
4.116666666666666252e+00 -1.118096672263419475e-03 -2.110490828247266800e-03
4.133333333333332860e+00 -1.119017544411632674e-03 -2.110547946647120879e-03
4.150000000000000355e+00 -1.119168100123842840e-03 -2.110617697155615317e-03
4.166666666666666963e+00 -1.121974584162606717e-03 -2.110695188094706583e-03
4.183333333333333570e+00 -1.122326568119096785e-03 -2.110786332839671535e-03
4.200000000000000178e+00 -1.122829765581352971e-03 -2.110887451042530675e-03
4.216666666666666785e+00 -1.123902500606001722e-03 -2.110981061499501727e-03
4.233333333333333393e+00 -1.127214890831034237e-03 -2.111034262873778215e-03
4.250000000000000000e+00 -1.129253405513288731e-03 -2.111088775517500158e-03
4.266666666666666607e+00 -1.131355799977994993e-03 -2.111153484229529899e-03
4.283333333333333215e+00 -1.132097044503153644e-03 -2.111200116873795506e-03
4.299999999999999822e+00 -1.132311631579275852e-03 -2.111268459358215440e-03
4.316666666666666430e+00 -1.134093335571906714e-03 -2.111313494493186494e-03
4.333333333333333037e+00 -1.135364757097251679e-03 -2.111369350310319908e-03
4.349999999999999645e+00 -1.136811689753260309e-03 -2.111456182717470764e-03
4.366666666666666252e+00 -1.137656324731868692e-03 -2.111520084940948349e-03
4.383333333333332860e+00 -1.139166113829161208e-03 -2.111604960642107526e-03
4.400000000000000355e+00 -1.141321600878247378e-03 -2.111686927564412636e-03
4.416666666666666963e+00 -1.142963572702476033e-03 -2.111732810272875117e-03
4.433333333333333570e+00 -1.145063677854482381e-03 -2.111788695648093676e-03
4.450000000000000178e+00 -1.146942573461355629e-03 -2.111842527997996512e-03
4.466666666666666785e+00 -1.147317428202621276e-03 -2.111889512625293817e-03
4.483333333333333393e+00 -1.148504303305235156e-03 -2.111937575218133471e-03
4.500000000000000000e+00 -1.149770952742403029e-03 -2.111998823201564554e-03
4.516666666666666607e+00 -1.151192579697566960e-03 -2.112071071226577675e-03
4.533333333333333215e+00 -1.152045169245656097e-03 -2.112139067540742387e-03
4.549999999999999822e+00 -1.152530247969269384e-03 -2.112192845580198458e-03
4.566666666666666430e+00 -1.154557317020036807e-03 -2.112246559027852570e-03
4.583333333333333037e+00 -1.155987754143214270e-03 -2.112283703141619538e-03
4.599999999999999645e+00 -1.158668324481956346e-03 -2.112321088105213133e-03
4.616666666666666252e+00 -1.160409598149315935e-03 -2.112349220233158877e-03
4.633333333333333748e+00 -1.162053791357560125e-03 -2.112380331648733289e-03
4.650000000000000355e+00 -1.162920693667572397e-03 -2.112409733507520770e-03
4.666666666666666963e+00 -1.163514701912202231e-03 -2.112453420418654564e-03
4.683333333333333570e+00 -1.164195971316094860e-03 -2.112510637953864383e-03
4.700000000000000178e+00 -1.165411886431020044e-03 -2.112543017004737175e-03
4.716666666666666785e+00 -1.165823396350667857e-03 -2.112602697327927923e-03
4.733333333333333393e+00 -1.167120920696938617e-03 -2.112658885265579489e-03
4.750000000000000000e+00 -1.169074693214788505e-03 -2.112666829886986411e-03
4.766666666666666607e+00 -1.171446560580843930e-03 -2.112688666368821386e-03
4.783333333333333215e+00 -1.172632593443160122e-03 -2.112739082101780866e-03
4.799999999999999822e+00 -1.173855927500841662e-03 -2.112771884183896071e-03
4.816666666666666430e+00 -1.174417044097035350e-03 -2.112791345460949492e-03
4.833333333333333037e+00 -1.175231447713338514e-03 -2.112824486376692519e-03
4.849999999999999645e+00 -1.175146192592396418e-03 -2.112894582159712074e-03
4.866666666666666252e+00 -1.177234427375846828e-03 -2.112964776563616091e-03
4.883333333333333748e+00 -1.177840677898375332e-03 -2.113007653566742472e-03
4.900000000000000355e+00 -1.177506985512485676e-03 -2.113044928144419514e-03
4.916666666666666963e+00 -1.177462382259349171e-03 -2.113081244888366256e-03
4.933333333333333570e+00 -1.178325180615860841e-03 -2.113116263115429137e-03
4.950000000000000178e+00 -1.180474983064422334e-03 -2.113121621609617001e-03
4.966666666666666785e+00 -1.183206356909449709e-03 -2.113144734704141669e-03
4.983333333333333393e+00 -1.185035832221131499e-03 -2.113155219693648064e-03
5.000000000000000000e+00 -1.186121763588052214e-03 -2.113194799736787307e-03
5.016666666666666607e+00 -1.186603083423691833e-03 -2.113204829614903288e-03
5.033333333333333215e+00 -1.186910494286994152e-03 -2.113259451000413808e-03
5.049999999999999822e+00 -1.189744268090831177e-03 -2.113349575983947647e-03
5.066666666666666430e+00 -1.190697951935965710e-03 -2.113436569573967638e-03
5.083333333333333037e+00 -1.191269025880124007e-03 -2.113428620803805159e-03
5.099999999999999645e+00 -1.192559725310698591e-03 -2.113433495882700418e-03
5.116666666666666252e+00 -1.193744542665354331e-03 -2.113469709729788159e-03
5.133333333333333748e+00 -1.196303368854133341e-03 -2.113502658872333604e-03
5.150000000000000355e+00 -1.198934392231770741e-03 -2.113505332123578537e-03
5.166666666666666963e+00 -1.200618566782187891e-03 -2.113526148059762487e-03
5.183333333333333570e+00 -1.200468539170591094e-03 -2.113521282120851569e-03
5.200000000000000178e+00 -1.200368095720530512e-03 -2.113538916715163724e-03
5.216666666666666785e+00 -1.200719383017194832e-03 -2.113590472403227474e-03
5.233333333333333393e+00 -1.201666286187415018e-03 -2.113615440118952679e-03
5.250000000000000000e+00 -1.202601671544940506e-03 -2.113666096844641403e-03
5.266666666666666607e+00 -1.203513738388144920e-03 -2.113712941005757486e-03
5.283333333333333215e+00 -1.205229255832260260e-03 -2.113732483503283528e-03
5.299999999999999822e+00 -1.207201613271837804e-03 -2.113751447316424437e-03
5.316666666666666430e+00 -1.207447062906346095e-03 -2.113766349997793330e-03
5.333333333333333037e+00 -1.208586862018358162e-03 -2.113776240978069900e-03
5.349999999999999645e+00 -1.209149390826647595e-03 -2.113788519018934726e-03
5.366666666666666252e+00 -1.210159928185842570e-03 -2.113811085323947722e-03
5.383333333333333748e+00 -1.210783957840112996e-03 -2.113848304443455457e-03
5.400000000000000355e+00 -1.211231405801905213e-03 -2.113886793877568868e-03
5.416666666666666963e+00 -1.212406433583796978e-03 -2.113919777509178696e-03
5.433333333333333570e+00 -1.213237499084202607e-03 -2.113944588292784692e-03
5.450000000000000178e+00 -1.214193662309910387e-03 -2.113949236807020991e-03
5.466666666666666785e+00 -1.215786988046230937e-03 -2.113947448617807534e-03
5.483333333333333393e+00 -1.217885445744062252e-03 -2.113948390409837747e-03
5.500000000000000000e+00 -1.218348500946268365e-03 -2.113962141158384940e-03
5.516666666666666607e+00 -1.219386153704898239e-03 -2.113967329123638082e-03
5.533333333333333215e+00 -1.220772010278004535e-03 -2.113989050148574241e-03
5.549999999999999822e+00 -1.223184203260831767e-03 -2.114021197419414366e-03
5.566666666666666430e+00 -1.224117926078514265e-03 -2.114062100689556838e-03
5.583333333333333037e+00 -1.224529258797411911e-03 -2.114095675580001527e-03
5.599999999999999645e+00 -1.224394812119186529e-03 -2.114127132234554403e-03
5.616666666666666252e+00 -1.225056247636330036e-03 -2.114142979732589606e-03
5.633333333333333748e+00 -1.226842428805169014e-03 -2.114145985835638383e-03
5.650000000000000355e+00 -1.228675089515641247e-03 -2.114155933319800292e-03
5.666666666666666963e+00 -1.230766804582621773e-03 -2.114162569852115307e-03
5.683333333333333570e+00 -1.231966916728105890e-03 -2.114157253642551162e-03
5.700000000000000178e+00 -1.233037757556749948e-03 -2.114181139772157089e-03
5.716666666666666785e+00 -1.234729660872639330e-03 -2.114215861925201802e-03
5.733333333333333393e+00 -1.235526227670665335e-03 -2.114255186676243254e-03
5.750000000000000000e+00 -1.237301510427476223e-03 -2.114286330944242873e-03
5.766666666666666607e+00 -1.238237196403719782e-03 -2.114318698384545520e-03
5.783333333333333215e+00 -1.238334520039401304e-03 -2.114320993315336929e-03
5.799999999999999822e+00 -1.239240196608128826e-03 -2.114332536660479961e-03
5.816666666666666430e+00 -1.241132653043620308e-03 -2.114350395926161297e-03
5.833333333333333037e+00 -1.242234114070612811e-03 -2.114353414869808018e-03
5.849999999999999645e+00 -1.244599928483067870e-03 -2.114333706968409086e-03
5.866666666666666252e+00 -1.244398961830498352e-03 -2.114345321112790117e-03
5.883333333333333748e+00 -1.243341478237951214e-03 -2.114346688842762365e-03
5.900000000000000355e+00 -1.245460210748322106e-03 -2.114377284154549466e-03
5.916666666666666963e+00 -1.246589928012818704e-03 -2.114453783806947377e-03
5.933333333333333570e+00 -1.247875959865982773e-03 -2.114510127085265489e-03
5.950000000000000178e+00 -1.248277951597298032e-03 -2.114493960324509425e-03
5.966666666666666785e+00 -1.248431464702704852e-03 -2.114483082749421365e-03
5.983333333333333393e+00 -1.249558893866195043e-03 -2.114516430690826197e-03
6.000000000000000000e+00 -1.250553172967904924e-03 -2.114525447590390444e-03
6.016666666666666607e+00 -1.252343153063369434e-03 -2.114510961380015094e-03
6.033333333333333215e+00 -1.252737738240106060e-03 -2.114521651963727645e-03
6.049999999999999822e+00 -1.254111840680987092e-03 -2.114521410071307055e-03
6.066666666666666430e+00 -1.254713552458636529e-03 -2.114519262412196173e-03
6.083333333333333037e+00 -1.254470527665021420e-03 -2.114545366807068887e-03
6.099999999999999645e+00 -1.255161180685987086e-03 -2.114554140944523240e-03
6.116666666666666252e+00 -1.256891266760415404e-03 -2.114573340955896563e-03
6.133333333333333748e+00 -1.257171201576567574e-03 -2.114603258080700095e-03
6.150000000000000355e+00 -1.257928983049245259e-03 -2.114600631002357903e-03
6.166666666666666963e+00 -1.259016299464717952e-03 -2.114601128249771287e-03
6.183333333333333570e+00 -1.260907577633980925e-03 -2.114591660537406756e-03
6.200000000000000178e+00 -1.261471801729019014e-03 -2.114591675318944729e-03
6.216666666666666785e+00 -1.263117798802102822e-03 -2.114592742187935016e-03
6.233333333333333393e+00 -1.263120437497213325e-03 -2.114603129402208622e-03
6.250000000000000000e+00 -1.263575111693551398e-03 -2.114634849651915015e-03
6.266666666666666607e+00 -1.265060953873644277e-03 -2.114700972791241397e-03
6.283333333333333215e+00 -1.265957080731830138e-03 -2.114694743523184289e-03
6.299999999999999822e+00 -1.267420386171294816e-03 -2.114663675164201589e-03
6.316666666666666430e+00 -1.268908459523980731e-03 -2.114644972585246873e-03
6.333333333333333037e+00 -1.270199582612404786e-03 -2.114624700240993940e-03
6.349999999999999645e+00 -1.271524311172049938e-03 -2.114611425560763893e-03
6.366666666666666252e+00 -1.271487342455171607e-03 -2.114593952021244071e-03
6.383333333333333748e+00 -1.271165229083392762e-03 -2.114569316596984910e-03
6.400000000000000355e+00 -1.273286945270814090e-03 -2.114579183578831501e-03
6.416666666666666963e+00 -1.274449914088561335e-03 -2.114601545981435217e-03
6.433333333333333570e+00 -1.274641609544234933e-03 -2.114610436730615488e-03
6.450000000000000178e+00 -1.275963521167074090e-03 -2.114648896138808781e-03
6.466666666666666785e+00 -1.277202964098853987e-03 -2.114685689032868351e-03
6.483333333333333393e+00 -1.277250972904330623e-03 -2.114685667457301063e-03
6.500000000000000000e+00 -1.278664586002261792e-03 -2.114695133412367294e-03
6.516666666666666607e+00 -1.279873297781211746e-03 -2.114685462077934338e-03
6.533333333333333215e+00 -1.280539375167775778e-03 -2.114676438849893286e-03
6.549999999999999822e+00 -1.280374401178675922e-03 -2.114659076403075776e-03
6.566666666666666430e+00 -1.280630220792081933e-03 -2.114660832608542852e-03
6.583333333333333037e+00 -1.281038831530307252e-03 -2.114680181216205962e-03
6.599999999999999645e+00 -1.281768970658637421e-03 -2.114731709150119605e-03
6.616666666666666252e+00 -1.281993558477112147e-03 -2.114756236853487532e-03
6.633333333333333748e+00 -1.281826517621258588e-03 -2.114770603037543703e-03
6.649999999999998579e+00 -1.282580079477945671e-03 -2.114768656696597651e-03
6.666666666666666963e+00 -1.284090775232768706e-03 -2.114761772802737326e-03
6.683333333333333570e+00 -1.287086816002087734e-03 -2.114770052687953150e-03
6.700000000000000178e+00 -1.288370764227265292e-03 -2.114773454379333985e-03
6.716666666666666785e+00 -1.289790232173089642e-03 -2.114757921855660479e-03
6.733333333333333393e+00 -1.290054984976588036e-03 -2.114750604544676782e-03
6.750000000000000000e+00 -1.290595060471827916e-03 -2.114726970119244851e-03
6.766666666666666607e+00 -1.292472435968963426e-03 -2.114739145692462897e-03
6.783333333333333215e+00 -1.294012346521471873e-03 -2.114822070964819667e-03
6.799999999999999822e+00 -1.294540680429019609e-03 -2.114861472917713234e-03
6.816666666666666430e+00 -1.294841142758620814e-03 -2.114840583907488542e-03
6.833333333333333037e+00 -1.296103588382997544e-03 -2.114839676518635251e-03
6.849999999999999645e+00 -1.298084090188228326e-03 -2.114873011597081555e-03
6.866666666666666252e+00 -1.297978456862661180e-03 -2.114874762633073540e-03
6.883333333333333748e+00 -1.297662177453876237e-03 -2.114861716284406352e-03
6.899999999999998579e+00 -1.298635678029715079e-03 -2.114862995512686514e-03
6.916666666666666963e+00 -1.300797375831078302e-03 -2.114855928462216952e-03
6.933333333333333570e+00 -1.300940946588499420e-03 -2.114865798109644406e-03
6.950000000000000178e+00 -1.300413682012699400e-03 -2.114872045201186823e-03
6.966666666666666785e+00 -1.299931072518728048e-03 -2.114873348206405736e-03
6.983333333333333393e+00 -1.301089878961685618e-03 -2.114894432030683339e-03
7.000000000000000000e+00 -1.302736148585232961e-03 -2.114916713556165215e-03
7.016666666666666607e+00 -1.303975962462512435e-03 -2.114905804929225527e-03
7.033333333333333215e+00 -1.305717491591938889e-03 -2.114891754697634935e-03
7.049999999999999822e+00 -1.306154350890788556e-03 -2.114892204324454218e-03
7.066666666666666430e+00 -1.306516518960088415e-03 -2.114889868253926660e-03
7.083333333333333037e+00 -1.308377103476387072e-03 -2.114871792719085191e-03
7.099999999999999645e+00 -1.309345903570598288e-03 -2.114864362328280380e-03
7.116666666666666252e+00 -1.310215309313772719e-03 -2.114869492188376551e-03
7.133333333333333748e+00 -1.311200651033940512e-03 -2.114880711777532285e-03
7.149999999999998579e+00 -1.310769814566678905e-03 -2.114905988351202352e-03
7.166666666666666963e+00 -1.311852551288933627e-03 -2.114935124103439843e-03
7.183333333333333570e+00 -1.312475612762930470e-03 -2.114932525457245780e-03
7.200000000000000178e+00 -1.313799344964576045e-03 -2.114944823767591579e-03
7.216666666666666785e+00 -1.314881149102346738e-03 -2.114944402665734201e-03
7.233333333333333393e+00 -1.315294214681548201e-03 -2.114940418754616969e-03
7.250000000000000000e+00 -1.315300059509696149e-03 -2.114916494640098517e-03
7.266666666666666607e+00 -1.317418496222405502e-03 -2.114920723230865121e-03
7.283333333333333215e+00 -1.317427426177656671e-03 -2.114934589467499289e-03
7.299999999999999822e+00 -1.317410780233026820e-03 -2.114944651975805487e-03
7.316666666666666430e+00 -1.319348453553464669e-03 -2.114959234503825669e-03
7.333333333333333037e+00 -1.320821379604359899e-03 -2.114976119531463035e-03
7.349999999999999645e+00 -1.322079727746897342e-03 -2.114961019449986164e-03
7.366666666666666252e+00 -1.322981393407623085e-03 -2.114957343584177377e-03
7.383333333333333748e+00 -1.324422690283223389e-03 -2.114959118955058066e-03
7.399999999999998579e+00 -1.323704398339458623e-03 -2.114959036904362401e-03
7.416666666666666963e+00 -1.322966109629343219e-03 -2.114943801461943457e-03
7.433333333333333570e+00 -1.323301675037792842e-03 -2.114952811066342798e-03
7.450000000000000178e+00 -1.324217909994273440e-03 -2.114929048453053836e-03
7.466666666666666785e+00 -1.325113049922484057e-03 -2.114956008333488281e-03
7.483333333333333393e+00 -1.325136691229448008e-03 -2.115002276883860832e-03
7.500000000000000000e+00 -1.325880036507252717e-03 -2.115034440607587319e-03
7.516666666666666607e+00 -1.327220522694070801e-03 -2.115009088101159340e-03
7.533333333333333215e+00 -1.328048891104920614e-03 -2.115016162257327744e-03
7.549999999999999822e+00 -1.329017168023466497e-03 -2.115050336328524322e-03
7.566666666666666430e+00 -1.329011091452663102e-03 -2.115045294300566849e-03
7.583333333333333037e+00 -1.329645009352771771e-03 -2.115013116734384101e-03
7.599999999999999645e+00 -1.330113495832999614e-03 -2.115015900497219797e-03
7.616666666666666252e+00 -1.331532030473540863e-03 -2.115000495620456260e-03
7.633333333333333748e+00 -1.331443645233042639e-03 -2.114997917410461371e-03
7.649999999999998579e+00 -1.330933594372759416e-03 -2.115010579302572125e-03
7.666666666666666963e+00 -1.331032223146987655e-03 -2.115027077489790418e-03
7.683333333333333570e+00 -1.332065028024016599e-03 -2.115048656845634322e-03
7.700000000000000178e+00 -1.332910300256535214e-03 -2.115069513705858471e-03
7.716666666666666785e+00 -1.334934680655620052e-03 -2.115070607119171053e-03
7.733333333333333393e+00 -1.335904610433757316e-03 -2.115060918587093313e-03
7.750000000000000000e+00 -1.335640510810662783e-03 -2.115053561235232318e-03
7.766666666666666607e+00 -1.336225308578641935e-03 -2.115062824156181687e-03
7.783333333333333215e+00 -1.336990279402476339e-03 -2.115049388571032477e-03
7.799999999999999822e+00 -1.337406377104414937e-03 -2.115048068969641645e-03
7.816666666666666430e+00 -1.338146751907072322e-03 -2.115061651839166956e-03
7.833333333333333037e+00 -1.339118997931837895e-03 -2.115069845721251514e-03
7.849999999999999645e+00 -1.340314715743316397e-03 -2.115086517164521240e-03
7.866666666666666252e+00 -1.343126584038547167e-03 -2.115107655828839771e-03
7.883333333333333748e+00 -1.344003355801626524e-03 -2.115100377714256106e-03
7.899999999999998579e+00 -1.343770675220452892e-03 -2.115084702184319952e-03
7.916666666666666963e+00 -1.343653783146033474e-03 -2.115076872432049369e-03
7.933333333333333570e+00 -1.344049458174394630e-03 -2.115072345748709570e-03
7.950000000000000178e+00 -1.345042894545115351e-03 -2.115053281562037559e-03
7.966666666666666785e+00 -1.346371938454875078e-03 -2.115058860622965210e-03
7.983333333333333393e+00 -1.346785566110671227e-03 -2.115068705921421040e-03
8.000000000000000000e+00 -1.347186365571180749e-03 -2.115084051176868013e-03
8.016666666666665719e+00 -1.348412474880490187e-03 -2.115097263834681343e-03
8.033333333333333215e+00 -1.349491719097928744e-03 -2.115112227136877170e-03
8.050000000000000711e+00 -1.349944387342026783e-03 -2.115101519493697065e-03
8.066666666666666430e+00 -1.350379902609101686e-03 -2.115094633712779823e-03
8.083333333333333925e+00 -1.350874063282227720e-03 -2.115093542952034642e-03
8.099999999999999645e+00 -1.351759456416823293e-03 -2.115086791806164001e-03
8.116666666666667140e+00 -1.352191392781361889e-03 -2.115065067373573474e-03
8.133333333333332860e+00 -1.352494778692442650e-03 -2.115071249070009460e-03
8.150000000000000355e+00 -1.353635177674269345e-03 -2.115083021171248155e-03
8.166666666666666075e+00 -1.354042831990286523e-03 -2.115088145215909387e-03
8.183333333333333570e+00 -1.352951042633660081e-03 -2.115097041086886741e-03
8.199999999999999289e+00 -1.354799242488856316e-03 -2.115115599617545597e-03
8.216666666666666785e+00 -1.356505144049690182e-03 -2.115103177096932293e-03
8.233333333333332504e+00 -1.357316937492195324e-03 -2.115086171714934335e-03
8.250000000000000000e+00 -1.356940158456983918e-03 -2.115074352619504983e-03
8.266666666666665719e+00 -1.357298346913884393e-03 -2.115071603149359068e-03
8.283333333333333215e+00 -1.358401146568881347e-03 -2.115046291119171938e-03
8.300000000000000711e+00 -1.359186390757239791e-03 -2.115043768846429709e-03
8.316666666666666430e+00 -1.360052293593762415e-03 -2.115026379679852981e-03
8.333333333333333925e+00 -1.361017567736559110e-03 -2.115053728778355790e-03
8.349999999999999645e+00 -1.363128233821460367e-03 -2.115104189139131036e-03
8.366666666666667140e+00 -1.363749196904082920e-03 -2.115129428442694831e-03
8.383333333333332860e+00 -1.363288953981294177e-03 -2.115111637868368616e-03
8.400000000000000355e+00 -1.364115618481381723e-03 -2.115121042446639274e-03
8.416666666666666075e+00 -1.366040683426137520e-03 -2.115132538112303451e-03
8.433333333333333570e+00 -1.366999041304534481e-03 -2.115122220703892324e-03
8.449999999999999289e+00 -1.367363298926041384e-03 -2.115104265319983027e-03
8.466666666666666785e+00 -1.367213227334884143e-03 -2.115097948456929992e-03
8.483333333333332504e+00 -1.367720205373124109e-03 -2.115082857261628337e-03
8.500000000000000000e+00 -1.369072561844213772e-03 -2.115084800534381120e-03
8.516666666666665719e+00 -1.368917058682988684e-03 -2.115100256498208056e-03
8.533333333333333215e+00 -1.369201559705601322e-03 -2.115128420304051085e-03
8.550000000000000711e+00 -1.370640859412409086e-03 -2.115139208384110570e-03
8.566666666666666430e+00 -1.372492135104880955e-03 -2.115127347208202793e-03
8.583333333333333925e+00 -1.372608582009098022e-03 -2.115126144317679060e-03
8.599999999999999645e+00 -1.374047120946432976e-03 -2.115126422353899843e-03
8.616666666666667140e+00 -1.374490625917642933e-03 -2.115107152727782429e-03
8.633333333333332860e+00 -1.374390622500658516e-03 -2.115102477638924287e-03
8.650000000000000355e+00 -1.374484025695176708e-03 -2.115082094330284369e-03
8.666666666666666075e+00 -1.375258443658603641e-03 -2.115078310301839182e-03
8.683333333333333570e+00 -1.376717183231234830e-03 -2.115098826795278660e-03
8.699999999999999289e+00 -1.377465154630065072e-03 -2.115092555623996305e-03
8.716666666666666785e+00 -1.377816822872249313e-03 -2.115114711592967680e-03
8.733333333333332504e+00 -1.379258051698986631e-03 -2.115140162110953730e-03
8.750000000000000000e+00 -1.379060413492983221e-03 -2.115127702124078562e-03
8.766666666666665719e+00 -1.380601125924968333e-03 -2.115120258942696559e-03
8.783333333333333215e+00 -1.380116559282137988e-03 -2.115103591497140886e-03
8.800000000000000711e+00 -1.379115886981386761e-03 -2.115084730016054265e-03
8.816666666666666430e+00 -1.380286880989758025e-03 -2.115076907234521904e-03
8.833333333333333925e+00 -1.380608448203728003e-03 -2.115074797901393602e-03
8.849999999999999645e+00 -1.380448880110007274e-03 -2.114594034969810923e-03
8.866666666666667140e+00 -1.381136522441454286e-03 -2.112931815631625791e-03
8.883333333333332860e+00 -1.381931103914841880e-03 -2.109281682471864355e-03
8.900000000000000355e+00 -1.381730503810269396e-03 -2.103229755303515341e-03
8.916666666666666075e+00 -1.380537024289214560e-03 -2.095406370626835824e-03
8.933333333333333570e+00 -1.377377174731678070e-03 -2.085779817777435024e-03
8.949999999999999289e+00 -1.373986465850993198e-03 -2.074096616037946015e-03
8.966666666666666785e+00 -1.370497185735640227e-03 -2.058618074124191500e-03
8.983333333333332504e+00 -1.365894135377134942e-03 -2.040904161282070667e-03
9.000000000000000000e+00 -1.359688623287662540e-03 -2.020141551728847976e-03
9.016666666666665719e+00 -1.351797884386692853e-03 -1.994717425320149343e-03
9.033333333333333215e+00 -1.343642235663115468e-03 -1.970763502209037753e-03
9.050000000000000711e+00 -1.334357839038255965e-03 -1.949452335397445883e-03
9.066666666666666430e+00 -1.323134008661986608e-03 -1.932260544344840351e-03
9.083333333333333925e+00 -1.312170596301970131e-03 -1.918186981969057176e-03
9.099999999999999645e+00 -1.301295666921791286e-03 -1.906050683238662757e-03
9.116666666666667140e+00 -1.290258633202884730e-03 -1.896332570383150356e-03
9.133333333333332860e+00 -1.278382134328365704e-03 -1.889273892494782413e-03
9.150000000000000355e+00 -1.267703140360691401e-03 -1.885165925260411319e-03
9.166666666666666075e+00 -1.255882641078700590e-03 -1.883610666362461926e-03
9.183333333333333570e+00 -1.244367095871436136e-03 -1.883026496084368780e-03
9.199999999999999289e+00 -1.234914052029657859e-03 -1.882088987882088492e-03
9.216666666666666785e+00 -1.224049917752954852e-03 -1.879351542115221011e-03
9.233333333333332504e+00 -1.209357511480033988e-03 -1.873467753255291229e-03
9.250000000000000000e+00 -1.196717124890183184e-03 -1.863809733225768204e-03
9.266666666666667496e+00 -1.185814288329261170e-03 -1.847110228728027518e-03
9.283333333333333215e+00 -1.169335342437209961e-03 -1.819381674250822615e-03
9.300000000000000711e+00 -1.150287168860312289e-03 -1.773648734313238752e-03
9.316666666666666430e+00 -1.141389801437765359e-03 -1.707595116542434460e-03
9.333333333333333925e+00 -1.182833334367937956e-03 -1.620640237879416917e-03
9.349999999999999645e+00 -1.207437967958499819e-03 -1.490379010752356913e-03
9.366666666666667140e+00 -1.127449654901930632e-03 -1.323066630025082147e-03
9.383333333333332860e+00 -1.017551442292015081e-03 -1.093340234391689588e-03
9.400000000000000355e+00 -8.928346025293360053e-04 -8.011125442553447681e-04
9.416666666666666075e+00 -7.132019759099578844e-04 -4.599646593941220303e-04
9.433333333333333570e+00 -5.438491706543670517e-04 -3.087217759777587345e-05
9.449999999999999289e+00 -2.010387640120127079e-04 5.879320228708276221e-04
9.466666666666666785e+00 3.529931410875304524e-04 1.449057577626176830e-03
9.483333333333332504e+00 1.066018347119235439e-03 2.608819951089754764e-03
9.500000000000000000e+00 2.073060850055483736e-03 4.036781538588937041e-03
9.516666666666667496e+00 3.242954605370273590e-03 5.569104908148718620e-03
9.533333333333333215e+00 4.492186972469579265e-03 7.004740511705472017e-03
9.550000000000000711e+00 5.743295666080978391e-03 8.150335579938128641e-03
9.566666666666666430e+00 7.070746618601559882e-03 8.955757916634056806e-03
9.583333333333333925e+00 8.312963686394145985e-03 9.452430465896730430e-03
9.599999999999999645e+00 9.446897026622907978e-03 9.718109473323804579e-03
9.616666666666667140e+00 1.078322383799011630e-02 9.808661949781877915e-03
9.633333333333332860e+00 1.156978129717656061e-02 9.725264019613384658e-03
9.650000000000000355e+00 1.179027690393018302e-02 9.442050835887165483e-03
9.666666666666666075e+00 1.162071269100897926e-02 8.925322440075753039e-03
9.683333333333333570e+00 1.336416412738984649e-02 8.343922163878797829e-03
9.699999999999999289e+00 1.413089125175130516e-02 8.054064589271265132e-03
9.716666666666666785e+00 1.406787465261345044e-02 8.176392643202792451e-03
9.733333333333332504e+00 1.516894575345635078e-02 8.840926588181193674e-03
9.750000000000000000e+00 1.671496127192948281e-02 9.966344065498762908e-03
9.766666666666667496e+00 1.865661680284991589e-02 1.149928028082100942e-02
9.783333333333333215e+00 1.977676822589296765e-02 1.330379960220533231e-02
9.800000000000000711e+00 2.098717243082878423e-02 1.535728417244122158e-02
9.816666666666666430e+00 2.290418503405954737e-02 1.774430747378659412e-02
9.833333333333333925e+00 2.522539320276218425e-02 2.041695009111516024e-02
9.849999999999999645e+00 2.817158733752217481e-02 2.340659260491453550e-02
9.866666666666667140e+00 3.211601144936104824e-02 2.663571897548720410e-02
9.883333333333332860e+00 3.798583400203246752e-02 3.020752591398857823e-02
9.900000000000000355e+00 4.224767637693407907e-02 3.415710363519458559e-02
9.916666666666666075e+00 4.619304807912363170e-02 3.839268243746770531e-02
9.933333333333333570e+00 5.500992606837303706e-02 4.306155874734945987e-02
9.949999999999999289e+00 6.388910556068495838e-02 4.806022811116707205e-02
9.966666666666666785e+00 7.316854984684165175e-02 5.359613429408861818e-02
9.983333333333332504e+00 8.252514761033948043e-02 5.963128121255983904e-02
1.000000000000000000e+01 9.258871338920622585e-02 6.619249798658884132e-02
1.001666666666666750e+01 9.932896010291250577e-02 7.314588508177256865e-02
1.003333333333333321e+01 1.053074229417284291e-01 7.994548639905565968e-02
1.005000000000000071e+01 1.110517685635376423e-01 8.633931711135353626e-02
1.006666666666666643e+01 1.164786560722776421e-01 9.196647102520863482e-02
1.008333333333333393e+01 1.219450739690914609e-01 9.721260404868517502e-02
1.009999999999999964e+01 1.270414758301859626e-01 1.020131948880947242e-01
1.011666666666666714e+01 1.322103518016646273e-01 1.065359827503401524e-01
1.013333333333333286e+01 1.372971777840019114e-01 1.112159106660542407e-01
1.015000000000000036e+01 1.424397532888284912e-01 1.156559200277630789e-01
1.016666666666666607e+01 1.475866966052135631e-01 1.198638437541055812e-01
1.018333333333333357e+01 1.495329366262545534e-01 1.239735930711252238e-01
1.019999999999999929e+01 1.509924968805158030e-01 1.274934065497565217e-01
1.021666666666666679e+01 1.524190406859884384e-01 1.304335184632717248e-01
1.023333333333333250e+01 1.536215364609379852e-01 1.327483978821420163e-01
1.025000000000000000e+01 1.544038272844689419e-01 1.344183315377284749e-01
1.026666666666666750e+01 1.575240442007681818e-01 1.356935467385902427e-01
1.028333333333333321e+01 1.608750026875644112e-01 1.368371576101773124e-01
1.030000000000000071e+01 1.639781551627159384e-01 1.380795661107049876e-01
1.031666666666666643e+01 1.671066347411442610e-01 1.393980979233754580e-01
1.033333333333333393e+01 1.703226103548722281e-01 1.408661021361474752e-01
1.034999999999999964e+01 1.700791610753131233e-01 1.422612552353944015e-01
1.036666666666666714e+01 1.693683298690907557e-01 1.432899365321868290e-01
1.038333333333333286e+01 1.682797423268447556e-01 1.438456861556026145e-01
1.040000000000000036e+01 1.662410905191405996e-01 1.438276594723169599e-01
1.041666666666666607e+01 1.637525174660426075e-01 1.433014157480396178e-01
1.043333333333333357e+01 1.633122757380385259e-01 1.422827211747993148e-01
1.044999999999999929e+01 1.742675328874458696e-01 1.406614630292186974e-01
1.046666666666666679e+01 1.670645989042993107e-01 1.384361232640782535e-01
1.048333333333333250e+01 1.666989755037206478e-01 1.354511821320533993e-01
1.050000000000000000e+01 1.706370359113788815e-01 1.318236601590458967e-01
1.051666666666666750e+01 1.691320535202296693e-01 1.280241844319565669e-01
1.053333333333333321e+01 1.682523450415990274e-01 1.244611230501267846e-01
1.055000000000000071e+01 1.685714604386204518e-01 1.219755578136779012e-01
1.056666666666666643e+01 1.723043008002117515e-01 1.206427446999888270e-01
1.058333333333333393e+01 1.774871829371511001e-01 1.204240358018972556e-01
1.059999999999999964e+01 1.792966325255197779e-01 1.207490564823990725e-01
1.061666666666666714e+01 1.815293856213562873e-01 1.215119752025404787e-01
1.063333333333333286e+01 1.832955177831705751e-01 1.224324235155399287e-01
1.065000000000000036e+01 1.853120438890984156e-01 1.234559922945291099e-01
1.066666666666666607e+01 1.875355374766559391e-01 1.245280806199154239e-01
1.068333333333333357e+01 1.904072442760519901e-01 1.257051050941952186e-01
1.069999999999999929e+01 1.947835750338181571e-01 1.270719143302543319e-01
1.071666666666666679e+01 2.003112604541202324e-01 1.286341738983418637e-01
1.073333333333333250e+01 2.074665087422324916e-01 1.303600965039037884e-01
1.075000000000000000e+01 2.155890127592859085e-01 1.322726039173587331e-01
1.076666666666666750e+01 2.155925098689712438e-01 1.341477579512933838e-01
1.078333333333333321e+01 2.158434759368042521e-01 1.358586141744105025e-01
1.080000000000000071e+01 2.164046607608740846e-01 1.371753154935401453e-01
1.081666666666666643e+01 2.174084707595223542e-01 1.379903457781158915e-01
1.083333333333333393e+01 2.197329036328184437e-01 1.383920746419125547e-01
1.084999999999999964e+01 2.272945126503473634e-01 1.387236079294182634e-01
1.086666666666666714e+01 2.472229229967659314e-01 1.396299821210983672e-01
1.088333333333333286e+01 2.589887150440924324e-01 1.415788098917240556e-01
1.090000000000000036e+01 2.742258854559782577e-01 1.446491531840604639e-01
1.091666666666666607e+01 2.874771759189304610e-01 1.489378306510208139e-01
1.093333333333333357e+01 2.826026371808723070e-01 1.538336363737297652e-01
1.094999999999999929e+01 2.775274823287048331e-01 1.580598719560102894e-01
1.096666666666666679e+01 2.716600006666065048e-01 1.610627399695468975e-01
1.098333333333333250e+01 2.635745821222362228e-01 1.625843976107314570e-01
1.100000000000000000e+01 2.525686772745447950e-01 1.626738428563362093e-01
1.101666666666666750e+01 2.741885666388974019e-01 1.622383107205794817e-01
1.103333333333333321e+01 2.915857616817236209e-01 1.624531448881203211e-01
1.105000000000000071e+01 3.083244007332816006e-01 1.642111805229231891e-01
1.106666666666666643e+01 3.273100855100598561e-01 1.679924505677917734e-01
1.108333333333333393e+01 3.462926087745218373e-01 1.737084399924454237e-01
1.109999999999999964e+01 3.379808913286919680e-01 1.804946386875057596e-01
1.111666666666666714e+01 3.225787044881199273e-01 1.861382548264070014e-01
1.113333333333333286e+01 3.090050492484019973e-01 1.895442615813616727e-01
1.115000000000000036e+01 2.920743240756834558e-01 1.904356778310196119e-01
1.116666666666666607e+01 2.715389586338621264e-01 1.891584150377315365e-01
1.118333333333333357e+01 2.716445977720784999e-01 1.867250105064275911e-01
1.119999999999999929e+01 2.716936413922267368e-01 1.837317498707795871e-01
1.121666666666666679e+01 2.723652981571937359e-01 1.811491378571686295e-01
1.123333333333333250e+01 2.736244513486575380e-01 1.791640100577580608e-01
1.125000000000000000e+01 2.751348059078883024e-01 1.776962433051679502e-01
1.126666666666666750e+01 2.771352356112779525e-01 1.767344838948378960e-01
1.128333333333333321e+01 2.801286199529948173e-01 1.759505267047219434e-01
1.130000000000000071e+01 2.833901728377941076e-01 1.750615269978775812e-01
1.131666666666666643e+01 2.865736920805128651e-01 1.741378740320168594e-01
1.133333333333333393e+01 2.902591215624608090e-01 1.732518315693632460e-01
1.134999999999999964e+01 2.930414899375170523e-01 1.724223848874439080e-01
1.136666666666666714e+01 2.949242732571740189e-01 1.716707107046446523e-01
1.138333333333333286e+01 2.968255552019249399e-01 1.710857548794903205e-01
1.140000000000000036e+01 2.992771417446111748e-01 1.706655835319886849e-01
1.141666666666666607e+01 3.018363437475790612e-01 1.703509432577634541e-01
1.143333333333333357e+01 3.040533148647396322e-01 1.701512700206144202e-01
1.144999999999999929e+01 3.067339412432672496e-01 1.700046099615958040e-01
1.146666666666666679e+01 3.091195917336654331e-01 1.698176166847960855e-01
1.148333333333333250e+01 3.118178093224923675e-01 1.695467015264989497e-01
1.150000000000000000e+01 3.145147246744290359e-01 1.691840657361312894e-01
1.151666666666666750e+01 3.154913180837195519e-01 1.688870707015502626e-01
1.153333333333333321e+01 3.241720171113774973e-01 1.689096691712854426e-01
1.155000000000000071e+01 3.353240759612378108e-01 1.694652100870845113e-01
1.156666666666666643e+01 3.477168611724784086e-01 1.706412281116591600e-01
1.158333333333333393e+01 3.591423626134505609e-01 1.723865765352188550e-01
1.159999999999999964e+01 3.825362889263110855e-01 1.747674967246252153e-01
1.161666666666666714e+01 4.048396982793235899e-01 1.779534709108959167e-01
1.163333333333333286e+01 4.269378703208279169e-01 1.822128708553167886e-01
1.165000000000000036e+01 4.507228309159795887e-01 1.877257738194069436e-01
1.166666666666666607e+01 4.641343667250105165e-01 1.944573914558354599e-01
1.168333333333333357e+01 4.674297715587307223e-01 2.018741486189535583e-01
1.169999999999999929e+01 4.691693213909184368e-01 2.095836288319776752e-01
1.171666666666666679e+01 4.724266510991232959e-01 2.164094377437505157e-01
1.173333333333333250e+01 4.730883725075966106e-01 2.222774123885641329e-01
1.175000000000000000e+01 4.737578902580316664e-01 2.276882747904572235e-01
1.176666666666666750e+01 4.742841425241307030e-01 2.324725916625889621e-01
1.178333333333333321e+01 4.758395210021894028e-01 2.370529842388219288e-01
1.180000000000000071e+01 4.784033888094507692e-01 2.415202015084423615e-01
1.181666666666666643e+01 4.806940862967408190e-01 2.458601015183659866e-01
1.183333333333333393e+01 4.832224763993931971e-01 2.500043225611306430e-01
1.184999999999999964e+01 4.862677215045410617e-01 2.540113488844658596e-01
1.186666666666666714e+01 4.884901161910950584e-01 2.579864044833941605e-01
1.188333333333333286e+01 4.899588622969963114e-01 2.617687418241129715e-01
1.190000000000000036e+01 4.928345840050276649e-01 2.655010963897292964e-01
1.191666666666666607e+01 4.961865217166149256e-01 2.690664851998980645e-01
1.193333333333333357e+01 4.989608996273868780e-01 2.725609012592227764e-01
1.194999999999999929e+01 5.021231504777770027e-01 2.760221931980356147e-01
1.196666666666666679e+01 5.056348564920524202e-01 2.794274417565135726e-01
1.198333333333333250e+01 5.089650697504719545e-01 2.828317365108725667e-01
1.200000000000000000e+01 5.124114811567661576e-01 2.861898527618493282e-01
1.201666666666666750e+01 5.154026680083680922e-01 2.893521011790013975e-01
1.203333333333333321e+01 5.184672260284313161e-01 2.924162070938191027e-01
1.205000000000000071e+01 5.219528097769818853e-01 2.956314393935518536e-01
1.206666666666666643e+01 5.254242131308123342e-01 2.986321627688736657e-01
1.208333333333333393e+01 5.278257119240756801e-01 3.017167163605622981e-01
1.209999999999999964e+01 5.304534258496870214e-01 3.047876876841656979e-01
1.211666666666666714e+01 5.338814639886444446e-01 3.075682739944035626e-01
1.213333333333333286e+01 5.373177407473856970e-01 3.104243422263376906e-01
1.215000000000000036e+01 5.399949020679827294e-01 3.133692795902956463e-01
1.216666666666666607e+01 5.425368081592897296e-01 3.161670401031512756e-01
1.218333333333333357e+01 5.458313855676071302e-01 3.189719191534569620e-01
1.219999999999999929e+01 5.486155593294553823e-01 3.217580062475576819e-01
1.221666666666666679e+01 5.528893169522237638e-01 3.244249358173399989e-01
1.223333333333333250e+01 5.562047000163313770e-01 3.272179021924622178e-01
1.225000000000000000e+01 5.592957831698425197e-01 3.298470351387243205e-01
1.226666666666666750e+01 5.627205390387500783e-01 3.324190817545085164e-01
1.228333333333333321e+01 5.656565296106684793e-01 3.350456879780125963e-01
1.230000000000000071e+01 5.689452355607800271e-01 3.376366585586916269e-01
1.231666666666666643e+01 5.728862378035650682e-01 3.402444362405316336e-01
1.233333333333333393e+01 5.767194457603650459e-01 3.427500005732048716e-01
1.234999999999999964e+01 5.780082132199050315e-01 3.452627199770867961e-01
1.236666666666666714e+01 5.796134802625858562e-01 3.475314869443263954e-01
1.238333333333333286e+01 5.812071130143547926e-01 3.495347515991303333e-01
1.240000000000000036e+01 5.822238783085592617e-01 3.514096353941176254e-01
1.241666666666666607e+01 5.831747865532173059e-01 3.531553137541926235e-01
1.243333333333333357e+01 5.696935789375288106e-01 3.543196706994036771e-01
1.244999999999999929e+01 5.464311294242032435e-01 3.541954482306072793e-01
1.246666666666666679e+01 5.263481779204118860e-01 3.525389847228664331e-01
1.248333333333333250e+01 5.045325212987412655e-01 3.491943539350268466e-01
1.250000000000000000e+01 4.815451312652235250e-01 3.442311371951994325e-01
1.251666666666666750e+01 5.008738705628424936e-01 3.385803859605084343e-01
1.253333333333333321e+01 5.191710019435430423e-01 3.334905700008303220e-01
1.255000000000000071e+01 5.366472156649003677e-01 3.300980629121192389e-01
1.256666666666666643e+01 5.560833921648815625e-01 3.288442099289050069e-01
1.258333333333333393e+01 5.783099477061616200e-01 3.301107848466383610e-01
1.259999999999999964e+01 5.655886413102176880e-01 3.318454944615144564e-01
1.261666666666666714e+01 5.520014364543318619e-01 3.331921292999140971e-01
1.263333333333333286e+01 5.359446611316487363e-01 3.329952855165361769e-01
1.265000000000000036e+01 5.176441872721567750e-01 3.306750294992972239e-01
1.266666666666666607e+01 4.952807396501412440e-01 3.268349570182434993e-01
1.268333333333333357e+01 5.303945924531711098e-01 3.223444288219114995e-01
1.269999999999999929e+01 5.605543395407539542e-01 3.187004241438390340e-01
1.271666666666666679e+01 5.922263093120598842e-01 3.174342580946679093e-01
1.273333333333333250e+01 6.269983188226837534e-01 3.190256787779459091e-01
1.275000000000000000e+01 6.552144420735939168e-01 3.238782501908211708e-01
1.276666666666666750e+01 6.613008105206119591e-01 3.302220622450953158e-01
1.278333333333333321e+01 6.682187176939096140e-01 3.363889115387286299e-01
1.280000000000000071e+01 6.724375871928951476e-01 3.420881177500647019e-01
1.281666666666666643e+01 6.745030030299866697e-01 3.467231675618346332e-01
1.283333333333333393e+01 6.748473438355964138e-01 3.506188665860063280e-01
1.284999999999999964e+01 6.493077973753765830e-01 3.533638480509891378e-01
1.286666666666666714e+01 6.066264190428409808e-01 3.543726731786046025e-01
1.288333333333333286e+01 5.755301338596580107e-01 3.531307663595751878e-01
1.290000000000000036e+01 5.348354566706986502e-01 3.492781929862368018e-01
1.291666666666666607e+01 4.890200028670299015e-01 3.429137134549190002e-01
1.293333333333333357e+01 5.070921763373202884e-01 3.351267066149745677e-01
1.294999999999999929e+01 5.078007678857314744e-01 3.275957732968666214e-01
1.296666666666666679e+01 5.224936466628924414e-01 3.210813384187880537e-01
1.298333333333333250e+01 5.340667716626374961e-01 3.166960505014706495e-01
1.300000000000000000e+01 5.483777479831916102e-01 3.138340295926772550e-01
1.301666666666666750e+01 5.414377621578129185e-01 3.120210428530476032e-01
1.303333333333333321e+01 5.343737881984378379e-01 3.102638039130084513e-01
1.304999999999999716e+01 5.286014832111335382e-01 3.079775227041167129e-01
1.306666666666666643e+01 5.260059443114334377e-01 3.050996006721821696e-01
1.308333333333333393e+01 5.269189151141138172e-01 3.017715179191323149e-01
1.309999999999999964e+01 5.322278223248719797e-01 2.981548335569499386e-01
1.311666666666666714e+01 5.341866150148257830e-01 2.946099411810546020e-01
1.313333333333333286e+01 5.357675183281730424e-01 2.914508307568862699e-01
1.315000000000000036e+01 5.389713831374329800e-01 2.888233213065346527e-01
1.316666666666666607e+01 5.451507929855370360e-01 2.865975165774559685e-01
1.318333333333333357e+01 5.921768689846678146e-01 2.850004444834031148e-01
1.319999999999999929e+01 6.338822483031244515e-01 2.846886238529622304e-01
1.321666666666666679e+01 6.727279269225854286e-01 2.863928328553113634e-01
1.323333333333333250e+01 7.150163181557173120e-01 2.904598476897559678e-01
1.325000000000000000e+01 7.526770233392096054e-01 2.960893896503045686e-01
1.326666666666666750e+01 7.540949137502889199e-01 3.034437831468803637e-01
1.328333333333333321e+01 7.612460199567947505e-01 3.115152890728510870e-01
1.329999999999999716e+01 7.631846806388282722e-01 3.182967791930867985e-01
1.331666666666666643e+01 7.623103827603557869e-01 3.237155232312757813e-01
1.333333333333333393e+01 7.599898116897910727e-01 3.284972688348420378e-01
1.334999999999999964e+01 7.581467373271584265e-01 3.325867247799662030e-01
1.336666666666666714e+01 7.572059114733348251e-01 3.362487355348592333e-01
1.338333333333333286e+01 7.581553424766998006e-01 3.398546321706681361e-01
1.340000000000000036e+01 7.598800511882127795e-01 3.432176913385168726e-01
1.341666666666666607e+01 7.587553178298773737e-01 3.464284749259550211e-01
1.343333333333333357e+01 7.586741354174230123e-01 3.494362053825040282e-01
1.344999999999999929e+01 7.607783038129978248e-01 3.523810479438569954e-01
1.346666666666666679e+01 7.623538363339936730e-01 3.552322419036351708e-01
1.348333333333333250e+01 7.643956506561591091e-01 3.579679546683554037e-01
1.350000000000000000e+01 7.657603522663386508e-01 3.605847141024828839e-01
1.351666666666666750e+01 7.669228374576961826e-01 3.630840973196211574e-01
1.353333333333333321e+01 7.675092852459218795e-01 3.655196472403040020e-01
1.354999999999999716e+01 7.666705367381293490e-01 3.676387511458124036e-01
1.356666666666666643e+01 7.679810531568821430e-01 3.696202684535024874e-01
1.358333333333333393e+01 7.702001784079115509e-01 3.715754933699669804e-01
1.359999999999999964e+01 7.711346848930247244e-01 3.733504784016201672e-01
1.361666666666666714e+01 7.722511126968388817e-01 3.750637487565681716e-01
1.363333333333333286e+01 7.748606162839032363e-01 3.767515874944004084e-01
1.365000000000000036e+01 7.771531570159265767e-01 3.784810449645216734e-01
1.366666666666666607e+01 7.800190571535102757e-01 3.801852758279469779e-01
1.368333333333333357e+01 7.818495310872924930e-01 3.818385231574895622e-01
1.369999999999999929e+01 7.842967006227338223e-01 3.835315969889533938e-01
1.371666666666666679e+01 7.863332364524946438e-01 3.851754739167472241e-01
1.373333333333333250e+01 7.880435238176835000e-01 3.868422011013631923e-01
1.375000000000000000e+01 7.905947883441983848e-01 3.883775147446060227e-01
1.376666666666666750e+01 7.928639085875568426e-01 3.899018437200194587e-01
1.378333333333333321e+01 7.950421688807318699e-01 3.914660299496076634e-01
1.379999999999999716e+01 7.967332508475689634e-01 3.929067653175749575e-01
1.381666666666666643e+01 7.992992569270649383e-01 3.944120060954872109e-01
1.383333333333333393e+01 8.020570917593634608e-01 3.958999748929371565e-01
1.384999999999999964e+01 7.775158877372646549e-01 3.969414383979611438e-01
1.386666666666666714e+01 7.438967831905987094e-01 3.968470650969292968e-01
1.388333333333333286e+01 7.182468138042024108e-01 3.949999376813123630e-01
1.390000000000000036e+01 6.876439469455100095e-01 3.912928803009743106e-01
1.391666666666666607e+01 6.542422701209081870e-01 3.859554689552003315e-01
1.393333333333333357e+01 6.504727874741622617e-01 3.794789980112514005e-01
1.394999999999999929e+01 6.507434121865515175e-01 3.730839317829020008e-01
1.396666666666666679e+01 6.479894294520209819e-01 3.670443052084085833e-01
1.398333333333333250e+01 6.478837974731048721e-01 3.618399869569511873e-01
1.400000000000000000e+01 6.470897668833551775e-01 3.575188298409966992e-01
1.401666666666666750e+01 6.144008390224509064e-01 3.534287416336905352e-01
1.403333333333333321e+01 6.327595620679342669e-01 3.487830403779068056e-01
1.404999999999999716e+01 6.468602755885721756e-01 3.429155114447398622e-01
1.406666666666666643e+01 6.119272011209273554e-01 3.357145448665783127e-01
1.408333333333333393e+01 6.199557723284685462e-01 3.271343174331438619e-01
1.409999999999999964e+01 6.117025299060552257e-01 3.181026694015551270e-01
1.411666666666666714e+01 6.439876603828391666e-01 3.110926216503780428e-01
1.413333333333333286e+01 6.104759574109328568e-01 3.062048196962688928e-01
1.415000000000000036e+01 6.432277420895319286e-01 3.036698083598053932e-01
1.416666666666666607e+01 7.011104040823912253e-01 3.040258597480841041e-01
1.418333333333333357e+01 6.837105477969654954e-01 3.059914250535724634e-01
1.419999999999999929e+01 6.754860249582143039e-01 3.075099883631902675e-01
1.421666666666666679e+01 6.607911764026314083e-01 3.080833934923533635e-01
1.423333333333333250e+01 6.518088502652893412e-01 3.070520920440363843e-01
1.425000000000000000e+01 6.547401902808759333e-01 3.047197688579448838e-01
1.426666666666666750e+01 6.746702193724762875e-01 3.012835087396742439e-01
1.428333333333333321e+01 6.734120689647182800e-01 2.969574246786080840e-01
1.429999999999999716e+01 6.453212670785722915e-01 2.919350333388345264e-01
1.431666666666666643e+01 6.399832938865755994e-01 2.861267088706924144e-01
1.433333333333333393e+01 6.425365820954481721e-01 2.794326278506983896e-01
1.434999999999999964e+01 6.275636034667266827e-01 2.726445023594770700e-01
1.436666666666666714e+01 6.406700025295650747e-01 2.674137455662128904e-01
1.438333333333333286e+01 6.574285577905457645e-01 2.636472321010314701e-01
1.440000000000000036e+01 6.239664496389611958e-01 2.617398955541031524e-01
1.441666666666666607e+01 6.728361251378308650e-01 2.621108112444772154e-01
1.443333333333333357e+01 6.493608963480679286e-01 2.637123578772239130e-01
1.444999999999999929e+01 6.476386926332439176e-01 2.648008108583405629e-01
1.446666666666666679e+01 6.726386548986230673e-01 2.645700489252514886e-01
1.448333333333333250e+01 6.801704817167650852e-01 2.628881281677347692e-01
1.450000000000000000e+01 6.614869788403987538e-01 2.598063710984083174e-01
1.451666666666666750e+01 6.719997677898177368e-01 2.557417619957347288e-01
1.453333333333333321e+01 6.761928736974117671e-01 2.517361646243599926e-01
1.454999999999999716e+01 6.753309850739899201e-01 2.486235343861172287e-01
1.456666666666666643e+01 6.677311889543235957e-01 2.464673065762251480e-01
1.458333333333333393e+01 6.589937755587023105e-01 2.451900045648370552e-01
1.459999999999999964e+01 6.557577782492178819e-01 2.445923804965613180e-01
1.461666666666666714e+01 6.608024919532892172e-01 2.443806321514033486e-01
1.463333333333333286e+01 6.717223687207304339e-01 2.444467212377284260e-01
1.465000000000000036e+01 6.886585749928969546e-01 2.448114795362553164e-01
1.466666666666666607e+01 7.078602322685746406e-01 2.454766649684251290e-01
1.468333333333333357e+01 7.126867770884666164e-01 2.462943543611088304e-01
1.469999999999999929e+01 7.174048513605126853e-01 2.470786632527018079e-01
1.471666666666666679e+01 7.216373325326661536e-01 2.477255239870840009e-01
1.473333333333333250e+01 7.259922571736068253e-01 2.481739038171845435e-01
1.475000000000000000e+01 7.282547677061826930e-01 2.484429605849970690e-01
1.476666666666666750e+01 7.606860539738595772e-01 2.487567339928841714e-01
1.478333333333333321e+01 7.866014767028500776e-01 2.496032768660379209e-01
1.479999999999999716e+01 8.120800533263802246e-01 2.513754013217596173e-01
1.481666666666666643e+01 8.384625202601403426e-01 2.542370812704462524e-01
1.483333333333333393e+01 8.651929916447602675e-01 2.580311416350014042e-01
1.484999999999999964e+01 8.756207417832843065e-01 2.624133341841762834e-01
1.486666666666666714e+01 8.880890956517116797e-01 2.671090402785850082e-01
1.488333333333333286e+01 9.009766685232253325e-01 2.716879492953653830e-01
1.490000000000000036e+01 9.111941657469744271e-01 2.761232275112589507e-01
1.491666666666666607e+01 9.193150494784091409e-01 2.804415468718613469e-01
1.493333333333333357e+01 9.177694287558004760e-01 2.845815126130809558e-01
1.494999999999999929e+01 9.177211111117281606e-01 2.886291208092377492e-01
1.496666666666666679e+01 9.174522957487719621e-01 2.923483272185360415e-01
1.498333333333333250e+01 9.159781039781510481e-01 2.957408382383592826e-01
1.500000000000000000e+01 9.160130581677620176e-01 2.988070269998739370e-01
1.501666666666666750e+01 9.144784219000575698e-01 3.016474575230968513e-01
1.503333333333333321e+01 9.132265657350647770e-01 3.042777078079940689e-01
1.504999999999999716e+01 9.134757871912478899e-01 3.067934943148749594e-01
1.506666666666666643e+01 9.116103388644062333e-01 3.092404958869739429e-01
1.508333333333333393e+01 9.119635148980907990e-01 3.114508380643777885e-01
1.509999999999999964e+01 9.072198580932523404e-01 3.135749753435901899e-01
1.511666666666666714e+01 8.958320888792244974e-01 3.153657690906081501e-01
1.513333333333333286e+01 8.837156856841792418e-01 3.166551047192113222e-01
1.515000000000000036e+01 8.746595222596273977e-01 3.175162919195454458e-01
1.516666666666666607e+01 8.691910873647826774e-01 3.179445207122310046e-01
1.518333333333333357e+01 8.633007888946256925e-01 3.179823724935225693e-01
1.519999999999999929e+01 8.530032418195838684e-01 3.175949362975275525e-01
1.521666666666666679e+01 8.422054648782498765e-01 3.169031916246597413e-01
1.523333333333333250e+01 8.326919595828135012e-01 3.159421553750780265e-01
1.525000000000000000e+01 8.233461942920989873e-01 3.146467154388482568e-01
1.526666666666666750e+01 8.155107605390573555e-01 3.130998353887982089e-01
1.528333333333333321e+01 8.087099663159518226e-01 3.113446057737264683e-01
1.529999999999999716e+01 8.013253950296135297e-01 3.093961885076936258e-01
1.531666666666666643e+01 7.926823449109252628e-01 3.073070896563883103e-01
1.533333333333333393e+01 7.842740935888296017e-01 3.051365100574793821e-01
1.534999999999999964e+01 8.133745217548778994e-01 3.030601212688195933e-01
1.536666666666666714e+01 8.408699991682341279e-01 3.015984760648726115e-01
1.538333333333333286e+01 8.670046694194391002e-01 3.012399007660165329e-01
1.540000000000000036e+01 8.916468674734933098e-01 3.028530951904173651e-01
1.541666666666666607e+01 9.220760981359330533e-01 3.056114674537016573e-01
1.543333333333333357e+01 9.276813959512264507e-01 3.090061469342701428e-01
1.544999999999999929e+01 9.308461826593672495e-01 3.128209514829714544e-01
1.546666666666666679e+01 9.325838446987106956e-01 3.161354898772950617e-01
1.548333333333333250e+01 9.325149297659762748e-01 3.186702148886410013e-01
1.550000000000000000e+01 9.332097836839904348e-01 3.208072659781231462e-01
1.551666666666666750e+01 9.230750119933408548e-01 3.225041639701164975e-01
1.553333333333333321e+01 9.146011600197516689e-01 3.238434954510799324e-01
1.554999999999999716e+01 9.083718093539192573e-01 3.247992372252404558e-01
1.556666666666666643e+01 9.003645643988414937e-01 3.252538062625149329e-01
1.558333333333333393e+01 8.910199715047638636e-01 3.252581554161216304e-01
1.559999999999999964e+01 8.675907079385050125e-01 3.247142921567060525e-01
1.561666666666666714e+01 8.442226887866794982e-01 3.234673886836271217e-01
1.563333333333333286e+01 8.177973998385607013e-01 3.213370259607210011e-01
1.565000000000000036e+01 7.883840711890989228e-01 3.182899981013432855e-01
1.566666666666666607e+01 7.561311143909754673e-01 3.144829901307059639e-01
1.568333333333333357e+01 7.993489880150871363e-01 3.104405071904282054e-01
1.569999999999999929e+01 8.325119221497726540e-01 3.067398694169260476e-01
1.571666666666666679e+01 8.617943455392208518e-01 3.049625967802805926e-01
1.573333333333333250e+01 8.976350510272864680e-01 3.051551586588024390e-01
1.575000000000000000e+01 9.323718813846533227e-01 3.074495168491788166e-01
1.576666666666666750e+01 9.035447577101203276e-01 3.108437447277155319e-01
1.578333333333333321e+01 8.759926323036594242e-01 3.129548665710558675e-01
1.579999999999999716e+01 8.422374237348191350e-01 3.136900757868384404e-01
1.581666666666666643e+01 8.048730559135675033e-01 3.121479326745941751e-01
1.583333333333333393e+01 7.597203849188579605e-01 3.087728219602304258e-01
1.584999999999999964e+01 7.716952089905465551e-01 3.043061385291742083e-01
1.586666666666666714e+01 7.721518883147940882e-01 2.994651105452513229e-01
1.588333333333333286e+01 7.814600180059683154e-01 2.954994409283071555e-01
1.590000000000000036e+01 7.875059332053754302e-01 2.926524705784440128e-01
1.591666666666666607e+01 7.960224615219702038e-01 2.907335690984809706e-01
1.593333333333333357e+01 7.767580315107338595e-01 2.892946245119188409e-01
1.594999999999999929e+01 7.661111062643203296e-01 2.877229954942960299e-01
1.596666666666666679e+01 7.658904493484017806e-01 2.856331951301019911e-01
1.598333333333333250e+01 7.754460550371519156e-01 2.828377413135602092e-01
1.600000000000000000e+01 7.860265373394366151e-01 2.794447081377044451e-01
1.601666666666666572e+01 7.607934082562699540e-01 2.759655705686897553e-01
1.603333333333333144e+01 8.076783155697780936e-01 2.732349263891362678e-01
1.605000000000000071e+01 8.577840880364824283e-01 2.722120347068811563e-01
1.606666666666666643e+01 8.899643435699612359e-01 2.732406200225764858e-01
1.608333333333333215e+01 9.301712199807999903e-01 2.759616138063523683e-01
1.610000000000000142e+01 9.380550575295826254e-01 2.799553821668356868e-01
1.611666666666666714e+01 9.445352768954401457e-01 2.843583086942078619e-01
1.613333333333333286e+01 9.436773280966876953e-01 2.879978042147893769e-01
1.614999999999999858e+01 9.452466453387206036e-01 2.906858917317692859e-01
1.616666666666666785e+01 9.469348131899382182e-01 2.927211800478493053e-01
1.618333333333333357e+01 9.455659103344725702e-01 2.942727359874395821e-01
1.619999999999999929e+01 9.413357783024717262e-01 2.956294764423901822e-01
1.621666666666666501e+01 9.395938327219400810e-01 2.968899561039020640e-01
1.623333333333333428e+01 9.399172283195865729e-01 2.980350745770630749e-01
1.625000000000000000e+01 9.344536600453122732e-01 2.990118661526499078e-01
1.626666666666666572e+01 9.310175028361811211e-01 2.998283356862143645e-01
1.628333333333333144e+01 9.310871901423376507e-01 3.005834552675912263e-01
1.630000000000000071e+01 9.316262383366534783e-01 3.012209431479336286e-01
1.631666666666666643e+01 9.310356556118389859e-01 3.017641677768601594e-01
1.633333333333333215e+01 9.282935683067602417e-01 3.022420265566924669e-01
1.635000000000000142e+01 9.093111263523488974e-01 3.025344534912233208e-01
1.636666666666666714e+01 8.919845612274722724e-01 3.023059457968887420e-01
1.638333333333333286e+01 8.717170743039456271e-01 3.012763450607734428e-01
1.639999999999999858e+01 8.468982681229437759e-01 2.993707270786719610e-01
1.641666666666666785e+01 8.192443142385303911e-01 2.967914938887884491e-01
1.643333333333333357e+01 7.860928068868411334e-01 2.936302776657229163e-01
1.644999999999999929e+01 7.949079203546342010e-01 2.896350081965752277e-01
1.646666666666666501e+01 8.161277228799478367e-01 2.849612193506600444e-01
1.648333333333333428e+01 7.892057943241729268e-01 2.795946467921529011e-01
1.650000000000000000e+01 7.653241531893333338e-01 2.736761123324664702e-01
1.651666666666666572e+01 7.911543669677247870e-01 2.676460864252075966e-01
1.653333333333333144e+01 7.835127842498484929e-01 2.626537444919277431e-01
1.655000000000000071e+01 7.699469072483843268e-01 2.596737918303306802e-01
1.656666666666666643e+01 8.589968593631277516e-01 2.592716810840314245e-01
1.658333333333333215e+01 8.904873438768838856e-01 2.613914271329874084e-01
1.660000000000000142e+01 9.033906639612968581e-01 2.643095713715589157e-01
1.661666666666666714e+01 9.054044045075509972e-01 2.678789335920974124e-01
1.663333333333333286e+01 9.131413787806521576e-01 2.711445635311889313e-01
1.664999999999999858e+01 9.141684763923177970e-01 2.733882309823808532e-01
1.666666666666666785e+01 9.164900341773777326e-01 2.747909618185025993e-01
1.668333333333333357e+01 9.169869991633975426e-01 2.757348308068536258e-01
1.669999999999999929e+01 9.160778283862586191e-01 2.764730363849752237e-01
1.671666666666666501e+01 9.119948364486983872e-01 2.770629237072724793e-01
1.673333333333333428e+01 9.106567511797125647e-01 2.775395725239654943e-01
1.675000000000000000e+01 9.101142641776682751e-01 2.778378820917095648e-01
1.676666666666666572e+01 9.086715343760191077e-01 2.780482106063083547e-01
1.678333333333333144e+01 9.070993210319685529e-01 2.781991883902218410e-01
1.680000000000000071e+01 9.049663167409737197e-01 2.782260538471473810e-01
1.681666666666666643e+01 9.040790643419380768e-01 2.781750317954571061e-01
1.683333333333333215e+01 9.031717465938565725e-01 2.780562252311489235e-01
1.685000000000000142e+01 8.999397352189997257e-01 2.778671911721147803e-01
1.686666666666666714e+01 8.985687560373800675e-01 2.776192340766012179e-01
1.688333333333333286e+01 8.979116468565941922e-01 2.773221642052314806e-01
1.689999999999999858e+01 8.956609036379394873e-01 2.769879843909258121e-01
1.691666666666666785e+01 8.940992264234751685e-01 2.766125470328973934e-01
1.693333333333333357e+01 8.942808476803904005e-01 2.761961962690428485e-01
1.694999999999999929e+01 8.921494888758525477e-01 2.757437783912549678e-01
1.696666666666666501e+01 8.898199145998714199e-01 2.752528514005749272e-01
1.698333333333333428e+01 8.892109652107651474e-01 2.747235982495281337e-01
1.700000000000000000e+01 8.882477058386599733e-01 2.741623153759943365e-01
1.701666666666666572e+01 8.853091848275636000e-01 2.735678639082400054e-01
1.703333333333333144e+01 8.828937666915189775e-01 2.729314220600822516e-01
1.705000000000000071e+01 8.828698637388990855e-01 2.722522314878236815e-01
1.706666666666666643e+01 8.801897707904020596e-01 2.715250366243153191e-01
1.708333333333333215e+01 8.772854964379099840e-01 2.707499542859250763e-01
1.710000000000000142e+01 8.746907725659976984e-01 2.699327251955038753e-01
1.711666666666666714e+01 8.709148274698637060e-01 2.690867297159392213e-01
1.713333333333333286e+01 8.681701935442472928e-01 2.682123011791762157e-01
1.714999999999999858e+01 8.660557685419842944e-01 2.673274399444095506e-01
1.716666666666666785e+01 8.660807065526782145e-01 2.664031292782563787e-01
1.718333333333333357e+01 8.630396694183724016e-01 2.654385000502280101e-01
1.719999999999999929e+01 8.598606423995110992e-01 2.644406759634712056e-01
1.721666666666666501e+01 8.575210780046361725e-01 2.634140531031534671e-01
1.723333333333333428e+01 8.551363609041150449e-01 2.623555057295515747e-01
1.725000000000000000e+01 8.525034463936856932e-01 2.612637753306416566e-01
1.726666666666666572e+01 8.500733741781334452e-01 2.601437466516923203e-01
1.728333333333333144e+01 8.465340723795633515e-01 2.589984659653771226e-01
1.730000000000000071e+01 8.433971965810169724e-01 2.578277216040987807e-01
1.731666666666666643e+01 8.415149657479013001e-01 2.566278041339662419e-01
1.733333333333333215e+01 8.386541558964477616e-01 2.553953402217167823e-01
1.735000000000000142e+01 8.370518798631703117e-01 2.541312759979484914e-01
1.736666666666666714e+01 8.343006169559943341e-01 2.528398734540460158e-01
1.738333333333333286e+01 8.330947292727773901e-01 2.515234699259881190e-01
1.739999999999999858e+01 8.313783676167277870e-01 2.501820648529893276e-01
1.741666666666666785e+01 8.283585351519401341e-01 2.488205947824309594e-01
1.743333333333333357e+01 8.286647104130040464e-01 2.474395344241001882e-01
1.744999999999999929e+01 8.284579191051079095e-01 2.460408419846586425e-01
1.746666666666666501e+01 8.268892176995548127e-01 2.446195905975240559e-01
1.748333333333333428e+01 8.265537257747991307e-01 2.431754512647617827e-01
1.750000000000000000e+01 8.283714609636968484e-01 2.417148830110157631e-01
1.751666666666666572e+01 8.277863402986758157e-01 2.402268124424546958e-01
1.753333333333333144e+01 8.300225051049490155e-01 2.386953028039348057e-01
1.755000000000000071e+01 8.309847352758265027e-01 2.370974817222546438e-01
1.756666666666666643e+01 8.336272675341742655e-01 2.354218015897931171e-01
1.758333333333333215e+01 8.366159292288845029e-01 2.336886611706732730e-01
1.760000000000000142e+01 8.374036166104598111e-01 2.319030001138210895e-01
1.761666666666666714e+01 8.379987140503302179e-01 2.300898708276586935e-01
1.763333333333333286e+01 8.378428485538774728e-01 2.282701949962507304e-01
1.764999999999999858e+01 8.371116313005229070e-01 2.264532585620747385e-01
1.766666666666666785e+01 8.335886807819226085e-01 2.246351946077801143e-01
1.768333333333333357e+01 8.325003000634026984e-01 2.228120020248040289e-01
1.769999999999999929e+01 8.303772739234189793e-01 2.209736286725293708e-01
1.771666666666666501e+01 8.267944458898727200e-01 2.191180171312971936e-01
1.773333333333333428e+01 8.252162233021014259e-01 2.172510328707619454e-01
1.775000000000000000e+01 8.228658574314110519e-01 2.153811983194056090e-01
1.776666666666666572e+01 8.152407048069222339e-01 2.135083875116483565e-01
1.778333333333333144e+01 8.100486937281295985e-01 2.116108623168354297e-01
1.780000000000000071e+01 8.063470163864635554e-01 2.096982090400250631e-01
1.781666666666666643e+01 8.008290919202680769e-01 2.077758703315737976e-01
1.783333333333333215e+01 7.979442759454087319e-01 2.058322644049324079e-01
1.785000000000000142e+01 7.686991027317180425e-01 2.036195500641684031e-01
1.786666666666666714e+01 7.878057955735129347e-01 2.004737287582736560e-01
1.788333333333333286e+01 7.753715865416734854e-01 1.958246718818631715e-01
1.789999999999999858e+01 7.770354614965951923e-01 1.896415169896711606e-01
1.791666666666666785e+01 6.957530166817395001e-01 1.822086595435990497e-01
1.793333333333333357e+01 7.453291761203029164e-01 1.744936470298134590e-01
1.794999999999999929e+01 7.287008484570890454e-01 1.678170933926902419e-01
1.796666666666666501e+01 7.063616788824124137e-01 1.629842046573884151e-01
1.798333333333333428e+01 6.999902954568699709e-01 1.602478494653244157e-01
1.800000000000000000e+01 6.856953449663323319e-01 1.594348123023211217e-01
1.801666666666666572e+01 6.931151765890873895e-01 1.599885343748359001e-01
1.803333333333333144e+01 6.946172937290190363e-01 1.607528071676840864e-01
1.805000000000000071e+01 6.976969979804835686e-01 1.610036135255121514e-01
1.806666666666666643e+01 6.993177768988884102e-01 1.606556668540392863e-01
1.808333333333333215e+01 7.031111901285390653e-01 1.598566825830658455e-01
1.810000000000000142e+01 7.069648750290608019e-01 1.587017085971619279e-01
1.811666666666666714e+01 7.073685143828507549e-01 1.573510693836186747e-01
1.813333333333333286e+01 7.078037789802169577e-01 1.559578764979726306e-01
1.814999999999999858e+01 7.068436065737225826e-01 1.545193516571744530e-01
1.816666666666666785e+01 7.059676172262586702e-01 1.529931630914965202e-01
1.818333333333333357e+01 7.047275263028689452e-01 1.513891653067022114e-01
1.819999999999999929e+01 7.029584397101438231e-01 1.497411160490630389e-01
1.821666666666666501e+01 7.009079441304633118e-01 1.480532762591596219e-01
1.823333333333333428e+01 6.985142321885513539e-01 1.463274330172184001e-01
1.825000000000000000e+01 6.970789250471985943e-01 1.445703554496819976e-01
1.826666666666666572e+01 6.938721145035828819e-01 1.427896576516454186e-01
1.828333333333333499e+01 6.899379335070985331e-01 1.409744862948496824e-01
1.830000000000000071e+01 6.880750526400236655e-01 1.391233184994558336e-01
1.831666666666666643e+01 6.866485470870007379e-01 1.372527430965181094e-01
1.833333333333333215e+01 6.822041779313205989e-01 1.353527746150222366e-01
1.835000000000000142e+01 6.777157069616038809e-01 1.334345366242277731e-01
1.836666666666666714e+01 6.734173006912019810e-01 1.315067904752028616e-01
1.838333333333333286e+01 6.696931340018900114e-01 1.295742293464861306e-01
1.839999999999999858e+01 6.656264151544657448e-01 1.276343953652444574e-01
1.841666666666666785e+01 6.613524943215879359e-01 1.256907446826650288e-01
1.843333333333333357e+01 6.601321706757773411e-01 1.237414227499457064e-01
1.844999999999999929e+01 6.551791796701240678e-01 1.217856769835094777e-01
1.846666666666666501e+01 6.497997292977168993e-01 1.198199404210075064e-01
1.848333333333333428e+01 6.445110130273223881e-01 1.178404107392894556e-01
1.850000000000000000e+01 6.408637969446460136e-01 1.158535307683455362e-01
1.851666666666666572e+01 6.339147714027226765e-01 1.138520651870912198e-01
1.853333333333333499e+01 6.256853140720248785e-01 1.118174975645567087e-01
1.855000000000000071e+01 6.218147400028846139e-01 1.097351101287798586e-01
1.856666666666666643e+01 6.179226174312395514e-01 1.076006619281728305e-01
1.858333333333333215e+01 6.117152002197666638e-01 1.054305336527290998e-01
1.860000000000000142e+01 6.055611152352711191e-01 1.032391741347305492e-01
1.861666666666666714e+01 6.003482585007585692e-01 1.010534033830670919e-01
1.863333333333333286e+01 5.895872454327013568e-01 9.889635569280993965e-02
1.864999999999999858e+01 5.768730657546095042e-01 9.678035975679130654e-02
1.866666666666666785e+01 5.643287816426881820e-01 9.470034306364284726e-02
1.868333333333333357e+01 5.532745794311878518e-01 9.264759254083916595e-02
1.869999999999999929e+01 5.414802872731934169e-01 9.060693879545453355e-02
1.871666666666666501e+01 5.318674803552380093e-01 8.858187595273933623e-02
1.873333333333333428e+01 5.210300720557586862e-01 8.657161854825641545e-02
1.875000000000000000e+01 5.109228238134441158e-01 8.457758311779117744e-02
1.876666666666666572e+01 5.004769916885191128e-01 8.260014525791570250e-02
1.878333333333333499e+01 4.913844889346365430e-01 8.063769822571309476e-02
1.880000000000000071e+01 4.834629596533828733e-01 7.869375411500809103e-02
1.881666666666666643e+01 4.764606232985248990e-01 7.676783099450151804e-02
1.883333333333333215e+01 4.700412008853246948e-01 7.485660467567387122e-02
1.885000000000000142e+01 4.647583637876310791e-01 7.295871868437428520e-02
1.886666666666666714e+01 4.597926758555580529e-01 7.108120044660830306e-02
1.888333333333333286e+01 4.559732474774656485e-01 6.922604726246892048e-02
1.889999999999999858e+01 4.527917250094466439e-01 6.738653420121304416e-02
1.891666666666666785e+01 4.505997141084845392e-01 6.556042978064570426e-02
1.893333333333333357e+01 4.490130767051015437e-01 6.375185729554808112e-02
1.894999999999999929e+01 4.447388757871199028e-01 6.196383493208103277e-02
1.896666666666666501e+01 4.367333182732893171e-01 6.019841217700853953e-02
1.898333333333333428e+01 4.242337158595644864e-01 5.845623483125468589e-02
1.900000000000000000e+01 4.096212955495882047e-01 5.673444911026980647e-02
1.901666666666666572e+01 3.991452082444602589e-01 5.503512915834993247e-02
1.903333333333333499e+01 3.953034965530941025e-01 5.336100443620497846e-02
1.905000000000000071e+01 3.877585808601810013e-01 5.171036657540591802e-02
1.906666666666666643e+01 3.696969074804344890e-01 5.004537047363705887e-02
1.908333333333333215e+01 3.538205001873474531e-01 4.849483666689614891e-02
1.910000000000000142e+01 3.530492677592722561e-01 4.688670565492303322e-02
1.911666666666666714e+01 3.472055758578383999e-01 4.529695008373885862e-02
1.913333333333333286e+01 3.412156293878740310e-01 4.362635390708149985e-02
1.914999999999999858e+01 3.043730077560505842e-01 4.187818138082955582e-02
1.916666666666666785e+01 2.822264638363224387e-01 4.010274307954339590e-02
1.918333333333333357e+01 2.863410404203727277e-01 3.830880589372871042e-02
1.919999999999999929e+01 2.766735903855614964e-01 3.658464799185121713e-02
1.921666666666666501e+01 2.736014753467406746e-01 3.502295318251175127e-02
1.923333333333333428e+01 2.671567998513141307e-01 3.358225444131644755e-02
1.925000000000000000e+01 2.617563377078607756e-01 3.227012272993342451e-02
1.926666666666666572e+01 2.562248618613352513e-01 3.106486972042417014e-02
1.928333333333333499e+01 2.511910450879203394e-01 2.992628171943389689e-02
1.930000000000000071e+01 2.459551519525749186e-01 2.883018671208106495e-02
1.931666666666666643e+01 2.406042672820151163e-01 2.779477456198057791e-02
1.933333333333333215e+01 2.351178095937497270e-01 2.680775359308193440e-02
1.935000000000000142e+01 2.296779507764883932e-01 2.586828617239857533e-02
1.936666666666666714e+01 2.241973317932997589e-01 2.497276050759010199e-02
1.938333333333333286e+01 2.186959279027437808e-01 2.410652005070230280e-02
1.939999999999999858e+01 2.134906214298020466e-01 2.327811027127745652e-02
1.941666666666666785e+01 2.086345530798098535e-01 2.249162193268709406e-02
1.943333333333333357e+01 2.036763011198409745e-01 2.173631275481369488e-02
1.944999999999999929e+01 1.981018723451255237e-01 2.099627978991977159e-02
1.946666666666666501e+01 1.925775319501284721e-01 2.030374293198698374e-02
1.948333333333333428e+01 1.867981533083875878e-01 1.968423569751738891e-02
1.950000000000000000e+01 1.813893277887303479e-01 1.906625229402179877e-02
1.951666666666666572e+01 1.763852257763895981e-01 1.844695482040120335e-02
1.953333333333333499e+01 1.717542098844850318e-01 1.787373462054600917e-02
1.955000000000000071e+01 1.670454843755045660e-01 1.731332207357911407e-02
1.956666666666666643e+01 1.624253527585464985e-01 1.675703895971234619e-02
1.958333333333333215e+01 1.576648926577869092e-01 1.620297016889756317e-02
1.960000000000000142e+01 1.532009008335499523e-01 1.565360899761935806e-02
1.961666666666666714e+01 1.488174241387558439e-01 1.512522427194408492e-02
1.963333333333333286e+01 1.449178669937522812e-01 1.462868279190797371e-02
1.964999999999999858e+01 1.407377828550258336e-01 1.416452230461132458e-02
1.966666666666666785e+01 1.367887118164655968e-01 1.370879121480954310e-02
1.968333333333333357e+01 1.328145262841693153e-01 1.325453427620966289e-02
1.969999999999999929e+01 1.292673824109811243e-01 1.283172086345366232e-02
1.971666666666666501e+01 1.256897582894643817e-01 1.242368819515278847e-02
1.973333333333333428e+01 1.223024786614417825e-01 1.203042344021120619e-02
1.975000000000000000e+01 1.186815216389544708e-01 1.164340936437036934e-02
1.976666666666666572e+01 1.159037278364804802e-01 1.127368529546111421e-02
1.978333333333333499e+01 1.128992572703524377e-01 1.091446827600169728e-02
1.980000000000000071e+01 1.102915683528821189e-01 1.056783238908589467e-02
1.981666666666666643e+01 1.075541323725441867e-01 1.023565583612432578e-02
1.983333333333333215e+01 1.051904255679963346e-01 9.909167898646997069e-03
1.985000000000000142e+01 1.027769305001891703e-01 9.592808734999522594e-03
1.986666666666666714e+01 1.007729081446190056e-01 9.291127111388025259e-03
1.988333333333333286e+01 9.891706256004659248e-02 8.995846811187554679e-03
1.989999999999999858e+01 9.710515026697262575e-02 8.705447007805577203e-03
1.991666666666666785e+01 9.507964200167583202e-02 8.429291430505686869e-03
1.993333333333333357e+01 9.327442194885471327e-02 8.157246834816700085e-03
1.994999999999999929e+01 9.159551862931979149e-02 7.888056994245639872e-03
1.996666666666666501e+01 9.004954016417213158e-02 7.641299641259386571e-03
1.998333333333333428e+01 8.873775687295389070e-02 7.396618676984879383e-03
2.000000000000000000e+01 8.758859757052611661e-02 7.153516112599043325e-03
2.001666666666666572e+01 8.654732432425338295e-02 6.918862592740883735e-03
2.003333333333333499e+01 8.535204225792930588e-02 6.699799389333061655e-03
2.005000000000000071e+01 8.434520057311274688e-02 6.479858682358293799e-03
2.006666666666666643e+01 8.334627761891963416e-02 6.263457997521046719e-03
2.008333333333333215e+01 8.248833237179141464e-02 6.055965022240738724e-03
2.010000000000000142e+01 8.161666440163570235e-02 5.852673917642953888e-03
2.011666666666666714e+01 8.099508942856270544e-02 5.657843949504418740e-03
2.013333333333333286e+01 8.022968050904795423e-02 5.473443019900506301e-03
2.014999999999999858e+01 7.972707102830829673e-02 5.288693300180928418e-03
2.016666666666666785e+01 7.896551039812710338e-02 5.105203872744702026e-03
2.018333333333333357e+01 7.855558714230592710e-02 4.928158427045600462e-03
2.019999999999999929e+01 7.789964521686555676e-02 4.763802498775286838e-03
2.021666666666666501e+01 7.759740222946574784e-02 4.601486600974685065e-03
2.023333333333333428e+01 7.683586226905780858e-02 4.436812253178483434e-03
2.025000000000000000e+01 7.661651195446365914e-02 4.282751995920937305e-03
2.026666666666666572e+01 7.604784008849298227e-02 4.134545650087314596e-03
2.028333333333333499e+01 7.597272596247629795e-02 3.978419250242084398e-03
2.030000000000000071e+01 7.551873153432875352e-02 3.830855080814630793e-03
2.031666666666666643e+01 7.538341262030680279e-02 3.693736026821462567e-03
2.033333333333333215e+01 7.495187505958889052e-02 3.560997320458598667e-03
2.035000000000000142e+01 7.486186977307021650e-02 3.426583616675912564e-03
2.036666666666666714e+01 7.462441650660787962e-02 3.295873683795684950e-03
2.038333333333333286e+01 7.453962675356215484e-02 3.169281385192621644e-03
2.039999999999999858e+01 7.440152974448135947e-02 3.044680755678722418e-03
2.041666666666666785e+01 7.426350744103067669e-02 2.922270956675294355e-03
2.043333333333333357e+01 7.412021724232853437e-02 2.803942769339363723e-03
2.044999999999999929e+01 7.397092554488783611e-02 2.691710210436053935e-03
2.046666666666666501e+01 7.382499873632061838e-02 2.581192786255345501e-03
2.048333333333333428e+01 7.368218992476158191e-02 2.473252591405919899e-03
2.050000000000000000e+01 7.360384183445591033e-02 2.368523883312005120e-03
2.051666666666666572e+01 7.346809784097055318e-02 2.266646992277299589e-03
2.053333333333333499e+01 7.341499807000181899e-02 2.166711266739246560e-03
2.055000000000000071e+01 7.330019697833310699e-02 2.068483600037194278e-03
2.056666666666666643e+01 7.329209953637773334e-02 1.973438557719509132e-03
2.058333333333333215e+01 7.318328683820109204e-02 1.881256968761918112e-03
2.060000000000000142e+01 7.321610356419670784e-02 1.792029086893252680e-03
2.061666666666666714e+01 7.308107320057342926e-02 1.704185694750531615e-03
2.063333333333333286e+01 7.314400820339835019e-02 1.617993365557723060e-03
2.064999999999999858e+01 7.297695361093899102e-02 1.534971479389921848e-03
2.066666666666666785e+01 7.305322206792924655e-02 1.452417658911583833e-03
2.068333333333333357e+01 7.284774004162244965e-02 1.373169352829418715e-03
2.069999999999999929e+01 7.298339423428006068e-02 1.297245703157461332e-03
2.071666666666666501e+01 7.281399379744302180e-02 1.222501151439305076e-03
2.073333333333333428e+01 7.294280735572716834e-02 1.147993336365191273e-03
2.075000000000000000e+01 7.279648024812490625e-02 1.074258748429668961e-03
2.076666666666666572e+01 7.290995852635440144e-02 1.003467913548174249e-03
2.078333333333333499e+01 7.278599872510700675e-02 9.355020749947932012e-04
2.080000000000000071e+01 7.290036053699373852e-02 8.678137897225147524e-04
2.081666666666666643e+01 7.277392276436998875e-02 8.016156154899449146e-04
2.083333333333333215e+01 7.285223997376688576e-02 7.386407121618784486e-04
2.085000000000000142e+01 7.282432621018448959e-02 6.760642508970429254e-04
2.086666666666666714e+01 7.284821304327399050e-02 6.111488894429939174e-04
2.088333333333333286e+01 7.278978331744878627e-02 5.493049718104929969e-04
2.089999999999999858e+01 7.273665152882766161e-02 4.945261303525008353e-04
2.091666666666666785e+01 7.265971356544771720e-02 4.416348224161090034e-04
2.093333333333333357e+01 7.259414447261763881e-02 3.862211706317837277e-04
2.094999999999999929e+01 7.253169619660417011e-02 3.275821168448963703e-04
2.096666666666666501e+01 7.244830037936358935e-02 2.772447453679096501e-04
2.098333333333333428e+01 7.239758851380577453e-02 2.295552251704953070e-04
2.100000000000000000e+01 7.235380516567301024e-02 1.786247399695119371e-04
2.101666666666666572e+01 7.236035887204722572e-02 1.244858262248417155e-04
2.103333333333333499e+01 7.232239754787574137e-02 7.373871510458067141e-05
2.105000000000000071e+01 7.230823106285222401e-02 2.823592069936218870e-05
2.106666666666666643e+01 7.221410152035219465e-02 -1.742034504561133473e-05
2.108333333333333215e+01 7.220666454923864441e-02 -6.333544304975382872e-05
2.110000000000000142e+01 7.213890189321246760e-02 -1.086290419614045180e-04
2.111666666666666714e+01 7.215875550284661655e-02 -1.505242471872493993e-04
2.113333333333333286e+01 7.205348059585149623e-02 -1.925975236448658034e-04
2.114999999999999858e+01 7.213351599666635583e-02 -2.332467487792456344e-04
2.116666666666666785e+01 7.199972373423584038e-02 -2.731329951890819536e-04
2.118333333333333357e+01 7.205764351670961021e-02 -3.120612930203198469e-04
2.119999999999999929e+01 7.191385777497520670e-02 -3.506995688198843129e-04
2.121666666666666501e+01 7.199063136141022057e-02 -3.880927211358699692e-04
2.123333333333333428e+01 7.184358654477404627e-02 -4.240334166132344543e-04
2.125000000000000000e+01 7.188856387638137280e-02 -4.596733856419509510e-04
2.126666666666666572e+01 7.174553568021288519e-02 -4.942686938277999738e-04
2.128333333333333499e+01 7.175591389254121211e-02 -5.280056052520794773e-04
2.130000000000000071e+01 7.161593971918850388e-02 -5.614461296939167977e-04
2.131666666666666643e+01 7.167429835206512445e-02 -5.939772616352677944e-04
2.133333333333333215e+01 7.158738555624483135e-02 -6.253993649479177045e-04
2.135000000000000142e+01 7.162009640796718202e-02 -6.565050067053344656e-04
2.136666666666666714e+01 7.153204086839493048e-02 -6.872003626240760646e-04
2.138333333333333286e+01 7.149103753505228753e-02 -7.164869778850601559e-04
2.139999999999999858e+01 7.143096750807050033e-02 -7.453239796762154692e-04
2.141666666666666785e+01 7.136426838268275508e-02 -7.737495891311353766e-04
2.143333333333333357e+01 7.127329524250279602e-02 -8.016577419464299657e-04
2.144999999999999929e+01 7.118405354336460045e-02 -8.287591806526437618e-04
2.146666666666666501e+01 7.112193638185619615e-02 -8.552891607884264809e-04
2.148333333333333428e+01 7.103252519052431768e-02 -8.811142938715796390e-04
2.150000000000000000e+01 7.093092878126007472e-02 -9.063332317955733472e-04
2.151666666666666572e+01 7.085817627928152340e-02 -9.316096223796295137e-04
2.153333333333333499e+01 7.080332713226195063e-02 -9.558742901857514079e-04
2.155000000000000071e+01 7.070137998969570903e-02 -9.797089377942213261e-04
2.156666666666666643e+01 7.068855529970184681e-02 -1.002822998877121426e-03
2.158333333333333215e+01 7.058376009619206359e-02 -1.025664545692608204e-03
2.160000000000000142e+01 7.053186281703444083e-02 -1.047862177864366997e-03
2.161666666666666714e+01 7.043640030612494107e-02 -1.069723478167043359e-03
2.163333333333333286e+01 7.038914032639427554e-02 -1.090994015336296981e-03
2.164999999999999858e+01 7.026253120752511128e-02 -1.111821563703789409e-03
2.166666666666666785e+01 7.021456224915612054e-02 -1.132298920369159039e-03
2.168333333333333357e+01 7.007077260944308272e-02 -1.152206920185999250e-03
2.169999999999999929e+01 7.002698740591919990e-02 -1.171797343685227009e-03
2.171666666666666501e+01 6.985662554681905390e-02 -1.190874193780040594e-03
2.173333333333333428e+01 6.983537612579771015e-02 -1.209638765056615791e-03
2.175000000000000000e+01 6.968062691036237821e-02 -1.227822397887529506e-03
2.176666666666666572e+01 6.968419626053247440e-02 -1.245813343412538986e-03
2.178333333333333499e+01 6.952664799053380473e-02 -1.263239091493817065e-03
2.180000000000000071e+01 6.951217238552592770e-02 -1.280356138169831334e-03
2.181666666666666643e+01 6.936501396607942793e-02 -1.297050693208292096e-03
2.183333333333333215e+01 6.932167208823827864e-02 -1.313536608564336858e-03
2.185000000000000142e+01 6.916413361461559717e-02 -1.329654928463092859e-03
2.186666666666666714e+01 6.911042121320545850e-02 -1.345297308483339640e-03
2.188333333333333286e+01 6.896993581262035600e-02 -1.360596643926092510e-03
2.189999999999999858e+01 6.890364546600830087e-02 -1.375606006177524992e-03
2.191666666666666785e+01 6.883895362432504439e-02 -1.390380112011459007e-03
2.193333333333333357e+01 6.875539800869397145e-02 -1.404667374048217164e-03
2.194999999999999929e+01 6.866145286419364502e-02 -1.418702885374909439e-03
2.196666666666666501e+01 6.857357700739978579e-02 -1.432513667786521668e-03
2.198333333333333428e+01 6.847851230601455230e-02 -1.446246665131760640e-03
2.200000000000000000e+01 6.836510698082344517e-02 -1.459432432741411372e-03
2.201666666666666572e+01 6.829441403646906161e-02 -1.472288616421826325e-03
2.203333333333333499e+01 6.819779898698881404e-02 -1.485046099267038015e-03
2.205000000000000071e+01 6.811970337056534597e-02 -1.497611905946976112e-03
2.206666666666666643e+01 6.801240680252032544e-02 -1.509855597094787944e-03
2.208333333333333215e+01 6.792338212603450665e-02 -1.521802051471162235e-03
2.210000000000000142e+01 6.780914285358512206e-02 -1.533504177670130114e-03
2.211666666666666714e+01 6.773888572740498215e-02 -1.544790300330685547e-03
2.213333333333333286e+01 6.762570663972339302e-02 -1.555993716187026440e-03
2.214999999999999858e+01 6.753921152192053634e-02 -1.567011468473396459e-03
2.216666666666666785e+01 6.742450454773439572e-02 -1.577798466424254952e-03
2.218333333333333357e+01 6.735910640506530267e-02 -1.588258268062501394e-03
2.219999999999999929e+01 6.723098078940170641e-02 -1.598602663118806576e-03
2.221666666666666501e+01 6.714489526176517509e-02 -1.608774652225754840e-03
2.223333333333333428e+01 6.702620622343680168e-02 -1.618658565701143514e-03
2.225000000000000000e+01 6.694334919499847492e-02 -1.628290313290175822e-03
2.226666666666666572e+01 6.680905023991091929e-02 -1.637751636950437713e-03
2.228333333333333499e+01 6.673723656033959950e-02 -1.647159420117843978e-03
2.230000000000000071e+01 6.658486392258204656e-02 -1.656332684821437999e-03
2.231666666666666643e+01 6.652088606712289187e-02 -1.665285759114881704e-03
2.233333333333333215e+01 6.637092122440675646e-02 -1.673983336362882190e-03
2.235000000000000142e+01 6.631785482820901079e-02 -1.682584791068393723e-03
2.236666666666666714e+01 6.617038463990097819e-02 -1.690998600909852023e-03
2.238333333333333286e+01 6.612230106761100845e-02 -1.699269419100818282e-03
2.239999999999999858e+01 6.595945233539160513e-02 -1.707322250446099456e-03
2.241666666666666785e+01 6.589795883906686413e-02 -1.715198673841161281e-03
2.243333333333333357e+01 6.576675412672335075e-02 -1.722980767855267258e-03
2.244999999999999929e+01 6.572019674174366111e-02 -1.730639121481702264e-03
2.246666666666666501e+01 6.557165872884709867e-02 -1.738097741600878226e-03
2.248333333333333428e+01 6.549226110068026574e-02 -1.745368868312024459e-03
2.250000000000000000e+01 6.534436352300461437e-02 -1.752589872666281178e-03
2.251666666666666572e+01 6.526315346240146864e-02 -1.759652987840058672e-03
2.253333333333333499e+01 6.514189227964566065e-02 -1.766553076795499564e-03
2.255000000000000071e+01 6.506249645435575879e-02 -1.773237773106606067e-03
2.256666666666666643e+01 6.492768909236060204e-02 -1.779807585518952988e-03
2.258333333333333215e+01 6.484259448522473879e-02 -1.786222822534686699e-03
2.260000000000000142e+01 6.472498637902804330e-02 -1.792540696208576702e-03
2.261666666666666714e+01 6.462507541490700169e-02 -1.798782305327730618e-03
2.263333333333333286e+01 6.453137477269874078e-02 -1.804891614803719093e-03
2.264999999999999858e+01 6.442970682947000982e-02 -1.810924924369224391e-03
2.266666666666666785e+01 6.432917820478388504e-02 -1.816848133608681224e-03
2.268333333333333357e+01 6.422379521406716696e-02 -1.822634100507605336e-03
2.269999999999999929e+01 6.411260369818919114e-02 -1.828278654037887455e-03
2.271666666666666501e+01 6.399543006737241913e-02 -1.833827680040599250e-03
2.273333333333333428e+01 6.386941697660231121e-02 -1.839219500052294070e-03
2.275000000000000000e+01 6.375648691220157926e-02 -1.844033955632492323e-03
2.276666666666666572e+01 6.364753510789630808e-02 -1.848637220903170085e-03
2.278333333333333499e+01 6.353841938633053577e-02 -1.853153412998646745e-03
2.280000000000000071e+01 6.343330453055495699e-02 -1.857582612083388731e-03
2.281666666666666643e+01 6.332541755894210977e-02 -1.861954647192732865e-03
2.283333333333333215e+01 6.322075848558569855e-02 -1.866261047909958471e-03
2.285000000000000142e+01 6.310947502735878012e-02 -1.870463367278121271e-03
2.286666666666666714e+01 6.300270687253736734e-02 -1.874587135434149831e-03
2.288333333333333286e+01 6.290837016709166507e-02 -1.878676130644220399e-03
2.289999999999999858e+01 6.280413660461865721e-02 -1.882704975925006841e-03
2.291666666666666785e+01 6.269622221814630247e-02 -1.886643984599851867e-03
2.293333333333333357e+01 6.259809556269647912e-02 -1.890515937484877002e-03
2.294999999999999929e+01 6.247547356196485324e-02 -1.894341860713393477e-03
2.296666666666666501e+01 6.236918128054732419e-02 -1.898085913601073142e-03
2.298333333333333428e+01 6.224810974269122388e-02 -1.901760295294933206e-03
2.300000000000000000e+01 6.215023927477712068e-02 -1.905367371164325228e-03
2.301666666666666572e+01 6.202110868580698599e-02 -1.908891240362288466e-03
2.303333333333333499e+01 6.193456381867770005e-02 -1.912362153867660716e-03
2.305000000000000071e+01 6.180541444571675119e-02 -1.915800876313043018e-03
2.306666666666666643e+01 6.172759324461993963e-02 -1.919170339104869826e-03
2.308333333333333215e+01 6.157798505402147654e-02 -1.922467243551751869e-03
2.310000000000000142e+01 6.150194854494226565e-02 -1.925715351432069795e-03
2.311666666666666714e+01 6.135484966076003299e-02 -1.928909919038878555e-03
2.313333333333333286e+01 6.128350952441742605e-02 -1.932038752548351180e-03
2.314999999999999858e+01 6.113671025531750014e-02 -1.935104779822068022e-03
2.316666666666666785e+01 6.105661307831664053e-02 -1.938138505798890025e-03
2.318333333333333357e+01 6.091870497039556659e-02 -1.941142552700593276e-03
2.319999999999999929e+01 6.084026002504445280e-02 -1.944069936304366596e-03
2.321666666666666501e+01 6.069582511674886244e-02 -1.946942863554615086e-03
2.323333333333333428e+01 6.061626765255437310e-02 -1.950056645131606915e-03
2.325000000000000000e+01 6.047338521953452700e-02 -1.952898862883063399e-03
2.326666666666666572e+01 6.039152179824797823e-02 -1.955598998042284032e-03
2.328333333333333499e+01 6.024707242832780946e-02 -1.958282679261273956e-03
2.330000000000000071e+01 6.018017161482581284e-02 -1.960913133202637181e-03
2.331666666666666643e+01 6.005353268872133665e-02 -1.963498153746220335e-03
2.333333333333333215e+01 5.998322028529103067e-02 -1.966043743446289557e-03
2.335000000000000142e+01 5.986179971050678561e-02 -1.968556758949090418e-03
2.336666666666666714e+01 5.976667057026444074e-02 -1.971017316097607112e-03
2.338333333333333286e+01 5.964230079655841871e-02 -1.973430855840537304e-03
2.339999999999999858e+01 5.954961187573830361e-02 -1.975814362282468997e-03
2.341666666666666785e+01 5.943652279894656026e-02 -1.978387607233202377e-03
2.343333333333333357e+01 5.933363465565572731e-02 -1.980747370566728494e-03
2.344999999999999929e+01 5.922668846255503550e-02 -1.982985886280432767e-03
2.346666666666666501e+01 5.911367785696728522e-02 -1.985171147137657077e-03
2.348333333333333428e+01 5.899383664031485758e-02 -1.987328804378637494e-03
2.350000000000000000e+01 5.888011691859872110e-02 -1.989468538420246201e-03
2.351666666666666572e+01 5.877010725916416434e-02 -1.991548897686309071e-03
2.353333333333333499e+01 5.865493763810652322e-02 -1.993576540138247439e-03
2.355000000000000071e+01 5.854691422580303450e-02 -1.995635118605944020e-03
2.356666666666666643e+01 5.843675283007049304e-02 -1.997851058485696461e-03
2.358333333333333215e+01 5.832447270810929563e-02 -1.999860546523337008e-03
2.360000000000000142e+01 5.821267967228627160e-02 -2.001762445859516220e-03
2.361666666666666714e+01 5.809900369409267545e-02 -2.003635957308922376e-03
2.363333333333333286e+01 5.797503225682433536e-02 -2.005484224887014045e-03
2.364999999999999858e+01 5.786763186809738141e-02 -2.007314587622998064e-03
2.366666666666666785e+01 5.775110296205660659e-02 -2.009111038954796043e-03
2.368333333333333357e+01 5.764684958320830804e-02 -2.010875866032454592e-03
2.369999999999999929e+01 5.752521203675044215e-02 -2.012634166160847358e-03
2.371666666666666501e+01 5.742139949051494607e-02 -2.014356389944361222e-03
2.373333333333333428e+01 5.729814824282179753e-02 -2.016025331515693218e-03
2.375000000000000000e+01 5.721819246494412592e-02 -2.017824757182090124e-03
2.376666666666666572e+01 5.708495219038296070e-02 -2.019483343306396634e-03
2.378333333333333499e+01 5.701032613130570248e-02 -2.021061621769640760e-03
2.380000000000000071e+01 5.689978444335205832e-02 -2.022618316085268101e-03
2.381666666666666643e+01 5.682725612515074354e-02 -2.024156031538574749e-03
2.383333333333333215e+01 5.668840093737986113e-02 -2.025670718503058947e-03
2.385000000000000142e+01 5.660148640435207906e-02 -2.027140378720536026e-03
2.386666666666666714e+01 5.645974004322507761e-02 -2.028598919994647684e-03
2.388333333333333286e+01 5.637269447300147923e-02 -2.030051436689451257e-03
2.389999999999999858e+01 5.624452201520680622e-02 -2.031458728042652082e-03
2.391666666666666785e+01 5.614877339715380888e-02 -2.032970978388954752e-03
2.393333333333333357e+01 5.602006456333170903e-02 -2.034355307846221882e-03
2.394999999999999929e+01 5.591724093865845652e-02 -2.035691824434784827e-03
2.396666666666666501e+01 5.580812214323176146e-02 -2.037020899429288490e-03
2.398333333333333428e+01 5.573337636131067002e-02 -2.038321680626726477e-03
2.400000000000000000e+01 5.561724105670146079e-02 -2.039575648713100667e-03
