# Fig 6 Minneapolis
# 0. time (h), 1. prod. rate dynamic (L/h), 2. prod. rate static (L/h)
0.000000000000000000e+00 -3.615644074265002977e-02 -3.615644074317252848e-02
1.666666666666666644e-02 2.367274257885695551e-02 2.367274257832107862e-02
3.333333333333333287e-02 -1.749202938439915062e-02 -1.749375170877962016e-02
5.000000000000000278e-02 1.140654020170693735e-02 1.135391050753415190e-02
6.666666666666666574e-02 -7.145442033405739225e-03 -7.320663211205567615e-03
8.333333333333332871e-02 3.876457446789062598e-03 3.568121104835064727e-03
1.000000000000000056e-01 -2.678095898080181097e-03 -3.133092750308417909e-03
1.166666666666666685e-01 8.609070679181559651e-04 2.536189950201181084e-04
1.333333333333333315e-01 -1.220055546439399860e-03 -1.925970755838409595e-03
1.499999999999999944e-01 -1.301488806983140147e-04 -8.637116251330206234e-04
1.666666666666666574e-01 -7.296585512383846903e-04 -1.501784527393749914e-03
1.833333333333333204e-01 -4.232874696494468296e-04 -1.232963802935436136e-03
2.000000000000000111e-01 -5.960636764056671290e-04 -1.437206519689187851e-03
2.166666666666666741e-01 -5.242103919852324646e-04 -1.381441989869337068e-03
2.333333333333333370e-01 -5.596105983919731153e-04 -1.446688578211341230e-03
2.500000000000000000e-01 -5.525094155403546944e-04 -1.456698328253770713e-03
2.666666666666666630e-01 -5.615031794343400880e-04 -1.487885992815971784e-03
2.833333333333333259e-01 -5.639568567756652858e-04 -1.507219365379121236e-03
2.999999999999999889e-01 -5.695242586358604132e-04 -1.529213326031913893e-03
3.166666666666666519e-01 -5.725022418826123706e-04 -1.549314163797979940e-03
3.333333333333333148e-01 -5.768585437773837699e-04 -1.569028840935999094e-03
3.499999999999999778e-01 -5.797762096421796470e-04 -1.586930862022183086e-03
3.666666666666666408e-01 -5.823781362413540681e-04 -1.604325929145275238e-03
3.833333333333333592e-01 -5.849380863750436354e-04 -1.620688363538070860e-03
4.000000000000000222e-01 -5.878769592281346199e-04 -1.636518778000899165e-03
4.166666666666666852e-01 -5.900328313427611162e-04 -1.651305383722796857e-03
4.333333333333333481e-01 -5.924522774595563463e-04 -1.665886090575768776e-03
4.500000000000000111e-01 -5.944452006027708089e-04 -1.679362019145247235e-03
4.666666666666666741e-01 -5.973195588433246076e-04 -1.693178396066629407e-03
4.833333333333333370e-01 -5.995462252907635386e-04 -1.706156039474879217e-03
5.000000000000000000e-01 -6.014450262616424228e-04 -1.718289629279885159e-03
5.166666666666666075e-01 -6.043628511763106392e-04 -1.730354014425199670e-03
5.333333333333333259e-01 -6.069257377735304401e-04 -1.741555802507778862e-03
5.500000000000000444e-01 -6.104518612441555553e-04 -1.752435250834874243e-03
5.666666666666666519e-01 -6.133297200837904695e-04 -1.762816295857521807e-03
5.833333333333333703e-01 -6.160884139545863081e-04 -1.772942695801463546e-03
5.999999999999999778e-01 -6.186845352624123972e-04 -1.782492856053291292e-03
6.166666666666666963e-01 -6.225374234857505287e-04 -1.791569575545571289e-03
6.333333333333333037e-01 -6.275360591765863100e-04 -1.800482484653519307e-03
6.500000000000000222e-01 -6.323325774126748464e-04 -1.808906314186095425e-03
6.666666666666666297e-01 -6.368111121543269890e-04 -1.816932742561798127e-03
6.833333333333333481e-01 -6.412191601181030766e-04 -1.824529127980026397e-03
6.999999999999999556e-01 -6.457612249669938314e-04 -1.833176357851625448e-03
7.166666666666666741e-01 -6.502665221916860893e-04 -1.841107460054219793e-03
7.333333333333332815e-01 -6.549483005945449469e-04 -1.848485104810665761e-03
7.500000000000000000e-01 -6.591458601719926398e-04 -1.855583917630989699e-03
7.666666666666667185e-01 -6.635812327571969814e-04 -1.862155310559038442e-03
7.833333333333333259e-01 -6.682582573968330391e-04 -1.868082031732952930e-03
8.000000000000000444e-01 -6.731382999007775973e-04 -1.874050442453408915e-03
8.166666666666666519e-01 -6.779517127676543478e-04 -1.880054716294534680e-03
8.333333333333333703e-01 -6.822757378555020487e-04 -1.885968292398732633e-03
8.499999999999999778e-01 -6.867920772239070448e-04 -1.891432774007654376e-03
8.666666666666666963e-01 -6.912481126558980577e-04 -1.896890055746556277e-03
8.833333333333333037e-01 -6.957211887055523257e-04 -1.902126006742190867e-03
9.000000000000000222e-01 -7.003592111442176775e-04 -1.907438632117670289e-03
9.166666666666666297e-01 -7.049161321038702535e-04 -1.912383576784702386e-03
9.333333333333333481e-01 -7.090331806120711696e-04 -1.917287763955675571e-03
9.499999999999999556e-01 -7.130392866691998271e-04 -1.922620886538402686e-03
9.666666666666666741e-01 -7.168725129934994762e-04 -1.927423312148087049e-03
9.833333333333332815e-01 -7.210159864304366631e-04 -1.931800664659120937e-03
1.000000000000000000e+00 -7.253530931003084742e-04 -1.936179853238957247e-03
1.016666666666666607e+00 -7.277427141443263293e-04 -1.940212980810350875e-03
1.033333333333333215e+00 -7.318345176435637556e-04 -1.944256409005203729e-03
1.050000000000000044e+00 -7.350536479780102762e-04 -1.948159292242329383e-03
1.066666666666666652e+00 -7.363935276141296950e-04 -1.952094264693362636e-03
1.083333333333333259e+00 -7.393692563583204513e-04 -1.955774027142791454e-03
1.100000000000000089e+00 -7.421246960148237225e-04 -1.959434412194785164e-03
1.116666666666666696e+00 -7.450503318499269089e-04 -1.963378864709089920e-03
1.133333333333333304e+00 -7.469917856858671870e-04 -1.967000384726011464e-03
1.149999999999999911e+00 -7.513218876856884087e-04 -1.970392347058025611e-03
1.166666666666666741e+00 -7.523198611944027824e-04 -1.973703224995772276e-03
1.183333333333333348e+00 -7.525557585180152375e-04 -1.976721247965994820e-03
1.199999999999999956e+00 -7.566156074596607850e-04 -1.979726308211789652e-03
1.216666666666666563e+00 -7.604420200451178632e-04 -1.982667945727290340e-03
1.233333333333333393e+00 -7.618223442279716462e-04 -1.985590354361991324e-03
1.250000000000000000e+00 -7.630001063587140515e-04 -1.988353071354385503e-03
1.266666666666666607e+00 -7.651561575086572847e-04 -1.991313046556945996e-03
1.283333333333333437e+00 -7.676147173169586661e-04 -1.994225930779173865e-03
1.300000000000000044e+00 -7.707005750262366185e-04 -1.996884513011664385e-03
1.316666666666666652e+00 -7.756677277685353894e-04 -1.999412402484110167e-03
1.333333333333333259e+00 -7.778549209569705393e-04 -2.001933927349692707e-03
1.350000000000000089e+00 -7.796871381314075073e-04 -2.004426804265517156e-03
1.366666666666666696e+00 -7.831378233832061737e-04 -2.006709261106326414e-03
1.383333333333333304e+00 -7.874089984994520324e-04 -2.008772007841502436e-03
1.399999999999999911e+00 -7.897657656705769609e-04 -2.011566824465641379e-03
1.416666666666666741e+00 -7.918249097233182694e-04 -2.014051953600711192e-03
1.433333333333333348e+00 -7.946557544583544202e-04 -2.016131710727018904e-03
1.449999999999999956e+00 -7.973788719578736974e-04 -2.018406774411022654e-03
1.466666666666666563e+00 -8.005298485348835442e-04 -2.020355857362583427e-03
1.483333333333333393e+00 -8.033341360661205594e-04 -2.022440327115502135e-03
1.500000000000000000e+00 -8.055873552200702335e-04 -2.024269547711868462e-03
1.516666666666666607e+00 -8.080351493279315555e-04 -2.026233634508044744e-03
1.533333333333333437e+00 -8.110307918171223056e-04 -2.028251500397732377e-03
1.550000000000000044e+00 -8.140455864797509428e-04 -2.030001548944677936e-03
1.566666666666666652e+00 -8.168229307133326091e-04 -2.031591282120275618e-03
1.583333333333333259e+00 -8.187348137407898102e-04 -2.033364025629263647e-03
1.600000000000000089e+00 -8.219199769342917664e-04 -2.035268439083850241e-03
1.616666666666666696e+00 -8.242064045150690813e-04 -2.037025441497194306e-03
1.633333333333333304e+00 -8.282662820890332586e-04 -2.038660983013324685e-03
1.649999999999999911e+00 -8.303796468051897160e-04 -2.040389986900572206e-03
1.666666666666666741e+00 -8.312708091594792764e-04 -2.041865528567369907e-03
1.683333333333333348e+00 -8.343472675487838405e-04 -2.043186148794748011e-03
1.699999999999999956e+00 -8.376292255825245562e-04 -2.044593393934951864e-03
1.716666666666666563e+00 -8.397336767477538155e-04 -2.046037557269383099e-03
1.733333333333333393e+00 -8.422395358363432300e-04 -2.047382216472058529e-03
1.750000000000000000e+00 -8.443343469570540943e-04 -2.048768734206091180e-03
1.766666666666666607e+00 -8.465654283731221001e-04 -2.050049359947557839e-03
1.783333333333333437e+00 -8.503681315936367042e-04 -2.051531125967646571e-03
1.800000000000000044e+00 -8.546926298316592611e-04 -2.052967673401525240e-03
1.816666666666666652e+00 -8.563970280210429038e-04 -2.054283879512714892e-03
1.833333333333333259e+00 -8.605574466608936768e-04 -2.055416179686238558e-03
1.849999999999999645e+00 -8.629168405030840459e-04 -2.056590994188770005e-03
1.866666666666666696e+00 -8.633441867505278495e-04 -2.057786912777458902e-03
1.883333333333333304e+00 -8.683819526898667665e-04 -2.058896539784040546e-03
1.899999999999999911e+00 -8.711809570865589221e-04 -2.059938679456297956e-03
1.916666666666666741e+00 -8.739585404997587568e-04 -2.061031079965333895e-03
1.933333333333333348e+00 -8.752040362072406338e-04 -2.062227975239078540e-03
1.949999999999999956e+00 -8.766578805723312853e-04 -2.063341157134902532e-03
1.966666666666666563e+00 -8.796679523631954593e-04 -2.064406754087263519e-03
1.983333333333333393e+00 -8.813449237373724519e-04 -2.065424652511461262e-03
2.000000000000000000e+00 -8.837572338584969009e-04 -2.066306600388452888e-03
2.016666666666666607e+00 -8.867609087292276093e-04 -2.067230328282365030e-03
2.033333333333333215e+00 -8.905900511630217590e-04 -2.068172482270094151e-03
2.049999999999999822e+00 -8.943139734022336959e-04 -2.069112974855585700e-03
2.066666666666666430e+00 -8.975661636534645101e-04 -2.069956758178004719e-03
2.083333333333333481e+00 -8.993855874315342383e-04 -2.070837754051902801e-03
2.100000000000000089e+00 -9.012497637094090980e-04 -2.071674695091479512e-03
2.116666666666666696e+00 -9.027822744497800448e-04 -2.072678647065212282e-03
2.133333333333333304e+00 -9.045759740280686148e-04 -2.073640359282665109e-03
2.149999999999999911e+00 -9.072473439180796934e-04 -2.074509764294623238e-03
2.166666666666666519e+00 -9.093361541536021646e-04 -2.075339665157315341e-03
2.183333333333333126e+00 -9.110993323721671821e-04 -2.076105033893507756e-03
2.200000000000000178e+00 -9.131752790417110811e-04 -2.076841656117264529e-03
2.216666666666666785e+00 -9.162696458945849328e-04 -2.077603649130798074e-03
2.233333333333333393e+00 -9.189963758354900572e-04 -2.078273733883649003e-03
2.250000000000000000e+00 -9.216137044214514542e-04 -2.078860692424467672e-03
2.266666666666666607e+00 -9.245719525768568122e-04 -2.079551045896201999e-03
2.283333333333333215e+00 -9.262232189531855505e-04 -2.080324534369986777e-03
2.299999999999999822e+00 -9.294184760113660638e-04 -2.081022276433235323e-03
2.316666666666666874e+00 -9.313212806269156223e-04 -2.081651048878977155e-03
2.333333333333333481e+00 -9.319815462472113296e-04 -2.082288856865338513e-03
2.350000000000000089e+00 -9.338753489155553287e-04 -2.082876921169523037e-03
2.366666666666666696e+00 -9.361115013012384720e-04 -2.083468966563483977e-03
2.383333333333333304e+00 -9.380912011212225957e-04 -2.084030821534996452e-03
2.399999999999999911e+00 -9.400909278455003891e-04 -2.084618218526553511e-03
2.416666666666666519e+00 -9.429748953163362207e-04 -2.085149866030023419e-03
2.433333333333333126e+00 -9.467959622872514601e-04 -2.085709554842486452e-03
2.450000000000000178e+00 -9.491698207356900549e-04 -2.086349409097041762e-03
2.466666666666666785e+00 -9.506295601873574743e-04 -2.086933143124446773e-03
2.483333333333333393e+00 -9.525253014013888376e-04 -2.087504450305827791e-03
2.500000000000000000e+00 -9.541932856787897505e-04 -2.088032355885248003e-03
2.516666666666666607e+00 -9.563405076304952240e-04 -2.088476403314320877e-03
2.533333333333333215e+00 -9.573450099638630304e-04 -2.088981638233945465e-03
2.549999999999999822e+00 -9.600423966764314292e-04 -2.089456622723323380e-03
2.566666666666666874e+00 -9.616209652906647278e-04 -2.089928767541250187e-03
2.583333333333333481e+00 -9.624596057287048605e-04 -2.090347176757187658e-03
2.600000000000000089e+00 -9.647447208244863811e-04 -2.090800955266640393e-03
2.616666666666666696e+00 -9.695835958050478664e-04 -2.091321118083578658e-03
2.633333333333333304e+00 -9.715968432210196192e-04 -2.091796043037171416e-03
2.649999999999999911e+00 -9.723356424756803571e-04 -2.092222660526390880e-03
2.666666666666666519e+00 -9.744344468497899599e-04 -2.092655327597208164e-03
2.683333333333333126e+00 -9.759320741713732464e-04 -2.093070359393989655e-03
2.700000000000000178e+00 -9.779179629423140167e-04 -2.093476242278869640e-03
2.716666666666666785e+00 -9.812324111878904451e-04 -2.093835229841151807e-03
2.733333333333333393e+00 -9.829737604480431271e-04 -2.094201262978136191e-03
2.750000000000000000e+00 -9.838200057773846974e-04 -2.094554758766469134e-03
2.766666666666666607e+00 -9.855663736477884938e-04 -2.094943703948159899e-03
2.783333333333333215e+00 -9.880370693154331540e-04 -2.095369117433017875e-03
2.799999999999999822e+00 -9.902193627944091796e-04 -2.095767972129545815e-03
2.816666666666666874e+00 -9.920600896282947070e-04 -2.096124355124585545e-03
2.833333333333333481e+00 -9.949463699961919125e-04 -2.096483988467475953e-03
2.850000000000000089e+00 -9.956627736888246181e-04 -2.096817139345704632e-03
2.866666666666666696e+00 -9.961801708502481673e-04 -2.097127597368179941e-03
2.883333333333333304e+00 -9.983306538241870295e-04 -2.097420407778923922e-03
2.899999999999999911e+00 -1.000285568574587431e-03 -2.097727949605335523e-03
2.916666666666666519e+00 -1.001803637415027122e-03 -2.098004762560312739e-03
2.933333333333333126e+00 -1.002442212818910154e-03 -2.098301665436822297e-03
2.950000000000000178e+00 -1.004041663629315134e-03 -2.098680831736571446e-03
2.966666666666666785e+00 -1.006781998649224508e-03 -2.098997140242787017e-03
2.983333333333333393e+00 -1.009739746431284352e-03 -2.099299703096667476e-03
3.000000000000000000e+00 -1.012474766678639381e-03 -2.099601936413035205e-03
3.016666666666666607e+00 -1.016179699686985084e-03 -2.099867121779097276e-03
3.033333333333333215e+00 -1.017275052047851916e-03 -2.100120297470883454e-03
3.049999999999999822e+00 -1.019880024085310921e-03 -2.100397277334828221e-03
3.066666666666666874e+00 -1.021468174342330488e-03 -2.100636968286842109e-03
3.083333333333333481e+00 -1.022376400442405117e-03 -2.100870591646848608e-03
3.100000000000000089e+00 -1.023543893064593219e-03 -2.101117817136421463e-03
3.116666666666666696e+00 -1.026566447216424073e-03 -2.101360730595644780e-03
3.133333333333333304e+00 -1.029046304514575272e-03 -2.101692309033074794e-03
3.149999999999999911e+00 -1.031131586032156848e-03 -2.102036241326799958e-03
3.166666666666666519e+00 -1.033165567851299137e-03 -2.102339324331146519e-03
3.183333333333333126e+00 -1.034275190306758064e-03 -2.102573223215608265e-03
3.200000000000000178e+00 -1.037075184168265857e-03 -2.102779959457665160e-03
3.216666666666666785e+00 -1.037225386195054361e-03 -2.102982794352927388e-03
3.233333333333333393e+00 -1.037779084211480412e-03 -2.103194702435653117e-03
3.250000000000000000e+00 -1.039359451414463217e-03 -2.103401668839627314e-03
3.266666666666666607e+00 -1.041024613400468859e-03 -2.103595182600851311e-03
3.283333333333333215e+00 -1.041542473796947975e-03 -2.103767254283759724e-03
3.299999999999999822e+00 -1.043078972946479910e-03 -2.103941994471418640e-03
3.316666666666666874e+00 -1.044415777974198661e-03 -2.104161415738804719e-03
3.333333333333333481e+00 -1.045625447588868859e-03 -2.104340301434468648e-03
3.350000000000000089e+00 -1.048779114167142220e-03 -2.104551678657987524e-03
3.366666666666666696e+00 -1.050586691143340964e-03 -2.104774477800529838e-03
3.383333333333333304e+00 -1.052262318521400650e-03 -2.104925057226416860e-03
3.399999999999999911e+00 -1.053205885838521660e-03 -2.105096409731366768e-03
3.416666666666666519e+00 -1.056579010101228429e-03 -2.105254513830318551e-03
3.433333333333333126e+00 -1.057369651349513665e-03 -2.105410624385723080e-03
3.449999999999999289e+00 -1.056811634981588309e-03 -2.105561094693890901e-03
3.466666666666666785e+00 -1.059337889120797209e-03 -2.105727911316218181e-03
3.483333333333333393e+00 -1.062213282098193549e-03 -2.105959161703551720e-03
3.500000000000000000e+00 -1.065465473254870003e-03 -2.106188115212514166e-03
3.516666666666666607e+00 -1.067127366660483188e-03 -2.106413853221584219e-03
3.533333333333333215e+00 -1.069349908200196942e-03 -2.106565045986814530e-03
3.549999999999999822e+00 -1.070801130013339635e-03 -2.106643657815526500e-03
3.566666666666666874e+00 -1.071183699015470798e-03 -2.106774929090519423e-03
3.583333333333333481e+00 -1.072473278911584369e-03 -2.106916589192800796e-03
3.600000000000000089e+00 -1.073862454084921871e-03 -2.107066334770845047e-03
3.616666666666666696e+00 -1.076220198922550868e-03 -2.107174766244574587e-03
3.633333333333333304e+00 -1.076946241653238719e-03 -2.107305412202068774e-03
3.649999999999999911e+00 -1.077290530056453218e-03 -2.107460906150687707e-03
3.666666666666666519e+00 -1.079079825158530846e-03 -2.107606410767698217e-03
3.683333333333333126e+00 -1.081095259946232524e-03 -2.107753374113843173e-03
3.699999999999999289e+00 -1.084795637663002205e-03 -2.107908011468387355e-03
3.716666666666666785e+00 -1.086259081535055192e-03 -2.108009548849322859e-03
3.733333333333333393e+00 -1.087525850458685240e-03 -2.108110276548835760e-03
3.750000000000000000e+00 -1.089874049984402475e-03 -2.108232361330329187e-03
3.766666666666666607e+00 -1.092222166165493806e-03 -2.108357521548143588e-03
3.783333333333333215e+00 -1.093293394526198342e-03 -2.108445679390448871e-03
3.799999999999999822e+00 -1.093375236461037762e-03 -2.108564436478038012e-03
3.816666666666666874e+00 -1.093798403835331487e-03 -2.108703430000240242e-03
3.833333333333333481e+00 -1.096148638050033295e-03 -2.108831569823946522e-03
3.850000000000000089e+00 -1.097830605875214742e-03 -2.108944108233627972e-03
3.866666666666666696e+00 -1.099325049306933708e-03 -2.109065965066624516e-03
3.883333333333333304e+00 -1.100915971316745404e-03 -2.109153946908185005e-03
3.899999999999999911e+00 -1.102865840609185090e-03 -2.109252073035765198e-03
3.916666666666666519e+00 -1.103627026366929944e-03 -2.109328900005479155e-03
3.933333333333333126e+00 -1.105058932719520234e-03 -2.109426304658017313e-03
3.949999999999999289e+00 -1.105220620239416975e-03 -2.109491889162868998e-03
3.966666666666666785e+00 -1.105889198782102198e-03 -2.109592692589004788e-03
3.983333333333333393e+00 -1.107091547687267434e-03 -2.109661594532641089e-03
4.000000000000000000e+00 -1.108414207245077060e-03 -2.109788435316613947e-03
4.016666666666666607e+00 -1.109101361758060714e-03 -2.109948832953134797e-03
4.033333333333333215e+00 -1.110461999474947553e-03 -2.110140491254932932e-03
4.049999999999999822e+00 -1.112589052038995057e-03 -2.110197952258360560e-03
4.066666666666666430e+00 -1.114906815231102386e-03 -2.110250660734949539e-03
4.083333333333333037e+00 -1.116521169483402015e-03 -2.110335316903208178e-03
4.099999999999999645e+00 -1.117076948765740067e-03 -2.110407978462985456e-03
4.116666666666666252e+00 -1.117560318176652207e-03 -2.110463070286936350e-03
4.133333333333332860e+00 -1.120162445567051421e-03 -2.110534337397968786e-03
4.150000000000000355e+00 -1.121204926734687465e-03 -2.110594805414880981e-03
4.166666666666666963e+00 -1.121505053168980141e-03 -2.110660121321571159e-03
4.183333333333333570e+00 -1.123784979564264840e-03 -2.110774618834702389e-03
4.200000000000000178e+00 -1.124605460010089574e-03 -2.110850756186740881e-03
4.216666666666666785e+00 -1.125315990211807077e-03 -2.110944925062454170e-03
4.233333333333333393e+00 -1.128177397584316120e-03 -2.111027819533436468e-03
4.250000000000000000e+00 -1.129419312696733953e-03 -2.111067464283458792e-03
4.266666666666666607e+00 -1.130007872296885261e-03 -2.111124996252584582e-03
4.283333333333333215e+00 -1.131176488041174977e-03 -2.111182183063514510e-03
4.299999999999999822e+00 -1.132598919041026943e-03 -2.111256616667404797e-03
4.316666666666666430e+00 -1.135872252868506526e-03 -2.111325379709504558e-03
4.333333333333333037e+00 -1.136453781518282974e-03 -2.111382120693113245e-03
4.349999999999999645e+00 -1.137331673054709077e-03 -2.111466138603600162e-03
4.366666666666666252e+00 -1.138057321682180720e-03 -2.111546084823312606e-03
4.383333333333332860e+00 -1.139700573535150363e-03 -2.111621573908937458e-03
4.400000000000000355e+00 -1.141506511019809182e-03 -2.111692398749772433e-03
4.416666666666666963e+00 -1.143792824499087956e-03 -2.111741685059630863e-03
4.433333333333333570e+00 -1.145502185958222844e-03 -2.111813976680242903e-03
4.450000000000000178e+00 -1.146735126228502115e-03 -2.111904591829106073e-03
4.466666666666666785e+00 -1.146909156644811698e-03 -2.111948906759628097e-03
4.483333333333333393e+00 -1.148026245324158248e-03 -2.111962269059535716e-03
4.500000000000000000e+00 -1.150064013457261468e-03 -2.112001558873959333e-03
4.516666666666666607e+00 -1.150645899489499647e-03 -2.112066674735027950e-03
4.533333333333333215e+00 -1.151945996265245570e-03 -2.112133646402101095e-03
4.549999999999999822e+00 -1.153514669358101296e-03 -2.112204964911985287e-03
4.566666666666666430e+00 -1.155587735132399636e-03 -2.112277357654126012e-03
4.583333333333333037e+00 -1.157819316727204395e-03 -2.112325946962276355e-03
4.599999999999999645e+00 -1.159383200264447328e-03 -2.112355396014602409e-03
4.616666666666666252e+00 -1.159150575504167393e-03 -2.112404026096137422e-03
4.633333333333333748e+00 -1.159589189031598900e-03 -2.112449048630150004e-03
4.650000000000000355e+00 -1.160854333577962354e-03 -2.112472225804087889e-03
4.666666666666666963e+00 -1.163037692118458260e-03 -2.112513492215429764e-03
4.683333333333333570e+00 -1.163838368453959989e-03 -2.112580336860806363e-03
4.700000000000000178e+00 -1.164796256623504191e-03 -2.112630288183293525e-03
4.716666666666666785e+00 -1.165587225744201373e-03 -2.112676315481888840e-03
4.733333333333333393e+00 -1.166136127853130769e-03 -2.112737700549557982e-03
4.750000000000000000e+00 -1.166144738914294586e-03 -2.112775945159153096e-03
4.766666666666666607e+00 -1.167533523012759950e-03 -2.112800510781616403e-03
4.783333333333333215e+00 -1.170185000106008753e-03 -2.112830982406020686e-03
4.799999999999999822e+00 -1.172108440344969086e-03 -2.112872064881710261e-03
4.816666666666666430e+00 -1.174273314367736904e-03 -2.112887429467375650e-03
4.833333333333333037e+00 -1.175075338453098047e-03 -2.112912970573198844e-03
4.849999999999999645e+00 -1.175574182386715733e-03 -2.112965875127209917e-03
4.866666666666666252e+00 -1.177301267227135340e-03 -2.113011065690415489e-03
4.883333333333333748e+00 -1.177791815043252805e-03 -2.113058201977335588e-03
4.900000000000000355e+00 -1.180027899272337311e-03 -2.113116968977897872e-03
4.916666666666666963e+00 -1.181398833087975511e-03 -2.113139927702745776e-03
4.933333333333333570e+00 -1.182286192533595895e-03 -2.113154705784315874e-03
4.950000000000000178e+00 -1.183854272354129726e-03 -2.113190211402411669e-03
4.966666666666666785e+00 -1.187002339904591388e-03 -2.113214604345769153e-03
4.983333333333333393e+00 -1.188216846164211367e-03 -2.113223790396647449e-03
5.000000000000000000e+00 -1.187931695566437273e-03 -2.113252440059092390e-03
5.016666666666666607e+00 -1.188413836096095929e-03 -2.113272614257932086e-03
5.033333333333333215e+00 -1.189544507644226196e-03 -2.113336215046367379e-03
5.049999999999999822e+00 -1.190549689098677590e-03 -2.113431320071698996e-03
5.066666666666666430e+00 -1.191496432933199061e-03 -2.113490435359228689e-03
5.083333333333333037e+00 -1.191324606882348744e-03 -2.113474152548066795e-03
5.099999999999999645e+00 -1.191833613533059208e-03 -2.113477058397940020e-03
5.116666666666666252e+00 -1.193482523769186926e-03 -2.113520435347747677e-03
5.133333333333333748e+00 -1.194888842058887532e-03 -2.113543040755672554e-03
5.150000000000000355e+00 -1.196306664054099531e-03 -2.113535647639921879e-03
5.166666666666666963e+00 -1.198184397419288809e-03 -2.113550610368730015e-03
5.183333333333333570e+00 -1.198447287742724016e-03 -2.113563704931608039e-03
5.200000000000000178e+00 -1.200335862210110890e-03 -2.113578498925524230e-03
5.216666666666666785e+00 -1.201421060872888370e-03 -2.113623338010653559e-03
5.233333333333333393e+00 -1.203060684871875294e-03 -2.113654996180888614e-03
5.250000000000000000e+00 -1.204004416314672027e-03 -2.113692757367830258e-03
5.266666666666666607e+00 -1.204676738005793207e-03 -2.113746273414720232e-03
5.283333333333333215e+00 -1.206134722062851333e-03 -2.113764881115028343e-03
5.299999999999999822e+00 -1.207456645697623822e-03 -2.113773161562210873e-03
5.316666666666666430e+00 -1.209065499266147358e-03 -2.113787929875764714e-03
5.333333333333333037e+00 -1.211302612075313648e-03 -2.113804693208268509e-03
5.349999999999999645e+00 -1.213183903473433927e-03 -2.113812307392382885e-03
5.366666666666666252e+00 -1.213392445094346999e-03 -2.113828170446883491e-03
5.383333333333333748e+00 -1.214409788501574208e-03 -2.113862841084718138e-03
5.400000000000000355e+00 -1.214224166499659838e-03 -2.113901674978915703e-03
5.416666666666666963e+00 -1.214582743329044876e-03 -2.113931811111576225e-03
5.433333333333333570e+00 -1.217338035782439178e-03 -2.113482949259586595e-03
5.450000000000000178e+00 -1.218350527291460700e-03 -2.111825568509499360e-03
5.466666666666666785e+00 -1.218683235351951822e-03 -2.108336564287047361e-03
5.483333333333333393e+00 -1.219108663593756114e-03 -2.102373986357738804e-03
5.500000000000000000e+00 -1.218229496855057241e-03 -2.094308322313338799e-03
5.516666666666666607e+00 -1.216417666748629200e-03 -2.084966250326520092e-03
5.533333333333333215e+00 -1.214440811616021142e-03 -2.076097624295906042e-03
5.549999999999999822e+00 -1.212823020741005727e-03 -2.066998508656752147e-03
5.566666666666666430e+00 -1.210572356417013778e-03 -2.059852854958770917e-03
5.583333333333333037e+00 -1.207917399676698396e-03 -2.054628428230848534e-03
5.599999999999999645e+00 -1.202320117632555601e-03 -2.041609440440955627e-03
5.616666666666666252e+00 -1.191441244972444788e-03 -2.008543606405045322e-03
5.633333333333333748e+00 -1.203558213979484494e-03 -1.940827660927613857e-03
5.650000000000000355e+00 -1.293312085972960976e-03 -1.833577115482614437e-03
5.666666666666666963e+00 -1.249595192847666484e-03 -1.667358480830681772e-03
5.683333333333333570e+00 -1.201042380794494283e-03 -1.455623809707420327e-03
5.700000000000000178e+00 -1.082158628943698069e-03 -1.194098246743738280e-03
5.716666666666666785e+00 -9.801408642003859532e-04 -8.841498095018256870e-04
5.733333333333333393e+00 -7.935595058483651447e-04 -5.239353351376561290e-04
5.750000000000000000e+00 -5.876879854486271454e-04 -1.046375698231263683e-04
5.766666666666666607e+00 -3.620691079919562171e-04 3.486516649589617607e-04
5.783333333333333215e+00 -2.110066816731303425e-05 8.361147953548767921e-04
5.799999999999999822e+00 3.806706451182645802e-04 1.364053881499684498e-03
5.816666666666666430e+00 8.634848384428839979e-04 1.922176996319311390e-03
5.833333333333333037e+00 1.467818727717366042e-03 2.505735997333826022e-03
5.849999999999999645e+00 2.144261603925690877e-03 3.224768108497651220e-03
5.866666666666666252e+00 3.277498516290741279e-03 4.293127250483501009e-03
5.883333333333333748e+00 5.075635459316671719e-03 5.905507381817914035e-03
5.900000000000000355e+00 7.027548161734734761e-03 8.134531692942535350e-03
5.916666666666666963e+00 9.620442215584940407e-03 1.094129368543102568e-02
5.933333333333333570e+00 1.269087256554141639e-02 1.402589721700815001e-02
5.950000000000000178e+00 1.565009516736348694e-02 1.668011665960753356e-02
5.966666666666666785e+00 1.813006944358535114e-02 1.826370804617510196e-02
5.983333333333333393e+00 1.845515278467569145e-02 1.871929889815783163e-02
6.000000000000000000e+00 1.933152078515187888e-02 1.823865153789985469e-02
6.016666666666666607e+00 2.094610531179450646e-02 1.710047904293602802e-02
6.033333333333333215e+00 2.169317009101811092e-02 1.597630765722970678e-02
6.049999999999999822e+00 2.265504700742539818e-02 1.518030805242650237e-02
6.066666666666666430e+00 2.331860466600035181e-02 1.461258955911398476e-02
6.083333333333333037e+00 2.394132655502245743e-02 1.426942888437341024e-02
6.099999999999999645e+00 2.429624551789884637e-02 1.404466646276984060e-02
6.116666666666666252e+00 2.316429587346892360e-02 1.377431036213018142e-02
6.133333333333333748e+00 2.345816232817235503e-02 1.338072383935663863e-02
6.150000000000000355e+00 2.126930245895462812e-02 1.284021613887804079e-02
6.166666666666666963e+00 2.258037469430217853e-02 1.209760927775756049e-02
6.183333333333333570e+00 2.170103252003187377e-02 1.138700948816079306e-02
6.200000000000000178e+00 2.168916688201978638e-02 1.076897995160215789e-02
6.216666666666666785e+00 2.105947256300976650e-02 1.029603353815879141e-02
6.233333333333333393e+00 2.108797756096447706e-02 9.986725414154294309e-03
6.250000000000000000e+00 2.145206971234120408e-02 9.831416064737936306e-03
6.266666666666666607e+00 2.198754637524707317e-02 9.818791532912559891e-03
6.283333333333333215e+00 2.255411718183824091e-02 9.949676833900975362e-03
6.299999999999999822e+00 2.227788642935999916e-02 1.021444570993405854e-02
6.316666666666666430e+00 2.166653076319200594e-02 1.067045167761411333e-02
6.333333333333333037e+00 2.201866283978847275e-02 1.136048847759749993e-02
6.349999999999999645e+00 2.230995757484895842e-02 1.216430425670856838e-02
6.366666666666666252e+00 2.281162960442877086e-02 1.286450316371217512e-02
6.383333333333333748e+00 2.356008643738543087e-02 1.333511139894841269e-02
6.400000000000000355e+00 2.450616737623100005e-02 1.354518919150886867e-02
6.416666666666666963e+00 2.541690156131570788e-02 1.354352556137026174e-02
6.433333333333333570e+00 2.587316237453486309e-02 1.339833995944962088e-02
6.450000000000000178e+00 2.595579973183604824e-02 1.317215301489955102e-02
6.466666666666666785e+00 2.580908011562130580e-02 1.289211336106708787e-02
6.483333333333333393e+00 2.642977158977207960e-02 1.260022098964002669e-02
6.500000000000000000e+00 2.647195569231140105e-02 1.226768840664448079e-02
6.516666666666666607e+00 2.721878503218724821e-02 1.192487313350170178e-02
6.533333333333333215e+00 2.817297154779057830e-02 1.169692274900249046e-02
6.549999999999999822e+00 2.921405192703894690e-02 1.167554470989866713e-02
6.566666666666666430e+00 2.847874783304960716e-02 1.189911325846383996e-02
6.583333333333333037e+00 2.877421043121442326e-02 1.231569535912517381e-02
6.599999999999999645e+00 2.929384304682252846e-02 1.287776495160012843e-02
6.616666666666666252e+00 3.017378039598491921e-02 1.333837019589836047e-02
6.633333333333333748e+00 3.079225019862200791e-02 1.355390419544272827e-02
6.649999999999998579e+00 2.989667119353178054e-02 1.351278577905764937e-02
6.666666666666666963e+00 2.938864723672315882e-02 1.325067231618475699e-02
6.683333333333333570e+00 2.982214337134255280e-02 1.284742800940152051e-02
6.700000000000000178e+00 2.854092052171016206e-02 1.238158619953684883e-02
6.716666666666666785e+00 2.801526235364581660e-02 1.191312507202222856e-02
6.733333333333333393e+00 2.831749697285153647e-02 1.148410151360388168e-02
6.750000000000000000e+00 2.867076309995078565e-02 1.103507713371170568e-02
6.766666666666666607e+00 3.060126279759776968e-02 1.077101049941015833e-02
6.783333333333333215e+00 3.057843855614609391e-02 1.082563413271915576e-02
6.799999999999999822e+00 3.278196701506914251e-02 1.153890413388638202e-02
6.816666666666666430e+00 3.703526239965912459e-02 1.285473008499755411e-02
6.833333333333333037e+00 3.691789595918713862e-02 1.503125185229914687e-02
6.849999999999999645e+00 3.898267231002569555e-02 1.761042227635861712e-02
6.866666666666666252e+00 4.092739643929109439e-02 2.030945645239508671e-02
6.883333333333333748e+00 4.350314962748950964e-02 2.272227343760489793e-02
6.899999999999998579e+00 4.642001701195019869e-02 2.486990583431568369e-02
6.916666666666666963e+00 4.992970320783816918e-02 2.685260953242881235e-02
6.933333333333333570e+00 5.351494240120208828e-02 2.862417833078371651e-02
6.950000000000000178e+00 5.703321823600689816e-02 3.028443774621338361e-02
6.966666666666666785e+00 6.013224159192854384e-02 3.185449954239292364e-02
6.983333333333333393e+00 6.267581961997394091e-02 3.323195143451517647e-02
7.000000000000000000e+00 6.479889368176532105e-02 3.447185643272406008e-02
7.016666666666666607e+00 6.594669696504110168e-02 3.582293250120312939e-02
7.033333333333333215e+00 6.852999517948384078e-02 3.775882374615762566e-02
7.049999999999999822e+00 7.507284373638521691e-02 4.072558887143537532e-02
7.066666666666666430e+00 7.591692158178310612e-02 4.479772710079545778e-02
7.083333333333333037e+00 9.271746478654661894e-02 5.001518349528245172e-02
7.099999999999999645e+00 9.351962914925589232e-02 5.589944099015894258e-02
7.116666666666666252e+00 9.714247326160091456e-02 6.140559055520183884e-02
7.133333333333333748e+00 9.879708334592997299e-02 6.574082884770218738e-02
7.149999999999998579e+00 1.018649572219171573e-01 6.875490951779179849e-02
7.166666666666666963e+00 1.058376532912283507e-01 7.054745079953558817e-02
7.183333333333333570e+00 1.096483586231504631e-01 7.179160557411023991e-02
7.200000000000000178e+00 1.149282403215836079e-01 7.334471330319923543e-02
7.216666666666666785e+00 1.249591296232852450e-01 7.576142197857396732e-02
7.233333333333333393e+00 1.325888079307871448e-01 7.898071682318466569e-02
7.250000000000000000e+00 1.414897379843138570e-01 8.302354380045065541e-02
7.266666666666666607e+00 1.460149210800984476e-01 8.759861210227251616e-02
7.283333333333333215e+00 1.507983758529641283e-01 9.211292829931007342e-02
7.299999999999999822e+00 1.558278130475826695e-01 9.635276677798984557e-02
7.316666666666666430e+00 1.599284914751821218e-01 1.001455099853612724e-01
7.333333333333333037e+00 1.636196481368257793e-01 1.036833626127315749e-01
7.349999999999999645e+00 1.679598242963835641e-01 1.069888918726872029e-01
7.366666666666666252e+00 1.719727504937281215e-01 1.101422334017009980e-01
7.383333333333333748e+00 1.755531544405968536e-01 1.133662441166291834e-01
7.399999999999998579e+00 1.791695280947282476e-01 1.165490788723406723e-01
7.416666666666666963e+00 1.831932135425565766e-01 1.195521707071475898e-01
7.433333333333333570e+00 1.874836468769550957e-01 1.225455701695349897e-01
7.450000000000000178e+00 1.913901757772563661e-01 1.255459754493017388e-01
7.466666666666666785e+00 1.955622462998496125e-01 1.284161658555600938e-01
7.483333333333333393e+00 1.995810099707539809e-01 1.313555702369048894e-01
7.500000000000000000e+00 2.036462673880263807e-01 1.342259158337782698e-01
7.516666666666666607e+00 2.090837527664315409e-01 1.370902851007503864e-01
7.533333333333333215e+00 2.144619687364283656e-01 1.400655963594693298e-01
7.549999999999999822e+00 2.200996125944983950e-01 1.431477334121782075e-01
7.566666666666666430e+00 2.257748307227614160e-01 1.463771364670038710e-01
7.583333333333333037e+00 2.314373227883453343e-01 1.498008319609562267e-01
7.599999999999999645e+00 2.133020186698709186e-01 1.526731601788035020e-01
7.616666666666666252e+00 1.895946977507386999e-01 1.537720390579325469e-01
7.633333333333333748e+00 2.000130565745481259e-01 1.523970499698137082e-01
7.649999999999998579e+00 1.867727901408947344e-01 1.481294059101322669e-01
7.666666666666666963e+00 1.997576015649973613e-01 1.408434303298972678e-01
7.683333333333333570e+00 1.942827786757597430e-01 1.333324184785003030e-01
7.700000000000000178e+00 1.937374020346130654e-01 1.257088533911779604e-01
7.716666666666666785e+00 1.898351926797177958e-01 1.188174939207084918e-01
7.733333333333333393e+00 1.871256209306853546e-01 1.132697356251407272e-01
7.750000000000000000e+00 1.835034885631364465e-01 1.088575980463147297e-01
7.766666666666666607e+00 1.825866049352025955e-01 1.051670040448850207e-01
7.783333333333333215e+00 1.774629889006491268e-01 1.022656679616378711e-01
7.799999999999999822e+00 1.758921577795359847e-01 1.001042689451368817e-01
7.816666666666666430e+00 1.744324741360342435e-01 9.879428614438869050e-02
7.833333333333333037e+00 1.739880470757352027e-01 9.843058286159486747e-02
7.849999999999999645e+00 1.748840830574448779e-01 9.879840236105569273e-02
7.866666666666666252e+00 1.783860252565221127e-01 9.959485277346696863e-02
7.883333333333333748e+00 1.878582381151305269e-01 1.007910659046926533e-01
7.899999999999998579e+00 1.970440799746583371e-01 1.024741708633903625e-01
7.916666666666666963e+00 1.975759062221665585e-01 1.047448371016420215e-01
7.933333333333333570e+00 2.062388166817560597e-01 1.071820708912791381e-01
7.950000000000000178e+00 2.131369987378733677e-01 1.093191323297445366e-01
7.966666666666666785e+00 2.158139025781929676e-01 1.108637240166731736e-01
7.983333333333333393e+00 2.157596747956901928e-01 1.116051912007870323e-01
8.000000000000000000e+00 2.149727915784458154e-01 1.116164059288571320e-01
8.016666666666665719e+00 2.248783231115566994e-01 1.113719138122656327e-01
8.033333333333333215e+00 2.225859761450750818e-01 1.115896166127048339e-01
8.050000000000000711e+00 2.211073830793655048e-01 1.129414125592801826e-01
8.066666666666666430e+00 2.450790933475059385e-01 1.154275648822586375e-01
8.083333333333333925e+00 2.590492638430637595e-01 1.191135270699075765e-01
8.099999999999999645e+00 2.600610399661787420e-01 1.235527076103200145e-01
8.116666666666667140e+00 2.594695762265717964e-01 1.275694137781784310e-01
8.133333333333332860e+00 2.585070534344782178e-01 1.307712283606097259e-01
8.150000000000000355e+00 2.556439748484395924e-01 1.329007918553389012e-01
8.166666666666666075e+00 2.527385342079937480e-01 1.340623510088607417e-01
8.183333333333333570e+00 2.511315033687384624e-01 1.346566204408548295e-01
8.199999999999999289e+00 2.539348171418122080e-01 1.348272422069752841e-01
8.216666666666666785e+00 2.596442690067471415e-01 1.346544891348539219e-01
8.233333333333332504e+00 2.637857643930100471e-01 1.341378727133993587e-01
8.250000000000000000e+00 2.631475029102269270e-01 1.332853586133887214e-01
8.266666666666665719e+00 2.632727263407277918e-01 1.322360750626460635e-01
8.283333333333333215e+00 2.648323368223836627e-01 1.312242283882299743e-01
8.300000000000000711e+00 2.657721554027874244e-01 1.303674123312316968e-01
8.316666666666666430e+00 2.665230208937625078e-01 1.297217997226839115e-01
8.333333333333333925e+00 2.674685778638483113e-01 1.293466896932692622e-01
8.349999999999999645e+00 2.692770363883805751e-01 1.292764392576599974e-01
8.366666666666667140e+00 2.706014425885989172e-01 1.293878553290226108e-01
8.383333333333332860e+00 2.716428931862395757e-01 1.295400996485596146e-01
8.400000000000000355e+00 2.722161210823107469e-01 1.298739881629382975e-01
8.416666666666666075e+00 2.729230939057196159e-01 1.304554951056660361e-01
8.433333333333333570e+00 2.766116129945910274e-01 1.311238249057022631e-01
8.449999999999999289e+00 2.804914786245490954e-01 1.317279799774604410e-01
8.466666666666666785e+00 2.837333887287349921e-01 1.321596891897001691e-01
8.483333333333332504e+00 2.863110565731074586e-01 1.324024475384540100e-01
8.500000000000000000e+00 2.884175110971547995e-01 1.324751034424777041e-01
8.516666666666665719e+00 2.777297676302325491e-01 1.328512587200481876e-01
8.533333333333333215e+00 3.330709671403600525e-01 1.344316959103290521e-01
8.550000000000000711e+00 3.543651478223788787e-01 1.379100236803303681e-01
8.566666666666666430e+00 3.937152038651360320e-01 1.439006379687488291e-01
8.583333333333333925e+00 4.175716666160441126e-01 1.522276077647183867e-01
8.599999999999999645e+00 4.320652035601530438e-01 1.620560553683101646e-01
8.616666666666667140e+00 4.346214207634633842e-01 1.721967112786290388e-01
8.633333333333332860e+00 4.399649058684905745e-01 1.812012611556637065e-01
8.650000000000000355e+00 4.405600829118324624e-01 1.891421215282628465e-01
8.666666666666666075e+00 4.416083484625745736e-01 1.959301942101355221e-01
8.683333333333333570e+00 4.425871220068793299e-01 2.019941869194491479e-01
8.699999999999999289e+00 4.445360584565972162e-01 2.078991062199805895e-01
8.716666666666666785e+00 4.470352578800581567e-01 2.136088753585322353e-01
8.733333333333332504e+00 4.501838824865763700e-01 2.192002712054066382e-01
8.750000000000000000e+00 4.531497486765077576e-01 2.245203625513580159e-01
8.766666666666665719e+00 4.563575935541921424e-01 2.296737251552606607e-01
8.783333333333333215e+00 4.598687445870258683e-01 2.346498345139253205e-01
8.800000000000000711e+00 4.630623900001160087e-01 2.396514219938616630e-01
8.816666666666666430e+00 4.670364914761687691e-01 2.444851022704815635e-01
8.833333333333333925e+00 4.710779887103729857e-01 2.492067442161562119e-01
8.849999999999999645e+00 4.347638989754212258e-01 2.530980759532151514e-01
8.866666666666667140e+00 4.030292855073520086e-01 2.546601903719047377e-01
8.883333333333332860e+00 3.622615348915600997e-01 2.530993345492598134e-01
8.900000000000000355e+00 3.184091930305769647e-01 2.481146503295706962e-01
8.916666666666666075e+00 3.445709027130774427e-01 2.398951890855028635e-01
8.933333333333333570e+00 3.452972602983575001e-01 2.306055652958662050e-01
8.949999999999999289e+00 3.511843148149418892e-01 2.246249667304362763e-01
8.966666666666666785e+00 4.193492386094246349e-01 2.195700290551269862e-01
8.983333333333332504e+00 4.534706229964335367e-01 2.194470666329125519e-01
9.000000000000000000e+00 5.001140845713570871e-01 2.243056490205838915e-01
9.016666666666665719e+00 5.146311010329712721e-01 2.332570387434398651e-01
9.033333333333333215e+00 5.261175460392782943e-01 2.431402041354439880e-01
9.050000000000000711e+00 5.337042199543939880e-01 2.524036915663534497e-01
9.066666666666666430e+00 5.356664455547203163e-01 2.600313157055684776e-01
9.083333333333333925e+00 5.359476057972205609e-01 2.665500437070920103e-01
9.099999999999999645e+00 5.367544765276923702e-01 2.721264528437646879e-01
9.116666666666667140e+00 5.390882654271984542e-01 2.774040630830742482e-01
9.133333333333332860e+00 5.418263017676038240e-01 2.828348663289807496e-01
9.150000000000000355e+00 5.447364029261516638e-01 2.881411533391706747e-01
9.166666666666666075e+00 5.480108254095489295e-01 2.931832422340072686e-01
9.183333333333333570e+00 5.512655570268414351e-01 2.983575356156255021e-01
9.199999999999999289e+00 5.548214865036107390e-01 3.033256056896311836e-01
9.216666666666666785e+00 5.579981813639185440e-01 3.079156413697707317e-01
9.233333333333332504e+00 5.609510083830724358e-01 3.125616859212712595e-01
9.250000000000000000e+00 5.647736567057340951e-01 3.172184119622697973e-01
9.266666666666667496e+00 5.684177962327748856e-01 3.217181407146058048e-01
9.283333333333333215e+00 5.726372960383220301e-01 3.261114333531295872e-01
9.300000000000000711e+00 5.759720597719980573e-01 3.307173760680285901e-01
9.316666666666666430e+00 5.798375424713556603e-01 3.352788907735039792e-01
9.333333333333333925e+00 5.838486304713887964e-01 3.394807624692389725e-01
9.349999999999999645e+00 5.879045376089321318e-01 3.435769522077517513e-01
9.366666666666667140e+00 5.919167633744374379e-01 3.478184551653039636e-01
9.383333333333332860e+00 5.950411025955096855e-01 3.519598883272416212e-01
9.400000000000000355e+00 5.989998004740254567e-01 3.558890732429734194e-01
9.416666666666666075e+00 6.026077579208960477e-01 3.598479215135114706e-01
9.433333333333333570e+00 6.064392206974539290e-01 3.637212558339172896e-01
9.449999999999999289e+00 6.105899393341003289e-01 3.677071031386841549e-01
9.466666666666666785e+00 6.149038501814514390e-01 3.716814533891618089e-01
9.483333333333332504e+00 6.193763143609527511e-01 3.753183689188472894e-01
9.500000000000000000e+00 6.232727941877019839e-01 3.791707980762464847e-01
9.516666666666667496e+00 5.981383461167159021e-01 3.825286734760383611e-01
9.533333333333333215e+00 5.666968195536267183e-01 3.837708550164792842e-01
9.550000000000000711e+00 5.405178987607049956e-01 3.824699585626751830e-01
9.566666666666666430e+00 5.044997441304642782e-01 3.782796715588281899e-01
9.583333333333333925e+00 4.712682200933713261e-01 3.713190852464495761e-01
9.599999999999999645e+00 4.801076574360488292e-01 3.629083553256619021e-01
9.616666666666667140e+00 4.923213657551701039e-01 3.545751683733182613e-01
9.633333333333332860e+00 5.021597310802266012e-01 3.480931978714366104e-01
9.650000000000000355e+00 5.143479034031178676e-01 3.438419590544622984e-01
9.666666666666666075e+00 5.273942605428684205e-01 3.413155513749080439e-01
9.683333333333333570e+00 5.164373960216301906e-01 3.400020885073615773e-01
9.699999999999999289e+00 5.040916449055676818e-01 3.383396031315589192e-01
9.716666666666666785e+00 4.896686892023480175e-01 3.354471473755336053e-01
9.733333333333332504e+00 4.712692694471435906e-01 3.313148693814567114e-01
9.750000000000000000e+00 4.620068814059815621e-01 3.261978049684110537e-01
9.766666666666667496e+00 4.697035126944846262e-01 3.205806058888075460e-01
9.783333333333333215e+00 4.755870412766299293e-01 3.149228596481225551e-01
9.800000000000000711e+00 4.879384233535620785e-01 3.103983684907192231e-01
9.816666666666666430e+00 5.003908747652776601e-01 3.070621826636942830e-01
9.833333333333333925e+00 5.139659369274871548e-01 3.049069994118885907e-01
9.849999999999999645e+00 5.123094245419365089e-01 3.034162963235347288e-01
9.866666666666667140e+00 5.105881574433579484e-01 3.019728811210704023e-01
9.883333333333332860e+00 5.093872511282205862e-01 3.001737565869639357e-01
9.900000000000000355e+00 5.067200378316666365e-01 2.980012969303489911e-01
9.916666666666666075e+00 5.043463834463675077e-01 2.955015933336336276e-01
9.933333333333333570e+00 4.975765045139967646e-01 2.925211274152346164e-01
9.949999999999999289e+00 5.193496645343113061e-01 2.885265179405690494e-01
9.966666666666666785e+00 4.802211943105208491e-01 2.829135765386139312e-01
9.983333333333332504e+00 5.065458779865550376e-01 2.753432388768166095e-01
1.000000000000000000e+01 4.974012034925015535e-01 2.659650143080456441e-01
1.001666666666666750e+01 4.952870248793957986e-01 2.561743342861959039e-01
1.003333333333333321e+01 4.886174916083772524e-01 2.468041821149340731e-01
1.005000000000000071e+01 4.850710451858604721e-01 2.377569844817361555e-01
1.006666666666666643e+01 4.791258058945172538e-01 2.293990783239777675e-01
1.008333333333333393e+01 4.714866952063958006e-01 2.216476073747863096e-01
1.009999999999999964e+01 4.661014505362727767e-01 2.144872770871923406e-01
1.011666666666666714e+01 4.602610248348261712e-01 2.079212841928090860e-01
1.013333333333333286e+01 4.537345438711480883e-01 2.021322644879169628e-01
1.015000000000000036e+01 4.489407000707098527e-01 1.971279114798260568e-01
1.016666666666666607e+01 4.460600208797551591e-01 1.928504545219092425e-01
1.018333333333333357e+01 4.445041175929603239e-01 1.892914631007153459e-01
1.019999999999999929e+01 4.439931789801717654e-01 1.863175157961283190e-01
1.021666666666666679e+01 4.421041468365613514e-01 1.838149312894637177e-01
1.023333333333333250e+01 4.405787728085395760e-01 1.817929010307005877e-01
1.025000000000000000e+01 4.413338029825810693e-01 1.802669945453432843e-01
1.026666666666666750e+01 4.461982654279660898e-01 1.790831079787484070e-01
1.028333333333333321e+01 4.509657171468530734e-01 1.779479335759149294e-01
1.030000000000000071e+01 4.549841878855834243e-01 1.766060506726709056e-01
1.031666666666666643e+01 4.580177690686502712e-01 1.749312502599143504e-01
1.033333333333333393e+01 4.609792290522678471e-01 1.729269586214634558e-01
1.034999999999999964e+01 4.619942292663700711e-01 1.707828254036714011e-01
1.036666666666666714e+01 4.625327512825991305e-01 1.687603248783799414e-01
1.038333333333333286e+01 4.631422202828165968e-01 1.670417485073578678e-01
1.040000000000000036e+01 4.627642676926521648e-01 1.656413621953564952e-01
1.041666666666666607e+01 4.623239303285606727e-01 1.645196066361513942e-01
1.043333333333333357e+01 4.648331834551408526e-01 1.636648651826945189e-01
1.044999999999999929e+01 4.686587401303052292e-01 1.630555901610463987e-01
1.046666666666666679e+01 4.737687423981732371e-01 1.626831161216460708e-01
1.048333333333333250e+01 4.807081717881837024e-01 1.625664465245760804e-01
1.050000000000000000e+01 4.899984289595485376e-01 1.627096021075254695e-01
1.051666666666666750e+01 5.017800929028187751e-01 1.631582777904614923e-01
1.053333333333333321e+01 5.019202000628564253e-01 1.640131161884588740e-01
1.055000000000000071e+01 4.966715024973151205e-01 1.652539212637552934e-01
1.056666666666666643e+01 5.013172249815875947e-01 1.668517075367765279e-01
1.058333333333333393e+01 5.211686274086880788e-01 1.689260619887321679e-01
1.059999999999999964e+01 5.346926731744668926e-01 1.713420809424488489e-01
1.061666666666666714e+01 5.483587202313287001e-01 1.739021662864727591e-01
1.063333333333333286e+01 5.627015441124423312e-01 1.763138374427480615e-01
1.065000000000000036e+01 5.738250510699154372e-01 1.786266073898879481e-01
1.066666666666666607e+01 5.832894659603649057e-01 1.808384099447417903e-01
1.068333333333333357e+01 5.875488836614466415e-01 1.829663475676484574e-01
1.069999999999999929e+01 5.899439693793269157e-01 1.849949417784088612e-01
1.071666666666666679e+01 5.922126192855311499e-01 1.868054291529890054e-01
1.073333333333333250e+01 5.963785728094319616e-01 1.884099763930565108e-01
1.075000000000000000e+01 5.994525686869924819e-01 1.897959534302105511e-01
1.076666666666666750e+01 6.164101916222149979e-01 1.911732773417493259e-01
1.078333333333333321e+01 6.317612131536011200e-01 1.928473746027260516e-01
1.080000000000000071e+01 6.474824649494682616e-01 1.950132380647826291e-01
1.081666666666666643e+01 6.638935199861986103e-01 1.977736863482298657e-01
1.083333333333333393e+01 6.794027936056427075e-01 2.009858466109757380e-01
1.084999999999999964e+01 6.769919745926517018e-01 2.044760649973318689e-01
1.086666666666666714e+01 6.749172913076545433e-01 2.077983288828552655e-01
1.088333333333333286e+01 6.705226588896223694e-01 2.105294131409885250e-01
1.090000000000000036e+01 6.656229331014095196e-01 2.125989795941037042e-01
1.091666666666666607e+01 6.605304017880397893e-01 2.140247931930311931e-01
1.093333333333333357e+01 6.469367708644143677e-01 2.149402843997015311e-01
1.094999999999999929e+01 6.322730744597213626e-01 2.153260016960870937e-01
1.096666666666666679e+01 6.161051745538485003e-01 2.151147470067313605e-01
1.098333333333333250e+01 5.973424197246506306e-01 2.142849581303186146e-01
1.100000000000000000e+01 5.819863547926914515e-01 2.128641139446411090e-01
1.101666666666666750e+01 5.865103595068585918e-01 2.111416417180342342e-01
1.103333333333333321e+01 5.847130526813563156e-01 2.093902384667913064e-01
1.105000000000000071e+01 5.861260164540472717e-01 2.078437506864675710e-01
1.106666666666666643e+01 5.898943143224446573e-01 2.066889645461440217e-01
1.108333333333333393e+01 5.917147943006031419e-01 2.058312104345665083e-01
1.109999999999999964e+01 6.680543226121467004e-01 2.056376075892761279e-01
1.111666666666666714e+01 7.282884227859672821e-01 2.073317125036308883e-01
1.113333333333333286e+01 7.984671350827866609e-01 2.116164111614733112e-01
1.115000000000000036e+01 8.488420532131231155e-01 2.187676031732869175e-01
1.116666666666666607e+01 9.130492556803894155e-01 2.295165644773431990e-01
1.118333333333333357e+01 8.664301700513554749e-01 2.413203806083432101e-01
1.119999999999999929e+01 8.099876040591282855e-01 2.515084822652949859e-01
1.121666666666666679e+01 7.621804078619969225e-01 2.576382016407069986e-01
1.123333333333333250e+01 6.886898415874510571e-01 2.585875271391505636e-01
1.125000000000000000e+01 6.167269553166244700e-01 2.557491301921965277e-01
1.126666666666666750e+01 5.981886231606774462e-01 2.500979593824440572e-01
1.128333333333333321e+01 6.067011680055161005e-01 2.432972901872341998e-01
1.130000000000000071e+01 6.131537927521318876e-01 2.370642002258530057e-01
1.131666666666666643e+01 6.098171458010621659e-01 2.312521707197179033e-01
1.133333333333333393e+01 5.935676328974661686e-01 2.261981479432562947e-01
1.134999999999999964e+01 5.925750456536160726e-01 2.213611168571109622e-01
1.136666666666666714e+01 5.927136602478403349e-01 2.169281089323079337e-01
1.138333333333333286e+01 5.946577593530926187e-01 2.129429472426784820e-01
1.140000000000000036e+01 5.974912711808633148e-01 2.095300162305445968e-01
1.141666666666666607e+01 5.995509050701474107e-01 2.067016252502558715e-01
1.143333333333333357e+01 6.063457717356164345e-01 2.044113388885946125e-01
1.144999999999999929e+01 6.053786845966013797e-01 2.026222986515721913e-01
1.146666666666666679e+01 5.979233188871087012e-01 2.013601805053059635e-01
1.148333333333333250e+01 5.945457949758523597e-01 2.006932025982559320e-01
1.150000000000000000e+01 6.005613896962026521e-01 2.006585814421221747e-01
1.151666666666666750e+01 6.111210018196822080e-01 2.011498943561940700e-01
1.153333333333333321e+01 6.204277074597228658e-01 2.016218284373777203e-01
1.155000000000000071e+01 6.319298083576322389e-01 2.022725224658946941e-01
1.156666666666666643e+01 6.425863854083750937e-01 2.029875179357580328e-01
1.158333333333333393e+01 6.543934806046095565e-01 2.037248873212516020e-01
1.159999999999999964e+01 6.499883319055304032e-01 2.044347140542286667e-01
1.161666666666666714e+01 6.460837497486761061e-01 2.049542145463786880e-01
1.163333333333333286e+01 6.418193952917398137e-01 2.051486671569643094e-01
1.165000000000000036e+01 6.403790286407264887e-01 2.049420558805921666e-01
1.166666666666666607e+01 6.398799919031575856e-01 2.043611951130782367e-01
1.168333333333333357e+01 6.493332704332257510e-01 2.036779869500793261e-01
1.169999999999999929e+01 6.798177911204357216e-01 2.033689796500514069e-01
1.171666666666666679e+01 7.061829609652162665e-01 2.038770011757067013e-01
1.173333333333333250e+01 7.277007054035730116e-01 2.054360819976451813e-01
1.175000000000000000e+01 7.488319595075877411e-01 2.079018158517965398e-01
1.176666666666666750e+01 6.990827424975385451e-01 2.104839711067129360e-01
1.178333333333333321e+01 6.360823660719143735e-01 2.117453210698994615e-01
1.180000000000000071e+01 6.938607144554109762e-01 2.106753854337439502e-01
1.181666666666666643e+01 6.248849615284414183e-01 2.071547793589788578e-01
1.183333333333333393e+01 6.625071843768320923e-01 2.015112545115839149e-01
1.184999999999999964e+01 6.386829253120323013e-01 1.940757134795926819e-01
1.186666666666666714e+01 6.310279049333484824e-01 1.872837947882720622e-01
1.188333333333333286e+01 6.204029680912545031e-01 1.817681570402047142e-01
1.190000000000000036e+01 6.101672299222603568e-01 1.779006846612990189e-01
1.191666666666666607e+01 6.006653688245333633e-01 1.750048076774758932e-01
1.193333333333333357e+01 5.944976715458413219e-01 1.730061048468537199e-01
1.194999999999999929e+01 5.976273493810885240e-01 1.716822756153264795e-01
1.196666666666666679e+01 6.124426708374197670e-01 1.707746293113883984e-01
1.198333333333333250e+01 6.267511303099018161e-01 1.703035684003427475e-01
1.200000000000000000e+01 6.309282524316872642e-01 1.703332069110981284e-01
1.201666666666666750e+01 6.292345442077901252e-01 1.708521188008620684e-01
1.203333333333333321e+01 6.269579719206453960e-01 1.716185167816010326e-01
1.205000000000000071e+01 6.278027084810710035e-01 1.725927823931907024e-01
1.206666666666666643e+01 6.375398612438876178e-01 1.738600358813070512e-01
1.208333333333333393e+01 6.554903733950897537e-01 1.753937718784638888e-01
1.209999999999999964e+01 6.390836837114910463e-01 1.769415324780084786e-01
1.211666666666666714e+01 6.613253592327118513e-01 1.778568447920036710e-01
1.213333333333333286e+01 6.732896202162409471e-01 1.777501653886674193e-01
1.215000000000000036e+01 6.477707099231720944e-01 1.766149510766541753e-01
1.216666666666666607e+01 6.393469916525402752e-01 1.745660888752272877e-01
1.218333333333333357e+01 6.437118686626525088e-01 1.711813646601747507e-01
1.219999999999999929e+01 6.428955619364521423e-01 1.671373462989925174e-01
1.221666666666666679e+01 6.378528813985206991e-01 1.619630648990686150e-01
1.223333333333333250e+01 6.364437237354041432e-01 1.562401653874219420e-01
1.225000000000000000e+01 5.763191240360993062e-01 1.503579643410040134e-01
1.226666666666666750e+01 5.482182454078842193e-01 1.439011090004310434e-01
1.228333333333333321e+01 5.296575430220232805e-01 1.375651970051902928e-01
1.230000000000000071e+01 5.151516321764481043e-01 1.315840373808954411e-01
1.231666666666666643e+01 5.088440887420384584e-01 1.260599138114150974e-01
1.233333333333333393e+01 5.071340194055543593e-01 1.209327321796239418e-01
1.234999999999999964e+01 4.893144448852635997e-01 1.162170538212984466e-01
1.236666666666666714e+01 4.807358484107651098e-01 1.119387217044149480e-01
1.238333333333333286e+01 4.795863992730869940e-01 1.082923364947264849e-01
1.240000000000000036e+01 4.854264024690319035e-01 1.053195903692800417e-01
1.241666666666666607e+01 4.941782522516092735e-01 1.028964767890575144e-01
1.243333333333333357e+01 4.757744062567765275e-01 1.008468074257065639e-01
1.244999999999999929e+01 4.619239485405739476e-01 9.878728924665128308e-02
1.246666666666666679e+01 4.533790108508317096e-01 9.652100935526916614e-02
1.248333333333333250e+01 4.489568950444555173e-01 9.397800430923672343e-02
1.250000000000000000e+01 4.472308409423411124e-01 9.117773878720229763e-02
1.251666666666666750e+01 4.371714665311765557e-01 8.837077562464487612e-02
1.253333333333333321e+01 4.436779009369204441e-01 8.591554930089788378e-02
1.255000000000000071e+01 4.588219691562116509e-01 8.403733029659264664e-02
1.256666666666666643e+01 4.774167499227514599e-01 8.283943840095392419e-02
1.258333333333333393e+01 4.872717025538101376e-01 8.210669754652256958e-02
1.259999999999999964e+01 4.859806832081152161e-01 8.177446996788229061e-02
1.261666666666666714e+01 4.868785867514248689e-01 8.171654009703235855e-02
1.263333333333333286e+01 4.872346219048314109e-01 8.175103222288615523e-02
1.265000000000000036e+01 4.880051173265240738e-01 8.186089527476034244e-02
1.266666666666666607e+01 4.870122576292352790e-01 8.206708918392144336e-02
1.268333333333333357e+01 4.877266835884414009e-01 8.233647560564862078e-02
1.269999999999999929e+01 4.905239154857355399e-01 8.257930815691111315e-02
1.271666666666666679e+01 4.928062425520795542e-01 8.272610511540519351e-02
1.273333333333333250e+01 4.969844547569802762e-01 8.274493390166870466e-02
1.275000000000000000e+01 5.002664619536881796e-01 8.264522324140238796e-02
1.276666666666666750e+01 5.009598935744793424e-01 8.257498087455715507e-02
1.278333333333333321e+01 4.994987765148934389e-01 8.281127107116392772e-02
1.280000000000000071e+01 4.983672540956403663e-01 8.366246602651680742e-02
1.281666666666666643e+01 5.016189428424421282e-01 8.530020170608557106e-02
1.283333333333333393e+01 5.174934976783355234e-01 8.717148054453666139e-02
1.284999999999999964e+01 5.303895693901844455e-01 8.962746260151838174e-02
1.286666666666666714e+01 5.410614192952107881e-01 9.240907006424915748e-02
1.288333333333333286e+01 5.510348647171230407e-01 9.487148437768354314e-02
1.290000000000000036e+01 5.588002121158479607e-01 9.702724248019790887e-02
1.291666666666666607e+01 5.677927173298302765e-01 9.900974026850327403e-02
1.293333333333333357e+01 5.737110769450652903e-01 1.008509963007689775e-01
1.294999999999999929e+01 5.780651274390825600e-01 1.026508566921761761e-01
1.296666666666666679e+01 5.813019098097453874e-01 1.044861428432386358e-01
1.298333333333333250e+01 5.847134559114949282e-01 1.062884428026227013e-01
1.300000000000000000e+01 5.864341464968576556e-01 1.080856388591120293e-01
1.301666666666666750e+01 5.829789867935510905e-01 1.099433197147346997e-01
1.303333333333333321e+01 5.992150708095458356e-01 1.120767251264629116e-01
1.304999999999999716e+01 6.265708814893612422e-01 1.145862874743943660e-01
1.306666666666666643e+01 6.547100281846875980e-01 1.175033747447220556e-01
1.308333333333333393e+01 6.805623151781684532e-01 1.208746977934867933e-01
1.309999999999999964e+01 6.859247691345243814e-01 1.244956627769386454e-01
1.311666666666666714e+01 6.929845511134740121e-01 1.280372728737021182e-01
1.313333333333333286e+01 7.004940863152447905e-01 1.312877232830720609e-01
1.315000000000000036e+01 7.049977236475412079e-01 1.341752814831626561e-01
1.316666666666666607e+01 7.089479101502329517e-01 1.366392775836088591e-01
1.318333333333333357e+01 7.139548876107699726e-01 1.388870050854565941e-01
1.319999999999999929e+01 7.144367783769989266e-01 1.410172394427257336e-01
1.321666666666666679e+01 7.135008098534424414e-01 1.429978311434954574e-01
1.323333333333333250e+01 7.135854770307533679e-01 1.448533201915313540e-01
1.325000000000000000e+01 7.149582624394622554e-01 1.465679596156158615e-01
1.326666666666666750e+01 7.035878946378674170e-01 1.480849595157178733e-01
1.328333333333333321e+01 6.874929621142868985e-01 1.491808962461998456e-01
1.329999999999999716e+01 6.719908646304693089e-01 1.497483042097220163e-01
1.331666666666666643e+01 6.669021915822497260e-01 1.497531176469223124e-01
1.333333333333333393e+01 6.740619797351024012e-01 1.492292573347341611e-01
1.334999999999999964e+01 6.777867510859397759e-01 1.483217748415194270e-01
1.336666666666666714e+01 6.796772320303586801e-01 1.472065908614585139e-01
1.338333333333333286e+01 6.806725031903181344e-01 1.460143799718852942e-01
1.340000000000000036e+01 6.746821166902595701e-01 1.447608628157125432e-01
1.341666666666666607e+01 6.653259056444835728e-01 1.434471523353461342e-01
1.343333333333333357e+01 6.637524339241980265e-01 1.421145572194826845e-01
1.344999999999999929e+01 6.618330635481514124e-01 1.408470628745952247e-01
1.346666666666666679e+01 6.595752370972011169e-01 1.396546234980795276e-01
1.348333333333333250e+01 6.586327757309600184e-01 1.386345285668988125e-01
1.350000000000000000e+01 6.585245384918612110e-01 1.377771528728379824e-01
1.351666666666666750e+01 6.771798864852089928e-01 1.372040230381144366e-01
1.353333333333333321e+01 6.555055648580572214e-01 1.372183302617591416e-01
1.354999999999999716e+01 6.633473361526079914e-01 1.381281493058489629e-01
1.356666666666666643e+01 7.162660843773702712e-01 1.401300026560172440e-01
1.358333333333333393e+01 7.501930537890346695e-01 1.432779021854466983e-01
1.359999999999999964e+01 7.657399500657136038e-01 1.472494975385523763e-01
1.361666666666666714e+01 7.814179890370518411e-01 1.513055266488355921e-01
1.363333333333333286e+01 7.996055660377727747e-01 1.553469805843768481e-01
1.365000000000000036e+01 8.164197740088598998e-01 1.591642870532948839e-01
1.366666666666666607e+01 8.331229724277321447e-01 1.629419759323910699e-01
1.368333333333333357e+01 8.349123485388726396e-01 1.666041561678494043e-01
1.369999999999999929e+01 8.317869181432941961e-01 1.700205682997361634e-01
1.371666666666666679e+01 8.307149071737031099e-01 1.731347138296080446e-01
1.373333333333333250e+01 8.289570783184536662e-01 1.757715917438139042e-01
1.375000000000000000e+01 8.246772977737016896e-01 1.780572528199006188e-01
1.376666666666666750e+01 8.686814275120482431e-01 1.804030627790713659e-01
1.378333333333333321e+01 9.193183438790094586e-01 1.837763744080725681e-01
1.379999999999999716e+01 9.522664420613887737e-01 1.887070079110296228e-01
1.381666666666666643e+01 1.010318359277280198e+00 1.955695460558680432e-01
1.383333333333333393e+01 1.047658518265729644e+00 2.043250227336079750e-01
1.384999999999999964e+01 1.054682934184840715e+00 2.143915351740679764e-01
1.386666666666666714e+01 1.054740181558511125e+00 2.242796013318478776e-01
1.388333333333333286e+01 1.057415784490415511e+00 2.336708250416745791e-01
1.390000000000000036e+01 1.056683661204621316e+00 2.418698576346763607e-01
1.391666666666666607e+01 1.053716487586168649e+00 2.489587426120983826e-01
1.393333333333333357e+01 1.050783219125841050e+00 2.556779121836690871e-01
1.394999999999999929e+01 1.050447960464328201e+00 2.619848793973881262e-01
1.396666666666666679e+01 1.049232322099050041e+00 2.683340502353861456e-01
1.398333333333333250e+01 1.048964550328937984e+00 2.742651262004066615e-01
1.400000000000000000e+01 1.049437518657109658e+00 2.799437017003212902e-01
1.401666666666666750e+01 1.049017259815658853e+00 2.856746474563138238e-01
1.403333333333333321e+01 1.049139288665797531e+00 2.912295796216115007e-01
1.404999999999999716e+01 1.049988606326686780e+00 2.965983174124220967e-01
1.406666666666666643e+01 1.051332931343158528e+00 3.018033787448816674e-01
1.408333333333333393e+01 1.051599387842125033e+00 3.069282281138933643e-01
1.409999999999999964e+01 1.023397014054728604e+00 3.114220359511680192e-01
1.411666666666666714e+01 9.843217976669684788e-01 3.147340064046981190e-01
1.413333333333333286e+01 9.456031023131196145e-01 3.163926802587287423e-01
1.415000000000000036e+01 9.240963164167982358e-01 3.160400868169221944e-01
1.416666666666666607e+01 8.762649302331568801e-01 3.138416078958385924e-01
1.418333333333333357e+01 8.744279320886718665e-01 3.104650274280548183e-01
1.419999999999999929e+01 8.662804632723813958e-01 3.068220993421066911e-01
1.421666666666666679e+01 8.611871300373048488e-01 3.035943017894746632e-01
1.423333333333333250e+01 8.572520004525633341e-01 3.010065033179069593e-01
1.425000000000000000e+01 8.573065676204715269e-01 2.990298786280584098e-01
1.426666666666666750e+01 8.480122904164867359e-01 2.972266507985670825e-01
1.428333333333333321e+01 8.341229982020710310e-01 2.952231320676307336e-01
1.429999999999999716e+01 8.230956715271213753e-01 2.929171088698044878e-01
1.431666666666666643e+01 8.116551385556624032e-01 2.902622017743669014e-01
1.433333333333333393e+01 8.005571071018223739e-01 2.872858317173498932e-01
1.434999999999999964e+01 8.355283939784430292e-01 2.844231034782934708e-01
1.436666666666666714e+01 8.680492028962448758e-01 2.823356182362262712e-01
1.438333333333333286e+01 8.997999256782245325e-01 2.817191709489186291e-01
1.440000000000000036e+01 9.321476426601361664e-01 2.835341259739008191e-01
1.441666666666666607e+01 9.717399095931866793e-01 2.864336376479719726e-01
1.443333333333333357e+01 9.686901247003804061e-01 2.901844050588940904e-01
1.444999999999999929e+01 9.655494265527749809e-01 2.944516434499389601e-01
1.446666666666666679e+01 9.616395163603354002e-01 2.977502349434573703e-01
1.448333333333333250e+01 9.569140644919889027e-01 2.999822085094749902e-01
1.450000000000000000e+01 9.493043349657445118e-01 3.014252554636437931e-01
1.451666666666666750e+01 9.339059223057558645e-01 3.021609082221125009e-01
1.453333333333333321e+01 9.189667333032419672e-01 3.024239069651817879e-01
1.454999999999999716e+01 9.037487008162542468e-01 3.021283478453196669e-01
1.456666666666666643e+01 8.893018909491723356e-01 3.012087220697965972e-01
1.458333333333333393e+01 8.738267883356675148e-01 2.996663616591671020e-01
1.459999999999999964e+01 8.801406254991197553e-01 2.978132584000399707e-01
1.461666666666666714e+01 8.885100040311422198e-01 2.961714107566965626e-01
1.463333333333333286e+01 8.964193425459794362e-01 2.950611930653104231e-01
1.465000000000000036e+01 9.021184238824466739e-01 2.946378586559593726e-01
1.466666666666666607e+01 9.098558205378857178e-01 2.947889396809072471e-01
1.468333333333333357e+01 8.492765546938264576e-01 2.947099925450149538e-01
1.469999999999999929e+01 7.684254444202243128e-01 2.931411371639269792e-01
1.471666666666666679e+01 7.967048731238263182e-01 2.893526270327351768e-01
1.473333333333333250e+01 7.453098130369439911e-01 2.829926973705974014e-01
1.475000000000000000e+01 7.754122448900183651e-01 2.733334780194930924e-01
1.476666666666666750e+01 7.407056001892885488e-01 2.622139926401848564e-01
1.478333333333333321e+01 7.307948862475666107e-01 2.534726304100841654e-01
1.479999999999999716e+01 7.690696171370242640e-01 2.474038574775878074e-01
1.481666666666666643e+01 7.148846896841996035e-01 2.441502704641197175e-01
1.483333333333333393e+01 8.003338484318290869e-01 2.440325381142047223e-01
1.484999999999999964e+01 7.678032259821712113e-01 2.457785337889202837e-01
1.486666666666666714e+01 7.536769097805920969e-01 2.471231761722027243e-01
1.488333333333333286e+01 7.537173293717130962e-01 2.476220987717046018e-01
1.490000000000000036e+01 7.739185148521664503e-01 2.464946356718303866e-01
1.491666666666666607e+01 7.890278886057608965e-01 2.441094996088583047e-01
1.493333333333333357e+01 7.815727918413246655e-01 2.407905985510530034e-01
1.494999999999999929e+01 7.823864944462380899e-01 2.372829830841248488e-01
1.496666666666666679e+01 7.773248521889059015e-01 2.342026837802339556e-01
1.498333333333333250e+01 7.695212679011690371e-01 2.317974223303516379e-01
1.500000000000000000e+01 7.641917623543322824e-01 2.299904084151371542e-01
1.501666666666666750e+01 7.698605725204669126e-01 2.284782999423866923e-01
1.503333333333333321e+01 7.741615243849324646e-01 2.269677115246217791e-01
1.504999999999999716e+01 7.751818851401235388e-01 2.253053563028726003e-01
1.506666666666666643e+01 7.755293985290068193e-01 2.234655379061454561e-01
1.508333333333333393e+01 7.773782987283800461e-01 2.214600248653178505e-01
1.509999999999999964e+01 7.758678485700062355e-01 2.193652835557541037e-01
1.511666666666666714e+01 7.698610591069630082e-01 2.173047750733193839e-01
1.513333333333333286e+01 7.668780943253090676e-01 2.154064222697828490e-01
1.515000000000000036e+01 7.692475799447997531e-01 2.136829489524856018e-01
1.516666666666666607e+01 7.723819507304903187e-01 2.121014649891329040e-01
1.518333333333333357e+01 7.690569168901049135e-01 2.106112228611731474e-01
1.519999999999999929e+01 7.684431331863759151e-01 2.091557608471597551e-01
1.521666666666666679e+01 7.697224744236891292e-01 2.076987124086151215e-01
1.523333333333333250e+01 7.684818626328664415e-01 2.062323853117100370e-01
1.525000000000000000e+01 7.674580716339990394e-01 2.047630958873094542e-01
1.526666666666666750e+01 7.553107942406636077e-01 2.031812739321613714e-01
1.528333333333333321e+01 7.352474674619208228e-01 2.012363275635307425e-01
1.529999999999999716e+01 7.339401454548852843e-01 1.986828843580202841e-01
1.531666666666666643e+01 7.373551826516084873e-01 1.954557520149915462e-01
1.533333333333333393e+01 7.369877049292297144e-01 1.916057479339640102e-01
1.534999999999999964e+01 7.302136888457657626e-01 1.872587246252693238e-01
1.536666666666666714e+01 7.248125893640163797e-01 1.829135889005430449e-01
1.538333333333333286e+01 7.186765696804322534e-01 1.789451346159840472e-01
1.540000000000000036e+01 7.123253874213664183e-01 1.751867356734073677e-01
1.541666666666666607e+01 7.066149278695615932e-01 1.716298464717902483e-01
1.543333333333333357e+01 6.991624324274421376e-01 1.683907036591071882e-01
1.544999999999999929e+01 6.940810708605972268e-01 1.654872041590271237e-01
1.546666666666666679e+01 6.896715631215990516e-01 1.630275741269585910e-01
1.548333333333333250e+01 6.846266193170162939e-01 1.611314937258158386e-01
1.550000000000000000e+01 6.803501784599554902e-01 1.597254050363371702e-01
1.551666666666666750e+01 6.755084780413851409e-01 1.588547005171105364e-01
1.553333333333333321e+01 7.044857816076874890e-01 1.587260109386582352e-01
1.554999999999999716e+01 7.099672819883715569e-01 1.595424836468544716e-01
1.556666666666666643e+01 6.896609905909261151e-01 1.615374117973655821e-01
1.558333333333333393e+01 7.469770453393550502e-01 1.640284277579630579e-01
1.559999999999999964e+01 7.617164049362452616e-01 1.674170559419314031e-01
1.561666666666666714e+01 7.795647494875752592e-01 1.711289359693456968e-01
1.563333333333333286e+01 7.947265425912304337e-01 1.745147269778992982e-01
1.565000000000000036e+01 8.107420200618598027e-01 1.775717334566230265e-01
1.566666666666666607e+01 8.244760307688433487e-01 1.802395771995295715e-01
1.568333333333333357e+01 8.164076238954055542e-01 1.826144270454626017e-01
1.569999999999999929e+01 8.035149173637347042e-01 1.845647563998060181e-01
1.571666666666666679e+01 7.905083373135974867e-01 1.859198204503074159e-01
1.573333333333333250e+01 7.772005541119642036e-01 1.866123581357743422e-01
1.575000000000000000e+01 7.675890996428285096e-01 1.866284609216176393e-01
1.576666666666666750e+01 7.662466810533523631e-01 1.861347254008538787e-01
1.578333333333333321e+01 7.735658397378026851e-01 1.853434513481616308e-01
1.579999999999999716e+01 7.824050222520007036e-01 1.842989243772148455e-01
1.581666666666666643e+01 7.853985408354932085e-01 1.830037840397042703e-01
1.583333333333333393e+01 7.819616887427071061e-01 1.813658785700011378e-01
1.584999999999999964e+01 7.783502179834624890e-01 1.797030253060849514e-01
1.586666666666666714e+01 7.523131613218908553e-01 1.785676400441383871e-01
1.588333333333333286e+01 7.779790247381013213e-01 1.783989169305380540e-01
1.590000000000000036e+01 8.161739003214939503e-01 1.794544787417318710e-01
1.591666666666666607e+01 8.466172126271271914e-01 1.816525063197940437e-01
1.593333333333333357e+01 8.388647570932471487e-01 1.846068693147995543e-01
1.594999999999999929e+01 8.326153690716586731e-01 1.872304775947936373e-01
1.596666666666666679e+01 8.200050696767549052e-01 1.891462945455865408e-01
1.598333333333333250e+01 8.060665710802326078e-01 1.900488818420059400e-01
1.600000000000000000e+01 7.956530930625203002e-01 1.902536227332044805e-01
1.601666666666666572e+01 7.937036310915340787e-01 1.899672007805331408e-01
1.603333333333333144e+01 7.923473137385111942e-01 1.894908487982487622e-01
1.605000000000000071e+01 7.917558504191894997e-01 1.890685991064351146e-01
1.606666666666666643e+01 7.921109492951813325e-01 1.887664782389186779e-01
1.608333333333333215e+01 7.947359265698763497e-01 1.885694605610774288e-01
1.610000000000000142e+01 8.038727109093918299e-01 1.884941475347056139e-01
1.611666666666666714e+01 8.121628638673036304e-01 1.885458709790509002e-01
1.613333333333333286e+01 8.238006043983142623e-01 1.888671874767442471e-01
1.614999999999999858e+01 8.359944553070525197e-01 1.895240281580237718e-01
1.616666666666666785e+01 8.466438696351089588e-01 1.904577779233929957e-01
1.618333333333333357e+01 8.608185696195600478e-01 1.916708359560328478e-01
1.619999999999999929e+01 8.776461889399644889e-01 1.930693131697326093e-01
1.621666666666666501e+01 8.900993207404768182e-01 1.946328293810901666e-01
1.623333333333333428e+01 9.023305417819549312e-01 1.963943568473335566e-01
1.625000000000000000e+01 9.137834937020445913e-01 1.983149481586714280e-01
1.626666666666666572e+01 9.423885692247958579e-01 2.005509566165578073e-01
1.628333333333333144e+01 9.710458913267184800e-01 2.032928979518906498e-01
1.630000000000000071e+01 9.991878350263809772e-01 2.067807326098554388e-01
1.631666666666666643e+01 1.028651902244225314e+00 2.110514029782274703e-01
1.633333333333333215e+01 1.057591373192142248e+00 2.160733442232216639e-01
1.635000000000000142e+01 1.058580162820113912e+00 2.216831772985225490e-01
1.636666666666666714e+01 1.063184800096040439e+00 2.270268149236580324e-01
1.638333333333333286e+01 1.060956184277776382e+00 2.321066587636892720e-01
1.639999999999999858e+01 1.061050963351404253e+00 2.365975581834498243e-01
1.641666666666666785e+01 1.061294668133900609e+00 2.402992886529265182e-01
1.643333333333333357e+01 1.057846435737771262e+00 2.436921460070368139e-01
1.644999999999999929e+01 1.055773654575293818e+00 2.468837650217135249e-01
1.646666666666666501e+01 1.054240820031042025e+00 2.499938381597573700e-01
1.648333333333333428e+01 1.052415770163448894e+00 2.528699479713948373e-01
1.650000000000000000e+01 1.050807244425968845e+00 2.555734671216608467e-01
1.651666666666666572e+01 1.046113638087581066e+00 2.581869367437998886e-01
1.653333333333333144e+01 1.042890185490107147e+00 2.606365402100360718e-01
1.655000000000000071e+01 1.039216747125139895e+00 2.628444594752645802e-01
1.656666666666666643e+01 1.035063960752055756e+00 2.648052702592300078e-01
1.658333333333333215e+01 1.031255571196568299e+00 2.666252304870592726e-01
1.660000000000000142e+01 1.029478463133574495e+00 2.682990115568908984e-01
1.661666666666666714e+01 1.028461987061599414e+00 2.698269461334401598e-01
1.663333333333333286e+01 1.026676834959107554e+00 2.713665988360462467e-01
1.664999999999999858e+01 1.026018809023316658e+00 2.729052132461353697e-01
1.666666666666666785e+01 1.024359776256130505e+00 2.743006983780181818e-01
1.668333333333333357e+01 1.022346804120488173e+00 2.756957895412506798e-01
1.669999999999999929e+01 1.022600354101472986e+00 2.770481796936780094e-01
1.671666666666666501e+01 1.020991689305136507e+00 2.783124995072535635e-01
1.673333333333333428e+01 1.018954391159649919e+00 2.795400199666397967e-01
1.675000000000000000e+01 1.019072749884134099e+00 2.807528369358107678e-01
1.676666666666666572e+01 9.690757863922209170e-01 2.815207807691502140e-01
1.678333333333333144e+01 9.196421136550455566e-01 2.810711946614239398e-01
1.680000000000000071e+01 8.648571257924128064e-01 2.789185355871666716e-01
1.681666666666666643e+01 8.091408566958718795e-01 2.751480449926515526e-01
1.683333333333333215e+01 8.637275627214501261e-01 2.696447855160330476e-01
1.685000000000000142e+01 8.311191175758865235e-01 2.630255342309477662e-01
1.686666666666666714e+01 8.362093752974196770e-01 2.560814953056244070e-01
1.688333333333333286e+01 8.269477610364951436e-01 2.502039385630200896e-01
1.689999999999999858e+01 8.248579712485345494e-01 2.453126211930022338e-01
1.691666666666666785e+01 8.192712625343308019e-01 2.415330018831583492e-01
1.693333333333333357e+01 8.172083256571072152e-01 2.382198492410846913e-01
1.694999999999999929e+01 8.059378916002664095e-01 2.349991634838168031e-01
1.696666666666666501e+01 7.941473038819660824e-01 2.315441338074253619e-01
1.698333333333333428e+01 7.826641633151077970e-01 2.277359703748340625e-01
1.700000000000000000e+01 7.774883304120471239e-01 2.236950558519947563e-01
1.701666666666666572e+01 7.793840125937708807e-01 2.196814918554209906e-01
1.703333333333333144e+01 7.915065183440376240e-01 2.160706564978070454e-01
1.705000000000000071e+01 8.011956278176752821e-01 2.132618380874338193e-01
1.706666666666666643e+01 8.032179640660430664e-01 2.113849684851653588e-01
1.708333333333333215e+01 7.918500108480601707e-01 2.103675011525986682e-01
1.710000000000000142e+01 7.754086313857720958e-01 2.101332074812816697e-01
1.711666666666666714e+01 8.195262741932890505e-01 2.108240876253369422e-01
1.713333333333333286e+01 8.667410516257865183e-01 2.123203486148099450e-01
1.714999999999999858e+01 9.047100973170083549e-01 2.146794447888672186e-01
1.716666666666666785e+01 9.421797182194182607e-01 2.180930944685889883e-01
1.718333333333333357e+01 9.105775842494195915e-01 2.218298480180494747e-01
1.719999999999999929e+01 8.806080492680865568e-01 2.248290126213300377e-01
1.721666666666666501e+01 8.340814625066821364e-01 2.260886692268980480e-01
1.723333333333333428e+01 8.178706553535394219e-01 2.252626720507061031e-01
1.725000000000000000e+01 8.577177699550809775e-01 2.228891940978527386e-01
1.726666666666666572e+01 8.198325649461452036e-01 2.193685556571854933e-01
1.728333333333333144e+01 8.086157722593302344e-01 2.147547835006959061e-01
1.730000000000000071e+01 7.923368412844786768e-01 2.102019684564765956e-01
1.731666666666666643e+01 7.877348690751386773e-01 2.056652439690992151e-01
1.733333333333333215e+01 7.841372256179122147e-01 2.011389373107702327e-01
1.735000000000000142e+01 7.853131223110232373e-01 1.964499452184047812e-01
1.736666666666666714e+01 7.792790130714273289e-01 1.913137291649035232e-01
1.738333333333333286e+01 7.702999256708314979e-01 1.858291672602050415e-01
1.739999999999999858e+01 7.649899753600173380e-01 1.799568715888110737e-01
1.741666666666666785e+01 7.445034495675371122e-01 1.737524764390462884e-01
1.743333333333333357e+01 7.339162728922341561e-01 1.679011768748400191e-01
1.744999999999999929e+01 7.116785790028559155e-01 1.639878111209511768e-01
1.746666666666666501e+01 7.160352265349201328e-01 1.619114930894046955e-01
1.748333333333333428e+01 7.216024503100016974e-01 1.629161925232598396e-01
1.750000000000000000e+01 8.156307417984067776e-01 1.669173041721333239e-01
1.751666666666666572e+01 7.015866934639245489e-01 1.711320091960360223e-01
1.753333333333333144e+01 7.572399263995953644e-01 1.742633248899760623e-01
1.755000000000000071e+01 7.611821789645962788e-01 1.736723337320309757e-01
1.756666666666666643e+01 6.702538509102132780e-01 1.684618097009586146e-01
1.758333333333333215e+01 5.979403622116176154e-01 1.591965037066383759e-01
1.760000000000000142e+01 5.852279775719932964e-01 1.486746834972569875e-01
1.761666666666666714e+01 5.736099343553078267e-01 1.375926237381579487e-01
1.763333333333333286e+01 5.560835245972913787e-01 1.283581190235215108e-01
1.764999999999999858e+01 5.441674964479601417e-01 1.209731946602998764e-01
1.766666666666666785e+01 5.274507841758027116e-01 1.147761265286497689e-01
1.768333333333333357e+01 5.144628149005541218e-01 1.094012793426433761e-01
1.769999999999999929e+01 5.004716832584664710e-01 1.046401525705917129e-01
1.771666666666666501e+01 4.896490238996038524e-01 1.001655834887821145e-01
1.773333333333333428e+01 4.792660143023215191e-01 9.604957633545754825e-02
1.775000000000000000e+01 4.685812311858316148e-01 9.222585536680706630e-02
1.776666666666666572e+01 4.577372344606565613e-01 8.871128430015869093e-02
1.778333333333333144e+01 4.533720308377829911e-01 8.530538321961887716e-02
1.780000000000000071e+01 4.311227611594973808e-01 8.200511230562759768e-02
1.781666666666666643e+01 3.705632965340461826e-01 7.870392442071744155e-02
1.783333333333333215e+01 3.781118201667129086e-01 7.548618984954577615e-02
1.785000000000000142e+01 3.652356886394252378e-01 7.231397438295392166e-02
1.786666666666666714e+01 3.615698227103197882e-01 6.930091473330766971e-02
1.788333333333333286e+01 3.533964031408529105e-01 6.643559264555302935e-02
1.789999999999999858e+01 3.480300671933508894e-01 6.378700328169532863e-02
1.791666666666666785e+01 3.412993297963466954e-01 6.129338009456711950e-02
1.793333333333333357e+01 3.358151297105258504e-01 5.895675571819174177e-02
1.794999999999999929e+01 3.309152275584256175e-01 5.671698503589122503e-02
1.796666666666666501e+01 3.261645755464776530e-01 5.461193183005271651e-02
1.798333333333333428e+01 3.215782661237920337e-01 5.258801565363831199e-02
1.800000000000000000e+01 3.170769177596917121e-01 5.067776424894171461e-02
1.801666666666666572e+01 3.774441117056583916e-01 4.900184666716995985e-02
1.803333333333333144e+01 3.749962612785699423e-01 4.786422492274601537e-02
1.805000000000000071e+01 3.688791757659460879e-01 4.749263551672547323e-02
1.806666666666666643e+01 4.010851512388169393e-01 4.796274516692764639e-02
1.808333333333333215e+01 4.239804176739520591e-01 4.922950478160040971e-02
1.810000000000000142e+01 4.072375371428729740e-01 5.118026727067014753e-02
1.811666666666666714e+01 4.128010619380633739e-01 5.361799997738832951e-02
1.813333333333333286e+01 4.096960977940597437e-01 5.638052210375984336e-02
1.814999999999999858e+01 4.159392999566439153e-01 5.980014296381917088e-02
1.816666666666666785e+01 4.447960891591601351e-01 6.370047355965460789e-02
1.818333333333333357e+01 4.550547094683162763e-01 6.775161361713107067e-02
1.819999999999999929e+01 4.688189585647468682e-01 7.169380661871610494e-02
1.821666666666666501e+01 4.788756577227136768e-01 7.502970534493898225e-02
1.823333333333333428e+01 4.895818981549474036e-01 7.774545538888011365e-02
1.825000000000000000e+01 4.986239866529392217e-01 7.985451006566052223e-02
1.826666666666666572e+01 5.048671776696794788e-01 8.150574579852699897e-02
1.828333333333333499e+01 5.116656831574922792e-01 8.298238887957888610e-02
1.830000000000000071e+01 5.162955631371052290e-01 8.432559046515175627e-02
1.831666666666666643e+01 5.222825687298769948e-01 8.549920563190001321e-02
1.833333333333333215e+01 5.281568827356698526e-01 8.646457368108681485e-02
1.835000000000000142e+01 5.307046513485065287e-01 8.729732163659256750e-02
1.836666666666666714e+01 5.346105119352221324e-01 8.801803054306900354e-02
1.838333333333333286e+01 5.396804730630692104e-01 8.858722022490436721e-02
1.839999999999999858e+01 5.443173333198441100e-01 8.904011363897550158e-02
1.841666666666666785e+01 5.491457989434332942e-01 8.940561560374889194e-02
1.843333333333333357e+01 5.539732860600264930e-01 8.967316472217271017e-02
1.844999999999999929e+01 5.588717580630664372e-01 8.983714084314445292e-02
1.846666666666666501e+01 5.635167551606182768e-01 8.990723903797841199e-02
1.848333333333333428e+01 5.657619243629488093e-01 8.989521710801860743e-02
1.850000000000000000e+01 5.687579116303785876e-01 8.980014173125328014e-02
1.851666666666666572e+01 5.703478674388053893e-01 8.962223888950281159e-02
1.853333333333333499e+01 5.718716260699242548e-01 8.937079205652755098e-02
1.855000000000000071e+01 5.741801463074150957e-01 8.905466728359742734e-02
1.856666666666666643e+01 5.748696207410526338e-01 8.866339427516981009e-02
1.858333333333333215e+01 5.757279586635247748e-01 8.818455423631386958e-02
1.860000000000000142e+01 5.763151037145984867e-01 8.762850521630052847e-02
1.861666666666666714e+01 5.760397403029600127e-01 8.702004116232719966e-02
1.863333333333333286e+01 5.756592143521218619e-01 8.635641612785634191e-02
1.864999999999999858e+01 5.745240934398232469e-01 8.565101914914793890e-02
1.866666666666666785e+01 5.734901050504402908e-01 8.489926617142248833e-02
1.868333333333333357e+01 5.718287746690761120e-01 8.410768060978990324e-02
1.869999999999999929e+01 5.703021371508404380e-01 8.327359060121801437e-02
1.871666666666666501e+01 5.672811315774343166e-01 8.240008430120233929e-02
1.873333333333333428e+01 5.656978494036428717e-01 8.149330307124734440e-02
1.875000000000000000e+01 5.631577567403891482e-01 8.055206090321287427e-02
1.876666666666666572e+01 5.616132151205265322e-01 7.957953137800104215e-02
1.878333333333333499e+01 5.596305915962658251e-01 7.857820320505568001e-02
1.880000000000000071e+01 5.566648646653217236e-01 7.755021158303117279e-02
1.881666666666666643e+01 5.539600546355517574e-01 7.648982127790114605e-02
1.883333333333333215e+01 5.504028827303972804e-01 7.539296106264870012e-02
1.885000000000000142e+01 5.465097999436512310e-01 7.426976513537109081e-02
1.886666666666666714e+01 5.434290229545153394e-01 7.312124495285997339e-02
1.888333333333333286e+01 5.380789537739429917e-01 7.194260123406161223e-02
1.889999999999999858e+01 5.293226465927859392e-01 7.073487778934450798e-02
1.891666666666666785e+01 5.200489068806700699e-01 6.950085257465331290e-02
1.893333333333333357e+01 5.121769148399180072e-01 6.824445592349441536e-02
1.894999999999999929e+01 5.037454902486094843e-01 6.696584532449031957e-02
1.896666666666666501e+01 4.933957160686254784e-01 6.567953886336112823e-02
1.898333333333333428e+01 4.825333553469330350e-01 6.437739060532542135e-02
1.900000000000000000e+01 4.722240886957970174e-01 6.305421613137233983e-02
1.901666666666666572e+01 4.609068414570687278e-01 6.171852604805217607e-02
1.903333333333333499e+01 4.516176546845813156e-01 6.036575571431076342e-02
1.905000000000000071e+01 4.426951159506957723e-01 5.899309941979617028e-02
1.906666666666666643e+01 4.353134766545677659e-01 5.760905756083219142e-02
1.908333333333333215e+01 4.280073666162848567e-01 5.620962768797226755e-02
1.910000000000000142e+01 4.223125097971042741e-01 5.480287267815010799e-02
1.911666666666666714e+01 4.183667465254262141e-01 5.340337026222544831e-02
1.913333333333333286e+01 4.153689048761741720e-01 5.200944541133992183e-02
1.914999999999999858e+01 4.128231081798331981e-01 5.061592942725987032e-02
1.916666666666666785e+01 4.118994400362424591e-01 4.922307437097703242e-02
1.918333333333333357e+01 4.098279630368629189e-01 4.782968398446589553e-02
1.919999999999999929e+01 4.033703140928929232e-01 4.644237560466894094e-02
1.921666666666666501e+01 3.932091769242175849e-01 4.506356601938463907e-02
1.923333333333333428e+01 3.779924666948288881e-01 4.369038393109117568e-02
1.925000000000000000e+01 3.672353030781720373e-01 4.232761917445614086e-02
1.926666666666666572e+01 3.644145608819824855e-01 4.097448609539859621e-02
1.928333333333333499e+01 3.529772960038590757e-01 3.963419147939062359e-02
1.930000000000000071e+01 3.339402188716421027e-01 3.830817945843928429e-02
1.931666666666666643e+01 3.249862607782985080e-01 3.699683719285289107e-02
1.933333333333333215e+01 3.252392296983844799e-01 3.569577290527804064e-02
1.935000000000000142e+01 3.201033999958347587e-01 3.441606718725075814e-02
1.936666666666666714e+01 3.133625084358557800e-01 3.311978327399411892e-02
1.938333333333333286e+01 3.039193413928352183e-01 3.178297825555968792e-02
1.939999999999999858e+01 2.547757014070765602e-01 3.042600594413116463e-02
1.941666666666666785e+01 2.610127547430181050e-01 2.904598497347620281e-02
1.943333333333333357e+01 2.513548026119237777e-01 2.766231091619913290e-02
1.944999999999999929e+01 2.478039365316876130e-01 2.634878319143855660e-02
1.946666666666666501e+01 2.419451694952256815e-01 2.514213146811091620e-02
1.948333333333333428e+01 2.377529002285171111e-01 2.405569476792817837e-02
1.950000000000000000e+01 2.328714974883862310e-01 2.307062064290947567e-02
1.951666666666666572e+01 2.285606297278423293e-01 2.215844200154120508e-02
1.953333333333333499e+01 2.240377655496217646e-01 2.129995634822543990e-02
1.955000000000000071e+01 2.196150449691948725e-01 2.049191879170230574e-02
1.956666666666666643e+01 2.150872307975575104e-01 1.971448151240705673e-02
1.958333333333333215e+01 2.102996338242518748e-01 1.896739659685588858e-02
1.960000000000000142e+01 2.054286064728289840e-01 1.827614468520038712e-02
1.961666666666666714e+01 2.005597283740087611e-01 1.760991049271197831e-02
1.963333333333333286e+01 1.956239490777787193e-01 1.695869447007162037e-02
1.964999999999999858e+01 1.908052128384528368e-01 1.634856230943870087e-02
1.966666666666666785e+01 1.860370262837865163e-01 1.577127591255989003e-02
1.968333333333333357e+01 1.812584051525096551e-01 1.521275276221441264e-02
1.969999999999999929e+01 1.763770978329773920e-01 1.467697476131588769e-02
1.971666666666666501e+01 1.714179756960811651e-01 1.415228345004927724e-02
1.973333333333333428e+01 1.666875835473382028e-01 1.365181104495019962e-02
1.975000000000000000e+01 1.620169427234513515e-01 1.319090210390969423e-02
1.976666666666666572e+01 1.576659492996434486e-01 1.273252429366335259e-02
1.978333333333333499e+01 1.535851618192547730e-01 1.228203689074370587e-02
1.980000000000000071e+01 1.495246558967723016e-01 1.184929411505615017e-02
1.981666666666666643e+01 1.449348017118526899e-01 1.144656096494015701e-02
1.983333333333333215e+01 1.406324185103248192e-01 1.106037009445040228e-02
1.985000000000000142e+01 1.366201019386605875e-01 1.067639072705654259e-02
1.986666666666666714e+01 1.329140594162093458e-01 1.030853756622507333e-02
1.988333333333333286e+01 1.294192783807820712e-01 9.958696571513077703e-03
1.989999999999999858e+01 1.258895626119291566e-01 9.620686811335758815e-03
1.991666666666666785e+01 1.223833085594009523e-01 9.284790253569742691e-03
1.993333333333333357e+01 1.191463582325876375e-01 8.967122936088357116e-03
1.994999999999999929e+01 1.161531248019279650e-01 8.657274713560913007e-03
1.996666666666666501e+01 1.133386838873877561e-01 8.358770419846266869e-03
1.998333333333333428e+01 1.104454603756700459e-01 8.074779017344125079e-03
2.000000000000000000e+01 1.077749946293390798e-01 7.798733219165279208e-03
2.001666666666666572e+01 1.051668521473916734e-01 7.530622503525438195e-03
2.003333333333333499e+01 1.027636282296257586e-01 7.270805292763775005e-03
2.005000000000000071e+01 1.003670864591443695e-01 7.017885017584274063e-03
2.006666666666666643e+01 9.816107201968299334e-02 6.772797024268036037e-03
2.008333333333333215e+01 9.612625962910116562e-02 6.540498903680654237e-03
2.010000000000000142e+01 9.410863500153397732e-02 6.315663775594590294e-03
2.011666666666666714e+01 9.217056086644667690e-02 6.089690801532141040e-03
2.013333333333333286e+01 9.025019892952129696e-02 5.877090277841884661e-03
2.014999999999999858e+01 8.856368665831887421e-02 5.682594212540449663e-03
2.016666666666666785e+01 8.683560381579792653e-02 5.487907428619537634e-03
2.018333333333333357e+01 8.541948460978154856e-02 5.293400624504810900e-03
2.019999999999999929e+01 8.409666178816724291e-02 5.112423018336394523e-03
2.021666666666666501e+01 8.298832614838558275e-02 4.931944662313035750e-03
2.023333333333333428e+01 8.166404084582315481e-02 4.742316817600527971e-03
2.025000000000000000e+01 8.063107853449534568e-02 4.554387224234872009e-03
2.026666666666666572e+01 7.941879350686893713e-02 4.382421383500681791e-03
2.028333333333333499e+01 7.868416857657457852e-02 4.222788740792617242e-03
2.030000000000000071e+01 7.760113378311518650e-02 4.064899070368432725e-03
2.031666666666666643e+01 7.697156457142098618e-02 3.913853293903680163e-03
2.033333333333333215e+01 7.596209816079095567e-02 3.762368615368012065e-03
2.035000000000000142e+01 7.545446047119153121e-02 3.616189299142236711e-03
2.036666666666666714e+01 7.457682322214864712e-02 3.477394058681566955e-03
2.038333333333333286e+01 7.409601478987502821e-02 3.334397451790752174e-03
2.039999999999999858e+01 7.332649369601815237e-02 3.194698014770143164e-03
2.041666666666666785e+01 7.294495719375256038e-02 3.069347488905935749e-03
2.043333333333333357e+01 7.232133617685179705e-02 2.943588453902742236e-03
2.044999999999999929e+01 7.200463987345494254e-02 2.817777015338801018e-03
2.046666666666666501e+01 7.154602964282828770e-02 2.699430280737577341e-03
2.048333333333333428e+01 7.119984329930045819e-02 2.584165085390725120e-03
2.050000000000000000e+01 7.079188717822988697e-02 2.471842322633437030e-03
2.051666666666666572e+01 7.045062749827211979e-02 2.362073998097670175e-03
2.053333333333333499e+01 7.010775739299665577e-02 2.253686666256536023e-03
2.055000000000000071e+01 6.981632769692371066e-02 2.150190335301222291e-03
2.056666666666666643e+01 6.952827115405978142e-02 2.049234358705953867e-03
2.058333333333333215e+01 6.924342798231605811e-02 1.951231622347839598e-03
2.060000000000000142e+01 6.901561999200719888e-02 1.855378281037209972e-03
2.061666666666666714e+01 6.877491163203278135e-02 1.760952614037418441e-03
2.063333333333333286e+01 6.862371295965326301e-02 1.670181986894595308e-03
2.064999999999999858e+01 6.841381646321445520e-02 1.582091522095712462e-03
2.066666666666666785e+01 6.831443023269492820e-02 1.495628866677384955e-03
2.068333333333333357e+01 6.812760502493431236e-02 1.411867382193240624e-03
2.069999999999999929e+01 6.807074169826056453e-02 1.330033914689837324e-03
2.071666666666666501e+01 6.787489365003261665e-02 1.250538166881559610e-03
2.073333333333333428e+01 6.787161926272010370e-02 1.172621615303290517e-03
2.075000000000000000e+01 6.764268066365947130e-02 1.097417795743089314e-03
2.076666666666666572e+01 6.768022590839653518e-02 1.023769421498908153e-03
2.078333333333333499e+01 6.740779735287055763e-02 9.520878159301394321e-04
2.080000000000000071e+01 6.746835970212264333e-02 8.823214048036941842e-04
2.081666666666666643e+01 6.723112985669398023e-02 8.150430713524293861e-04
2.083333333333333215e+01 6.731692129823918513e-02 7.495919749833050011e-04
2.085000000000000142e+01 6.714612338506974198e-02 6.847896979925242314e-04
2.086666666666666714e+01 6.724448278569342130e-02 6.206259574519736900e-04
2.088333333333333286e+01 6.709432190548113295e-02 5.583829264003991634e-04
2.089999999999999858e+01 6.719593817076446873e-02 4.982367239967959915e-04
2.091666666666666785e+01 6.707015096987971325e-02 4.400029260722761485e-04
2.093333333333333357e+01 6.714700651991943603e-02 3.830932174133269111e-04
2.094999999999999929e+01 6.709513336392540495e-02 3.268558420792910357e-04
2.096666666666666501e+01 6.710286579978137766e-02 2.723504943510152349e-04
2.098333333333333428e+01 6.704264817846773694e-02 2.189715097732039431e-04
2.100000000000000000e+01 6.700897865368769801e-02 1.669766653057930912e-04
2.101666666666666572e+01 6.696163948960169587e-02 1.159628050671147783e-04
2.103333333333333499e+01 6.694372135169657234e-02 6.646558770883691355e-05
2.105000000000000071e+01 6.692771810583884873e-02 1.860860900714998261e-05
2.106666666666666643e+01 6.689835016477249652e-02 -2.841617464489054997e-05
2.108333333333333215e+01 6.690316956087276334e-02 -7.462460570356247011e-05
2.110000000000000142e+01 6.688046795762628283e-02 -1.195156237381536255e-04
2.111666666666666714e+01 6.688367875078481128e-02 -1.629914513898326556e-04
2.113333333333333286e+01 6.682578357460558505e-02 -2.057164320382088045e-04
2.114999999999999858e+01 6.681820366968421743e-02 -2.472502393203978286e-04
2.116666666666666785e+01 6.674632555375363541e-02 -2.881241456024356070e-04
2.118333333333333357e+01 6.675075281309668374e-02 -3.275493155911719063e-04
2.119999999999999929e+01 6.667850212700582313e-02 -3.658460192110865182e-04
2.121666666666666501e+01 6.672683927152765759e-02 -4.034119453423562116e-04
2.123333333333333428e+01 6.664237827094732225e-02 -4.405452787112493695e-04
2.125000000000000000e+01 6.670447776988944200e-02 -4.765733374037881150e-04
2.126666666666666572e+01 6.656628924564508831e-02 -5.116649844994047413e-04
2.128333333333333499e+01 6.662224212196510287e-02 -5.462321704456615020e-04
2.130000000000000071e+01 6.649357352286276723e-02 -5.800279305627983623e-04
2.131666666666666643e+01 6.657922263767371285e-02 -6.131105354218545746e-04
2.133333333333333215e+01 6.645094627394911024e-02 -6.451408514424464887e-04
2.135000000000000142e+01 6.653968797982924566e-02 -6.764949799879977927e-04
2.136666666666666714e+01 6.640688943395668675e-02 -7.069585890196363864e-04
2.138333333333333286e+01 6.644565278152227139e-02 -7.370034782270551421e-04
2.139999999999999858e+01 6.633233605360333573e-02 -7.657903844913167401e-04
2.141666666666666785e+01 6.636319775926174946e-02 -7.939840895890403621e-04
2.143333333333333357e+01 6.627820685664095879e-02 -8.221915686652087833e-04
2.144999999999999929e+01 6.635040867188062019e-02 -8.499139856407353626e-04
2.146666666666666501e+01 6.630513112884847682e-02 -8.769991032932384885e-04
2.148333333333333428e+01 6.627311688598729045e-02 -9.033627298848374669e-04
2.150000000000000000e+01 6.621052561322340879e-02 -9.292303304296694851e-04
2.151666666666666572e+01 6.622133341108975280e-02 -9.540659827533016233e-04
2.153333333333333499e+01 6.617121516370889911e-02 -9.785172806812431501e-04
2.155000000000000071e+01 6.609211570560280524e-02 -1.002336365163209071e-03
2.156666666666666643e+01 6.601322261625675036e-02 -1.025670765459329396e-03
2.158333333333333215e+01 6.594270170278627996e-02 -1.048358000082639076e-03
2.160000000000000142e+01 6.591758615493271967e-02 -1.070646414130989668e-03
2.161666666666666714e+01 6.585988312370205655e-02 -1.092415035846191042e-03
2.163333333333333286e+01 6.583759642304039261e-02 -1.113898024091184444e-03
2.164999999999999858e+01 6.579788886889094413e-02 -1.134700487029367778e-03
2.166666666666666785e+01 6.576874848980701627e-02 -1.154915110430956111e-03
2.168333333333333357e+01 6.572295085303271611e-02 -1.175028276183178160e-03
2.169999999999999929e+01 6.573005440853015025e-02 -1.194425380330930205e-03
2.171666666666666501e+01 6.565149149906540638e-02 -1.213428058859290174e-03
2.173333333333333428e+01 6.562193454630395328e-02 -1.232085556952073387e-03
2.175000000000000000e+01 6.554230602416323548e-02 -1.250405340765916576e-03
2.176666666666666572e+01 6.550921734441574051e-02 -1.268066210663080715e-03
2.178333333333333499e+01 6.539215695204646239e-02 -1.285556771690434408e-03
2.180000000000000071e+01 6.537575302949749645e-02 -1.302505831148075303e-03
2.181666666666666643e+01 6.524643206719943356e-02 -1.319218624634133303e-03
2.183333333333333215e+01 6.526206529594519301e-02 -1.335521442319987165e-03
2.185000000000000142e+01 6.512616801017354073e-02 -1.351438238883231934e-03
2.186666666666666714e+01 6.512406726314128036e-02 -1.367042664709754423e-03
2.188333333333333286e+01 6.498036331239748220e-02 -1.382288883551207638e-03
2.189999999999999858e+01 6.498312384129227570e-02 -1.397280164395722606e-03
2.191666666666666785e+01 6.485023936598066641e-02 -1.411815249813240265e-03
2.193333333333333357e+01 6.482405282973063843e-02 -1.426161137022018957e-03
2.194999999999999929e+01 6.470042897722885766e-02 -1.440076879868294095e-03
2.196666666666666501e+01 6.466879393418370481e-02 -1.453809351391882956e-03
2.198333333333333428e+01 6.455625281150843831e-02 -1.467142213844066859e-03
2.200000000000000000e+01 6.452840122082288687e-02 -1.480276051726591097e-03
2.201666666666666572e+01 6.445899442739561058e-02 -1.493012625389648863e-03
2.203333333333333499e+01 6.438898772126008807e-02 -1.505605098325166506e-03
2.205000000000000071e+01 6.430854922915700544e-02 -1.517894020502447063e-03
2.206666666666666643e+01 6.425914343568801812e-02 -1.529871224803030063e-03
2.208333333333333215e+01 6.423164880090671824e-02 -1.541632027209489247e-03
2.210000000000000142e+01 6.416185931914712703e-02 -1.553075947721250767e-03
2.211666666666666714e+01 6.409160068228247908e-02 -1.564336800066247783e-03
2.213333333333333286e+01 6.400312520725146004e-02 -1.575297319032751197e-03
2.214999999999999858e+01 6.394181451665607863e-02 -1.586087120935026230e-03
2.216666666666666785e+01 6.387858374246278836e-02 -1.596573052230805187e-03
2.218333333333333357e+01 6.380183884721715715e-02 -1.606943837037445432e-03
2.219999999999999929e+01 6.370256397881875199e-02 -1.616999347451096147e-03
2.221666666666666501e+01 6.364456127359613413e-02 -1.626943336711132553e-03
2.223333333333333428e+01 6.356276774535145335e-02 -1.636603405450615285e-03
2.225000000000000000e+01 6.350138499820624782e-02 -1.646123067948706761e-03
2.226666666666666572e+01 6.340306494025776951e-02 -1.655416433229360421e-03
2.228333333333333499e+01 6.332442493584994336e-02 -1.664528526969215631e-03
2.230000000000000071e+01 6.323061908910335149e-02 -1.673463216189645213e-03
2.231666666666666643e+01 6.315297310390635688e-02 -1.682173564038450843e-03
2.233333333333333215e+01 6.307317326769128207e-02 -1.690755185857704826e-03
2.235000000000000142e+01 6.302490651512830666e-02 -1.699113809779597903e-03
2.236666666666666714e+01 6.293529273194722884e-02 -1.707349549143018534e-03
2.238333333333333286e+01 6.288143435686323335e-02 -1.715341790054482557e-03
2.239999999999999858e+01 6.275162401942802060e-02 -1.723262398824860651e-03
2.241666666666666785e+01 6.269966199546719854e-02 -1.730935103299198691e-03
2.243333333333333357e+01 6.255409436188692773e-02 -1.738522794752603946e-03
2.244999999999999929e+01 6.250663260590412496e-02 -1.745899478548529988e-03
2.246666666666666501e+01 6.237640714089423555e-02 -1.753177616073730519e-03
2.248333333333333428e+01 6.233397325401633660e-02 -1.760250761608526124e-03
2.250000000000000000e+01 6.222624220903990450e-02 -1.767203403327091303e-03
2.251666666666666572e+01 6.217262529992322734e-02 -1.774032666010403334e-03
2.253333333333333499e+01 6.202979049311203863e-02 -1.780700094877032090e-03
2.255000000000000071e+01 6.197133429833433238e-02 -1.787236661530152695e-03
2.256666666666666643e+01 6.182500819959844268e-02 -1.793614861969628936e-03
2.258333333333333215e+01 6.175853772400343583e-02 -1.799917966684481214e-03
2.260000000000000142e+01 6.163229348087110454e-02 -1.806014944676041919e-03
2.261666666666666714e+01 6.156710347201874850e-02 -1.812033536880391276e-03
2.263333333333333286e+01 6.144570558998161541e-02 -1.817875831636082311e-03
2.264999999999999858e+01 6.139903194060063185e-02 -1.823661755767839229e-03
2.266666666666666785e+01 6.129124842274019658e-02 -1.829274521316403765e-03
2.268333333333333357e+01 6.123310787851780207e-02 -1.834811483590933351e-03
2.269999999999999929e+01 6.111105144693874253e-02 -1.839737799947777867e-03
2.271666666666666501e+01 6.103475437947308152e-02 -1.844386281262381817e-03
2.273333333333333428e+01 6.095683037524223663e-02 -1.849119283704797048e-03
2.275000000000000000e+01 6.089725275682420641e-02 -1.853735890698687350e-03
2.276666666666666572e+01 6.081396180864964696e-02 -1.858210120409417576e-03
2.278333333333333499e+01 6.073110286332041724e-02 -1.862665019448083228e-03
2.280000000000000071e+01 6.062458848805164086e-02 -1.867071258373817445e-03
2.281666666666666643e+01 6.051535181724103374e-02 -1.871352776249394145e-03
2.283333333333333215e+01 6.041488008684914313e-02 -1.875514312186545712e-03
2.285000000000000142e+01 6.032801733399956179e-02 -1.879633953089567249e-03
2.286666666666666714e+01 6.021945977270094785e-02 -1.883676316846615495e-03
2.288333333333333286e+01 6.011160759054091918e-02 -1.887641158009581996e-03
2.289999999999999858e+01 6.002344448073852062e-02 -1.891549193242845085e-03
2.291666666666666785e+01 5.992948909609425306e-02 -1.895391703611417570e-03
2.293333333333333357e+01 5.984315964017127010e-02 -1.899133954835330058e-03
2.294999999999999929e+01 5.973695760937446086e-02 -1.902820115736035067e-03
2.296666666666666501e+01 5.965804314580230860e-02 -1.906471016328517825e-03
2.298333333333333428e+01 5.956257486934309064e-02 -1.910029566068010762e-03
2.300000000000000000e+01 5.948090463992621729e-02 -1.913490162816028134e-03
2.301666666666666572e+01 5.937918587144636745e-02 -1.916923174761833975e-03
2.303333333333333499e+01 5.930204372910206911e-02 -1.920343088413045034e-03
2.305000000000000071e+01 5.919701777366557366e-02 -1.923677890161362746e-03
2.306666666666666643e+01 5.911711703940772389e-02 -1.926918244795540079e-03
2.308333333333333215e+01 5.900703940046569951e-02 -1.930112590537813632e-03
2.310000000000000142e+01 5.892397111778435032e-02 -1.933256654613653164e-03
2.311666666666666714e+01 5.881144977977957600e-02 -1.936341057470191643e-03
2.313333333333333286e+01 5.872915206242667469e-02 -1.939380042332207064e-03
2.314999999999999858e+01 5.860471620514211277e-02 -1.942366475315802617e-03
2.316666666666666785e+01 5.853243425375908443e-02 -1.945310917866796465e-03
2.318333333333333357e+01 5.841922569024479012e-02 -1.948196707758173378e-03
2.319999999999999929e+01 5.836396201323481442e-02 -1.951032074721389996e-03
2.321666666666666501e+01 5.821948264398991296e-02 -1.953818912706185330e-03
2.323333333333333428e+01 5.815542402704279579e-02 -1.956547624602419152e-03
2.325000000000000000e+01 5.801943853480367314e-02 -1.959235696470348117e-03
2.326666666666666572e+01 5.794954635989916364e-02 -1.961868269762157349e-03
2.328333333333333499e+01 5.781327525742131074e-02 -1.964451912515416399e-03
2.330000000000000071e+01 5.774643301822020292e-02 -1.967259581854749126e-03
2.331666666666666643e+01 5.762462391178739540e-02 -1.969828656405843599e-03
2.333333333333333215e+01 5.755012372343659699e-02 -1.972253397375880665e-03
2.335000000000000142e+01 5.742908279732444193e-02 -1.974660358336099986e-03
2.336666666666666714e+01 5.736630378853410650e-02 -1.977053557984858288e-03
2.338333333333333286e+01 5.725308398055102554e-02 -1.979394734139867159e-03
2.339999999999999858e+01 5.717686692112517594e-02 -1.981690553732688535e-03
2.341666666666666785e+01 5.706959961382634255e-02 -1.983957177356453910e-03
2.343333333333333357e+01 5.700053592045648682e-02 -1.986180041813827291e-03
2.344999999999999929e+01 5.689618521485878544e-02 -1.988351517808543186e-03
2.346666666666666501e+01 5.679945716292614938e-02 -1.990702049706342784e-03
2.348333333333333428e+01 5.670975799036647585e-02 -1.992856183396663622e-03
2.350000000000000000e+01 5.662459679615412106e-02 -1.994898753438834483e-03
2.351666666666666572e+01 5.651404129386376068e-02 -1.996930156509351545e-03
2.353333333333333499e+01 5.641545757671028588e-02 -1.998914102365730115e-03
2.355000000000000071e+01 5.631871743938413749e-02 -2.000859487918831437e-03
2.356666666666666643e+01 5.621589520414904673e-02 -2.002771679691847922e-03
2.358333333333333215e+01 5.611298184211566120e-02 -2.004669224470072893e-03
2.360000000000000142e+01 5.601936915679217588e-02 -2.006517924978272558e-03
2.361666666666666714e+01 5.591635695467705308e-02 -2.008324186628433327e-03
2.363333333333333286e+01 5.581660966364369869e-02 -2.010283093151532356e-03
2.364999999999999858e+01 5.573142725855217972e-02 -2.012085664856659139e-03
2.366666666666666785e+01 5.562549664632206181e-02 -2.013783685547844947e-03
2.368333333333333357e+01 5.552901917491089023e-02 -2.015469676933868536e-03
2.369999999999999929e+01 5.543531941722325967e-02 -2.017145879005912464e-03
2.371666666666666501e+01 5.533641130130458746e-02 -2.018808154676891928e-03
2.373333333333333428e+01 5.522848108781197585e-02 -2.020405187073884886e-03
2.375000000000000000e+01 5.513267787440084139e-02 -2.021972189168453823e-03
2.376666666666666572e+01 5.502754452747682379e-02 -2.023529062046584490e-03
2.378333333333333499e+01 5.493703044148009335e-02 -2.025057920320534437e-03
2.380000000000000071e+01 5.482639269491017264e-02 -2.026543969145686887e-03
2.381666666666666643e+01 5.474873580117099736e-02 -2.028164143250080036e-03
2.383333333333333215e+01 5.465424298371692607e-02 -2.029664902730091234e-03
2.385000000000000142e+01 5.456362481519629049e-02 -2.031089221934638013e-03
2.386666666666666714e+01 5.444536332609319768e-02 -2.032497603332014853e-03
2.388333333333333286e+01 5.438126977409690754e-02 -2.033880564275838358e-03
2.389999999999999858e+01 5.425087091371248726e-02 -2.035228672317516800e-03
2.391666666666666785e+01 5.417371748147502969e-02 -2.036556523000817263e-03
2.393333333333333357e+01 5.404208995813852140e-02 -2.037865708893248171e-03
2.394999999999999929e+01 5.396699586278255051e-02 -2.039147861388230978e-03
2.396666666666666501e+01 5.385444707522574204e-02 -2.040539202455140394e-03
2.398333333333333428e+01 5.377333729600108220e-02 -2.041817196225890595e-03
2.400000000000000000e+01 5.365169151950294896e-02 -2.043027203584958564e-03
