# Fig 3a
# 0. time (h), 1. intensity (kW/m^2), 2. power (kW)
0.000000000000000000e+00 0.000000000000000000e+00 0.000000000000000000e+00
1.666666666666571928e-02 0.000000000000000000e+00 0.000000000000000000e+00
3.333333333333143855e-02 0.000000000000000000e+00 0.000000000000000000e+00
4.999999999999715783e-02 0.000000000000000000e+00 0.000000000000000000e+00
6.666666666666287711e-02 0.000000000000000000e+00 0.000000000000000000e+00
8.333333333332859638e-02 0.000000000000000000e+00 0.000000000000000000e+00
9.999999999999431566e-02 0.000000000000000000e+00 0.000000000000000000e+00
1.166666666666600349e-01 0.000000000000000000e+00 0.000000000000000000e+00
1.333333333333399651e-01 0.000000000000000000e+00 0.000000000000000000e+00
1.500000000000056843e-01 0.000000000000000000e+00 0.000000000000000000e+00
1.666666666666714036e-01 0.000000000000000000e+00 0.000000000000000000e+00
1.833333333333371229e-01 0.000000000000000000e+00 0.000000000000000000e+00
2.000000000000028422e-01 0.000000000000000000e+00 0.000000000000000000e+00
2.166666666666685614e-01 0.000000000000000000e+00 0.000000000000000000e+00
2.333333333333342807e-01 0.000000000000000000e+00 0.000000000000000000e+00
2.500000000000000000e-01 0.000000000000000000e+00 0.000000000000000000e+00
2.666666666666657193e-01 0.000000000000000000e+00 0.000000000000000000e+00
2.833333333333314386e-01 0.000000000000000000e+00 0.000000000000000000e+00
2.999999999999971578e-01 0.000000000000000000e+00 0.000000000000000000e+00
3.166666666666628771e-01 0.000000000000000000e+00 0.000000000000000000e+00
3.333333333333285964e-01 0.000000000000000000e+00 0.000000000000000000e+00
3.499999999999943157e-01 0.000000000000000000e+00 0.000000000000000000e+00
3.666666666666600349e-01 0.000000000000000000e+00 0.000000000000000000e+00
3.833333333333399651e-01 0.000000000000000000e+00 0.000000000000000000e+00
4.000000000000056843e-01 0.000000000000000000e+00 0.000000000000000000e+00
4.166666666666714036e-01 0.000000000000000000e+00 0.000000000000000000e+00
4.333333333333371229e-01 0.000000000000000000e+00 0.000000000000000000e+00
4.500000000000028422e-01 0.000000000000000000e+00 0.000000000000000000e+00
4.666666666666685614e-01 0.000000000000000000e+00 0.000000000000000000e+00
4.833333333333342807e-01 0.000000000000000000e+00 0.000000000000000000e+00
5.000000000000000000e-01 0.000000000000000000e+00 0.000000000000000000e+00
5.166666666666657193e-01 0.000000000000000000e+00 0.000000000000000000e+00
5.333333333333314386e-01 0.000000000000000000e+00 0.000000000000000000e+00
5.499999999999971578e-01 0.000000000000000000e+00 0.000000000000000000e+00
5.666666666666628771e-01 0.000000000000000000e+00 0.000000000000000000e+00
5.833333333333285964e-01 0.000000000000000000e+00 0.000000000000000000e+00
5.999999999999943157e-01 0.000000000000000000e+00 0.000000000000000000e+00
6.166666666666600349e-01 0.000000000000000000e+00 0.000000000000000000e+00
6.333333333333399651e-01 0.000000000000000000e+00 0.000000000000000000e+00
6.500000000000056843e-01 0.000000000000000000e+00 0.000000000000000000e+00
6.666666666666714036e-01 0.000000000000000000e+00 0.000000000000000000e+00
6.833333333333371229e-01 0.000000000000000000e+00 0.000000000000000000e+00
7.000000000000028422e-01 0.000000000000000000e+00 0.000000000000000000e+00
7.166666666666685614e-01 0.000000000000000000e+00 0.000000000000000000e+00
7.333333333333342807e-01 0.000000000000000000e+00 0.000000000000000000e+00
7.500000000000000000e-01 0.000000000000000000e+00 0.000000000000000000e+00
7.666666666666657193e-01 0.000000000000000000e+00 0.000000000000000000e+00
7.833333333333314386e-01 0.000000000000000000e+00 0.000000000000000000e+00
7.999999999999971578e-01 0.000000000000000000e+00 0.000000000000000000e+00
8.166666666666628771e-01 0.000000000000000000e+00 0.000000000000000000e+00
8.333333333333285964e-01 0.000000000000000000e+00 0.000000000000000000e+00
8.499999999999943157e-01 0.000000000000000000e+00 0.000000000000000000e+00
8.666666666666600349e-01 0.000000000000000000e+00 0.000000000000000000e+00
8.833333333333399651e-01 0.000000000000000000e+00 0.000000000000000000e+00
9.000000000000056843e-01 0.000000000000000000e+00 0.000000000000000000e+00
9.166666666666714036e-01 0.000000000000000000e+00 0.000000000000000000e+00
9.333333333333371229e-01 0.000000000000000000e+00 0.000000000000000000e+00
9.500000000000028422e-01 0.000000000000000000e+00 0.000000000000000000e+00
9.666666666666685614e-01 0.000000000000000000e+00 0.000000000000000000e+00
9.833333333333342807e-01 0.000000000000000000e+00 0.000000000000000000e+00
1.000000000000000000e+00 0.000000000000000000e+00 0.000000000000000000e+00
1.016666666666665719e+00 0.000000000000000000e+00 0.000000000000000000e+00
1.033333333333331439e+00 0.000000000000000000e+00 0.000000000000000000e+00
1.049999999999997158e+00 0.000000000000000000e+00 0.000000000000000000e+00
1.066666666666662877e+00 0.000000000000000000e+00 0.000000000000000000e+00
1.083333333333328596e+00 0.000000000000000000e+00 0.000000000000000000e+00
1.099999999999994316e+00 0.000000000000000000e+00 0.000000000000000000e+00
1.116666666666660035e+00 0.000000000000000000e+00 0.000000000000000000e+00
1.133333333333339965e+00 0.000000000000000000e+00 0.000000000000000000e+00
1.150000000000005684e+00 0.000000000000000000e+00 0.000000000000000000e+00
1.166666666666671404e+00 0.000000000000000000e+00 0.000000000000000000e+00
1.183333333333337123e+00 0.000000000000000000e+00 0.000000000000000000e+00
1.200000000000002842e+00 0.000000000000000000e+00 0.000000000000000000e+00
1.216666666666668561e+00 0.000000000000000000e+00 0.000000000000000000e+00
1.233333333333334281e+00 0.000000000000000000e+00 0.000000000000000000e+00
1.250000000000000000e+00 0.000000000000000000e+00 0.000000000000000000e+00
1.266666666666665719e+00 0.000000000000000000e+00 0.000000000000000000e+00
1.283333333333331439e+00 0.000000000000000000e+00 0.000000000000000000e+00
1.299999999999997158e+00 0.000000000000000000e+00 0.000000000000000000e+00
1.316666666666662877e+00 0.000000000000000000e+00 0.000000000000000000e+00
1.333333333333328596e+00 0.000000000000000000e+00 0.000000000000000000e+00
1.349999999999994316e+00 0.000000000000000000e+00 0.000000000000000000e+00
1.366666666666660035e+00 0.000000000000000000e+00 0.000000000000000000e+00
1.383333333333339965e+00 0.000000000000000000e+00 0.000000000000000000e+00
1.400000000000005684e+00 0.000000000000000000e+00 0.000000000000000000e+00
1.416666666666671404e+00 0.000000000000000000e+00 0.000000000000000000e+00
1.433333333333337123e+00 0.000000000000000000e+00 0.000000000000000000e+00
1.450000000000002842e+00 0.000000000000000000e+00 0.000000000000000000e+00
1.466666666666668561e+00 0.000000000000000000e+00 0.000000000000000000e+00
1.483333333333334281e+00 0.000000000000000000e+00 0.000000000000000000e+00
1.500000000000000000e+00 0.000000000000000000e+00 0.000000000000000000e+00
1.516666666666665719e+00 0.000000000000000000e+00 0.000000000000000000e+00
1.533333333333331439e+00 0.000000000000000000e+00 0.000000000000000000e+00
1.549999999999997158e+00 0.000000000000000000e+00 0.000000000000000000e+00
1.566666666666662877e+00 0.000000000000000000e+00 0.000000000000000000e+00
1.583333333333328596e+00 0.000000000000000000e+00 0.000000000000000000e+00
1.599999999999994316e+00 0.000000000000000000e+00 0.000000000000000000e+00
1.616666666666660035e+00 0.000000000000000000e+00 0.000000000000000000e+00
1.633333333333339965e+00 0.000000000000000000e+00 0.000000000000000000e+00
1.650000000000005684e+00 0.000000000000000000e+00 0.000000000000000000e+00
1.666666666666671404e+00 0.000000000000000000e+00 0.000000000000000000e+00
1.683333333333337123e+00 1.379999999999999456e-02 6.063995999999997714e-03
1.700000000000002842e+00 2.759999999999998913e-02 1.212799199999999543e-02
1.716666666666668561e+00 4.140000000000003400e-02 1.819198800000001309e-02
1.733333333333334281e+00 5.519999999999997825e-02 2.425598399999999086e-02
1.750000000000000000e+00 6.900000000000001965e-02 3.031998000000000332e-02
1.766666666666665719e+00 7.800000000000006928e-02 3.427476000000002909e-02
1.783333333333331439e+00 8.700000000000004952e-02 3.822954000000001323e-02
1.799999999999997158e+00 9.600000000000004363e-02 4.218432000000001125e-02
1.816666666666662877e+00 1.049999999999999545e-01 4.613909999999997458e-02
1.833333333333328596e+00 1.139999999999999347e-01 5.009387999999996566e-02
1.849999999999994316e+00 1.235999999999983084e-01 5.431231199999925208e-02
1.866666666666660035e+00 1.331999999999966822e-01 5.853074399999853850e-02
1.883333333333339965e+00 1.428000000000033964e-01 6.274917600000148865e-02
1.900000000000005684e+00 1.524000000000015342e-01 6.696760800000066405e-02
1.916666666666671404e+00 1.620000000000001439e-01 7.118604000000006149e-02
1.933333333333337123e+00 1.713999999999999690e-01 7.531658799999997600e-02
1.950000000000002842e+00 1.808000000000000440e-01 7.944713600000001541e-02
1.966666666666668561e+00 1.901999999999998692e-01 8.357768399999992992e-02
1.983333333333334281e+00 1.995999999999998331e-01 8.770823199999992770e-02
2.000000000000000000e+00 2.089999999999998248e-01 9.183877999999991160e-02
2.016666666666665719e+00 2.180000000000001936e-01 9.579356000000008309e-02
2.033333333333331439e+00 2.269999999999998408e-01 9.974833999999990763e-02
2.049999999999997158e+00 2.360000000000002374e-01 1.037031200000000930e-01
2.066666666666662877e+00 2.449999999999999123e-01 1.076578999999999592e-01
2.083333333333328596e+00 2.540000000000001701e-01 1.116126800000000752e-01
2.099999999999994316e+00 2.623999999999985788e-01 1.153038079999993692e-01
2.116666666666660035e+00 2.707999999999971541e-01 1.189949359999987466e-01
2.133333333333339965e+00 2.792000000000027238e-01 1.226860640000011771e-01
2.150000000000005684e+00 2.876000000000016321e-01 1.263771920000006932e-01
2.166666666666671404e+00 2.959999999999998188e-01 1.300683199999999040e-01
2.183333333333337123e+00 3.038000000000001810e-01 1.334957960000000832e-01
2.200000000000002842e+00 3.115999999999998216e-01 1.369232719999999015e-01
2.216666666666668561e+00 3.194000000000000727e-01 1.403507480000000252e-01
2.233333333333334281e+00 3.271999999999998798e-01 1.437782239999999268e-01
2.250000000000000000e+00 3.349999999999999645e-01 1.472056999999999671e-01
2.266666666666665719e+00 3.421999999999997266e-01 1.503695239999998656e-01
2.283333333333331439e+00 3.493999999999997108e-01 1.535333479999998474e-01
2.299999999999997158e+00 3.566000000000003056e-01 1.566971720000001345e-01
2.316666666666662877e+00 3.638000000000002343e-01 1.598609960000000885e-01
2.333333333333328596e+00 3.710000000000000520e-01 1.630248200000000147e-01
2.349999999999994316e+00 3.775999999999991585e-01 1.659249919999996326e-01
2.366666666666660035e+00 3.841999999999975990e-01 1.688251639999989451e-01
2.383333333333339965e+00 3.908000000000022012e-01 1.717253360000009776e-01
2.400000000000005684e+00 3.974000000000016963e-01 1.746255080000007343e-01
2.416666666666671404e+00 4.039999999999996927e-01 1.775256799999998525e-01
2.433333333333337123e+00 4.105999999999999650e-01 1.804258519999999699e-01
2.450000000000002842e+00 4.172000000000001818e-01 1.833260240000000596e-01
2.466666666666668561e+00 4.238000000000004541e-01 1.862261960000001770e-01
2.483333333333334281e+00 4.304000000000003934e-01 1.891263680000001557e-01
2.500000000000000000e+00 4.369999999999997220e-01 1.920265399999998568e-01
2.516666666666665719e+00 4.448000000000001397e-01 1.954540160000000637e-01
2.533333333333331439e+00 4.525999999999997248e-01 1.988814919999998543e-01
2.549999999999997158e+00 4.603999999999999759e-01 2.023089680000000057e-01
2.566666666666662877e+00 4.682000000000004492e-01 2.057364440000001848e-01
2.583333333333328596e+00 4.759999999999997566e-01 2.091639199999998644e-01
2.599999999999994316e+00 4.811999999999992395e-01 2.114489039999996600e-01
2.616666666666660035e+00 4.863999999999985557e-01 2.137338879999993446e-01
2.633333333333339965e+00 4.916000000000020353e-01 2.160188720000008611e-01
2.650000000000005684e+00 4.968000000000006300e-01 2.183038560000002681e-01
2.666666666666671404e+00 5.019999999999995577e-01 2.205888399999997862e-01
2.683333333333337123e+00 5.069999999999997842e-01 2.227859399999999324e-01
2.700000000000002842e+00 5.119999999999998996e-01 2.249830399999999397e-01
2.716666666666668561e+00 5.170000000000001261e-01 2.271801400000000581e-01
2.733333333333334281e+00 5.220000000000002416e-01 2.293772400000000933e-01
2.750000000000000000e+00 5.270000000000001350e-01 2.315743400000000451e-01
2.766666666666665719e+00 5.316000000000001835e-01 2.335956720000000320e-01
2.783333333333331439e+00 5.361999999999996769e-01 2.356170039999998800e-01
2.799999999999997158e+00 5.407999999999999474e-01 2.376383359999999778e-01
2.816666666666662877e+00 5.454000000000002180e-01 2.396596680000000756e-01
2.833333333333328596e+00 5.499999999999996003e-01 2.416809999999997849e-01
2.849999999999994316e+00 5.541999999999989157e-01 2.435265639999995013e-01
2.866666666666660035e+00 5.583999999999982311e-01 2.453721279999992455e-01
2.883333333333339965e+00 5.626000000000018764e-01 2.472176920000007938e-01
2.900000000000005684e+00 5.668000000000004146e-01 2.490632560000001772e-01
2.916666666666671404e+00 5.709999999999995079e-01 2.509088199999998103e-01
2.933333333333337123e+00 5.749999999999997335e-01 2.526664999999999051e-01
2.950000000000002842e+00 5.789999999999998481e-01 2.544241799999999443e-01
2.966666666666668561e+00 5.830000000000001847e-01 2.561818600000000945e-01
2.983333333333334281e+00 5.870000000000002993e-01 2.579395400000001337e-01
3.000000000000000000e+00 5.909999999999998588e-01 2.596972199999999509e-01
3.016666666666665719e+00 5.947999999999997733e-01 2.613670159999998410e-01
3.033333333333331439e+00 5.985999999999993548e-01 2.630368119999997312e-01
3.049999999999997158e+00 6.023999999999996025e-01 2.647066079999998434e-01
3.066666666666662877e+00 6.061999999999998501e-01 2.663764039999999000e-01
3.083333333333328596e+00 6.100000000000002087e-01 2.680462000000001233e-01
3.099999999999994316e+00 6.133999999999991681e-01 2.695402279999996042e-01
3.116666666666660035e+00 6.167999999999983496e-01 2.710342559999993073e-01
3.133333333333339965e+00 6.202000000000017499e-01 2.725282840000007867e-01
3.150000000000005684e+00 6.236000000000010424e-01 2.740223120000004342e-01
3.166666666666671404e+00 6.269999999999998908e-01 2.755163399999999707e-01
3.183333333333337123e+00 6.303999999999996273e-01 2.770103679999997848e-01
3.200000000000002842e+00 6.337999999999998080e-01 2.785043959999999319e-01
3.216666666666668561e+00 6.371999999999997666e-01 2.799984239999999125e-01
3.233333333333334281e+00 6.405999999999999472e-01 2.814924519999999486e-01
3.250000000000000000e+00 6.439999999999996838e-01 2.829864799999998737e-01
3.266666666666665719e+00 6.469999999999994644e-01 2.843047399999997782e-01
3.283333333333331439e+00 6.499999999999994671e-01 2.856229999999997382e-01
3.299999999999997158e+00 6.529999999999996918e-01 2.869412599999998092e-01
3.316666666666662877e+00 6.560000000000002496e-01 2.882595200000000468e-01
3.333333333333328596e+00 6.590000000000005853e-01 2.895777800000002289e-01
3.349999999999994316e+00 6.619999999999999218e-01 2.908960399999999114e-01
3.366666666666660035e+00 6.649999999999988143e-01 2.922142999999994828e-01
3.383333333333339965e+00 6.680000000000014815e-01 2.935325600000006085e-01
3.400000000000005684e+00 6.710000000000002629e-01 2.948508200000001245e-01
3.416666666666671404e+00 6.739999999999995994e-01 2.961690799999998069e-01
3.433333333333337123e+00 6.766000000000002013e-01 2.973115720000000795e-01
3.450000000000002842e+00 6.792000000000005810e-01 2.984540640000002409e-01
3.466666666666668561e+00 6.817999999999995175e-01 2.995965559999997363e-01
3.483333333333334281e+00 6.843999999999994532e-01 3.007390479999997313e-01
3.500000000000000000e+00 6.870000000000002771e-01 3.018815400000000593e-01
3.516666666666665719e+00 6.909999999999996145e-01 3.036392199999998764e-01
3.533333333333331439e+00 6.949999999999992850e-01 3.053968999999996936e-01
3.549999999999997158e+00 6.989999999999997327e-01 3.071545799999998994e-01
3.566666666666662877e+00 7.030000000000007354e-01 3.089122600000002716e-01
3.583333333333328596e+00 7.070000000000004059e-01 3.106699400000001443e-01
3.599999999999994316e+00 7.093999999999991424e-01 3.117245479999996016e-01
3.616666666666660035e+00 7.117999999999991001e-01 3.127791559999995585e-01
3.633333333333339965e+00 7.142000000000009452e-01 3.138337640000004036e-01
3.650000000000005684e+00 7.166000000000010139e-01 3.148883720000004716e-01
3.666666666666671404e+00 7.189999999999991953e-01 3.159429799999996513e-01
3.683333333333337123e+00 7.212000000000002853e-01 3.169097040000000698e-01
3.700000000000002842e+00 7.234000000000004871e-01 3.178764280000001552e-01
3.716666666666668561e+00 7.255999999999993566e-01 3.188431519999996855e-01
3.733333333333334281e+00 7.278000000000005576e-01 3.198098760000002150e-01
3.750000000000000000e+00 7.299999999999997602e-01 3.207765999999998563e-01
3.766666666666665719e+00 7.327999999999992298e-01 3.220069759999996672e-01
3.783333333333331439e+00 7.355999999999996986e-01 3.232373519999998113e-01
3.799999999999997158e+00 7.384000000000001673e-01 3.244677280000000663e-01
3.816666666666662877e+00 7.412000000000007471e-01 3.256981040000002658e-01
3.833333333333328596e+00 7.440000000000005498e-01 3.269284800000001878e-01
3.849999999999994316e+00 7.459999999999994413e-01 3.278073199999997356e-01
3.866666666666660035e+00 7.480000000000001092e-01 3.286861600000000050e-01
3.883333333333339965e+00 7.500000000000000000e-01 3.295649999999999968e-01
3.900000000000005684e+00 7.520000000000005569e-01 3.304438400000002662e-01
3.916666666666671404e+00 7.539999999999997815e-01 3.313226799999998695e-01
3.933333333333337123e+00 7.559999999999998943e-01 3.322015199999999724e-01
3.950000000000002842e+00 7.580000000000008953e-01 3.330803600000004083e-01
3.966666666666668561e+00 7.599999999999992317e-01 3.339591999999996230e-01
3.983333333333334281e+00 7.620000000000005658e-01 3.348380400000002255e-01
4.000000000000000000e+00 7.639999999999993463e-01 3.357168799999996622e-01
4.016666666666665719e+00 7.658000000000001473e-01 3.365078360000000601e-01
4.033333333333331439e+00 7.675999999999995049e-01 3.372987919999997919e-01
4.049999999999997158e+00 7.694000000000000838e-01 3.380897480000000233e-01
4.066666666666662877e+00 7.711999999999996636e-01 3.388807039999998660e-01
4.083333333333328596e+00 7.730000000000000204e-01 3.396716599999999864e-01
4.099999999999994316e+00 7.747999999999996001e-01 3.404626159999997737e-01
4.116666666666660035e+00 7.765999999999995129e-01 3.412535719999997830e-01
4.133333333333339965e+00 7.784000000000014241e-01 3.420445280000006250e-01
4.150000000000005684e+00 7.801999999999998936e-01 3.428354839999999681e-01
4.166666666666671404e+00 7.820000000000009166e-01 3.436264400000004215e-01
4.183333333333337123e+00 7.835999999999997412e-01 3.443295119999998932e-01
4.200000000000002842e+00 7.852000000000003421e-01 3.450325840000001421e-01
4.216666666666668561e+00 7.867999999999998328e-01 3.457356559999998913e-01
4.233333333333334281e+00 7.883999999999997677e-01 3.464387279999998626e-01
4.250000000000000000e+00 7.900000000000001465e-01 3.471418000000000559e-01
4.266666666666665719e+00 7.915999999999989711e-01 3.478448719999995276e-01
4.283333333333331439e+00 7.932000000000003492e-01 3.485479440000001650e-01
4.299999999999997158e+00 7.947999999999991738e-01 3.492510159999995811e-01
4.316666666666662877e+00 7.964000000000007740e-01 3.499540880000002741e-01
4.333333333333328596e+00 7.979999999999990434e-01 3.506571599999995792e-01
4.349999999999994316e+00 7.994000000000005546e-01 3.512723480000002341e-01
4.366666666666660035e+00 8.007999999999994012e-01 3.518875359999997232e-01
4.383333333333339965e+00 8.022000000000008013e-01 3.525027240000003226e-01
4.400000000000005684e+00 8.036000000000004251e-01 3.531179120000002003e-01
4.416666666666671404e+00 8.049999999999992717e-01 3.537330999999996894e-01
4.433333333333337123e+00 8.066000000000006498e-01 3.544361720000002713e-01
4.450000000000002842e+00 8.081999999999991413e-01 3.551392439999996320e-01
4.466666666666668561e+00 8.098000000000006304e-01 3.558423160000002694e-01
4.483333333333334281e+00 8.113999999999994550e-01 3.565453879999997411e-01
4.500000000000000000e+00 8.130000000000009441e-01 3.572484600000003785e-01
4.516666666666665719e+00 8.147999999999994136e-01 3.580394159999997217e-01
4.533333333333331439e+00 8.166000000000007697e-01 3.588303720000003416e-01
4.549999999999997158e+00 8.183999999999993502e-01 3.596213279999996848e-01
4.566666666666662877e+00 8.202000000000008173e-01 3.604122840000003603e-01
4.583333333333328596e+00 8.219999999999990647e-01 3.612032399999995924e-01
4.599999999999994316e+00 8.234000000000007979e-01 3.618184280000003028e-01
4.616666666666660035e+00 8.247999999999994225e-01 3.624336159999996809e-01
4.633333333333339965e+00 8.262000000000006006e-01 3.630488040000002248e-01
4.650000000000005684e+00 8.276000000000004464e-01 3.636639920000001580e-01
4.666666666666671404e+00 8.289999999999991820e-01 3.642791799999996472e-01
4.683333333333337123e+00 8.302000000000009372e-01 3.648064840000004305e-01
4.700000000000002842e+00 8.314000000000001389e-01 3.653337880000000482e-01
4.716666666666668561e+00 8.325999999999993406e-01 3.658610919999997213e-01
4.733333333333334281e+00 8.338000000000007628e-01 3.663883960000002826e-01
4.750000000000000000e+00 8.349999999999998535e-01 3.669156999999999558e-01
4.766666666666665719e+00 8.361999999999991662e-01 3.674430039999995734e-01
4.783333333333331439e+00 8.374000000000010324e-01 3.679703080000004678e-01
4.799999999999997158e+00 8.385999999999996790e-01 3.684976119999998079e-01
4.816666666666662877e+00 8.397999999999997689e-01 3.690249159999998696e-01
4.833333333333328596e+00 8.410000000000006359e-01 3.695522200000002644e-01
4.849999999999994316e+00 8.419999999999997486e-01 3.699916399999998995e-01
4.866666666666660035e+00 8.429999999999989724e-01 3.704310599999995346e-01
4.883333333333339965e+00 8.440000000000013047e-01 3.708704800000005575e-01
4.900000000000005684e+00 8.450000000000000844e-01 3.713099000000000260e-01
4.916666666666671404e+00 8.459999999999991971e-01 3.717493199999996056e-01
4.933333333333337123e+00 8.472000000000005082e-01 3.722766240000002225e-01
4.950000000000002842e+00 8.484000000000000430e-01 3.728039280000000621e-01
4.966666666666668561e+00 8.495999999999992447e-01 3.733312319999996798e-01
4.983333333333334281e+00 8.508000000000009999e-01 3.738585360000004076e-01
5.000000000000000000e+00 8.519999999999999796e-01 3.743858399999999698e-01
5.016666666666665719e+00 8.529999999999993143e-01 3.748252599999996604e-01
5.033333333333331439e+00 8.540000000000005365e-01 3.752646800000002392e-01
5.049999999999997158e+00 8.550000000000005373e-01 3.757041000000002073e-01
5.066666666666662877e+00 8.559999999999994280e-01 3.761435199999997314e-01
5.083333333333328596e+00 8.569999999999992069e-01 3.765829399999995886e-01
5.099999999999994316e+00 8.580000000000005400e-01 3.770223600000002229e-01
5.116666666666660035e+00 8.589999999999997637e-01 3.774617799999998580e-01
5.133333333333339965e+00 8.599999999999996536e-01 3.779011999999998261e-01
5.150000000000005684e+00 8.610000000000010978e-01 3.783406200000004604e-01
5.166666666666671404e+00 8.620000000000003215e-01 3.787800400000001511e-01
5.183333333333337123e+00 8.629999999999992122e-01 3.792194599999996196e-01
5.200000000000002842e+00 8.639999999999997682e-01 3.796588799999999209e-01
5.216666666666668561e+00 8.650000000000009903e-01 3.800983000000004441e-01
5.233333333333334281e+00 8.659999999999997700e-01 3.805377199999998572e-01
5.250000000000000000e+00 8.669999999999993268e-01 3.809771399999996588e-01
5.266666666666665719e+00 8.678000000000004599e-01 3.813286760000001441e-01
5.283333333333331439e+00 8.686000000000005938e-01 3.816802120000002407e-01
5.299999999999997158e+00 8.693999999999998396e-01 3.820317479999999488e-01
5.316666666666662877e+00 8.701999999999994184e-01 3.823832839999997124e-01
5.333333333333328596e+00 8.710000000000001075e-01 3.827348200000000311e-01
5.349999999999994316e+00 8.718000000000007965e-01 3.830863560000002943e-01
5.366666666666660035e+00 8.725999999999998202e-01 3.834378919999998359e-01
5.383333333333339965e+00 8.733999999999993991e-01 3.837894279999997105e-01
5.400000000000005684e+00 8.741999999999994220e-01 3.841409639999997516e-01
5.416666666666671404e+00 8.750000000000008882e-01 3.844925000000004034e-01
5.433333333333337123e+00 8.758000000000001339e-01 3.848440360000000560e-01
5.450000000000002842e+00 8.765999999999994907e-01 3.851955719999997640e-01
5.466666666666668561e+00 8.773999999999994026e-01 3.855471079999996942e-01
5.483333333333334281e+00 8.782000000000008688e-01 3.858986440000003459e-01
5.500000000000000000e+00 8.790000000000005587e-01 3.862501800000002206e-01
5.516666666666665719e+00 8.801999999999990942e-01 3.867774839999996161e-01
5.533333333333331439e+00 8.813999999999999613e-01 3.873047879999999554e-01
5.549999999999997158e+00 8.826000000000002732e-01 3.878320920000001282e-01
5.566666666666662877e+00 8.837999999999993639e-01 3.883593959999997458e-01
5.583333333333328596e+00 8.850000000000004530e-01 3.888867000000001961e-01
5.599999999999994316e+00 8.858000000000006979e-01 3.892382360000002928e-01
5.616666666666660035e+00 8.865999999999996106e-01 3.895897719999998343e-01
5.633333333333339965e+00 8.873999999999997446e-01 3.899413079999998755e-01
5.650000000000005684e+00 8.882000000000001005e-01 3.902928440000000276e-01
5.666666666666671404e+00 8.890000000000010116e-01 3.906443800000004019e-01
5.683333333333337123e+00 8.896000000000002794e-01 3.909080320000001274e-01
5.700000000000002842e+00 8.901999999999995472e-01 3.911716839999997974e-01
5.716666666666668561e+00 8.907999999999993701e-01 3.914353359999997450e-01
5.733333333333334281e+00 8.913999999999996371e-01 3.916989879999998037e-01
5.750000000000000000e+00 8.920000000000009033e-01 3.919626400000003619e-01
5.766666666666665719e+00 8.928000000000003711e-01 3.923141760000001255e-01
5.783333333333331439e+00 8.935999999999996168e-01 3.926657119999998335e-01
5.799999999999997158e+00 8.943999999999994177e-01 3.930172479999997082e-01
5.816666666666662877e+00 8.952000000000007729e-01 3.933687840000003044e-01
5.833333333333328596e+00 8.960000000000007958e-01 3.937203200000003456e-01
5.849999999999994316e+00 8.965999999999998415e-01 3.939839719999999046e-01
5.866666666666660035e+00 8.971999999999992204e-01 3.942476239999996301e-01
5.883333333333339965e+00 8.977999999999994873e-01 3.945112759999997998e-01
5.900000000000005684e+00 8.984000000000001984e-01 3.947749280000000249e-01
5.916666666666671404e+00 8.990000000000010205e-01 3.950385800000004166e-01
5.933333333333337123e+00 8.996000000000006214e-01 3.953022320000002532e-01
5.950000000000002842e+00 9.002000000000000002e-01 3.955658839999999787e-01
5.966666666666668561e+00 9.007999999999992680e-01 3.958295359999997043e-01
5.983333333333334281e+00 9.013999999999996460e-01 3.960931879999998184e-01
6.000000000000000000e+00 9.020000000000000240e-01 3.963568399999999881e-01
6.016666666666665719e+00 9.020000000000000240e-01 3.963568399999999881e-01
6.033333333333331439e+00 9.020000000000000240e-01 3.963568399999999881e-01
6.049999999999997158e+00 9.020000000000000240e-01 3.963568399999999881e-01
6.066666666666662877e+00 9.020000000000000240e-01 3.963568399999999881e-01
6.083333333333328596e+00 9.020000000000000240e-01 3.963568399999999881e-01
6.099999999999994316e+00 9.026000000000008461e-01 3.966204920000003797e-01
6.116666666666660035e+00 9.032000000000002249e-01 3.968841440000001053e-01
6.133333333333339965e+00 9.037999999999998257e-01 3.971477959999999419e-01
6.150000000000005684e+00 9.043999999999996486e-01 3.974114479999998339e-01
6.166666666666671404e+00 9.049999999999993605e-01 3.976750999999997260e-01
6.183333333333337123e+00 9.054000000000000936e-01 3.978508679999999686e-01
6.200000000000002842e+00 9.058000000000008267e-01 3.980266360000003223e-01
6.216666666666668561e+00 9.062000000000008937e-01 3.982024040000003429e-01
6.233333333333334281e+00 9.066000000000004055e-01 3.983781720000001414e-01
6.250000000000000000e+00 9.070000000000000284e-01 3.985539399999999399e-01
6.266666666666665719e+00 9.075999999999992962e-01 3.988175919999997210e-01
6.283333333333331439e+00 9.081999999999992301e-01 3.990812439999996131e-01
6.299999999999997158e+00 9.087999999999999412e-01 3.993448959999999492e-01
6.316666666666662877e+00 9.094000000000008743e-01 3.996085480000003964e-01
6.333333333333328596e+00 9.100000000000004752e-01 3.998722000000001775e-01
6.349999999999994316e+00 9.103999999999998760e-01 4.000479679999999205e-01
6.366666666666660035e+00 9.107999999999994989e-01 4.002237359999997190e-01
6.383333333333339965e+00 9.111999999999993438e-01 4.003995039999996841e-01
6.400000000000005684e+00 9.115999999999992998e-01 4.005752719999997047e-01
6.416666666666671404e+00 9.119999999999994778e-01 4.007510399999997253e-01
6.433333333333337123e+00 9.126000000000010770e-01 4.010146920000004500e-01
6.450000000000002842e+00 9.132000000000006779e-01 4.012783440000002866e-01
6.466666666666668561e+00 9.137999999999999456e-01 4.015419959999999566e-01
6.483333333333334281e+00 9.143999999999994355e-01 4.018056479999997377e-01
6.500000000000000000e+00 9.149999999999993694e-01 4.020692999999996298e-01
6.516666666666665719e+00 9.155999999999995254e-01 4.023329519999997994e-01
6.533333333333331439e+00 9.162000000000010136e-01 4.025966040000004686e-01
6.549999999999997158e+00 9.168000000000003924e-01 4.028602560000001387e-01
6.566666666666662877e+00 9.173999999999999932e-01 4.031239079999999753e-01
6.583333333333328596e+00 9.179999999999991500e-01 4.033875599999995898e-01
6.599999999999994316e+00 9.183999999999994390e-01 4.035633279999997214e-01
6.616666666666660035e+00 9.187999999999992840e-01 4.037390959999996864e-01
6.633333333333339965e+00 9.192000000000007942e-01 4.039148640000003732e-01
6.650000000000005684e+00 9.196000000000010832e-01 4.040906320000004492e-01
6.666666666666671404e+00 9.200000000000009281e-01 4.042664000000003588e-01
6.683333333333337123e+00 9.204000000000003290e-01 4.044421680000001018e-01
6.700000000000002842e+00 9.207999999999999519e-01 4.046179360000000114e-01
6.716666666666668561e+00 9.211999999999994637e-01 4.047937039999997544e-01
6.733333333333334281e+00 9.215999999999994197e-01 4.049694719999997194e-01
6.750000000000000000e+00 9.219999999999992646e-01 4.051452399999996845e-01
6.766666666666665719e+00 9.221999999999993536e-01 4.052331239999996670e-01
6.783333333333331439e+00 9.223999999999994426e-01 4.053210079999997051e-01
6.799999999999997158e+00 9.225999999999999757e-01 4.054088919999999652e-01
6.816666666666662877e+00 9.228000000000007308e-01 4.054967760000002808e-01
6.833333333333328596e+00 9.230000000000010418e-01 4.055846600000004298e-01
6.849999999999994316e+00 9.234000000000007757e-01 4.057604280000003394e-01
6.866666666666660035e+00 9.238000000000002876e-01 4.059361960000000824e-01
6.883333333333339965e+00 9.242000000000001325e-01 4.061119640000000475e-01
6.900000000000005684e+00 9.245999999999995334e-01 4.062877319999997905e-01
6.916666666666671404e+00 9.249999999999992673e-01 4.064634999999996445e-01
6.933333333333337123e+00 9.253999999999992232e-01 4.066392679999996096e-01
6.950000000000002842e+00 9.257999999999992902e-01 4.068150359999996857e-01
6.966666666666668561e+00 9.262000000000004674e-01 4.069908040000002059e-01
6.983333333333334281e+00 9.266000000000008674e-01 4.071665720000003375e-01
7.000000000000000000e+00 9.270000000000007123e-01 4.073423400000002470e-01
7.016666666666665719e+00 9.272000000000003572e-01 4.074302240000001185e-01
7.033333333333331439e+00 9.274000000000000021e-01 4.075181079999999900e-01
7.049999999999997158e+00 9.275999999999998691e-01 4.076059919999999726e-01
7.066666666666662877e+00 9.277999999999998471e-01 4.076938759999999551e-01
7.083333333333328596e+00 9.279999999999994920e-01 4.077817599999997711e-01
7.099999999999994316e+00 9.281999999999993589e-01 4.078696439999996981e-01
7.116666666666660035e+00 9.283999999999990038e-01 4.079575279999995141e-01
7.133333333333339965e+00 9.285999999999994259e-01 4.080454119999997187e-01
7.150000000000005684e+00 9.287999999999991818e-01 4.081332959999996457e-01
7.166666666666671404e+00 9.289999999999991598e-01 4.082211799999996282e-01
7.183333333333337123e+00 9.294000000000001149e-01 4.083969479999999819e-01
7.200000000000002842e+00 9.298000000000010701e-01 4.085727160000004465e-01
7.216666666666668561e+00 9.302000000000010260e-01 4.087484840000004671e-01
7.233333333333334281e+00 9.306000000000004269e-01 4.089242520000002101e-01
7.250000000000000000e+00 9.310000000000000497e-01 4.091000199999999531e-01
7.266666666666665719e+00 9.311999999999999167e-01 4.091879039999999357e-01
7.283333333333331439e+00 9.313999999999996726e-01 4.092757879999998072e-01
7.299999999999997158e+00 9.315999999999993175e-01 4.093636719999996787e-01
7.316666666666662877e+00 9.317999999999991845e-01 4.094515559999996057e-01
7.333333333333328596e+00 9.319999999999992735e-01 4.095394399999996993e-01
7.349999999999994316e+00 9.321999999999992514e-01 4.096273239999996263e-01
7.366666666666660035e+00 9.323999999999991184e-01 4.097152079999995533e-01
7.383333333333339965e+00 9.325999999999995405e-01 4.098030919999997579e-01
7.400000000000005684e+00 9.328000000000001846e-01 4.098909760000000735e-01
7.416666666666671404e+00 9.330000000000008287e-01 4.099788600000003336e-01
7.433333333333337123e+00 9.332000000000011397e-01 4.100667440000004826e-01
7.450000000000002842e+00 9.334000000000010067e-01 4.101546280000004097e-01
7.466666666666668561e+00 9.336000000000010957e-01 4.102425120000004477e-01
7.483333333333334281e+00 9.338000000000007406e-01 4.103303960000003192e-01
7.500000000000000000e+00 9.340000000000004965e-01 4.104182800000001352e-01
7.516666666666665719e+00 9.349999999999992761e-01 4.108576999999996593e-01
7.533333333333331439e+00 9.359999999999991660e-01 4.112971199999996275e-01
7.549999999999997158e+00 9.370000000000009432e-01 4.117365400000003728e-01
7.566666666666662877e+00 9.379999999999999449e-01 4.121759599999999524e-01
7.583333333333328596e+00 9.389999999999992797e-01 4.126153799999996985e-01
7.599999999999994316e+00 9.389999999999992797e-01 4.126153799999996985e-01
7.616666666666660035e+00 9.389999999999992797e-01 4.126153799999996985e-01
7.633333333333339965e+00 9.389999999999992797e-01 4.126153799999996985e-01
7.650000000000005684e+00 9.389999999999992797e-01 4.126153799999996985e-01
7.666666666666671404e+00 9.389999999999992797e-01 4.126153799999996985e-01
7.683333333333337123e+00 9.391999999999990356e-01 4.127032639999995145e-01
7.700000000000002842e+00 9.393999999999993467e-01 4.127911479999996636e-01
7.716666666666668561e+00 9.395999999999994357e-01 4.128790319999997016e-01
7.733333333333334281e+00 9.397999999999999687e-01 4.129669159999999617e-01
7.750000000000000000e+00 9.400000000000006128e-01 4.130548000000002218e-01
7.766666666666665719e+00 9.402000000000009239e-01 4.131426840000003708e-01
7.783333333333331439e+00 9.404000000000010129e-01 4.132305680000004089e-01
7.799999999999997158e+00 9.406000000000007688e-01 4.133184520000003359e-01
7.816666666666662877e+00 9.408000000000006358e-01 4.134063360000002629e-01
7.833333333333328596e+00 9.410000000000002807e-01 4.134942200000000789e-01
7.849999999999994316e+00 9.410000000000002807e-01 4.134942200000000789e-01
7.866666666666660035e+00 9.410000000000002807e-01 4.134942200000000789e-01
7.883333333333339965e+00 9.410000000000002807e-01 4.134942200000000789e-01
7.900000000000005684e+00 9.410000000000002807e-01 4.134942200000000789e-01
7.916666666666671404e+00 9.410000000000002807e-01 4.134942200000000789e-01
7.933333333333337123e+00 9.410000000000002807e-01 4.134942200000000789e-01
7.950000000000002842e+00 9.410000000000002807e-01 4.134942200000000789e-01
7.966666666666668561e+00 9.410000000000002807e-01 4.134942200000000789e-01
7.983333333333334281e+00 9.410000000000003917e-01 4.134942200000001344e-01
8.000000000000000000e+00 9.410000000000002807e-01 4.134942200000000789e-01
8.016666666666665719e+00 9.412000000000000366e-01 4.135821040000000059e-01
8.033333333333331439e+00 9.414000000000001256e-01 4.136699880000000440e-01
8.049999999999997158e+00 9.415999999999996595e-01 4.137578719999998600e-01
8.066666666666662877e+00 9.417999999999994154e-01 4.138457559999997315e-01
8.083333333333328596e+00 9.419999999999991713e-01 4.139336399999996030e-01
8.099999999999994316e+00 9.419999999999991713e-01 4.139336399999996030e-01
8.116666666666660035e+00 9.419999999999991713e-01 4.139336399999996030e-01
8.133333333333339965e+00 9.419999999999991713e-01 4.139336399999996030e-01
8.150000000000005684e+00 9.419999999999991713e-01 4.139336399999996030e-01
8.166666666666671404e+00 9.419999999999991713e-01 4.139336399999996030e-01
8.183333333333337123e+00 9.419999999999991713e-01 4.139336399999996030e-01
8.200000000000002842e+00 9.419999999999991713e-01 4.139336399999996030e-01
8.216666666666668561e+00 9.419999999999991713e-01 4.139336399999996030e-01
8.233333333333334281e+00 9.419999999999991713e-01 4.139336399999996030e-01
8.250000000000000000e+00 9.419999999999991713e-01 4.139336399999996030e-01
8.266666666666665719e+00 9.419999999999991713e-01 4.139336399999996030e-01
8.283333333333331439e+00 9.419999999999991713e-01 4.139336399999996030e-01
8.299999999999997158e+00 9.419999999999991713e-01 4.139336399999996030e-01
8.316666666666662877e+00 9.419999999999991713e-01 4.139336399999996030e-01
8.333333333333328596e+00 9.419999999999991713e-01 4.139336399999996030e-01
8.349999999999994316e+00 9.419999999999991713e-01 4.139336399999996030e-01
8.366666666666660035e+00 9.419999999999991713e-01 4.139336399999996030e-01
8.383333333333339965e+00 9.419999999999991713e-01 4.139336399999996030e-01
8.400000000000005684e+00 9.419999999999991713e-01 4.139336399999996030e-01
8.416666666666671404e+00 9.419999999999991713e-01 4.139336399999996030e-01
8.433333333333337123e+00 9.419999999999991713e-01 4.139336399999996030e-01
8.450000000000002842e+00 9.419999999999991713e-01 4.139336399999996030e-01
8.466666666666668561e+00 9.419999999999991713e-01 4.139336399999996030e-01
8.483333333333334281e+00 9.419999999999991713e-01 4.139336399999996030e-01
8.500000000000000000e+00 9.419999999999991713e-01 4.139336399999996030e-01
8.516666666666665719e+00 9.419999999999991713e-01 4.139336399999996030e-01
8.533333333333331439e+00 9.419999999999991713e-01 4.139336399999996030e-01
8.549999999999997158e+00 9.419999999999991713e-01 4.139336399999996030e-01
8.566666666666662877e+00 9.419999999999991713e-01 4.139336399999996030e-01
8.583333333333328596e+00 9.419999999999991713e-01 4.139336399999996030e-01
8.599999999999994316e+00 9.419999999999991713e-01 4.139336399999996030e-01
8.616666666666660035e+00 9.419999999999991713e-01 4.139336399999996030e-01
8.633333333333339965e+00 9.419999999999991713e-01 4.139336399999996030e-01
8.650000000000005684e+00 9.419999999999991713e-01 4.139336399999996030e-01
8.666666666666671404e+00 9.419999999999991713e-01 4.139336399999996030e-01
8.683333333333337123e+00 9.419999999999991713e-01 4.139336399999996030e-01
8.700000000000002842e+00 9.419999999999991713e-01 4.139336399999996030e-01
8.716666666666668561e+00 9.419999999999991713e-01 4.139336399999996030e-01
8.733333333333334281e+00 9.419999999999991713e-01 4.139336399999996030e-01
8.750000000000000000e+00 9.419999999999991713e-01 4.139336399999996030e-01
8.766666666666665719e+00 9.417999999999994154e-01 4.138457559999997315e-01
8.783333333333331439e+00 9.415999999999996595e-01 4.137578719999998600e-01
8.799999999999997158e+00 9.414000000000001256e-01 4.136699880000000440e-01
8.816666666666662877e+00 9.412000000000000366e-01 4.135821040000000059e-01
8.833333333333328596e+00 9.410000000000002807e-01 4.134942200000000789e-01
8.849999999999994316e+00 9.410000000000002807e-01 4.134942200000000789e-01
8.866666666666660035e+00 9.410000000000002807e-01 4.134942200000000789e-01
8.883333333333339965e+00 9.410000000000002807e-01 4.134942200000000789e-01
8.900000000000005684e+00 9.410000000000002807e-01 4.134942200000000789e-01
8.916666666666671404e+00 9.410000000000002807e-01 4.134942200000000789e-01
8.933333333333337123e+00 9.408000000000006358e-01 4.134063360000002629e-01
8.950000000000002842e+00 9.406000000000007688e-01 4.133184520000003359e-01
8.966666666666668561e+00 9.404000000000010129e-01 4.132305680000004089e-01
8.983333333333334281e+00 9.402000000000009239e-01 4.131426840000003708e-01
9.000000000000000000e+00 9.400000000000006128e-01 4.130548000000002218e-01
9.016666666666665719e+00 9.397999999999999687e-01 4.129669159999999617e-01
9.033333333333331439e+00 9.395999999999994357e-01 4.128790319999997016e-01
9.049999999999997158e+00 9.393999999999993467e-01 4.127911479999996636e-01
9.066666666666662877e+00 9.391999999999990356e-01 4.127032639999995145e-01
9.083333333333328596e+00 9.389999999999992797e-01 4.126153799999996985e-01
9.099999999999994316e+00 9.387999999999994127e-01 4.125274959999997160e-01
9.116666666666660035e+00 9.385999999999993237e-01 4.124396119999996779e-01
9.133333333333339965e+00 9.383999999999995678e-01 4.123517279999997509e-01
9.150000000000005684e+00 9.381999999999998119e-01 4.122638439999998794e-01
9.166666666666671404e+00 9.379999999999999449e-01 4.121759599999999524e-01
9.183333333333337123e+00 9.377999999999999670e-01 4.120880759999999698e-01
9.200000000000002842e+00 9.376000000000002110e-01 4.120001920000000983e-01
9.216666666666668561e+00 9.374000000000005661e-01 4.119123080000002268e-01
9.233333333333334281e+00 9.372000000000008102e-01 4.118244240000003553e-01
9.250000000000000000e+00 9.370000000000009432e-01 4.117365400000003728e-01
9.266666666666665719e+00 9.368000000000009653e-01 4.116486560000003903e-01
9.283333333333331439e+00 9.366000000000005432e-01 4.115607720000001857e-01
9.299999999999997158e+00 9.364000000000008983e-01 4.114728880000003697e-01
9.316666666666662877e+00 9.362000000000001432e-01 4.113850040000000541e-01
9.333333333333328596e+00 9.359999999999991660e-01 4.112971199999996275e-01
9.349999999999994316e+00 9.357999999999994101e-01 4.112092359999997004e-01
9.366666666666660035e+00 9.355999999999994321e-01 4.111213519999997179e-01
9.383333333333339965e+00 9.353999999999993431e-01 4.110334679999996799e-01
9.400000000000005684e+00 9.351999999999991431e-01 4.109455839999995863e-01
9.416666666666671404e+00 9.349999999999992761e-01 4.108576999999996593e-01
9.433333333333337123e+00 9.347999999999996312e-01 4.107698159999998433e-01
9.450000000000002842e+00 9.345999999999998753e-01 4.106819319999999718e-01
9.466666666666668561e+00 9.344000000000000083e-01 4.105940479999999893e-01
9.483333333333334281e+00 9.342000000000002524e-01 4.105061640000001177e-01
9.500000000000000000e+00 9.340000000000004965e-01 4.104182800000001352e-01
9.516666666666665719e+00 9.338000000000007406e-01 4.103303960000003192e-01
9.533333333333331439e+00 9.336000000000010957e-01 4.102425120000004477e-01
9.549999999999997158e+00 9.334000000000010067e-01 4.101546280000004097e-01
9.566666666666662877e+00 9.332000000000011397e-01 4.100667440000004826e-01
9.583333333333328596e+00 9.330000000000008287e-01 4.099788600000003336e-01
9.599999999999994316e+00 9.327999999999998515e-01 4.098909759999999070e-01
9.616666666666660035e+00 9.325999999999995405e-01 4.098030919999997579e-01
9.633333333333339965e+00 9.323999999999994515e-01 4.097152079999997198e-01
9.650000000000005684e+00 9.321999999999992514e-01 4.096273239999996263e-01
9.666666666666671404e+00 9.319999999999992735e-01 4.095394399999996993e-01
9.683333333333337123e+00 9.310000000000000497e-01 4.091000199999999531e-01
9.700000000000002842e+00 9.300000000000010481e-01 4.086606000000004291e-01
9.716666666666668561e+00 9.289999999999991598e-01 4.082211799999996282e-01
9.733333333333334281e+00 9.279999999999994920e-01 4.077817599999997711e-01
9.750000000000000000e+00 9.270000000000007123e-01 4.073423400000002470e-01
9.766666666666665719e+00 9.268000000000008454e-01 4.072544560000003200e-01
9.783333333333331439e+00 9.266000000000008674e-01 4.071665720000003375e-01
9.799999999999997158e+00 9.264000000000011115e-01 4.070786880000004659e-01
9.816666666666662877e+00 9.262000000000006894e-01 4.069908040000003169e-01
9.833333333333328596e+00 9.260000000000000453e-01 4.069029200000000013e-01
9.849999999999994316e+00 9.255999999999993122e-01 4.067271519999997031e-01
9.866666666666660035e+00 9.251999999999994673e-01 4.065513839999997381e-01
9.883333333333339965e+00 9.247999999999992893e-01 4.063756159999996620e-01
9.900000000000005684e+00 9.243999999999998884e-01 4.061998479999999190e-01
9.916666666666671404e+00 9.240000000000000435e-01 4.060240799999999539e-01
9.933333333333337123e+00 9.236000000000007537e-01 4.058483120000003219e-01
9.950000000000002842e+00 9.232000000000009088e-01 4.056725440000004124e-01
9.966666666666668561e+00 9.228000000000006198e-01 4.054967760000002253e-01
9.983333333333334281e+00 9.223999999999997756e-01 4.053210079999998716e-01
1.000000000000000000e+01 9.219999999999992646e-01 4.051452399999996845e-01
1.001666666666666572e+01 9.215999999999994197e-01 4.049694719999997194e-01
1.003333333333333144e+01 9.211999999999994637e-01 4.047937039999997544e-01
1.004999999999999716e+01 9.207999999999999519e-01 4.046179360000000114e-01
1.006666666666666288e+01 9.204000000000003290e-01 4.044421680000001018e-01
1.008333333333332860e+01 9.200000000000009281e-01 4.042664000000003588e-01
1.009999999999999432e+01 9.196000000000009722e-01 4.040906320000003937e-01
1.011666666666666003e+01 9.192000000000003501e-01 4.039148640000001511e-01
1.013333333333333997e+01 9.187999999999992840e-01 4.037390959999996864e-01
1.015000000000000568e+01 9.183999999999994390e-01 4.035633279999997214e-01
1.016666666666667140e+01 9.179999999999991500e-01 4.033875599999995898e-01
1.018333333333333712e+01 9.175999999999996382e-01 4.032117919999998468e-01
1.020000000000000284e+01 9.172000000000000153e-01 4.030360239999999927e-01
1.021666666666666856e+01 9.168000000000006144e-01 4.028602560000002497e-01
1.023333333333333428e+01 9.164000000000009916e-01 4.026844880000004512e-01
1.025000000000000000e+01 9.160000000000008136e-01 4.025087200000003196e-01
1.026666666666666572e+01 9.153999999999995474e-01 4.022450679999997614e-01
1.028333333333333144e+01 9.147999999999993914e-01 4.019814159999997027e-01
1.029999999999999716e+01 9.141999999999995685e-01 4.017177639999998107e-01
1.031666666666666288e+01 9.136000000000003007e-01 4.014541120000000851e-01
1.033333333333332860e+01 9.130000000000009219e-01 4.011904600000003596e-01
1.034999999999999432e+01 9.126000000000010770e-01 4.010146920000004500e-01
1.036666666666666003e+01 9.122000000000001219e-01 4.008389240000000964e-01
1.038333333333333997e+01 9.117999999999992777e-01 4.006631559999996872e-01
1.040000000000000568e+01 9.113999999999993218e-01 4.004873879999996666e-01
1.041666666666667140e+01 9.109999999999993658e-01 4.003116199999996461e-01
1.043333333333333712e+01 9.104000000000000981e-01 4.000479680000000315e-01
1.045000000000000284e+01 9.098000000000006082e-01 3.997843160000002505e-01
1.046666666666666856e+01 9.092000000000010074e-01 3.995206640000004139e-01
1.048333333333333428e+01 9.085999999999995191e-01 3.992570119999998002e-01
1.050000000000000000e+01 9.079999999999993632e-01 3.989933599999996305e-01
1.051666666666666572e+01 9.077999999999990521e-01 3.989054759999995925e-01
1.053333333333333144e+01 9.075999999999992962e-01 3.988175919999997210e-01
1.054999999999999716e+01 9.073999999999996513e-01 3.987297079999998495e-01
1.056666666666666288e+01 9.071999999999997844e-01 3.986418239999998669e-01
1.058333333333332860e+01 9.070000000000000284e-01 3.985539399999999399e-01
1.059999999999999432e+01 9.064000000000006496e-01 3.982902880000002699e-01
1.061666666666666003e+01 9.058000000000011598e-01 3.980266360000004888e-01
1.063333333333333997e+01 9.051999999999992275e-01 3.977629839999996531e-01
1.065000000000000568e+01 9.045999999999990715e-01 3.974993319999995944e-01
1.066666666666667140e+01 9.039999999999995817e-01 3.972356799999997579e-01
1.068333333333333712e+01 9.034000000000002029e-01 3.969720280000000878e-01
1.070000000000000284e+01 9.028000000000008241e-01 3.967083760000003623e-01
1.071666666666666856e+01 9.022000000000010012e-01 3.964447240000004147e-01
1.073333333333333428e+01 9.015999999999998460e-01 3.961810719999999120e-01
1.075000000000000000e+01 9.009999999999991349e-01 3.959174199999995758e-01
1.076666666666666572e+01 9.003999999999997561e-01 3.956537679999998502e-01
1.078333333333333144e+01 8.998000000000002663e-01 3.953901160000000692e-01
1.079999999999999716e+01 8.992000000000007764e-01 3.951264640000002881e-01
1.081666666666666288e+01 8.986000000000007315e-01 3.948628120000002850e-01
1.083333333333332860e+01 8.979999999999995763e-01 3.945991599999997823e-01
1.084999999999999432e+01 8.971999999999995534e-01 3.942476239999997967e-01
1.086666666666666003e+01 8.964000000000003077e-01 3.938960880000001441e-01
1.088333333333333997e+01 8.956000000000007288e-01 3.935445520000002695e-01
1.090000000000000568e+01 8.947999999999994847e-01 3.931930159999997842e-01
1.091666666666667140e+01 8.939999999999990177e-01 3.928414799999995211e-01
1.093333333333333712e+01 8.933999999999998609e-01 3.925778279999999065e-01
1.095000000000000284e+01 8.928000000000003711e-01 3.923141760000001255e-01
1.096666666666666856e+01 8.922000000000009923e-01 3.920505240000003999e-01
1.098333333333333428e+01 8.916000000000001702e-01 3.917868720000000082e-01
1.100000000000000000e+01 8.909999999999993481e-01 3.915232199999996721e-01
1.101666666666666572e+01 8.901999999999995472e-01 3.911716839999997974e-01
1.103333333333333144e+01 8.894000000000004125e-01 3.908201480000002004e-01
1.104999999999999716e+01 8.886000000000008336e-01 3.904686120000003258e-01
1.106666666666666288e+01 8.877999999999994785e-01 3.901170759999997850e-01
1.108333333333332860e+01 8.869999999999993445e-01 3.897655399999996884e-01
1.109999999999999432e+01 8.862000000000002098e-01 3.894140040000000358e-01
1.111666666666666003e+01 8.854000000000012971e-01 3.890624680000006053e-01
1.113333333333333997e+01 8.845999999999993868e-01 3.887109319999996759e-01
1.115000000000000568e+01 8.837999999999989198e-01 3.883593959999994683e-01
1.116666666666667140e+01 8.829999999999998961e-01 3.880078599999999267e-01
1.118333333333333712e+01 8.822000000000008724e-01 3.876563240000003296e-01
1.120000000000000284e+01 8.813999999999999613e-01 3.873047879999999554e-01
1.121666666666666856e+01 8.805999999999993832e-01 3.869532519999996922e-01
1.123333333333333428e+01 8.797999999999998044e-01 3.866017159999998731e-01
1.125000000000000000e+01 8.790000000000005587e-01 3.862501800000002206e-01
1.126666666666666572e+01 8.782000000000008688e-01 3.858986440000003459e-01
1.128333333333333144e+01 8.773999999999994026e-01 3.855471079999996942e-01
1.129999999999999716e+01 8.765999999999994907e-01 3.851955719999997640e-01
1.131666666666666288e+01 8.758000000000001339e-01 3.848440360000000560e-01
1.133333333333332860e+01 8.750000000000008882e-01 3.844925000000004034e-01
1.134999999999999432e+01 8.739999999999996660e-01 3.840530799999998246e-01
1.136666666666666003e+01 8.729999999999997762e-01 3.836136599999998564e-01
1.138333333333333997e+01 8.720000000000005524e-01 3.831742400000002213e-01
1.140000000000000568e+01 8.709999999999995524e-01 3.827348199999998091e-01
1.141666666666667140e+01 8.699999999999991074e-01 3.822953999999995633e-01
1.143333333333333712e+01 8.695999999999994845e-01 3.821196319999997648e-01
1.145000000000000284e+01 8.691999999999999726e-01 3.819438639999999663e-01
1.146666666666666856e+01 8.688000000000004608e-01 3.817680960000001678e-01
1.148333333333333428e+01 8.684000000000008379e-01 3.815923280000003692e-01
1.150000000000000000e+01 8.680000000000007709e-01 3.814165600000003487e-01
1.151666666666666572e+01 8.671999999999995268e-01 3.810650239999997524e-01
1.153333333333333144e+01 8.663999999999992818e-01 3.807134879999996557e-01
1.154999999999999716e+01 8.656000000000001471e-01 3.803619520000000032e-01
1.156666666666666288e+01 8.648000000000009013e-01 3.800104160000003506e-01
1.158333333333332860e+01 8.639999999999997682e-01 3.796588799999999209e-01
1.159999999999999432e+01 8.629999999999994342e-01 3.792194599999997306e-01
1.161666666666666003e+01 8.620000000000004325e-01 3.787800400000001511e-01
1.163333333333333997e+01 8.610000000000003206e-01 3.783406200000001274e-01
1.165000000000000568e+01 8.599999999999990985e-01 3.779011999999995486e-01
1.166666666666667140e+01 8.589999999999999858e-01 3.774617799999999690e-01
1.168333333333333712e+01 8.580000000000009841e-01 3.770223600000004449e-01
1.170000000000000284e+01 8.569999999999992069e-01 3.765829399999995886e-01
1.171666666666666856e+01 8.559999999999994280e-01 3.761435199999997314e-01
1.173333333333333428e+01 8.550000000000005373e-01 3.757041000000002073e-01
1.175000000000000000e+01 8.540000000000005365e-01 3.752646800000002392e-01
1.176666666666666572e+01 8.527999999999991143e-01 3.747373759999995668e-01
1.178333333333333144e+01 8.516000000000003567e-01 3.742100720000001157e-01
1.179999999999999716e+01 8.504000000000000448e-01 3.736827679999999985e-01
1.181666666666666288e+01 8.491999999999993998e-01 3.731554639999997147e-01
1.183333333333332860e+01 8.480000000000006422e-01 3.726281600000002636e-01
1.184999999999999432e+01 8.467999999999998861e-01 3.721008559999999243e-01
1.186666666666666003e+01 8.455999999999996852e-01 3.715735519999998626e-01
1.188333333333333997e+01 8.444000000000007056e-01 3.710462480000003005e-01
1.190000000000000568e+01 8.431999999999992834e-01 3.705189439999996281e-01
1.191666666666667140e+01 8.419999999999997486e-01 3.699916399999998995e-01
1.193333333333333712e+01 8.408000000000008800e-01 3.694643360000003374e-01
1.195000000000000284e+01 8.395999999999992358e-01 3.689370319999996650e-01
1.196666666666666856e+01 8.383999999999999231e-01 3.684097279999999919e-01
1.198333333333333428e+01 8.372000000000009434e-01 3.678824240000004298e-01
1.200000000000000000e+01 8.359999999999992992e-01 3.673551199999996464e-01
1.201666666666666572e+01 8.346000000000001195e-01 3.667399320000000462e-01
1.203333333333333144e+01 8.332000000000002737e-01 3.661247440000000575e-01
1.204999999999999716e+01 8.317999999999996508e-01 3.655095559999997912e-01
1.206666666666666288e+01 8.304000000000010262e-01 3.648943680000004131e-01
1.208333333333332860e+01 8.289999999999991820e-01 3.642791799999996472e-01
1.209999999999999432e+01 8.278000000000002023e-01 3.637518760000000295e-01
1.211666666666666003e+01 8.266000000000012227e-01 3.632245720000005229e-01
1.213333333333333997e+01 8.253999999999989123e-01 3.626972679999995175e-01
1.215000000000000568e+01 8.242000000000001547e-01 3.621699640000000664e-01
1.216666666666667140e+01 8.230000000000002869e-01 3.616426600000001712e-01
1.218333333333333712e+01 8.213999999999997970e-01 3.609395879999998669e-01
1.220000000000000284e+01 8.198000000000006393e-01 3.602365160000002842e-01
1.221666666666666856e+01 8.181999999999994833e-01 3.595334439999997578e-01
1.223333333333333428e+01 8.166000000000007697e-01 3.588303720000003416e-01
1.225000000000000000e+01 8.149999999999991696e-01 3.581272999999996487e-01
1.226666666666666572e+01 8.136000000000004340e-01 3.575121120000001596e-01
1.228333333333333144e+01 8.121999999999994779e-01 3.568969239999997267e-01
1.229999999999999716e+01 8.107999999999999652e-01 3.562817359999999600e-01
1.231666666666666288e+01 8.094000000000010075e-01 3.556665480000004154e-01
1.233333333333332860e+01 8.079999999999993854e-01 3.550513599999997050e-01
1.234999999999999432e+01 8.064000000000011159e-01 3.543482880000004553e-01
1.236666666666666003e+01 8.047999999999998488e-01 3.536452159999998734e-01
1.238333333333333997e+01 8.032000000000004691e-01 3.529421440000002352e-01
1.240000000000000568e+01 8.015999999999990910e-01 3.522390719999995423e-01
1.241666666666667140e+01 8.000000000000005995e-01 3.515360000000002372e-01
1.243333333333333712e+01 7.983999999999991104e-01 3.508329279999995998e-01
1.245000000000000284e+01 7.968000000000001748e-01 3.501298560000000726e-01
1.246666666666666856e+01 7.951999999999996849e-01 3.494267839999998237e-01
1.248333333333333428e+01 7.935999999999999721e-01 3.487237119999999635e-01
1.250000000000000000e+01 7.920000000000001483e-01 3.480206399999999922e-01
1.251666666666666572e+01 7.905999999999995254e-01 3.474054519999997814e-01
1.253333333333333144e+01 7.892000000000009008e-01 3.467902640000004033e-01
1.254999999999999716e+01 7.877999999999995007e-01 3.461750759999997484e-01
1.256666666666666288e+01 7.864000000000002100e-01 3.455598880000000372e-01
1.258333333333332860e+01 7.849999999999999201e-01 3.449446999999999375e-01
1.259999999999999432e+01 7.832000000000002293e-01 3.441537440000000947e-01
1.261666666666666003e+01 7.814000000000007606e-01 3.433627880000003074e-01
1.263333333333333997e+01 7.796000000000000707e-01 3.425718319999999650e-01
1.265000000000000568e+01 7.777999999999989367e-01 3.417808759999995116e-01
1.266666666666667140e+01 7.760000000000003562e-01 3.409899200000001684e-01
1.268333333333333712e+01 7.739999999999995772e-01 3.401110799999997880e-01
1.270000000000000284e+01 7.720000000000006857e-01 3.392322400000002958e-01
1.271666666666666856e+01 7.699999999999997957e-01 3.383533999999999153e-01
1.273333333333333428e+01 7.680000000000006821e-01 3.374745600000002566e-01
1.275000000000000000e+01 7.660000000000001252e-01 3.365957200000000427e-01
1.276666666666666572e+01 7.639999999999993463e-01 3.357168799999996622e-01
1.278333333333333144e+01 7.620000000000005658e-01 3.348380400000002255e-01
1.279999999999999716e+01 7.599999999999992317e-01 3.339591999999996230e-01
1.281666666666666288e+01 7.580000000000008953e-01 3.330803600000004083e-01
1.283333333333332860e+01 7.559999999999998943e-01 3.322015199999999724e-01
1.284999999999999432e+01 7.537999999999996925e-01 3.312347959999998315e-01
1.286666666666666003e+01 7.516000000000011561e-01 3.302680720000004677e-01
1.288333333333333997e+01 7.493999999999990669e-01 3.293013479999995496e-01
1.290000000000000568e+01 7.471999999999995312e-01 3.283346239999997418e-01
1.291666666666667140e+01 7.450000000000004396e-01 3.273679000000002115e-01
1.293333333333333712e+01 7.427999999999992387e-01 3.264011759999996820e-01
1.295000000000000284e+01 7.406000000000004801e-01 3.254344520000002072e-01
1.296666666666666856e+01 7.384000000000001673e-01 3.244677280000000663e-01
1.298333333333333428e+01 7.361999999999994104e-01 3.235010039999997034e-01
1.300000000000000000e+01 7.340000000000005409e-01 3.225342800000002286e-01
1.301666666666666572e+01 7.316000000000002501e-01 3.214796720000001051e-01
1.303333333333333144e+01 7.291999999999992932e-01 3.204250639999997041e-01
1.304999999999999716e+01 7.268000000000002236e-01 3.193704560000000248e-01
1.306666666666666288e+01 7.244000000000005990e-01 3.183158480000002344e-01
1.308333333333332860e+01 7.219999999999995310e-01 3.172612399999997779e-01
1.309999999999999432e+01 7.194000000000003725e-01 3.161187480000001160e-01
1.311666666666666003e+01 7.168000000000015470e-01 3.149762560000006761e-01
1.313333333333333997e+01 7.141999999999996129e-01 3.138337639999997930e-01
1.315000000000000568e+01 7.115999999999993442e-01 3.126912719999996870e-01
1.316666666666667140e+01 7.089999999999995195e-01 3.115487799999998031e-01
1.318333333333333712e+01 7.064000000000008050e-01 3.104062880000003077e-01
1.320000000000000284e+01 7.038000000000003142e-01 3.092637960000001462e-01
1.321666666666666856e+01 7.011999999999997124e-01 3.081213039999998182e-01
1.323333333333333428e+01 6.985999999999996657e-01 3.069788119999998233e-01
1.325000000000000000e+01 6.960000000000003961e-01 3.058363200000001059e-01
1.326666666666666572e+01 6.930000000000006155e-01 3.045180600000002014e-01
1.328333333333333144e+01 6.900000000000005018e-01 3.031998000000001858e-01
1.329999999999999716e+01 6.870000000000002771e-01 3.018815400000000593e-01
1.331666666666666288e+01 6.839999999999997193e-01 3.005632799999999327e-01
1.333333333333332860e+01 6.809999999999992726e-01 2.992450199999996951e-01
1.334999999999999432e+01 6.780000000000001581e-01 2.979267600000000682e-01
1.336666666666666003e+01 6.750000000000015987e-01 2.966085000000006633e-01
1.338333333333333997e+01 6.719999999999987095e-01 2.952902399999994265e-01
1.340000000000000568e+01 6.690000000000001501e-01 2.939719800000000216e-01
1.341666666666667140e+01 6.660000000000005915e-01 2.926537200000002281e-01
1.343333333333333712e+01 6.626000000000005219e-01 2.911596920000001920e-01
1.345000000000000284e+01 6.592000000000004523e-01 2.896656640000002114e-01
1.346666666666666856e+01 6.558000000000003826e-01 2.881716360000001753e-01
1.348333333333333428e+01 6.524000000000004240e-01 2.866776080000001947e-01
1.350000000000000000e+01 6.490000000000003544e-01 2.851835800000001031e-01
1.351666666666666572e+01 6.456000000000002848e-01 2.836895520000001225e-01
1.353333333333333144e+01 6.422000000000003261e-01 2.821955240000000864e-01
1.354999999999999716e+01 6.388000000000001455e-01 2.807014960000000503e-01
1.356666666666666288e+01 6.354000000000002979e-01 2.792074680000001252e-01
1.358333333333332860e+01 6.320000000000002283e-01 2.777134400000000891e-01
1.359999999999999432e+01 6.282000000000009798e-01 2.760436440000004210e-01
1.361666666666666003e+01 6.244000000000016204e-01 2.743738480000006974e-01
1.363333333333333997e+01 6.205999999999988193e-01 2.727040519999994195e-01
1.365000000000000568e+01 6.167999999999990157e-01 2.710342559999995848e-01
1.366666666666667140e+01 6.129999999999998783e-01 2.693644599999999723e-01
1.368333333333333712e+01 6.089999999999995417e-01 2.676067799999997665e-01
1.370000000000000284e+01 6.049999999999997602e-01 2.658490999999998938e-01
1.371666666666666856e+01 6.010000000000002007e-01 2.640914200000000767e-01
1.373333333333333428e+01 5.970000000000004192e-01 2.623337400000002040e-01
1.375000000000000000e+01 5.930000000000004157e-01 2.605760600000002203e-01
1.376666666666666572e+01 5.885999999999997900e-01 2.586426119999998829e-01
1.378333333333333144e+01 5.841999999999998305e-01 2.567091639999999342e-01
1.379999999999999716e+01 5.798000000000003151e-01 2.547757160000001520e-01
1.381666666666666288e+01 5.753999999999999115e-01 2.528422679999999256e-01
1.383333333333332860e+01 5.709999999999995079e-01 2.509088199999998103e-01
1.384999999999999432e+01 5.662000000000012578e-01 2.487996040000005626e-01
1.386666666666666003e+01 5.614000000000021195e-01 2.466903880000009264e-01
1.388333333333333997e+01 5.565999999999987624e-01 2.445811719999994305e-01
1.390000000000000568e+01 5.517999999999990690e-01 2.424719559999995722e-01
1.391666666666667140e+01 5.469999999999997087e-01 2.403627399999998249e-01
1.393333333333333712e+01 5.426000000000004153e-01 2.384292920000001537e-01
1.395000000000000284e+01 5.382000000000001227e-01 2.364958440000000661e-01
1.396666666666666856e+01 5.337999999999999412e-01 2.345623959999999786e-01
1.398333333333333428e+01 5.293999999999996486e-01 2.326289479999998355e-01
1.400000000000000000e+01 5.250000000000003553e-01 2.306955000000001643e-01
1.401666666666666572e+01 5.195999999999997288e-01 2.283226319999998588e-01
1.403333333333333144e+01 5.141999999999998794e-01 2.259497639999999696e-01
1.404999999999999716e+01 5.087999999999995859e-01 2.235768959999998029e-01
1.406666666666666288e+01 5.033999999999999586e-01 2.212040279999999692e-01
1.408333333333332860e+01 4.980000000000001648e-01 2.188311600000000801e-01
1.409999999999999432e+01 4.920000000000013807e-01 2.161946400000005764e-01
1.411666666666666003e+01 4.860000000000017639e-01 2.135581200000007673e-01
1.413333333333333997e+01 4.799999999999980949e-01 2.109215999999991265e-01
1.415000000000000568e+01 4.739999999999995328e-01 2.082850799999997893e-01
1.416666666666667140e+01 4.679999999999995830e-01 2.056485599999998137e-01
1.418333333333333712e+01 4.616000000000004544e-01 2.028362720000002062e-01
1.420000000000000284e+01 4.552000000000000490e-01 2.000239840000000158e-01
1.421666666666666856e+01 4.487999999999995882e-01 1.972116959999998254e-01
1.423333333333333428e+01 4.424000000000001820e-01 1.943994080000000790e-01
1.425000000000000000e+01 4.360000000000003872e-01 1.915871200000001662e-01
1.426666666666666572e+01 4.290000000000004921e-01 1.885111800000002225e-01
1.428333333333333144e+01 4.220000000000003748e-01 1.854352400000001677e-01
1.429999999999999716e+01 4.150000000000002021e-01 1.823593000000001130e-01
1.431666666666666288e+01 4.080000000000001403e-01 1.792833600000000582e-01
1.433333333333332860e+01 4.009999999999996900e-01 1.762074199999998647e-01
1.434999999999999432e+01 3.932000000000009376e-01 1.727799440000004072e-01
1.436666666666666003e+01 3.854000000000026294e-01 1.693524680000011440e-01
1.438333333333333997e+01 3.775999999999970491e-01 1.659249919999986889e-01
1.440000000000000568e+01 3.697999999999987408e-01 1.624975159999994534e-01
1.441666666666667140e+01 3.620000000000002660e-01 1.590700400000001069e-01
1.443333333333333712e+01 3.536000000000003030e-01 1.553789120000001189e-01
1.445000000000000284e+01 3.452000000000001179e-01 1.516877840000000477e-01
1.446666666666666856e+01 3.367999999999998217e-01 1.479966559999999209e-01
1.448333333333333428e+01 3.283999999999997477e-01 1.443055279999999052e-01
1.450000000000000000e+01 3.199999999999997846e-01 1.406143999999999172e-01
1.451666666666666572e+01 3.111999999999997546e-01 1.367475039999998809e-01
1.453333333333333144e+01 3.023999999999999466e-01 1.328806079999999556e-01
1.454999999999999716e+01 2.936000000000001942e-01 1.290137120000000859e-01
1.456666666666666288e+01 2.848000000000002196e-01 1.251468160000001051e-01
1.458333333333332860e+01 2.760000000000000786e-01 1.212799200000000133e-01
1.459999999999999432e+01 2.664000000000016910e-01 1.170614880000007407e-01
1.461666666666666003e+01 2.568000000000031924e-01 1.128430560000013988e-01
1.463333333333333997e+01 2.471999999999966169e-01 1.086246239999985042e-01
1.465000000000000568e+01 2.375999999999985068e-01 1.044061919999993426e-01
1.466666666666667140e+01 2.279999999999998694e-01 1.001877599999999313e-01
1.468333333333333712e+01 2.173999999999998989e-01 9.552990799999995508e-02
1.470000000000000284e+01 2.068000000000001781e-01 9.087205600000007599e-02
1.471666666666666856e+01 1.961999999999998467e-01 8.621420399999991935e-02
1.473333333333333428e+01 1.855999999999999039e-01 8.155635199999995699e-02
1.475000000000000000e+01 1.750000000000001832e-01 7.689850000000006403e-02
1.476666666666666572e+01 1.640000000000000624e-01 7.206488000000001171e-02
1.478333333333333144e+01 1.529999999999999138e-01 6.723125999999995939e-02
1.479999999999999716e+01 1.419999999999999596e-01 6.239763999999998340e-02
1.481666666666666288e+01 1.310000000000000331e-01 5.756402000000000740e-02
1.483333333333332860e+01 1.199999999999999262e-01 5.273039999999996896e-02
1.484999999999999432e+01 9.600000000000404043e-02 4.218432000000176679e-02
1.486666666666666003e+01 7.200000000000815470e-02 3.163824000000358544e-02
1.488333333333333997e+01 4.799999999999179923e-02 2.109215999999639740e-02
1.490000000000000568e+01 2.399999999999589961e-02 1.054607999999819870e-02
1.491666666666667140e+01 0.000000000000000000e+00 0.000000000000000000e+00
1.493333333333333712e+01 0.000000000000000000e+00 0.000000000000000000e+00
1.495000000000000284e+01 0.000000000000000000e+00 0.000000000000000000e+00
1.496666666666666856e+01 0.000000000000000000e+00 0.000000000000000000e+00
1.498333333333333428e+01 0.000000000000000000e+00 0.000000000000000000e+00
1.500000000000000000e+01 0.000000000000000000e+00 0.000000000000000000e+00
1.501666666666666572e+01 0.000000000000000000e+00 0.000000000000000000e+00
1.503333333333333144e+01 0.000000000000000000e+00 0.000000000000000000e+00
1.504999999999999716e+01 0.000000000000000000e+00 0.000000000000000000e+00
1.506666666666666288e+01 0.000000000000000000e+00 0.000000000000000000e+00
1.508333333333332860e+01 0.000000000000000000e+00 0.000000000000000000e+00
1.509999999999999432e+01 0.000000000000000000e+00 0.000000000000000000e+00
1.511666666666666003e+01 0.000000000000000000e+00 0.000000000000000000e+00
1.513333333333333997e+01 0.000000000000000000e+00 0.000000000000000000e+00
1.515000000000000568e+01 0.000000000000000000e+00 0.000000000000000000e+00
1.516666666666667140e+01 0.000000000000000000e+00 0.000000000000000000e+00
1.518333333333333712e+01 0.000000000000000000e+00 0.000000000000000000e+00
1.520000000000000284e+01 0.000000000000000000e+00 0.000000000000000000e+00
1.521666666666666856e+01 0.000000000000000000e+00 0.000000000000000000e+00
1.523333333333333428e+01 0.000000000000000000e+00 0.000000000000000000e+00
1.525000000000000000e+01 0.000000000000000000e+00 0.000000000000000000e+00
1.526666666666666572e+01 0.000000000000000000e+00 0.000000000000000000e+00
1.528333333333333144e+01 0.000000000000000000e+00 0.000000000000000000e+00
1.529999999999999716e+01 0.000000000000000000e+00 0.000000000000000000e+00
1.531666666666666288e+01 0.000000000000000000e+00 0.000000000000000000e+00
1.533333333333332860e+01 0.000000000000000000e+00 0.000000000000000000e+00
1.534999999999999432e+01 0.000000000000000000e+00 0.000000000000000000e+00
1.536666666666666003e+01 0.000000000000000000e+00 0.000000000000000000e+00
1.538333333333333997e+01 0.000000000000000000e+00 0.000000000000000000e+00
1.540000000000000568e+01 0.000000000000000000e+00 0.000000000000000000e+00
1.541666666666667140e+01 0.000000000000000000e+00 0.000000000000000000e+00
1.543333333333333712e+01 0.000000000000000000e+00 0.000000000000000000e+00
1.545000000000000284e+01 0.000000000000000000e+00 0.000000000000000000e+00
1.546666666666666856e+01 0.000000000000000000e+00 0.000000000000000000e+00
1.548333333333333428e+01 0.000000000000000000e+00 0.000000000000000000e+00
1.550000000000000000e+01 0.000000000000000000e+00 0.000000000000000000e+00
1.551666666666666572e+01 0.000000000000000000e+00 0.000000000000000000e+00
1.553333333333333144e+01 0.000000000000000000e+00 0.000000000000000000e+00
1.554999999999999716e+01 0.000000000000000000e+00 0.000000000000000000e+00
1.556666666666666288e+01 0.000000000000000000e+00 0.000000000000000000e+00
1.558333333333332860e+01 0.000000000000000000e+00 0.000000000000000000e+00
1.559999999999999432e+01 0.000000000000000000e+00 0.000000000000000000e+00
1.561666666666666003e+01 0.000000000000000000e+00 0.000000000000000000e+00
1.563333333333333997e+01 0.000000000000000000e+00 0.000000000000000000e+00
1.565000000000000568e+01 0.000000000000000000e+00 0.000000000000000000e+00
1.566666666666667140e+01 0.000000000000000000e+00 0.000000000000000000e+00
1.568333333333333712e+01 0.000000000000000000e+00 0.000000000000000000e+00
1.570000000000000284e+01 0.000000000000000000e+00 0.000000000000000000e+00
1.571666666666666856e+01 0.000000000000000000e+00 0.000000000000000000e+00
1.573333333333333428e+01 0.000000000000000000e+00 0.000000000000000000e+00
1.575000000000000000e+01 0.000000000000000000e+00 0.000000000000000000e+00
1.576666666666666572e+01 0.000000000000000000e+00 0.000000000000000000e+00
1.578333333333333144e+01 0.000000000000000000e+00 0.000000000000000000e+00
1.579999999999999716e+01 0.000000000000000000e+00 0.000000000000000000e+00
1.581666666666666288e+01 0.000000000000000000e+00 0.000000000000000000e+00
1.583333333333332860e+01 0.000000000000000000e+00 0.000000000000000000e+00
1.584999999999999432e+01 0.000000000000000000e+00 0.000000000000000000e+00
1.586666666666666003e+01 0.000000000000000000e+00 0.000000000000000000e+00
1.588333333333333997e+01 0.000000000000000000e+00 0.000000000000000000e+00
1.590000000000000568e+01 0.000000000000000000e+00 0.000000000000000000e+00
1.591666666666667140e+01 0.000000000000000000e+00 0.000000000000000000e+00
1.593333333333333712e+01 0.000000000000000000e+00 0.000000000000000000e+00
1.595000000000000284e+01 0.000000000000000000e+00 0.000000000000000000e+00
1.596666666666666856e+01 0.000000000000000000e+00 0.000000000000000000e+00
1.598333333333333428e+01 0.000000000000000000e+00 0.000000000000000000e+00
1.600000000000000000e+01 0.000000000000000000e+00 0.000000000000000000e+00
1.601666666666666572e+01 0.000000000000000000e+00 0.000000000000000000e+00
1.603333333333333144e+01 0.000000000000000000e+00 0.000000000000000000e+00
1.604999999999999716e+01 0.000000000000000000e+00 0.000000000000000000e+00
1.606666666666666288e+01 0.000000000000000000e+00 0.000000000000000000e+00
1.608333333333332860e+01 0.000000000000000000e+00 0.000000000000000000e+00
1.609999999999999432e+01 0.000000000000000000e+00 0.000000000000000000e+00
1.611666666666666003e+01 0.000000000000000000e+00 0.000000000000000000e+00
1.613333333333333997e+01 0.000000000000000000e+00 0.000000000000000000e+00
1.615000000000000568e+01 0.000000000000000000e+00 0.000000000000000000e+00
1.616666666666667140e+01 0.000000000000000000e+00 0.000000000000000000e+00
1.618333333333333712e+01 0.000000000000000000e+00 0.000000000000000000e+00
1.620000000000000284e+01 0.000000000000000000e+00 0.000000000000000000e+00
1.621666666666666856e+01 0.000000000000000000e+00 0.000000000000000000e+00
1.623333333333333428e+01 0.000000000000000000e+00 0.000000000000000000e+00
1.625000000000000000e+01 0.000000000000000000e+00 0.000000000000000000e+00
1.626666666666666572e+01 0.000000000000000000e+00 0.000000000000000000e+00
1.628333333333333144e+01 0.000000000000000000e+00 0.000000000000000000e+00
1.629999999999999716e+01 0.000000000000000000e+00 0.000000000000000000e+00
1.631666666666666288e+01 0.000000000000000000e+00 0.000000000000000000e+00
1.633333333333332860e+01 0.000000000000000000e+00 0.000000000000000000e+00
1.634999999999999432e+01 0.000000000000000000e+00 0.000000000000000000e+00
1.636666666666666003e+01 0.000000000000000000e+00 0.000000000000000000e+00
1.638333333333333997e+01 0.000000000000000000e+00 0.000000000000000000e+00
1.640000000000000568e+01 0.000000000000000000e+00 0.000000000000000000e+00
1.641666666666667140e+01 0.000000000000000000e+00 0.000000000000000000e+00
1.643333333333333712e+01 0.000000000000000000e+00 0.000000000000000000e+00
1.645000000000000284e+01 0.000000000000000000e+00 0.000000000000000000e+00
1.646666666666666856e+01 0.000000000000000000e+00 0.000000000000000000e+00
1.648333333333333428e+01 0.000000000000000000e+00 0.000000000000000000e+00
1.650000000000000000e+01 0.000000000000000000e+00 0.000000000000000000e+00
1.651666666666666572e+01 0.000000000000000000e+00 0.000000000000000000e+00
1.653333333333333144e+01 0.000000000000000000e+00 0.000000000000000000e+00
1.654999999999999716e+01 0.000000000000000000e+00 0.000000000000000000e+00
1.656666666666666288e+01 0.000000000000000000e+00 0.000000000000000000e+00
1.658333333333332860e+01 0.000000000000000000e+00 0.000000000000000000e+00
1.659999999999999432e+01 0.000000000000000000e+00 0.000000000000000000e+00
1.661666666666666003e+01 0.000000000000000000e+00 0.000000000000000000e+00
1.663333333333333997e+01 0.000000000000000000e+00 0.000000000000000000e+00
1.665000000000000568e+01 0.000000000000000000e+00 0.000000000000000000e+00
1.666666666666667140e+01 0.000000000000000000e+00 0.000000000000000000e+00
1.668333333333333712e+01 0.000000000000000000e+00 0.000000000000000000e+00
1.670000000000000284e+01 0.000000000000000000e+00 0.000000000000000000e+00
1.671666666666666856e+01 0.000000000000000000e+00 0.000000000000000000e+00
1.673333333333333428e+01 0.000000000000000000e+00 0.000000000000000000e+00
1.675000000000000000e+01 0.000000000000000000e+00 0.000000000000000000e+00
1.676666666666666572e+01 0.000000000000000000e+00 0.000000000000000000e+00
1.678333333333333144e+01 0.000000000000000000e+00 0.000000000000000000e+00
1.679999999999999716e+01 0.000000000000000000e+00 0.000000000000000000e+00
1.681666666666666288e+01 0.000000000000000000e+00 0.000000000000000000e+00
1.683333333333332860e+01 0.000000000000000000e+00 0.000000000000000000e+00
1.684999999999999432e+01 0.000000000000000000e+00 0.000000000000000000e+00
1.686666666666666003e+01 0.000000000000000000e+00 0.000000000000000000e+00
1.688333333333333997e+01 0.000000000000000000e+00 0.000000000000000000e+00
1.690000000000000568e+01 0.000000000000000000e+00 0.000000000000000000e+00
1.691666666666667140e+01 0.000000000000000000e+00 0.000000000000000000e+00
1.693333333333333712e+01 0.000000000000000000e+00 0.000000000000000000e+00
1.695000000000000284e+01 0.000000000000000000e+00 0.000000000000000000e+00
1.696666666666666856e+01 0.000000000000000000e+00 0.000000000000000000e+00
1.698333333333333428e+01 0.000000000000000000e+00 0.000000000000000000e+00
1.700000000000000000e+01 0.000000000000000000e+00 0.000000000000000000e+00
1.701666666666666572e+01 0.000000000000000000e+00 0.000000000000000000e+00
1.703333333333333144e+01 0.000000000000000000e+00 0.000000000000000000e+00
1.704999999999999716e+01 0.000000000000000000e+00 0.000000000000000000e+00
1.706666666666666288e+01 0.000000000000000000e+00 0.000000000000000000e+00
1.708333333333332860e+01 0.000000000000000000e+00 0.000000000000000000e+00
1.709999999999999432e+01 0.000000000000000000e+00 0.000000000000000000e+00
1.711666666666666003e+01 0.000000000000000000e+00 0.000000000000000000e+00
1.713333333333333997e+01 0.000000000000000000e+00 0.000000000000000000e+00
1.715000000000000568e+01 0.000000000000000000e+00 0.000000000000000000e+00
1.716666666666667140e+01 0.000000000000000000e+00 0.000000000000000000e+00
1.718333333333333712e+01 0.000000000000000000e+00 0.000000000000000000e+00
1.720000000000000284e+01 0.000000000000000000e+00 0.000000000000000000e+00
1.721666666666666856e+01 0.000000000000000000e+00 0.000000000000000000e+00
1.723333333333333428e+01 0.000000000000000000e+00 0.000000000000000000e+00
1.725000000000000000e+01 0.000000000000000000e+00 0.000000000000000000e+00
1.726666666666666572e+01 0.000000000000000000e+00 0.000000000000000000e+00
1.728333333333333144e+01 0.000000000000000000e+00 0.000000000000000000e+00
1.729999999999999716e+01 0.000000000000000000e+00 0.000000000000000000e+00
1.731666666666666288e+01 0.000000000000000000e+00 0.000000000000000000e+00
1.733333333333332860e+01 0.000000000000000000e+00 0.000000000000000000e+00
1.734999999999999432e+01 0.000000000000000000e+00 0.000000000000000000e+00
1.736666666666666003e+01 0.000000000000000000e+00 0.000000000000000000e+00
1.738333333333333997e+01 0.000000000000000000e+00 0.000000000000000000e+00
1.740000000000000568e+01 0.000000000000000000e+00 0.000000000000000000e+00
1.741666666666667140e+01 0.000000000000000000e+00 0.000000000000000000e+00
1.743333333333333712e+01 0.000000000000000000e+00 0.000000000000000000e+00
1.745000000000000284e+01 0.000000000000000000e+00 0.000000000000000000e+00
1.746666666666666856e+01 0.000000000000000000e+00 0.000000000000000000e+00
1.748333333333333428e+01 0.000000000000000000e+00 0.000000000000000000e+00
1.750000000000000000e+01 0.000000000000000000e+00 0.000000000000000000e+00
1.751666666666666572e+01 0.000000000000000000e+00 0.000000000000000000e+00
1.753333333333333144e+01 0.000000000000000000e+00 0.000000000000000000e+00
1.754999999999999716e+01 0.000000000000000000e+00 0.000000000000000000e+00
1.756666666666666288e+01 0.000000000000000000e+00 0.000000000000000000e+00
1.758333333333332860e+01 0.000000000000000000e+00 0.000000000000000000e+00
1.759999999999999432e+01 0.000000000000000000e+00 0.000000000000000000e+00
1.761666666666666003e+01 0.000000000000000000e+00 0.000000000000000000e+00
1.763333333333333997e+01 0.000000000000000000e+00 0.000000000000000000e+00
1.765000000000000568e+01 0.000000000000000000e+00 0.000000000000000000e+00
1.766666666666667140e+01 0.000000000000000000e+00 0.000000000000000000e+00
1.768333333333333712e+01 0.000000000000000000e+00 0.000000000000000000e+00
1.770000000000000284e+01 0.000000000000000000e+00 0.000000000000000000e+00
1.771666666666666856e+01 0.000000000000000000e+00 0.000000000000000000e+00
1.773333333333333428e+01 0.000000000000000000e+00 0.000000000000000000e+00
1.775000000000000000e+01 0.000000000000000000e+00 0.000000000000000000e+00
1.776666666666666572e+01 0.000000000000000000e+00 0.000000000000000000e+00
1.778333333333333144e+01 0.000000000000000000e+00 0.000000000000000000e+00
1.779999999999999716e+01 0.000000000000000000e+00 0.000000000000000000e+00
1.781666666666666288e+01 0.000000000000000000e+00 0.000000000000000000e+00
1.783333333333332860e+01 0.000000000000000000e+00 0.000000000000000000e+00
1.784999999999999432e+01 0.000000000000000000e+00 0.000000000000000000e+00
1.786666666666666003e+01 0.000000000000000000e+00 0.000000000000000000e+00
1.788333333333333997e+01 0.000000000000000000e+00 0.000000000000000000e+00
1.790000000000000568e+01 0.000000000000000000e+00 0.000000000000000000e+00
1.791666666666667140e+01 0.000000000000000000e+00 0.000000000000000000e+00
1.793333333333333712e+01 0.000000000000000000e+00 0.000000000000000000e+00
1.795000000000000284e+01 0.000000000000000000e+00 0.000000000000000000e+00
1.796666666666666856e+01 0.000000000000000000e+00 0.000000000000000000e+00
1.798333333333333428e+01 0.000000000000000000e+00 0.000000000000000000e+00
1.800000000000000000e+01 0.000000000000000000e+00 0.000000000000000000e+00
1.801666666666666572e+01 0.000000000000000000e+00 0.000000000000000000e+00
1.803333333333333144e+01 0.000000000000000000e+00 0.000000000000000000e+00
1.804999999999999716e+01 0.000000000000000000e+00 0.000000000000000000e+00
1.806666666666666288e+01 0.000000000000000000e+00 0.000000000000000000e+00
1.808333333333332860e+01 0.000000000000000000e+00 0.000000000000000000e+00
1.809999999999999432e+01 0.000000000000000000e+00 0.000000000000000000e+00
1.811666666666666003e+01 0.000000000000000000e+00 0.000000000000000000e+00
1.813333333333333997e+01 0.000000000000000000e+00 0.000000000000000000e+00
1.815000000000000568e+01 0.000000000000000000e+00 0.000000000000000000e+00
1.816666666666667140e+01 0.000000000000000000e+00 0.000000000000000000e+00
1.818333333333333712e+01 0.000000000000000000e+00 0.000000000000000000e+00
1.820000000000000284e+01 0.000000000000000000e+00 0.000000000000000000e+00
1.821666666666666856e+01 0.000000000000000000e+00 0.000000000000000000e+00
1.823333333333333428e+01 0.000000000000000000e+00 0.000000000000000000e+00
1.825000000000000000e+01 0.000000000000000000e+00 0.000000000000000000e+00
1.826666666666666572e+01 0.000000000000000000e+00 0.000000000000000000e+00
1.828333333333333144e+01 0.000000000000000000e+00 0.000000000000000000e+00
1.829999999999999716e+01 0.000000000000000000e+00 0.000000000000000000e+00
1.831666666666666288e+01 0.000000000000000000e+00 0.000000000000000000e+00
1.833333333333332860e+01 0.000000000000000000e+00 0.000000000000000000e+00
1.834999999999999432e+01 0.000000000000000000e+00 0.000000000000000000e+00
1.836666666666666003e+01 0.000000000000000000e+00 0.000000000000000000e+00
1.838333333333333997e+01 0.000000000000000000e+00 0.000000000000000000e+00
1.840000000000000568e+01 0.000000000000000000e+00 0.000000000000000000e+00
1.841666666666667140e+01 0.000000000000000000e+00 0.000000000000000000e+00
1.843333333333333712e+01 0.000000000000000000e+00 0.000000000000000000e+00
1.845000000000000284e+01 0.000000000000000000e+00 0.000000000000000000e+00
1.846666666666666856e+01 0.000000000000000000e+00 0.000000000000000000e+00
1.848333333333333428e+01 0.000000000000000000e+00 0.000000000000000000e+00
1.850000000000000000e+01 0.000000000000000000e+00 0.000000000000000000e+00
1.851666666666666572e+01 0.000000000000000000e+00 0.000000000000000000e+00
1.853333333333333144e+01 0.000000000000000000e+00 0.000000000000000000e+00
1.854999999999999716e+01 0.000000000000000000e+00 0.000000000000000000e+00
1.856666666666666288e+01 0.000000000000000000e+00 0.000000000000000000e+00
1.858333333333332860e+01 0.000000000000000000e+00 0.000000000000000000e+00
1.859999999999999432e+01 0.000000000000000000e+00 0.000000000000000000e+00
1.861666666666666003e+01 0.000000000000000000e+00 0.000000000000000000e+00
1.863333333333333997e+01 0.000000000000000000e+00 0.000000000000000000e+00
1.865000000000000568e+01 0.000000000000000000e+00 0.000000000000000000e+00
1.866666666666667140e+01 0.000000000000000000e+00 0.000000000000000000e+00
1.868333333333333712e+01 0.000000000000000000e+00 0.000000000000000000e+00
1.870000000000000284e+01 0.000000000000000000e+00 0.000000000000000000e+00
1.871666666666666856e+01 0.000000000000000000e+00 0.000000000000000000e+00
1.873333333333333428e+01 0.000000000000000000e+00 0.000000000000000000e+00
1.875000000000000000e+01 0.000000000000000000e+00 0.000000000000000000e+00
1.876666666666666572e+01 0.000000000000000000e+00 0.000000000000000000e+00
1.878333333333333144e+01 0.000000000000000000e+00 0.000000000000000000e+00
1.879999999999999716e+01 0.000000000000000000e+00 0.000000000000000000e+00
1.881666666666666288e+01 0.000000000000000000e+00 0.000000000000000000e+00
1.883333333333332860e+01 0.000000000000000000e+00 0.000000000000000000e+00
1.884999999999999432e+01 0.000000000000000000e+00 0.000000000000000000e+00
1.886666666666666003e+01 0.000000000000000000e+00 0.000000000000000000e+00
1.888333333333333997e+01 0.000000000000000000e+00 0.000000000000000000e+00
1.890000000000000568e+01 0.000000000000000000e+00 0.000000000000000000e+00
1.891666666666667140e+01 0.000000000000000000e+00 0.000000000000000000e+00
1.893333333333333712e+01 0.000000000000000000e+00 0.000000000000000000e+00
1.895000000000000284e+01 0.000000000000000000e+00 0.000000000000000000e+00
1.896666666666666856e+01 0.000000000000000000e+00 0.000000000000000000e+00
1.898333333333333428e+01 0.000000000000000000e+00 0.000000000000000000e+00
1.900000000000000000e+01 0.000000000000000000e+00 0.000000000000000000e+00
1.901666666666666572e+01 0.000000000000000000e+00 0.000000000000000000e+00
1.903333333333333144e+01 0.000000000000000000e+00 0.000000000000000000e+00
1.904999999999999716e+01 0.000000000000000000e+00 0.000000000000000000e+00
1.906666666666666288e+01 0.000000000000000000e+00 0.000000000000000000e+00
1.908333333333332860e+01 0.000000000000000000e+00 0.000000000000000000e+00
1.909999999999999432e+01 0.000000000000000000e+00 0.000000000000000000e+00
1.911666666666666003e+01 0.000000000000000000e+00 0.000000000000000000e+00
1.913333333333333997e+01 0.000000000000000000e+00 0.000000000000000000e+00
1.915000000000000568e+01 0.000000000000000000e+00 0.000000000000000000e+00
1.916666666666667140e+01 0.000000000000000000e+00 0.000000000000000000e+00
1.918333333333333712e+01 0.000000000000000000e+00 0.000000000000000000e+00
1.920000000000000284e+01 0.000000000000000000e+00 0.000000000000000000e+00
1.921666666666666856e+01 0.000000000000000000e+00 0.000000000000000000e+00
1.923333333333333428e+01 0.000000000000000000e+00 0.000000000000000000e+00
1.925000000000000000e+01 0.000000000000000000e+00 0.000000000000000000e+00
1.926666666666666572e+01 0.000000000000000000e+00 0.000000000000000000e+00
1.928333333333333144e+01 0.000000000000000000e+00 0.000000000000000000e+00
1.929999999999999716e+01 0.000000000000000000e+00 0.000000000000000000e+00
1.931666666666666288e+01 0.000000000000000000e+00 0.000000000000000000e+00
1.933333333333332860e+01 0.000000000000000000e+00 0.000000000000000000e+00
1.934999999999999432e+01 0.000000000000000000e+00 0.000000000000000000e+00
1.936666666666666003e+01 0.000000000000000000e+00 0.000000000000000000e+00
1.938333333333333997e+01 0.000000000000000000e+00 0.000000000000000000e+00
1.940000000000000568e+01 0.000000000000000000e+00 0.000000000000000000e+00
1.941666666666667140e+01 0.000000000000000000e+00 0.000000000000000000e+00
1.943333333333333712e+01 0.000000000000000000e+00 0.000000000000000000e+00
1.945000000000000284e+01 0.000000000000000000e+00 0.000000000000000000e+00
1.946666666666666856e+01 0.000000000000000000e+00 0.000000000000000000e+00
1.948333333333333428e+01 0.000000000000000000e+00 0.000000000000000000e+00
1.950000000000000000e+01 0.000000000000000000e+00 0.000000000000000000e+00
1.951666666666666572e+01 0.000000000000000000e+00 0.000000000000000000e+00
1.953333333333333144e+01 0.000000000000000000e+00 0.000000000000000000e+00
1.954999999999999716e+01 0.000000000000000000e+00 0.000000000000000000e+00
1.956666666666666288e+01 0.000000000000000000e+00 0.000000000000000000e+00
1.958333333333332860e+01 0.000000000000000000e+00 0.000000000000000000e+00
1.959999999999999432e+01 0.000000000000000000e+00 0.000000000000000000e+00
1.961666666666666003e+01 0.000000000000000000e+00 0.000000000000000000e+00
1.963333333333333997e+01 0.000000000000000000e+00 0.000000000000000000e+00
1.965000000000000568e+01 0.000000000000000000e+00 0.000000000000000000e+00
1.966666666666667140e+01 0.000000000000000000e+00 0.000000000000000000e+00
1.968333333333333712e+01 0.000000000000000000e+00 0.000000000000000000e+00
1.970000000000000284e+01 0.000000000000000000e+00 0.000000000000000000e+00
1.971666666666666856e+01 0.000000000000000000e+00 0.000000000000000000e+00
1.973333333333333428e+01 0.000000000000000000e+00 0.000000000000000000e+00
1.975000000000000000e+01 0.000000000000000000e+00 0.000000000000000000e+00
1.976666666666666572e+01 0.000000000000000000e+00 0.000000000000000000e+00
1.978333333333333144e+01 0.000000000000000000e+00 0.000000000000000000e+00
1.979999999999999716e+01 0.000000000000000000e+00 0.000000000000000000e+00
1.981666666666666288e+01 0.000000000000000000e+00 0.000000000000000000e+00
1.983333333333332860e+01 0.000000000000000000e+00 0.000000000000000000e+00
1.984999999999999432e+01 0.000000000000000000e+00 0.000000000000000000e+00
1.986666666666666003e+01 0.000000000000000000e+00 0.000000000000000000e+00
1.988333333333333997e+01 0.000000000000000000e+00 0.000000000000000000e+00
1.990000000000000568e+01 0.000000000000000000e+00 0.000000000000000000e+00
1.991666666666667140e+01 0.000000000000000000e+00 0.000000000000000000e+00
1.993333333333333712e+01 0.000000000000000000e+00 0.000000000000000000e+00
1.995000000000000284e+01 0.000000000000000000e+00 0.000000000000000000e+00
1.996666666666666856e+01 0.000000000000000000e+00 0.000000000000000000e+00
1.998333333333333428e+01 0.000000000000000000e+00 0.000000000000000000e+00
2.000000000000000000e+01 0.000000000000000000e+00 0.000000000000000000e+00
2.001666666666666572e+01 0.000000000000000000e+00 0.000000000000000000e+00
2.003333333333333144e+01 0.000000000000000000e+00 0.000000000000000000e+00
2.004999999999999716e+01 0.000000000000000000e+00 0.000000000000000000e+00
2.006666666666666288e+01 0.000000000000000000e+00 0.000000000000000000e+00
2.008333333333332860e+01 0.000000000000000000e+00 0.000000000000000000e+00
2.009999999999999432e+01 0.000000000000000000e+00 0.000000000000000000e+00
2.011666666666666003e+01 0.000000000000000000e+00 0.000000000000000000e+00
2.013333333333333997e+01 0.000000000000000000e+00 0.000000000000000000e+00
2.015000000000000568e+01 0.000000000000000000e+00 0.000000000000000000e+00
2.016666666666667140e+01 0.000000000000000000e+00 0.000000000000000000e+00
2.018333333333333712e+01 0.000000000000000000e+00 0.000000000000000000e+00
2.020000000000000284e+01 0.000000000000000000e+00 0.000000000000000000e+00
2.021666666666666856e+01 0.000000000000000000e+00 0.000000000000000000e+00
2.023333333333333428e+01 0.000000000000000000e+00 0.000000000000000000e+00
2.025000000000000000e+01 0.000000000000000000e+00 0.000000000000000000e+00
2.026666666666666572e+01 0.000000000000000000e+00 0.000000000000000000e+00
2.028333333333333144e+01 0.000000000000000000e+00 0.000000000000000000e+00
2.029999999999999716e+01 0.000000000000000000e+00 0.000000000000000000e+00
2.031666666666666288e+01 0.000000000000000000e+00 0.000000000000000000e+00
2.033333333333332860e+01 0.000000000000000000e+00 0.000000000000000000e+00
2.034999999999999432e+01 0.000000000000000000e+00 0.000000000000000000e+00
2.036666666666666003e+01 0.000000000000000000e+00 0.000000000000000000e+00
2.038333333333333997e+01 0.000000000000000000e+00 0.000000000000000000e+00
2.040000000000000568e+01 0.000000000000000000e+00 0.000000000000000000e+00
2.041666666666667140e+01 0.000000000000000000e+00 0.000000000000000000e+00
2.043333333333333712e+01 0.000000000000000000e+00 0.000000000000000000e+00
2.045000000000000284e+01 0.000000000000000000e+00 0.000000000000000000e+00
2.046666666666666856e+01 0.000000000000000000e+00 0.000000000000000000e+00
2.048333333333333428e+01 0.000000000000000000e+00 0.000000000000000000e+00
2.050000000000000000e+01 0.000000000000000000e+00 0.000000000000000000e+00
2.051666666666666572e+01 0.000000000000000000e+00 0.000000000000000000e+00
2.053333333333333144e+01 0.000000000000000000e+00 0.000000000000000000e+00
2.054999999999999716e+01 0.000000000000000000e+00 0.000000000000000000e+00
2.056666666666666288e+01 0.000000000000000000e+00 0.000000000000000000e+00
2.058333333333332860e+01 0.000000000000000000e+00 0.000000000000000000e+00
2.059999999999999432e+01 0.000000000000000000e+00 0.000000000000000000e+00
2.061666666666666003e+01 0.000000000000000000e+00 0.000000000000000000e+00
2.063333333333333997e+01 0.000000000000000000e+00 0.000000000000000000e+00
2.065000000000000568e+01 0.000000000000000000e+00 0.000000000000000000e+00
2.066666666666667140e+01 0.000000000000000000e+00 0.000000000000000000e+00
2.068333333333333712e+01 0.000000000000000000e+00 0.000000000000000000e+00
2.070000000000000284e+01 0.000000000000000000e+00 0.000000000000000000e+00
2.071666666666666856e+01 0.000000000000000000e+00 0.000000000000000000e+00
2.073333333333333428e+01 0.000000000000000000e+00 0.000000000000000000e+00
2.075000000000000000e+01 0.000000000000000000e+00 0.000000000000000000e+00
2.076666666666666572e+01 0.000000000000000000e+00 0.000000000000000000e+00
2.078333333333333144e+01 0.000000000000000000e+00 0.000000000000000000e+00
2.079999999999999716e+01 0.000000000000000000e+00 0.000000000000000000e+00
2.081666666666666288e+01 0.000000000000000000e+00 0.000000000000000000e+00
2.083333333333332860e+01 0.000000000000000000e+00 0.000000000000000000e+00
2.084999999999999432e+01 0.000000000000000000e+00 0.000000000000000000e+00
2.086666666666666003e+01 0.000000000000000000e+00 0.000000000000000000e+00
2.088333333333333997e+01 0.000000000000000000e+00 0.000000000000000000e+00
2.090000000000000568e+01 0.000000000000000000e+00 0.000000000000000000e+00
2.091666666666667140e+01 0.000000000000000000e+00 0.000000000000000000e+00
2.093333333333333712e+01 0.000000000000000000e+00 0.000000000000000000e+00
2.095000000000000284e+01 0.000000000000000000e+00 0.000000000000000000e+00
2.096666666666666856e+01 0.000000000000000000e+00 0.000000000000000000e+00
2.098333333333333428e+01 0.000000000000000000e+00 0.000000000000000000e+00
2.100000000000000000e+01 0.000000000000000000e+00 0.000000000000000000e+00
2.101666666666666572e+01 0.000000000000000000e+00 0.000000000000000000e+00
2.103333333333333144e+01 0.000000000000000000e+00 0.000000000000000000e+00
2.104999999999999716e+01 0.000000000000000000e+00 0.000000000000000000e+00
2.106666666666666288e+01 0.000000000000000000e+00 0.000000000000000000e+00
2.108333333333332860e+01 0.000000000000000000e+00 0.000000000000000000e+00
2.109999999999999432e+01 0.000000000000000000e+00 0.000000000000000000e+00
2.111666666666666003e+01 0.000000000000000000e+00 0.000000000000000000e+00
2.113333333333333997e+01 0.000000000000000000e+00 0.000000000000000000e+00
2.115000000000000568e+01 0.000000000000000000e+00 0.000000000000000000e+00
2.116666666666667140e+01 0.000000000000000000e+00 0.000000000000000000e+00
2.118333333333333712e+01 0.000000000000000000e+00 0.000000000000000000e+00
2.120000000000000284e+01 0.000000000000000000e+00 0.000000000000000000e+00
2.121666666666666856e+01 0.000000000000000000e+00 0.000000000000000000e+00
2.123333333333333428e+01 0.000000000000000000e+00 0.000000000000000000e+00
2.125000000000000000e+01 0.000000000000000000e+00 0.000000000000000000e+00
2.126666666666666572e+01 0.000000000000000000e+00 0.000000000000000000e+00
2.128333333333333144e+01 0.000000000000000000e+00 0.000000000000000000e+00
2.129999999999999716e+01 0.000000000000000000e+00 0.000000000000000000e+00
2.131666666666666288e+01 0.000000000000000000e+00 0.000000000000000000e+00
2.133333333333332860e+01 0.000000000000000000e+00 0.000000000000000000e+00
2.134999999999999432e+01 0.000000000000000000e+00 0.000000000000000000e+00
2.136666666666666003e+01 0.000000000000000000e+00 0.000000000000000000e+00
2.138333333333333997e+01 0.000000000000000000e+00 0.000000000000000000e+00
2.140000000000000568e+01 0.000000000000000000e+00 0.000000000000000000e+00
2.141666666666667140e+01 0.000000000000000000e+00 0.000000000000000000e+00
2.143333333333333712e+01 0.000000000000000000e+00 0.000000000000000000e+00
2.145000000000000284e+01 0.000000000000000000e+00 0.000000000000000000e+00
2.146666666666666856e+01 0.000000000000000000e+00 0.000000000000000000e+00
2.148333333333333428e+01 0.000000000000000000e+00 0.000000000000000000e+00
2.150000000000000000e+01 0.000000000000000000e+00 0.000000000000000000e+00
2.151666666666666572e+01 0.000000000000000000e+00 0.000000000000000000e+00
2.153333333333333144e+01 0.000000000000000000e+00 0.000000000000000000e+00
2.154999999999999716e+01 0.000000000000000000e+00 0.000000000000000000e+00
2.156666666666666288e+01 0.000000000000000000e+00 0.000000000000000000e+00
2.158333333333332860e+01 0.000000000000000000e+00 0.000000000000000000e+00
2.159999999999999432e+01 0.000000000000000000e+00 0.000000000000000000e+00
2.161666666666666003e+01 0.000000000000000000e+00 0.000000000000000000e+00
2.163333333333333997e+01 0.000000000000000000e+00 0.000000000000000000e+00
2.165000000000000568e+01 0.000000000000000000e+00 0.000000000000000000e+00
2.166666666666667140e+01 0.000000000000000000e+00 0.000000000000000000e+00
2.168333333333333712e+01 0.000000000000000000e+00 0.000000000000000000e+00
2.170000000000000284e+01 0.000000000000000000e+00 0.000000000000000000e+00
2.171666666666666856e+01 0.000000000000000000e+00 0.000000000000000000e+00
2.173333333333333428e+01 0.000000000000000000e+00 0.000000000000000000e+00
2.175000000000000000e+01 0.000000000000000000e+00 0.000000000000000000e+00
2.176666666666666572e+01 0.000000000000000000e+00 0.000000000000000000e+00
2.178333333333333144e+01 0.000000000000000000e+00 0.000000000000000000e+00
2.179999999999999716e+01 0.000000000000000000e+00 0.000000000000000000e+00
2.181666666666666288e+01 0.000000000000000000e+00 0.000000000000000000e+00
2.183333333333332860e+01 0.000000000000000000e+00 0.000000000000000000e+00
2.184999999999999432e+01 0.000000000000000000e+00 0.000000000000000000e+00
2.186666666666666003e+01 0.000000000000000000e+00 0.000000000000000000e+00
2.188333333333333997e+01 0.000000000000000000e+00 0.000000000000000000e+00
2.190000000000000568e+01 0.000000000000000000e+00 0.000000000000000000e+00
2.191666666666667140e+01 0.000000000000000000e+00 0.000000000000000000e+00
2.193333333333333712e+01 0.000000000000000000e+00 0.000000000000000000e+00
2.195000000000000284e+01 0.000000000000000000e+00 0.000000000000000000e+00
2.196666666666666856e+01 0.000000000000000000e+00 0.000000000000000000e+00
2.198333333333333428e+01 0.000000000000000000e+00 0.000000000000000000e+00
2.200000000000000000e+01 0.000000000000000000e+00 0.000000000000000000e+00
2.201666666666666572e+01 0.000000000000000000e+00 0.000000000000000000e+00
2.203333333333333144e+01 0.000000000000000000e+00 0.000000000000000000e+00
2.204999999999999716e+01 0.000000000000000000e+00 0.000000000000000000e+00
2.206666666666666288e+01 0.000000000000000000e+00 0.000000000000000000e+00
2.208333333333332860e+01 0.000000000000000000e+00 0.000000000000000000e+00
2.209999999999999432e+01 0.000000000000000000e+00 0.000000000000000000e+00
2.211666666666666003e+01 0.000000000000000000e+00 0.000000000000000000e+00
2.213333333333333997e+01 0.000000000000000000e+00 0.000000000000000000e+00
2.215000000000000568e+01 0.000000000000000000e+00 0.000000000000000000e+00
2.216666666666667140e+01 0.000000000000000000e+00 0.000000000000000000e+00
2.218333333333333712e+01 0.000000000000000000e+00 0.000000000000000000e+00
2.220000000000000284e+01 0.000000000000000000e+00 0.000000000000000000e+00
2.221666666666666856e+01 0.000000000000000000e+00 0.000000000000000000e+00
2.223333333333333428e+01 0.000000000000000000e+00 0.000000000000000000e+00
2.225000000000000000e+01 0.000000000000000000e+00 0.000000000000000000e+00
2.226666666666666572e+01 0.000000000000000000e+00 0.000000000000000000e+00
2.228333333333333144e+01 0.000000000000000000e+00 0.000000000000000000e+00
2.229999999999999716e+01 0.000000000000000000e+00 0.000000000000000000e+00
2.231666666666666288e+01 0.000000000000000000e+00 0.000000000000000000e+00
2.233333333333332860e+01 0.000000000000000000e+00 0.000000000000000000e+00
2.234999999999999432e+01 0.000000000000000000e+00 0.000000000000000000e+00
2.236666666666666003e+01 0.000000000000000000e+00 0.000000000000000000e+00
2.238333333333333997e+01 0.000000000000000000e+00 0.000000000000000000e+00
2.240000000000000568e+01 0.000000000000000000e+00 0.000000000000000000e+00
2.241666666666667140e+01 0.000000000000000000e+00 0.000000000000000000e+00
2.243333333333333712e+01 0.000000000000000000e+00 0.000000000000000000e+00
2.245000000000000284e+01 0.000000000000000000e+00 0.000000000000000000e+00
2.246666666666666856e+01 0.000000000000000000e+00 0.000000000000000000e+00
2.248333333333333428e+01 0.000000000000000000e+00 0.000000000000000000e+00
2.250000000000000000e+01 0.000000000000000000e+00 0.000000000000000000e+00
2.251666666666666572e+01 0.000000000000000000e+00 0.000000000000000000e+00
2.253333333333333144e+01 0.000000000000000000e+00 0.000000000000000000e+00
2.254999999999999716e+01 0.000000000000000000e+00 0.000000000000000000e+00
2.256666666666666288e+01 0.000000000000000000e+00 0.000000000000000000e+00
2.258333333333332860e+01 0.000000000000000000e+00 0.000000000000000000e+00
2.259999999999999432e+01 0.000000000000000000e+00 0.000000000000000000e+00
2.261666666666666003e+01 0.000000000000000000e+00 0.000000000000000000e+00
2.263333333333333997e+01 0.000000000000000000e+00 0.000000000000000000e+00
2.265000000000000568e+01 0.000000000000000000e+00 0.000000000000000000e+00
2.266666666666667140e+01 0.000000000000000000e+00 0.000000000000000000e+00
2.268333333333333712e+01 0.000000000000000000e+00 0.000000000000000000e+00
2.270000000000000284e+01 0.000000000000000000e+00 0.000000000000000000e+00
2.271666666666666856e+01 0.000000000000000000e+00 0.000000000000000000e+00
2.273333333333333428e+01 0.000000000000000000e+00 0.000000000000000000e+00
2.275000000000000000e+01 0.000000000000000000e+00 0.000000000000000000e+00
2.276666666666666572e+01 0.000000000000000000e+00 0.000000000000000000e+00
2.278333333333333144e+01 0.000000000000000000e+00 0.000000000000000000e+00
2.279999999999999716e+01 0.000000000000000000e+00 0.000000000000000000e+00
2.281666666666666288e+01 0.000000000000000000e+00 0.000000000000000000e+00
2.283333333333332860e+01 0.000000000000000000e+00 0.000000000000000000e+00
2.284999999999999432e+01 0.000000000000000000e+00 0.000000000000000000e+00
2.286666666666666003e+01 0.000000000000000000e+00 0.000000000000000000e+00
2.288333333333333997e+01 0.000000000000000000e+00 0.000000000000000000e+00
2.290000000000000568e+01 0.000000000000000000e+00 0.000000000000000000e+00
2.291666666666667140e+01 0.000000000000000000e+00 0.000000000000000000e+00
2.293333333333333712e+01 0.000000000000000000e+00 0.000000000000000000e+00
2.295000000000000284e+01 0.000000000000000000e+00 0.000000000000000000e+00
2.296666666666666856e+01 0.000000000000000000e+00 0.000000000000000000e+00
2.298333333333333428e+01 0.000000000000000000e+00 0.000000000000000000e+00
2.300000000000000000e+01 0.000000000000000000e+00 0.000000000000000000e+00
2.301666666666666572e+01 0.000000000000000000e+00 0.000000000000000000e+00
2.303333333333333144e+01 0.000000000000000000e+00 0.000000000000000000e+00
2.304999999999999716e+01 0.000000000000000000e+00 0.000000000000000000e+00
2.306666666666666288e+01 0.000000000000000000e+00 0.000000000000000000e+00
2.308333333333332860e+01 0.000000000000000000e+00 0.000000000000000000e+00
2.309999999999999432e+01 0.000000000000000000e+00 0.000000000000000000e+00
2.311666666666666003e+01 0.000000000000000000e+00 0.000000000000000000e+00
2.313333333333333997e+01 0.000000000000000000e+00 0.000000000000000000e+00
2.315000000000000568e+01 0.000000000000000000e+00 0.000000000000000000e+00
2.316666666666667140e+01 0.000000000000000000e+00 0.000000000000000000e+00
2.318333333333333712e+01 0.000000000000000000e+00 0.000000000000000000e+00
2.320000000000000284e+01 0.000000000000000000e+00 0.000000000000000000e+00
2.321666666666666856e+01 0.000000000000000000e+00 0.000000000000000000e+00
2.323333333333333428e+01 0.000000000000000000e+00 0.000000000000000000e+00
2.325000000000000000e+01 0.000000000000000000e+00 0.000000000000000000e+00
2.326666666666666572e+01 0.000000000000000000e+00 0.000000000000000000e+00
2.328333333333333144e+01 0.000000000000000000e+00 0.000000000000000000e+00
2.329999999999999716e+01 0.000000000000000000e+00 0.000000000000000000e+00
2.331666666666666288e+01 0.000000000000000000e+00 0.000000000000000000e+00
2.333333333333332860e+01 0.000000000000000000e+00 0.000000000000000000e+00
2.334999999999999432e+01 0.000000000000000000e+00 0.000000000000000000e+00
2.336666666666666003e+01 0.000000000000000000e+00 0.000000000000000000e+00
2.338333333333333997e+01 0.000000000000000000e+00 0.000000000000000000e+00
2.340000000000000568e+01 0.000000000000000000e+00 0.000000000000000000e+00
2.341666666666667140e+01 0.000000000000000000e+00 0.000000000000000000e+00
2.343333333333333712e+01 0.000000000000000000e+00 0.000000000000000000e+00
2.345000000000000284e+01 0.000000000000000000e+00 0.000000000000000000e+00
2.346666666666666856e+01 0.000000000000000000e+00 0.000000000000000000e+00
2.348333333333333428e+01 0.000000000000000000e+00 0.000000000000000000e+00
2.350000000000000000e+01 0.000000000000000000e+00 0.000000000000000000e+00
2.351666666666666572e+01 0.000000000000000000e+00 0.000000000000000000e+00
2.353333333333333144e+01 0.000000000000000000e+00 0.000000000000000000e+00
2.354999999999999716e+01 0.000000000000000000e+00 0.000000000000000000e+00
2.356666666666666288e+01 0.000000000000000000e+00 0.000000000000000000e+00
2.358333333333332860e+01 0.000000000000000000e+00 0.000000000000000000e+00
2.359999999999999432e+01 0.000000000000000000e+00 0.000000000000000000e+00
2.361666666666666003e+01 0.000000000000000000e+00 0.000000000000000000e+00
2.363333333333333997e+01 0.000000000000000000e+00 0.000000000000000000e+00
2.365000000000000568e+01 0.000000000000000000e+00 0.000000000000000000e+00
2.366666666666667140e+01 0.000000000000000000e+00 0.000000000000000000e+00
2.368333333333333712e+01 0.000000000000000000e+00 0.000000000000000000e+00
2.370000000000000284e+01 0.000000000000000000e+00 0.000000000000000000e+00
2.371666666666666856e+01 0.000000000000000000e+00 0.000000000000000000e+00
2.373333333333333428e+01 0.000000000000000000e+00 0.000000000000000000e+00
2.375000000000000000e+01 0.000000000000000000e+00 0.000000000000000000e+00
2.376666666666666572e+01 0.000000000000000000e+00 0.000000000000000000e+00
2.378333333333333144e+01 0.000000000000000000e+00 0.000000000000000000e+00
2.379999999999999716e+01 0.000000000000000000e+00 0.000000000000000000e+00
2.381666666666666288e+01 0.000000000000000000e+00 0.000000000000000000e+00
2.383333333333332860e+01 0.000000000000000000e+00 0.000000000000000000e+00
2.384999999999999432e+01 0.000000000000000000e+00 0.000000000000000000e+00
2.386666666666666003e+01 0.000000000000000000e+00 0.000000000000000000e+00
2.388333333333333997e+01 0.000000000000000000e+00 0.000000000000000000e+00
2.390000000000000568e+01 0.000000000000000000e+00 0.000000000000000000e+00
2.391666666666667140e+01 0.000000000000000000e+00 0.000000000000000000e+00
2.393333333333333712e+01 0.000000000000000000e+00 0.000000000000000000e+00
2.395000000000000284e+01 0.000000000000000000e+00 0.000000000000000000e+00
2.396666666666666856e+01 0.000000000000000000e+00 0.000000000000000000e+00
2.398333333333333428e+01 0.000000000000000000e+00 0.000000000000000000e+00
2.400000000000000000e+01 0.000000000000000000e+00 0.000000000000000000e+00
